event_id,location_id,location_type,timestamp,congestion_score,processing_capacity,current_load,queue_length,average_processing_time,delay_minutes
CE00001,LOC062,Sort Facility,2024-03-20T21:30:19,0.51,3208,2442,0,30.0,0
CE00002,LOC059,Distribution Center,2026-01-03T17:42:26,1.0,4161,7008,2298,96.3,61
CE00003,LOC061,Airport,2026-03-25T16:50:28,1.0,2149,3679,863,78.2,64
CE00004,LOC073,Sort Facility,2026-03-19T07:31:55,0.63,3536,3365,0,30.0,0
CE00005,LOC056,Warehouse,2025-11-16T02:19:15,0.69,3011,3122,140,35.6,3
CE00006,LOC031,Hub,2025-05-07T08:21:20,1.0,4593,6863,2122,85.4,44
CE00007,LOC073,Sort Facility,2025-02-22T03:51:33,1.0,3536,5919,4472,181.8,60
CE00008,LOC003,Warehouse,2024-10-29T23:00:23,1.0,3544,5397,2023,98.5,47
CE00009,LOC073,Sort Facility,2026-06-12T14:38:27,0.75,3536,3957,561,49.0,10
CE00010,LOC060,Last Mile Facility,2025-03-31T06:15:59,0.45,723,491,0,30.0,0
CE00011,LOC064,Warehouse,2025-01-14T02:03:37,1.0,3291,5880,2829,133.2,70
CE00012,LOC033,Last Mile Facility,2025-05-25T14:14:47,0.36,4291,2298,0,30.0,0
CE00013,LOC056,Warehouse,2025-01-12T14:25:51,0.73,3011,3286,161,36.4,8
CE00014,LOC059,Distribution Center,2025-07-16T07:01:54,0.52,4161,3225,0,30.0,0
CE00015,LOC062,Sort Facility,2024-12-24T16:13:45,0.62,3208,2995,0,30.0,0
CE00016,LOC008,Airport,2025-12-09T02:14:42,1.0,1075,1728,414,76.2,54
CE00017,LOC031,Hub,2025-05-04T01:12:18,0.89,4593,6161,3086,110.6,30
CE00018,LOC037,Distribution Center,2024-06-28T07:03:16,1.0,2793,4666,1099,77.2,60
CE00019,LOC054,Port,2025-01-09T10:51:50,0.94,759,1065,391,91.8,36
CE00020,LOC032,Distribution Center,2025-11-22T07:04:53,0.42,1584,1009,0,30.0,0
CE00021,LOC067,Warehouse,2025-09-28T19:08:31,0.69,3061,3179,223,38.7,3
CE00022,LOC003,Warehouse,2025-07-16T03:54:27,1.0,3544,5340,1271,73.0,45
CE00023,LOC029,Port,2024-05-03T19:03:40,0.88,2831,3744,627,56.6,29
CE00024,LOC015,Last Mile Facility,2025-06-30T18:56:14,0.28,3252,1390,0,30.0,0
CE00025,LOC048,Sort Facility,2026-05-20T15:21:22,0.4,3574,2171,0,30.0,0
CE00026,LOC058,Hub,2026-02-24T11:45:14,1.0,4836,7829,3804,124.4,55
CE00027,LOC039,Warehouse,2024-04-28T18:01:48,0.5,1629,1210,0,30.0,0
CE00028,LOC023,Port,2025-07-16T19:24:39,0.73,2668,2913,470,51.1,8
CE00029,LOC008,Airport,2026-01-22T02:35:19,0.65,1075,1043,0,30.0,0
CE00030,LOC070,Distribution Center,2024-12-23T20:03:51,0.47,4087,2903,0,30.0,0
CE00031,LOC022,Hub,2025-11-28T10:44:27,0.72,479,517,32,38.0,7
CE00032,LOC064,Warehouse,2025-10-12T15:52:06,1.0,3291,5823,4210,183.5,69
CE00033,LOC051,Last Mile Facility,2024-12-22T22:11:48,0.8,2427,2929,485,54.0,18
CE00034,LOC029,Port,2026-06-03T10:37:03,0.86,2831,3651,516,51.9,26
CE00035,LOC035,Airport,2024-07-13T14:49:25,0.8,1822,2188,628,71.4,18
CE00036,LOC040,Distribution Center,2026-04-15T03:46:24,0.51,2337,1776,0,30.0,0
CE00037,LOC034,Port,2025-01-15T12:10:17,0.79,1778,2099,320,51.6,16
CE00038,LOC055,Airport,2025-09-25T05:04:46,1.0,1469,2447,824,97.3,59
CE00039,LOC021,Port,2026-06-27T09:15:32,0.48,437,316,0,30.0,0
CE00040,LOC061,Airport,2024-08-02T14:14:17,0.88,2149,2831,393,51.9,28
CE00041,LOC043,Distribution Center,2025-02-08T07:54:09,0.92,4879,6745,2962,102.9,34
CE00042,LOC017,Hub,2025-03-21T15:51:18,0.5,1600,1204,0,30.0,0
CE00043,LOC031,Hub,2025-06-14T14:43:11,0.82,4593,5619,1511,69.5,20
CE00044,LOC067,Warehouse,2025-05-02T12:57:54,0.29,3061,1323,0,30.0,0
CE00045,LOC041,Distribution Center,2024-07-02T06:01:03,0.34,4129,2075,0,30.0,0
CE00046,LOC061,Airport,2024-05-06T14:45:44,1.0,2149,3237,2090,146.7,45
CE00047,LOC061,Airport,2025-09-26T14:05:16,0.66,2149,2120,0,30.0,0
CE00048,LOC039,Warehouse,2025-10-16T00:51:35,0.41,1629,1010,0,30.0,0
CE00049,LOC034,Port,2026-02-23T12:43:53,0.34,1778,919,0,30.0,0
CE00050,LOC068,Hub,2024-08-18T12:41:59,0.48,2969,2142,0,30.0,0
CE00051,LOC014,Airport,2026-06-13T19:16:28,0.58,1578,1374,0,30.0,0
CE00052,LOC029,Port,2026-02-06T17:07:12,0.82,2831,3490,677,58.7,20
CE00053,LOC036,Airport,2024-11-03T17:51:37,1.0,2829,4489,1143,78.5,52
CE00054,LOC026,Distribution Center,2024-10-06T11:44:37,0.33,3661,1808,0,30.0,0
CE00055,LOC029,Port,2025-12-06T08:55:29,1.0,2831,5011,1560,96.1,69
CE00056,LOC036,Airport,2024-01-25T02:20:19,1.0,2829,4860,3324,171.0,64
CE00057,LOC008,Airport,2024-09-16T01:40:17,0.34,1075,548,0,30.0,0
CE00058,LOC051,Last Mile Facility,2024-07-06T15:20:04,0.59,2427,2142,0,30.0,0
CE00059,LOC054,Port,2025-10-12T07:29:37,0.76,759,868,205,62.4,12
CE00060,LOC039,Warehouse,2025-02-13T03:22:24,0.93,1629,2270,551,70.6,35
CE00061,LOC001,Last Mile Facility,2026-05-11T12:11:43,0.6,960,858,0,30.0,0
CE00062,LOC036,Airport,2025-12-30T21:39:37,1.0,2829,4604,1092,76.3,56
CE00063,LOC004,Warehouse,2024-06-05T21:22:49,0.58,869,755,0,30.0,0
CE00064,LOC050,Airport,2024-07-15T08:27:25,1.0,3355,5199,1209,73.2,49
CE00065,LOC075,Distribution Center,2024-02-22T22:25:58,0.82,1059,1310,334,67.8,21
CE00066,LOC023,Port,2025-11-01T04:29:54,0.72,2668,2865,295,43.3,6
CE00067,LOC022,Hub,2024-02-07T04:13:46,0.63,479,455,0,30.0,0
CE00068,LOC061,Airport,2024-09-16T07:48:41,1.0,2149,3843,1693,124.5,70
CE00069,LOC016,Airport,2024-04-23T10:11:08,0.74,1121,1239,107,41.5,9
CE00070,LOC021,Port,2024-07-24T15:24:01,0.95,437,623,274,105.2,38
CE00071,LOC055,Airport,2026-03-10T20:45:17,0.32,1469,695,0,30.0,0
CE00072,LOC028,Hub,2026-04-02T06:05:42,1.0,4698,7179,2611,96.7,47
CE00073,LOC039,Warehouse,2025-08-25T21:56:36,0.81,1629,1988,191,44.1,19
CE00074,LOC052,Hub,2025-10-18T02:40:23,0.66,2030,2012,0,30.0,0
CE00075,LOC028,Hub,2025-07-04T11:47:17,1.0,4698,7941,5461,169.5,62
CE00076,LOC068,Hub,2024-07-16T23:47:30,0.68,2969,3041,68,32.7,2
CE00077,LOC023,Port,2025-09-16T23:29:01,0.83,2668,3317,563,55.3,21
CE00078,LOC022,Hub,2026-05-15T04:15:26,0.99,479,710,188,77.1,43
CE00079,LOC060,Last Mile Facility,2025-01-10T01:20:44,0.94,723,1023,430,101.4,37
CE00080,LOC067,Warehouse,2025-03-31T18:26:33,1.0,3061,5084,2215,116.8,59
CE00081,LOC047,Distribution Center,2024-07-03T21:44:48,0.27,4197,1721,0,30.0,0
CE00082,LOC041,Distribution Center,2025-06-07T05:07:23,0.75,4129,4652,834,54.2,11
CE00083,LOC002,Port,2025-06-06T22:52:00,0.56,566,474,0,30.0,0
CE00084,LOC014,Airport,2024-06-16T10:01:24,0.51,1578,1199,0,30.0,0
CE00085,LOC069,Port,2024-03-11T06:35:01,0.58,4167,3610,0,30.0,0
CE00086,LOC009,Sort Facility,2024-04-24T13:41:38,0.83,3105,3878,1058,70.9,22
CE00087,LOC039,Warehouse,2025-07-05T09:46:46,1.0,1629,2739,1817,163.8,61
CE00088,LOC028,Hub,2025-11-28T08:01:52,0.89,4698,6294,1335,64.1,30
CE00089,LOC027,Distribution Center,2025-09-27T03:57:16,1.0,300,456,96,68.4,46
CE00090,LOC024,Airport,2025-11-29T16:02:01,0.78,1595,1869,189,44.2,15
CE00091,LOC066,Sort Facility,2025-11-07T19:42:21,0.64,3283,3137,0,30.0,0
CE00092,LOC003,Warehouse,2025-03-25T09:33:19,0.4,3544,2146,0,30.0,0
CE00093,LOC021,Port,2026-01-11T03:48:09,0.54,437,354,0,30.0,0
CE00094,LOC001,Last Mile Facility,2024-07-28T02:27:29,1.0,960,1492,645,110.6,49
CE00095,LOC035,Airport,2024-10-11T23:32:26,0.89,1822,2428,662,73.6,29
CE00096,LOC012,Airport,2026-03-02T06:50:19,0.41,2463,1522,0,30.0,0
CE00097,LOC033,Last Mile Facility,2024-05-10T03:53:55,1.0,4291,7638,5340,179.3,70
CE00098,LOC027,Distribution Center,2024-08-24T12:31:47,1.0,300,539,274,139.6,71
CE00099,LOC034,Port,2024-01-13T02:11:56,0.95,1778,2540,1346,120.8,38
CE00100,LOC033,Last Mile Facility,2025-07-28T13:53:55,0.72,4291,4652,426,41.9,7
CE00101,LOC053,Distribution Center,2025-12-05T12:43:04,1.0,1247,1885,373,65.9,46
CE00102,LOC064,Warehouse,2025-08-12T08:06:34,0.81,3291,4001,653,53.8,19
CE00103,LOC032,Distribution Center,2025-05-12T18:45:09,1.0,1584,2735,1779,164.8,65
CE00104,LOC048,Sort Facility,2025-11-12T07:42:36,0.34,3574,1813,0,30.0,0
CE00105,LOC048,Sort Facility,2024-10-01T12:41:00,0.95,3574,5080,1738,88.4,37
CE00106,LOC038,Airport,2026-03-01T04:29:14,0.34,1463,739,0,30.0,0
CE00107,LOC004,Warehouse,2025-03-09T21:02:35,0.75,869,974,149,50.6,10
CE00108,LOC030,Warehouse,2024-05-30T12:38:30,0.28,2790,1159,0,30.0,0
CE00109,LOC057,Distribution Center,2024-12-26T19:24:45,1.0,2059,3208,1855,138.1,50
CE00110,LOC047,Distribution Center,2025-04-06T21:57:24,0.58,4197,3625,0,30.0,0
CE00111,LOC015,Last Mile Facility,2026-02-05T07:18:48,0.45,3252,2211,0,30.0,0
CE00112,LOC051,Last Mile Facility,2025-06-13T21:46:17,0.68,2427,2461,19,30.9,1
CE00113,LOC015,Last Mile Facility,2024-03-16T00:18:18,0.37,3252,1787,0,30.0,0
CE00114,LOC004,Warehouse,2026-05-26T08:20:26,0.49,869,640,0,30.0,0
CE00115,LOC064,Warehouse,2026-03-15T04:25:16,0.32,3291,1570,0,30.0,0
CE00116,LOC010,Last Mile Facility,2026-03-26T20:38:17,0.76,1628,1860,196,44.4,12
CE00117,LOC049,Port,2026-06-19T17:33:44,0.77,1833,2123,471,60.8,14
CE00118,LOC035,Airport,2026-02-28T12:06:32,0.77,1822,2101,510,63.6,13
CE00119,LOC012,Airport,2025-10-24T20:08:19,0.96,2463,3564,617,60.1,40
CE00120,LOC052,Hub,2025-03-19T03:09:33,0.33,2030,1015,0,30.0,0
CE00121,LOC069,Port,2025-05-16T10:51:32,0.92,4167,5743,1299,67.4,34
CE00122,LOC059,Distribution Center,2025-08-19T15:05:00,0.8,4161,4996,1060,60.6,18
CE00123,LOC033,Last Mile Facility,2025-05-09T21:27:35,0.67,4291,4297,10,30.3,0
CE00124,LOC064,Warehouse,2024-10-04T03:49:24,1.0,3291,5416,3304,150.5,58
CE00125,LOC051,Last Mile Facility,2024-08-10T10:45:17,0.78,2427,2830,221,40.9,14
CE00126,LOC064,Warehouse,2024-03-06T03:25:43,0.51,3291,2517,0,30.0,0
CE00127,LOC064,Warehouse,2024-11-23T06:44:43,0.77,3291,3788,425,45.5,13
CE00128,LOC010,Last Mile Facility,2025-10-30T19:36:25,0.9,1628,2186,295,51.7,30
CE00129,LOC025,Warehouse,2026-03-17T10:45:16,0.86,491,632,94,53.0,25
CE00130,LOC062,Sort Facility,2025-03-08T06:08:38,0.93,3208,4464,1164,73.5,35
CE00131,LOC044,Warehouse,2026-06-12T10:41:31,1.0,3843,6143,3288,132.7,53
CE00132,LOC014,Airport,2025-05-03T08:27:57,0.47,1578,1109,0,30.0,0
CE00133,LOC030,Warehouse,2024-06-03T12:22:52,1.0,2790,4323,1225,82.7,49
CE00134,LOC008,Airport,2025-06-23T13:58:59,0.44,1075,711,0,30.0,0
CE00135,LOC052,Hub,2025-03-18T09:46:35,1.0,2030,3476,992,88.6,64
CE00136,LOC047,Distribution Center,2024-09-14T05:44:14,0.86,4197,5441,1745,79.9,26
CE00137,LOC047,Distribution Center,2024-07-03T03:54:16,0.44,4197,2776,0,30.0,0
CE00138,LOC023,Port,2025-03-23T03:34:15,1.0,2668,4162,1852,113.3,50
CE00139,LOC032,Distribution Center,2025-03-01T09:48:43,0.34,1584,798,0,30.0,0
CE00140,LOC007,Warehouse,2026-01-25T23:05:41,0.55,2658,2208,0,30.0,0
CE00141,LOC024,Airport,2025-11-12T20:00:08,0.68,1595,1638,80,36.0,2
CE00142,LOC016,Airport,2024-12-13T09:39:21,0.5,1121,837,0,30.0,0
CE00143,LOC007,Warehouse,2024-09-20T00:44:09,0.69,2658,2740,64,32.9,2
CE00144,LOC072,Airport,2025-03-24T03:16:11,0.35,4665,2431,0,30.0,0
CE00145,LOC054,Port,2025-02-07T00:12:52,0.37,759,419,0,30.0,0
CE00146,LOC035,Airport,2024-06-13T20:25:11,0.98,1822,2673,685,75.1,42
CE00147,LOC049,Port,2024-12-25T21:27:16,0.73,1833,1998,142,39.3,8
CE00148,LOC005,Sort Facility,2025-03-08T20:01:52,0.81,1284,1559,178,46.6,19
CE00149,LOC053,Distribution Center,2024-08-07T00:58:39,1.0,1247,1899,927,119.2,47
CE00150,LOC018,Hub,2024-05-29T02:14:42,0.74,261,289,51,53.4,9
CE00151,LOC006,Sort Facility,2024-11-17T07:40:12,0.54,4943,3969,0,30.0,0
CE00152,LOC053,Distribution Center,2026-05-07T18:08:42,0.54,1247,1002,0,30.0,0
CE00153,LOC030,Warehouse,2026-03-01T05:38:32,1.0,2790,4241,1878,110.8,46
CE00154,LOC073,Sort Facility,2024-09-19T07:16:28,1.0,3536,5750,3988,165.3,56
CE00155,LOC050,Airport,2024-02-12T11:41:11,0.68,3355,3445,46,31.6,2
CE00156,LOC021,Port,2024-03-02T17:48:08,0.99,437,648,182,80.0,43
CE00157,LOC070,Distribution Center,2026-04-18T14:18:42,0.94,4087,5784,3185,123.5,37
CE00158,LOC038,Airport,2026-04-15T14:57:32,0.9,1463,1984,293,54.0,32
CE00159,LOC065,Airport,2024-10-30T03:04:23,0.73,1748,1926,227,45.6,9
CE00160,LOC016,Airport,2024-01-11T08:29:35,1.0,1121,1987,856,121.6,69
CE00161,LOC012,Airport,2026-01-28T15:36:00,0.42,2463,1568,0,30.0,0
CE00162,LOC066,Sort Facility,2024-02-10T01:02:51,0.83,3283,4110,883,62.3,22
CE00163,LOC027,Distribution Center,2025-07-28T01:28:14,0.85,300,381,158,93.2,24
CE00164,LOC012,Airport,2024-11-11T13:38:35,0.74,2463,2751,530,55.8,10
CE00165,LOC034,Port,2025-03-13T19:39:51,0.74,1778,1984,278,48.8,10
CE00166,LOC017,Hub,2026-06-06T06:34:50,1.0,1600,2776,2025,181.9,66
CE00167,LOC018,Hub,2025-10-24T13:10:04,0.32,261,125,0,30.0,0
CE00168,LOC020,Last Mile Facility,2025-11-22T00:15:57,0.74,1116,1240,109,41.7,10
CE00169,LOC024,Airport,2026-03-20T04:19:55,0.38,1595,916,0,30.0,0
CE00170,LOC073,Sort Facility,2024-07-15T00:16:58,1.0,3536,5769,1528,81.9,56
CE00171,LOC008,Airport,2025-12-06T00:43:52,0.39,1075,635,0,30.0,0
CE00172,LOC003,Warehouse,2025-04-03T04:13:08,0.31,3544,1647,0,30.0,0
CE00173,LOC016,Airport,2024-06-19T06:44:19,0.54,1121,905,0,30.0,0
CE00174,LOC048,Sort Facility,2024-07-05T07:42:33,0.51,3574,2750,0,30.0,0
CE00175,LOC006,Sort Facility,2025-11-21T08:37:17,1.0,4943,7630,4825,147.1,48
CE00176,LOC011,Warehouse,2025-11-02T12:02:33,0.6,2988,2684,0,30.0,0
CE00177,LOC024,Airport,2026-02-05T05:53:59,1.0,1595,2406,1209,121.0,45
CE00178,LOC009,Sort Facility,2025-02-12T15:27:30,0.6,3105,2783,0,30.0,0
CE00179,LOC007,Warehouse,2024-05-14T22:31:05,0.41,2658,1624,0,30.0,0
CE00180,LOC072,Airport,2024-07-31T12:56:45,0.87,4665,6112,2581,96.4,27
CE00181,LOC034,Port,2025-03-08T13:29:15,0.78,1778,2092,161,40.9,15
CE00182,LOC033,Last Mile Facility,2024-06-29T22:02:30,0.36,4291,2331,0,30.0,0
CE00183,LOC058,Hub,2025-07-03T11:40:50,0.81,4836,5870,1522,67.8,19
CE00184,LOC001,Last Mile Facility,2024-05-02T19:50:03,0.98,960,1406,534,96.8,41
CE00185,LOC050,Airport,2024-12-11T13:13:49,0.5,3355,2528,0,30.0,0
CE00186,LOC031,Hub,2024-04-25T11:58:52,1.0,4593,6987,1319,64.5,46
CE00187,LOC057,Distribution Center,2025-05-23T03:45:28,0.53,2059,1633,0,30.0,0
CE00188,LOC059,Distribution Center,2024-08-31T11:12:47,1.0,4161,6886,4062,147.1,58
CE00189,LOC061,Airport,2026-02-26T16:34:24,0.74,2149,2397,456,55.5,10
CE00190,LOC008,Airport,2025-06-04T22:16:32,0.44,1075,702,0,30.0,0
CE00191,LOC010,Last Mile Facility,2025-03-04T22:03:12,1.0,1628,2456,622,75.8,45
CE00192,LOC068,Hub,2025-12-05T10:21:55,1.0,2969,4564,842,64.0,48
CE00193,LOC030,Warehouse,2026-03-07T16:12:51,1.0,2790,4648,1768,106.0,59
CE00194,LOC071,Last Mile Facility,2024-04-25T02:13:10,1.0,4596,6947,1648,73.0,46
CE00195,LOC069,Port,2025-05-04T00:57:52,0.74,4167,4608,786,52.6,9
CE00196,LOC033,Last Mile Facility,2024-02-29T14:02:48,0.77,4291,4973,349,39.8,14
CE00197,LOC068,Hub,2025-11-04T05:29:20,1.0,2969,4791,1531,91.9,55
CE00198,LOC038,Airport,2024-06-05T00:37:47,0.99,1463,2178,415,64.0,43
CE00199,LOC064,Warehouse,2026-03-20T19:21:12,0.65,3291,3187,0,30.0,0
CE00200,LOC025,Warehouse,2025-05-08T06:16:19,0.99,491,728,134,62.7,43
CE00201,LOC070,Distribution Center,2024-10-22T18:34:37,0.93,4087,5688,2726,110.0,35
CE00202,LOC012,Airport,2026-05-17T02:05:47,0.37,2463,1351,0,30.0,0
CE00203,LOC060,Last Mile Facility,2024-02-25T08:36:47,1.0,723,1238,403,96.9,64
CE00204,LOC067,Warehouse,2024-01-13T09:09:54,0.4,3061,1849,0,30.0,0
CE00205,LOC048,Sort Facility,2025-01-17T00:19:42,0.6,3574,3236,0,30.0,0
CE00206,LOC045,Distribution Center,2024-07-31T15:03:27,0.42,4759,3016,0,30.0,0
CE00207,LOC050,Airport,2026-06-29T20:27:55,0.48,3355,2440,0,30.0,0
CE00208,LOC033,Last Mile Facility,2025-08-07T10:05:24,0.4,4291,2599,0,30.0,0
CE00209,LOC014,Airport,2024-12-08T02:00:25,0.8,1578,1893,304,53.1,17
CE00210,LOC024,Airport,2024-10-30T23:24:57,0.64,1595,1521,0,30.0,0
CE00211,LOC063,Last Mile Facility,2025-02-16T02:34:50,0.62,3270,3018,0,30.0,0
CE00212,LOC028,Hub,2025-12-31T07:10:22,0.64,4698,4475,0,30.0,0
CE00213,LOC012,Airport,2024-08-23T05:50:07,0.8,2463,2946,533,56.0,17
CE00214,LOC020,Last Mile Facility,2026-01-22T15:44:11,1.0,1116,1685,352,67.8,45
CE00215,LOC062,Sort Facility,2024-10-17T15:46:28,1.0,3208,4959,1133,72.4,49
CE00216,LOC013,Hub,2026-02-10T15:18:09,0.29,2712,1197,0,30.0,0
CE00217,LOC001,Last Mile Facility,2025-03-15T00:04:46,0.41,960,584,0,30.0,0
CE00218,LOC005,Sort Facility,2024-07-23T17:33:33,0.81,1284,1553,214,50.0,18
CE00219,LOC023,Port,2024-11-04T11:20:12,0.27,2668,1088,0,30.0,0
CE00220,LOC055,Airport,2024-05-17T19:24:43,0.97,1469,2131,677,85.3,40
CE00221,LOC065,Airport,2026-03-13T01:17:28,0.36,1748,951,0,30.0,0
CE00222,LOC010,Last Mile Facility,2024-11-28T17:32:51,0.71,1628,1734,188,43.9,5
CE00223,LOC035,Airport,2024-01-05T23:13:09,0.63,1822,1711,0,30.0,0
CE00224,LOC019,Airport,2025-11-05T16:34:40,0.66,3442,3412,0,30.0,0
CE00225,LOC001,Last Mile Facility,2024-04-14T11:40:54,0.88,960,1273,399,79.9,29
CE00226,LOC049,Port,2026-02-01T06:17:31,0.45,1833,1238,0,30.0,0
CE00227,LOC027,Distribution Center,2026-05-16T09:56:54,1.0,300,508,297,148.8,62
CE00228,LOC009,Sort Facility,2024-11-19T23:11:40,0.7,3105,3268,300,41.6,4
CE00229,LOC068,Hub,2024-10-03T16:36:34,0.43,2969,1915,0,30.0,0
CE00230,LOC046,Last Mile Facility,2024-03-01T07:02:36,1.0,1736,2778,1339,122.6,54
CE00231,LOC040,Distribution Center,2025-10-11T14:06:37,1.0,2337,3938,1704,117.5,61
CE00232,LOC034,Port,2025-02-12T16:06:09,0.29,1778,783,0,30.0,0
CE00233,LOC026,Distribution Center,2025-08-13T18:14:50,0.78,3661,4301,670,52.0,15
CE00234,LOC047,Distribution Center,2026-06-26T01:19:51,0.86,4197,5397,2284,95.3,25
CE00235,LOC064,Warehouse,2024-12-30T14:50:19,1.0,3291,5477,3664,163.6,59
CE00236,LOC049,Port,2025-06-25T16:37:08,1.0,1833,3219,2515,194.6,68
CE00237,LOC033,Last Mile Facility,2026-01-22T05:31:01,1.0,4291,7199,2095,88.6,60
CE00238,LOC035,Airport,2026-04-04T01:01:28,0.27,1822,751,0,30.0,0
CE00239,LOC024,Airport,2024-10-06T17:17:05,0.39,1595,929,0,30.0,0
CE00240,LOC004,Warehouse,2025-04-11T04:33:36,0.63,869,816,0,30.0,0
CE00241,LOC007,Warehouse,2024-12-26T05:36:36,1.0,2658,4211,995,74.9,52
CE00242,LOC038,Airport,2025-03-29T18:52:14,0.35,1463,776,0,30.0,0
CE00243,LOC021,Port,2026-01-23T12:20:44,0.42,437,274,0,30.0,0
CE00244,LOC028,Hub,2026-01-31T12:47:59,0.45,4698,3193,0,30.0,0
CE00245,LOC017,Hub,2025-09-01T06:39:02,0.77,1600,1844,364,57.3,13
CE00246,LOC064,Warehouse,2025-07-08T18:41:31,0.42,3291,2081,0,30.0,0
CE00247,LOC011,Warehouse,2026-04-24T03:55:00,0.81,2988,3610,1148,76.1,18
CE00248,LOC015,Last Mile Facility,2026-01-17T03:27:11,1.0,3252,4922,995,66.7,46
CE00249,LOC065,Airport,2025-04-03T21:57:08,0.28,1748,726,0,30.0,0
CE00250,LOC005,Sort Facility,2024-05-29T23:01:11,0.99,1284,1899,738,99.0,43
CE00251,LOC046,Last Mile Facility,2024-12-06T02:19:18,0.96,1736,2506,546,67.7,39
CE00252,LOC034,Port,2024-06-23T13:21:39,0.87,1778,2312,899,90.7,27
CE00253,LOC029,Port,2025-03-22T06:15:08,1.0,2831,5067,4065,202.3,71
CE00254,LOC024,Airport,2025-10-13T19:35:56,0.76,1595,1830,366,57.5,13
CE00255,LOC017,Hub,2025-11-25T15:48:52,0.87,1600,2083,748,86.1,27
CE00256,LOC046,Last Mile Facility,2025-05-20T11:40:52,0.5,1736,1294,0,30.0,0
CE00257,LOC038,Airport,2025-01-19T07:36:03,0.72,1463,1585,196,46.1,7
CE00258,LOC031,Hub,2025-10-22T00:07:33,0.85,4593,5855,1713,74.8,24
CE00259,LOC027,Distribution Center,2024-06-28T22:03:07,0.94,300,423,70,58.0,36
CE00260,LOC046,Last Mile Facility,2024-09-30T17:00:17,0.6,1736,1567,0,30.0,0
CE00261,LOC033,Last Mile Facility,2025-12-22T22:36:40,0.62,4291,3984,0,30.0,0
CE00262,LOC047,Distribution Center,2025-05-10T09:40:32,0.67,4197,4199,2,30.1,0
CE00263,LOC062,Sort Facility,2024-06-25T08:56:23,0.74,3208,3573,195,37.3,10
CE00264,LOC059,Distribution Center,2025-06-23T22:40:06,0.79,4161,4912,1372,69.6,16
CE00265,LOC045,Distribution Center,2025-09-10T09:50:42,1.0,4759,7817,3405,115.9,57
CE00266,LOC043,Distribution Center,2024-07-17T22:20:35,0.75,4879,5483,548,43.5,11
CE00267,LOC068,Hub,2026-01-21T11:05:13,0.29,2969,1305,0,30.0,0
CE00268,LOC062,Sort Facility,2026-01-29T21:44:33,0.62,3208,2976,0,30.0,0
CE00269,LOC024,Airport,2025-10-02T00:34:55,0.66,1595,1575,0,30.0,0
CE00270,LOC013,Hub,2024-12-30T20:13:01,0.86,2712,3487,976,73.2,25
CE00271,LOC062,Sort Facility,2024-02-14T23:48:07,0.6,3208,2878,0,30.0,0
CE00272,LOC006,Sort Facility,2025-03-27T22:39:55,0.93,4943,6930,3194,107.5,36
CE00273,LOC050,Airport,2025-02-20T04:55:32,1.0,3355,6025,4095,176.5,71
CE00274,LOC024,Airport,2026-02-27T08:30:06,0.69,1595,1658,99,37.4,3
CE00275,LOC031,Hub,2024-11-30T03:44:21,0.3,4593,2064,0,30.0,0
CE00276,LOC067,Warehouse,2025-09-27T08:50:32,0.72,3061,3297,466,48.3,6
CE00277,LOC019,Airport,2024-04-04T10:54:35,0.47,3442,2430,0,30.0,0
CE00278,LOC063,Last Mile Facility,2026-05-23T10:28:18,0.27,3270,1308,0,30.0,0
CE00279,LOC027,Distribution Center,2025-05-17T01:28:18,0.36,300,164,0,30.0,0
CE00280,LOC046,Last Mile Facility,2025-02-10T09:21:02,0.51,1736,1325,0,30.0,0
CE00281,LOC023,Port,2025-05-08T09:40:14,0.73,2668,2936,256,41.5,9
CE00282,LOC052,Hub,2025-09-30T19:43:53,0.96,2030,2913,1665,128.4,39
CE00283,LOC045,Distribution Center,2025-08-30T23:38:38,0.48,4759,3455,0,30.0,0
CE00284,LOC026,Distribution Center,2025-11-17T13:08:52,1.0,3661,6132,4019,161.7,60
CE00285,LOC009,Sort Facility,2025-10-22T12:34:41,1.0,3105,4768,2052,109.3,48
CE00286,LOC074,Warehouse,2025-09-11T07:50:58,0.29,325,143,0,30.0,0
CE00287,LOC022,Hub,2025-02-08T23:34:38,0.63,479,454,0,30.0,0
CE00288,LOC012,Airport,2024-03-25T20:52:46,0.83,2463,3076,944,76.0,22
CE00289,LOC074,Warehouse,2025-02-20T19:35:29,0.33,325,162,0,30.0,0
CE00290,LOC059,Distribution Center,2026-01-24T04:57:10,0.63,4161,3902,0,30.0,0
CE00291,LOC014,Airport,2024-12-06T02:58:49,0.36,1578,847,0,30.0,0
CE00292,LOC040,Distribution Center,2025-06-11T22:12:41,0.44,2337,1537,0,30.0,0
CE00293,LOC075,Distribution Center,2024-03-11T21:09:18,0.88,1059,1395,605,98.6,28
CE00294,LOC044,Warehouse,2025-04-24T06:06:38,0.77,3843,4410,1076,63.6,13
CE00295,LOC063,Last Mile Facility,2025-11-26T09:05:33,1.0,3270,5607,2573,124.4,64
CE00296,LOC069,Port,2025-09-28T14:52:54,0.51,4167,3206,0,30.0,0
CE00297,LOC048,Sort Facility,2024-12-09T19:02:11,1.0,3574,5425,3486,147.0,46
CE00298,LOC028,Hub,2026-06-08T08:33:33,1.0,4698,7071,1462,67.3,45
CE00299,LOC056,Warehouse,2024-09-15T16:52:48,0.63,3011,2845,0,30.0,0
CE00300,LOC032,Distribution Center,2026-04-12T16:01:00,0.88,1584,2101,437,63.1,29
CE00301,LOC073,Sort Facility,2024-11-16T07:43:25,0.51,3536,2721,0,30.0,0
CE00302,LOC040,Distribution Center,2024-06-20T08:51:51,0.39,2337,1380,0,30.0,0
CE00303,LOC049,Port,2025-05-27T03:31:01,0.71,1833,1946,91,36.0,5
CE00304,LOC011,Warehouse,2024-07-19T17:29:48,1.0,2988,4519,2420,127.2,46
CE00305,LOC065,Airport,2026-04-18T11:59:02,0.28,1748,733,0,30.0,0
CE00306,LOC039,Warehouse,2024-01-31T22:40:05,0.31,1629,752,0,30.0,0
CE00307,LOC009,Sort Facility,2024-02-02T19:19:28,0.63,3105,2927,0,30.0,0
CE00308,LOC006,Sort Facility,2025-08-12T01:09:29,0.31,4943,2305,0,30.0,0
CE00309,LOC074,Warehouse,2024-05-20T04:51:53,0.3,325,144,0,30.0,0
CE00310,LOC059,Distribution Center,2025-06-01T17:52:48,0.59,4161,3704,0,30.0,0
CE00311,LOC069,Port,2025-07-01T21:37:57,0.31,4167,1946,0,30.0,0
CE00312,LOC006,Sort Facility,2026-05-08T21:23:22,0.52,4943,3848,0,30.0,0
CE00313,LOC056,Warehouse,2024-04-08T14:08:18,0.52,3011,2350,0,30.0,0
CE00314,LOC011,Warehouse,2024-03-17T10:52:33,1.0,2988,4656,976,69.2,50
CE00315,LOC039,Warehouse,2026-03-16T16:38:10,0.32,1629,785,0,30.0,0
CE00316,LOC061,Airport,2024-11-22T22:38:38,1.0,2149,3565,2522,170.8,59
CE00317,LOC057,Distribution Center,2025-07-16T11:58:57,0.69,2059,2123,78,34.5,2
CE00318,LOC059,Distribution Center,2026-04-11T19:52:04,0.71,4161,4454,320,39.2,6
CE00319,LOC046,Last Mile Facility,2024-11-04T06:22:20,0.63,1736,1630,0,30.0,0
CE00320,LOC009,Sort Facility,2024-08-31T21:07:11,0.29,3105,1339,0,30.0,0
CE00321,LOC020,Last Mile Facility,2026-04-12T04:17:57,1.0,1116,1947,457,79.1,67
CE00322,LOC015,Last Mile Facility,2025-09-06T10:17:19,0.6,3252,2916,0,30.0,0
CE00323,LOC027,Distribution Center,2024-12-22T06:12:31,0.96,300,434,105,72.0,40
CE00324,LOC040,Distribution Center,2025-03-26T18:58:24,0.31,2337,1104,0,30.0,0
CE00325,LOC025,Warehouse,2024-09-07T17:35:01,0.94,491,694,245,89.9,37
CE00326,LOC004,Warehouse,2025-08-03T19:15:17,0.68,869,881,10,31.4,1
CE00327,LOC044,Warehouse,2025-05-29T23:17:40,0.81,3843,4644,1209,67.8,18
CE00328,LOC025,Warehouse,2025-10-04T04:29:35,0.93,491,688,224,84.7,36
CE00329,LOC048,Sort Facility,2024-11-30T22:42:48,0.81,3574,4330,1075,66.1,19
CE00330,LOC037,Distribution Center,2026-05-08T23:30:49,0.83,2793,3491,874,67.6,22
CE00331,LOC013,Hub,2025-01-21T08:20:51,0.75,2712,3050,551,54.4,11
CE00332,LOC047,Distribution Center,2024-01-22T04:34:09,0.64,4197,4052,0,30.0,0
CE00333,LOC021,Port,2024-02-26T00:58:20,0.46,437,303,0,30.0,0
CE00334,LOC041,Distribution Center,2024-02-01T02:42:42,0.61,4129,3768,0,30.0,0
CE00335,LOC023,Port,2026-03-28T23:24:27,0.6,2668,2386,0,30.0,0
CE00336,LOC003,Warehouse,2024-06-08T06:14:59,0.6,3544,3197,0,30.0,0
CE00337,LOC040,Distribution Center,2026-02-18T01:14:59,0.28,2337,998,0,30.0,0
CE00338,LOC012,Airport,2025-09-10T04:10:54,0.39,2463,1428,0,30.0,0
CE00339,LOC052,Hub,2026-01-23T06:22:49,0.39,2030,1179,0,30.0,0
CE00340,LOC038,Airport,2024-03-06T16:30:19,0.64,1463,1398,0,30.0,0
CE00341,LOC018,Hub,2024-08-31T19:21:09,0.97,261,380,122,86.1,41
CE00342,LOC038,Airport,2025-03-15T18:20:59,0.67,1463,1480,14,31.1,1
CE00343,LOC023,Port,2025-04-13T07:29:00,1.0,2668,4019,2322,134.4,45
CE00344,LOC034,Port,2024-02-07T15:53:43,0.78,1778,2091,558,67.7,15
CE00345,LOC058,Hub,2024-12-23T07:13:00,0.36,4836,2577,0,30.0,0
CE00346,LOC065,Airport,2025-01-19T04:20:17,0.49,1748,1280,0,30.0,0
CE00347,LOC073,Sort Facility,2024-02-22T11:20:08,0.78,3536,4131,727,54.7,15
CE00348,LOC011,Warehouse,2025-02-27T05:58:46,0.46,2988,2069,0,30.0,0
CE00349,LOC074,Warehouse,2024-07-11T01:44:19,1.0,325,496,187,99.0,47
CE00350,LOC020,Last Mile Facility,2025-08-09T23:31:12,1.0,1116,1961,1380,178.4,68
CE00351,LOC008,Airport,2025-09-14T13:04:40,0.73,1075,1183,195,51.8,9
CE00352,LOC064,Warehouse,2024-07-22T19:14:11,0.36,3291,1770,0,30.0,0
CE00353,LOC022,Hub,2025-02-23T10:16:46,0.65,479,464,0,30.0,0
CE00354,LOC026,Distribution Center,2024-05-11T21:55:17,1.0,3661,6279,4177,166.9,64
CE00355,LOC038,Airport,2024-04-28T21:08:11,0.52,1463,1150,0,30.0,0
CE00356,LOC073,Sort Facility,2024-04-24T18:49:40,0.66,3536,3477,0,30.0,0
CE00357,LOC051,Last Mile Facility,2026-02-22T17:29:00,1.0,2427,3912,1613,109.8,55
CE00358,LOC056,Warehouse,2025-10-07T06:29:23,0.39,3011,1758,0,30.0,0
CE00359,LOC006,Sort Facility,2024-02-01T07:24:08,0.74,4943,5498,489,41.9,10
CE00360,LOC051,Last Mile Facility,2024-01-23T21:36:48,0.91,2427,3322,904,74.7,33
CE00361,LOC005,Sort Facility,2026-04-21T11:57:48,0.99,1284,1914,1188,141.0,44
CE00362,LOC033,Last Mile Facility,2024-08-23T21:17:14,1.0,4291,6754,1970,85.1,51
CE00363,LOC037,Distribution Center,2024-05-28T10:36:39,0.94,2793,3921,1508,94.8,36
CE00364,LOC059,Distribution Center,2025-08-30T14:09:21,0.99,4161,6162,3551,132.4,43
CE00365,LOC029,Port,2024-10-28T19:26:07,1.0,2831,4516,2009,115.2,53
CE00366,LOC025,Warehouse,2025-04-29T23:16:32,0.93,491,685,338,112.6,35
CE00367,LOC029,Port,2025-05-17T21:24:26,0.49,2831,2063,0,30.0,0
CE00368,LOC028,Hub,2025-10-22T10:50:30,1.0,4698,7219,3998,132.1,48
CE00369,LOC018,Hub,2026-03-06T22:00:08,0.99,261,389,254,146.8,44
CE00370,LOC039,Warehouse,2024-02-06T09:36:23,0.63,1629,1534,0,30.0,0
CE00371,LOC025,Warehouse,2025-04-14T09:07:00,0.3,491,224,0,30.0,0
CE00372,LOC059,Distribution Center,2025-03-01T17:18:53,0.92,4161,5769,2530,103.0,34
CE00373,LOC017,Hub,2025-12-13T21:14:32,0.79,1600,1890,441,63.1,16
CE00374,LOC012,Airport,2024-11-10T19:57:43,0.79,2463,2936,801,69.0,17
CE00375,LOC032,Distribution Center,2024-06-03T20:18:38,0.83,1584,1964,750,86.8,21
CE00376,LOC066,Sort Facility,2025-02-14T12:41:52,0.85,3283,4168,987,66.1,24
CE00377,LOC015,Last Mile Facility,2026-06-14T02:20:13,0.55,3252,2701,0,30.0,0
CE00378,LOC007,Warehouse,2026-01-02T07:04:44,1.0,2658,4166,2863,159.3,51
CE00379,LOC025,Warehouse,2025-08-07T23:56:49,0.74,491,544,85,50.8,9
CE00380,LOC036,Airport,2025-03-28T10:09:50,0.4,2829,1718,0,30.0,0
CE00381,LOC044,Warehouse,2025-10-29T06:12:34,0.36,3843,2080,0,30.0,0
CE00382,LOC015,Last Mile Facility,2024-05-24T13:37:03,0.78,3252,3794,913,63.7,15
CE00383,LOC055,Airport,2024-12-11T06:11:26,0.62,1469,1367,0,30.0,0
CE00384,LOC052,Hub,2025-09-23T05:06:25,0.4,2030,1227,0,30.0,0
CE00385,LOC035,Airport,2026-05-21T11:27:23,0.34,1822,924,0,30.0,0
CE00386,LOC037,Distribution Center,2025-03-08T17:23:28,0.45,2793,1879,0,30.0,0
CE00387,LOC012,Airport,2026-01-20T20:34:34,1.0,2463,3949,2719,162.5,54
CE00388,LOC029,Port,2025-03-17T20:03:26,0.95,2831,4047,620,56.3,38
CE00389,LOC013,Hub,2026-04-08T07:16:56,0.79,2712,3199,426,48.8,16
CE00390,LOC038,Airport,2026-02-25T23:10:29,1.0,1463,2570,1835,180.5,68
CE00391,LOC065,Airport,2025-01-14T23:52:20,0.99,1748,2599,1495,132.6,43
CE00392,LOC013,Hub,2025-08-17T01:12:58,0.58,2712,2378,0,30.0,0
CE00393,LOC054,Port,2024-01-27T17:43:46,0.63,759,717,0,30.0,0
CE00394,LOC041,Distribution Center,2026-02-11T02:48:13,1.0,4129,7082,3673,136.7,64
CE00395,LOC034,Port,2025-09-03T12:09:21,0.32,1778,864,0,30.0,0
CE00396,LOC046,Last Mile Facility,2025-08-02T00:40:02,0.61,1736,1601,0,30.0,0
CE00397,LOC045,Distribution Center,2026-04-29T02:01:55,1.0,4759,7637,2431,91.3,54
CE00398,LOC070,Distribution Center,2024-06-17T05:52:36,0.8,4087,4875,620,48.2,17
CE00399,LOC002,Port,2025-12-03T13:51:39,0.36,566,306,0,30.0,0
CE00400,LOC066,Sort Facility,2024-12-14T01:35:39,0.8,3283,3950,752,57.5,18
CE00401,LOC069,Port,2026-06-16T16:54:31,0.87,4167,5424,1482,72.7,27
CE00402,LOC002,Port,2024-02-08T16:02:10,0.63,566,539,0,30.0,0
CE00403,LOC005,Sort Facility,2025-09-09T06:13:48,1.0,1284,2306,1620,181.4,71
CE00404,LOC013,Hub,2024-12-26T13:53:41,0.95,2712,3876,1641,102.6,38
CE00405,LOC045,Distribution Center,2025-11-25T12:32:51,0.97,4759,6918,1799,75.4,40
CE00406,LOC018,Hub,2025-07-28T11:56:58,1.0,261,436,141,94.8,60
CE00407,LOC010,Last Mile Facility,2026-01-10T16:37:40,0.67,1628,1638,19,31.4,0
CE00408,LOC011,Warehouse,2026-05-24T19:52:32,0.94,2988,4211,683,57.4,36
CE00409,LOC035,Airport,2024-06-18T05:53:33,0.51,1822,1396,0,30.0,0
CE00410,LOC074,Warehouse,2025-04-27T12:22:24,0.74,325,362,42,45.5,10
CE00411,LOC024,Airport,2025-05-31T10:05:34,0.35,1595,845,0,30.0,0
CE00412,LOC072,Airport,2024-08-11T08:10:51,0.55,4665,3824,0,30.0,0
CE00413,LOC052,Hub,2024-05-09T22:07:18,0.5,2030,1527,0,30.0,0
CE00414,LOC042,Port,2024-05-28T04:21:39,0.55,809,667,0,30.0,0
CE00415,LOC019,Airport,2026-05-21T07:19:27,0.6,3442,3100,0,30.0,0
CE00416,LOC030,Warehouse,2024-09-19T22:18:37,0.52,2790,2183,0,30.0,0
CE00417,LOC009,Sort Facility,2024-11-18T14:56:21,0.96,3105,4459,1632,93.1,39
CE00418,LOC013,Hub,2026-01-30T21:29:41,0.87,2712,3525,792,65.0,26
CE00419,LOC004,Warehouse,2025-01-23T07:31:19,0.52,869,684,0,30.0,0
CE00420,LOC048,Sort Facility,2024-05-10T07:36:01,0.62,3574,3338,0,30.0,0
CE00421,LOC074,Warehouse,2024-08-07T13:11:07,0.66,325,322,0,30.0,0
CE00422,LOC005,Sort Facility,2025-09-18T08:12:06,0.79,1284,1522,290,57.1,16
CE00423,LOC045,Distribution Center,2026-01-05T13:54:21,1.0,4759,7851,2391,90.3,58
CE00424,LOC003,Warehouse,2026-03-24T01:58:39,0.64,3544,3415,0,30.0,0
CE00425,LOC051,Last Mile Facility,2026-05-30T05:50:26,0.37,2427,1349,0,30.0,0
CE00426,LOC060,Last Mile Facility,2024-12-27T01:36:34,0.74,723,807,85,44.1,10
CE00427,LOC024,Airport,2024-04-01T13:10:47,1.0,1595,2563,896,97.4,54
CE00428,LOC039,Warehouse,2026-02-05T11:56:48,0.81,1629,1990,251,48.5,19
CE00429,LOC057,Distribution Center,2025-01-26T12:07:48,0.28,2059,871,0,30.0,0
CE00430,LOC056,Warehouse,2025-10-01T19:12:03,0.52,3011,2361,0,30.0,0
CE00431,LOC003,Warehouse,2025-04-28T19:52:56,0.49,3544,2585,0,30.0,0
CE00432,LOC040,Distribution Center,2025-06-08T20:38:59,1.0,2337,3779,1971,131.2,55
CE00433,LOC001,Last Mile Facility,2024-08-21T23:13:17,0.37,960,533,0,30.0,0
CE00434,LOC029,Port,2024-02-26T17:10:50,1.0,2831,4543,1814,106.9,54
CE00435,LOC042,Port,2025-05-14T08:15:46,0.94,809,1138,501,104.3,36
CE00436,LOC069,Port,2026-05-28T04:22:20,0.75,4167,4660,684,49.7,10
CE00437,LOC027,Distribution Center,2025-09-23T12:41:47,0.32,300,145,0,30.0,0
CE00438,LOC028,Hub,2024-01-09T15:43:50,0.37,4698,2625,0,30.0,0
CE00439,LOC074,Warehouse,2025-02-20T13:09:58,0.8,325,391,113,71.7,18
CE00440,LOC061,Airport,2024-11-21T00:26:33,0.99,2149,3197,1065,89.5,43
CE00441,LOC036,Airport,2026-05-23T16:08:44,0.72,2829,3044,194,38.2,6
CE00442,LOC014,Airport,2026-01-29T05:03:32,1.0,1578,2602,1247,124.8,58
CE00443,LOC067,Warehouse,2026-04-27T13:01:20,1.0,3061,4574,1686,96.1,44
CE00444,LOC060,Last Mile Facility,2026-02-15T10:28:16,0.33,723,363,0,30.0,0
CE00445,LOC008,Airport,2025-05-01T06:05:19,0.79,1075,1268,383,72.8,16
CE00446,LOC030,Warehouse,2025-01-01T04:59:58,0.99,2790,4135,1096,77.1,43
CE00447,LOC066,Sort Facility,2025-05-14T22:59:19,0.69,3283,3378,158,35.8,2
CE00448,LOC065,Airport,2025-12-17T17:11:45,1.0,1748,2958,2168,178.8,62
CE00449,LOC006,Sort Facility,2026-01-20T07:24:30,0.47,4943,3453,0,30.0,0
CE00450,LOC030,Warehouse,2026-03-10T03:22:55,0.69,2790,2906,138,35.9,3
CE00451,LOC065,Airport,2026-05-11T20:42:47,0.38,1748,985,0,30.0,0
CE00452,LOC044,Warehouse,2024-05-06T12:05:27,1.0,3843,6702,3321,133.7,66
CE00453,LOC044,Warehouse,2024-06-12T04:19:10,1.0,3843,6905,2130,96.5,71
CE00454,LOC045,Distribution Center,2025-10-23T07:19:18,1.0,4759,7114,3337,114.1,44
CE00455,LOC057,Distribution Center,2024-04-30T09:34:30,0.74,2059,2279,411,54.0,9
CE00456,LOC041,Distribution Center,2025-08-06T14:35:28,0.33,4129,2051,0,30.0,0
CE00457,LOC024,Airport,2024-07-16T17:26:05,0.79,1595,1879,302,52.7,16
CE00458,LOC010,Last Mile Facility,2024-01-22T03:57:32,1.0,1628,2523,1514,141.6,49
CE00459,LOC067,Warehouse,2024-09-08T19:16:09,0.85,3061,3922,1560,91.2,25
CE00460,LOC022,Hub,2026-03-18T16:43:53,1.0,479,824,584,176.3,64
CE00461,LOC070,Distribution Center,2024-07-07T17:00:59,0.35,4087,2119,0,30.0,0
CE00462,LOC037,Distribution Center,2024-09-15T04:16:20,0.7,2793,2933,275,41.8,4
CE00463,LOC050,Airport,2024-11-02T14:23:52,0.39,3355,1985,0,30.0,0
CE00464,LOC023,Port,2025-11-10T18:57:26,1.0,2668,4618,1598,101.9,65
CE00465,LOC024,Airport,2024-06-25T13:43:23,1.0,1595,2678,1900,172.9,61
CE00466,LOC072,Airport,2024-03-01T16:20:05,0.97,4665,6811,1392,65.8,41
CE00467,LOC028,Hub,2025-10-20T22:39:34,1.0,4698,7606,4888,154.9,55
CE00468,LOC019,Airport,2026-02-08T05:49:02,1.0,3442,5183,2454,115.6,45
CE00469,LOC020,Last Mile Facility,2024-09-22T04:58:50,0.54,1116,900,0,30.0,0
CE00470,LOC048,Sort Facility,2026-03-25T22:05:56,0.58,3574,3102,0,30.0,0
CE00471,LOC044,Warehouse,2026-01-26T19:53:08,1.0,3843,5980,1246,68.9,50
CE00472,LOC015,Last Mile Facility,2024-08-05T06:33:34,0.5,3252,2452,0,30.0,0
CE00473,LOC002,Port,2026-04-29T20:48:32,0.48,566,409,0,30.0,0
CE00474,LOC007,Warehouse,2025-10-11T13:39:46,1.0,2658,4688,3372,182.2,68
CE00475,LOC075,Distribution Center,2025-09-12T10:55:20,0.72,1059,1143,69,37.8,7
CE00476,LOC063,Last Mile Facility,2024-01-15T09:10:58,0.9,3270,4403,1622,89.5,31
CE00477,LOC048,Sort Facility,2025-04-05T23:40:48,0.87,3574,4639,1509,80.7,26
CE00478,LOC011,Warehouse,2024-07-01T15:49:20,0.82,2988,3692,1343,83.9,21
CE00479,LOC066,Sort Facility,2025-11-07T11:50:55,1.0,3283,4999,991,66.2,47
CE00480,LOC052,Hub,2025-04-02T01:27:10,1.0,2030,3064,658,68.9,45
CE00481,LOC019,Airport,2025-02-25T03:37:30,1.0,3442,5464,2825,128.5,52
CE00482,LOC047,Distribution Center,2026-03-22T15:28:12,0.44,4197,2768,0,30.0,0
CE00483,LOC036,Airport,2025-05-15T19:25:35,0.73,2829,3118,428,48.2,9
CE00484,LOC011,Warehouse,2025-07-31T07:26:17,0.82,2988,3655,560,52.5,20
CE00485,LOC022,Hub,2026-05-25T20:22:28,0.91,479,655,342,115.7,33
CE00486,LOC047,Distribution Center,2024-09-14T18:54:11,0.6,4197,3798,0,30.0,0
CE00487,LOC019,Airport,2024-08-07T20:09:30,0.43,3442,2216,0,30.0,0
CE00488,LOC043,Distribution Center,2025-03-26T19:19:12,0.72,4879,5264,518,42.7,7
CE00489,LOC006,Sort Facility,2026-03-23T20:13:12,1.0,4943,7467,3785,121.9,45
CE00490,LOC037,Distribution Center,2024-11-13T14:53:23,0.8,2793,3349,745,62.0,17
CE00491,LOC012,Airport,2025-07-30T17:19:35,0.87,2463,3199,528,55.7,26
CE00492,LOC027,Distribution Center,2026-03-17T19:52:54,0.67,300,301,0,30.0,0
CE00493,LOC033,Last Mile Facility,2025-01-25T06:52:56,0.8,4291,5159,634,47.7,18
CE00494,LOC032,Distribution Center,2026-01-03T09:32:16,0.98,1584,2318,846,94.1,41
CE00495,LOC010,Last Mile Facility,2025-12-20T01:25:24,0.55,1628,1337,0,30.0,0
CE00496,LOC007,Warehouse,2024-11-23T04:22:32,0.64,2658,2555,0,30.0,0
CE00497,LOC049,Port,2025-05-27T21:53:49,0.7,1833,1925,81,35.3,4
CE00498,LOC038,Airport,2024-07-29T05:48:46,0.98,1463,2142,373,60.6,41
CE00499,LOC039,Warehouse,2024-09-12T03:14:39,1.0,1629,2761,704,81.9,62
CE00500,LOC027,Distribution Center,2026-03-25T14:14:44,0.59,300,266,0,30.0,0
CE00501,LOC013,Hub,2026-01-06T03:10:11,1.0,2712,4165,995,74.0,48
CE00502,LOC037,Distribution Center,2024-01-16T06:09:37,0.69,2793,2875,43,31.8,2
CE00503,LOC016,Airport,2025-05-08T12:16:05,0.66,1121,1105,0,30.0,0
CE00504,LOC071,Last Mile Facility,2025-10-08T16:53:55,0.7,4596,4842,173,34.5,4
CE00505,LOC063,Last Mile Facility,2024-10-05T10:01:17,0.41,3270,2031,0,30.0,0
CE00506,LOC071,Last Mile Facility,2024-08-21T13:25:11,1.0,4596,7400,1421,67.1,54
CE00507,LOC037,Distribution Center,2025-12-31T21:16:00,0.86,2793,3606,1598,98.7,26
CE00508,LOC069,Port,2024-04-14T03:43:51,0.81,4167,5085,902,56.0,19
CE00509,LOC025,Warehouse,2024-01-09T16:52:25,0.85,491,624,115,58.1,24
CE00510,LOC005,Sort Facility,2025-04-29T10:15:24,1.0,1284,2304,1891,206.7,71
CE00511,LOC038,Airport,2024-10-18T13:00:35,0.87,1463,1900,433,65.5,26
CE00512,LOC037,Distribution Center,2024-11-05T13:14:09,0.51,2793,2154,0,30.0,0
CE00513,LOC068,Hub,2024-05-25T18:54:04,0.98,2969,4362,1171,77.3,42
CE00514,LOC026,Distribution Center,2026-04-15T08:04:59,0.99,3661,5420,2721,119.2,43
CE00515,LOC061,Airport,2025-12-13T09:36:28,0.88,2149,2836,871,78.6,28
CE00516,LOC066,Sort Facility,2025-05-29T05:53:03,0.67,3283,3314,20,30.7,0
CE00517,LOC020,Last Mile Facility,2024-05-27T03:12:54,1.0,1116,1684,533,87.3,45
CE00518,LOC027,Distribution Center,2024-04-04T22:15:48,0.6,300,271,0,30.0,0
CE00519,LOC071,Last Mile Facility,2025-12-29T02:10:57,0.85,4596,5857,1240,62.4,24
CE00520,LOC062,Sort Facility,2024-08-31T00:59:29,0.76,3208,3656,449,46.8,12
CE00521,LOC071,Last Mile Facility,2024-04-13T17:26:26,1.0,4596,7856,5317,168.8,63
CE00522,LOC021,Port,2025-06-28T09:49:37,0.69,437,452,13,33.6,3
CE00523,LOC063,Last Mile Facility,2026-05-18T14:50:59,0.55,3270,2716,0,30.0,0
CE00524,LOC074,Warehouse,2024-12-17T02:59:27,0.35,325,170,0,30.0,0
CE00525,LOC018,Hub,2025-06-19T20:56:44,1.0,261,437,217,129.8,60
CE00526,LOC067,Warehouse,2024-01-22T22:47:07,0.4,3061,1843,0,30.0,0
CE00527,LOC038,Airport,2024-10-26T06:09:52,0.29,1463,636,0,30.0,0
CE00528,LOC071,Last Mile Facility,2025-03-02T13:06:26,0.3,4596,2034,0,30.0,0
CE00529,LOC033,Last Mile Facility,2025-03-17T11:16:50,0.74,4291,4769,623,47.4,10
CE00530,LOC065,Airport,2025-10-24T00:36:25,0.61,1748,1590,0,30.0,0
CE00531,LOC003,Warehouse,2026-06-26T22:33:38,1.0,3544,5923,3799,158.6,60
CE00532,LOC023,Port,2025-04-19T23:11:53,1.0,2668,4684,2290,133.0,68
CE00533,LOC026,Distribution Center,2025-07-24T12:59:49,1.0,3661,6215,1465,78.0,62
CE00534,LOC055,Airport,2025-09-18T10:56:02,0.52,1469,1136,0,30.0,0
CE00535,LOC047,Distribution Center,2025-01-30T17:44:43,0.82,4197,5189,553,45.8,21
CE00536,LOC023,Port,2026-05-21T15:46:57,0.96,2668,3826,1550,99.7,39
CE00537,LOC054,Port,2026-04-20T10:34:31,0.44,759,506,0,30.0,0
CE00538,LOC058,Hub,2024-11-10T17:01:56,0.59,4836,4295,0,30.0,0
CE00539,LOC026,Distribution Center,2024-04-30T08:31:09,0.68,3661,3753,157,35.1,2
CE00540,LOC029,Port,2024-08-24T18:41:48,1.0,2831,4481,3281,169.1,52
CE00541,LOC054,Port,2024-06-08T23:14:02,1.0,759,1174,770,151.7,49
CE00542,LOC015,Last Mile Facility,2024-12-02T05:31:22,0.55,3252,2685,0,30.0,0
CE00543,LOC023,Port,2025-03-10T22:37:02,0.85,2668,3392,1076,78.4,24
CE00544,LOC027,Distribution Center,2024-10-04T00:26:51,0.43,300,194,0,30.0,0
CE00545,LOC068,Hub,2025-02-12T11:01:29,0.35,2969,1567,0,30.0,0
CE00546,LOC041,Distribution Center,2026-05-25T14:45:33,1.0,4129,6793,4375,157.1,58
CE00547,LOC061,Airport,2024-06-07T22:50:43,0.91,2149,2939,534,59.8,33
CE00548,LOC005,Sort Facility,2024-07-15T19:52:14,0.33,1284,628,0,30.0,0
CE00549,LOC028,Hub,2026-03-22T09:25:08,0.32,4698,2243,0,30.0,0
CE00550,LOC035,Airport,2025-08-17T21:16:51,1.0,1822,2850,1750,145.3,50
CE00551,LOC054,Port,2025-05-27T21:15:50,0.36,759,413,0,30.0,0
CE00552,LOC031,Hub,2026-06-13T06:00:01,0.55,4593,3756,0,30.0,0
CE00553,LOC027,Distribution Center,2025-03-06T16:09:47,1.0,300,513,256,132.4,63
CE00554,LOC040,Distribution Center,2026-01-05T09:53:10,0.46,2337,1626,0,30.0,0
CE00555,LOC038,Airport,2024-11-21T03:31:11,0.36,1463,791,0,30.0,0
CE00556,LOC057,Distribution Center,2024-09-18T03:11:58,0.7,2059,2176,201,41.7,5
CE00557,LOC059,Distribution Center,2024-01-05T03:34:26,0.39,4161,2407,0,30.0,0
CE00558,LOC017,Hub,2024-12-26T03:17:14,0.73,1600,1756,186,44.0,8
CE00559,LOC007,Warehouse,2024-12-02T05:35:49,0.49,2658,1942,0,30.0,0
CE00560,LOC034,Port,2024-05-21T21:20:14,0.95,1778,2532,641,73.3,38
CE00561,LOC025,Warehouse,2024-08-15T13:36:17,0.89,491,659,229,86.0,30
CE00562,LOC035,Airport,2024-08-10T15:51:14,0.67,1822,1840,31,32.0,0
CE00563,LOC073,Sort Facility,2024-09-13T00:52:29,1.0,3536,5831,3871,161.4,58
CE00564,LOC029,Port,2026-01-08T14:34:57,1.0,2831,4812,3853,193.3,62
CE00565,LOC057,Distribution Center,2024-01-01T09:12:14,0.8,2059,2464,465,57.1,17
CE00566,LOC054,Port,2025-05-17T06:54:35,1.0,759,1145,251,69.7,45
CE00567,LOC025,Warehouse,2024-04-30T20:07:31,1.0,491,804,369,120.2,57
CE00568,LOC060,Last Mile Facility,2024-03-22T01:45:14,0.77,723,831,166,57.6,13
CE00569,LOC018,Hub,2024-07-31T18:47:43,0.64,261,250,0,30.0,0
CE00570,LOC019,Airport,2026-03-05T21:45:17,1.0,3442,5507,1684,88.7,53
CE00571,LOC066,Sort Facility,2025-11-14T00:47:41,0.61,3283,3019,0,30.0,0
CE00572,LOC045,Distribution Center,2025-10-22T20:16:31,0.71,4759,5091,335,38.4,6
CE00573,LOC003,Warehouse,2026-01-02T17:50:36,0.46,3544,2434,0,30.0,0
CE00574,LOC073,Sort Facility,2025-05-23T02:46:31,0.84,3536,4455,1649,86.0,23
CE00575,LOC051,Last Mile Facility,2025-04-15T00:11:30,0.64,2427,2319,0,30.0,0
CE00576,LOC029,Port,2026-02-16T07:20:09,1.0,2831,4984,2683,143.7,68
CE00577,LOC035,Airport,2024-07-01T05:07:49,1.0,1822,3269,896,89.0,71
CE00578,LOC029,Port,2025-01-09T00:39:50,0.3,2831,1282,0,30.0,0
CE00579,LOC040,Distribution Center,2026-05-20T03:43:27,1.0,2337,3731,2585,162.7,53
CE00580,LOC053,Distribution Center,2025-09-02T21:17:53,0.89,1247,1664,522,80.2,30
CE00581,LOC030,Warehouse,2025-08-09T03:07:10,0.56,2790,2355,0,30.0,0
CE00582,LOC043,Distribution Center,2025-08-21T21:35:41,0.34,4879,2474,0,30.0,0
CE00583,LOC036,Airport,2026-01-07T01:49:19,0.3,2829,1252,0,30.0,0
CE00584,LOC038,Airport,2025-07-05T11:02:50,0.61,1463,1332,0,30.0,0
CE00585,LOC043,Distribution Center,2025-04-29T07:19:24,1.0,4879,8115,6229,183.2,59
CE00586,LOC011,Warehouse,2026-03-21T21:02:15,1.0,2988,5164,1442,87.9,65
CE00587,LOC048,Sort Facility,2025-05-07T09:34:11,1.0,3574,6045,4314,174.8,62
CE00588,LOC009,Sort Facility,2026-04-04T09:23:23,0.37,3105,1728,0,30.0,0
CE00589,LOC015,Last Mile Facility,2024-05-01T11:29:40,0.34,3252,1653,0,30.0,0
CE00590,LOC004,Warehouse,2024-11-28T06:44:46,0.44,869,575,0,30.0,0
CE00591,LOC073,Sort Facility,2024-09-15T01:15:53,0.48,3536,2525,0,30.0,0
CE00592,LOC003,Warehouse,2025-03-07T10:46:37,0.88,3544,4678,1397,77.3,28
CE00593,LOC011,Warehouse,2024-08-09T23:06:05,0.39,2988,1753,0,30.0,0
CE00594,LOC011,Warehouse,2025-11-10T05:36:34,0.5,2988,2244,0,30.0,0
CE00595,LOC074,Warehouse,2026-05-20T16:25:39,0.63,325,308,0,30.0,0
CE00596,LOC033,Last Mile Facility,2025-11-17T01:47:12,1.0,4291,6773,1913,83.5,52
CE00597,LOC057,Distribution Center,2026-01-31T08:00:36,0.54,2059,1666,0,30.0,0
CE00598,LOC014,Airport,2025-01-24T04:46:20,0.49,1578,1149,0,30.0,0
CE00599,LOC030,Warehouse,2024-07-05T18:51:52,1.0,2790,4483,3371,175.0,54
CE00600,LOC073,Sort Facility,2026-05-16T16:12:32,1.0,3536,5630,1908,94.8,53
CE00601,LOC073,Sort Facility,2025-11-07T09:23:13,0.67,3536,3562,24,30.8,0
CE00602,LOC045,Distribution Center,2025-06-24T21:06:34,0.93,4759,6632,1253,61.6,35
CE00603,LOC033,Last Mile Facility,2024-10-03T12:47:01,0.68,4291,4358,133,33.7,1
CE00604,LOC028,Hub,2024-02-09T07:05:11,1.0,4698,8228,3215,112.1,67
CE00605,LOC074,Warehouse,2025-07-22T01:48:21,0.87,325,423,176,95.0,27
CE00606,LOC067,Warehouse,2025-12-25T00:34:05,0.49,3061,2268,0,30.0,0
CE00607,LOC050,Airport,2025-06-21T11:30:00,0.37,3355,1840,0,30.0,0
CE00608,LOC042,Port,2025-10-20T18:46:16,0.69,809,842,56,38.3,3
CE00609,LOC033,Last Mile Facility,2024-11-28T02:17:40,0.43,4291,2758,0,30.0,0
CE00610,LOC046,Last Mile Facility,2026-05-19T14:38:01,1.0,1736,2918,1960,165.5,61
CE00611,LOC011,Warehouse,2024-10-23T16:24:00,1.0,2988,4593,3168,157.2,48
CE00612,LOC004,Warehouse,2025-08-17T03:02:45,0.47,869,619,0,30.0,0
CE00613,LOC071,Last Mile Facility,2025-08-04T07:24:20,0.53,4596,3676,0,30.0,0
CE00614,LOC022,Hub,2024-10-05T01:48:44,1.0,479,815,564,171.3,63
CE00615,LOC074,Warehouse,2024-01-17T13:53:48,0.89,325,432,115,72.5,29
CE00616,LOC022,Hub,2024-10-31T05:17:54,0.57,479,413,0,30.0,0
CE00617,LOC062,Sort Facility,2025-11-17T17:57:29,0.28,3208,1370,0,30.0,0
CE00618,LOC027,Distribution Center,2025-07-14T18:44:02,1.0,300,485,204,111.6,55
CE00619,LOC039,Warehouse,2026-03-28T02:47:53,0.66,1629,1604,0,30.0,0
CE00620,LOC028,Hub,2024-10-29T17:58:26,0.29,4698,2058,0,30.0,0
CE00621,LOC058,Hub,2024-01-09T17:19:30,0.83,4836,6020,640,45.9,22
CE00622,LOC040,Distribution Center,2026-06-29T14:41:16,0.58,2337,2021,0,30.0,0
CE00623,LOC047,Distribution Center,2025-04-27T04:12:14,0.28,4197,1743,0,30.0,0
CE00624,LOC072,Airport,2025-05-25T05:33:40,0.68,4665,4735,84,32.2,1
CE00625,LOC031,Hub,2024-05-26T04:37:06,1.0,4593,7979,4758,154.3,66
CE00626,LOC037,Distribution Center,2025-07-27T00:22:27,0.79,2793,3326,632,57.2,17
CE00627,LOC003,Warehouse,2025-01-29T04:52:14,0.38,3544,2038,0,30.0,0
CE00628,LOC035,Airport,2026-02-20T01:29:41,0.56,1822,1534,0,30.0,0
CE00629,LOC025,Warehouse,2024-01-21T04:28:12,0.46,491,339,0,30.0,0
CE00630,LOC047,Distribution Center,2025-02-28T03:12:55,0.68,4197,4273,130,33.7,1
CE00631,LOC014,Airport,2024-02-22T02:01:17,0.67,1578,1590,6,30.5,0
CE00632,LOC042,Port,2025-03-03T02:55:54,0.46,809,561,0,30.0,0
CE00633,LOC014,Airport,2026-01-13T16:31:46,1.0,1578,2542,985,104.9,54
CE00634,LOC035,Airport,2025-09-10T17:28:36,0.87,1822,2385,410,57.0,27
CE00635,LOC056,Warehouse,2024-03-09T05:21:31,1.0,3011,4585,1101,73.9,47
CE00636,LOC056,Warehouse,2025-01-28T01:56:19,1.0,3011,4904,3207,157.8,56
CE00637,LOC011,Warehouse,2025-03-01T21:56:28,0.89,2988,3983,1728,99.4,29
CE00638,LOC062,Sort Facility,2024-03-29T21:34:37,0.46,3208,2212,0,30.0,0
CE00639,LOC002,Port,2026-06-07T20:27:02,0.27,566,233,0,30.0,0
CE00640,LOC019,Airport,2024-02-17T06:22:54,0.37,3442,1929,0,30.0,0
CE00641,LOC035,Airport,2026-01-01T09:02:32,0.72,1822,1970,245,46.1,7
CE00642,LOC067,Warehouse,2025-12-07T00:16:09,0.4,3061,1855,0,30.0,0
CE00643,LOC058,Hub,2026-01-31T15:43:37,1.0,4836,8305,5975,178.3,64
CE00644,LOC020,Last Mile Facility,2024-09-26T22:39:04,0.98,1116,1636,988,136.2,41
CE00645,LOC002,Port,2026-01-05T11:26:10,0.42,566,355,0,30.0,0
CE00646,LOC021,Port,2026-04-27T12:58:12,0.81,437,534,109,59.9,19
CE00647,LOC050,Airport,2024-06-10T09:11:55,0.37,3355,1883,0,30.0,0
CE00648,LOC001,Last Mile Facility,2024-02-29T07:57:37,1.0,960,1566,762,125.2,56
CE00649,LOC047,Distribution Center,2025-07-28T01:13:15,1.0,4197,6898,4001,144.4,57
CE00650,LOC055,Airport,2024-02-14T19:07:12,0.92,1469,2033,827,97.6,34
CE00651,LOC020,Last Mile Facility,2024-08-25T23:24:08,1.0,1116,1751,780,113.9,51
CE00652,LOC028,Hub,2024-10-01T19:35:45,0.83,4698,5846,1965,80.2,21
CE00653,LOC010,Last Mile Facility,2024-07-23T12:12:03,0.51,1628,1245,0,30.0,0
CE00654,LOC015,Last Mile Facility,2024-05-08T15:55:32,0.8,3252,3906,1154,72.6,18
CE00655,LOC003,Warehouse,2025-10-13T18:47:58,0.94,3544,5016,1490,80.5,37
CE00656,LOC051,Last Mile Facility,2024-07-04T12:33:09,0.78,2427,2837,636,61.4,15
CE00657,LOC039,Warehouse,2024-03-28T01:37:14,0.9,1629,2200,492,66.2,31
CE00658,LOC049,Port,2025-11-19T18:19:48,0.91,1833,2489,994,95.1,32
CE00659,LOC066,Sort Facility,2024-04-06T19:39:43,1.0,3283,5416,2156,108.8,58
CE00660,LOC006,Sort Facility,2025-05-03T03:35:16,0.75,4943,5525,742,48.0,10
CE00661,LOC011,Warehouse,2024-05-31T10:08:54,0.99,2988,4452,2572,133.3,44
CE00662,LOC026,Distribution Center,2026-04-25T04:54:09,0.68,3661,3734,55,31.8,1
CE00663,LOC051,Last Mile Facility,2025-03-07T01:08:08,0.54,2427,1982,0,30.0,0
CE00664,LOC026,Distribution Center,2024-10-28T15:38:37,1.0,3661,5982,3362,140.2,57
CE00665,LOC028,Hub,2024-01-26T21:40:07,0.75,4698,5296,877,52.4,11
CE00666,LOC015,Last Mile Facility,2025-05-31T18:38:58,0.81,3252,3964,653,54.1,19
CE00667,LOC053,Distribution Center,2025-05-06T15:14:24,1.0,1247,1908,1170,142.6,47
CE00668,LOC053,Distribution Center,2024-09-19T20:44:17,0.66,1247,1236,0,30.0,0
CE00669,LOC041,Distribution Center,2025-07-22T23:02:04,0.54,4129,3317,0,30.0,0
CE00670,LOC043,Distribution Center,2026-03-13T02:34:02,1.0,4879,7471,1390,64.2,47
CE00671,LOC041,Distribution Center,2024-01-23T00:20:27,0.55,4129,3387,0,30.0,0
CE00672,LOC026,Distribution Center,2025-09-18T07:22:55,0.94,3661,5143,1782,88.4,36
CE00673,LOC043,Distribution Center,2025-10-08T19:43:26,0.97,4879,7089,1144,58.1,40
CE00674,LOC039,Warehouse,2024-04-05T12:16:03,1.0,1629,2840,1459,137.5,66
CE00675,LOC003,Warehouse,2024-04-10T21:41:39,0.69,3544,3661,103,33.5,2
CE00676,LOC072,Airport,2024-10-26T17:19:19,0.29,4665,1996,0,30.0,0
CE00677,LOC051,Last Mile Facility,2026-02-18T02:13:59,0.6,2427,2177,0,30.0,0
CE00678,LOC014,Airport,2024-08-17T03:43:06,0.64,1578,1512,0,30.0,0
CE00679,LOC031,Hub,2025-02-18T04:54:28,0.84,4593,5769,1840,78.1,23
CE00680,LOC011,Warehouse,2024-05-10T10:34:48,1.0,2988,5015,1997,110.2,61
CE00681,LOC040,Distribution Center,2024-09-25T02:26:37,1.0,2337,4008,2971,182.6,64
CE00682,LOC051,Last Mile Facility,2025-11-19T19:06:29,0.33,2427,1211,0,30.0,0
CE00683,LOC026,Distribution Center,2024-03-10T03:23:40,0.76,3661,4183,332,40.9,12
CE00684,LOC060,Last Mile Facility,2025-03-04T00:20:00,1.0,723,1228,668,140.9,62
CE00685,LOC011,Warehouse,2024-11-04T15:27:14,0.85,2988,3824,608,54.4,25
CE00686,LOC034,Port,2026-02-24T05:07:55,0.73,1778,1934,264,47.8,7
CE00687,LOC009,Sort Facility,2025-09-27T18:00:08,0.28,3105,1307,0,30.0,0
CE00688,LOC068,Hub,2024-09-25T16:43:20,0.62,2969,2781,0,30.0,0
CE00689,LOC073,Sort Facility,2024-01-06T00:12:49,0.71,3536,3772,430,44.6,6
CE00690,LOC066,Sort Facility,2025-04-28T09:03:15,0.72,3283,3539,314,41.5,7
CE00691,LOC030,Warehouse,2025-03-01T06:37:46,0.5,2790,2094,0,30.0,0
CE00692,LOC049,Port,2026-05-20T19:10:07,0.71,1833,1961,205,43.4,6
CE00693,LOC007,Warehouse,2025-06-28T18:28:34,0.61,2658,2433,0,30.0,0
CE00694,LOC046,Last Mile Facility,2024-07-01T20:43:02,0.89,1736,2326,450,61.1,30
CE00695,LOC016,Airport,2025-06-14T10:16:17,0.6,1121,1011,0,30.0,0
CE00696,LOC031,Hub,2025-12-25T07:08:41,1.0,4593,7533,2125,85.5,57
CE00697,LOC070,Distribution Center,2026-06-01T15:02:04,0.35,4087,2149,0,30.0,0
CE00698,LOC057,Distribution Center,2024-05-13T17:51:46,0.81,2059,2489,850,79.5,18
CE00699,LOC019,Airport,2026-05-29T13:03:59,0.42,3442,2190,0,30.0,0
CE00700,LOC028,Hub,2025-12-20T06:05:29,1.0,4698,7913,1731,74.2,61
CE00701,LOC012,Airport,2024-05-16T22:54:57,0.34,2463,1246,0,30.0,0
CE00702,LOC030,Warehouse,2024-06-29T14:32:59,0.35,2790,1480,0,30.0,0
CE00703,LOC028,Hub,2024-05-20T16:23:08,0.58,4698,4086,0,30.0,0
CE00704,LOC015,Last Mile Facility,2024-10-10T12:07:45,0.85,3252,4122,515,49.0,24
CE00705,LOC074,Warehouse,2024-05-14T05:53:01,0.96,325,466,243,119.7,39
CE00706,LOC031,Hub,2024-10-15T09:51:54,0.89,4593,6131,2093,84.7,30
CE00707,LOC003,Warehouse,2025-05-08T05:18:21,0.84,3544,4475,1612,84.6,23
CE00708,LOC075,Distribution Center,2024-02-01T05:39:25,0.54,1059,862,0,30.0,0
CE00709,LOC020,Last Mile Facility,2024-09-20T01:17:51,0.34,1116,566,0,30.0,0
CE00710,LOC007,Warehouse,2024-01-17T05:10:59,0.97,2658,3852,1982,119.5,40
CE00711,LOC022,Hub,2024-12-03T21:57:05,1.0,479,811,334,113.7,62
CE00712,LOC048,Sort Facility,2025-08-04T19:28:26,1.0,3574,6333,4603,184.5,69
CE00713,LOC021,Port,2025-12-16T03:03:30,0.58,437,382,0,30.0,0
CE00714,LOC075,Distribution Center,2024-05-06T06:08:56,0.79,1059,1254,325,66.8,16
CE00715,LOC071,Last Mile Facility,2025-01-18T06:50:24,0.59,4596,4072,0,30.0,0
CE00716,LOC043,Distribution Center,2025-04-23T02:57:23,0.63,4879,4600,0,30.0,0
CE00717,LOC059,Distribution Center,2024-10-23T20:12:16,0.98,4161,6137,1826,82.7,42
CE00718,LOC074,Warehouse,2024-07-25T04:42:45,0.32,325,158,0,30.0,0
CE00719,LOC019,Airport,2025-04-27T07:47:48,0.93,3442,4803,2266,109.0,35
CE00720,LOC060,Last Mile Facility,2024-03-23T20:29:03,0.27,723,292,0,30.0,0
CE00721,LOC046,Last Mile Facility,2025-08-12T05:43:07,0.75,1736,1950,269,48.6,11
CE00722,LOC035,Airport,2025-03-21T22:59:23,1.0,1822,3262,1451,125.6,71
CE00723,LOC060,Last Mile Facility,2024-10-03T12:28:17,0.49,723,532,0,30.0,0
CE00724,LOC060,Last Mile Facility,2025-03-09T08:30:33,0.79,723,859,99,46.4,16
CE00725,LOC022,Hub,2024-08-06T03:27:48,0.83,479,594,187,76.8,21
CE00726,LOC072,Airport,2026-05-27T18:12:59,0.56,4665,3940,0,30.0,0
CE00727,LOC053,Distribution Center,2025-05-05T04:13:13,1.0,1247,2240,1762,199.6,71
CE00728,LOC064,Warehouse,2025-10-05T02:23:47,1.0,3291,5269,1670,90.9,54
CE00729,LOC032,Distribution Center,2024-12-17T00:24:48,0.94,1584,2245,675,81.1,37
CE00730,LOC055,Airport,2024-10-19T10:17:35,0.83,1469,1818,613,80.1,21
CE00731,LOC009,Sort Facility,2025-02-27T18:41:58,0.54,3105,2527,0,30.0,0
CE00732,LOC029,Port,2024-11-05T11:37:59,0.59,2831,2502,0,30.0,0
CE00733,LOC015,Last Mile Facility,2024-10-02T03:13:01,0.7,3252,3397,207,37.6,4
CE00734,LOC050,Airport,2025-04-03T03:52:29,1.0,3355,6008,5268,218.4,71
CE00735,LOC031,Hub,2025-02-06T21:25:16,1.0,4593,6887,3693,126.5,44
CE00736,LOC062,Sort Facility,2025-11-13T21:24:48,0.7,3208,3370,317,41.9,4
CE00737,LOC064,Warehouse,2025-02-14T22:57:28,0.64,3291,3137,0,30.0,0
CE00738,LOC069,Port,2024-05-23T13:22:16,0.48,4167,2989,0,30.0,0
CE00739,LOC048,Sort Facility,2026-01-31T00:15:40,0.96,3574,5167,1680,86.4,40
CE00740,LOC075,Distribution Center,2025-07-05T17:04:02,0.64,1059,1016,0,30.0,0
CE00741,LOC024,Airport,2026-06-17T23:21:24,0.48,1595,1158,0,30.0,0
CE00742,LOC065,Airport,2025-07-18T20:28:57,0.73,1748,1921,292,50.0,8
CE00743,LOC019,Airport,2025-06-25T22:24:48,0.49,3442,2514,0,30.0,0
CE00744,LOC003,Warehouse,2026-03-23T12:26:47,1.0,3544,6065,3174,137.5,64
CE00745,LOC032,Distribution Center,2025-11-29T13:01:47,1.0,1584,2842,2181,195.2,71
CE00746,LOC038,Airport,2024-09-21T19:45:19,1.0,1463,2585,1498,152.9,69
CE00747,LOC041,Distribution Center,2024-02-27T01:26:03,0.72,4129,4445,482,44.0,6
CE00748,LOC029,Port,2026-06-28T02:41:39,0.88,2831,3742,1771,105.1,28
CE00749,LOC042,Port,2025-08-22T03:13:06,1.0,809,1300,761,142.9,54
CE00750,LOC074,Warehouse,2024-08-29T21:04:27,0.44,325,214,0,30.0,0
CE00751,LOC020,Last Mile Facility,2026-04-15T16:11:03,0.98,1116,1634,1023,140.0,41
CE00752,LOC003,Warehouse,2026-06-02T11:05:39,0.94,3544,5000,2703,121.5,36
CE00753,LOC043,Distribution Center,2024-11-23T06:04:41,0.82,4879,5968,1867,75.9,20
CE00754,LOC046,Last Mile Facility,2025-11-04T23:13:37,0.33,1736,860,0,30.0,0
CE00755,LOC003,Warehouse,2025-06-22T22:10:19,0.5,3544,2660,0,30.0,0
CE00756,LOC040,Distribution Center,2025-03-24T11:06:22,0.54,2337,1908,0,30.0,0
CE00757,LOC050,Airport,2024-11-18T06:10:59,0.59,3355,2959,0,30.0,0
CE00758,LOC037,Distribution Center,2025-06-15T13:26:18,1.0,2793,5010,2695,145.8,71
CE00759,LOC014,Airport,2026-02-21T13:43:47,0.97,1578,2304,956,102.7,41
CE00760,LOC055,Airport,2026-05-06T21:33:22,0.3,1469,654,0,30.0,0
CE00761,LOC033,Last Mile Facility,2025-02-21T19:11:13,1.0,4291,7011,2000,85.9,57
CE00762,LOC057,Distribution Center,2024-05-20T23:41:05,0.81,2059,2488,480,58.0,18
CE00763,LOC021,Port,2026-03-08T08:11:02,0.35,437,232,0,30.0,0
CE00764,LOC021,Port,2024-11-23T08:17:06,0.61,437,397,0,30.0,0
CE00765,LOC067,Warehouse,2025-02-05T02:54:36,0.44,3061,2032,0,30.0,0
CE00766,LOC051,Last Mile Facility,2024-12-05T01:07:59,0.92,2427,3341,547,57.0,33
CE00767,LOC007,Warehouse,2025-12-27T12:40:47,0.94,2658,3755,2165,127.7,37
CE00768,LOC006,Sort Facility,2025-02-09T05:02:26,0.43,4943,3158,0,30.0,0
CE00769,LOC007,Warehouse,2024-02-18T20:28:05,0.36,2658,1454,0,30.0,0
CE00770,LOC056,Warehouse,2024-06-28T02:37:40,1.0,3011,4758,1797,101.6,52
CE00771,LOC064,Warehouse,2026-03-14T04:16:07,0.63,3291,3104,0,30.0,0
CE00772,LOC048,Sort Facility,2024-10-16T14:26:48,0.55,3574,2965,0,30.0,0
CE00773,LOC008,Airport,2026-01-08T05:06:22,1.0,1075,1655,965,137.7,48
CE00774,LOC001,Last Mile Facility,2024-08-05T04:41:29,0.66,960,951,0,30.0,0
CE00775,LOC063,Last Mile Facility,2025-12-26T20:13:33,0.57,3270,2805,0,30.0,0
CE00776,LOC070,Distribution Center,2025-05-16T17:58:32,0.76,4087,4659,885,56.0,12
CE00777,LOC056,Warehouse,2025-08-01T07:42:24,0.89,3011,4041,878,65.0,30
CE00778,LOC032,Distribution Center,2026-05-25T18:50:51,1.0,1584,2505,786,89.5,52
CE00779,LOC061,Airport,2025-08-10T01:30:42,0.88,2149,2845,826,76.1,29
CE00780,LOC014,Airport,2024-02-22T14:00:41,0.33,1578,778,0,30.0,0
CE00781,LOC012,Airport,2025-05-15T18:54:03,0.44,2463,1616,0,30.0,0
CE00782,LOC042,Port,2024-06-11T12:15:14,0.31,809,382,0,30.0,0
CE00783,LOC015,Last Mile Facility,2025-07-11T12:10:14,0.91,3252,4450,1152,72.5,33
CE00784,LOC040,Distribution Center,2024-01-13T06:28:12,1.0,2337,4128,2523,159.6,68
CE00785,LOC052,Hub,2024-09-03T14:38:51,0.45,2030,1382,0,30.0,0
CE00786,LOC063,Last Mile Facility,2025-10-16T15:13:12,0.97,3270,4750,1828,97.1,40
CE00787,LOC007,Warehouse,2026-01-08T15:46:22,0.8,2658,3195,1008,75.5,18
CE00788,LOC051,Last Mile Facility,2025-06-03T22:59:08,0.49,2427,1787,0,30.0,0
CE00789,LOC063,Last Mile Facility,2025-06-07T00:02:09,0.83,3270,4075,922,63.8,22
CE00790,LOC008,Airport,2024-06-04T16:00:48,0.64,1075,1030,0,30.0,0
CE00791,LOC015,Last Mile Facility,2024-10-17T16:01:22,0.34,3252,1647,0,30.0,0
CE00792,LOC036,Airport,2025-07-10T03:22:35,1.0,2829,4294,872,67.0,46
CE00793,LOC033,Last Mile Facility,2025-04-20T18:46:59,1.0,4291,7437,5594,186.4,65
CE00794,LOC024,Airport,2024-09-09T19:35:50,1.0,1595,2519,1258,124.6,52
CE00795,LOC073,Sort Facility,2025-12-26T05:06:09,0.88,3536,4673,1479,80.2,28
CE00796,LOC051,Last Mile Facility,2026-04-29T09:21:55,0.64,2427,2319,0,30.0,0
CE00797,LOC011,Warehouse,2024-10-16T04:34:29,0.54,2988,2422,0,30.0,0
CE00798,LOC071,Last Mile Facility,2024-02-03T18:53:51,0.3,4596,2042,0,30.0,0
CE00799,LOC058,Hub,2025-11-12T23:25:51,0.6,4836,4363,0,30.0,0
CE00800,LOC008,Airport,2025-12-10T01:31:41,0.35,1075,564,0,30.0,0
CE00801,LOC039,Warehouse,2026-06-13T17:32:20,0.34,1629,821,0,30.0,0
CE00802,LOC040,Distribution Center,2025-11-06T16:48:00,0.81,2337,2828,673,64.6,18
CE00803,LOC055,Airport,2025-09-12T08:13:52,0.31,1469,682,0,30.0,0
CE00804,LOC045,Distribution Center,2026-01-05T16:02:47,1.0,4759,8257,4944,154.7,66
CE00805,LOC029,Port,2025-01-13T09:38:45,1.0,2831,4851,2114,119.6,64
CE00806,LOC001,Last Mile Facility,2025-01-27T08:40:11,1.0,960,1551,312,69.0,55
CE00807,LOC028,Hub,2025-08-02T18:27:19,0.93,4698,6538,3576,121.3,35
CE00808,LOC056,Warehouse,2025-06-08T21:00:52,0.34,3011,1542,0,30.0,0
CE00809,LOC064,Warehouse,2026-01-19T15:03:03,0.61,3291,3022,0,30.0,0
CE00810,LOC005,Sort Facility,2025-09-15T04:04:18,0.98,1284,1881,871,111.4,41
CE00811,LOC024,Airport,2025-04-11T07:16:18,0.65,1595,1564,0,30.0,0
CE00812,LOC046,Last Mile Facility,2024-03-03T08:06:58,0.88,1736,2287,444,60.7,28
CE00813,LOC053,Distribution Center,2024-12-29T23:27:02,0.74,1247,1375,142,43.7,9
CE00814,LOC059,Distribution Center,2026-02-26T12:52:01,0.53,4161,3321,0,30.0,0
CE00815,LOC001,Last Mile Facility,2024-06-16T13:08:15,0.99,960,1427,484,90.5,43
CE00816,LOC017,Hub,2025-10-15T23:29:42,1.0,1600,2606,1541,145.6,56
CE00817,LOC003,Warehouse,2025-10-23T14:29:15,0.95,3544,5027,1226,71.5,37
CE00818,LOC075,Distribution Center,2025-02-22T10:30:18,1.0,1059,1731,371,72.0,57
CE00819,LOC003,Warehouse,2026-06-16T02:18:46,0.98,3544,5185,1294,73.8,41
CE00820,LOC003,Warehouse,2025-09-14T13:02:51,0.31,3544,1648,0,30.0,0
CE00821,LOC031,Hub,2024-02-14T08:36:50,0.46,4593,3157,0,30.0,0
CE00822,LOC074,Warehouse,2024-09-11T19:19:52,0.62,325,301,0,30.0,0
CE00823,LOC069,Port,2026-03-06T16:21:44,0.89,4167,5552,836,54.1,29
CE00824,LOC003,Warehouse,2024-09-15T11:16:20,0.76,3544,4029,861,59.2,12
CE00825,LOC013,Hub,2025-04-11T22:32:15,0.57,2712,2308,0,30.0,0
CE00826,LOC009,Sort Facility,2026-03-25T03:19:19,0.33,3105,1537,0,30.0,0
CE00827,LOC020,Last Mile Facility,2024-11-04T07:12:17,0.57,1116,955,0,30.0,0
CE00828,LOC037,Distribution Center,2026-06-01T08:08:15,0.96,2793,4042,2322,129.8,40
CE00829,LOC037,Distribution Center,2024-08-04T18:46:17,1.0,2793,4362,2849,152.4,50
CE00830,LOC003,Warehouse,2024-07-20T18:40:51,1.0,3544,5892,4061,167.5,59
CE00831,LOC060,Last Mile Facility,2025-06-01T12:37:28,0.69,723,751,54,39.0,3
CE00832,LOC012,Airport,2024-03-24T13:48:46,0.7,2463,2571,211,40.3,3
CE00833,LOC034,Port,2024-05-20T10:18:21,0.78,1778,2067,557,67.6,14
CE00834,LOC004,Warehouse,2025-04-25T10:33:11,1.0,869,1459,359,79.6,61
CE00835,LOC058,Hub,2024-08-07T18:02:46,1.0,4836,8449,4033,130.1,67
CE00836,LOC041,Distribution Center,2025-06-21T15:38:04,0.7,4129,4333,339,39.9,4
CE00837,LOC058,Hub,2025-12-13T14:04:46,0.73,4836,5323,653,46.2,9
CE00838,LOC001,Last Mile Facility,2025-09-07T03:43:17,1.0,960,1434,745,123.1,44
CE00839,LOC010,Last Mile Facility,2024-09-13T20:23:58,0.76,1628,1860,241,47.8,12
CE00840,LOC070,Distribution Center,2025-12-16T11:57:18,1.0,4087,6250,2645,107.7,47
CE00841,LOC039,Warehouse,2024-01-02T07:26:13,1.0,1629,2675,1760,159.7,57
CE00842,LOC021,Port,2024-08-17T02:51:48,0.71,437,464,50,43.7,5
CE00843,LOC055,Airport,2024-11-07T07:41:49,0.74,1469,1636,282,53.0,10
CE00844,LOC004,Warehouse,2024-09-24T07:10:34,0.95,869,1237,333,76.0,38
CE00845,LOC060,Last Mile Facility,2025-04-13T00:37:10,0.86,723,935,292,78.5,26
CE00846,LOC026,Distribution Center,2025-04-22T17:25:42,0.3,3661,1662,0,30.0,0
CE00847,LOC040,Distribution Center,2024-05-04T20:36:26,0.52,2337,1835,0,30.0,0
CE00848,LOC011,Warehouse,2024-10-13T18:09:01,0.73,2988,3289,310,42.4,9
CE00849,LOC051,Last Mile Facility,2025-01-01T21:33:43,0.67,2427,2427,0,30.0,0
CE00850,LOC006,Sort Facility,2024-11-11T20:23:34,0.68,4943,5062,148,33.6,2
CE00851,LOC061,Airport,2025-11-09T03:43:19,0.55,2149,1773,0,30.0,0
CE00852,LOC042,Port,2024-05-20T01:39:55,1.0,809,1259,331,79.1,50
CE00853,LOC040,Distribution Center,2025-01-15T04:17:23,0.74,2337,2594,485,54.9,9
CE00854,LOC020,Last Mile Facility,2024-08-27T10:40:43,0.73,1116,1222,96,40.3,8
CE00855,LOC023,Port,2026-05-12T16:52:57,1.0,2668,4648,3594,191.6,66
CE00856,LOC041,Distribution Center,2025-08-04T09:20:33,0.41,4129,2569,0,30.0,0
CE00857,LOC042,Port,2024-01-08T16:21:17,0.42,809,512,0,30.0,0
CE00858,LOC069,Port,2026-01-11T12:40:39,0.57,4167,3545,0,30.0,0
CE00859,LOC056,Warehouse,2024-09-04T12:14:44,0.48,3011,2165,0,30.0,0
CE00860,LOC055,Airport,2025-06-19T11:47:23,0.36,1469,795,0,30.0,0
CE00861,LOC041,Distribution Center,2024-06-04T05:02:39,0.94,4129,5820,1400,70.7,36
CE00862,LOC068,Hub,2026-01-01T08:43:19,0.71,2969,3171,306,42.4,6
CE00863,LOC047,Distribution Center,2026-05-04T03:06:48,0.63,4197,3995,0,30.0,0
CE00864,LOC030,Warehouse,2025-09-04T03:08:52,0.3,2790,1262,0,30.0,0
CE00865,LOC040,Distribution Center,2024-11-26T02:16:16,0.37,2337,1301,0,30.0,0
CE00866,LOC024,Airport,2026-01-03T16:50:31,0.86,1595,2050,746,86.1,25
CE00867,LOC039,Warehouse,2025-08-07T13:10:00,0.4,1629,979,0,30.0,0
CE00868,LOC023,Port,2025-12-20T23:56:07,0.85,2668,3411,750,63.7,25
CE00869,LOC030,Warehouse,2025-01-12T02:04:40,0.6,2790,2528,0,30.0,0
CE00870,LOC004,Warehouse,2024-05-28T20:36:35,0.92,869,1204,288,69.8,34
CE00871,LOC037,Distribution Center,2025-08-25T01:48:10,0.63,2793,2634,0,30.0,0
CE00872,LOC038,Airport,2024-07-18T14:54:59,0.67,1463,1464,0,30.0,0
CE00873,LOC055,Airport,2025-05-09T13:11:52,0.77,1469,1688,425,64.7,13
CE00874,LOC027,Distribution Center,2024-07-26T10:13:12,0.76,300,341,61,54.4,12
CE00875,LOC045,Distribution Center,2025-09-13T04:44:22,0.5,4759,3571,0,30.0,0
CE00876,LOC066,Sort Facility,2025-05-23T03:36:47,0.39,3283,1920,0,30.0,0
CE00877,LOC059,Distribution Center,2025-03-15T22:15:35,1.0,4161,7125,2744,109.1,64
CE00878,LOC051,Last Mile Facility,2025-10-21T13:57:12,0.81,2427,2958,543,56.8,19
CE00879,LOC016,Airport,2025-09-03T19:48:20,1.0,1121,1802,542,88.0,54
CE00880,LOC038,Airport,2026-04-09T17:15:25,0.52,1463,1150,0,30.0,0
CE00881,LOC001,Last Mile Facility,2024-04-21T07:33:32,0.51,960,730,0,30.0,0
CE00882,LOC032,Distribution Center,2025-06-22T20:08:45,0.63,1584,1496,0,30.0,0
CE00883,LOC051,Last Mile Facility,2026-01-28T13:29:28,0.28,2427,1011,0,30.0,0
CE00884,LOC027,Distribution Center,2026-06-29T23:39:22,0.54,300,241,0,30.0,0
CE00885,LOC032,Distribution Center,2024-02-11T18:45:56,1.0,1584,2646,602,75.6,60
CE00886,LOC067,Warehouse,2024-12-10T09:21:10,0.87,3061,3995,1085,72.5,27
CE00887,LOC056,Warehouse,2024-10-03T18:17:14,0.36,3011,1605,0,30.0,0
CE00888,LOC018,Hub,2024-12-31T07:18:36,0.33,261,129,0,30.0,0
CE00889,LOC036,Airport,2025-07-27T10:15:34,0.68,2829,2883,77,33.3,1
CE00890,LOC040,Distribution Center,2025-07-16T18:47:37,1.0,2337,3512,1101,86.5,45
CE00891,LOC005,Sort Facility,2025-06-11T22:33:42,0.57,1284,1092,0,30.0,0
CE00892,LOC019,Airport,2026-02-17T23:37:55,0.39,3442,1997,0,30.0,0
CE00893,LOC017,Hub,2024-01-03T11:20:12,0.55,1600,1318,0,30.0,0
CE00894,LOC041,Distribution Center,2025-09-10T13:15:16,0.62,4129,3825,0,30.0,0
CE00895,LOC042,Port,2024-04-30T00:49:14,0.42,809,514,0,30.0,0
CE00896,LOC014,Airport,2024-12-23T09:45:39,0.4,1578,950,0,30.0,0
CE00897,LOC042,Port,2024-08-02T11:59:30,0.8,809,974,101,45.0,18
CE00898,LOC062,Sort Facility,2026-02-15T15:28:31,0.37,3208,1780,0,30.0,0
CE00899,LOC019,Airport,2024-10-19T00:03:00,0.62,3442,3207,0,30.0,0
CE00900,LOC069,Port,2024-03-09T17:40:55,0.53,4167,3320,0,30.0,0
CE00901,LOC054,Port,2024-11-24T03:18:45,0.29,759,325,0,30.0,0
CE00902,LOC054,Port,2025-04-14T01:03:41,1.0,759,1245,396,92.6,57
CE00903,LOC074,Warehouse,2025-11-07T08:54:43,0.73,325,355,49,48.1,8
CE00904,LOC009,Sort Facility,2024-05-24T05:42:43,0.86,3105,3986,607,53.5,25
CE00905,LOC061,Airport,2025-06-11T12:42:29,1.0,2149,3507,2034,143.6,56
CE00906,LOC056,Warehouse,2025-08-19T15:02:17,1.0,3011,4801,1579,92.9,53
CE00907,LOC057,Distribution Center,2024-10-06T10:15:00,0.72,2059,2239,131,37.6,7
CE00908,LOC021,Port,2025-10-23T07:40:06,0.97,437,633,250,98.6,40
CE00909,LOC061,Airport,2024-08-22T04:16:36,0.97,2149,3117,819,75.7,40
CE00910,LOC037,Distribution Center,2025-03-18T16:13:57,0.32,2793,1340,0,30.0,0
CE00911,LOC003,Warehouse,2025-04-28T06:21:11,0.48,3544,2532,0,30.0,0
CE00912,LOC049,Port,2025-08-23T21:31:39,1.0,1833,2946,1388,120.9,54
CE00913,LOC039,Warehouse,2026-01-16T16:00:27,0.42,1629,1032,0,30.0,0
CE00914,LOC012,Airport,2024-02-24T02:25:55,0.32,2463,1167,0,30.0,0
CE00915,LOC009,Sort Facility,2025-02-09T11:30:43,0.96,3105,4474,2538,128.1,39
CE00916,LOC020,Last Mile Facility,2025-10-17T03:29:27,1.0,1116,1815,535,87.5,56
CE00917,LOC049,Port,2024-10-05T20:54:52,0.64,1833,1749,0,30.0,0
CE00918,LOC026,Distribution Center,2024-09-11T01:19:13,0.62,3661,3386,0,30.0,0
CE00919,LOC050,Airport,2025-09-10T14:34:25,1.0,3355,5469,1827,95.3,56
CE00920,LOC075,Distribution Center,2026-03-14T16:09:09,1.0,1059,1725,492,85.8,56
CE00921,LOC048,Sort Facility,2024-06-14T08:01:07,0.95,3574,5092,918,60.8,38
CE00922,LOC042,Port,2025-12-23T05:34:28,0.74,809,899,163,54.2,10
CE00923,LOC057,Distribution Center,2024-05-08T09:03:36,0.49,2059,1528,0,30.0,0
CE00924,LOC066,Sort Facility,2025-06-21T22:30:36,0.75,3283,3707,297,40.9,11
CE00925,LOC002,Port,2024-06-06T12:39:21,0.39,566,327,0,30.0,0
CE00926,LOC043,Distribution Center,2025-09-20T07:52:00,0.61,4879,4459,0,30.0,0
CE00927,LOC006,Sort Facility,2024-01-19T23:45:43,0.72,4943,5306,365,38.9,6
CE00928,LOC022,Hub,2024-09-06T22:10:55,0.78,479,561,71,47.8,15
CE00929,LOC069,Port,2025-05-10T14:08:35,0.74,4167,4611,771,52.2,9
CE00930,LOC072,Airport,2024-07-18T23:45:24,0.65,4665,4551,0,30.0,0
CE00931,LOC038,Airport,2026-06-11T17:42:20,0.85,1463,1859,613,80.3,24
CE00932,LOC014,Airport,2026-02-26T13:13:39,0.39,1578,914,0,30.0,0
CE00933,LOC045,Distribution Center,2025-08-19T12:11:43,0.95,4759,6803,2466,92.2,38
CE00934,LOC005,Sort Facility,2025-12-07T08:08:56,0.91,1284,1749,913,115.3,32
CE00935,LOC059,Distribution Center,2024-01-19T00:03:23,0.94,4161,5884,2869,112.7,37
CE00936,LOC055,Airport,2026-01-25T04:35:23,0.46,1469,1013,0,30.0,0
CE00937,LOC029,Port,2025-09-16T00:35:16,0.88,2831,3752,982,71.6,29
CE00938,LOC075,Distribution Center,2025-10-18T06:20:27,0.6,1059,960,0,30.0,0
CE00939,LOC069,Port,2024-03-25T16:19:41,0.69,4167,4283,190,35.5,2
CE00940,LOC017,Hub,2025-04-15T14:57:46,0.6,1600,1450,0,30.0,0
CE00941,LOC017,Hub,2025-10-22T04:26:51,1.0,1600,2831,2010,180.8,69
CE00942,LOC009,Sort Facility,2025-02-05T19:08:07,1.0,3105,5005,2135,112.5,55
CE00943,LOC009,Sort Facility,2024-06-29T03:14:35,0.8,3105,3706,932,66.0,17
CE00944,LOC043,Distribution Center,2025-11-30T11:16:48,0.88,4879,6421,1769,73.5,28
CE00945,LOC039,Warehouse,2026-02-18T22:12:45,0.64,1629,1575,0,30.0,0
CE00946,LOC075,Distribution Center,2025-08-02T03:56:06,0.51,1059,806,0,30.0,0
CE00947,LOC020,Last Mile Facility,2026-01-05T15:07:20,0.6,1116,1006,0,30.0,0
CE00948,LOC030,Warehouse,2025-06-04T12:04:22,0.81,2790,3381,1135,78.8,19
CE00949,LOC022,Hub,2026-04-11T03:08:47,0.77,479,556,147,66.8,14
CE00950,LOC017,Hub,2025-07-20T19:02:00,1.0,1600,2572,695,82.1,54
CE00951,LOC010,Last Mile Facility,2024-06-22T11:26:20,0.8,1628,1956,453,63.4,18
CE00952,LOC065,Airport,2024-10-04T19:37:19,0.89,1748,2321,1100,105.5,29
CE00953,LOC003,Warehouse,2025-10-20T18:17:37,0.75,3544,4004,239,38.1,11
CE00954,LOC009,Sort Facility,2026-04-05T23:38:46,0.51,3105,2366,0,30.0,0
CE00955,LOC001,Last Mile Facility,2025-08-18T16:51:56,1.0,960,1615,1003,155.4,61
CE00956,LOC075,Distribution Center,2024-05-04T06:57:21,0.99,1059,1580,617,99.9,44
CE00957,LOC026,Distribution Center,2024-08-21T14:50:31,0.71,3661,3907,348,41.4,6
CE00958,LOC038,Airport,2024-01-11T19:21:56,1.0,1463,2231,667,84.7,47
CE00959,LOC013,Hub,2025-06-07T16:35:01,0.92,2712,3754,2077,121.9,34
CE00960,LOC060,Last Mile Facility,2025-02-04T12:50:36,0.4,723,437,0,30.0,0
CE00961,LOC021,Port,2024-11-02T23:32:54,1.0,437,703,440,150.8,54
CE00962,LOC027,Distribution Center,2026-03-10T20:43:29,0.58,300,261,0,30.0,0
CE00963,LOC007,Warehouse,2025-12-07T19:13:58,0.61,2658,2449,0,30.0,0
CE00964,LOC004,Warehouse,2025-11-06T13:48:05,0.95,869,1243,448,91.9,38
CE00965,LOC058,Hub,2024-03-16T09:50:11,1.0,4836,7340,3260,110.9,46
CE00966,LOC026,Distribution Center,2025-12-22T23:37:37,0.88,3661,4851,1591,82.1,29
CE00967,LOC049,Port,2025-03-13T15:03:27,0.4,1833,1100,0,30.0,0
CE00968,LOC022,Hub,2024-03-02T21:30:31,0.67,479,483,7,31.8,0
CE00969,LOC042,Port,2024-07-07T19:45:58,0.67,809,813,3,30.4,0
CE00970,LOC074,Warehouse,2026-01-30T14:24:33,1.0,325,505,213,108.6,49
CE00971,LOC053,Distribution Center,2025-12-15T23:23:25,0.41,1247,766,0,30.0,0
CE00972,LOC061,Airport,2025-07-24T06:38:01,0.9,2149,2911,530,59.6,31
CE00973,LOC051,Last Mile Facility,2024-03-18T18:52:32,1.0,2427,4173,1895,123.7,64
CE00974,LOC054,Port,2025-07-27T16:22:06,0.43,759,494,0,30.0,0
CE00975,LOC045,Distribution Center,2025-01-26T23:25:30,0.94,4759,6737,3703,123.4,37
CE00976,LOC071,Last Mile Facility,2025-10-23T07:20:27,0.78,4596,5366,1065,57.8,15
CE00977,LOC054,Port,2025-06-08T05:29:08,0.3,759,344,0,30.0,0
CE00978,LOC065,Airport,2025-04-05T01:03:55,0.35,1748,930,0,30.0,0
CE00979,LOC030,Warehouse,2024-02-06T13:16:29,0.8,2790,3346,430,48.5,17
CE00980,LOC033,Last Mile Facility,2026-04-23T03:07:50,0.69,4291,4467,91,32.5,3
CE00981,LOC058,Hub,2025-02-19T03:15:44,0.34,4836,2432,0,30.0,0
CE00982,LOC057,Distribution Center,2024-10-04T15:28:10,1.0,2059,3320,2090,151.8,55
CE00983,LOC004,Warehouse,2025-03-31T12:46:04,0.38,869,499,0,30.0,0
CE00984,LOC032,Distribution Center,2025-07-08T09:39:02,1.0,1584,2616,1308,129.1,58
CE00985,LOC031,Hub,2025-10-09T21:07:57,0.3,4593,2070,0,30.0,0
CE00986,LOC069,Port,2024-01-28T05:09:19,0.48,4167,2985,0,30.0,0
CE00987,LOC033,Last Mile Facility,2025-11-25T00:47:54,1.0,4291,7288,2229,92.3,62
CE00988,LOC059,Distribution Center,2025-05-19T07:10:43,0.71,4161,4408,163,34.7,5
CE00989,LOC028,Hub,2025-04-07T10:26:22,0.3,4698,2142,0,30.0,0
CE00990,LOC004,Warehouse,2024-02-25T07:49:34,1.0,869,1474,899,154.1,62
CE00991,LOC030,Warehouse,2024-06-22T11:51:16,1.0,2790,4515,2952,157.0,55
CE00992,LOC045,Distribution Center,2025-07-08T23:02:22,0.62,4759,4448,0,30.0,0
CE00993,LOC052,Hub,2024-02-26T21:00:26,0.38,2030,1171,0,30.0,0
CE00994,LOC059,Distribution Center,2026-04-05T07:07:35,1.0,4161,7157,2852,112.2,64
CE00995,LOC032,Distribution Center,2025-09-07T11:56:59,0.32,1584,759,0,30.0,0
CE00996,LOC026,Distribution Center,2025-01-21T05:28:33,1.0,3661,5532,962,61.5,45
CE00997,LOC024,Airport,2024-09-29T05:11:02,0.31,1595,730,0,30.0,0
CE00998,LOC003,Warehouse,2024-05-10T13:29:38,0.52,3544,2779,0,30.0,0
CE00999,LOC039,Warehouse,2026-04-11T01:41:38,0.6,1629,1456,0,30.0,0
CE01000,LOC059,Distribution Center,2024-05-26T21:55:16,0.34,4161,2105,0,30.0,0
CE01001,LOC004,Warehouse,2024-07-14T19:39:25,0.84,869,1091,150,50.7,22
CE01002,LOC051,Last Mile Facility,2024-08-12T16:43:51,0.4,2427,1454,0,30.0,0
CE01003,LOC025,Warehouse,2026-02-05T13:09:37,0.8,491,590,56,43.7,18
CE01004,LOC014,Airport,2025-10-31T16:35:35,1.0,1578,2752,1601,151.7,66
CE01005,LOC068,Hub,2025-03-02T17:25:04,0.43,2969,1896,0,30.0,0
CE01006,LOC006,Sort Facility,2025-06-20T12:56:01,0.33,4943,2414,0,30.0,0
CE01007,LOC002,Port,2025-12-12T12:37:43,0.87,566,739,244,81.7,27
CE01008,LOC023,Port,2025-01-14T04:44:01,0.54,2668,2163,0,30.0,0
CE01009,LOC003,Warehouse,2026-03-24T07:41:05,0.95,3544,5052,1929,95.3,38
CE01010,LOC066,Sort Facility,2026-06-03T00:24:11,1.0,3283,5173,2760,130.9,51
CE01011,LOC007,Warehouse,2025-12-13T03:07:13,0.59,2658,2371,0,30.0,0
CE01012,LOC020,Last Mile Facility,2024-03-04T03:12:20,0.79,1116,1323,124,43.3,16
CE01013,LOC022,Hub,2024-04-28T21:28:27,0.88,479,635,207,81.9,29
CE01014,LOC038,Airport,2025-05-22T08:06:03,0.93,1463,2040,649,83.2,35
CE01015,LOC030,Warehouse,2025-08-02T02:49:02,0.56,2790,2346,0,30.0,0
CE01016,LOC063,Last Mile Facility,2024-02-29T11:27:25,1.0,3270,5681,1772,95.0,66
CE01017,LOC040,Distribution Center,2024-08-15T23:15:11,0.69,2337,2426,132,36.8,3
CE01018,LOC043,Distribution Center,2024-06-06T02:07:41,0.7,4879,5154,410,40.1,5
CE01019,LOC052,Hub,2025-08-16T06:44:54,0.84,2030,2566,429,55.4,23
CE01020,LOC046,Last Mile Facility,2026-03-07T08:18:59,1.0,1736,3096,1586,139.6,70
CE01021,LOC067,Warehouse,2024-05-02T08:34:01,0.54,3061,2483,0,30.0,0
CE01022,LOC009,Sort Facility,2025-06-08T17:04:49,0.4,3105,1845,0,30.0,0
CE01023,LOC062,Sort Facility,2025-04-14T02:51:11,0.43,3208,2080,0,30.0,0
CE01024,LOC006,Sort Facility,2025-10-18T09:03:24,1.0,4943,7477,2314,86.2,46
CE01025,LOC061,Airport,2025-09-14T12:39:17,0.99,2149,3197,1554,116.8,43
CE01026,LOC072,Airport,2024-02-04T18:30:59,0.87,4665,6081,2667,98.6,27
CE01027,LOC030,Warehouse,2024-10-12T17:25:13,1.0,2790,4356,1760,105.7,50
CE01028,LOC014,Airport,2025-02-03T00:21:37,0.67,1578,1589,17,31.3,0
CE01029,LOC021,Port,2024-05-03T03:53:41,0.88,437,577,165,75.3,28
CE01030,LOC031,Hub,2025-11-04T07:38:18,1.0,4593,8218,2918,106.2,71
CE01031,LOC026,Distribution Center,2024-06-29T20:39:16,0.3,3661,1657,0,30.0,0
CE01032,LOC037,Distribution Center,2024-10-24T16:59:33,0.34,2793,1445,0,30.0,0
CE01033,LOC056,Warehouse,2026-06-05T20:30:46,1.0,3011,5000,1826,102.8,59
CE01034,LOC057,Distribution Center,2025-02-09T09:52:51,0.58,2059,1787,0,30.0,0
CE01035,LOC066,Sort Facility,2025-04-16T00:10:05,0.66,3283,3226,0,30.0,0
CE01036,LOC072,Airport,2026-03-09T12:47:03,0.57,4665,3985,0,30.0,0
CE01037,LOC009,Sort Facility,2026-04-17T13:15:11,0.61,3105,2825,0,30.0,0
CE01038,LOC052,Hub,2025-01-13T15:44:53,0.32,2030,962,0,30.0,0
CE01039,LOC029,Port,2024-03-16T20:33:35,0.88,2831,3745,618,56.2,29
CE01040,LOC012,Airport,2025-08-04T08:32:37,1.0,2463,4420,1005,79.0,71
CE01041,LOC063,Last Mile Facility,2026-06-09T15:30:57,0.39,3270,1889,0,30.0,0
CE01042,LOC024,Airport,2026-01-04T15:40:33,0.36,1595,857,0,30.0,0
CE01043,LOC060,Last Mile Facility,2024-11-30T07:34:58,0.44,723,476,0,30.0,0
CE01044,LOC054,Port,2025-11-09T18:30:50,1.0,759,1155,545,116.2,46
CE01045,LOC054,Port,2025-03-02T20:47:33,0.32,759,364,0,30.0,0
CE01046,LOC068,Hub,2024-10-15T11:54:00,0.72,2969,3209,199,38.0,7
CE01047,LOC055,Airport,2025-03-06T01:51:29,0.29,1469,641,0,30.0,0
CE01048,LOC070,Distribution Center,2026-02-18T03:37:37,0.47,4087,2907,0,30.0,0
CE01049,LOC003,Warehouse,2024-03-12T01:23:31,0.65,3544,3457,0,30.0,0
CE01050,LOC054,Port,2025-09-11T07:31:06,1.0,759,1197,391,91.8,51
CE01051,LOC036,Airport,2024-10-08T13:52:40,0.53,2829,2262,0,30.0,0
CE01052,LOC041,Distribution Center,2025-03-18T14:18:29,0.35,4129,2149,0,30.0,0
CE01053,LOC057,Distribution Center,2025-02-27T14:13:30,0.33,2059,1021,0,30.0,0
CE01054,LOC015,Last Mile Facility,2024-01-08T20:19:00,1.0,3252,4889,1292,77.7,45
CE01055,LOC042,Port,2025-09-24T12:52:29,1.0,809,1273,752,141.5,51
CE01056,LOC019,Airport,2024-11-17T18:36:09,0.27,3442,1384,0,30.0,0
CE01057,LOC021,Port,2024-01-30T01:53:34,0.87,437,569,243,96.7,27
CE01058,LOC041,Distribution Center,2025-10-05T15:08:58,0.94,4129,5822,3005,117.3,36
CE01059,LOC022,Hub,2024-07-20T14:03:44,1.0,479,831,498,154.8,66
CE01060,LOC047,Distribution Center,2025-03-02T20:07:05,0.32,4197,2037,0,30.0,0
CE01061,LOC016,Airport,2025-02-18T20:28:04,0.6,1121,1012,0,30.0,0
CE01062,LOC017,Hub,2025-12-19T09:03:30,0.93,1600,2223,937,100.3,35
CE01063,LOC036,Airport,2025-05-09T05:50:31,0.91,2829,3873,744,61.6,33
CE01064,LOC006,Sort Facility,2024-05-30T21:55:43,0.44,4943,3227,0,30.0,0
CE01065,LOC040,Distribution Center,2024-12-09T19:32:42,0.62,2337,2177,0,30.0,0
CE01066,LOC073,Sort Facility,2024-12-15T06:04:30,0.73,3536,3873,259,38.8,8
CE01067,LOC046,Last Mile Facility,2024-01-29T01:48:26,0.94,1736,2445,1251,116.5,36
CE01068,LOC016,Airport,2025-05-19T06:17:40,0.41,1121,694,0,30.0,0
CE01069,LOC062,Sort Facility,2024-12-09T09:37:44,1.0,3208,5125,2331,117.2,53
CE01070,LOC009,Sort Facility,2024-04-08T23:44:43,1.0,3105,5147,1590,91.4,59
CE01071,LOC042,Port,2025-03-23T03:07:44,0.59,809,714,0,30.0,0
CE01072,LOC070,Distribution Center,2025-12-16T14:03:31,0.43,4087,2661,0,30.0,0
CE01073,LOC032,Distribution Center,2025-10-15T15:14:53,0.35,1584,832,0,30.0,0
CE01074,LOC032,Distribution Center,2025-05-25T16:45:48,0.61,1584,1438,0,30.0,0
CE01075,LOC003,Warehouse,2026-04-21T03:00:52,0.56,3544,2957,0,30.0,0
CE01076,LOC020,Last Mile Facility,2025-08-27T08:26:39,0.42,1116,701,0,30.0,0
CE01077,LOC035,Airport,2026-01-08T19:45:38,0.49,1822,1350,0,30.0,0
CE01078,LOC019,Airport,2026-05-16T06:57:52,0.87,3442,4487,805,58.1,27
CE01079,LOC006,Sort Facility,2024-01-20T12:32:24,0.35,4943,2587,0,30.0,0
CE01080,LOC019,Airport,2025-06-16T18:07:46,0.77,3442,3982,526,48.3,14
CE01081,LOC004,Warehouse,2025-06-13T02:20:18,0.67,869,869,0,30.0,0
CE01082,LOC036,Airport,2025-05-11T13:08:51,0.31,2829,1333,0,30.0,0
CE01083,LOC062,Sort Facility,2025-06-22T01:28:19,0.44,3208,2119,0,30.0,0
CE01084,LOC023,Port,2025-11-21T07:48:05,0.33,2668,1312,0,30.0,0
CE01085,LOC009,Sort Facility,2024-08-23T18:43:02,0.6,3105,2786,0,30.0,0
CE01086,LOC068,Hub,2025-12-18T14:39:10,0.7,2969,3104,69,32.8,4
CE01087,LOC064,Warehouse,2026-02-14T03:07:23,0.49,3291,2423,0,30.0,0
CE01088,LOC012,Airport,2024-11-23T05:07:52,1.0,2463,3897,771,67.6,52
CE01089,LOC045,Distribution Center,2026-04-06T19:21:32,0.58,4759,4158,0,30.0,0
CE01090,LOC039,Warehouse,2024-09-21T02:33:33,0.98,1629,2404,1069,108.7,42
CE01091,LOC007,Warehouse,2025-08-28T22:32:15,0.42,2658,1674,0,30.0,0
CE01092,LOC042,Port,2025-02-01T04:54:39,0.57,809,689,0,30.0,0
CE01093,LOC043,Distribution Center,2025-09-17T22:37:33,1.0,4879,8150,4631,143.9,60
CE01094,LOC026,Distribution Center,2024-02-20T02:58:57,0.34,3661,1866,0,30.0,0
CE01095,LOC056,Warehouse,2026-06-06T12:06:11,0.89,3011,4016,1969,108.5,30
CE01096,LOC062,Sort Facility,2024-05-02T02:44:16,0.48,3208,2289,0,30.0,0
CE01097,LOC067,Warehouse,2026-01-25T19:28:14,0.47,3061,2155,0,30.0,0
CE01098,LOC064,Warehouse,2026-05-21T23:44:24,0.96,3291,4751,2551,123.0,39
CE01099,LOC071,Last Mile Facility,2025-06-20T09:41:13,1.0,4596,7549,2675,99.8,57
CE01100,LOC032,Distribution Center,2024-05-09T01:53:39,1.0,1584,2510,923,99.9,52
CE01101,LOC043,Distribution Center,2024-11-18T10:04:10,0.7,4879,5138,507,42.5,4
CE01102,LOC067,Warehouse,2026-04-02T16:36:41,0.58,3061,2676,0,30.0,0
CE01103,LOC060,Last Mile Facility,2025-07-27T12:27:18,0.79,723,862,200,63.2,17
CE01104,LOC069,Port,2025-04-17T07:09:42,0.75,4167,4716,898,55.9,11
CE01105,LOC074,Warehouse,2025-03-29T07:57:05,1.0,325,520,224,112.7,54
CE01106,LOC007,Warehouse,2025-05-04T20:39:21,1.0,2658,4257,1462,96.0,54
CE01107,LOC034,Port,2025-12-02T09:06:34,0.67,1778,1794,29,32.0,0
CE01108,LOC043,Distribution Center,2025-12-27T01:11:36,1.0,4879,7911,3978,127.8,55
CE01109,LOC058,Hub,2024-02-15T22:14:49,0.4,4836,2871,0,30.0,0
CE01110,LOC034,Port,2024-08-30T04:23:30,0.59,1778,1563,0,30.0,0
CE01111,LOC016,Airport,2026-06-27T16:01:40,1.0,1121,1967,1629,204.4,67
CE01112,LOC058,Hub,2024-09-16T00:18:19,0.79,4836,5748,1086,56.9,16
CE01113,LOC043,Distribution Center,2025-06-30T05:34:53,0.77,4879,5668,863,51.2,14
CE01114,LOC063,Last Mile Facility,2026-05-27T12:42:59,0.85,3270,4157,763,58.0,24
CE01115,LOC057,Distribution Center,2025-11-01T08:38:02,0.28,2059,866,0,30.0,0
CE01116,LOC020,Last Mile Facility,2025-10-07T06:58:23,0.73,1116,1215,175,48.8,7
CE01117,LOC033,Last Mile Facility,2024-02-06T08:43:34,0.49,4291,3146,0,30.0,0
CE01118,LOC055,Airport,2025-03-17T00:05:59,0.76,1469,1680,139,41.4,12
CE01119,LOC015,Last Mile Facility,2026-05-14T09:34:03,1.0,3252,5095,1228,75.3,51
CE01120,LOC013,Hub,2026-02-01T08:44:32,0.5,2712,2015,0,30.0,0
CE01121,LOC008,Airport,2024-12-30T14:56:32,0.32,1075,521,0,30.0,0
CE01122,LOC041,Distribution Center,2025-08-05T23:36:50,0.82,4129,5066,1075,61.2,20
CE01123,LOC037,Distribution Center,2026-04-15T02:54:32,1.0,2793,4284,1020,73.8,48
CE01124,LOC047,Distribution Center,2024-07-23T14:02:04,0.93,4197,5852,2620,104.9,35
CE01125,LOC070,Distribution Center,2025-08-10T20:50:59,0.44,4087,2668,0,30.0,0
CE01126,LOC036,Airport,2024-07-10T20:11:25,1.0,2829,4978,3276,169.0,68
CE01127,LOC049,Port,2024-05-30T15:40:11,0.86,1833,2370,672,74.0,26
CE01128,LOC070,Distribution Center,2025-09-06T18:37:05,1.0,4087,7223,2693,109.1,69
CE01129,LOC067,Warehouse,2024-12-05T03:00:52,0.94,3061,4306,803,61.5,36
CE01130,LOC055,Airport,2024-11-24T06:01:39,0.83,1469,1833,294,54.0,22
CE01131,LOC067,Warehouse,2024-06-20T20:41:18,0.44,3061,2023,0,30.0,0
CE01132,LOC012,Airport,2026-06-05T14:54:59,1.0,2463,4324,1886,121.9,68
CE01133,LOC049,Port,2025-03-25T11:42:42,0.3,1833,812,0,30.0,0
CE01134,LOC063,Last Mile Facility,2024-10-04T11:31:37,0.54,3270,2646,0,30.0,0
CE01135,LOC075,Distribution Center,2024-09-04T04:19:51,0.94,1059,1490,722,111.8,36
CE01136,LOC004,Warehouse,2025-09-15T02:42:26,0.6,869,786,0,30.0,0
CE01137,LOC008,Airport,2026-05-04T12:06:33,0.34,1075,547,0,30.0,0
CE01138,LOC054,Port,2025-09-26T14:35:14,0.31,759,352,0,30.0,0
CE01139,LOC067,Warehouse,2025-06-30T20:25:44,0.63,3061,2871,0,30.0,0
CE01140,LOC026,Distribution Center,2024-12-04T06:24:19,1.0,3661,5499,2360,107.4,45
CE01141,LOC012,Airport,2025-10-11T14:52:48,0.76,2463,2793,403,49.6,12
CE01142,LOC055,Airport,2025-03-09T05:23:22,1.0,1469,2374,931,106.1,55
CE01143,LOC033,Last Mile Facility,2025-05-11T04:13:31,0.65,4291,4207,0,30.0,0
CE01144,LOC019,Airport,2025-07-18T04:08:00,0.57,3442,2931,0,30.0,0
CE01145,LOC069,Port,2024-06-13T02:29:56,0.53,4167,3322,0,30.0,0
CE01146,LOC045,Distribution Center,2025-05-08T15:30:51,1.0,4759,8189,3428,116.4,64
CE01147,LOC008,Airport,2026-02-19T07:16:31,1.0,1075,1646,340,68.0,47
CE01148,LOC067,Warehouse,2026-04-12T01:37:25,0.93,3061,4290,1548,90.7,36
CE01149,LOC038,Airport,2026-04-07T05:21:07,0.81,1463,1779,442,66.3,19
CE01150,LOC033,Last Mile Facility,2025-09-01T05:16:58,1.0,4291,6840,3136,117.7,53
CE01151,LOC056,Warehouse,2024-12-15T16:18:24,0.92,3011,4136,1376,84.8,33
CE01152,LOC009,Sort Facility,2025-09-19T12:56:34,0.77,3105,3576,552,51.3,13
CE01153,LOC058,Hub,2026-02-07T16:43:09,0.33,4836,2381,0,30.0,0
CE01154,LOC016,Airport,2025-12-21T15:57:55,0.66,1121,1112,0,30.0,0
CE01155,LOC004,Warehouse,2025-03-20T17:25:10,0.57,869,737,0,30.0,0
CE01156,LOC050,Airport,2025-11-29T04:55:53,0.98,3355,4930,812,59.0,42
CE01157,LOC024,Airport,2024-08-31T20:11:01,0.58,1595,1379,0,30.0,0
CE01158,LOC037,Distribution Center,2024-10-02T22:24:02,0.54,2793,2250,0,30.0,0
CE01159,LOC066,Sort Facility,2025-09-13T11:06:27,0.71,3283,3483,265,39.7,5
CE01160,LOC041,Distribution Center,2025-03-24T00:37:21,0.85,4129,5288,1547,75.0,25
CE01161,LOC043,Distribution Center,2024-01-06T04:25:35,0.48,4879,3505,0,30.0,0
CE01162,LOC012,Airport,2026-04-07T11:13:00,0.29,2463,1072,0,30.0,0
CE01163,LOC042,Port,2025-06-02T22:28:02,0.84,809,1022,274,70.6,23
CE01164,LOC018,Hub,2025-12-21T19:58:29,0.49,261,191,0,30.0,0
CE01165,LOC007,Warehouse,2024-09-24T14:42:57,1.0,2658,4563,3237,176.1,64
CE01166,LOC071,Last Mile Facility,2024-06-01T17:45:01,0.56,4596,3858,0,30.0,0
CE01167,LOC020,Last Mile Facility,2025-08-18T12:27:05,0.84,1116,1409,520,85.9,23
CE01168,LOC072,Airport,2026-06-20T05:51:05,0.56,4665,3945,0,30.0,0
CE01169,LOC018,Hub,2025-10-11T11:53:38,0.95,261,372,182,113.7,38
CE01170,LOC015,Last Mile Facility,2025-10-11T18:13:12,1.0,3252,5483,3858,172.4,61
CE01171,LOC027,Distribution Center,2025-09-29T08:51:42,0.46,300,206,0,30.0,0
CE01172,LOC011,Warehouse,2024-10-20T09:46:07,1.0,2988,4992,3103,154.6,60
CE01173,LOC044,Warehouse,2024-02-15T02:43:36,0.85,3843,4911,1482,76.3,25
CE01174,LOC002,Port,2024-12-14T06:30:23,0.45,566,378,0,30.0,0
CE01175,LOC020,Last Mile Facility,2024-08-03T06:20:24,0.9,1116,1504,400,73.0,31
CE01176,LOC073,Sort Facility,2026-02-20T22:40:03,0.68,3536,3604,107,33.6,1
CE01177,LOC074,Warehouse,2024-05-05T01:28:27,0.58,325,282,0,30.0,0
CE01178,LOC002,Port,2026-06-05T08:56:22,0.57,566,481,0,30.0,0
CE01179,LOC030,Warehouse,2025-09-27T00:14:47,0.82,2790,3444,1217,82.3,21
CE01180,LOC026,Distribution Center,2024-02-05T11:17:56,1.0,3661,6517,4357,172.8,70
CE01181,LOC020,Last Mile Facility,2025-05-19T21:38:07,0.66,1116,1103,0,30.0,0
CE01182,LOC024,Airport,2025-01-23T06:28:00,0.89,1595,2127,352,56.5,30
CE01183,LOC011,Warehouse,2024-09-15T14:02:11,0.39,2988,1731,0,30.0,0
CE01184,LOC001,Last Mile Facility,2026-06-03T09:16:17,0.98,960,1412,272,64.0,42
CE01185,LOC020,Last Mile Facility,2026-01-03T02:12:43,0.3,1116,501,0,30.0,0
CE01186,LOC048,Sort Facility,2024-05-21T07:28:28,1.0,3574,6062,3412,144.6,62
CE01187,LOC026,Distribution Center,2025-07-29T05:37:56,0.72,3661,3939,320,40.5,6
CE01188,LOC047,Distribution Center,2024-02-05T07:02:41,0.66,4197,4137,0,30.0,0
CE01189,LOC041,Distribution Center,2025-08-27T19:37:27,0.72,4129,4442,477,43.9,6
CE01190,LOC013,Hub,2026-05-07T14:11:24,0.58,2712,2348,0,30.0,0
CE01191,LOC048,Sort Facility,2026-03-05T07:58:02,0.52,3574,2784,0,30.0,0
CE01192,LOC032,Distribution Center,2024-10-26T20:44:19,0.65,1584,1542,0,30.0,0
CE01193,LOC027,Distribution Center,2024-09-07T16:39:19,0.55,300,248,0,30.0,0
CE01194,LOC061,Airport,2025-12-12T02:51:41,1.0,2149,3723,1364,106.2,65
CE01195,LOC035,Airport,2025-07-27T07:42:54,0.71,1822,1953,94,36.2,6
CE01196,LOC029,Port,2025-01-06T18:19:19,0.91,2831,3850,1296,84.9,32
CE01197,LOC010,Last Mile Facility,2024-09-29T04:20:21,0.61,1628,1489,0,30.0,0
CE01198,LOC043,Distribution Center,2026-01-03T11:43:55,0.73,4879,5326,333,38.2,8
CE01199,LOC055,Airport,2024-11-06T08:32:09,0.27,1469,601,0,30.0,0
CE01200,LOC044,Warehouse,2025-05-16T08:01:49,0.61,3843,3511,0,30.0,0
CE01201,LOC003,Warehouse,2024-07-25T01:33:09,0.59,3544,3146,0,30.0,0
CE01202,LOC064,Warehouse,2025-03-31T03:09:27,0.4,3291,1971,0,30.0,0
CE01203,LOC040,Distribution Center,2024-04-10T16:23:49,0.79,2337,2766,397,50.4,16
CE01204,LOC059,Distribution Center,2024-02-17T23:39:13,0.44,4161,2761,0,30.0,0
CE01205,LOC058,Hub,2024-11-17T13:47:25,0.42,4836,3062,0,30.0,0
CE01206,LOC028,Hub,2026-06-16T06:34:21,0.3,4698,2139,0,30.0,0
CE01207,LOC019,Airport,2025-12-17T10:01:16,0.52,3442,2695,0,30.0,0
CE01208,LOC002,Port,2025-12-14T07:57:11,0.48,566,409,0,30.0,0
CE01209,LOC046,Last Mile Facility,2025-01-15T16:00:47,0.57,1736,1487,0,30.0,0
CE01210,LOC033,Last Mile Facility,2025-11-20T04:35:23,0.53,4291,3403,0,30.0,0
CE01211,LOC073,Sort Facility,2025-01-10T18:04:33,0.47,3536,2517,0,30.0,0
CE01212,LOC028,Hub,2024-10-01T18:29:08,0.71,4698,4978,340,38.7,5
CE01213,LOC057,Distribution Center,2025-12-17T18:28:15,0.78,2059,2396,371,51.6,14
CE01214,LOC065,Airport,2026-02-16T01:21:52,0.51,1748,1334,0,30.0,0
CE01215,LOC015,Last Mile Facility,2024-06-21T16:14:39,0.98,3252,4782,1576,88.2,42
CE01216,LOC020,Last Mile Facility,2025-05-29T14:14:21,0.68,1116,1137,29,33.1,1
CE01217,LOC041,Distribution Center,2024-09-04T09:53:19,0.34,4129,2135,0,30.0,0
CE01218,LOC041,Distribution Center,2025-01-15T09:10:16,0.4,4129,2467,0,30.0,0
CE01219,LOC060,Last Mile Facility,2025-12-19T00:31:15,0.81,723,881,114,48.9,19
CE01220,LOC013,Hub,2024-04-18T11:54:31,0.73,2712,2976,469,50.8,8
CE01221,LOC004,Warehouse,2024-01-11T16:37:42,1.0,869,1438,587,111.1,58
CE01222,LOC024,Airport,2024-02-20T05:04:21,0.28,1595,658,0,30.0,0
CE01223,LOC033,Last Mile Facility,2025-09-23T05:42:11,0.89,4291,5746,2189,91.2,30
CE01224,LOC075,Distribution Center,2026-03-18T10:20:14,0.33,1059,532,0,30.0,0
CE01225,LOC039,Warehouse,2025-12-31T10:40:13,1.0,1629,2801,707,82.1,64
CE01226,LOC063,Last Mile Facility,2025-08-21T13:36:23,0.56,3270,2749,0,30.0,0
CE01227,LOC022,Hub,2024-04-19T07:25:12,0.43,479,312,0,30.0,0
CE01228,LOC066,Sort Facility,2025-10-09T22:13:39,0.36,3283,1771,0,30.0,0
CE01229,LOC039,Warehouse,2025-02-07T22:35:34,0.68,1629,1665,38,32.8,1
CE01230,LOC014,Airport,2026-04-14T17:32:28,1.0,1578,2607,1189,120.4,58
CE01231,LOC042,Port,2024-07-06T22:32:05,1.0,809,1223,755,142.0,46
CE01232,LOC065,Airport,2026-04-09T19:19:52,1.0,1748,2765,1546,136.1,52
CE01233,LOC033,Last Mile Facility,2024-02-06T20:21:01,0.93,4291,5971,2614,103.1,35
CE01234,LOC027,Distribution Center,2025-11-12T05:15:08,0.78,300,349,81,62.4,14
CE01235,LOC034,Port,2026-01-16T21:48:18,1.0,1778,2973,700,77.2,60
CE01236,LOC073,Sort Facility,2024-04-02T20:59:37,1.0,3536,5830,3659,154.2,58
CE01237,LOC022,Hub,2025-03-31T02:27:17,1.0,479,766,290,102.7,53
CE01238,LOC019,Airport,2025-09-10T21:18:24,0.37,3442,1902,0,30.0,0
CE01239,LOC026,Distribution Center,2024-03-02T23:49:14,0.95,3661,5218,1908,92.5,38
CE01240,LOC012,Airport,2025-07-18T11:32:14,0.44,2463,1617,0,30.0,0
CE01241,LOC001,Last Mile Facility,2025-09-12T11:48:31,1.0,960,1519,971,151.4,52
CE01242,LOC028,Hub,2026-03-05T16:19:40,0.48,4698,3379,0,30.0,0
CE01243,LOC026,Distribution Center,2025-11-14T14:05:48,0.7,3661,3837,322,40.6,4
CE01244,LOC025,Warehouse,2025-10-27T18:56:19,0.5,491,367,0,30.0,0
CE01245,LOC021,Port,2024-07-11T17:10:28,0.46,437,299,0,30.0,0
CE01246,LOC068,Hub,2024-06-09T23:20:45,1.0,2969,4748,2470,129.8,53
CE01247,LOC024,Airport,2024-08-14T18:40:05,0.95,1595,2268,859,94.6,37
CE01248,LOC055,Airport,2025-02-11T18:40:32,1.0,1469,2359,1505,152.9,54
CE01249,LOC043,Distribution Center,2026-06-19T16:57:26,0.95,4879,6942,3693,120.8,38
CE01250,LOC027,Distribution Center,2024-06-22T15:35:58,0.91,300,411,191,106.4,33
CE01251,LOC041,Distribution Center,2024-09-19T11:02:30,1.0,4129,6719,4321,155.6,56
CE01252,LOC036,Airport,2025-07-23T06:47:13,0.64,2829,2721,0,30.0,0
CE01253,LOC004,Warehouse,2025-10-03T09:46:07,0.68,869,887,18,32.5,1
CE01254,LOC018,Hub,2025-06-11T21:57:11,0.48,261,187,0,30.0,0
CE01255,LOC014,Airport,2024-08-08T12:16:59,1.0,1578,2461,1411,137.3,50
CE01256,LOC036,Airport,2025-01-12T14:15:24,0.95,2829,4030,1435,90.9,38
CE01257,LOC057,Distribution Center,2026-01-19T16:17:48,1.0,2059,3097,1795,134.6,45
CE01258,LOC014,Airport,2024-11-22T08:32:09,0.51,1578,1204,0,30.0,0
CE01259,LOC052,Hub,2025-02-14T21:33:43,1.0,2030,3185,702,71.5,51
CE01260,LOC026,Distribution Center,2024-05-30T21:06:31,0.68,3661,3723,39,31.3,1
CE01261,LOC073,Sort Facility,2025-05-27T16:14:57,0.27,3536,1434,0,30.0,0
CE01262,LOC028,Hub,2024-04-25T01:30:47,0.28,4698,1984,0,30.0,0
CE01263,LOC029,Port,2025-12-12T20:30:02,1.0,2831,4849,1685,101.4,64
CE01264,LOC072,Airport,2026-02-02T15:18:58,1.0,4665,7342,1795,76.2,51
CE01265,LOC059,Distribution Center,2025-01-15T04:08:15,1.0,4161,7185,2688,107.5,65
CE01266,LOC068,Hub,2025-02-07T21:29:09,0.6,2969,2652,0,30.0,0
CE01267,LOC031,Hub,2025-06-15T23:11:48,0.72,4593,4958,298,37.8,7
CE01268,LOC015,Last Mile Facility,2025-04-03T17:17:10,0.48,3252,2346,0,30.0,0
CE01269,LOC051,Last Mile Facility,2025-11-21T18:34:34,0.27,2427,999,0,30.0,0
CE01270,LOC053,Distribution Center,2025-05-28T15:56:36,0.34,1247,627,0,30.0,0
CE01271,LOC025,Warehouse,2025-11-30T15:14:24,0.73,491,541,82,50.0,9
CE01272,LOC074,Warehouse,2025-02-04T16:01:12,0.52,325,255,0,30.0,0
CE01273,LOC069,Port,2026-06-01T17:11:39,0.88,4167,5508,1829,82.7,28
CE01274,LOC028,Hub,2025-03-03T15:53:23,0.83,4698,5868,2023,81.7,22
CE01275,LOC045,Distribution Center,2024-02-25T12:39:24,0.53,4759,3777,0,30.0,0
CE01276,LOC009,Sort Facility,2024-08-05T12:21:38,0.58,3105,2710,0,30.0,0
CE01277,LOC067,Warehouse,2024-08-17T22:44:01,0.68,3061,3145,93,33.6,2
CE01278,LOC004,Warehouse,2026-03-21T13:20:31,0.44,869,568,0,30.0,0
CE01279,LOC075,Distribution Center,2025-03-24T01:27:57,0.89,1059,1414,190,51.5,30
CE01280,LOC023,Port,2024-02-10T07:07:53,0.81,2668,3261,432,49.4,20
CE01281,LOC050,Airport,2024-12-09T08:16:48,0.4,3355,2034,0,30.0,0
CE01282,LOC023,Port,2025-07-30T02:19:54,0.64,2668,2580,0,30.0,0
CE01283,LOC059,Distribution Center,2026-05-25T10:16:22,0.31,4161,1921,0,30.0,0
CE01284,LOC063,Last Mile Facility,2025-07-17T11:20:22,0.83,3270,4060,621,52.8,21
CE01285,LOC010,Last Mile Facility,2025-03-28T09:24:18,0.68,1628,1672,23,31.7,2
CE01286,LOC049,Port,2025-04-21T09:12:54,1.0,1833,2830,1869,152.4,48
CE01287,LOC070,Distribution Center,2024-09-02T21:56:34,0.66,4087,4060,0,30.0,0
CE01288,LOC047,Distribution Center,2026-05-31T19:09:01,0.72,4197,4557,425,42.2,7
CE01289,LOC026,Distribution Center,2025-04-18T09:34:53,0.64,3661,3534,0,30.0,0
CE01290,LOC074,Warehouse,2026-01-08T07:54:11,0.44,325,215,0,30.0,0
CE01291,LOC063,Last Mile Facility,2025-11-14T07:15:25,0.5,3270,2473,0,30.0,0
CE01292,LOC054,Port,2025-04-03T01:54:32,0.4,759,461,0,30.0,0
CE01293,LOC071,Last Mile Facility,2024-08-27T21:59:18,0.73,4596,5017,248,36.5,8
CE01294,LOC033,Last Mile Facility,2024-07-18T16:48:23,0.74,4291,4783,511,44.3,10
CE01295,LOC029,Port,2024-08-15T14:53:25,0.8,2831,3381,423,47.9,17
CE01296,LOC044,Warehouse,2025-03-30T02:57:34,0.48,3843,2752,0,30.0,0
CE01297,LOC071,Last Mile Facility,2025-08-19T21:00:31,0.99,4596,6831,2890,105.5,43
CE01298,LOC016,Airport,2025-02-03T17:03:14,0.47,1121,793,0,30.0,0
CE01299,LOC040,Distribution Center,2024-12-20T01:24:00,0.87,2337,3059,1417,102.8,27
CE01300,LOC004,Warehouse,2024-02-13T12:05:27,0.84,869,1101,220,60.4,24
CE01301,LOC056,Warehouse,2024-11-24T19:19:58,0.67,3011,3046,63,32.5,1
CE01302,LOC030,Warehouse,2026-06-25T00:24:15,0.75,2790,3136,268,41.5,11
CE01303,LOC048,Sort Facility,2025-04-15T15:02:22,0.45,3574,2433,0,30.0,0
CE01304,LOC011,Warehouse,2024-08-18T11:23:13,0.7,2988,3146,99,34.0,4
CE01305,LOC027,Distribution Center,2026-06-26T13:51:04,0.94,300,425,216,116.4,37
CE01306,LOC054,Port,2024-01-19T17:52:47,0.65,759,739,0,30.0,0
CE01307,LOC055,Airport,2025-02-06T23:55:20,0.89,1469,1971,266,51.7,30
CE01308,LOC005,Sort Facility,2025-07-19T16:56:08,1.0,1284,2012,511,77.8,51
CE01309,LOC034,Port,2026-03-01T01:40:03,1.0,1778,3065,2133,174.0,65
CE01310,LOC053,Distribution Center,2026-03-13T20:22:12,0.83,1247,1544,511,79.2,21
CE01311,LOC023,Port,2025-09-22T10:59:04,0.57,2668,2297,0,30.0,0
CE01312,LOC019,Airport,2026-01-10T22:53:31,1.0,3442,5216,3077,137.3,46
CE01313,LOC043,Distribution Center,2024-09-21T17:20:59,0.98,4879,7136,3036,104.7,41
CE01314,LOC040,Distribution Center,2025-06-18T17:12:39,0.37,2337,1293,0,30.0,0
CE01315,LOC063,Last Mile Facility,2024-08-30T03:30:37,1.0,3270,5738,1867,98.5,67
CE01316,LOC039,Warehouse,2026-02-17T10:11:11,0.81,1629,1969,455,63.5,18
CE01317,LOC046,Last Mile Facility,2025-05-03T05:48:46,0.49,1736,1263,0,30.0,0
CE01318,LOC058,Hub,2026-03-23T23:25:59,0.3,4836,2174,0,30.0,0
CE01319,LOC024,Airport,2025-08-04T13:14:55,0.92,1595,2193,1155,116.9,33
CE01320,LOC032,Distribution Center,2025-08-10T04:04:07,0.98,1584,2330,1196,120.6,42
CE01321,LOC067,Warehouse,2026-01-23T19:16:26,0.39,3061,1812,0,30.0,0
CE01322,LOC047,Distribution Center,2024-09-19T17:16:59,0.38,4197,2391,0,30.0,0
CE01323,LOC046,Last Mile Facility,2026-03-26T22:14:59,0.92,1736,2397,1021,100.6,34
CE01324,LOC052,Hub,2026-01-18T20:13:09,1.0,2030,3061,1498,118.6,45
CE01325,LOC053,Distribution Center,2024-09-29T10:54:52,1.0,1247,1952,1176,143.2,50
CE01326,LOC057,Distribution Center,2026-01-21T20:46:08,0.45,2059,1381,0,30.0,0
CE01327,LOC055,Airport,2025-08-13T02:40:06,0.9,1469,1992,722,89.0,32
CE01328,LOC005,Sort Facility,2024-01-23T02:37:46,1.0,1284,2169,647,90.5,62
CE01329,LOC006,Sort Facility,2024-04-10T14:09:06,0.58,4943,4332,0,30.0,0
CE01330,LOC001,Last Mile Facility,2025-06-15T20:22:00,0.44,960,637,0,30.0,0
CE01331,LOC016,Airport,2024-12-15T06:05:24,0.84,1121,1419,251,56.9,23
CE01332,LOC049,Port,2025-04-25T11:50:55,0.58,1833,1589,0,30.0,0
CE01333,LOC073,Sort Facility,2024-11-16T16:14:26,0.54,3536,2872,0,30.0,0
CE01334,LOC033,Last Mile Facility,2024-12-14T10:52:57,0.27,4291,1761,0,30.0,0
CE01335,LOC040,Distribution Center,2024-08-21T03:42:20,0.78,2337,2730,485,54.9,15
CE01336,LOC007,Warehouse,2025-03-08T08:21:20,0.87,2658,3477,1631,103.6,27
CE01337,LOC066,Sort Facility,2024-07-04T18:41:28,0.9,3283,4445,837,60.6,31
CE01338,LOC021,Port,2024-11-01T22:32:15,0.91,437,595,152,71.7,32
CE01339,LOC040,Distribution Center,2025-07-07T19:20:16,0.72,2337,2512,227,41.7,6
CE01340,LOC018,Hub,2026-02-13T20:14:53,0.76,261,296,49,52.5,12
CE01341,LOC032,Distribution Center,2025-12-14T12:45:16,0.42,1584,990,0,30.0,0
CE01342,LOC059,Distribution Center,2026-06-03T13:04:06,0.72,4161,4463,424,42.2,6
CE01343,LOC056,Warehouse,2024-01-19T22:52:41,0.6,3011,2718,0,30.0,0
CE01344,LOC022,Hub,2026-03-25T04:32:51,0.7,479,506,32,38.0,5
CE01345,LOC019,Airport,2024-12-20T18:17:59,0.32,3442,1672,0,30.0,0
CE01346,LOC071,Last Mile Facility,2024-11-10T14:51:54,0.38,4596,2625,0,30.0,0
CE01347,LOC071,Last Mile Facility,2025-07-18T18:30:41,0.29,4596,1987,0,30.0,0
CE01348,LOC048,Sort Facility,2024-02-21T00:23:01,0.55,3574,2975,0,30.0,0
CE01349,LOC015,Last Mile Facility,2025-09-11T00:49:46,0.95,3252,4641,1359,80.1,38
CE01350,LOC049,Port,2024-06-02T13:01:22,1.0,1833,3157,2356,184.2,65
CE01351,LOC027,Distribution Center,2025-05-26T21:12:45,1.0,300,498,305,152.0,59
CE01352,LOC031,Hub,2026-02-27T05:51:30,0.79,4593,5419,1320,64.5,16
CE01353,LOC028,Hub,2024-04-14T09:18:46,1.0,4698,7376,4982,157.3,51
CE01354,LOC024,Airport,2025-02-25T17:16:04,1.0,1595,2619,2019,181.9,57
CE01355,LOC002,Port,2026-05-09T11:56:25,0.72,566,615,92,49.5,7
CE01356,LOC055,Airport,2026-04-10T17:04:09,0.72,1469,1584,118,39.6,7
CE01357,LOC034,Port,2026-04-15T07:59:36,0.71,1778,1890,129,38.7,5
CE01358,LOC003,Warehouse,2024-05-03T10:00:34,1.0,3544,5529,2566,116.9,50
CE01359,LOC044,Warehouse,2024-03-27T22:53:30,0.51,3843,2947,0,30.0,0
CE01360,LOC074,Warehouse,2025-11-24T19:40:46,0.52,325,255,0,30.0,0
CE01361,LOC010,Last Mile Facility,2026-05-30T08:11:16,0.69,1628,1683,92,36.8,3
CE01362,LOC007,Warehouse,2026-03-23T08:56:39,0.5,2658,1989,0,30.0,0
CE01363,LOC063,Last Mile Facility,2025-01-20T05:03:51,1.0,3270,5014,917,63.7,48
CE01364,LOC026,Distribution Center,2025-01-15T02:47:17,0.99,3661,5442,1598,82.4,43
CE01365,LOC002,Port,2025-02-01T19:03:31,0.46,566,387,0,30.0,0
CE01366,LOC053,Distribution Center,2024-10-10T18:58:39,0.56,1247,1041,0,30.0,0
CE01367,LOC050,Airport,2025-01-15T17:30:27,1.0,3355,5544,3783,165.3,58
CE01368,LOC042,Port,2024-12-20T17:07:46,0.57,809,693,0,30.0,0
CE01369,LOC022,Hub,2025-12-09T11:22:29,0.68,479,487,7,31.8,1
CE01370,LOC038,Airport,2024-10-02T15:05:42,0.93,1463,2045,502,71.2,35
CE01371,LOC021,Port,2024-03-03T11:59:13,1.0,437,674,177,78.6,48
CE01372,LOC025,Warehouse,2025-02-16T20:22:31,0.98,491,725,121,59.6,42
CE01373,LOC069,Port,2026-05-07T11:08:38,0.51,4167,3172,0,30.0,0
CE01374,LOC021,Port,2025-03-07T01:04:33,0.58,437,380,0,30.0,0
CE01375,LOC014,Airport,2024-05-21T22:07:03,1.0,1578,2375,1198,121.1,45
CE01376,LOC071,Last Mile Facility,2024-10-22T04:14:29,0.68,4596,4717,78,32.0,2
CE01377,LOC008,Airport,2024-04-08T21:44:59,0.66,1075,1072,0,30.0,0
CE01378,LOC063,Last Mile Facility,2024-07-24T21:46:57,0.59,3270,2905,0,30.0,0
CE01379,LOC003,Warehouse,2026-03-22T18:21:47,0.62,3544,3277,0,30.0,0
CE01380,LOC023,Port,2025-04-15T07:44:34,0.76,2668,3058,408,48.4,13
CE01381,LOC050,Airport,2024-04-04T13:12:57,0.63,3355,3154,0,30.0,0
CE01382,LOC009,Sort Facility,2024-11-18T16:48:43,0.6,3105,2778,0,30.0,0
CE01383,LOC014,Airport,2024-12-19T13:01:49,0.63,1578,1497,0,30.0,0
CE01384,LOC046,Last Mile Facility,2025-01-13T22:45:52,1.0,1736,3022,1068,103.8,66
CE01385,LOC069,Port,2026-06-28T19:38:08,0.67,4167,4204,56,31.6,0
CE01386,LOC013,Hub,2026-06-21T23:19:57,1.0,2712,4133,1175,82.0,47
CE01387,LOC011,Warehouse,2026-01-11T10:22:26,0.94,2988,4203,1073,73.1,36
CE01388,LOC009,Sort Facility,2025-12-22T05:17:18,1.0,3105,5083,2664,133.0,57
CE01389,LOC036,Airport,2024-06-01T15:46:47,1.0,2829,4841,3201,165.8,64
CE01390,LOC043,Distribution Center,2026-04-14T02:20:13,1.0,4879,8612,6795,197.1,68
CE01391,LOC043,Distribution Center,2024-03-20T08:30:17,0.99,4879,7231,3580,118.1,43
CE01392,LOC031,Hub,2025-05-10T07:54:01,1.0,4593,7520,5631,177.1,57
CE01393,LOC052,Hub,2024-04-23T11:40:15,0.8,2030,2446,709,71.9,18
CE01394,LOC003,Warehouse,2024-11-01T03:17:08,0.76,3544,4061,905,60.6,13
CE01395,LOC019,Airport,2026-01-13T00:16:51,0.7,3442,3602,126,34.4,4
CE01396,LOC024,Airport,2024-06-29T19:56:41,1.0,1595,2501,643,78.4,51
CE01397,LOC006,Sort Facility,2025-11-17T11:09:15,0.76,4943,5627,505,42.3,12
CE01398,LOC037,Distribution Center,2024-05-09T12:51:47,0.91,2793,3808,1058,75.5,32
CE01399,LOC063,Last Mile Facility,2026-01-09T11:54:04,0.57,3270,2776,0,30.0,0
CE01400,LOC041,Distribution Center,2024-11-02T15:27:55,0.76,4129,4678,720,50.9,11
CE01401,LOC073,Sort Facility,2024-06-04T03:38:37,0.76,3536,4048,350,41.9,13
CE01402,LOC051,Last Mile Facility,2026-04-22T12:58:32,0.69,2427,2515,173,38.6,3
CE01403,LOC048,Sort Facility,2024-11-29T23:33:18,0.55,3574,2931,0,30.0,0
CE01404,LOC033,Last Mile Facility,2026-01-26T21:16:33,0.41,4291,2618,0,30.0,0
CE01405,LOC001,Last Mile Facility,2025-04-10T23:21:18,0.69,960,990,32,34.0,2
CE01406,LOC005,Sort Facility,2026-06-03T10:08:01,0.82,1284,1571,184,47.2,20
CE01407,LOC056,Warehouse,2024-01-15T22:00:22,0.99,3011,4466,2403,125.8,43
CE01408,LOC058,Hub,2026-06-22T15:51:10,0.94,4836,6842,2435,90.4,37
CE01409,LOC011,Warehouse,2025-10-29T14:27:06,1.0,2988,4649,2852,144.5,50
CE01410,LOC018,Hub,2024-06-22T05:54:44,1.0,261,404,224,133.0,49
CE01411,LOC024,Airport,2025-11-18T14:52:58,0.43,1595,1030,0,30.0,0
CE01412,LOC030,Warehouse,2024-10-29T14:37:27,0.92,2790,3844,781,63.6,34
CE01413,LOC017,Hub,2025-12-09T18:23:53,0.81,1600,1939,420,61.5,19
CE01414,LOC045,Distribution Center,2024-01-01T18:27:34,0.29,4759,2090,0,30.0,0
CE01415,LOC053,Distribution Center,2025-01-26T01:50:14,0.66,1247,1236,0,30.0,0
CE01416,LOC005,Sort Facility,2025-09-24T12:21:20,0.77,1284,1476,355,63.2,13
CE01417,LOC058,Hub,2025-02-24T14:02:17,1.0,4836,8503,2725,97.6,68
CE01418,LOC052,Hub,2026-02-04T05:39:02,0.95,2030,2898,1556,122.0,38
CE01419,LOC056,Warehouse,2024-10-01T05:35:07,0.61,3011,2777,0,30.0,0
CE01420,LOC071,Last Mile Facility,2025-05-25T12:33:53,0.97,4596,6706,1675,73.7,41
CE01421,LOC069,Port,2026-02-27T01:15:11,1.0,4167,7224,2725,108.5,66
CE01422,LOC008,Airport,2026-01-20T17:58:17,0.4,1075,641,0,30.0,0
CE01423,LOC051,Last Mile Facility,2026-03-09T18:46:27,0.39,2427,1409,0,30.0,0
CE01424,LOC049,Port,2025-03-16T19:10:45,0.58,1833,1606,0,30.0,0
CE01425,LOC037,Distribution Center,2025-04-10T11:17:13,0.94,2793,3959,1475,93.4,37
CE01426,LOC038,Airport,2025-02-14T10:05:10,0.85,1463,1855,652,83.5,24
CE01427,LOC015,Last Mile Facility,2026-04-06T17:28:56,0.34,3252,1647,0,30.0,0
CE01428,LOC054,Port,2025-01-21T20:12:47,0.53,759,601,0,30.0,0
CE01429,LOC004,Warehouse,2025-06-13T22:42:22,0.75,869,983,144,49.9,11
CE01430,LOC040,Distribution Center,2025-03-03T15:29:36,0.99,2337,3466,1211,92.2,43
CE01431,LOC057,Distribution Center,2026-05-21T21:27:01,0.79,2059,2438,402,53.4,16
CE01432,LOC033,Last Mile Facility,2026-02-20T11:31:16,0.85,4291,5450,780,51.8,24
CE01433,LOC019,Airport,2025-04-24T17:02:53,0.53,3442,2749,0,30.0,0
CE01434,LOC053,Distribution Center,2025-11-14T14:01:19,0.5,1247,926,0,30.0,0
CE01435,LOC062,Sort Facility,2024-06-22T03:54:17,0.95,3208,4573,1340,80.1,38
CE01436,LOC068,Hub,2024-10-10T00:10:23,0.8,2969,3552,1055,72.6,17
CE01437,LOC032,Distribution Center,2026-01-27T10:18:59,0.54,1584,1291,0,30.0,0
CE01438,LOC034,Port,2024-01-11T02:58:55,0.76,1778,2024,255,47.2,12
CE01439,LOC043,Distribution Center,2025-05-10T20:55:11,1.0,4879,7519,2449,90.2,48
CE01440,LOC068,Hub,2026-03-02T13:19:25,0.38,2969,1690,0,30.0,0
CE01441,LOC051,Last Mile Facility,2025-12-31T21:44:50,1.0,2427,4230,2944,175.6,66
CE01442,LOC033,Last Mile Facility,2026-02-09T04:18:49,0.93,4291,5963,3308,122.5,35
CE01443,LOC061,Airport,2024-09-10T09:57:35,0.27,2149,871,0,30.0,0
CE01444,LOC023,Port,2024-10-04T17:58:01,0.84,2668,3349,467,51.0,22
CE01445,LOC053,Distribution Center,2024-04-11T20:14:03,0.41,1247,764,0,30.0,0
CE01446,LOC012,Airport,2025-11-02T02:41:00,1.0,2463,4415,1093,83.3,71
CE01447,LOC059,Distribution Center,2025-04-18T05:50:20,1.0,4161,7332,2071,89.7,68
CE01448,LOC067,Warehouse,2024-05-26T21:44:58,0.75,3061,3436,283,41.1,11
CE01449,LOC063,Last Mile Facility,2025-11-19T11:37:53,0.75,3270,3688,427,45.7,11
CE01450,LOC060,Last Mile Facility,2025-06-15T22:46:47,1.0,723,1207,880,176.1,60
CE01451,LOC043,Distribution Center,2026-04-16T16:05:38,0.34,4879,2452,0,30.0,0
CE01452,LOC072,Airport,2024-10-10T17:53:49,0.47,4665,3316,0,30.0,0
CE01453,LOC068,Hub,2024-10-27T17:45:48,0.75,2969,3357,748,60.2,11
CE01454,LOC012,Airport,2024-06-17T21:03:57,1.0,2463,4092,2639,158.6,59
CE01455,LOC019,Airport,2024-12-26T02:14:05,0.48,3442,2472,0,30.0,0
CE01456,LOC030,Warehouse,2024-11-27T05:17:07,0.65,2790,2708,0,30.0,0
CE01457,LOC004,Warehouse,2025-04-22T05:15:31,0.58,869,762,0,30.0,0
CE01458,LOC020,Last Mile Facility,2026-02-18T11:42:07,0.96,1116,1612,324,64.8,40
CE01459,LOC012,Airport,2025-04-19T09:32:02,0.48,2463,1775,0,30.0,0
CE01460,LOC043,Distribution Center,2025-05-12T03:03:21,0.27,4879,1954,0,30.0,0
CE01461,LOC059,Distribution Center,2026-04-03T22:43:38,0.3,4161,1850,0,30.0,0
CE01462,LOC012,Airport,2026-01-03T00:47:56,0.93,2463,3443,1009,79.2,35
CE01463,LOC054,Port,2024-06-08T21:01:41,0.84,759,961,334,82.8,23
CE01464,LOC012,Airport,2025-04-11T03:06:01,0.63,2463,2317,0,30.0,0
CE01465,LOC013,Hub,2024-11-22T16:15:04,1.0,2712,4343,1268,86.1,54
CE01466,LOC028,Hub,2026-06-06T00:44:13,0.34,4698,2414,0,30.0,0
CE01467,LOC068,Hub,2024-08-28T03:49:05,0.46,2969,2062,0,30.0,0
CE01468,LOC045,Distribution Center,2025-05-17T22:51:00,1.0,4759,7260,4601,146.0,47
CE01469,LOC049,Port,2024-08-30T22:33:25,0.71,1833,1945,188,42.3,5
CE01470,LOC075,Distribution Center,2024-10-25T02:42:07,0.84,1059,1331,489,85.4,23
CE01471,LOC057,Distribution Center,2025-09-07T12:53:50,0.84,2059,2592,962,86.1,23
CE01472,LOC058,Hub,2024-09-23T20:19:17,0.67,4836,4884,86,32.1,0
CE01473,LOC016,Airport,2024-09-02T08:32:52,1.0,1121,1922,1210,159.5,64
CE01474,LOC036,Airport,2024-09-01T02:19:48,0.58,2829,2469,0,30.0,0
CE01475,LOC024,Airport,2025-05-20T22:16:38,0.72,1595,1732,254,49.1,7
CE01476,LOC006,Sort Facility,2026-03-13T07:15:32,0.51,4943,3752,0,30.0,0
CE01477,LOC068,Hub,2026-01-05T23:37:10,1.0,2969,5212,2296,122.8,67
CE01478,LOC066,Sort Facility,2025-10-09T15:30:00,1.0,3283,5052,2684,128.1,48
CE01479,LOC030,Warehouse,2025-02-22T11:19:59,0.49,2790,2069,0,30.0,0
CE01480,LOC042,Port,2024-12-21T07:26:01,0.64,809,777,0,30.0,0
CE01481,LOC013,Hub,2025-02-12T07:57:36,0.64,2712,2606,0,30.0,0
CE01482,LOC058,Hub,2026-01-03T04:45:07,0.42,4836,3036,0,30.0,0
CE01483,LOC066,Sort Facility,2025-04-16T15:42:14,1.0,3283,5179,2889,135.6,51
CE01484,LOC019,Airport,2025-07-30T00:05:43,0.61,3442,3159,0,30.0,0
CE01485,LOC055,Airport,2024-08-13T05:29:22,0.78,1469,1729,443,66.2,15
CE01486,LOC072,Airport,2025-04-20T17:10:15,0.63,4665,4381,0,30.0,0
CE01487,LOC046,Last Mile Facility,2025-06-02T10:03:50,1.0,1736,2856,1492,133.1,58
CE01488,LOC005,Sort Facility,2025-07-03T19:35:59,0.92,1284,1774,702,95.6,34
CE01489,LOC074,Warehouse,2025-05-04T20:58:30,0.69,325,334,5,31.8,2
CE01490,LOC012,Airport,2025-11-29T14:19:29,0.9,2463,3341,703,64.3,32
CE01491,LOC045,Distribution Center,2025-04-23T11:42:06,0.83,4759,5909,1070,57.0,21
CE01492,LOC070,Distribution Center,2025-10-22T16:15:19,0.32,4087,1935,0,30.0,0
CE01493,LOC034,Port,2026-05-25T00:50:21,0.76,1778,2027,470,61.7,12
CE01494,LOC044,Warehouse,2025-09-03T08:19:00,0.32,3843,1856,0,30.0,0
CE01495,LOC025,Warehouse,2025-10-09T23:29:47,0.75,491,550,88,51.5,10
CE01496,LOC041,Distribution Center,2024-01-09T19:29:13,0.64,4129,3991,0,30.0,0
CE01497,LOC035,Airport,2025-09-19T17:14:08,0.74,1822,2017,210,43.8,9
CE01498,LOC012,Airport,2024-03-26T22:00:36,1.0,2463,3956,963,76.9,54
CE01499,LOC074,Warehouse,2025-09-27T00:42:46,0.5,325,243,0,30.0,0
CE01500,LOC067,Warehouse,2025-07-03T07:36:33,0.31,3061,1406,0,30.0,0
CE01501,LOC003,Warehouse,2024-08-05T08:58:44,0.31,3544,1628,0,30.0,0
CE01502,LOC059,Distribution Center,2025-12-10T18:04:59,0.41,4161,2549,0,30.0,0
CE01503,LOC028,Hub,2025-03-01T23:11:23,0.6,4698,4199,0,30.0,0
CE01504,LOC071,Last Mile Facility,2024-01-31T06:15:10,0.86,4596,5917,1605,71.9,25
CE01505,LOC009,Sort Facility,2024-11-10T03:03:02,0.68,3105,3152,69,32.7,1
CE01506,LOC040,Distribution Center,2024-11-20T01:30:31,0.84,2337,2956,319,46.4,23
CE01507,LOC072,Airport,2025-02-01T13:44:13,1.0,4665,7735,1996,81.3,59
CE01508,LOC023,Port,2025-04-02T22:49:28,0.85,2668,3387,634,58.5,24
CE01509,LOC026,Distribution Center,2025-08-03T04:09:51,1.0,3661,6118,1582,81.9,60
CE01510,LOC039,Warehouse,2024-02-06T18:49:01,0.67,1629,1634,8,30.6,0
CE01511,LOC006,Sort Facility,2025-05-14T23:16:51,0.97,4943,7211,1591,68.6,41
CE01512,LOC071,Last Mile Facility,2025-10-26T02:17:36,1.0,4596,7180,1330,64.7,50
CE01513,LOC059,Distribution Center,2025-08-17T01:08:29,0.46,4161,2895,0,30.0,0
CE01514,LOC057,Distribution Center,2025-05-20T22:25:18,1.0,2059,3500,1365,109.6,62
CE01515,LOC047,Distribution Center,2026-05-16T22:17:21,0.84,4197,5279,612,47.5,23
CE01516,LOC009,Sort Facility,2026-05-19T21:16:44,0.76,3105,3531,500,49.3,12
CE01517,LOC014,Airport,2024-11-05T20:06:53,0.34,1578,798,0,30.0,0
CE01518,LOC061,Airport,2024-11-29T23:01:47,0.5,2149,1598,0,30.0,0
CE01519,LOC066,Sort Facility,2026-02-20T07:05:23,0.81,3283,3980,1143,71.8,19
CE01520,LOC049,Port,2025-11-14T16:14:04,0.43,1833,1175,0,30.0,0
CE01521,LOC073,Sort Facility,2025-03-01T14:04:54,1.0,3536,5605,3172,137.6,52
CE01522,LOC015,Last Mile Facility,2024-06-14T23:04:54,0.62,3252,3030,0,30.0,0
CE01523,LOC009,Sort Facility,2024-04-25T14:50:11,0.95,3105,4441,2583,129.8,38
CE01524,LOC030,Warehouse,2025-01-12T16:50:05,1.0,2790,4690,3220,168.5,61
CE01525,LOC061,Airport,2024-09-06T04:48:52,1.0,2149,3610,1472,112.2,61
CE01526,LOC062,Sort Facility,2025-05-20T14:53:13,0.56,3208,2703,0,30.0,0
CE01527,LOC064,Warehouse,2026-01-15T03:52:01,0.74,3291,3643,257,39.4,9
CE01528,LOC058,Hub,2025-12-30T22:05:19,0.77,4836,5585,762,48.9,13
CE01529,LOC065,Airport,2024-03-12T11:00:08,0.5,1748,1303,0,30.0,0
CE01530,LOC025,Warehouse,2025-08-28T22:36:11,0.3,491,218,0,30.0,0
CE01531,LOC061,Airport,2026-01-26T14:13:03,0.29,2149,950,0,30.0,0
CE01532,LOC028,Hub,2025-01-23T02:56:19,0.93,4698,6584,1710,73.7,36
CE01533,LOC047,Distribution Center,2025-03-11T04:28:24,1.0,4197,6588,3989,144.1,51
CE01534,LOC014,Airport,2026-06-29T11:55:38,0.67,1578,1586,9,30.7,0
CE01535,LOC051,Last Mile Facility,2025-08-05T13:43:13,1.0,2427,4004,2670,162.0,58
CE01536,LOC001,Last Mile Facility,2024-04-02T03:29:29,0.67,960,964,4,30.5,0
CE01537,LOC021,Port,2024-06-06T13:57:15,0.54,437,351,0,30.0,0
CE01538,LOC012,Airport,2024-03-28T04:06:09,0.53,2463,1958,0,30.0,0
CE01539,LOC037,Distribution Center,2025-06-16T08:28:52,0.56,2793,2341,0,30.0,0
CE01540,LOC012,Airport,2025-03-04T19:44:56,0.85,2463,3133,847,71.3,24
CE01541,LOC035,Airport,2026-04-15T14:12:20,0.81,1822,2210,693,75.6,19
CE01542,LOC019,Airport,2025-07-27T22:03:02,0.55,3442,2841,0,30.0,0
CE01543,LOC002,Port,2025-11-11T14:27:37,1.0,566,888,322,98.3,51
CE01544,LOC010,Last Mile Facility,2025-03-17T13:03:40,0.76,1628,1844,395,59.1,11
CE01545,LOC046,Last Mile Facility,2024-06-21T11:31:40,0.31,1736,810,0,30.0,0
CE01546,LOC057,Distribution Center,2026-01-02T23:30:09,0.46,2059,1417,0,30.0,0
CE01547,LOC043,Distribution Center,2024-07-27T14:29:51,0.99,4879,7217,2368,88.2,43
CE01548,LOC009,Sort Facility,2024-04-24T22:30:03,0.75,3105,3489,760,59.4,11
CE01549,LOC014,Airport,2025-05-19T03:56:01,0.85,1578,2007,339,55.8,24
CE01550,LOC049,Port,2025-10-04T18:44:19,0.28,1833,776,0,30.0,0
CE01551,LOC012,Airport,2024-08-23T18:29:31,0.41,2463,1509,0,30.0,0
CE01552,LOC045,Distribution Center,2024-08-21T16:02:53,0.42,4759,2976,0,30.0,0
CE01553,LOC016,Airport,2025-04-09T06:08:43,0.55,1121,924,0,30.0,0
CE01554,LOC046,Last Mile Facility,2026-06-10T19:33:23,0.8,1736,2091,426,59.4,18
CE01555,LOC063,Last Mile Facility,2024-11-06T16:19:41,1.0,3270,5518,3996,176.6,61
CE01556,LOC075,Distribution Center,2026-05-22T18:46:43,1.0,1059,1778,1119,156.8,61
CE01557,LOC029,Port,2024-05-16T17:04:12,0.43,2831,1829,0,30.0,0
CE01558,LOC057,Distribution Center,2025-11-11T19:33:42,0.82,2059,2541,454,56.5,21
CE01559,LOC003,Warehouse,2025-01-15T22:42:46,0.33,3544,1759,0,30.0,0
CE01560,LOC021,Port,2025-05-24T06:50:23,1.0,437,717,409,142.3,57
CE01561,LOC018,Hub,2026-06-08T17:02:24,1.0,261,402,148,98.0,48
CE01562,LOC060,Last Mile Facility,2026-04-29T02:10:16,0.62,723,677,0,30.0,0
CE01563,LOC067,Warehouse,2025-02-09T00:18:49,0.63,3061,2875,0,30.0,0
CE01564,LOC073,Sort Facility,2026-05-14T18:19:37,0.48,3536,2544,0,30.0,0
CE01565,LOC048,Sort Facility,2026-04-04T22:08:21,0.56,3574,3024,0,30.0,0
CE01566,LOC045,Distribution Center,2025-03-28T16:54:07,0.48,4759,3434,0,30.0,0
CE01567,LOC051,Last Mile Facility,2024-02-03T22:41:40,1.0,2427,4139,2442,150.7,63
CE01568,LOC006,Sort Facility,2024-08-06T05:00:37,0.62,4943,4628,0,30.0,0
CE01569,LOC002,Port,2024-04-15T15:22:09,0.45,566,384,0,30.0,0
CE01570,LOC033,Last Mile Facility,2025-05-02T17:19:23,0.71,4291,4581,281,37.9,6
CE01571,LOC045,Distribution Center,2025-07-15T03:36:57,0.84,4759,6004,1198,60.2,23
CE01572,LOC036,Airport,2025-11-23T14:08:01,1.0,2829,4491,1814,106.9,52
CE01573,LOC054,Port,2024-11-29T16:48:08,1.0,759,1220,775,152.5,54
CE01574,LOC041,Distribution Center,2024-10-13T01:14:16,0.81,4129,5039,1385,70.3,19
CE01575,LOC035,Airport,2025-05-14T01:42:24,0.7,1822,1909,173,41.4,4
CE01576,LOC051,Last Mile Facility,2025-12-28T12:28:25,0.34,2427,1225,0,30.0,0
CE01577,LOC063,Last Mile Facility,2024-12-19T16:36:38,0.66,3270,3216,0,30.0,0
CE01578,LOC023,Port,2025-12-16T20:00:24,0.63,2668,2526,0,30.0,0
CE01579,LOC067,Warehouse,2025-07-16T15:56:10,0.39,3061,1770,0,30.0,0
CE01580,LOC064,Warehouse,2025-06-01T07:35:27,0.6,3291,2969,0,30.0,0
CE01581,LOC029,Port,2024-11-05T02:42:18,0.51,2831,2176,0,30.0,0
CE01582,LOC070,Distribution Center,2025-02-06T09:10:57,0.31,4087,1872,0,30.0,0
CE01583,LOC063,Last Mile Facility,2025-01-31T16:25:40,1.0,3270,5606,2177,109.9,64
CE01584,LOC046,Last Mile Facility,2024-02-05T22:39:31,0.71,1736,1858,77,35.3,6
CE01585,LOC054,Port,2024-08-05T21:38:32,0.28,759,322,0,30.0,0
CE01586,LOC006,Sort Facility,2024-07-04T03:44:29,0.47,4943,3498,0,30.0,0
CE01587,LOC068,Hub,2025-09-30T02:56:57,0.73,2969,3262,291,41.8,8
CE01588,LOC008,Airport,2025-10-25T20:03:06,0.74,1075,1187,187,50.9,9
CE01589,LOC017,Hub,2025-09-07T15:25:56,1.0,1600,2811,1225,121.9,68
CE01590,LOC057,Distribution Center,2026-01-25T12:43:22,0.9,2059,2791,1130,95.9,31
CE01591,LOC034,Port,2024-03-15T14:43:42,0.86,1778,2287,869,88.7,25
CE01592,LOC036,Airport,2026-03-31T20:04:56,0.86,2829,3667,1243,82.7,26
CE01593,LOC014,Airport,2024-04-03T15:38:17,1.0,1578,2581,505,68.4,57
CE01594,LOC008,Airport,2026-03-06T18:29:57,0.49,1075,794,0,30.0,0
CE01595,LOC013,Hub,2025-08-03T04:08:00,1.0,2712,4591,1235,84.6,62
CE01596,LOC063,Last Mile Facility,2024-01-26T04:01:37,0.53,3270,2619,0,30.0,0
CE01597,LOC067,Warehouse,2026-05-28T19:22:07,0.45,3061,2088,0,30.0,0
CE01598,LOC047,Distribution Center,2025-11-10T04:15:18,0.42,4197,2669,0,30.0,0
CE01599,LOC067,Warehouse,2024-02-19T20:10:43,0.59,3061,2690,0,30.0,0
CE01600,LOC030,Warehouse,2026-02-22T06:22:09,1.0,2790,4995,3645,186.8,71
CE01601,LOC004,Warehouse,2025-05-23T02:03:13,0.88,869,1151,403,85.7,29
CE01602,LOC006,Sort Facility,2026-04-17T00:16:12,0.69,4943,5115,102,32.5,3
CE01603,LOC008,Airport,2026-02-03T07:26:33,1.0,1075,1622,1023,144.2,45
CE01604,LOC071,Last Mile Facility,2025-03-15T01:49:20,1.0,4596,6951,3003,108.4,46
CE01605,LOC028,Hub,2026-06-11T22:40:26,0.7,4698,4916,156,34.0,4
CE01606,LOC056,Warehouse,2025-06-02T11:11:51,0.32,3011,1467,0,30.0,0
CE01607,LOC017,Hub,2024-04-14T06:01:21,1.0,1600,2767,1782,163.7,65
CE01608,LOC034,Port,2024-04-27T08:48:14,0.8,1778,2132,374,55.2,17
CE01609,LOC054,Port,2026-05-28T04:09:55,0.48,759,551,0,30.0,0
CE01610,LOC015,Last Mile Facility,2024-05-23T03:21:33,0.56,3252,2720,0,30.0,0
CE01611,LOC006,Sort Facility,2026-05-17T06:35:01,1.0,4943,7882,3746,120.9,53
CE01612,LOC065,Airport,2024-06-23T12:08:58,0.76,1748,1988,196,43.5,12
CE01613,LOC057,Distribution Center,2026-04-06T01:32:26,1.0,2059,3155,1415,112.5,47
CE01614,LOC008,Airport,2024-09-02T19:00:54,0.64,1075,1033,0,30.0,0
CE01615,LOC062,Sort Facility,2026-03-08T16:40:51,0.75,3208,3596,767,58.7,10
CE01616,LOC067,Warehouse,2024-05-16T06:49:15,0.85,3061,3914,1257,79.3,25
CE01617,LOC011,Warehouse,2026-06-10T13:29:01,0.77,2988,3469,955,68.4,14
CE01618,LOC067,Warehouse,2025-12-28T16:57:44,1.0,3061,5132,3058,149.9,60
CE01619,LOC031,Hub,2024-10-23T12:48:00,0.79,4593,5466,570,44.9,17
CE01620,LOC030,Warehouse,2024-04-23T12:45:09,0.33,2790,1378,0,30.0,0
CE01621,LOC050,Airport,2025-10-31T10:51:30,0.74,3355,3723,657,53.5,9
CE01622,LOC065,Airport,2025-03-06T02:16:19,0.44,1748,1159,0,30.0,0
CE01623,LOC063,Last Mile Facility,2025-12-24T11:07:11,0.52,3270,2569,0,30.0,0
CE01624,LOC075,Distribution Center,2025-12-02T01:15:28,0.71,1059,1124,90,40.2,5
CE01625,LOC066,Sort Facility,2024-08-24T10:37:31,1.0,3283,4924,1265,76.2,44
CE01626,LOC010,Last Mile Facility,2025-05-28T07:18:09,0.82,1628,1999,677,79.9,20
CE01627,LOC030,Warehouse,2024-04-23T10:35:55,0.71,2790,2971,187,38.0,5
CE01628,LOC029,Port,2024-10-09T05:17:27,0.31,2831,1320,0,30.0,0
CE01629,LOC021,Port,2026-06-12T13:53:47,0.59,437,388,0,30.0,0
CE01630,LOC019,Airport,2025-06-11T21:01:28,1.0,3442,5645,4101,173.0,57
CE01631,LOC047,Distribution Center,2025-12-06T08:06:07,0.96,4197,6060,1845,82.8,39
CE01632,LOC003,Warehouse,2026-03-30T18:36:09,0.43,3544,2274,0,30.0,0
CE01633,LOC027,Distribution Center,2025-11-02T16:56:05,0.31,300,140,0,30.0,0
CE01634,LOC031,Hub,2024-02-03T08:57:50,0.6,4593,4108,0,30.0,0
CE01635,LOC026,Distribution Center,2025-09-15T15:44:23,0.89,3661,4892,957,61.4,30
CE01636,LOC062,Sort Facility,2026-06-11T19:46:47,0.69,3208,3324,108,34.0,3
CE01637,LOC039,Warehouse,2025-04-01T10:10:19,0.58,1629,1419,0,30.0,0
CE01638,LOC056,Warehouse,2024-01-10T20:53:33,0.36,3011,1634,0,30.0,0
CE01639,LOC045,Distribution Center,2025-08-28T18:17:47,0.73,4759,5196,312,37.9,8
CE01640,LOC059,Distribution Center,2024-01-30T07:35:10,1.0,4161,6404,3822,140.2,48
CE01641,LOC064,Warehouse,2024-01-14T06:18:58,0.78,3291,3875,646,53.6,15
CE01642,LOC012,Airport,2024-12-15T21:10:50,0.6,2463,2225,0,30.0,0
CE01643,LOC056,Warehouse,2025-05-15T19:21:29,0.5,3011,2257,0,30.0,0
CE01644,LOC044,Warehouse,2025-10-25T13:17:35,0.47,3843,2720,0,30.0,0
CE01645,LOC043,Distribution Center,2024-08-21T18:51:26,0.96,4879,7039,1703,71.9,39
CE01646,LOC016,Airport,2025-02-06T02:44:14,0.86,1121,1452,623,96.7,26
CE01647,LOC037,Distribution Center,2024-12-12T05:56:27,1.0,2793,4834,1209,81.9,65
CE01648,LOC007,Warehouse,2026-06-26T19:08:03,0.57,2658,2289,0,30.0,0
CE01649,LOC052,Hub,2025-05-22T09:14:57,0.63,2030,1917,0,30.0,0
CE01650,LOC057,Distribution Center,2026-04-06T23:58:43,0.96,2059,2979,461,56.9,40
CE01651,LOC051,Last Mile Facility,2025-12-12T02:16:50,0.46,2427,1687,0,30.0,0
CE01652,LOC071,Last Mile Facility,2024-11-07T04:54:05,0.55,4596,3801,0,30.0,0
CE01653,LOC062,Sort Facility,2026-06-11T08:36:58,1.0,3208,5159,3804,172.3,54
CE01654,LOC004,Warehouse,2025-07-04T22:08:07,0.28,869,365,0,30.0,0
CE01655,LOC008,Airport,2026-06-15T02:45:12,0.9,1075,1451,203,52.7,31
CE01656,LOC024,Airport,2024-08-25T01:31:07,0.85,1595,2025,295,52.2,24
CE01657,LOC033,Last Mile Facility,2024-10-20T08:44:25,0.74,4291,4755,874,54.4,9
CE01658,LOC023,Port,2024-08-18T08:25:15,0.42,2668,1674,0,30.0,0
CE01659,LOC031,Hub,2024-11-16T05:36:42,0.76,4593,5212,1056,57.6,12
CE01660,LOC057,Distribution Center,2025-04-24T05:01:48,0.27,2059,823,0,30.0,0
CE01661,LOC075,Distribution Center,2024-10-09T02:02:37,1.0,1059,1673,1010,144.4,52
CE01662,LOC053,Distribution Center,2024-06-05T17:41:38,1.0,1247,1988,1017,127.9,53
CE01663,LOC008,Airport,2024-02-10T17:43:11,0.43,1075,697,0,30.0,0
CE01664,LOC042,Port,2026-04-08T15:24:55,0.91,809,1104,468,99.4,32
CE01665,LOC073,Sort Facility,2024-03-02T06:53:56,1.0,3536,6112,1898,94.4,65
CE01666,LOC035,Airport,2024-07-16T18:57:56,1.0,1822,3157,1258,112.9,65
CE01667,LOC064,Warehouse,2026-04-18T23:30:07,0.48,3291,2386,0,30.0,0
CE01668,LOC031,Hub,2025-06-25T09:45:08,0.66,4593,4574,0,30.0,0
CE01669,LOC039,Warehouse,2024-04-17T14:27:23,0.86,1629,2107,247,48.2,26
CE01670,LOC030,Warehouse,2025-05-23T16:37:57,0.42,2790,1768,0,30.0,0
CE01671,LOC063,Last Mile Facility,2025-05-04T20:35:14,0.48,3270,2356,0,30.0,0
CE01672,LOC053,Distribution Center,2024-12-23T10:53:36,0.81,1247,1517,508,78.9,19
CE01673,LOC049,Port,2024-11-20T08:53:55,0.93,1833,2559,1253,112.0,35
CE01674,LOC063,Last Mile Facility,2024-11-09T07:58:27,1.0,3270,5729,3444,156.4,67
CE01675,LOC004,Warehouse,2025-04-15T14:01:50,1.0,869,1408,747,133.2,55
CE01676,LOC063,Last Mile Facility,2024-09-10T15:51:06,1.0,3270,4916,2691,128.8,45
CE01677,LOC046,Last Mile Facility,2025-10-21T02:26:25,0.54,1736,1396,0,30.0,0
CE01678,LOC007,Warehouse,2025-02-25T02:31:05,1.0,2658,4033,2378,137.4,46
CE01679,LOC042,Port,2024-12-27T22:04:51,1.0,809,1399,1057,186.8,65
CE01680,LOC004,Warehouse,2024-12-03T11:08:16,0.77,869,1008,215,59.7,14
CE01681,LOC033,Last Mile Facility,2025-07-06T00:12:47,0.9,4291,5789,1575,74.0,31
CE01682,LOC025,Warehouse,2024-02-12T09:41:06,0.62,491,457,0,30.0,0
CE01683,LOC041,Distribution Center,2024-08-01T07:22:06,0.68,4129,4184,55,31.6,1
CE01684,LOC047,Distribution Center,2025-11-13T23:00:08,0.96,4197,6035,1733,79.5,39
CE01685,LOC036,Airport,2024-07-10T05:52:37,0.96,2829,4054,868,66.8,38
CE01686,LOC065,Airport,2025-08-05T17:15:41,0.29,1748,770,0,30.0,0
CE01687,LOC007,Warehouse,2024-02-09T11:52:16,1.0,2658,4717,1518,98.5,69
CE01688,LOC030,Warehouse,2025-11-20T15:44:50,1.0,2790,4346,812,64.9,50
CE01689,LOC008,Airport,2024-11-20T00:35:17,0.58,1075,931,0,30.0,0
CE01690,LOC039,Warehouse,2025-08-13T22:57:27,0.84,1629,2043,308,52.7,22
CE01691,LOC019,Airport,2024-03-17T10:50:30,0.54,3442,2778,0,30.0,0
CE01692,LOC009,Sort Facility,2025-11-25T02:22:23,1.0,3105,5303,3354,159.6,63
CE01693,LOC055,Airport,2025-11-12T06:12:42,0.7,1469,1540,132,40.8,4
CE01694,LOC047,Distribution Center,2025-09-12T02:26:31,0.8,4197,5024,1032,59.5,17
CE01695,LOC064,Warehouse,2024-11-04T13:45:05,1.0,3291,5625,1719,92.7,63
CE01696,LOC033,Last Mile Facility,2024-11-15T10:31:35,0.49,4291,3153,0,30.0,0
CE01697,LOC007,Warehouse,2025-08-14T02:15:01,0.68,2658,2713,69,33.1,1
CE01698,LOC034,Port,2024-07-12T15:15:48,0.66,1778,1770,0,30.0,0
CE01699,LOC068,Hub,2024-05-24T05:45:59,0.57,2969,2534,0,30.0,0
CE01700,LOC019,Airport,2024-09-29T00:04:52,0.34,3442,1736,0,30.0,0
CE01701,LOC073,Sort Facility,2026-02-26T03:16:09,0.74,3536,3951,764,55.9,10
CE01702,LOC052,Hub,2026-06-17T08:43:06,0.73,2030,2225,304,48.0,8
CE01703,LOC014,Airport,2026-03-13T08:22:24,0.9,1578,2123,755,87.4,31
CE01704,LOC015,Last Mile Facility,2024-07-08T01:26:41,0.79,3252,3832,341,42.6,16
CE01705,LOC021,Port,2024-09-10T00:43:05,0.45,437,293,0,30.0,0
CE01706,LOC062,Sort Facility,2024-11-21T15:52:12,0.6,3208,2866,0,30.0,0
CE01707,LOC048,Sort Facility,2024-07-05T23:17:00,0.73,3574,3931,700,53.5,8
CE01708,LOC017,Hub,2026-01-29T19:17:01,0.82,1600,1973,519,68.9,20
CE01709,LOC004,Warehouse,2025-07-10T17:45:38,0.63,869,820,0,30.0,0
CE01710,LOC072,Airport,2025-05-07T06:07:37,0.48,4665,3330,0,30.0,0
CE01711,LOC062,Sort Facility,2025-10-06T21:05:19,0.48,3208,2291,0,30.0,0
CE01712,LOC012,Airport,2024-10-23T16:17:35,0.56,2463,2069,0,30.0,0
CE01713,LOC066,Sort Facility,2024-11-22T17:34:33,0.42,3283,2050,0,30.0,0
CE01714,LOC064,Warehouse,2024-05-21T00:55:58,1.0,3291,5295,1720,92.7,54
CE01715,LOC075,Distribution Center,2026-02-26T10:58:53,0.72,1059,1143,127,44.4,7
CE01716,LOC027,Distribution Center,2025-07-13T00:29:47,0.94,300,422,65,56.0,36
CE01717,LOC056,Warehouse,2026-01-12T12:20:49,0.69,3011,3133,228,39.1,3
CE01718,LOC075,Distribution Center,2025-01-31T13:41:50,0.31,1059,498,0,30.0,0
CE01719,LOC015,Last Mile Facility,2026-03-01T07:01:30,0.89,3252,4323,1614,89.6,29
CE01720,LOC045,Distribution Center,2024-06-22T23:22:39,0.57,4759,4048,0,30.0,0
CE01721,LOC003,Warehouse,2025-12-10T20:28:14,0.27,3544,1448,0,30.0,0
CE01722,LOC061,Airport,2024-01-26T01:56:47,0.54,2149,1734,0,30.0,0
CE01723,LOC041,Distribution Center,2024-01-12T06:30:29,0.82,4129,5084,940,57.3,20
CE01724,LOC045,Distribution Center,2025-08-13T08:30:46,0.32,4759,2298,0,30.0,0
CE01725,LOC049,Port,2025-10-14T11:15:18,0.87,1833,2395,466,60.5,27
CE01726,LOC046,Last Mile Facility,2025-09-13T20:34:36,0.52,1736,1346,0,30.0,0
CE01727,LOC057,Distribution Center,2024-06-04T10:43:54,0.81,2059,2489,516,60.1,18
CE01728,LOC034,Port,2025-07-04T23:28:11,1.0,1778,3089,2496,198.5,66
CE01729,LOC023,Port,2025-07-13T20:24:14,0.67,2668,2664,0,30.0,0
CE01730,LOC063,Last Mile Facility,2025-04-26T12:57:22,0.47,3270,2321,0,30.0,0
CE01731,LOC015,Last Mile Facility,2024-04-11T10:46:09,0.67,3252,3253,1,30.0,0
CE01732,LOC033,Last Mile Facility,2025-11-05T10:14:36,0.66,4291,4240,0,30.0,0
CE01733,LOC055,Airport,2025-04-12T02:42:04,0.53,1469,1171,0,30.0,0
CE01734,LOC039,Warehouse,2024-12-22T07:07:01,1.0,1629,2538,710,82.3,50
CE01735,LOC060,Last Mile Facility,2024-05-11T04:34:44,1.0,723,1087,667,140.7,45
CE01736,LOC039,Warehouse,2025-08-28T08:33:17,0.46,1629,1126,0,30.0,0
CE01737,LOC048,Sort Facility,2026-01-02T05:37:44,0.27,3574,1469,0,30.0,0
CE01738,LOC035,Airport,2024-01-25T14:55:54,1.0,1822,3224,2656,204.9,69
CE01739,LOC009,Sort Facility,2025-03-02T18:09:34,0.98,3105,4549,1989,106.9,41
CE01740,LOC061,Airport,2025-05-17T04:24:50,0.52,2149,1689,0,30.0,0
CE01741,LOC056,Warehouse,2024-03-11T11:29:50,0.33,3011,1483,0,30.0,0
CE01742,LOC029,Port,2024-08-06T15:00:41,0.34,2831,1448,0,30.0,0
CE01743,LOC058,Hub,2025-01-21T19:19:22,0.33,4836,2415,0,30.0,0
CE01744,LOC069,Port,2024-10-02T12:23:59,0.79,4167,4912,949,57.3,16
CE01745,LOC067,Warehouse,2026-05-27T01:02:24,0.64,3061,2938,0,30.0,0
CE01746,LOC022,Hub,2024-01-15T09:45:28,1.0,479,831,651,193.1,66
CE01747,LOC073,Sort Facility,2024-07-17T18:15:30,0.53,3536,2826,0,30.0,0
CE01748,LOC058,Hub,2026-03-16T15:37:49,0.38,4836,2777,0,30.0,0
CE01749,LOC050,Airport,2024-08-29T23:05:27,1.0,3355,5189,3082,140.2,49
CE01750,LOC022,Hub,2024-08-05T19:47:38,0.83,479,598,82,50.5,22
CE01751,LOC017,Hub,2025-12-30T19:53:13,0.38,1600,918,0,30.0,0
CE01752,LOC002,Port,2024-03-01T13:40:58,1.0,566,954,387,112.0,61
CE01753,LOC006,Sort Facility,2024-04-05T01:00:36,0.33,4943,2414,0,30.0,0
CE01754,LOC065,Airport,2024-11-21T22:51:54,0.81,1748,2118,563,68.6,19
CE01755,LOC010,Last Mile Facility,2025-03-31T06:59:06,0.64,1628,1568,0,30.0,0
CE01756,LOC013,Hub,2025-07-31T10:07:51,1.0,2712,4052,2255,129.8,44
CE01757,LOC016,Airport,2025-10-06T11:42:43,0.39,1121,653,0,30.0,0
CE01758,LOC029,Port,2024-09-01T15:22:49,0.53,2831,2265,0,30.0,0
CE01759,LOC059,Distribution Center,2025-10-13T06:22:06,0.41,4161,2542,0,30.0,0
CE01760,LOC071,Last Mile Facility,2024-09-24T20:16:59,0.56,4596,3869,0,30.0,0
CE01761,LOC055,Airport,2024-09-28T06:57:25,0.43,1469,954,0,30.0,0
CE01762,LOC048,Sort Facility,2026-03-16T14:47:50,1.0,3574,5606,1033,64.7,51
CE01763,LOC002,Port,2024-08-23T03:52:26,0.63,566,532,0,30.0,0
CE01764,LOC056,Warehouse,2024-10-09T03:05:11,0.94,3011,4230,2065,112.3,36
CE01765,LOC035,Airport,2025-07-21T02:43:18,0.38,1822,1038,0,30.0,0
CE01766,LOC002,Port,2024-06-18T22:24:48,0.38,566,321,0,30.0,0
CE01767,LOC039,Warehouse,2024-09-09T05:43:51,1.0,1629,2539,1165,115.8,50
CE01768,LOC023,Port,2024-02-16T13:44:24,0.61,2668,2449,0,30.0,0
CE01769,LOC004,Warehouse,2026-02-11T22:12:34,1.0,869,1387,651,119.9,53
CE01770,LOC025,Warehouse,2024-11-13T00:32:17,0.76,491,563,83,50.3,13
CE01771,LOC001,Last Mile Facility,2025-04-20T10:55:24,0.45,960,654,0,30.0,0
CE01772,LOC059,Distribution Center,2025-09-19T01:19:22,1.0,4161,6619,3967,144.4,53
CE01773,LOC040,Distribution Center,2025-08-02T17:18:44,0.34,2337,1189,0,30.0,0
CE01774,LOC066,Sort Facility,2025-02-15T22:40:37,0.3,3283,1479,0,30.0,0
CE01775,LOC004,Warehouse,2025-05-13T18:27:33,1.0,869,1404,431,89.5,55
CE01776,LOC040,Distribution Center,2024-02-14T05:44:36,0.88,2337,3073,717,66.8,28
CE01777,LOC067,Warehouse,2024-02-10T03:00:48,0.88,3061,4052,1164,75.6,29
CE01778,LOC062,Sort Facility,2025-05-30T02:16:29,0.57,3208,2726,0,30.0,0
CE01779,LOC052,Hub,2024-02-14T06:26:27,0.4,2030,1229,0,30.0,0
CE01780,LOC056,Warehouse,2025-12-31T21:35:53,0.53,3011,2377,0,30.0,0
CE01781,LOC023,Port,2024-02-23T03:55:02,0.55,2668,2198,0,30.0,0
CE01782,LOC056,Warehouse,2024-08-12T05:24:55,0.36,3011,1630,0,30.0,0
CE01783,LOC056,Warehouse,2025-09-25T06:27:15,0.93,3011,4196,832,63.2,35
CE01784,LOC063,Last Mile Facility,2024-03-13T05:37:30,1.0,3270,4954,2661,127.7,46
CE01785,LOC047,Distribution Center,2026-04-18T01:04:58,1.0,4197,6604,4022,145.0,51
CE01786,LOC052,Hub,2025-08-08T16:56:58,0.41,2030,1252,0,30.0,0
CE01787,LOC071,Last Mile Facility,2026-03-26T21:02:48,0.53,4596,3624,0,30.0,0
CE01788,LOC006,Sort Facility,2024-09-20T16:22:28,0.58,4943,4319,0,30.0,0
CE01789,LOC066,Sort Facility,2024-09-02T17:06:04,0.74,3283,3643,602,52.0,9
CE01790,LOC057,Distribution Center,2024-06-04T12:34:01,0.54,2059,1654,0,30.0,0
CE01791,LOC020,Last Mile Facility,2024-01-24T04:56:46,0.57,1116,953,0,30.0,0
CE01792,LOC026,Distribution Center,2025-06-25T15:13:32,0.88,3661,4827,2268,104.3,28
CE01793,LOC021,Port,2024-12-11T22:50:45,1.0,437,725,484,162.9,59
CE01794,LOC038,Airport,2024-05-23T02:37:40,0.71,1463,1569,87,37.1,6
CE01795,LOC033,Last Mile Facility,2025-10-14T06:22:05,0.34,4291,2215,0,30.0,0
CE01796,LOC012,Airport,2024-04-13T00:48:08,0.8,2463,2971,768,67.4,18
CE01797,LOC068,Hub,2024-06-23T14:58:13,0.68,2969,3009,69,32.8,1
CE01798,LOC057,Distribution Center,2026-01-08T22:59:06,0.38,2059,1159,0,30.0,0
CE01799,LOC050,Airport,2025-12-22T11:19:44,1.0,3355,5908,2840,131.6,68
CE01800,LOC044,Warehouse,2025-10-06T19:11:10,0.82,3843,4733,1527,77.7,20
CE01801,LOC012,Airport,2026-04-13T18:38:25,0.58,2463,2134,0,30.0,0
CE01802,LOC004,Warehouse,2025-11-15T03:53:32,0.87,869,1129,270,67.3,26
CE01803,LOC072,Airport,2024-07-27T18:59:46,0.55,4665,3876,0,30.0,0
CE01804,LOC016,Airport,2024-01-02T02:54:15,0.92,1121,1553,352,67.7,34
CE01805,LOC025,Warehouse,2025-04-28T18:59:05,0.32,491,236,0,30.0,0
CE01806,LOC041,Distribution Center,2026-01-09T19:38:36,1.0,4129,6273,1546,74.9,46
CE01807,LOC050,Airport,2025-12-30T07:44:35,0.65,3355,3291,0,30.0,0
CE01808,LOC030,Warehouse,2025-02-03T00:29:43,0.59,2790,2489,0,30.0,0
CE01809,LOC058,Hub,2024-07-18T03:35:26,1.0,4836,8198,2482,91.6,62
CE01810,LOC017,Hub,2025-05-16T13:42:24,1.0,1600,2702,1440,138.0,61
CE01811,LOC029,Port,2026-04-18T20:08:26,0.5,2831,2120,0,30.0,0
CE01812,LOC019,Airport,2025-07-21T21:54:42,0.72,3442,3734,446,45.5,7
CE01813,LOC048,Sort Facility,2024-05-29T17:59:19,0.6,3574,3207,0,30.0,0
CE01814,LOC031,Hub,2026-01-12T05:17:47,0.65,4593,4452,0,30.0,0
CE01815,LOC062,Sort Facility,2026-02-04T12:58:45,0.5,3208,2430,0,30.0,0
CE01816,LOC026,Distribution Center,2026-06-06T09:21:12,0.77,3661,4232,1137,67.3,14
CE01817,LOC031,Hub,2024-10-31T22:06:48,1.0,4593,7463,2966,107.5,56
CE01818,LOC068,Hub,2024-07-14T11:23:36,1.0,2969,4640,972,69.3,50
CE01819,LOC045,Distribution Center,2024-12-06T16:30:41,0.39,4759,2811,0,30.0,0
CE01820,LOC050,Airport,2026-03-10T14:40:32,0.63,3355,3165,0,30.0,0
CE01821,LOC013,Hub,2024-07-20T15:34:42,0.6,2712,2434,0,30.0,0
CE01822,LOC004,Warehouse,2024-08-09T12:20:48,0.35,869,454,0,30.0,0
CE01823,LOC030,Warehouse,2024-12-16T09:10:55,0.54,2790,2268,0,30.0,0
CE01824,LOC033,Last Mile Facility,2024-05-07T16:13:38,0.82,4291,5258,1542,73.1,20
CE01825,LOC013,Hub,2024-05-27T05:59:49,1.0,2712,4113,2059,121.1,46
CE01826,LOC027,Distribution Center,2025-09-19T08:11:30,0.84,300,380,105,72.0,24
CE01827,LOC020,Last Mile Facility,2025-03-14T12:53:54,0.32,1116,529,0,30.0,0
CE01828,LOC014,Airport,2024-06-12T11:11:31,0.72,1578,1696,164,42.5,6
CE01829,LOC056,Warehouse,2025-01-23T00:25:42,0.99,3011,4482,2757,139.9,43
CE01830,LOC031,Hub,2024-12-17T10:13:11,0.7,4593,4811,417,40.9,4
CE01831,LOC075,Distribution Center,2025-01-24T09:40:52,0.53,1059,840,0,30.0,0
CE01832,LOC052,Hub,2024-10-13T19:23:03,0.36,2030,1101,0,30.0,0
CE01833,LOC053,Distribution Center,2025-04-12T18:07:31,0.32,1247,604,0,30.0,0
CE01834,LOC073,Sort Facility,2025-05-25T12:03:22,0.58,3536,3097,0,30.0,0
CE01835,LOC044,Warehouse,2025-12-18T22:10:10,0.48,3843,2742,0,30.0,0
CE01836,LOC042,Port,2026-03-18T15:54:28,0.3,809,361,0,30.0,0
CE01837,LOC003,Warehouse,2026-03-13T23:35:28,0.64,3544,3397,0,30.0,0
CE01838,LOC068,Hub,2026-06-15T14:20:57,1.0,2969,4992,3499,171.4,61
CE01839,LOC006,Sort Facility,2025-02-18T08:15:40,0.78,4943,5784,1271,60.9,15
CE01840,LOC026,Distribution Center,2024-07-23T14:23:47,1.0,3661,5794,1355,74.4,52
CE01841,LOC068,Hub,2025-05-24T10:38:20,1.0,2969,4601,1402,86.7,49
CE01842,LOC027,Distribution Center,2025-10-17T14:04:53,0.33,300,149,0,30.0,0
CE01843,LOC063,Last Mile Facility,2025-08-05T04:27:51,1.0,3270,5257,1672,91.4,54
CE01844,LOC074,Warehouse,2024-08-13T14:13:52,1.0,325,487,155,87.2,44
CE01845,LOC009,Sort Facility,2026-06-19T00:25:31,0.35,3105,1620,0,30.0,0
CE01846,LOC046,Last Mile Facility,2024-02-23T04:00:43,0.57,1736,1494,0,30.0,0
CE01847,LOC055,Airport,2025-08-21T02:57:33,1.0,1469,2457,1427,146.6,60
CE01848,LOC022,Hub,2024-03-15T14:15:24,0.75,479,536,84,51.0,10
CE01849,LOC051,Last Mile Facility,2024-11-03T10:06:11,0.82,2427,2992,1105,84.6,20
CE01850,LOC065,Airport,2024-10-09T23:52:55,0.32,1748,845,0,30.0,0
CE01851,LOC034,Port,2024-01-23T05:57:10,1.0,1778,2752,1895,157.9,49
CE01852,LOC035,Airport,2024-08-10T01:43:43,0.65,1822,1783,0,30.0,0
CE01853,LOC033,Last Mile Facility,2024-02-22T23:51:48,0.58,4291,3756,0,30.0,0
CE01854,LOC030,Warehouse,2025-01-04T10:55:12,0.86,2790,3609,585,55.2,26
CE01855,LOC012,Airport,2024-09-08T11:31:04,0.91,2463,3344,888,73.3,32
CE01856,LOC031,Hub,2025-09-08T08:25:08,0.45,4593,3129,0,30.0,0
CE01857,LOC055,Airport,2025-05-16T00:52:43,0.95,1469,2089,756,91.8,37
CE01858,LOC001,Last Mile Facility,2024-01-19T04:40:26,0.3,960,431,0,30.0,0
CE01859,LOC022,Hub,2026-06-07T16:56:21,1.0,479,727,447,142.0,46
CE01860,LOC062,Sort Facility,2026-01-16T20:38:32,0.29,3208,1415,0,30.0,0
CE01861,LOC065,Airport,2026-01-21T15:02:37,1.0,1748,2698,692,77.5,48
CE01862,LOC008,Airport,2025-06-18T05:35:14,0.75,1075,1217,102,41.4,11
CE01863,LOC069,Port,2024-10-18T15:45:45,0.55,4167,3449,0,30.0,0
CE01864,LOC042,Port,2026-06-15T15:37:51,1.0,809,1450,755,142.0,71
CE01865,LOC048,Sort Facility,2025-09-22T03:59:01,0.28,3574,1480,0,30.0,0
CE01866,LOC058,Hub,2025-12-03T07:39:46,1.0,4836,7521,2929,102.7,49
CE01867,LOC018,Hub,2024-11-29T17:40:25,1.0,261,404,275,156.4,49
CE01868,LOC068,Hub,2025-12-05T00:16:54,0.67,2969,2990,14,30.6,0
CE01869,LOC048,Sort Facility,2025-02-12T06:04:01,0.84,3574,4490,1447,78.6,23
CE01870,LOC062,Sort Facility,2026-04-27T23:51:36,0.99,3208,4763,2471,122.4,43
CE01871,LOC060,Last Mile Facility,2025-11-14T07:16:52,0.78,723,851,95,45.8,15
CE01872,LOC066,Sort Facility,2024-07-02T00:36:55,0.64,3283,3172,0,30.0,0
CE01873,LOC049,Port,2025-03-09T21:15:08,0.28,1833,769,0,30.0,0
CE01874,LOC043,Distribution Center,2026-03-10T05:36:40,1.0,4879,7305,1603,69.4,44
CE01875,LOC044,Warehouse,2025-06-08T01:19:56,1.0,3843,6004,3293,132.8,50
CE01876,LOC016,Airport,2025-06-07T21:45:44,0.81,1121,1356,432,76.2,18
CE01877,LOC027,Distribution Center,2024-10-16T10:29:26,1.0,300,528,198,109.2,68
CE01878,LOC022,Hub,2025-01-31T13:41:35,0.52,479,375,0,30.0,0
CE01879,LOC029,Port,2025-06-13T16:46:02,0.94,2831,3980,1846,108.2,36
CE01880,LOC070,Distribution Center,2026-01-27T01:55:00,1.0,4087,6894,4212,153.7,61
CE01881,LOC020,Last Mile Facility,2026-05-02T16:30:16,0.56,1116,930,0,30.0,0
CE01882,LOC052,Hub,2025-12-09T20:41:37,1.0,2030,3201,1622,125.9,51
CE01883,LOC020,Last Mile Facility,2024-05-29T21:54:28,1.0,1116,1858,662,101.2,59
CE01884,LOC068,Hub,2025-06-15T20:39:57,0.45,2969,2010,0,30.0,0
CE01885,LOC072,Airport,2026-03-17T08:26:28,1.0,4665,7946,2044,82.6,63
CE01886,LOC017,Hub,2025-02-12T08:15:21,1.0,1600,2752,1307,128.0,64
CE01887,LOC058,Hub,2024-04-08T01:12:03,0.65,4836,4724,0,30.0,0
CE01888,LOC002,Port,2025-07-21T15:55:43,0.73,566,618,51,40.8,8
CE01889,LOC053,Distribution Center,2025-10-24T13:36:49,0.4,1247,743,0,30.0,0
CE01890,LOC048,Sort Facility,2024-02-09T11:30:07,1.0,3574,6203,4847,192.7,66
CE01891,LOC028,Hub,2026-04-24T00:23:33,0.48,4698,3377,0,30.0,0
CE01892,LOC034,Port,2024-07-15T02:07:38,0.48,1778,1284,0,30.0,0
CE01893,LOC073,Sort Facility,2024-05-26T22:19:45,0.99,3536,5233,1242,72.1,43
CE01894,LOC036,Airport,2024-12-18T19:50:08,0.66,2829,2806,0,30.0,0
CE01895,LOC038,Airport,2025-12-11T14:21:16,0.83,1463,1832,325,56.7,22
CE01896,LOC033,Last Mile Facility,2024-06-21T15:29:11,0.88,4291,5649,2264,93.3,28
CE01897,LOC061,Airport,2024-07-05T20:16:45,0.85,2149,2750,651,66.4,25
CE01898,LOC068,Hub,2026-05-05T02:48:50,0.98,2969,4364,2041,112.5,42
CE01899,LOC052,Hub,2025-04-04T08:59:45,1.0,2030,3532,1717,131.5,66
CE01900,LOC065,Airport,2024-07-15T04:46:38,0.32,1748,847,0,30.0,0
CE01901,LOC062,Sort Facility,2025-06-24T00:22:16,0.82,3208,3933,438,46.4,20
CE01902,LOC001,Last Mile Facility,2025-04-21T22:55:23,0.54,960,771,0,30.0,0
CE01903,LOC022,Hub,2025-12-04T00:50:22,0.91,479,651,186,76.6,32
CE01904,LOC062,Sort Facility,2025-11-08T13:22:35,0.93,3208,4489,1275,77.7,35
CE01905,LOC007,Warehouse,2026-05-09T12:27:52,1.0,2658,4726,3216,175.2,70
CE01906,LOC035,Airport,2024-05-08T21:14:34,0.37,1822,1007,0,30.0,0
CE01907,LOC034,Port,2026-02-23T01:27:51,1.0,1778,2941,1929,160.2,58
CE01908,LOC011,Warehouse,2024-10-10T16:16:58,0.27,2988,1196,0,30.0,0
CE01909,LOC048,Sort Facility,2025-09-09T14:02:24,0.83,3574,4423,1097,66.8,21
CE01910,LOC055,Airport,2026-03-04T15:54:17,0.8,1469,1772,470,68.4,18
CE01911,LOC025,Warehouse,2024-10-29T17:34:40,0.9,491,660,126,60.8,30
CE01912,LOC015,Last Mile Facility,2024-08-08T03:16:22,0.62,3252,3005,0,30.0,0
CE01913,LOC071,Last Mile Facility,2024-12-10T15:25:54,0.27,4596,1862,0,30.0,0
CE01914,LOC073,Sort Facility,2024-01-26T23:20:18,0.91,3536,4815,1982,97.3,32
CE01915,LOC011,Warehouse,2024-11-04T15:13:11,0.97,2988,4333,1843,104.0,40
CE01916,LOC023,Port,2025-07-03T19:42:32,0.85,2668,3401,581,56.1,24
CE01917,LOC035,Airport,2026-03-27T10:50:40,0.9,1822,2465,368,54.2,31
CE01918,LOC010,Last Mile Facility,2024-08-23T18:26:24,0.41,1628,1004,0,30.0,0
CE01919,LOC066,Sort Facility,2026-05-24T09:47:57,0.55,3283,2729,0,30.0,0
CE01920,LOC066,Sort Facility,2026-04-04T04:46:04,1.0,3283,5070,3462,156.5,48
CE01921,LOC024,Airport,2026-03-26T15:06:17,0.72,1595,1720,201,45.1,7
CE01922,LOC026,Distribution Center,2024-03-14T00:06:31,0.91,3661,4990,1081,65.4,32
CE01923,LOC048,Sort Facility,2026-04-08T05:30:21,0.59,3574,3142,0,30.0,0
CE01924,LOC024,Airport,2025-07-17T08:48:04,0.86,1595,2051,745,86.1,25
CE01925,LOC061,Airport,2026-04-18T00:25:20,0.28,2149,889,0,30.0,0
CE01926,LOC057,Distribution Center,2024-12-23T22:48:44,0.6,2059,1865,0,30.0,0
CE01927,LOC004,Warehouse,2026-04-04T16:16:15,0.43,869,561,0,30.0,0
CE01928,LOC058,Hub,2024-09-16T01:01:11,0.66,4836,4820,0,30.0,0
CE01929,LOC008,Airport,2025-08-04T17:19:57,0.44,1075,710,0,30.0,0
CE01930,LOC004,Warehouse,2024-09-03T14:37:17,0.55,869,720,0,30.0,0
CE01931,LOC066,Sort Facility,2024-06-04T13:25:04,1.0,3283,5336,3001,139.7,56
CE01932,LOC010,Last Mile Facility,2024-09-14T07:20:22,0.34,1628,828,0,30.0,0
CE01933,LOC016,Airport,2024-12-17T11:29:26,0.52,1121,875,0,30.0,0
CE01934,LOC044,Warehouse,2024-08-24T04:52:30,0.57,3843,3289,0,30.0,0
CE01935,LOC012,Airport,2026-04-20T03:17:21,1.0,2463,4154,1085,82.9,61
CE01936,LOC050,Airport,2025-10-20T16:27:09,1.0,3355,5620,1897,97.9,60
CE01937,LOC060,Last Mile Facility,2024-11-10T02:25:04,0.52,723,561,0,30.0,0
CE01938,LOC071,Last Mile Facility,2025-03-08T12:18:05,0.89,4596,6152,2946,106.9,30
CE01939,LOC005,Sort Facility,2024-03-16T23:34:41,0.28,1284,546,0,30.0,0
CE01940,LOC007,Warehouse,2025-09-14T17:37:22,1.0,2658,4243,2560,145.6,53
CE01941,LOC008,Airport,2025-04-05T14:11:17,0.76,1075,1223,291,62.5,12
CE01942,LOC004,Warehouse,2025-08-28T11:46:05,0.86,869,1118,240,63.1,25
CE01943,LOC057,Distribution Center,2026-03-21T12:11:46,0.99,2059,3058,879,81.2,43
CE01944,LOC022,Hub,2025-10-16T09:51:55,0.28,479,198,0,30.0,0
CE01945,LOC052,Hub,2026-01-10T06:54:58,0.75,2030,2288,147,38.7,11
CE01946,LOC030,Warehouse,2025-12-28T00:27:33,1.0,2790,4257,2378,132.3,47
CE01947,LOC031,Hub,2025-05-15T02:05:43,0.43,4593,2940,0,30.0,0
CE01948,LOC015,Last Mile Facility,2024-07-30T10:55:00,0.39,3252,1887,0,30.0,0
CE01949,LOC015,Last Mile Facility,2025-04-11T00:33:27,0.69,3252,3363,76,32.8,3
CE01950,LOC070,Distribution Center,2024-01-01T13:11:01,0.72,4087,4404,565,46.6,6
CE01951,LOC026,Distribution Center,2024-04-26T07:22:26,1.0,3661,6022,3870,156.9,58
CE01952,LOC021,Port,2025-01-25T10:13:59,0.5,437,329,0,30.0,0
CE01953,LOC025,Warehouse,2026-05-13T08:08:12,0.33,491,244,0,30.0,0
CE01954,LOC071,Last Mile Facility,2025-04-29T01:29:22,0.99,4596,6837,3694,126.4,43
CE01955,LOC073,Sort Facility,2024-11-20T06:56:34,1.0,3536,6074,1317,74.7,64
CE01956,LOC070,Distribution Center,2024-04-13T19:02:11,1.0,4087,6778,2919,115.7,59
CE01957,LOC074,Warehouse,2024-04-01T23:57:52,0.6,325,291,0,30.0,0
CE01958,LOC003,Warehouse,2025-09-29T11:54:31,1.0,3544,5717,2099,101.1,55
CE01959,LOC060,Last Mile Facility,2024-08-05T22:53:06,0.79,723,854,258,72.8,16
CE01960,LOC046,Last Mile Facility,2024-08-11T08:56:17,0.94,1736,2456,630,73.5,37
CE01961,LOC049,Port,2026-01-17T02:26:56,0.91,1833,2494,815,83.4,32
CE01962,LOC075,Distribution Center,2024-09-05T22:39:47,1.0,1059,1746,1236,170.1,58
CE01963,LOC050,Airport,2025-01-11T15:40:41,0.37,3355,1886,0,30.0,0
CE01964,LOC025,Warehouse,2025-08-30T18:25:11,0.85,491,628,72,47.6,25
CE01965,LOC013,Hub,2024-09-04T16:27:58,1.0,2712,4655,2882,157.5,64
CE01966,LOC051,Last Mile Facility,2025-10-12T21:47:53,0.78,2427,2824,514,55.4,14
CE01967,LOC071,Last Mile Facility,2025-08-30T09:31:26,1.0,4596,7024,2740,101.5,47
CE01968,LOC028,Hub,2024-10-27T09:24:16,0.28,4698,1979,0,30.0,0
CE01969,LOC023,Port,2025-01-21T03:29:03,0.62,2668,2478,0,30.0,0
CE01970,LOC032,Distribution Center,2025-06-28T08:07:56,1.0,1584,2592,859,95.1,57
CE01971,LOC006,Sort Facility,2024-04-19T13:36:36,0.63,4943,4686,0,30.0,0
CE01972,LOC035,Airport,2024-12-17T13:15:51,0.71,1822,1954,216,44.2,6
CE01973,LOC013,Hub,2025-03-05T02:08:55,0.86,2712,3502,1013,74.8,26
CE01974,LOC073,Sort Facility,2024-08-06T03:59:42,0.7,3536,3731,365,42.4,4
CE01975,LOC009,Sort Facility,2025-09-15T14:47:16,0.33,3105,1540,0,30.0,0
CE01976,LOC072,Airport,2024-07-10T19:20:53,0.59,4665,4145,0,30.0,0
CE01977,LOC048,Sort Facility,2026-06-29T05:02:36,0.41,3574,2188,0,30.0,0
CE01978,LOC053,Distribution Center,2024-08-23T21:14:12,1.0,1247,2191,1486,173.0,68
CE01979,LOC025,Warehouse,2024-11-15T17:56:21,1.0,491,876,532,160.0,70
CE01980,LOC027,Distribution Center,2025-11-19T18:27:18,0.89,300,400,76,60.4,30
CE01981,LOC005,Sort Facility,2024-08-09T05:22:16,0.27,1284,517,0,30.0,0
CE01982,LOC053,Distribution Center,2025-03-03T22:16:37,1.0,1247,2161,790,106.0,65
CE01983,LOC005,Sort Facility,2025-05-23T16:56:45,0.43,1284,835,0,30.0,0
CE01984,LOC016,Airport,2024-01-17T17:29:55,0.76,1121,1275,239,55.6,12
CE01985,LOC073,Sort Facility,2024-07-01T04:57:47,0.91,3536,4829,1569,83.2,32
CE01986,LOC021,Port,2026-03-19T18:07:51,1.0,437,701,360,128.9,54
CE01987,LOC033,Last Mile Facility,2025-04-28T08:54:27,1.0,4291,6636,4568,157.7,49
CE01988,LOC037,Distribution Center,2026-03-25T09:07:10,0.78,2793,3278,906,68.9,15
CE01989,LOC065,Airport,2024-06-08T09:39:37,0.34,1748,904,0,30.0,0
CE01990,LOC012,Airport,2026-01-01T20:13:44,0.58,2463,2146,0,30.0,0
CE01991,LOC001,Last Mile Facility,2024-12-26T16:20:29,0.49,960,711,0,30.0,0
CE01992,LOC003,Warehouse,2025-11-11T19:57:50,1.0,3544,5796,4131,169.9,57
CE01993,LOC029,Port,2025-04-09T04:53:58,1.0,2831,4642,2063,117.4,57
CE01994,LOC033,Last Mile Facility,2024-07-12T23:17:08,0.57,4291,3688,0,30.0,0
CE01995,LOC058,Hub,2026-04-20T19:36:57,1.0,4836,8306,4577,143.6,64
CE01996,LOC038,Airport,2025-12-06T20:02:44,0.72,1463,1570,90,37.4,6
CE01997,LOC072,Airport,2024-08-26T17:28:45,0.79,4665,5547,557,44.3,17
CE01998,LOC059,Distribution Center,2024-04-19T08:48:14,1.0,4161,6304,3762,138.5,46
CE01999,LOC023,Port,2025-06-14T07:27:50,0.8,2668,3213,479,51.5,18
CE02000,LOC036,Airport,2025-02-26T16:43:37,0.92,2829,3911,767,62.5,34
CE02001,LOC005,Sort Facility,2024-03-04T15:31:59,0.89,1284,1714,753,100.4,30
CE02002,LOC057,Distribution Center,2025-08-15T15:24:52,1.0,2059,3475,2048,149.4,61
CE02003,LOC034,Port,2025-01-31T19:57:17,0.31,1778,839,0,30.0,0
CE02004,LOC050,Airport,2024-06-24T06:53:22,0.39,3355,1963,0,30.0,0
CE02005,LOC049,Port,2025-12-25T17:20:17,0.97,1833,2668,1491,127.6,40
CE02006,LOC058,Hub,2025-10-23T15:05:49,0.3,4836,2164,0,30.0,0
CE02007,LOC006,Sort Facility,2026-06-27T17:34:55,0.42,4943,3113,0,30.0,0
CE02008,LOC008,Airport,2024-09-18T16:29:42,0.7,1075,1136,79,38.8,5
CE02009,LOC011,Warehouse,2026-01-27T00:00:50,1.0,2988,4927,2118,115.1,58
CE02010,LOC043,Distribution Center,2025-03-28T05:15:10,0.68,4879,5009,113,32.8,2
CE02011,LOC013,Hub,2024-12-14T22:56:26,0.62,2712,2541,0,30.0,0
CE02012,LOC059,Distribution Center,2026-03-23T04:51:44,0.41,4161,2532,0,30.0,0
CE02013,LOC063,Last Mile Facility,2024-06-09T01:59:19,1.0,3270,5538,3870,172.0,62
CE02014,LOC008,Airport,2024-05-17T14:14:20,0.55,1075,893,0,30.0,0
CE02015,LOC050,Airport,2025-07-17T04:49:14,0.54,3355,2719,0,30.0,0
CE02016,LOC075,Distribution Center,2025-01-09T20:02:23,1.0,1059,1745,428,78.5,58
CE02017,LOC040,Distribution Center,2026-02-07T05:28:54,0.76,2337,2680,522,56.8,13
CE02018,LOC050,Airport,2025-11-02T19:55:22,0.84,3355,4227,1365,78.8,23
CE02019,LOC044,Warehouse,2025-10-17T01:09:02,0.32,3843,1827,0,30.0,0
CE02020,LOC043,Distribution Center,2024-03-29T00:09:32,0.5,4879,3664,0,30.0,0
CE02021,LOC071,Last Mile Facility,2024-06-12T09:46:15,0.31,4596,2165,0,30.0,0
CE02022,LOC028,Hub,2025-03-11T06:44:45,0.36,4698,2547,0,30.0,0
CE02023,LOC032,Distribution Center,2025-03-04T13:00:58,0.83,1584,1969,710,83.8,21
CE02024,LOC030,Warehouse,2025-01-25T22:58:03,0.92,2790,3853,1501,94.6,34
CE02025,LOC029,Port,2026-02-27T21:02:03,0.9,2831,3814,813,64.5,31
CE02026,LOC060,Last Mile Facility,2025-05-25T19:39:31,0.34,723,372,0,30.0,0
CE02027,LOC054,Port,2025-10-13T21:30:46,0.75,759,850,130,50.6,10
CE02028,LOC020,Last Mile Facility,2025-01-25T07:14:38,0.48,1116,807,0,30.0,0
CE02029,LOC019,Airport,2025-07-08T01:17:48,1.0,3442,5348,1655,87.7,49
CE02030,LOC051,Last Mile Facility,2024-05-09T01:56:42,0.38,2427,1383,0,30.0,0
CE02031,LOC002,Port,2024-01-21T01:55:13,0.53,566,450,0,30.0,0
CE02032,LOC044,Warehouse,2024-06-06T02:26:10,0.82,3843,4737,633,49.8,20
CE02033,LOC001,Last Mile Facility,2026-01-24T06:34:11,0.81,960,1166,329,71.1,19
CE02034,LOC049,Port,2025-01-12T02:09:37,1.0,1833,3008,952,92.3,57
CE02035,LOC003,Warehouse,2026-06-28T23:36:53,0.81,3544,4313,999,63.8,19
CE02036,LOC048,Sort Facility,2026-02-07T22:02:45,0.74,3574,3983,765,55.7,10
CE02037,LOC071,Last Mile Facility,2024-12-09T21:56:52,0.43,4596,2957,0,30.0,0
CE02038,LOC031,Hub,2025-11-04T20:00:25,0.67,4593,4626,31,30.8,0
CE02039,LOC074,Warehouse,2025-02-16T20:02:00,1.0,325,563,337,154.4,65
CE02040,LOC038,Airport,2024-06-10T12:06:46,1.0,1463,2514,908,104.5,64
CE02041,LOC046,Last Mile Facility,2026-01-27T20:48:44,0.88,1736,2295,1026,100.9,28
CE02042,LOC069,Port,2026-05-20T23:19:15,1.0,4167,6422,3157,120.9,48
CE02043,LOC072,Airport,2026-05-28T15:50:42,0.39,4665,2764,0,30.0,0
CE02044,LOC021,Port,2025-08-06T19:40:20,0.53,437,346,0,30.0,0
CE02045,LOC050,Airport,2026-03-17T04:29:02,0.53,3355,2666,0,30.0,0
CE02046,LOC018,Hub,2025-08-17T07:53:08,0.46,261,180,0,30.0,0
CE02047,LOC030,Warehouse,2024-03-06T09:38:51,0.91,2790,3802,1399,90.2,32
CE02048,LOC003,Warehouse,2024-06-16T10:59:19,1.0,3544,6061,3876,161.2,63
CE02049,LOC028,Hub,2024-06-02T03:12:24,0.39,4698,2745,0,30.0,0
CE02050,LOC023,Port,2026-06-13T04:52:30,0.89,2668,3548,1594,101.7,29
CE02051,LOC017,Hub,2024-05-27T10:38:03,0.87,1600,2094,362,57.2,27
CE02052,LOC051,Last Mile Facility,2024-07-01T11:43:27,0.63,2427,2293,0,30.0,0
CE02053,LOC055,Airport,2025-01-05T16:11:11,1.0,1469,2485,1301,136.3,62
CE02054,LOC018,Hub,2025-07-14T07:54:05,0.97,261,378,109,80.1,40
CE02055,LOC049,Port,2026-06-20T04:31:04,1.0,1833,3217,1262,112.6,67
CE02056,LOC033,Last Mile Facility,2025-10-17T06:56:13,0.3,4291,1951,0,30.0,0
CE02057,LOC007,Warehouse,2025-09-03T15:52:52,0.92,2658,3687,740,63.4,34
CE02058,LOC009,Sort Facility,2024-03-02T22:16:19,1.0,3105,4890,3470,164.1,51
CE02059,LOC009,Sort Facility,2025-06-23T12:26:54,0.33,3105,1553,0,30.0,0
CE02060,LOC043,Distribution Center,2025-11-14T21:31:34,0.92,4879,6716,3285,110.8,33
CE02061,LOC022,Hub,2025-12-16T17:44:34,0.75,479,541,94,53.5,11
CE02062,LOC063,Last Mile Facility,2026-06-09T15:50:52,0.8,3270,3929,1030,67.8,18
CE02063,LOC033,Last Mile Facility,2026-03-23T02:06:23,0.6,4291,3853,0,30.0,0
CE02064,LOC023,Port,2024-02-27T21:45:31,0.81,2668,3225,668,60.0,18
CE02065,LOC032,Distribution Center,2025-09-11T08:20:33,0.64,1584,1513,0,30.0,0
CE02066,LOC033,Last Mile Facility,2025-11-01T18:34:19,0.91,4291,5875,1500,71.9,33
CE02067,LOC023,Port,2024-02-09T19:56:59,0.48,2668,1907,0,30.0,0
CE02068,LOC019,Airport,2024-12-01T14:32:15,0.43,3442,2207,0,30.0,0
CE02069,LOC069,Port,2026-05-30T16:40:56,0.91,4167,5703,1401,70.3,33
CE02070,LOC015,Last Mile Facility,2024-10-07T18:23:22,0.99,3252,4813,1895,99.9,43
CE02071,LOC071,Last Mile Facility,2024-02-07T12:10:09,0.86,4596,5958,833,51.7,26
CE02072,LOC003,Warehouse,2025-05-26T00:36:05,0.5,3544,2659,0,30.0,0
CE02073,LOC054,Port,2024-06-02T11:41:15,0.41,759,471,0,30.0,0
CE02074,LOC019,Airport,2025-03-30T00:52:13,0.95,3442,4896,2741,125.6,38
CE02075,LOC029,Port,2025-10-02T05:50:19,0.37,2831,1559,0,30.0,0
CE02076,LOC042,Port,2024-02-14T01:52:51,0.41,809,498,0,30.0,0
CE02077,LOC075,Distribution Center,2025-12-10T08:08:44,0.27,1059,425,0,30.0,0
CE02078,LOC032,Distribution Center,2025-01-28T19:41:43,1.0,1584,2597,1241,124.0,57
CE02079,LOC054,Port,2025-07-11T01:09:51,0.91,759,1038,556,117.9,33
CE02080,LOC069,Port,2025-06-18T11:06:12,0.87,4167,5467,1632,77.0,28
CE02081,LOC057,Distribution Center,2025-07-01T09:37:14,0.71,2059,2205,100,35.8,6
CE02082,LOC055,Airport,2025-01-21T08:14:54,0.48,1469,1057,0,30.0,0
CE02083,LOC004,Warehouse,2025-03-05T17:36:22,0.59,869,764,0,30.0,0
CE02084,LOC074,Warehouse,2025-11-23T20:20:44,0.38,325,187,0,30.0,0
CE02085,LOC054,Port,2024-03-15T06:04:48,1.0,759,1222,849,164.2,54
CE02086,LOC022,Hub,2025-05-19T02:41:57,0.55,479,396,0,30.0,0
CE02087,LOC070,Distribution Center,2025-12-12T19:06:16,1.0,4087,6889,5108,180.0,61
CE02088,LOC057,Distribution Center,2025-02-12T19:49:35,0.77,2059,2386,191,41.1,14
CE02089,LOC035,Airport,2024-09-06T11:18:28,0.38,1822,1028,0,30.0,0
CE02090,LOC027,Distribution Center,2024-11-21T06:17:24,0.87,300,392,126,80.4,27
CE02091,LOC057,Distribution Center,2026-05-17T13:33:36,0.31,2059,967,0,30.0,0
CE02092,LOC047,Distribution Center,2026-04-30T03:59:31,0.51,4197,3229,0,30.0,0
CE02093,LOC050,Airport,2025-05-15T00:35:56,1.0,3355,5740,2754,128.5,63
CE02094,LOC062,Sort Facility,2025-09-15T10:19:35,0.69,3208,3308,59,32.2,2
CE02095,LOC014,Airport,2025-06-25T10:28:51,0.52,1578,1234,0,30.0,0
CE02096,LOC024,Airport,2024-09-24T06:47:15,1.0,1595,2564,838,93.0,54
CE02097,LOC072,Airport,2026-02-15T11:15:06,0.53,4665,3712,0,30.0,0
CE02098,LOC053,Distribution Center,2024-05-18T01:17:36,0.82,1247,1528,173,46.6,20
CE02099,LOC008,Airport,2025-06-02T11:35:47,0.67,1075,1080,6,30.7,0
CE02100,LOC035,Airport,2025-06-30T12:13:47,0.92,1822,2509,1093,102.0,33
CE02101,LOC007,Warehouse,2026-04-16T02:50:47,1.0,2658,4251,3184,173.7,53
CE02102,LOC038,Airport,2024-12-19T12:27:32,0.72,1463,1570,66,35.4,6
CE02103,LOC055,Airport,2025-05-06T17:14:53,0.73,1469,1608,155,42.7,8
CE02104,LOC058,Hub,2025-04-20T02:21:41,0.67,4836,4833,0,30.0,0
CE02105,LOC030,Warehouse,2024-06-06T08:40:09,0.77,2790,3207,346,44.9,13
CE02106,LOC032,Distribution Center,2024-05-20T11:34:02,0.37,1584,874,0,30.0,0
CE02107,LOC006,Sort Facility,2025-09-22T19:12:37,0.28,4943,2084,0,30.0,0
CE02108,LOC057,Distribution Center,2025-05-01T02:39:54,0.8,2059,2471,340,49.8,18
CE02109,LOC063,Last Mile Facility,2026-02-11T08:41:13,0.84,3270,4137,550,50.2,23
CE02110,LOC065,Airport,2024-10-16T05:44:46,1.0,1748,2962,1555,136.8,62
CE02111,LOC068,Hub,2025-08-17T11:57:19,0.33,2969,1475,0,30.0,0
CE02112,LOC010,Last Mile Facility,2024-11-10T00:39:55,0.33,1628,817,0,30.0,0
CE02113,LOC049,Port,2025-02-15T04:00:00,1.0,1833,3100,1289,114.4,62
CE02114,LOC015,Last Mile Facility,2026-01-24T02:32:18,0.28,3252,1371,0,30.0,0
CE02115,LOC037,Distribution Center,2025-06-28T15:05:17,0.52,2793,2173,0,30.0,0
CE02116,LOC042,Port,2025-06-07T12:19:01,0.39,809,473,0,30.0,0
CE02117,LOC029,Port,2025-11-11T01:12:53,0.87,2831,3680,1638,99.4,26
CE02118,LOC064,Warehouse,2025-07-15T12:19:31,0.48,3291,2381,0,30.0,0
CE02119,LOC046,Last Mile Facility,2024-09-04T08:03:13,0.32,1736,835,0,30.0,0
CE02120,LOC031,Hub,2024-09-18T19:44:44,0.72,4593,4940,293,37.7,6
CE02121,LOC013,Hub,2025-05-16T09:21:24,0.66,2712,2692,0,30.0,0
CE02122,LOC063,Last Mile Facility,2024-01-25T17:48:50,1.0,3270,5132,1604,88.9,51
CE02123,LOC026,Distribution Center,2024-06-22T04:17:53,1.0,3661,5996,3159,133.5,57
CE02124,LOC012,Airport,2024-10-21T19:52:29,1.0,2463,3679,918,74.7,44
CE02125,LOC043,Distribution Center,2026-06-22T20:49:20,0.35,4879,2595,0,30.0,0
CE02126,LOC035,Airport,2025-04-27T09:18:26,0.84,1822,2286,236,45.5,22
CE02127,LOC030,Warehouse,2026-02-25T05:29:39,1.0,2790,4859,1477,93.5,66
CE02128,LOC045,Distribution Center,2026-05-20T16:24:22,0.76,4759,5395,790,49.9,12
CE02129,LOC037,Distribution Center,2025-04-05T03:16:26,0.56,2793,2332,0,30.0,0
CE02130,LOC005,Sort Facility,2026-05-19T19:22:39,0.77,1284,1489,344,62.1,14
CE02131,LOC014,Airport,2026-04-16T03:34:37,0.32,1578,751,0,30.0,0
CE02132,LOC053,Distribution Center,2024-10-03T08:53:41,0.95,1247,1780,276,56.6,38
CE02133,LOC032,Distribution Center,2025-09-10T05:26:34,0.65,1584,1534,0,30.0,0
CE02134,LOC063,Last Mile Facility,2024-04-27T23:04:30,0.53,3270,2584,0,30.0,0
CE02135,LOC026,Distribution Center,2024-11-04T13:04:33,0.28,3661,1520,0,30.0,0
CE02136,LOC027,Distribution Center,2024-05-25T00:51:00,0.68,300,304,4,31.6,1
CE02137,LOC022,Hub,2024-05-20T15:39:30,0.63,479,453,0,30.0,0
CE02138,LOC033,Last Mile Facility,2025-09-20T13:57:50,0.41,4291,2607,0,30.0,0
CE02139,LOC053,Distribution Center,2025-02-13T03:08:49,0.63,1247,1186,0,30.0,0
CE02140,LOC039,Warehouse,2024-08-14T10:31:46,1.0,1629,2454,1574,145.9,45
CE02141,LOC026,Distribution Center,2025-06-12T10:13:52,0.74,3661,4074,755,54.7,10
CE02142,LOC070,Distribution Center,2026-04-07T17:15:30,0.38,4087,2319,0,30.0,0
CE02143,LOC054,Port,2025-07-03T14:36:25,0.64,759,730,0,30.0,0
CE02144,LOC023,Port,2025-09-08T08:09:48,0.91,2668,3624,1515,98.1,32
CE02145,LOC055,Airport,2024-07-25T15:48:10,0.91,1469,2006,700,87.2,32
CE02146,LOC054,Port,2025-08-21T10:47:39,0.8,759,916,125,49.8,18
CE02147,LOC008,Airport,2024-06-09T23:27:29,0.31,1075,504,0,30.0,0
CE02148,LOC039,Warehouse,2025-04-01T13:50:35,0.63,1629,1529,0,30.0,0
CE02149,LOC044,Warehouse,2026-06-04T15:07:16,0.41,3843,2348,0,30.0,0
CE02150,LOC057,Distribution Center,2024-05-07T17:04:14,0.76,2059,2336,145,38.5,12
CE02151,LOC044,Warehouse,2025-05-18T01:29:31,0.82,3843,4735,720,52.5,20
CE02152,LOC071,Last Mile Facility,2024-12-15T06:04:41,0.74,4596,5083,552,44.4,9
CE02153,LOC014,Airport,2025-11-18T10:56:23,0.57,1578,1342,0,30.0,0
CE02154,LOC034,Port,2024-03-04T08:07:18,0.9,1778,2402,568,68.3,31
CE02155,LOC026,Distribution Center,2025-01-16T23:57:01,0.91,3661,5010,941,60.8,33
CE02156,LOC068,Hub,2026-05-01T06:26:39,0.36,2969,1620,0,30.0,0
CE02157,LOC059,Distribution Center,2024-08-28T19:15:33,0.77,4161,4832,1298,67.4,14
CE02158,LOC030,Warehouse,2025-03-01T07:34:03,0.27,2790,1142,0,30.0,0
CE02159,LOC022,Hub,2024-02-10T22:44:30,0.76,479,549,44,41.0,13
CE02160,LOC069,Port,2026-02-07T04:01:57,1.0,4167,6391,4058,146.9,48
CE02161,LOC030,Warehouse,2024-12-14T16:47:45,1.0,2790,4841,1070,76.0,66
CE02162,LOC015,Last Mile Facility,2024-12-06T03:59:08,0.54,3252,2633,0,30.0,0
CE02163,LOC062,Sort Facility,2025-01-16T03:22:32,1.0,3208,5450,2494,123.3,62
CE02164,LOC028,Hub,2024-12-16T19:39:05,0.53,4698,3719,0,30.0,0
CE02165,LOC044,Warehouse,2025-11-15T01:39:28,1.0,3843,6613,3341,134.3,64
CE02166,LOC022,Hub,2024-12-01T11:52:27,0.34,479,246,0,30.0,0
CE02167,LOC030,Warehouse,2024-08-13T20:02:10,0.94,2790,3940,1779,106.5,37
CE02168,LOC045,Distribution Center,2024-01-20T06:59:23,1.0,4759,7852,2387,90.2,58
CE02169,LOC008,Airport,2025-04-06T01:15:00,0.94,1075,1521,536,89.8,37
CE02170,LOC044,Warehouse,2025-01-13T13:03:22,0.69,3843,3988,184,35.7,3
CE02171,LOC004,Warehouse,2024-02-02T06:30:32,1.0,869,1452,812,142.1,60
CE02172,LOC032,Distribution Center,2026-01-20T17:44:02,0.95,1584,2246,1095,113.0,37
CE02173,LOC067,Warehouse,2025-11-12T21:14:17,0.97,3061,4435,2048,110.3,40
CE02174,LOC012,Airport,2025-10-05T22:38:36,0.84,2463,3094,983,77.9,23
CE02175,LOC010,Last Mile Facility,2026-05-14T05:12:01,1.0,1628,2811,1084,109.9,65
CE02176,LOC002,Port,2026-05-06T07:12:01,1.0,566,849,399,114.6,45
CE02177,LOC001,Last Mile Facility,2026-06-01T11:46:12,0.4,960,575,0,30.0,0
CE02178,LOC042,Port,2024-10-25T15:11:36,0.31,809,372,0,30.0,0
CE02179,LOC058,Hub,2025-10-02T12:32:12,1.0,4836,7510,1714,72.5,49
CE02180,LOC075,Distribution Center,2024-10-16T00:44:47,0.77,1059,1227,260,59.5,14
CE02181,LOC051,Last Mile Facility,2026-03-16T13:44:33,1.0,2427,3788,1115,85.1,50
CE02182,LOC055,Airport,2026-06-21T09:21:29,0.45,1469,1001,0,30.0,0
CE02183,LOC021,Port,2025-09-12T18:47:43,0.44,437,286,0,30.0,0
CE02184,LOC026,Distribution Center,2026-06-12T22:35:12,1.0,3661,5774,3472,143.8,51
CE02185,LOC023,Port,2025-08-24T08:16:31,0.74,2668,2954,569,55.6,9
CE02186,LOC072,Airport,2025-02-10T05:08:19,0.77,4665,5389,1361,65.0,13
CE02187,LOC041,Distribution Center,2025-07-19T09:44:41,0.96,4129,5942,3432,129.7,39
CE02188,LOC048,Sort Facility,2025-02-13T10:07:47,1.0,3574,6090,4082,167.1,63
CE02189,LOC011,Warehouse,2025-11-01T00:34:39,0.62,2988,2764,0,30.0,0
CE02190,LOC004,Warehouse,2025-07-29T03:07:08,1.0,869,1473,993,167.1,62
CE02191,LOC047,Distribution Center,2025-07-20T06:05:11,1.0,4197,6726,2172,92.1,54
CE02192,LOC002,Port,2024-12-30T14:28:00,0.54,566,462,0,30.0,0
CE02193,LOC011,Warehouse,2025-05-12T08:13:59,0.36,2988,1633,0,30.0,0
CE02194,LOC002,Port,2026-04-19T10:25:14,1.0,566,996,303,94.2,68
CE02195,LOC066,Sort Facility,2025-07-08T16:41:24,1.0,3283,5692,2427,118.7,66
CE02196,LOC049,Port,2024-04-29T16:16:33,0.27,1833,743,0,30.0,0
CE02197,LOC071,Last Mile Facility,2024-07-27T22:15:18,1.0,4596,7908,4580,149.6,64
CE02198,LOC043,Distribution Center,2025-05-14T16:26:56,0.74,4879,5394,450,41.1,9
CE02199,LOC019,Airport,2025-01-18T12:55:33,0.58,3442,3009,0,30.0,0
CE02200,LOC060,Last Mile Facility,2026-04-16T04:21:44,0.48,723,518,0,30.0,0
CE02201,LOC057,Distribution Center,2026-06-18T09:08:10,0.4,2059,1235,0,30.0,0
CE02202,LOC068,Hub,2024-07-19T00:41:42,0.34,2969,1520,0,30.0,0
CE02203,LOC012,Airport,2024-05-30T02:18:25,1.0,2463,3742,888,73.3,46
CE02204,LOC050,Airport,2026-02-27T07:15:00,0.91,3355,4556,2089,104.7,32
CE02205,LOC017,Hub,2026-01-09T00:47:14,0.76,1600,1817,154,41.5,12
CE02206,LOC009,Sort Facility,2026-04-11T15:39:51,0.98,3105,4563,742,58.7,42
CE02207,LOC072,Airport,2025-05-01T23:33:35,0.94,4665,6562,3159,111.3,36
CE02208,LOC020,Last Mile Facility,2024-06-11T19:30:40,0.64,1116,1068,0,30.0,0
CE02209,LOC035,Airport,2024-12-19T21:54:36,1.0,1822,3102,1535,131.1,63
CE02210,LOC026,Distribution Center,2025-06-25T03:09:37,1.0,3661,5747,1671,84.8,51
CE02211,LOC033,Last Mile Facility,2026-05-10T17:19:55,0.38,4291,2466,0,30.0,0
CE02212,LOC014,Airport,2024-12-13T21:58:32,1.0,1578,2452,820,92.4,49
CE02213,LOC052,Hub,2025-12-23T19:08:08,0.49,2030,1485,0,30.0,0
CE02214,LOC007,Warehouse,2025-02-22T02:01:18,0.56,2658,2221,0,30.0,0
CE02215,LOC059,Distribution Center,2026-06-11T01:55:58,0.76,4161,4718,660,49.0,12
CE02216,LOC005,Sort Facility,2024-03-23T15:29:38,1.0,1284,2156,1614,180.8,61
CE02217,LOC014,Airport,2025-12-15T22:56:55,0.72,1578,1706,235,47.9,7
CE02218,LOC046,Last Mile Facility,2025-11-11T05:00:44,0.83,1736,2171,338,53.4,22
CE02219,LOC007,Warehouse,2026-02-11T06:27:34,0.4,2658,1614,0,30.0,0
CE02220,LOC047,Distribution Center,2025-11-08T14:07:39,0.81,4197,5094,833,53.8,19
CE02221,LOC041,Distribution Center,2024-04-10T10:36:57,0.77,4129,4770,489,44.2,13
CE02222,LOC027,Distribution Center,2024-09-23T04:03:44,1.0,300,460,90,66.0,48
CE02223,LOC075,Distribution Center,2024-02-04T08:30:49,0.84,1059,1331,297,63.7,23
CE02224,LOC001,Last Mile Facility,2026-05-19T20:46:28,0.45,960,646,0,30.0,0
CE02225,LOC055,Airport,2025-11-27T16:06:32,1.0,1469,2581,868,100.9,68
CE02226,LOC055,Airport,2026-05-18T08:52:58,0.52,1469,1140,0,30.0,0
CE02227,LOC005,Sort Facility,2024-03-30T09:27:41,0.38,1284,728,0,30.0,0
CE02228,LOC058,Hub,2025-06-23T23:34:58,1.0,4836,7221,1406,64.9,44
CE02229,LOC047,Distribution Center,2026-01-10T09:55:18,0.55,4197,3492,0,30.0,0
CE02230,LOC024,Airport,2024-08-17T17:22:14,0.94,1595,2241,1115,113.9,36
CE02231,LOC055,Airport,2024-04-09T01:46:21,0.57,1469,1259,0,30.0,0
CE02232,LOC044,Warehouse,2025-07-04T13:26:50,0.62,3843,3565,0,30.0,0
CE02233,LOC054,Port,2024-04-11T14:45:51,0.6,759,684,0,30.0,0
CE02234,LOC041,Distribution Center,2025-03-04T21:23:43,0.45,4129,2783,0,30.0,0
CE02235,LOC048,Sort Facility,2026-06-04T01:57:17,1.0,3574,6179,4241,172.4,65
CE02236,LOC053,Distribution Center,2025-01-26T11:41:27,1.0,1247,2088,1422,166.8,60
CE02237,LOC037,Distribution Center,2024-02-12T20:08:38,0.93,2793,3895,1395,89.9,35
CE02238,LOC037,Distribution Center,2026-02-01T10:42:58,0.29,2793,1231,0,30.0,0
CE02239,LOC031,Hub,2025-10-31T06:30:27,0.65,4593,4449,0,30.0,0
CE02240,LOC069,Port,2024-07-26T03:54:04,0.68,4167,4241,51,31.5,1
CE02241,LOC036,Airport,2025-09-07T13:07:20,1.0,2829,4652,1681,101.3,57
CE02242,LOC040,Distribution Center,2024-11-30T07:23:30,0.62,2337,2160,0,30.0,0
CE02243,LOC045,Distribution Center,2025-12-03T07:56:48,0.51,4759,3605,0,30.0,0
CE02244,LOC074,Warehouse,2025-04-26T07:07:24,1.0,325,500,141,82.1,48
CE02245,LOC056,Warehouse,2026-04-16T08:50:47,0.61,3011,2744,0,30.0,0
CE02246,LOC016,Airport,2025-04-18T06:35:16,0.98,1121,1640,960,132.8,41
CE02247,LOC035,Airport,2025-05-28T11:10:21,0.54,1822,1472,0,30.0,0
CE02248,LOC059,Distribution Center,2024-12-27T06:37:38,1.0,4161,7050,3009,116.8,62
CE02249,LOC004,Warehouse,2026-06-04T05:49:20,0.71,869,920,61,38.4,5
CE02250,LOC028,Hub,2026-02-28T01:55:56,1.0,4698,8243,3775,126.4,67
CE02251,LOC026,Distribution Center,2025-09-24T11:21:14,0.43,3661,2378,0,30.0,0
CE02252,LOC017,Hub,2024-08-12T01:23:54,0.52,1600,1258,0,30.0,0
CE02253,LOC053,Distribution Center,2026-04-18T06:12:58,1.0,1247,2007,1289,154.0,54
CE02254,LOC004,Warehouse,2025-05-03T11:51:57,0.55,869,722,0,30.0,0
CE02255,LOC022,Hub,2024-01-11T12:36:10,0.43,479,312,0,30.0,0
CE02256,LOC042,Port,2024-03-23T06:53:56,0.46,809,556,0,30.0,0
CE02257,LOC013,Hub,2025-07-10T16:14:17,1.0,2712,4091,1201,83.1,45
CE02258,LOC069,Port,2024-07-04T22:07:11,0.77,4167,4801,1096,61.6,13
CE02259,LOC015,Last Mile Facility,2024-04-20T07:34:16,0.46,3252,2224,0,30.0,0
CE02260,LOC018,Hub,2024-04-08T20:15:04,0.29,261,113,0,30.0,0
CE02261,LOC032,Distribution Center,2026-04-02T23:19:51,0.93,1584,2216,674,81.1,35
CE02262,LOC075,Distribution Center,2025-10-04T16:16:49,0.42,1059,660,0,30.0,0
CE02263,LOC072,Airport,2024-09-07T10:14:26,0.59,4665,4095,0,30.0,0
CE02264,LOC062,Sort Facility,2024-10-29T07:55:15,0.93,3208,4456,1193,74.6,35
CE02265,LOC005,Sort Facility,2025-01-21T11:55:07,0.34,1284,650,0,30.0,0
CE02266,LOC063,Last Mile Facility,2024-10-05T14:18:36,1.0,3270,5524,3249,149.2,62
CE02267,LOC038,Airport,2024-10-08T13:02:45,0.6,1463,1323,0,30.0,0
CE02268,LOC036,Airport,2024-02-15T19:22:32,1.0,2829,5005,3569,181.4,69
CE02269,LOC050,Airport,2026-02-07T22:00:26,0.88,3355,4406,1236,74.2,28
CE02270,LOC007,Warehouse,2024-07-04T15:17:11,1.0,2658,4517,2325,135.0,62
CE02271,LOC004,Warehouse,2025-05-30T10:01:55,0.47,869,618,0,30.0,0
CE02272,LOC019,Airport,2024-05-18T10:06:08,0.27,3442,1413,0,30.0,0
CE02273,LOC011,Warehouse,2024-05-26T06:35:32,1.0,2988,4653,1179,77.3,50
CE02274,LOC006,Sort Facility,2025-09-18T21:37:53,0.4,4943,2960,0,30.0,0
CE02275,LOC007,Warehouse,2026-06-10T16:22:43,0.58,2658,2316,0,30.0,0
CE02276,LOC072,Airport,2025-08-24T21:13:31,1.0,4665,7864,2178,86.0,61
CE02277,LOC026,Distribution Center,2025-09-25T03:28:01,0.7,3661,3870,301,39.9,5
CE02278,LOC034,Port,2025-08-15T07:32:52,0.44,1778,1181,0,30.0,0
CE02279,LOC039,Warehouse,2026-01-06T23:11:45,0.39,1629,943,0,30.0,0
CE02280,LOC027,Distribution Center,2024-08-03T04:00:30,0.89,300,399,161,94.4,29
CE02281,LOC067,Warehouse,2025-06-17T06:58:40,0.57,3061,2628,0,30.0,0
CE02282,LOC037,Distribution Center,2024-10-11T06:20:48,0.95,2793,3981,1762,105.7,38
CE02283,LOC039,Warehouse,2024-05-28T22:02:34,0.72,1629,1753,70,35.2,6
CE02284,LOC003,Warehouse,2025-04-28T10:12:17,1.0,3544,5517,1864,93.1,50
CE02285,LOC072,Airport,2025-07-05T17:12:39,0.4,4665,2778,0,30.0,0
CE02286,LOC018,Hub,2024-10-02T14:21:34,0.39,261,152,0,30.0,0
CE02287,LOC065,Airport,2025-10-30T13:01:00,0.44,1748,1160,0,30.0,0
CE02288,LOC004,Warehouse,2025-01-26T11:46:04,1.0,869,1556,870,150.1,71
CE02289,LOC044,Warehouse,2026-02-15T05:29:19,0.47,3843,2734,0,30.0,0
CE02290,LOC045,Distribution Center,2024-05-20T22:49:37,0.76,4759,5422,511,42.9,12
CE02291,LOC054,Port,2024-10-13T17:08:00,1.0,759,1339,505,109.8,68
CE02292,LOC013,Hub,2025-02-08T16:21:05,0.75,2712,3067,519,53.0,11
CE02293,LOC059,Distribution Center,2025-09-15T14:18:41,0.3,4161,1864,0,30.0,0
CE02294,LOC005,Sort Facility,2024-11-07T15:10:55,0.91,1284,1755,849,109.3,33
CE02295,LOC039,Warehouse,2024-12-18T01:45:33,0.53,1629,1303,0,30.0,0
CE02296,LOC021,Port,2025-06-29T13:42:37,0.47,437,310,0,30.0,0
CE02297,LOC023,Port,2024-05-06T17:05:25,0.41,2668,1651,0,30.0,0
CE02298,LOC041,Distribution Center,2025-06-11T17:41:09,1.0,4129,6571,4275,154.2,53
CE02299,LOC061,Airport,2025-12-02T17:37:17,0.56,2149,1813,0,30.0,0
CE02300,LOC013,Hub,2024-05-26T01:36:49,0.5,2712,2042,0,30.0,0
CE02301,LOC044,Warehouse,2026-03-24T19:11:15,0.96,3843,5530,1202,67.5,39
CE02302,LOC024,Airport,2025-02-04T10:16:52,0.33,1595,792,0,30.0,0
CE02303,LOC034,Port,2024-02-01T16:35:43,0.55,1778,1461,0,30.0,0
CE02304,LOC064,Warehouse,2024-04-04T14:32:58,0.64,3291,3166,0,30.0,0
CE02305,LOC073,Sort Facility,2026-05-15T11:15:06,0.45,3536,2364,0,30.0,0
CE02306,LOC007,Warehouse,2024-04-01T21:07:48,1.0,2658,4024,2162,127.6,46
CE02307,LOC041,Distribution Center,2025-08-02T15:55:40,0.93,4129,5777,3102,120.2,35
CE02308,LOC074,Warehouse,2024-05-28T08:08:14,0.91,325,443,158,88.3,32
CE02309,LOC017,Hub,2024-09-18T18:37:27,0.74,1600,1779,187,44.0,10
CE02310,LOC010,Last Mile Facility,2024-01-03T16:27:28,1.0,1628,2756,2055,181.5,62
CE02311,LOC072,Airport,2026-04-01T23:03:34,0.77,4665,5423,505,43.0,14
CE02312,LOC003,Warehouse,2024-01-20T12:57:35,0.79,3544,4212,419,44.2,16
CE02313,LOC035,Airport,2024-01-08T05:46:32,0.76,1822,2071,291,49.2,12
CE02314,LOC007,Warehouse,2025-05-22T18:12:41,0.47,2658,1875,0,30.0,0
CE02315,LOC072,Airport,2025-08-20T16:39:03,0.55,4665,3879,0,30.0,0
CE02316,LOC066,Sort Facility,2025-04-20T18:20:43,0.55,3283,2713,0,30.0,0
CE02317,LOC001,Last Mile Facility,2024-02-12T22:59:57,0.94,960,1347,217,57.1,36
CE02318,LOC045,Distribution Center,2026-06-01T11:30:26,0.8,4759,5706,1436,66.2,17
CE02319,LOC059,Distribution Center,2026-05-25T03:45:30,0.85,4161,5299,1233,65.6,24
CE02320,LOC041,Distribution Center,2025-08-05T06:53:58,0.86,4129,5350,1447,72.1,26
CE02321,LOC046,Last Mile Facility,2024-04-17T19:01:04,0.36,1736,944,0,30.0,0
CE02322,LOC063,Last Mile Facility,2024-09-24T19:16:31,0.52,3270,2541,0,30.0,0
CE02323,LOC042,Port,2024-10-19T19:07:18,0.45,809,547,0,30.0,0
CE02324,LOC025,Warehouse,2026-02-12T22:17:34,0.91,491,671,154,67.6,32
CE02325,LOC046,Last Mile Facility,2024-10-09T09:29:58,1.0,1736,2995,707,78.9,65
CE02326,LOC022,Hub,2026-04-11T10:13:26,1.0,479,755,508,157.3,51
CE02327,LOC027,Distribution Center,2024-12-05T05:34:02,0.31,300,140,0,30.0,0
CE02328,LOC011,Warehouse,2025-06-20T07:46:37,1.0,2988,5300,1737,99.8,69
CE02329,LOC020,Last Mile Facility,2024-05-30T15:08:46,0.27,1116,447,0,30.0,0
CE02330,LOC067,Warehouse,2024-08-28T06:33:32,0.99,3061,4535,886,64.7,43
CE02331,LOC027,Distribution Center,2025-08-04T06:00:19,1.0,300,460,84,63.6,48
CE02332,LOC036,Airport,2026-06-10T15:42:44,0.29,2829,1218,0,30.0,0
CE02333,LOC019,Airport,2024-10-01T20:21:52,0.94,3442,4840,1977,98.9,36
CE02334,LOC061,Airport,2025-11-15T14:23:48,1.0,2149,3718,2895,191.7,65
CE02335,LOC060,Last Mile Facility,2024-10-02T17:22:54,1.0,723,1238,818,165.8,64
CE02336,LOC028,Hub,2026-02-27T02:35:09,0.52,4698,3641,0,30.0,0
CE02337,LOC044,Warehouse,2024-08-19T05:31:15,0.47,3843,2722,0,30.0,0
CE02338,LOC045,Distribution Center,2025-11-22T10:46:16,1.0,4759,8007,5024,156.7,61
CE02339,LOC005,Sort Facility,2024-02-17T03:13:09,0.73,1284,1411,84,37.9,8
CE02340,LOC069,Port,2024-03-01T05:36:35,0.43,4167,2707,0,30.0,0
CE02341,LOC073,Sort Facility,2026-04-15T02:48:07,0.71,3536,3776,377,42.8,6
CE02342,LOC064,Warehouse,2024-07-05T20:28:41,0.95,3291,4695,2652,126.7,38
CE02343,LOC055,Airport,2025-04-29T03:43:34,0.72,1469,1577,112,39.1,6
CE02344,LOC060,Last Mile Facility,2025-03-28T17:19:59,1.0,723,1087,322,83.4,45
CE02345,LOC029,Port,2024-06-16T10:08:25,0.27,2831,1152,0,30.0,0
CE02346,LOC046,Last Mile Facility,2025-06-26T05:40:37,0.99,1736,2565,782,84.1,42
CE02347,LOC043,Distribution Center,2024-10-07T06:25:27,0.81,4879,5905,795,49.6,18
CE02348,LOC061,Airport,2026-03-16T10:39:55,0.72,2149,2318,310,47.3,7
CE02349,LOC055,Airport,2024-09-17T00:34:35,0.28,1469,627,0,30.0,0
CE02350,LOC051,Last Mile Facility,2024-06-03T21:53:22,0.81,2427,2964,431,51.3,19
CE02351,LOC067,Warehouse,2026-02-12T01:46:33,1.0,3061,4791,1381,84.1,50
CE02352,LOC018,Hub,2024-10-27T01:30:55,0.8,261,315,104,77.8,18
CE02353,LOC052,Hub,2024-08-29T04:14:13,1.0,2030,3627,3083,212.2,70
CE02354,LOC044,Warehouse,2025-06-08T03:03:37,0.6,3843,3477,0,30.0,0
CE02355,LOC030,Warehouse,2025-12-07T07:13:03,1.0,2790,4644,1296,85.7,59
CE02356,LOC007,Warehouse,2026-05-01T06:11:28,0.82,2658,3256,867,69.1,20
CE02357,LOC060,Last Mile Facility,2025-08-27T01:13:25,0.93,723,1011,327,84.3,35
CE02358,LOC074,Warehouse,2025-11-26T20:14:55,0.84,325,411,111,71.0,23
CE02359,LOC023,Port,2024-06-29T19:01:17,0.68,2668,2738,86,33.9,2
CE02360,LOC004,Warehouse,2026-05-11T07:50:09,0.75,869,976,91,42.6,11
CE02361,LOC021,Port,2024-04-11T16:39:33,1.0,437,720,451,153.8,58
CE02362,LOC064,Warehouse,2025-06-09T14:22:35,1.0,3291,5850,3614,161.8,69
CE02363,LOC040,Distribution Center,2025-01-17T11:49:40,0.57,2337,1989,0,30.0,0
CE02364,LOC048,Sort Facility,2025-07-22T02:02:32,0.61,3574,3266,0,30.0,0
CE02365,LOC021,Port,2024-08-07T15:04:47,1.0,437,704,138,67.9,54
CE02366,LOC025,Warehouse,2025-01-06T23:23:36,0.89,491,659,295,102.1,30
CE02367,LOC059,Distribution Center,2026-02-01T09:09:46,0.67,4161,4177,20,30.6,0
CE02368,LOC021,Port,2024-10-19T13:49:51,0.92,437,605,315,116.5,34
CE02369,LOC044,Warehouse,2025-09-20T00:49:33,0.38,3843,2172,0,30.0,0
CE02370,LOC007,Warehouse,2024-03-05T14:36:07,0.58,2658,2311,0,30.0,0
CE02371,LOC044,Warehouse,2025-07-10T15:11:25,0.64,3843,3675,0,30.0,0
CE02372,LOC036,Airport,2024-04-01T01:40:04,0.78,2829,3298,366,45.5,14
CE02373,LOC041,Distribution Center,2026-01-16T07:28:56,0.99,4129,6156,1230,65.7,44
CE02374,LOC050,Airport,2024-06-02T10:47:56,1.0,3355,5632,3624,159.6,61
CE02375,LOC034,Port,2026-03-18T13:10:54,0.91,1778,2440,352,53.8,33
CE02376,LOC075,Distribution Center,2024-05-21T06:59:28,0.71,1059,1126,133,45.1,5
CE02377,LOC018,Hub,2025-05-12T23:05:03,0.81,261,319,94,73.2,20
CE02378,LOC061,Airport,2026-03-30T04:33:59,0.41,2149,1334,0,30.0,0
CE02379,LOC069,Port,2026-05-24T14:02:17,0.3,4167,1861,0,30.0,0
CE02380,LOC021,Port,2026-06-12T08:47:22,0.56,437,369,0,30.0,0
CE02381,LOC067,Warehouse,2026-04-06T07:37:36,0.36,3061,1652,0,30.0,0
CE02382,LOC034,Port,2026-03-21T09:22:20,0.69,1778,1836,78,35.3,2
CE02383,LOC072,Airport,2025-09-04T08:16:43,0.36,4665,2553,0,30.0,0
CE02384,LOC003,Warehouse,2026-04-28T18:33:52,0.74,3544,3942,324,41.0,10
CE02385,LOC028,Hub,2024-11-08T03:17:28,0.53,4698,3764,0,30.0,0
CE02386,LOC046,Last Mile Facility,2025-03-14T22:39:30,0.99,1736,2577,1215,114.0,43
CE02387,LOC047,Distribution Center,2025-05-12T14:15:42,0.36,4197,2263,0,30.0,0
CE02388,LOC060,Last Mile Facility,2024-07-29T10:53:56,0.57,723,616,0,30.0,0
CE02389,LOC055,Airport,2025-11-26T19:05:33,0.54,1469,1186,0,30.0,0
CE02390,LOC032,Distribution Center,2024-11-03T15:31:22,0.6,1584,1427,0,30.0,0
CE02391,LOC040,Distribution Center,2025-03-31T02:18:31,1.0,2337,3652,1884,126.7,50
CE02392,LOC034,Port,2025-10-24T06:19:54,0.44,1778,1173,0,30.0,0
CE02393,LOC039,Warehouse,2025-09-19T23:05:17,1.0,1629,2605,986,102.6,53
CE02394,LOC004,Warehouse,2025-11-06T23:09:04,1.0,869,1483,1068,177.5,63
CE02395,LOC062,Sort Facility,2025-08-08T18:04:29,0.46,3208,2190,0,30.0,0
CE02396,LOC042,Port,2024-05-07T23:40:49,0.97,809,1179,197,59.2,41
CE02397,LOC037,Distribution Center,2026-01-31T21:52:24,0.34,2793,1409,0,30.0,0
CE02398,LOC063,Last Mile Facility,2024-02-07T00:36:05,0.82,3270,4041,492,48.1,21
CE02399,LOC059,Distribution Center,2026-02-02T02:43:57,0.66,4161,4122,0,30.0,0
CE02400,LOC016,Airport,2024-06-11T01:16:32,1.0,1121,1768,981,135.0,51
CE02401,LOC041,Distribution Center,2025-05-14T10:55:45,0.75,4129,4663,683,49.8,11
CE02402,LOC074,Warehouse,2026-05-21T21:01:41,0.54,325,265,0,30.0,0
CE02403,LOC070,Distribution Center,2026-01-22T00:43:24,0.87,4087,5312,1471,73.2,26
CE02404,LOC033,Last Mile Facility,2025-08-26T23:50:14,0.39,4291,2486,0,30.0,0
CE02405,LOC008,Airport,2025-04-20T04:41:18,0.32,1075,512,0,30.0,0
CE02406,LOC051,Last Mile Facility,2026-02-12T00:25:01,0.67,2427,2439,11,30.5,0
CE02407,LOC019,Airport,2025-03-22T03:21:57,0.91,3442,4719,1507,82.5,33
CE02408,LOC008,Airport,2024-03-26T14:51:22,0.94,1075,1517,314,65.1,37
CE02409,LOC060,Last Mile Facility,2026-03-30T12:29:39,0.84,723,910,179,59.7,23
CE02410,LOC057,Distribution Center,2024-03-05T16:10:25,0.95,2059,2949,663,68.6,38
CE02411,LOC072,Airport,2024-10-19T04:05:22,0.53,4665,3683,0,30.0,0
CE02412,LOC005,Sort Facility,2024-05-18T13:09:03,0.39,1284,745,0,30.0,0
CE02413,LOC057,Distribution Center,2025-04-22T02:15:25,0.91,2059,2809,967,86.4,32
CE02414,LOC052,Hub,2026-06-06T10:40:20,1.0,2030,3630,2594,183.3,70
CE02415,LOC054,Port,2026-04-23T04:34:02,0.94,759,1069,337,83.3,36
CE02416,LOC052,Hub,2024-09-26T07:16:58,0.73,2030,2231,322,49.0,8
CE02417,LOC015,Last Mile Facility,2025-05-02T05:51:17,0.46,3252,2231,0,30.0,0
CE02418,LOC016,Airport,2024-03-15T11:55:49,0.73,1121,1231,84,39.0,8
CE02419,LOC035,Airport,2026-04-09T23:51:16,0.7,1822,1901,92,36.1,3
CE02420,LOC001,Last Mile Facility,2024-02-13T10:32:24,0.57,960,826,0,30.0,0
CE02421,LOC074,Warehouse,2024-03-14T08:01:29,1.0,325,564,358,162.2,66
CE02422,LOC028,Hub,2025-04-15T14:38:33,0.66,4698,4638,0,30.0,0
CE02423,LOC001,Last Mile Facility,2025-08-20T22:09:50,0.27,960,395,0,30.0,0
CE02424,LOC036,Airport,2024-10-19T10:03:32,0.66,2829,2807,0,30.0,0
CE02425,LOC038,Airport,2025-06-30T10:46:20,0.34,1463,741,0,30.0,0
CE02426,LOC011,Warehouse,2026-04-15T09:16:58,0.38,2988,1716,0,30.0,0
CE02427,LOC018,Hub,2024-03-22T10:55:40,0.87,261,341,131,90.2,27
CE02428,LOC046,Last Mile Facility,2025-11-04T21:23:15,0.3,1736,779,0,30.0,0
CE02429,LOC021,Port,2026-02-28T17:35:14,1.0,437,720,506,168.9,58
CE02430,LOC052,Hub,2026-03-24T23:33:20,0.45,2030,1381,0,30.0,0
CE02431,LOC066,Sort Facility,2024-10-03T23:08:14,0.67,3283,3283,0,30.0,0
CE02432,LOC033,Last Mile Facility,2026-03-01T07:24:36,0.54,4291,3460,0,30.0,0
CE02433,LOC031,Hub,2025-07-30T01:19:04,1.0,4593,8066,6861,209.3,68
CE02434,LOC036,Airport,2024-03-10T11:18:31,0.53,2829,2263,0,30.0,0
CE02435,LOC013,Hub,2024-11-29T04:53:05,0.85,2712,3466,1208,83.5,25
CE02436,LOC067,Warehouse,2024-06-02T05:57:57,1.0,3061,4852,3443,165.0,52
CE02437,LOC034,Port,2025-12-11T06:54:35,0.58,1778,1552,0,30.0,0
CE02438,LOC056,Warehouse,2024-10-15T11:35:55,1.0,3011,4577,2510,130.0,46
CE02439,LOC003,Warehouse,2024-12-10T04:37:18,0.66,3544,3519,0,30.0,0
CE02440,LOC006,Sort Facility,2025-05-12T14:02:31,0.75,4943,5568,1034,55.1,11
CE02441,LOC048,Sort Facility,2024-04-23T08:16:32,1.0,3574,5738,2302,107.3,54
CE02442,LOC058,Hub,2024-11-12T07:03:54,0.97,4836,7046,4412,139.5,41
CE02443,LOC011,Warehouse,2026-02-08T09:11:53,1.0,2988,4826,1339,83.8,55
CE02444,LOC048,Sort Facility,2024-11-17T03:42:42,0.89,3574,4769,2280,106.6,30
CE02445,LOC057,Distribution Center,2026-06-06T05:50:28,0.91,2059,2798,937,84.6,32
CE02446,LOC063,Last Mile Facility,2024-01-25T05:20:18,0.51,3270,2498,0,30.0,0
CE02447,LOC049,Port,2024-03-11T06:26:28,0.5,1833,1387,0,30.0,0
CE02448,LOC015,Last Mile Facility,2025-08-15T14:55:50,1.0,3252,4989,2018,104.5,48
CE02449,LOC006,Sort Facility,2024-11-16T01:20:56,0.83,4943,6176,1906,76.3,22
CE02450,LOC002,Port,2024-06-29T17:08:05,1.0,566,947,635,164.6,60
CE02451,LOC041,Distribution Center,2025-03-27T04:27:02,0.38,4129,2384,0,30.0,0
CE02452,LOC073,Sort Facility,2024-01-08T08:40:28,0.79,3536,4173,946,62.1,16
CE02453,LOC047,Distribution Center,2025-01-08T10:17:28,0.45,4197,2829,0,30.0,0
CE02454,LOC042,Port,2025-05-28T19:16:46,0.9,809,1093,396,88.7,31
CE02455,LOC030,Warehouse,2024-10-02T01:11:28,1.0,2790,4978,2318,129.7,70
CE02456,LOC059,Distribution Center,2025-08-28T17:06:48,1.0,4161,6235,2660,106.7,44
CE02457,LOC060,Last Mile Facility,2024-12-20T18:19:07,0.41,723,442,0,30.0,0
CE02458,LOC001,Last Mile Facility,2025-07-31T13:06:13,0.96,960,1387,473,89.1,40
CE02459,LOC053,Distribution Center,2025-09-16T10:06:28,0.44,1247,828,0,30.0,0
CE02460,LOC058,Hub,2024-03-10T12:39:14,0.47,4836,3377,0,30.0,0
CE02461,LOC025,Warehouse,2024-08-30T05:27:15,0.55,491,406,0,30.0,0
CE02462,LOC071,Last Mile Facility,2024-08-08T01:49:07,0.81,4596,5587,1539,70.2,19
CE02463,LOC054,Port,2025-01-17T10:00:02,0.35,759,399,0,30.0,0
CE02464,LOC060,Last Mile Facility,2025-02-05T01:50:43,0.74,723,801,54,39.0,9
CE02465,LOC054,Port,2025-10-18T20:38:24,0.32,759,359,0,30.0,0
CE02466,LOC050,Airport,2026-06-05T07:15:46,0.36,3355,1810,0,30.0,0
CE02467,LOC042,Port,2025-04-26T03:54:58,0.4,809,486,0,30.0,0
CE02468,LOC075,Distribution Center,2024-11-14T06:20:28,0.39,1059,622,0,30.0,0
CE02469,LOC041,Distribution Center,2025-02-27T11:49:17,0.96,4129,5918,2755,110.1,38
CE02470,LOC054,Port,2025-09-27T16:12:31,0.92,759,1053,293,76.3,34
CE02471,LOC006,Sort Facility,2024-01-16T21:18:18,0.86,4943,6373,1526,67.0,26
CE02472,LOC027,Distribution Center,2025-10-08T01:24:17,0.47,300,210,0,30.0,0
CE02473,LOC035,Airport,2025-10-04T13:36:41,0.79,1822,2172,362,53.8,17
CE02474,LOC039,Warehouse,2025-08-08T20:29:28,0.86,1629,2107,329,54.2,26
CE02475,LOC023,Port,2025-03-07T23:49:22,0.85,2668,3418,818,66.8,25
CE02476,LOC064,Warehouse,2024-10-21T08:56:31,0.7,3291,3478,115,34.2,5
CE02477,LOC012,Airport,2026-01-28T10:01:48,0.61,2463,2270,0,30.0,0
CE02478,LOC015,Last Mile Facility,2025-01-28T16:23:12,0.59,3252,2895,0,30.0,0
CE02479,LOC050,Airport,2024-01-17T04:50:51,0.85,3355,4292,1833,95.6,25
CE02480,LOC044,Warehouse,2025-09-06T08:08:00,0.59,3843,3392,0,30.0,0
CE02481,LOC074,Warehouse,2024-03-05T22:23:33,0.92,325,447,147,84.3,33
CE02482,LOC049,Port,2025-11-28T16:42:47,1.0,1833,2964,940,91.5,55
CE02483,LOC065,Airport,2024-07-19T05:18:07,0.97,1748,2538,916,92.9,40
CE02484,LOC022,Hub,2024-12-12T09:05:43,0.81,479,584,66,46.5,19
CE02485,LOC021,Port,2024-04-19T13:20:18,1.0,437,679,465,157.7,49
CE02486,LOC009,Sort Facility,2024-06-26T16:24:34,0.33,3105,1524,0,30.0,0
CE02487,LOC031,Hub,2024-06-28T01:53:25,0.59,4593,4083,0,30.0,0
CE02488,LOC045,Distribution Center,2024-09-03T21:06:35,0.66,4759,4724,0,30.0,0
CE02489,LOC012,Airport,2026-01-28T21:58:20,0.71,2463,2607,241,41.7,5
CE02490,LOC020,Last Mile Facility,2024-04-13T07:18:41,0.58,1116,967,0,30.0,0
CE02491,LOC028,Hub,2024-10-11T20:06:09,0.32,4698,2253,0,30.0,0
CE02492,LOC030,Warehouse,2026-04-14T02:33:47,0.74,2790,3087,321,43.8,9
CE02493,LOC060,Last Mile Facility,2025-05-23T13:33:27,1.0,723,1116,652,138.2,48
CE02494,LOC009,Sort Facility,2024-09-16T23:53:02,0.87,3105,4031,731,58.3,26
CE02495,LOC050,Airport,2025-02-02T10:58:54,0.94,3355,4749,809,58.9,37
CE02496,LOC018,Hub,2025-09-10T14:08:28,0.51,261,198,0,30.0,0
CE02497,LOC022,Hub,2025-03-18T10:21:59,0.71,479,509,58,44.5,5
CE02498,LOC028,Hub,2026-04-13T01:13:30,0.47,4698,3284,0,30.0,0
CE02499,LOC002,Port,2025-03-20T23:13:06,0.98,566,834,535,143.4,42
CE02500,LOC069,Port,2025-03-18T06:33:54,0.55,4167,3467,0,30.0,0
CE02501,LOC047,Distribution Center,2026-06-04T15:10:45,0.72,4197,4562,725,50.7,7
CE02502,LOC013,Hub,2025-02-10T05:23:47,0.37,2712,1524,0,30.0,0
CE02503,LOC022,Hub,2024-06-17T12:52:36,0.8,479,578,142,65.6,18
CE02504,LOC030,Warehouse,2024-07-04T11:34:51,0.52,2790,2174,0,30.0,0
CE02505,LOC046,Last Mile Facility,2025-09-05T11:10:18,0.4,1736,1031,0,30.0,0
CE02506,LOC050,Airport,2024-11-09T23:48:26,0.45,3355,2261,0,30.0,0
CE02507,LOC070,Distribution Center,2024-05-14T09:04:04,1.0,4087,7274,3254,125.5,70
CE02508,LOC068,Hub,2026-05-11T18:34:42,0.52,2969,2303,0,30.0,0
CE02509,LOC039,Warehouse,2026-02-12T13:33:48,0.99,1629,2426,816,90.1,44
CE02510,LOC071,Last Mile Facility,2024-11-07T21:55:32,1.0,4596,8162,6195,191.7,69
CE02511,LOC041,Distribution Center,2024-07-16T11:11:30,0.95,4129,5869,2808,111.6,37
CE02512,LOC045,Distribution Center,2026-03-16T00:50:56,0.41,4759,2906,0,30.0,0
CE02513,LOC063,Last Mile Facility,2024-02-25T10:48:46,0.88,3270,4330,1005,66.9,29
CE02514,LOC049,Port,2025-12-29T11:59:01,0.6,1833,1646,0,30.0,0
CE02515,LOC021,Port,2026-01-13T19:41:44,1.0,437,725,534,176.6,59
CE02516,LOC060,Last Mile Facility,2024-06-18T20:38:09,0.67,723,728,5,30.8,0
CE02517,LOC053,Distribution Center,2024-06-22T01:32:24,1.0,1247,2185,895,116.1,67
CE02518,LOC016,Airport,2024-12-21T04:30:23,0.41,1121,687,0,30.0,0
CE02519,LOC023,Port,2024-02-29T01:54:28,1.0,2668,4245,2807,156.3,53
CE02520,LOC017,Hub,2025-08-25T20:04:08,0.44,1600,1058,0,30.0,0
CE02521,LOC058,Hub,2024-10-13T13:51:02,0.91,4836,6614,1072,56.6,33
CE02522,LOC062,Sort Facility,2024-05-09T21:07:59,0.53,3208,2557,0,30.0,0
CE02523,LOC047,Distribution Center,2024-04-14T16:52:05,0.44,4197,2746,0,30.0,0
CE02524,LOC026,Distribution Center,2025-01-10T13:09:43,0.84,3661,4589,1776,88.2,22
CE02525,LOC063,Last Mile Facility,2025-11-08T05:20:34,0.92,3270,4519,1510,85.4,34
CE02526,LOC017,Hub,2025-07-30T04:13:30,0.95,1600,2270,871,95.3,37
CE02527,LOC006,Sort Facility,2025-11-11T13:52:15,1.0,4943,8852,7679,216.4,71
CE02528,LOC052,Hub,2024-08-09T18:25:49,0.87,2030,2652,514,60.4,27
CE02529,LOC039,Warehouse,2025-11-17T15:50:32,1.0,1629,2890,1720,156.7,69
CE02530,LOC064,Warehouse,2024-03-04T18:31:33,1.0,3291,5061,1849,97.4,48
CE02531,LOC029,Port,2026-02-21T08:17:16,0.85,2831,3597,553,53.4,24
CE02532,LOC005,Sort Facility,2024-10-20T13:17:26,0.43,1284,837,0,30.0,0
CE02533,LOC036,Airport,2024-11-22T21:26:58,0.97,2829,4133,1526,94.7,41
CE02534,LOC028,Hub,2025-05-08T20:57:56,1.0,4698,8231,6303,191.0,67
CE02535,LOC030,Warehouse,2024-03-08T23:24:45,1.0,2790,4987,3624,185.9,70
CE02536,LOC051,Last Mile Facility,2026-06-02T14:27:05,1.0,2427,4353,2004,129.1,71
CE02537,LOC053,Distribution Center,2024-01-23T01:49:46,1.0,1247,2108,1034,129.5,62
CE02538,LOC062,Sort Facility,2024-08-25T05:27:40,0.87,3208,4196,1320,79.4,27
CE02539,LOC029,Port,2025-06-14T06:21:24,1.0,2831,4389,1027,73.5,49
CE02540,LOC031,Hub,2025-01-24T14:34:56,1.0,4593,7211,3564,123.1,51
CE02541,LOC027,Distribution Center,2024-09-29T16:11:44,0.32,300,143,0,30.0,0
CE02542,LOC046,Last Mile Facility,2025-06-27T21:18:57,0.8,1736,2091,310,51.4,18
CE02543,LOC024,Airport,2025-12-18T17:55:45,1.0,1595,2645,1100,112.8,59
CE02544,LOC014,Airport,2024-11-07T16:44:52,0.64,1578,1521,0,30.0,0
CE02545,LOC057,Distribution Center,2024-03-28T15:47:39,0.86,2059,2665,805,76.9,26
CE02546,LOC063,Last Mile Facility,2025-08-30T21:09:49,0.57,3270,2793,0,30.0,0
CE02547,LOC066,Sort Facility,2025-08-13T08:42:26,0.28,3283,1369,0,30.0,0
CE02548,LOC068,Hub,2024-08-25T19:53:20,0.56,2969,2475,0,30.0,0
CE02549,LOC056,Warehouse,2025-03-29T07:18:04,0.83,3011,3766,708,58.2,22
CE02550,LOC060,Last Mile Facility,2026-02-24T09:55:58,0.64,723,692,0,30.0,0
CE02551,LOC059,Distribution Center,2024-04-08T21:01:15,0.83,4161,5165,1862,83.7,21
CE02552,LOC017,Hub,2024-12-15T21:23:30,0.7,1600,1684,122,39.1,4
CE02553,LOC026,Distribution Center,2024-10-12T18:38:37,0.71,3661,3875,143,34.7,5
CE02554,LOC017,Hub,2024-10-28T21:29:11,0.61,1600,1468,0,30.0,0
CE02555,LOC013,Hub,2025-06-05T18:50:08,0.51,2712,2080,0,30.0,0
CE02556,LOC072,Airport,2025-11-12T18:19:08,0.44,4665,3076,0,30.0,0
CE02557,LOC049,Port,2024-02-09T07:36:46,0.55,1833,1501,0,30.0,0
CE02558,LOC074,Warehouse,2025-11-15T08:10:02,0.9,325,439,175,94.6,31
CE02559,LOC035,Airport,2024-04-17T18:46:52,0.45,1822,1221,0,30.0,0
CE02560,LOC020,Last Mile Facility,2025-01-16T19:11:52,0.34,1116,568,0,30.0,0
CE02561,LOC034,Port,2026-04-01T02:01:06,1.0,1778,2974,1079,102.8,60
CE02562,LOC018,Hub,2025-03-23T02:12:19,0.79,261,310,65,59.9,16
CE02563,LOC045,Distribution Center,2026-05-15T00:59:22,1.0,4759,7820,3734,124.2,57
CE02564,LOC034,Port,2024-09-07T06:10:07,1.0,1778,2959,2016,166.1,59
CE02565,LOC021,Port,2024-08-10T16:58:36,0.82,437,539,167,75.9,21
CE02566,LOC029,Port,2026-04-29T22:14:13,1.0,2831,4237,2099,119.0,44
CE02567,LOC041,Distribution Center,2025-05-08T07:15:17,1.0,4129,6444,1420,71.3,50
CE02568,LOC051,Last Mile Facility,2024-03-29T02:25:07,1.0,2427,4064,2393,148.3,60
CE02569,LOC024,Airport,2024-06-22T00:01:04,0.46,1595,1112,0,30.0,0
CE02570,LOC008,Airport,2024-04-11T04:16:21,1.0,1075,1758,790,118.2,57
CE02571,LOC068,Hub,2025-09-28T19:04:50,0.48,2969,2156,0,30.0,0
CE02572,LOC038,Airport,2026-03-15T18:12:13,0.53,1463,1157,0,30.0,0
CE02573,LOC012,Airport,2026-04-09T23:10:11,1.0,2463,4128,2507,152.1,60
CE02574,LOC037,Distribution Center,2024-01-28T03:01:24,0.91,2793,3811,1944,113.5,32
CE02575,LOC074,Warehouse,2024-09-20T22:53:57,0.88,325,427,141,82.1,28
CE02576,LOC038,Airport,2025-05-14T16:12:52,1.0,1463,2464,1073,118.0,61
CE02577,LOC037,Distribution Center,2025-07-29T08:28:28,1.0,2793,5011,1487,93.9,71
CE02578,LOC014,Airport,2024-02-29T16:46:30,0.65,1578,1549,0,30.0,0
CE02579,LOC004,Warehouse,2024-08-10T21:33:48,0.37,869,481,0,30.0,0
CE02580,LOC038,Airport,2024-06-10T05:40:06,0.54,1463,1184,0,30.0,0
CE02581,LOC034,Port,2024-12-28T23:32:58,0.91,1778,2417,665,74.9,32
CE02582,LOC018,Hub,2024-01-10T04:01:40,0.88,261,345,112,81.5,28
CE02583,LOC018,Hub,2025-08-15T04:39:55,0.46,261,181,0,30.0,0
CE02584,LOC044,Warehouse,2024-01-06T07:32:32,0.37,3843,2129,0,30.0,0
CE02585,LOC049,Port,2026-05-24T03:24:40,1.0,1833,2806,1315,116.1,47
CE02586,LOC075,Distribution Center,2024-03-31T17:57:49,0.44,1059,703,0,30.0,0
CE02587,LOC063,Last Mile Facility,2025-08-25T00:03:49,0.65,3270,3175,0,30.0,0
CE02588,LOC068,Hub,2026-05-30T17:36:22,1.0,2969,4878,2009,111.2,57
CE02589,LOC046,Last Mile Facility,2024-07-04T20:34:49,0.74,1736,1921,272,48.8,9
CE02590,LOC064,Warehouse,2024-12-14T18:38:25,0.76,3291,3737,378,43.8,12
CE02591,LOC045,Distribution Center,2024-02-24T16:10:22,1.0,4759,7173,1510,68.1,45
CE02592,LOC064,Warehouse,2026-05-25T13:58:33,1.0,3291,5079,2562,123.4,48
CE02593,LOC051,Last Mile Facility,2026-04-27T12:47:28,0.36,2427,1306,0,30.0,0
CE02594,LOC057,Distribution Center,2024-04-24T20:05:13,0.67,2059,2055,0,30.0,0
CE02595,LOC033,Last Mile Facility,2024-01-31T17:56:59,1.0,4291,7201,3825,137.0,61
CE02596,LOC017,Hub,2026-01-10T02:31:55,0.68,1600,1636,56,34.2,2
CE02597,LOC015,Last Mile Facility,2026-06-06T18:45:40,0.79,3252,3861,506,48.7,16
CE02598,LOC071,Last Mile Facility,2025-08-22T17:09:51,0.76,4596,5251,1254,62.7,12
CE02599,LOC075,Distribution Center,2025-03-14T19:11:13,0.42,1059,661,0,30.0,0
CE02600,LOC006,Sort Facility,2025-08-23T19:43:26,1.0,4943,8853,5250,157.5,71
CE02601,LOC026,Distribution Center,2025-11-29T12:57:27,0.84,3661,4586,1293,72.4,22
CE02602,LOC045,Distribution Center,2025-01-04T04:56:39,0.36,4759,2541,0,30.0,0
CE02603,LOC057,Distribution Center,2026-02-01T01:29:22,0.37,2059,1136,0,30.0,0
CE02604,LOC061,Airport,2025-01-23T10:15:11,1.0,2149,3285,1415,109.0,47
CE02605,LOC048,Sort Facility,2025-06-20T03:59:05,0.44,3574,2379,0,30.0,0
CE02606,LOC041,Distribution Center,2025-12-07T19:02:36,1.0,4129,6246,1864,84.2,46
CE02607,LOC012,Airport,2026-01-14T07:13:36,0.29,2463,1076,0,30.0,0
CE02608,LOC037,Distribution Center,2024-08-25T21:23:43,0.98,2793,4119,1508,94.8,42
CE02609,LOC038,Airport,2025-12-06T14:40:05,0.31,1463,678,0,30.0,0
CE02610,LOC054,Port,2026-04-13T08:28:47,0.56,759,641,0,30.0,0
CE02611,LOC001,Last Mile Facility,2025-07-13T10:48:41,0.59,960,852,0,30.0,0
CE02612,LOC031,Hub,2024-12-13T17:21:14,0.45,4593,3130,0,30.0,0
CE02613,LOC039,Warehouse,2024-08-12T07:53:53,0.62,1629,1527,0,30.0,0
CE02614,LOC033,Last Mile Facility,2025-03-21T15:02:48,1.0,4291,7395,5119,173.2,65
CE02615,LOC002,Port,2024-09-27T20:21:24,0.28,566,240,0,30.0,0
CE02616,LOC008,Airport,2025-08-26T10:31:54,0.45,1075,732,0,30.0,0
CE02617,LOC063,Last Mile Facility,2025-02-03T13:31:09,0.63,3270,3078,0,30.0,0
CE02618,LOC005,Sort Facility,2024-09-06T01:02:16,0.37,1284,716,0,30.0,0
CE02619,LOC074,Warehouse,2025-07-25T18:56:45,0.51,325,250,0,30.0,0
CE02620,LOC031,Hub,2024-02-02T12:35:33,1.0,4593,7576,5071,162.5,58
CE02621,LOC052,Hub,2025-11-01T16:18:23,0.55,2030,1677,0,30.0,0
CE02622,LOC061,Airport,2025-04-10T19:30:14,0.4,2149,1288,0,30.0,0
CE02623,LOC058,Hub,2024-08-11T16:06:15,1.0,4836,8507,2003,79.7,68
CE02624,LOC016,Airport,2024-03-07T02:33:40,0.77,1121,1290,192,50.6,13
CE02625,LOC040,Distribution Center,2025-12-15T11:30:37,0.29,2337,1017,0,30.0,0
CE02626,LOC041,Distribution Center,2025-09-29T11:45:23,1.0,4129,6824,1915,85.7,58
CE02627,LOC018,Hub,2026-04-21T04:31:41,0.42,261,164,0,30.0,0
CE02628,LOC058,Hub,2024-12-18T14:38:12,0.98,4836,7103,4190,134.0,42
CE02629,LOC030,Warehouse,2025-09-16T20:15:24,1.0,2790,4985,2665,144.6,70
CE02630,LOC058,Hub,2024-07-13T05:14:26,0.78,4836,5688,1368,63.9,15
CE02631,LOC040,Distribution Center,2025-07-02T06:36:29,0.65,2337,2275,0,30.0,0
CE02632,LOC029,Port,2024-11-19T06:33:52,1.0,2831,4731,3716,187.5,60
CE02633,LOC048,Sort Facility,2025-09-22T09:02:08,0.94,3574,5065,1426,77.9,37
CE02634,LOC032,Distribution Center,2025-10-16T05:15:41,0.34,1584,819,0,30.0,0
CE02635,LOC036,Airport,2025-10-10T21:56:24,0.66,2829,2783,0,30.0,0
CE02636,LOC043,Distribution Center,2025-12-16T11:43:27,0.49,4879,3556,0,30.0,0
CE02637,LOC017,Hub,2025-12-03T15:24:23,0.52,1600,1255,0,30.0,0
CE02638,LOC067,Warehouse,2025-11-20T13:31:34,0.68,3061,3136,89,33.5,2
CE02639,LOC030,Warehouse,2025-08-26T10:11:57,0.39,2790,1652,0,30.0,0
CE02640,LOC072,Airport,2025-12-21T01:10:19,0.66,4665,4630,0,30.0,0
CE02641,LOC039,Warehouse,2025-07-18T18:30:32,0.95,1629,2323,608,74.8,38
CE02642,LOC056,Warehouse,2025-06-08T18:08:47,0.31,3011,1413,0,30.0,0
CE02643,LOC074,Warehouse,2025-05-21T10:34:13,0.97,325,473,82,60.3,40
CE02644,LOC020,Last Mile Facility,2025-09-11T15:26:18,0.67,1116,1117,0,30.0,0
CE02645,LOC053,Distribution Center,2024-07-25T18:52:29,0.9,1247,1676,670,94.5,30
CE02646,LOC075,Distribution Center,2026-04-03T05:28:29,0.3,1059,479,0,30.0,0
CE02647,LOC012,Airport,2024-11-15T21:04:14,0.82,2463,3035,502,54.5,20
CE02648,LOC018,Hub,2025-01-17T03:48:36,0.95,261,372,105,78.3,38
CE02649,LOC021,Port,2024-12-03T00:49:45,0.32,437,209,0,30.0,0
CE02650,LOC009,Sort Facility,2024-10-23T15:41:38,1.0,3105,5064,2947,143.9,56
CE02651,LOC048,Sort Facility,2026-06-01T22:59:17,0.54,3574,2874,0,30.0,0
CE02652,LOC044,Warehouse,2024-10-29T07:17:09,0.67,3843,3834,0,30.0,0
CE02653,LOC034,Port,2025-07-18T13:05:22,0.97,1778,2577,601,70.6,40
CE02654,LOC039,Warehouse,2025-12-20T19:54:24,0.42,1629,1025,0,30.0,0
CE02655,LOC047,Distribution Center,2026-05-01T14:34:58,1.0,4197,6380,1416,70.5,46
CE02656,LOC017,Hub,2025-09-26T03:06:02,0.41,1600,980,0,30.0,0
CE02657,LOC036,Airport,2025-08-05T06:10:37,0.36,2829,1520,0,30.0,0
CE02658,LOC005,Sort Facility,2025-04-21T18:01:24,1.0,1284,2173,1499,170.1,62
CE02659,LOC002,Port,2024-11-27T16:22:01,0.53,566,452,0,30.0,0
CE02660,LOC045,Distribution Center,2025-09-02T05:44:51,0.7,4759,5000,365,39.2,4
CE02661,LOC033,Last Mile Facility,2024-08-07T13:13:11,1.0,4291,6559,2589,102.4,47
CE02662,LOC011,Warehouse,2025-12-31T11:32:11,0.67,2988,3002,8,30.3,0
CE02663,LOC010,Last Mile Facility,2024-06-17T18:46:20,0.56,1628,1365,0,30.0,0
CE02664,LOC041,Distribution Center,2026-04-23T06:07:15,1.0,4129,6544,2528,103.5,52
CE02665,LOC009,Sort Facility,2025-12-03T15:42:17,0.54,3105,2520,0,30.0,0
CE02666,LOC071,Last Mile Facility,2025-04-11T12:45:04,1.0,4596,7851,4198,139.6,63
CE02667,LOC022,Hub,2025-10-02T04:52:01,0.59,479,422,0,30.0,0
CE02668,LOC062,Sort Facility,2024-03-20T01:09:24,0.7,3208,3372,227,38.5,4
CE02669,LOC045,Distribution Center,2024-11-05T18:32:03,0.35,4759,2477,0,30.0,0
CE02670,LOC052,Hub,2024-12-03T08:59:16,0.45,2030,1356,0,30.0,0
CE02671,LOC042,Port,2025-06-08T13:44:25,0.57,809,696,0,30.0,0
CE02672,LOC037,Distribution Center,2026-05-07T00:36:30,0.73,2793,3073,360,45.5,9
CE02673,LOC075,Distribution Center,2024-08-31T10:55:14,1.0,1059,1888,1590,210.2,70
CE02674,LOC038,Airport,2025-08-19T23:23:17,1.0,1463,2582,625,81.3,68
CE02675,LOC028,Hub,2026-03-14T21:49:49,0.57,4698,4048,0,30.0,0
CE02676,LOC032,Distribution Center,2025-11-01T18:04:03,1.0,1584,2761,2016,182.7,66
CE02677,LOC017,Hub,2024-10-07T02:38:20,0.34,1600,822,0,30.0,0
CE02678,LOC028,Hub,2025-11-19T03:30:15,0.38,4698,2690,0,30.0,0
CE02679,LOC012,Airport,2024-02-07T00:38:52,0.63,2463,2322,0,30.0,0
CE02680,LOC070,Distribution Center,2024-11-16T17:08:10,1.0,4087,7108,4584,164.6,66
CE02681,LOC014,Airport,2025-08-22T14:01:46,0.67,1578,1582,7,30.5,0
CE02682,LOC056,Warehouse,2026-05-31T09:56:26,0.68,3011,3091,106,34.2,2
CE02683,LOC063,Last Mile Facility,2024-09-24T17:19:49,0.41,3270,2025,0,30.0,0
CE02684,LOC048,Sort Facility,2025-02-28T14:06:26,0.51,3574,2717,0,30.0,0
CE02685,LOC008,Airport,2026-05-25T03:43:56,0.84,1075,1357,544,90.7,23
CE02686,LOC057,Distribution Center,2024-08-30T02:43:15,0.38,2059,1187,0,30.0,0
CE02687,LOC073,Sort Facility,2025-09-16T07:02:28,0.43,3536,2293,0,30.0,0
CE02688,LOC069,Port,2026-06-12T08:07:53,0.36,4167,2275,0,30.0,0
CE02689,LOC035,Airport,2024-11-03T06:52:55,0.71,1822,1936,97,36.4,5
CE02690,LOC074,Warehouse,2024-08-22T01:52:44,0.56,325,273,0,30.0,0
CE02691,LOC002,Port,2025-09-30T21:59:33,1.0,566,990,429,121.0,67
CE02692,LOC014,Airport,2025-05-06T15:37:41,1.0,1578,2768,1787,165.9,67
CE02693,LOC071,Last Mile Facility,2025-12-28T21:55:11,0.62,4596,4286,0,30.0,0
CE02694,LOC001,Last Mile Facility,2025-01-16T16:18:11,0.72,960,1043,132,46.5,7
CE02695,LOC031,Hub,2024-07-21T19:26:46,0.74,4593,5100,881,53.0,9
CE02696,LOC029,Port,2026-01-26T00:55:53,0.73,2831,3085,336,44.2,8
CE02697,LOC027,Distribution Center,2025-05-06T05:20:05,1.0,300,517,361,174.4,65
CE02698,LOC064,Warehouse,2026-04-04T05:45:30,0.49,3291,2395,0,30.0,0
CE02699,LOC019,Airport,2024-02-24T20:08:24,0.87,3442,4489,1485,81.8,27
CE02700,LOC018,Hub,2024-05-30T18:49:51,0.68,261,268,11,35.1,2
CE02701,LOC008,Airport,2024-04-11T12:45:42,0.27,1075,434,0,30.0,0
CE02702,LOC072,Airport,2024-05-13T04:59:38,0.98,4665,6824,3190,112.1,41
CE02703,LOC015,Last Mile Facility,2024-02-03T08:18:47,0.87,3252,4257,1576,88.2,27
CE02704,LOC026,Distribution Center,2024-01-14T11:11:30,0.71,3661,3878,177,35.8,5
CE02705,LOC054,Port,2024-03-22T22:45:48,0.82,759,933,238,67.6,20
CE02706,LOC020,Last Mile Facility,2025-05-29T23:32:15,0.95,1116,1597,640,98.8,38
CE02707,LOC009,Sort Facility,2024-05-19T17:27:58,0.79,3105,3657,296,41.4,16
CE02708,LOC008,Airport,2025-05-01T16:26:32,0.96,1075,1540,754,114.2,38
CE02709,LOC010,Last Mile Facility,2025-07-08T02:36:14,0.39,1628,945,0,30.0,0
CE02710,LOC004,Warehouse,2024-11-11T08:39:07,1.0,869,1330,290,70.0,47
CE02711,LOC068,Hub,2024-08-21T22:53:03,0.84,2969,3742,688,57.8,23
CE02712,LOC005,Sort Facility,2024-11-26T21:39:27,1.0,1284,2128,478,74.7,59
CE02713,LOC016,Airport,2025-04-22T18:44:11,0.7,1121,1172,85,39.1,4
CE02714,LOC041,Distribution Center,2024-04-12T13:31:08,0.33,4129,2073,0,30.0,0
CE02715,LOC012,Airport,2025-07-17T19:23:10,0.3,2463,1121,0,30.0,0
CE02716,LOC056,Warehouse,2025-05-05T02:41:37,1.0,3011,5364,2335,123.1,70
CE02717,LOC020,Last Mile Facility,2026-06-25T08:32:14,0.95,1116,1593,510,84.8,38
CE02718,LOC012,Airport,2025-11-24T19:05:22,0.67,2463,2480,18,30.9,0
CE02719,LOC003,Warehouse,2026-01-08T00:32:22,0.47,3544,2514,0,30.0,0
CE02720,LOC007,Warehouse,2025-06-10T00:41:50,0.62,2658,2469,0,30.0,0
CE02721,LOC044,Warehouse,2024-09-29T04:36:01,0.31,3843,1810,0,30.0,0
CE02722,LOC055,Airport,2025-03-26T02:19:45,1.0,1469,2429,1096,119.5,58
CE02723,LOC035,Airport,2025-04-16T01:37:28,0.47,1822,1285,0,30.0,0
CE02724,LOC059,Distribution Center,2024-06-06T16:10:30,1.0,4161,6749,3864,141.4,55
CE02725,LOC043,Distribution Center,2026-05-22T20:41:11,0.76,4879,5541,1194,59.4,12
CE02726,LOC044,Warehouse,2024-09-05T06:14:17,1.0,3843,6601,2355,103.5,64
CE02727,LOC028,Hub,2024-08-24T03:36:02,0.46,4698,3232,0,30.0,0
CE02728,LOC015,Last Mile Facility,2024-09-10T14:39:09,0.99,3252,4852,2110,107.9,44
CE02729,LOC019,Airport,2025-10-06T23:15:04,0.99,3442,5102,1342,76.8,43
CE02730,LOC042,Port,2024-07-02T23:46:50,1.0,809,1396,344,81.0,65
CE02731,LOC056,Warehouse,2026-04-06T21:46:31,0.82,3011,3695,681,57.1,20
CE02732,LOC060,Last Mile Facility,2025-09-28T09:58:24,0.27,723,296,0,30.0,0
CE02733,LOC063,Last Mile Facility,2024-09-02T21:07:18,0.84,3270,4105,593,51.8,22
CE02734,LOC027,Distribution Center,2026-05-22T12:21:15,1.0,300,482,341,166.4,54
CE02735,LOC021,Port,2026-05-08T00:01:37,0.74,437,485,24,36.6,9
CE02736,LOC029,Port,2025-12-30T10:45:06,1.0,2831,4820,2112,119.5,63
CE02737,LOC040,Distribution Center,2025-03-12T21:11:10,0.8,2337,2806,840,73.1,18
CE02738,LOC026,Distribution Center,2025-01-22T09:55:31,0.77,3661,4213,809,56.5,13
CE02739,LOC017,Hub,2024-06-25T02:23:00,0.28,1600,664,0,30.0,0
CE02740,LOC032,Distribution Center,2024-08-15T19:22:11,0.89,1584,2116,805,91.0,30
CE02741,LOC028,Hub,2025-11-22T03:13:09,1.0,4698,8411,4712,150.4,71
CE02742,LOC033,Last Mile Facility,2024-05-30T18:59:31,0.85,4291,5468,1263,65.3,24
CE02743,LOC013,Hub,2024-03-02T04:07:52,0.6,2712,2437,0,30.0,0
CE02744,LOC027,Distribution Center,2024-07-29T15:29:14,1.0,300,458,151,90.4,47
CE02745,LOC066,Sort Facility,2025-08-14T18:48:48,0.29,3283,1410,0,30.0,0
CE02746,LOC029,Port,2026-01-04T11:44:58,0.75,2831,3187,622,56.4,11
CE02747,LOC066,Sort Facility,2025-08-12T07:55:46,0.64,3283,3170,0,30.0,0
CE02748,LOC067,Warehouse,2026-01-10T19:22:36,0.79,3061,3607,1043,70.9,16
CE02749,LOC037,Distribution Center,2024-09-21T19:07:59,0.62,2793,2584,0,30.0,0
CE02750,LOC016,Airport,2024-01-31T23:56:36,1.0,1121,1809,515,85.1,55
CE02751,LOC062,Sort Facility,2026-06-29T14:12:06,0.89,3208,4265,1134,72.4,29
CE02752,LOC008,Airport,2025-07-16T22:39:47,1.0,1075,1867,1517,199.3,66
CE02753,LOC049,Port,2025-11-15T23:18:17,0.65,1833,1776,0,30.0,0
CE02754,LOC010,Last Mile Facility,2026-06-27T14:19:28,0.53,1628,1284,0,30.0,0
CE02755,LOC020,Last Mile Facility,2026-06-07T10:21:34,1.0,1116,1823,385,71.4,57
CE02756,LOC047,Distribution Center,2024-10-09T11:15:01,0.38,4197,2402,0,30.0,0
CE02757,LOC014,Airport,2025-11-25T21:47:54,0.97,1578,2299,897,98.2,41
CE02758,LOC033,Last Mile Facility,2024-01-31T20:18:36,0.67,4291,4301,10,30.3,0
CE02759,LOC004,Warehouse,2026-02-02T22:24:13,0.58,869,758,0,30.0,0
CE02760,LOC028,Hub,2026-05-30T11:12:07,0.96,4698,6768,3078,108.6,39
CE02761,LOC032,Distribution Center,2025-06-18T02:52:02,0.84,1584,2001,423,62.0,23
CE02762,LOC007,Warehouse,2025-06-11T19:47:29,0.71,2658,2840,329,44.9,6
CE02763,LOC060,Last Mile Facility,2024-05-12T01:25:17,0.99,723,1074,587,127.4,43
CE02764,LOC056,Warehouse,2025-07-28T17:24:46,0.66,3011,2980,0,30.0,0
CE02765,LOC032,Distribution Center,2024-04-17T00:24:18,1.0,1584,2761,618,76.8,66
CE02766,LOC054,Port,2024-10-02T07:49:02,0.55,759,628,0,30.0,0
CE02767,LOC058,Hub,2024-07-28T15:03:16,0.56,4836,4085,0,30.0,0
CE02768,LOC016,Airport,2025-04-11T04:42:29,0.37,1121,622,0,30.0,0
CE02769,LOC075,Distribution Center,2025-09-03T11:03:31,0.69,1059,1093,49,35.6,2
CE02770,LOC075,Distribution Center,2024-08-20T05:14:31,0.29,1059,457,0,30.0,0
CE02771,LOC001,Last Mile Facility,2024-06-21T09:19:44,0.88,960,1266,204,55.5,28
CE02772,LOC022,Hub,2024-11-02T05:36:25,0.77,479,554,112,58.1,14
CE02773,LOC051,Last Mile Facility,2025-05-13T04:30:35,0.87,2427,3172,933,76.1,27
CE02774,LOC020,Last Mile Facility,2025-03-30T03:34:40,0.83,1116,1395,519,85.8,22
CE02775,LOC044,Warehouse,2024-05-09T01:10:28,0.79,3843,4539,826,55.8,16
CE02776,LOC030,Warehouse,2025-07-05T00:36:58,0.86,2790,3584,1283,85.2,25
CE02777,LOC014,Airport,2026-02-07T13:36:47,0.87,1578,2056,421,62.0,27
CE02778,LOC031,Hub,2024-01-25T18:51:55,0.55,4593,3794,0,30.0,0
CE02779,LOC037,Distribution Center,2025-10-10T22:25:33,0.8,2793,3357,1116,77.9,18
CE02780,LOC019,Airport,2024-09-19T15:01:10,1.0,3442,5783,4130,174.0,61
CE02781,LOC073,Sort Facility,2025-07-21T08:14:18,0.31,3536,1659,0,30.0,0
CE02782,LOC067,Warehouse,2025-01-27T13:55:37,0.45,3061,2054,0,30.0,0
CE02783,LOC061,Airport,2024-10-25T07:08:30,1.0,2149,3665,1348,105.3,63
CE02784,LOC071,Last Mile Facility,2026-03-08T13:47:21,1.0,4596,7330,2072,84.1,53
CE02785,LOC052,Hub,2025-03-11T08:19:19,1.0,2030,3465,1369,110.9,63
CE02786,LOC017,Hub,2026-03-19T11:05:47,0.51,1600,1223,0,30.0,0
CE02787,LOC035,Airport,2024-02-06T10:04:06,0.36,1822,972,0,30.0,0
CE02788,LOC005,Sort Facility,2026-01-30T13:56:54,1.0,1284,2122,1148,137.3,58
CE02789,LOC040,Distribution Center,2025-05-09T21:03:32,1.0,2337,3555,1214,92.3,46
CE02790,LOC062,Sort Facility,2024-09-16T05:48:32,1.0,3208,5632,4724,206.7,68
CE02791,LOC015,Last Mile Facility,2024-03-21T19:06:47,0.68,3252,3316,70,32.6,1
CE02792,LOC013,Hub,2025-01-05T23:15:20,1.0,2712,4452,3283,175.3,57
CE02793,LOC005,Sort Facility,2025-04-21T08:13:23,0.96,1284,1855,614,87.4,40
CE02794,LOC032,Distribution Center,2025-02-12T17:34:41,0.39,1584,929,0,30.0,0
CE02795,LOC017,Hub,2025-11-28T09:21:47,0.29,1600,703,0,30.0,0
CE02796,LOC026,Distribution Center,2025-11-03T13:32:01,0.6,3661,3271,0,30.0,0
CE02797,LOC062,Sort Facility,2025-06-08T07:34:36,0.64,3208,3082,0,30.0,0
CE02798,LOC072,Airport,2024-03-03T20:17:57,0.41,4665,2877,0,30.0,0
CE02799,LOC038,Airport,2025-02-27T20:05:01,0.84,1463,1835,357,59.3,22
CE02800,LOC036,Airport,2025-12-12T14:44:26,0.78,2829,3306,823,64.9,15
CE02801,LOC055,Airport,2024-05-04T15:43:12,0.43,1469,938,0,30.0,0
CE02802,LOC053,Distribution Center,2025-06-01T04:06:53,0.33,1247,616,0,30.0,0
CE02803,LOC020,Last Mile Facility,2026-05-06T08:59:19,1.0,1116,1779,995,137.0,53
CE02804,LOC003,Warehouse,2024-02-18T17:42:01,0.3,3544,1582,0,30.0,0
CE02805,LOC053,Distribution Center,2024-07-21T22:58:46,0.65,1247,1216,0,30.0,0
CE02806,LOC044,Warehouse,2024-01-17T14:06:00,1.0,3843,6811,5076,188.5,69
CE02807,LOC072,Airport,2026-06-10T03:19:09,0.98,4665,6850,2515,94.7,42
CE02808,LOC054,Port,2024-01-30T20:16:52,1.0,759,1275,565,119.3,61
CE02809,LOC071,Last Mile Facility,2025-04-15T05:51:51,0.98,4596,6750,3461,120.4,42
CE02810,LOC056,Warehouse,2025-08-14T08:26:52,1.0,3011,5344,3377,164.6,69
CE02811,LOC012,Airport,2024-11-06T03:12:28,0.8,2463,2951,885,73.1,17
CE02812,LOC045,Distribution Center,2025-12-31T07:22:48,0.83,4759,5916,1929,78.6,21
CE02813,LOC049,Port,2025-08-13T08:03:29,0.86,1833,2359,844,85.3,25
CE02814,LOC030,Warehouse,2025-08-26T08:29:41,0.8,2790,3339,1026,74.1,17
CE02815,LOC032,Distribution Center,2024-02-25T21:32:57,0.33,1584,792,0,30.0,0
CE02816,LOC041,Distribution Center,2025-02-23T20:54:22,0.75,4129,4673,326,39.5,11
CE02817,LOC030,Warehouse,2025-08-05T18:18:21,0.35,2790,1465,0,30.0,0
CE02818,LOC058,Hub,2025-06-05T09:22:35,0.67,4836,4850,13,30.3,0
CE02819,LOC022,Hub,2025-07-23T19:04:03,0.75,479,539,38,39.5,11
CE02820,LOC055,Airport,2026-03-07T06:31:28,0.46,1469,1004,0,30.0,0
CE02821,LOC032,Distribution Center,2025-10-21T11:02:14,0.49,1584,1165,0,30.0,0
CE02822,LOC063,Last Mile Facility,2025-09-24T13:19:52,1.0,3270,5341,3580,161.4,57
CE02823,LOC048,Sort Facility,2025-06-15T11:28:55,0.49,3574,2618,0,30.0,0
CE02824,LOC009,Sort Facility,2024-07-24T13:59:51,1.0,3105,4688,1607,92.1,45
CE02825,LOC055,Airport,2025-06-21T20:43:44,0.83,1469,1823,643,82.5,21
CE02826,LOC058,Hub,2025-02-10T08:42:18,0.9,4836,6534,3370,113.6,31
CE02827,LOC054,Port,2026-05-08T02:19:04,0.82,759,939,342,84.1,21
CE02828,LOC028,Hub,2024-10-26T15:57:40,0.74,4698,5228,829,51.2,10
CE02829,LOC060,Last Mile Facility,2026-01-29T08:55:08,1.0,723,1087,440,103.0,45
CE02830,LOC049,Port,2025-03-13T12:20:33,0.48,1833,1310,0,30.0,0
CE02831,LOC030,Warehouse,2025-02-18T06:16:21,0.89,2790,3727,853,66.7,30
CE02832,LOC068,Hub,2024-05-09T09:52:38,0.55,2969,2454,0,30.0,0
CE02833,LOC027,Distribution Center,2025-11-29T20:31:35,0.56,300,251,0,30.0,0
CE02834,LOC012,Airport,2024-05-11T17:23:52,1.0,2463,4230,3178,184.8,64
CE02835,LOC004,Warehouse,2025-05-09T22:47:16,0.87,869,1140,371,81.2,28
CE02836,LOC059,Distribution Center,2026-03-01T09:06:49,0.9,4161,5634,1667,78.1,31
CE02837,LOC008,Airport,2024-06-25T08:31:44,1.0,1075,1804,1208,164.8,61
CE02838,LOC009,Sort Facility,2024-02-05T17:46:48,0.68,3105,3157,86,33.3,1
CE02839,LOC041,Distribution Center,2024-07-18T15:47:24,1.0,4129,6986,3169,122.1,62
CE02840,LOC012,Airport,2024-06-15T07:05:55,0.62,2463,2282,0,30.0,0
CE02841,LOC047,Distribution Center,2025-01-12T10:14:37,0.54,4197,3397,0,30.0,0
CE02842,LOC047,Distribution Center,2024-04-25T14:22:42,1.0,4197,7178,5056,174.6,63
CE02843,LOC008,Airport,2024-10-02T03:02:08,0.33,1075,529,0,30.0,0
CE02844,LOC030,Warehouse,2025-08-03T00:55:28,0.98,2790,4107,1134,78.8,42
CE02845,LOC047,Distribution Center,2024-04-10T21:51:12,0.65,4197,4072,0,30.0,0
CE02846,LOC029,Port,2024-08-27T05:45:52,0.31,2831,1323,0,30.0,0
CE02847,LOC033,Last Mile Facility,2026-06-07T10:18:20,0.36,4291,2317,0,30.0,0
CE02848,LOC003,Warehouse,2025-01-03T01:57:43,0.67,3544,3586,79,32.7,1
CE02849,LOC008,Airport,2024-05-15T18:01:34,1.0,1075,1615,277,60.9,45
CE02850,LOC018,Hub,2024-04-27T03:32:46,0.66,261,259,0,30.0,0
CE02851,LOC029,Port,2024-01-15T23:36:02,0.63,2831,2681,0,30.0,0
CE02852,LOC036,Airport,2024-01-21T21:20:55,0.73,2829,3116,267,41.3,9
CE02853,LOC014,Airport,2025-06-13T22:25:38,1.0,1578,2757,1074,111.7,67
CE02854,LOC056,Warehouse,2024-04-19T08:03:36,1.0,3011,5395,4060,191.8,71
CE02855,LOC066,Sort Facility,2024-08-30T17:11:26,1.0,3283,5803,3544,159.5,69
CE02856,LOC061,Airport,2026-06-24T06:40:40,0.45,2149,1450,0,30.0,0
CE02857,LOC036,Airport,2025-12-16T18:29:22,0.49,2829,2061,0,30.0,0
CE02858,LOC059,Distribution Center,2025-05-29T00:52:11,0.55,4161,3425,0,30.0,0
CE02859,LOC066,Sort Facility,2024-06-13T09:43:49,0.42,3283,2046,0,30.0,0
CE02860,LOC075,Distribution Center,2024-07-08T11:41:03,1.0,1059,1871,863,127.8,69
CE02861,LOC011,Warehouse,2024-03-28T06:02:08,0.51,2988,2305,0,30.0,0
CE02862,LOC069,Port,2024-08-03T11:40:04,0.45,4167,2814,0,30.0,0
CE02863,LOC056,Warehouse,2024-11-05T22:41:36,0.43,3011,1932,0,30.0,0
CE02864,LOC068,Hub,2024-05-06T01:42:00,0.95,2969,4236,1421,87.4,38
CE02865,LOC066,Sort Facility,2024-10-15T06:43:49,0.91,3283,4481,1806,96.0,32
CE02866,LOC031,Hub,2024-05-22T10:58:06,1.0,4593,7855,3463,120.5,63
CE02867,LOC070,Distribution Center,2024-05-22T06:34:15,0.82,4087,5047,815,53.9,21
CE02868,LOC032,Distribution Center,2024-01-06T23:12:28,0.62,1584,1473,0,30.0,0
CE02869,LOC064,Warehouse,2025-11-03T14:16:04,0.43,3291,2133,0,30.0,0
CE02870,LOC019,Airport,2024-12-28T01:41:37,0.3,3442,1536,0,30.0,0
CE02871,LOC066,Sort Facility,2024-11-22T13:32:02,0.53,3283,2609,0,30.0,0
CE02872,LOC009,Sort Facility,2024-03-18T16:05:02,1.0,3105,4678,3003,146.1,45
CE02873,LOC004,Warehouse,2024-05-03T08:41:32,0.35,869,457,0,30.0,0
CE02874,LOC030,Warehouse,2025-08-24T00:42:46,0.44,2790,1857,0,30.0,0
CE02875,LOC074,Warehouse,2025-05-12T17:33:44,0.34,325,165,0,30.0,0
CE02876,LOC068,Hub,2026-04-02T06:58:57,0.58,2969,2595,0,30.0,0
CE02877,LOC032,Distribution Center,2024-10-26T06:05:13,1.0,1584,2555,1506,144.1,55
CE02878,LOC046,Last Mile Facility,2026-01-09T12:12:38,1.0,1736,2598,1212,113.8,44
CE02879,LOC045,Distribution Center,2024-11-02T11:52:04,0.65,4759,4623,0,30.0,0
CE02880,LOC030,Warehouse,2026-02-08T10:08:11,1.0,2790,4239,2056,118.4,46
CE02881,LOC062,Sort Facility,2024-10-16T01:00:05,1.0,3208,5651,4023,180.5,68
CE02882,LOC073,Sort Facility,2025-12-29T21:26:01,0.31,3536,1632,0,30.0,0
CE02883,LOC045,Distribution Center,2025-03-23T11:47:07,0.28,4759,2022,0,30.0,0
CE02884,LOC051,Last Mile Facility,2024-04-05T04:10:29,0.5,2427,1817,0,30.0,0
CE02885,LOC036,Airport,2025-11-18T10:12:16,0.34,2829,1431,0,30.0,0
CE02886,LOC006,Sort Facility,2024-10-14T06:36:35,0.89,4943,6591,2662,94.6,30
CE02887,LOC064,Warehouse,2026-02-27T12:07:04,0.64,3291,3184,0,30.0,0
CE02888,LOC009,Sort Facility,2024-01-10T19:22:49,0.63,3105,2914,0,30.0,0
CE02889,LOC039,Warehouse,2024-05-03T14:08:54,0.51,1629,1238,0,30.0,0
CE02890,LOC025,Warehouse,2024-09-30T04:11:49,1.0,491,767,254,92.1,50
CE02891,LOC008,Airport,2024-11-03T03:33:16,0.96,1075,1547,447,79.9,39
CE02892,LOC058,Hub,2025-02-12T23:06:13,0.86,4836,6264,1977,79.1,26
CE02893,LOC054,Port,2024-08-11T12:42:40,0.78,759,883,114,48.0,14
CE02894,LOC041,Distribution Center,2026-04-21T23:09:58,0.54,4129,3353,0,30.0,0
CE02895,LOC075,Distribution Center,2026-06-12T21:44:14,0.67,1059,1063,2,30.2,0
CE02896,LOC022,Hub,2024-10-21T03:18:54,0.54,479,389,0,30.0,0
CE02897,LOC006,Sort Facility,2024-07-11T15:26:21,0.28,4943,2061,0,30.0,0
CE02898,LOC029,Port,2024-04-27T17:16:27,0.75,2831,3191,502,51.3,11
CE02899,LOC035,Airport,2024-10-19T08:32:57,0.78,1822,2134,178,41.7,15
CE02900,LOC026,Distribution Center,2024-10-17T13:39:24,0.34,3661,1840,0,30.0,0
CE02901,LOC028,Hub,2025-05-14T06:51:48,0.52,4698,3648,0,30.0,0
CE02902,LOC036,Airport,2024-12-19T17:51:03,1.0,2829,4314,792,63.6,47
CE02903,LOC057,Distribution Center,2024-09-09T07:35:23,1.0,2059,3310,1608,123.7,54
CE02904,LOC070,Distribution Center,2025-09-05T02:17:18,0.96,4087,5892,1919,86.3,39
CE02905,LOC008,Airport,2025-04-05T22:30:16,0.68,1075,1090,11,31.2,1
CE02906,LOC049,Port,2025-10-02T10:59:11,0.84,1833,2313,660,73.2,23
CE02907,LOC062,Sort Facility,2026-02-26T01:26:49,0.59,3208,2857,0,30.0,0
CE02908,LOC055,Airport,2025-03-19T08:35:44,0.76,1469,1677,147,42.0,12
CE02909,LOC064,Warehouse,2024-12-05T01:15:23,0.45,3291,2241,0,30.0,0
CE02910,LOC051,Last Mile Facility,2025-10-24T13:56:29,0.89,2427,3227,1039,81.4,29
CE02911,LOC016,Airport,2025-01-24T20:05:11,0.94,1121,1584,606,94.9,37
CE02912,LOC041,Distribution Center,2025-06-19T13:32:55,0.27,4129,1673,0,30.0,0
CE02913,LOC072,Airport,2025-01-09T00:34:55,0.64,4665,4512,0,30.0,0
CE02914,LOC047,Distribution Center,2026-04-04T04:22:09,0.71,4197,4476,288,38.2,5
CE02915,LOC045,Distribution Center,2024-01-11T20:20:51,0.57,4759,4053,0,30.0,0
CE02916,LOC015,Last Mile Facility,2025-01-25T22:52:10,0.69,3252,3382,202,37.5,3
CE02917,LOC065,Airport,2025-03-13T05:11:03,0.54,1748,1418,0,30.0,0
CE02918,LOC033,Last Mile Facility,2024-09-07T12:21:50,0.82,4291,5302,714,50.0,21
CE02919,LOC061,Airport,2024-04-10T10:27:04,0.84,2149,2701,430,54.0,23
CE02920,LOC045,Distribution Center,2024-04-05T17:20:39,0.29,4759,2096,0,30.0,0
CE02921,LOC061,Airport,2024-04-07T12:43:08,1.0,2149,3580,1217,98.0,59
CE02922,LOC066,Sort Facility,2026-02-06T06:47:09,1.0,3283,5353,3205,147.1,56
CE02923,LOC025,Warehouse,2025-06-18T17:34:22,0.84,491,616,154,67.6,22
CE02924,LOC051,Last Mile Facility,2024-04-03T20:01:24,0.59,2427,2163,0,30.0,0
CE02925,LOC046,Last Mile Facility,2025-10-30T03:05:44,1.0,1736,2941,2157,179.1,62
CE02926,LOC045,Distribution Center,2024-05-04T04:48:43,0.32,4759,2316,0,30.0,0
CE02927,LOC068,Hub,2025-11-23T17:33:01,1.0,2969,4441,2113,115.4,44
CE02928,LOC069,Port,2024-01-19T15:21:10,0.97,4167,6065,2735,108.8,40
CE02929,LOC042,Port,2024-05-17T01:30:56,1.0,809,1369,1008,179.5,62
CE02930,LOC054,Port,2025-05-09T14:44:22,0.72,759,821,114,48.0,7
CE02931,LOC068,Hub,2025-07-15T12:56:35,0.99,2969,4405,1260,80.9,43
CE02932,LOC051,Last Mile Facility,2024-04-12T08:08:24,1.0,2427,3742,2292,143.3,48
CE02933,LOC068,Hub,2026-06-03T05:21:22,0.4,2969,1764,0,30.0,0
CE02934,LOC021,Port,2025-02-11T16:22:18,0.69,437,453,23,36.3,3
CE02935,LOC022,Hub,2025-05-10T15:34:02,0.86,479,616,187,76.8,25
CE02936,LOC038,Airport,2025-12-01T06:33:20,0.39,1463,861,0,30.0,0
CE02937,LOC041,Distribution Center,2025-07-10T07:24:09,0.35,4129,2158,0,30.0,0
CE02938,LOC072,Airport,2026-01-16T08:25:47,0.8,4665,5621,582,45.0,18
CE02939,LOC028,Hub,2025-07-29T11:07:50,0.36,4698,2564,0,30.0,0
CE02940,LOC033,Last Mile Facility,2026-02-15T05:58:38,0.65,4291,4213,0,30.0,0
CE02941,LOC013,Hub,2025-04-11T10:01:33,1.0,2712,4370,2021,119.4,55
CE02942,LOC027,Distribution Center,2026-01-29T18:30:07,0.98,300,442,156,92.4,42
CE02943,LOC022,Hub,2025-05-01T23:10:58,0.57,479,408,0,30.0,0
CE02944,LOC012,Airport,2026-04-28T01:15:25,1.0,2463,3741,1777,116.6,46
CE02945,LOC065,Airport,2024-10-22T14:20:27,0.98,1748,2581,978,97.1,42
CE02946,LOC024,Airport,2024-12-20T08:37:04,1.0,1595,2445,439,63.0,47
CE02947,LOC057,Distribution Center,2024-09-21T22:40:28,0.66,2059,2049,0,30.0,0
CE02948,LOC042,Port,2024-03-07T07:57:07,0.32,809,384,0,30.0,0
CE02949,LOC007,Warehouse,2025-07-02T04:52:40,1.0,2658,4117,2216,130.0,49
CE02950,LOC046,Last Mile Facility,2025-09-28T11:55:51,1.0,1736,2810,1495,133.3,55
CE02951,LOC061,Airport,2025-12-23T06:23:56,1.0,2149,3255,1291,102.1,46
CE02952,LOC050,Airport,2025-12-18T03:11:41,1.0,3355,5686,2588,122.6,62
CE02953,LOC014,Airport,2025-05-18T21:18:25,0.71,1578,1671,141,40.7,5
CE02954,LOC063,Last Mile Facility,2025-09-18T09:56:22,0.39,3270,1907,0,30.0,0
CE02955,LOC061,Airport,2025-12-21T05:09:00,1.0,2149,3576,2746,183.3,59
CE02956,LOC042,Port,2025-12-22T09:48:36,0.32,809,384,0,30.0,0
CE02957,LOC059,Distribution Center,2025-12-03T10:21:30,0.38,4161,2383,0,30.0,0
CE02958,LOC049,Port,2024-08-25T04:30:13,0.92,1833,2523,1213,109.4,33
CE02959,LOC027,Distribution Center,2024-08-08T17:14:02,1.0,300,526,141,86.4,67
CE02960,LOC020,Last Mile Facility,2025-08-21T22:52:26,0.8,1116,1345,317,64.1,18
CE02961,LOC017,Hub,2025-10-13T19:42:57,0.44,1600,1053,0,30.0,0
CE02962,LOC052,Hub,2024-02-08T00:40:25,1.0,2030,3633,2048,151.1,71
CE02963,LOC016,Airport,2024-08-04T14:24:09,0.61,1121,1025,0,30.0,0
CE02964,LOC018,Hub,2025-05-07T00:18:28,0.27,261,106,0,30.0,0
CE02965,LOC034,Port,2025-08-15T13:45:38,0.93,1778,2473,445,60.0,35
CE02966,LOC010,Last Mile Facility,2024-08-20T01:26:11,0.57,1628,1398,0,30.0,0
CE02967,LOC040,Distribution Center,2025-09-12T11:23:30,0.68,2337,2375,20,31.0,1
CE02968,LOC003,Warehouse,2025-07-22T02:39:32,1.0,3544,5384,2472,113.7,46
CE02969,LOC047,Distribution Center,2024-01-22T16:05:59,1.0,4197,6657,4682,163.9,52
CE02970,LOC040,Distribution Center,2025-11-05T18:54:26,0.63,2337,2196,0,30.0,0
CE02971,LOC015,Last Mile Facility,2024-09-25T09:42:12,1.0,3252,5185,2061,106.1,53
CE02972,LOC019,Airport,2024-08-22T15:07:44,1.0,3442,6077,4550,188.6,68
CE02973,LOC001,Last Mile Facility,2024-10-12T16:38:51,1.0,960,1464,553,99.1,47
CE02974,LOC021,Port,2024-12-03T02:06:53,0.58,437,379,0,30.0,0
CE02975,LOC035,Airport,2024-05-27T08:07:22,0.55,1822,1492,0,30.0,0
CE02976,LOC035,Airport,2024-01-26T11:02:23,0.69,1822,1887,47,33.1,3
CE02977,LOC048,Sort Facility,2025-08-30T20:24:35,1.0,3574,6379,4148,169.3,70
CE02978,LOC054,Port,2026-01-03T16:10:52,0.35,759,396,0,30.0,0
CE02979,LOC013,Hub,2024-08-20T20:40:14,0.78,2712,3168,511,52.6,15
CE02980,LOC014,Airport,2025-02-24T19:30:51,0.96,1578,2279,642,78.8,39
CE02981,LOC041,Distribution Center,2025-06-08T00:01:22,0.59,4129,3676,0,30.0,0
CE02982,LOC062,Sort Facility,2024-11-03T04:53:46,0.54,3208,2580,0,30.0,0
CE02983,LOC049,Port,2024-02-03T16:18:50,0.44,1833,1203,0,30.0,0
CE02984,LOC028,Hub,2026-02-11T13:31:27,0.84,4698,5886,2100,83.6,22
CE02985,LOC072,Airport,2025-09-01T07:27:54,1.0,4665,7775,1884,78.5,60
CE02986,LOC036,Airport,2024-09-02T22:27:39,0.37,2829,1554,0,30.0,0
CE02987,LOC070,Distribution Center,2025-04-16T12:07:30,0.74,4087,4556,879,55.8,10
CE02988,LOC011,Warehouse,2026-05-03T08:27:21,0.85,2988,3818,702,58.2,25
CE02989,LOC018,Hub,2025-03-07T08:16:22,0.62,261,242,0,30.0,0
CE02990,LOC016,Airport,2024-12-19T18:44:10,1.0,1121,1905,958,132.6,62
CE02991,LOC007,Warehouse,2024-10-22T01:42:08,1.0,2658,4628,1821,112.2,66
CE02992,LOC036,Airport,2026-01-25T19:19:51,1.0,2829,5060,4450,218.8,70
CE02993,LOC019,Airport,2026-02-14T09:10:19,0.54,3442,2810,0,30.0,0
CE02994,LOC028,Hub,2025-11-03T10:03:01,0.62,4698,4357,0,30.0,0
CE02995,LOC021,Port,2025-11-06T21:59:09,0.46,437,301,0,30.0,0
CE02996,LOC053,Distribution Center,2024-09-05T06:32:44,0.85,1247,1595,183,47.6,25
CE02997,LOC066,Sort Facility,2026-01-27T01:25:54,0.75,3283,3696,271,39.9,11
CE02998,LOC045,Distribution Center,2024-04-02T20:01:47,0.51,4759,3607,0,30.0,0
CE02999,LOC005,Sort Facility,2025-07-02T22:33:58,0.3,1284,574,0,30.0,0
CE03000,LOC033,Last Mile Facility,2024-06-13T16:23:43,0.59,4291,3773,0,30.0,0
CE03001,LOC031,Hub,2024-04-13T22:26:21,0.61,4593,4205,0,30.0,0
CE03002,LOC043,Distribution Center,2025-05-17T04:50:42,0.43,4879,3166,0,30.0,0
CE03003,LOC038,Airport,2026-01-10T12:40:24,0.44,1463,961,0,30.0,0
CE03004,LOC038,Airport,2025-03-25T10:42:02,0.45,1463,998,0,30.0,0
CE03005,LOC041,Distribution Center,2024-08-07T18:40:28,0.51,4129,3172,0,30.0,0
CE03006,LOC052,Hub,2024-12-31T07:07:03,1.0,2030,3411,2667,187.7,61
CE03007,LOC019,Airport,2026-03-16T20:52:30,0.83,3442,4286,1628,86.8,22
CE03008,LOC018,Hub,2026-02-06T18:17:20,0.86,261,337,38,47.5,26
CE03009,LOC037,Distribution Center,2024-12-02T04:07:13,1.0,2793,4962,2757,148.5,69
CE03010,LOC054,Port,2025-10-08T18:28:55,1.0,759,1357,1182,216.9,70
CE03011,LOC048,Sort Facility,2026-01-31T23:25:18,0.55,3574,2964,0,30.0,0
CE03012,LOC014,Airport,2024-01-21T03:28:00,1.0,1578,2624,1518,145.4,59
CE03013,LOC049,Port,2025-04-23T11:21:30,0.85,1833,2343,900,88.9,25
CE03014,LOC030,Warehouse,2024-09-03T09:07:33,0.77,2790,3209,333,44.3,13
CE03015,LOC049,Port,2025-06-09T23:11:46,1.0,1833,3034,1933,156.5,58
CE03016,LOC060,Last Mile Facility,2025-04-27T12:27:06,0.3,723,330,0,30.0,0
CE03017,LOC049,Port,2025-10-28T10:11:00,0.6,1833,1649,0,30.0,0
CE03018,LOC059,Distribution Center,2024-07-08T06:47:59,1.0,4161,6605,1767,81.0,52
CE03019,LOC044,Warehouse,2024-07-20T01:25:42,0.56,3843,3251,0,30.0,0
CE03020,LOC064,Warehouse,2026-04-02T18:17:17,1.0,3291,5697,3282,149.7,65
CE03021,LOC026,Distribution Center,2025-03-13T21:53:11,0.54,3661,2938,0,30.0,0
CE03022,LOC037,Distribution Center,2025-06-13T21:01:36,0.61,2793,2559,0,30.0,0
CE03023,LOC050,Airport,2025-08-02T23:40:18,0.31,3355,1574,0,30.0,0
CE03024,LOC044,Warehouse,2024-07-18T01:09:49,1.0,3843,6848,2205,98.9,70
CE03025,LOC062,Sort Facility,2025-07-28T02:28:35,1.0,3208,5051,2648,129.1,51
CE03026,LOC018,Hub,2026-05-28T04:56:37,0.71,261,279,24,41.0,6
CE03027,LOC046,Last Mile Facility,2026-01-05T14:13:07,1.0,1736,3060,1879,159.9,68
CE03028,LOC009,Sort Facility,2024-04-08T01:28:13,1.0,3105,4698,2445,124.5,46
CE03029,LOC003,Warehouse,2024-01-28T12:16:07,1.0,3544,5499,1374,76.5,49
CE03030,LOC024,Airport,2025-11-25T12:17:01,0.73,1595,1748,225,46.9,8
CE03031,LOC032,Distribution Center,2025-07-28T18:55:02,0.46,1584,1084,0,30.0,0
CE03032,LOC060,Last Mile Facility,2025-10-09T18:54:30,0.76,723,828,198,62.9,13
CE03033,LOC026,Distribution Center,2025-01-17T07:38:25,0.84,3661,4587,1087,65.6,22
CE03034,LOC067,Warehouse,2024-11-21T09:05:06,1.0,3061,4670,1159,75.4,47
CE03035,LOC003,Warehouse,2025-05-21T17:38:25,0.41,3544,2163,0,30.0,0
CE03036,LOC046,Last Mile Facility,2024-12-28T15:12:44,0.98,1736,2543,802,85.4,41
CE03037,LOC042,Port,2025-04-30T12:13:31,0.53,809,640,0,30.0,0
CE03038,LOC054,Port,2026-01-09T17:33:48,1.0,759,1217,542,115.7,54
CE03039,LOC006,Sort Facility,2025-03-11T18:57:59,1.0,4943,8242,4196,131.9,60
CE03040,LOC028,Hub,2026-05-12T03:44:28,0.85,4698,5997,2009,81.3,24
CE03041,LOC060,Last Mile Facility,2025-06-13T08:21:15,1.0,723,1262,932,184.7,67
CE03042,LOC003,Warehouse,2026-06-15T16:18:49,0.42,3544,2251,0,30.0,0
CE03043,LOC074,Warehouse,2025-05-29T06:50:17,1.0,325,496,136,80.2,47
CE03044,LOC064,Warehouse,2024-10-28T22:55:42,1.0,3291,5236,2900,135.7,53
CE03045,LOC034,Port,2024-07-16T11:51:21,1.0,1778,2996,1039,100.1,61
CE03046,LOC012,Airport,2025-05-14T22:47:40,0.5,2463,1855,0,30.0,0
CE03047,LOC006,Sort Facility,2026-06-07T23:57:24,1.0,4943,7628,2353,87.1,48
CE03048,LOC061,Airport,2024-12-21T15:00:21,0.28,2149,908,0,30.0,0
CE03049,LOC037,Distribution Center,2025-01-03T04:40:00,0.76,2793,3193,722,61.0,12
CE03050,LOC034,Port,2025-01-21T23:05:10,0.82,1778,2185,656,74.3,20
CE03051,LOC041,Distribution Center,2026-01-28T23:52:40,0.28,4129,1736,0,30.0,0
CE03052,LOC008,Airport,2026-05-25T01:16:20,0.72,1075,1162,116,42.9,7
CE03053,LOC058,Hub,2025-12-30T17:38:38,0.68,4836,4916,44,31.1,1
CE03054,LOC060,Last Mile Facility,2024-01-31T03:11:00,0.31,723,331,0,30.0,0
CE03055,LOC014,Airport,2025-05-01T22:38:15,0.8,1578,1903,260,49.8,18
CE03056,LOC062,Sort Facility,2026-03-04T17:59:12,0.65,3208,3117,0,30.0,0
CE03057,LOC027,Distribution Center,2024-05-28T11:34:47,0.5,300,223,0,30.0,0
CE03058,LOC015,Last Mile Facility,2025-08-19T17:54:06,1.0,3252,5394,2557,124.4,59
CE03059,LOC010,Last Mile Facility,2024-08-18T11:05:32,0.42,1628,1034,0,30.0,0
CE03060,LOC047,Distribution Center,2025-05-14T16:09:54,0.49,4197,3056,0,30.0,0
CE03061,LOC033,Last Mile Facility,2024-05-06T07:22:10,0.71,4291,4592,367,40.3,6
CE03062,LOC062,Sort Facility,2026-04-02T03:19:54,0.72,3208,3441,310,41.6,6
CE03063,LOC067,Warehouse,2026-02-01T15:35:15,1.0,3061,4813,3105,151.7,51
CE03064,LOC068,Hub,2025-12-19T18:18:21,0.62,2969,2774,0,30.0,0
CE03065,LOC029,Port,2025-02-17T05:28:18,0.72,2831,3067,328,43.9,7
CE03066,LOC029,Port,2024-04-13T23:09:41,1.0,2831,4343,1888,110.0,48
CE03067,LOC006,Sort Facility,2025-11-29T06:00:45,1.0,4943,8169,1745,72.4,58
CE03068,LOC075,Distribution Center,2025-08-28T04:27:49,1.0,1059,1865,1066,150.8,68
CE03069,LOC024,Airport,2024-10-27T02:20:11,0.61,1595,1452,0,30.0,0
CE03070,LOC073,Sort Facility,2025-03-05T01:52:07,0.36,3536,1926,0,30.0,0
CE03071,LOC005,Sort Facility,2024-08-10T06:32:03,1.0,1284,2034,1499,170.1,52
CE03072,LOC068,Hub,2025-07-19T02:47:34,0.69,2969,3066,86,33.5,2
CE03073,LOC022,Hub,2024-04-01T16:28:18,0.53,479,381,0,30.0,0
CE03074,LOC006,Sort Facility,2026-01-05T22:33:57,0.51,4943,3752,0,30.0,0
CE03075,LOC057,Distribution Center,2025-01-18T01:22:41,0.67,2059,2068,4,30.2,0
CE03076,LOC003,Warehouse,2024-12-12T22:28:10,1.0,3544,5624,2218,105.1,52
CE03077,LOC061,Airport,2024-01-05T17:49:57,0.5,2149,1623,0,30.0,0
CE03078,LOC022,Hub,2025-05-23T07:26:10,0.27,479,195,0,30.0,0
CE03079,LOC005,Sort Facility,2025-07-07T06:56:03,0.95,1284,1831,308,58.8,38
CE03080,LOC018,Hub,2026-01-19T14:53:03,0.42,261,163,0,30.0,0
CE03081,LOC063,Last Mile Facility,2026-05-22T20:19:35,0.46,3270,2269,0,30.0,0
CE03082,LOC015,Last Mile Facility,2024-08-14T23:45:20,0.68,3252,3323,89,33.3,1
CE03083,LOC014,Airport,2025-02-27T17:08:20,1.0,1578,2837,1124,115.5,71
CE03084,LOC013,Hub,2025-05-12T03:47:40,0.99,2712,4038,1506,96.6,44
CE03085,LOC075,Distribution Center,2026-01-22T22:50:25,0.88,1059,1392,362,71.0,28
CE03086,LOC028,Hub,2025-05-03T01:02:32,1.0,4698,8121,5954,182.1,65
CE03087,LOC056,Warehouse,2026-04-13T03:05:32,0.39,3011,1754,0,30.0,0
CE03088,LOC021,Port,2024-11-06T18:42:55,1.0,437,689,316,116.8,51
CE03089,LOC056,Warehouse,2024-10-19T08:25:12,1.0,3011,4894,3377,164.6,56
CE03090,LOC064,Warehouse,2024-07-05T23:26:10,0.3,3291,1469,0,30.0,0
CE03091,LOC036,Airport,2025-04-04T05:29:47,0.4,2829,1716,0,30.0,0
CE03092,LOC030,Warehouse,2024-04-04T01:57:01,0.85,2790,3555,388,46.7,24
CE03093,LOC016,Airport,2024-10-29T20:00:17,1.0,1121,1780,822,118.0,52
CE03094,LOC056,Warehouse,2026-03-24T05:34:34,1.0,3011,4743,1379,85.0,51
CE03095,LOC002,Port,2026-02-22T03:18:02,1.0,566,914,412,117.3,55
CE03096,LOC032,Distribution Center,2025-03-14T18:43:57,0.86,1584,2043,511,68.7,26
CE03097,LOC021,Port,2025-01-20T14:33:12,0.56,437,364,0,30.0,0
CE03098,LOC074,Warehouse,2025-08-07T02:37:41,0.71,325,348,41,45.1,6
CE03099,LOC019,Airport,2025-10-19T02:15:34,0.56,3442,2895,0,30.0,0
CE03100,LOC060,Last Mile Facility,2024-01-17T22:54:14,0.4,723,439,0,30.0,0
CE03101,LOC032,Distribution Center,2025-04-08T04:50:41,0.42,1584,988,0,30.0,0
CE03102,LOC010,Last Mile Facility,2025-02-09T10:20:00,0.93,1628,2276,646,77.6,35
CE03103,LOC064,Warehouse,2024-11-13T06:37:12,0.87,3291,4279,1030,67.6,27
CE03104,LOC013,Hub,2024-08-11T18:55:52,1.0,2712,4257,2186,126.7,51
CE03105,LOC068,Hub,2025-04-04T23:32:02,0.72,2969,3194,175,37.1,6
CE03106,LOC073,Sort Facility,2024-02-09T06:38:40,0.44,3536,2320,0,30.0,0
CE03107,LOC033,Last Mile Facility,2024-02-14T18:32:00,0.58,4291,3753,0,30.0,0
CE03108,LOC016,Airport,2025-10-16T15:47:48,1.0,1121,1958,452,78.4,67
CE03109,LOC011,Warehouse,2024-05-02T06:30:33,0.77,2988,3433,273,41.0,13
CE03110,LOC062,Sort Facility,2025-07-26T15:35:02,0.59,3208,2834,0,30.0,0
CE03111,LOC020,Last Mile Facility,2025-12-23T06:12:00,1.0,1116,2000,1524,193.9,71
CE03112,LOC053,Distribution Center,2024-08-17T07:28:35,0.46,1247,852,0,30.0,0
CE03113,LOC064,Warehouse,2025-11-24T21:37:38,0.92,3291,4555,1618,89.0,34
CE03114,LOC014,Airport,2025-08-16T10:43:03,0.44,1578,1036,0,30.0,0
CE03115,LOC075,Distribution Center,2026-05-12T13:45:21,0.5,1059,801,0,30.0,0
CE03116,LOC050,Airport,2024-08-31T20:34:46,0.59,3355,2973,0,30.0,0
CE03117,LOC052,Hub,2025-11-20T22:42:44,1.0,2030,3647,2899,201.4,71
CE03118,LOC009,Sort Facility,2025-05-02T22:00:45,0.93,3105,4310,1979,106.5,34
CE03119,LOC014,Airport,2024-06-16T09:01:11,0.63,1578,1487,0,30.0,0
CE03120,LOC069,Port,2025-02-28T22:45:35,0.5,4167,3103,0,30.0,0
CE03121,LOC014,Airport,2025-12-09T06:47:45,0.8,1578,1905,512,68.9,18
CE03122,LOC026,Distribution Center,2025-03-04T16:08:28,0.76,3661,4193,271,38.9,13
CE03123,LOC008,Airport,2024-11-03T05:47:54,0.4,1075,640,0,30.0,0
CE03124,LOC036,Airport,2025-12-05T05:29:50,0.96,2829,4077,2153,121.3,39
CE03125,LOC042,Port,2025-03-18T08:43:33,0.95,809,1150,257,68.1,37
CE03126,LOC043,Distribution Center,2024-09-10T01:23:34,0.93,4879,6771,1883,76.3,34
CE03127,LOC016,Airport,2024-07-18T16:09:27,1.0,1121,1769,677,102.5,52
CE03128,LOC035,Airport,2025-05-16T10:59:41,0.39,1822,1074,0,30.0,0
CE03129,LOC017,Hub,2024-01-27T08:10:25,0.28,1600,676,0,30.0,0
CE03130,LOC035,Airport,2024-07-11T11:53:02,0.77,1822,2099,234,45.4,13
CE03131,LOC051,Last Mile Facility,2024-03-22T10:29:20,0.76,2427,2766,318,45.7,12
CE03132,LOC030,Warehouse,2025-05-22T06:13:13,0.31,2790,1297,0,30.0,0
CE03133,LOC017,Hub,2026-05-08T09:29:37,0.89,1600,2138,1035,107.6,30
CE03134,LOC005,Sort Facility,2026-01-11T03:38:01,1.0,1284,2232,1600,179.5,66
CE03135,LOC064,Warehouse,2025-07-26T22:40:50,0.72,3291,3535,179,36.5,6
CE03136,LOC021,Port,2024-08-08T04:55:44,0.97,437,635,298,111.8,40
CE03137,LOC008,Airport,2025-05-04T18:04:12,0.96,1075,1543,424,77.3,39
CE03138,LOC069,Port,2025-08-05T14:05:46,0.64,4167,4019,0,30.0,0
CE03139,LOC014,Airport,2026-05-04T14:13:32,0.5,1578,1182,0,30.0,0
CE03140,LOC033,Last Mile Facility,2024-02-09T13:24:49,1.0,4291,7442,3347,123.6,66
CE03141,LOC052,Hub,2025-11-05T14:22:19,0.93,2030,2822,1131,96.9,35
CE03142,LOC062,Sort Facility,2025-05-18T03:16:45,0.92,3208,4451,2033,106.0,34
CE03143,LOC022,Hub,2025-09-06T10:42:51,0.41,479,293,0,30.0,0
CE03144,LOC009,Sort Facility,2024-10-03T12:15:45,0.78,3105,3617,823,61.8,14
CE03145,LOC035,Airport,2025-05-22T08:55:14,1.0,1822,2856,636,71.9,51
CE03146,LOC058,Hub,2024-02-23T15:31:13,0.74,4836,5332,786,49.5,9
CE03147,LOC002,Port,2025-03-15T11:36:32,0.4,566,342,0,30.0,0
CE03148,LOC058,Hub,2025-05-18T08:07:24,1.0,4836,7393,4432,140.0,47
CE03149,LOC012,Airport,2026-05-28T15:43:33,0.63,2463,2337,0,30.0,0
CE03150,LOC031,Hub,2026-06-02T04:19:15,1.0,4593,8049,2690,100.3,67
CE03151,LOC048,Sort Facility,2024-03-02T04:14:51,0.4,3574,2129,0,30.0,0
CE03152,LOC059,Distribution Center,2026-03-05T21:52:15,0.49,4161,3031,0,30.0,0
CE03153,LOC011,Warehouse,2024-03-27T18:34:52,0.63,2988,2819,0,30.0,0
CE03154,LOC023,Port,2024-07-23T20:20:56,0.7,2668,2784,191,38.6,3
CE03155,LOC016,Airport,2026-02-10T13:26:46,1.0,1121,2014,1690,210.9,71
CE03156,LOC005,Sort Facility,2024-04-09T05:32:26,1.0,1284,2112,1473,167.7,58
CE03157,LOC019,Airport,2024-04-15T11:17:46,0.75,3442,3876,323,41.3,11
CE03158,LOC037,Distribution Center,2024-08-05T08:16:35,0.71,2793,2988,129,35.5,6
CE03159,LOC057,Distribution Center,2024-08-23T10:56:11,0.74,2059,2275,265,45.4,9
CE03160,LOC026,Distribution Center,2024-06-07T20:16:34,1.0,3661,5719,3061,130.3,50
CE03161,LOC055,Airport,2026-03-23T02:40:22,0.48,1469,1058,0,30.0,0
CE03162,LOC043,Distribution Center,2024-09-10T19:18:44,0.45,4879,3269,0,30.0,0
CE03163,LOC070,Distribution Center,2024-12-31T01:56:31,0.8,4087,4910,446,43.1,18
CE03164,LOC014,Airport,2024-05-22T16:46:00,0.41,1578,982,0,30.0,0
CE03165,LOC072,Airport,2025-07-13T17:35:19,0.55,4665,3843,0,30.0,0
CE03166,LOC074,Warehouse,2025-07-08T16:56:45,0.61,325,298,0,30.0,0
CE03167,LOC066,Sort Facility,2025-06-09T07:26:45,0.77,3283,3796,887,62.4,14
CE03168,LOC067,Warehouse,2024-05-06T01:48:59,0.87,3061,3990,1657,95.0,27
CE03169,LOC015,Last Mile Facility,2025-10-03T00:24:03,0.31,3252,1535,0,30.0,0
CE03170,LOC019,Airport,2025-06-17T17:20:00,0.97,3442,5004,1148,70.0,40
CE03171,LOC021,Port,2024-04-18T02:00:03,0.43,437,281,0,30.0,0
CE03172,LOC005,Sort Facility,2026-02-04T00:04:45,0.95,1284,1823,330,60.8,37
CE03173,LOC049,Port,2025-09-14T05:57:16,0.6,1833,1640,0,30.0,0
CE03174,LOC037,Distribution Center,2026-04-26T19:13:31,0.53,2793,2241,0,30.0,0
CE03175,LOC015,Last Mile Facility,2024-04-06T13:08:12,1.0,3252,5699,4548,197.8,67
CE03176,LOC034,Port,2026-03-26T01:27:49,0.34,1778,897,0,30.0,0
CE03177,LOC004,Warehouse,2025-10-08T18:45:42,0.57,869,745,0,30.0,0
CE03178,LOC046,Last Mile Facility,2025-09-07T03:35:00,1.0,1736,2706,564,69.0,50
CE03179,LOC031,Hub,2024-08-28T18:13:21,0.84,4593,5811,2429,93.5,23
CE03180,LOC023,Port,2026-05-01T10:33:23,0.98,2668,3922,1930,116.8,42
CE03181,LOC002,Port,2024-05-18T23:49:19,1.0,566,856,487,133.3,46
CE03182,LOC026,Distribution Center,2024-11-17T23:00:37,1.0,3661,6380,4275,170.1,66
CE03183,LOC035,Airport,2025-11-27T17:13:22,1.0,1822,2903,1943,158.0,53
CE03184,LOC003,Warehouse,2024-09-04T02:12:13,0.92,3544,4905,1043,65.3,34
CE03185,LOC060,Last Mile Facility,2024-06-28T00:47:58,0.81,723,877,201,63.4,19
CE03186,LOC024,Airport,2025-02-09T01:38:22,0.36,1595,857,0,30.0,0
CE03187,LOC010,Last Mile Facility,2024-12-19T05:56:35,0.95,1628,2329,420,61.0,38
CE03188,LOC006,Sort Facility,2025-01-06T16:27:35,1.0,4943,7909,3104,105.4,54
CE03189,LOC035,Airport,2024-03-28T19:00:04,0.31,1822,859,0,30.0,0
CE03190,LOC001,Last Mile Facility,2026-05-16T07:59:17,0.91,960,1304,191,53.9,32
CE03191,LOC063,Last Mile Facility,2024-02-07T15:10:51,0.53,3270,2589,0,30.0,0
CE03192,LOC047,Distribution Center,2024-03-22T12:42:42,0.99,4197,6212,3442,128.4,43
CE03193,LOC039,Warehouse,2024-12-16T07:59:24,0.71,1629,1744,213,45.7,6
CE03194,LOC010,Last Mile Facility,2026-01-13T14:58:38,0.49,1628,1198,0,30.0,0
CE03195,LOC024,Airport,2024-03-06T20:35:38,1.0,1595,2803,927,99.7,68
CE03196,LOC048,Sort Facility,2024-03-06T12:25:50,0.3,3574,1634,0,30.0,0
CE03197,LOC015,Last Mile Facility,2024-12-06T04:56:43,0.45,3252,2180,0,30.0,0
CE03198,LOC038,Airport,2024-12-27T10:24:14,0.45,1463,993,0,30.0,0
CE03199,LOC051,Last Mile Facility,2024-08-25T02:29:11,0.31,2427,1129,0,30.0,0
CE03200,LOC071,Last Mile Facility,2024-08-01T20:49:32,0.96,4596,6632,2372,91.9,39
CE03201,LOC056,Warehouse,2026-02-16T15:07:10,0.62,3011,2786,0,30.0,0
CE03202,LOC040,Distribution Center,2025-05-11T06:17:43,1.0,2337,3575,2453,156.0,47
CE03203,LOC012,Airport,2025-05-16T16:27:29,1.0,2463,3969,1811,118.2,55
CE03204,LOC070,Distribution Center,2025-08-24T23:59:20,0.67,4087,4098,9,30.3,0
CE03205,LOC058,Hub,2025-09-06T20:49:15,0.93,4836,6761,2953,103.3,35
CE03206,LOC028,Hub,2024-01-30T21:54:20,0.8,4698,5640,941,54.0,18
CE03207,LOC020,Last Mile Facility,2026-03-03T15:23:05,0.89,1116,1483,299,62.2,29
CE03208,LOC004,Warehouse,2025-03-25T22:32:22,0.94,869,1229,522,102.1,37
CE03209,LOC061,Airport,2026-02-03T15:33:45,0.73,2149,2347,112,36.3,8
CE03210,LOC056,Warehouse,2024-02-06T12:37:59,0.87,3011,3917,972,68.7,27
CE03211,LOC004,Warehouse,2025-10-06T14:02:11,0.59,869,766,0,30.0,0
CE03212,LOC066,Sort Facility,2026-05-04T10:38:42,0.5,3283,2462,0,30.0,0
CE03213,LOC044,Warehouse,2024-04-15T13:47:23,0.48,3843,2748,0,30.0,0
CE03214,LOC062,Sort Facility,2024-03-03T08:09:20,0.57,3208,2735,0,30.0,0
CE03215,LOC018,Hub,2024-11-06T21:10:42,0.84,261,329,71,62.6,23
CE03216,LOC048,Sort Facility,2024-02-25T22:23:08,0.55,3574,2965,0,30.0,0
CE03217,LOC073,Sort Facility,2024-11-20T09:59:35,0.27,3536,1441,0,30.0,0
CE03218,LOC055,Airport,2024-12-22T12:36:12,0.74,1469,1631,312,55.5,9
CE03219,LOC059,Distribution Center,2026-06-24T06:05:29,0.65,4161,4054,0,30.0,0
CE03220,LOC007,Warehouse,2026-02-02T11:08:42,0.4,2658,1599,0,30.0,0
CE03221,LOC031,Hub,2024-01-12T02:39:35,0.4,4593,2765,0,30.0,0
CE03222,LOC018,Hub,2025-06-26T17:53:15,1.0,261,456,370,200.1,67
CE03223,LOC039,Warehouse,2024-05-05T06:00:31,0.86,1629,2109,303,52.3,26
CE03224,LOC037,Distribution Center,2026-06-22T10:59:37,0.88,2793,3688,1445,92.1,28
CE03225,LOC023,Port,2025-07-25T20:26:32,0.46,2668,1850,0,30.0,0
CE03226,LOC057,Distribution Center,2026-03-01T22:26:12,0.58,2059,1796,0,30.0,0
CE03227,LOC059,Distribution Center,2024-09-12T01:02:36,0.56,4161,3501,0,30.0,0
CE03228,LOC040,Distribution Center,2025-09-08T23:59:57,0.83,2337,2894,645,63.1,21
CE03229,LOC011,Warehouse,2024-11-26T12:57:04,0.84,2988,3768,1503,90.4,23
CE03230,LOC005,Sort Facility,2024-08-24T12:30:34,1.0,1284,2299,971,120.7,71
CE03231,LOC033,Last Mile Facility,2026-04-13T00:06:10,0.92,4291,5920,1770,79.5,34
CE03232,LOC069,Port,2024-01-12T10:01:32,0.93,4167,5828,3263,124.0,35
CE03233,LOC055,Airport,2025-03-13T03:59:30,1.0,1469,2504,1202,128.2,63
CE03234,LOC019,Airport,2025-02-16T16:01:39,1.0,3442,6051,2665,122.9,68
CE03235,LOC006,Sort Facility,2026-05-14T02:58:38,0.35,4943,2618,0,30.0,0
CE03236,LOC002,Port,2025-08-04T10:56:13,0.8,566,682,73,45.5,18
CE03237,LOC054,Port,2026-03-04T14:58:22,0.32,759,359,0,30.0,0
CE03238,LOC004,Warehouse,2025-08-26T09:20:21,0.59,869,775,0,30.0,0
CE03239,LOC028,Hub,2024-09-05T08:08:11,0.55,4698,3857,0,30.0,0
CE03240,LOC033,Last Mile Facility,2024-11-09T03:40:03,0.84,4291,5412,845,53.6,23
CE03241,LOC022,Hub,2025-02-02T02:44:41,0.98,479,703,334,113.7,42
CE03242,LOC049,Port,2025-06-03T14:31:56,1.0,1833,2880,612,70.1,51
CE03243,LOC068,Hub,2024-10-31T02:55:31,1.0,2969,5096,3913,188.2,64
CE03244,LOC056,Warehouse,2025-05-23T01:36:32,1.0,3011,4623,1989,109.3,48
CE03245,LOC068,Hub,2025-02-08T10:14:51,0.83,2969,3694,1159,76.8,21
CE03246,LOC015,Last Mile Facility,2025-09-01T22:23:54,1.0,3252,5369,1311,78.4,58
CE03247,LOC074,Warehouse,2024-07-04T02:53:32,0.31,325,153,0,30.0,0
CE03248,LOC057,Distribution Center,2025-03-19T07:48:07,1.0,2059,3154,1540,119.8,47
CE03249,LOC045,Distribution Center,2025-12-02T14:43:26,1.0,4759,8540,6052,182.6,71
CE03250,LOC047,Distribution Center,2024-02-14T18:23:36,0.53,4197,3321,0,30.0,0
CE03251,LOC029,Port,2025-11-23T03:03:48,0.5,2831,2107,0,30.0,0
CE03252,LOC024,Airport,2026-03-06T01:28:38,0.65,1595,1559,0,30.0,0
CE03253,LOC068,Hub,2025-09-22T05:15:00,1.0,2969,4710,1582,93.9,52
CE03254,LOC017,Hub,2024-11-13T19:40:13,0.65,1600,1567,0,30.0,0
CE03255,LOC059,Distribution Center,2024-10-14T03:02:16,1.0,4161,7128,2025,88.4,64
CE03256,LOC067,Warehouse,2024-06-24T01:31:04,0.62,3061,2828,0,30.0,0
CE03257,LOC004,Warehouse,2024-03-05T17:12:02,0.28,869,370,0,30.0,0
CE03258,LOC019,Airport,2025-08-24T21:15:35,0.31,3442,1586,0,30.0,0
CE03259,LOC066,Sort Facility,2024-06-14T19:10:07,0.71,3283,3500,317,41.6,5
CE03260,LOC038,Airport,2024-11-15T08:41:48,1.0,1463,2443,508,71.7,60
CE03261,LOC008,Airport,2024-11-06T21:51:29,1.0,1075,1658,753,114.1,48
CE03262,LOC071,Last Mile Facility,2026-06-04T18:51:24,0.98,4596,6755,4308,142.5,42
CE03263,LOC009,Sort Facility,2025-04-08T20:58:46,0.86,3105,4027,1592,91.5,26
CE03264,LOC047,Distribution Center,2024-11-28T23:15:53,0.64,4197,4003,0,30.0,0
CE03265,LOC062,Sort Facility,2025-04-16T06:28:33,1.0,3208,5733,4264,189.5,70
CE03266,LOC001,Last Mile Facility,2025-07-14T16:45:21,1.0,960,1567,875,139.4,56
CE03267,LOC054,Port,2025-12-21T10:57:47,0.85,759,965,163,55.8,24
CE03268,LOC012,Airport,2024-03-25T10:58:09,0.53,2463,1966,0,30.0,0
CE03269,LOC071,Last Mile Facility,2024-12-22T23:56:22,0.38,4596,2645,0,30.0,0
CE03270,LOC071,Last Mile Facility,2026-05-30T13:34:21,0.58,4596,4001,0,30.0,0
CE03271,LOC054,Port,2025-01-26T23:38:25,0.46,759,526,0,30.0,0
CE03272,LOC031,Hub,2024-12-02T19:06:56,0.86,4593,5934,2161,86.5,26
CE03273,LOC009,Sort Facility,2026-03-04T23:09:58,0.42,3105,1959,0,30.0,0
CE03274,LOC073,Sort Facility,2024-02-06T23:47:43,0.59,3536,3128,0,30.0,0
CE03275,LOC010,Last Mile Facility,2025-04-26T09:58:04,0.4,1628,970,0,30.0,0
CE03276,LOC067,Warehouse,2024-01-20T04:49:36,0.28,3061,1300,0,30.0,0
CE03277,LOC063,Last Mile Facility,2024-12-02T04:51:17,1.0,3270,5689,4801,206.2,66
CE03278,LOC048,Sort Facility,2024-10-08T01:09:16,0.98,3574,5256,2463,112.7,42
CE03279,LOC040,Distribution Center,2025-06-02T17:53:16,0.65,2337,2271,0,30.0,0
CE03280,LOC011,Warehouse,2024-11-16T13:23:10,0.73,2988,3269,357,44.3,8
CE03281,LOC074,Warehouse,2026-02-15T02:09:58,0.52,325,253,0,30.0,0
CE03282,LOC006,Sort Facility,2025-08-26T15:00:13,0.61,4943,4496,0,30.0,0
CE03283,LOC027,Distribution Center,2025-05-23T12:49:13,0.68,300,307,11,34.4,2
CE03284,LOC041,Distribution Center,2025-12-12T07:09:54,0.8,4129,4981,812,53.6,18
CE03285,LOC049,Port,2025-08-30T00:22:46,0.99,1833,2723,1674,139.6,43
CE03286,LOC045,Distribution Center,2024-09-13T17:14:17,0.37,4759,2654,0,30.0,0
CE03287,LOC013,Hub,2026-02-02T19:14:35,0.81,2712,3302,996,74.1,19
CE03288,LOC032,Distribution Center,2026-01-15T22:14:34,0.89,1584,2114,625,77.3,30
CE03289,LOC007,Warehouse,2026-05-21T05:15:10,0.7,2658,2789,86,33.9,4
CE03290,LOC053,Distribution Center,2025-03-19T06:20:18,0.27,1247,514,0,30.0,0
CE03291,LOC072,Airport,2025-01-21T01:26:21,0.68,4665,4728,55,31.4,1
CE03292,LOC047,Distribution Center,2024-04-30T15:54:04,1.0,4197,6775,4199,150.1,55
CE03293,LOC039,Warehouse,2024-06-15T15:00:06,0.48,1629,1164,0,30.0,0
CE03294,LOC001,Last Mile Facility,2024-01-01T10:05:37,1.0,960,1469,529,96.1,47
CE03295,LOC002,Port,2024-02-18T11:13:04,1.0,566,977,756,190.3,65
CE03296,LOC034,Port,2024-03-18T17:10:49,0.92,1778,2465,1149,107.5,34
CE03297,LOC050,Airport,2024-01-18T10:00:36,0.78,3355,3931,1116,69.9,15
CE03298,LOC014,Airport,2025-03-02T00:05:04,0.63,1578,1503,0,30.0,0
CE03299,LOC046,Last Mile Facility,2024-01-01T00:21:12,0.4,1736,1029,0,30.0,0
CE03300,LOC029,Port,2025-04-16T09:18:26,0.41,2831,1762,0,30.0,0
CE03301,LOC062,Sort Facility,2025-11-22T09:03:44,1.0,3208,4897,864,62.3,47
CE03302,LOC065,Airport,2025-08-15T12:24:08,0.93,1748,2445,879,90.3,35
CE03303,LOC013,Hub,2026-06-01T12:42:35,0.84,2712,3407,1021,75.2,23
CE03304,LOC045,Distribution Center,2024-09-04T18:06:49,0.31,4759,2230,0,30.0,0
CE03305,LOC061,Airport,2024-05-31T01:05:48,0.43,2149,1371,0,30.0,0
CE03306,LOC040,Distribution Center,2024-03-24T04:02:07,0.68,2337,2378,70,33.6,1
CE03307,LOC043,Distribution Center,2025-07-25T17:53:23,0.39,4879,2834,0,30.0,0
CE03308,LOC027,Distribution Center,2024-11-30T11:17:16,0.92,300,415,84,63.6,34
CE03309,LOC031,Hub,2024-10-23T08:59:48,0.79,4593,5420,1274,63.3,16
CE03310,LOC057,Distribution Center,2025-10-19T08:45:33,1.0,2059,3165,1368,109.7,48
CE03311,LOC027,Distribution Center,2025-08-02T03:46:23,0.58,300,263,0,30.0,0
CE03312,LOC032,Distribution Center,2024-04-28T05:11:42,0.79,1584,1866,463,65.1,16
CE03313,LOC060,Last Mile Facility,2025-03-10T22:21:42,0.64,723,699,0,30.0,0
CE03314,LOC021,Port,2025-10-10T13:02:40,0.88,437,575,187,81.4,28
CE03315,LOC035,Airport,2024-02-04T18:55:43,0.37,1822,1014,0,30.0,0
CE03316,LOC026,Distribution Center,2025-04-07T02:28:57,0.73,3661,3994,303,39.9,8
CE03317,LOC015,Last Mile Facility,2024-02-24T08:37:27,0.76,3252,3710,566,50.9,12
CE03318,LOC031,Hub,2024-07-05T12:46:37,0.54,4593,3732,0,30.0,0
CE03319,LOC037,Distribution Center,2025-04-14T05:14:40,0.83,2793,3492,1119,78.1,22
CE03320,LOC018,Hub,2024-08-08T08:06:25,0.32,261,126,0,30.0,0
CE03321,LOC049,Port,2025-02-12T03:07:20,0.85,1833,2350,698,75.7,25
CE03322,LOC066,Sort Facility,2025-12-10T19:29:50,0.57,3283,2827,0,30.0,0
CE03323,LOC036,Airport,2024-11-13T22:30:00,1.0,2829,4543,1527,94.8,54
CE03324,LOC053,Distribution Center,2024-07-05T22:02:30,0.85,1247,1583,480,76.2,24
CE03325,LOC039,Warehouse,2024-02-17T04:11:10,0.8,1629,1959,286,51.1,18
CE03326,LOC015,Last Mile Facility,2026-01-10T05:23:13,0.31,3252,1536,0,30.0,0
CE03327,LOC028,Hub,2024-09-28T04:51:44,0.35,4698,2499,0,30.0,0
CE03328,LOC065,Airport,2024-01-23T06:47:04,0.49,1748,1293,0,30.0,0
CE03329,LOC036,Airport,2024-06-23T21:32:20,0.98,2829,4176,1304,85.3,42
CE03330,LOC048,Sort Facility,2024-05-13T17:51:51,0.52,3574,2769,0,30.0,0
CE03331,LOC012,Airport,2024-12-30T18:05:01,0.95,2463,3509,754,66.7,38
CE03332,LOC007,Warehouse,2025-12-08T04:44:52,1.0,2658,4436,1558,100.3,60
CE03333,LOC071,Last Mile Facility,2026-06-19T15:39:12,0.72,4596,4959,498,43.0,7
CE03334,LOC026,Distribution Center,2026-05-15T23:02:56,0.35,3661,1916,0,30.0,0
CE03335,LOC071,Last Mile Facility,2025-02-28T07:11:39,0.82,4596,5620,1375,65.9,20
CE03336,LOC040,Distribution Center,2025-02-23T12:49:17,1.0,2337,4132,3188,193.7,69
CE03337,LOC042,Port,2024-02-05T01:03:30,0.94,809,1135,309,75.8,36
CE03338,LOC037,Distribution Center,2026-05-24T22:45:38,0.78,2793,3259,825,65.4,15
CE03339,LOC022,Hub,2026-01-15T05:26:39,0.77,479,550,74,48.5,13
CE03340,LOC058,Hub,2024-04-08T07:23:33,0.48,4836,3512,0,30.0,0
CE03341,LOC041,Distribution Center,2024-08-26T03:14:47,0.53,4129,3258,0,30.0,0
CE03342,LOC065,Airport,2024-11-30T17:30:42,1.0,1748,2817,1467,130.7,55
CE03343,LOC020,Last Mile Facility,2024-04-11T05:15:27,0.61,1116,1019,0,30.0,0
CE03344,LOC062,Sort Facility,2025-09-09T13:19:32,1.0,3208,5565,3609,165.0,66
CE03345,LOC004,Warehouse,2025-08-09T07:25:29,0.5,869,646,0,30.0,0
CE03346,LOC005,Sort Facility,2024-02-16T10:40:57,0.4,1284,770,0,30.0,0
CE03347,LOC054,Port,2024-02-27T17:28:07,0.4,759,450,0,30.0,0
CE03348,LOC018,Hub,2026-02-11T17:17:23,1.0,261,461,330,181.7,68
CE03349,LOC016,Airport,2025-11-02T20:18:12,0.91,1121,1535,543,88.1,33
CE03350,LOC042,Port,2025-12-24T10:36:48,0.55,809,673,0,30.0,0
CE03351,LOC015,Last Mile Facility,2025-10-02T16:17:26,1.0,3252,4970,3303,151.9,47
CE03352,LOC035,Airport,2024-09-28T21:19:34,0.67,1822,1820,0,30.0,0
CE03353,LOC038,Airport,2024-01-21T14:42:23,1.0,1463,2575,1014,113.2,68
CE03354,LOC051,Last Mile Facility,2026-06-14T23:11:48,0.46,2427,1670,0,30.0,0
CE03355,LOC002,Port,2024-03-09T09:41:44,0.89,566,756,367,107.8,30
CE03356,LOC019,Airport,2024-04-07T21:11:31,0.79,3442,4088,1021,65.6,16
CE03357,LOC054,Port,2025-03-12T05:50:14,0.89,759,1010,474,104.9,29
CE03358,LOC035,Airport,2025-03-13T09:38:18,0.32,1822,888,0,30.0,0
CE03359,LOC061,Airport,2026-01-14T08:47:47,0.56,2149,1813,0,30.0,0
CE03360,LOC067,Warehouse,2024-11-10T21:09:09,0.84,3061,3849,863,63.8,23
CE03361,LOC066,Sort Facility,2025-02-19T05:05:10,1.0,3283,5070,3370,153.2,48
CE03362,LOC060,Last Mile Facility,2024-02-07T22:10:40,0.5,723,543,0,30.0,0
CE03363,LOC057,Distribution Center,2025-02-26T11:29:40,1.0,2059,3284,1668,127.2,53
CE03364,LOC005,Sort Facility,2024-10-19T03:45:03,0.98,1284,1886,306,58.6,42
CE03365,LOC005,Sort Facility,2024-12-30T18:40:05,0.29,1284,561,0,30.0,0
CE03366,LOC073,Sort Facility,2025-11-26T22:14:42,0.89,3536,4735,2188,104.3,30
CE03367,LOC048,Sort Facility,2024-01-04T00:38:54,0.35,3574,1878,0,30.0,0
CE03368,LOC033,Last Mile Facility,2024-03-09T13:01:42,0.51,4291,3312,0,30.0,0
CE03369,LOC071,Last Mile Facility,2026-05-24T22:03:50,0.67,4596,4644,36,30.9,0
CE03370,LOC025,Warehouse,2025-11-07T06:49:09,0.87,491,640,93,52.7,27
CE03371,LOC053,Distribution Center,2026-05-18T06:57:26,0.98,1247,1832,331,61.9,42
CE03372,LOC052,Hub,2026-01-28T21:37:47,0.3,2030,916,0,30.0,0
CE03373,LOC029,Port,2024-12-25T15:43:26,1.0,2831,4774,2984,156.5,61
CE03374,LOC006,Sort Facility,2024-03-14T11:16:04,0.37,4943,2725,0,30.0,0
CE03375,LOC049,Port,2025-03-21T02:07:55,0.79,1833,2173,384,55.1,16
CE03376,LOC019,Airport,2025-07-19T12:12:03,0.28,3442,1461,0,30.0,0
CE03377,LOC065,Airport,2024-05-17T08:23:14,0.51,1748,1325,0,30.0,0
CE03378,LOC026,Distribution Center,2025-07-24T13:49:49,0.32,3661,1761,0,30.0,0
CE03379,LOC009,Sort Facility,2025-12-09T18:30:42,0.94,3105,4389,1046,70.4,37
CE03380,LOC012,Airport,2026-01-03T23:09:05,0.6,2463,2229,0,30.0,0
CE03381,LOC053,Distribution Center,2026-04-25T23:48:52,0.42,1247,781,0,30.0,0
CE03382,LOC033,Last Mile Facility,2024-09-11T14:26:16,0.74,4291,4756,511,44.3,9
CE03383,LOC047,Distribution Center,2025-08-02T20:25:10,1.0,4197,6654,3933,142.5,52
CE03384,LOC015,Last Mile Facility,2025-07-30T18:02:01,0.35,3252,1712,0,30.0,0
CE03385,LOC004,Warehouse,2026-05-05T23:39:57,1.0,869,1363,579,110.0,51
CE03386,LOC016,Airport,2026-04-20T01:15:20,0.84,1121,1411,265,58.4,23
CE03387,LOC065,Airport,2024-08-14T07:55:45,0.59,1748,1548,0,30.0,0
CE03388,LOC062,Sort Facility,2025-05-13T04:58:53,0.43,3208,2048,0,30.0,0
CE03389,LOC006,Sort Facility,2025-06-22T17:11:03,0.96,4943,7083,2828,98.7,38
CE03390,LOC007,Warehouse,2025-09-24T06:07:16,0.3,2658,1211,0,30.0,0
CE03391,LOC030,Warehouse,2024-09-27T05:48:02,1.0,2790,4755,1857,109.9,63
CE03392,LOC045,Distribution Center,2026-06-20T07:51:48,1.0,4759,8028,1817,75.8,61
CE03393,LOC040,Distribution Center,2025-09-16T03:24:50,0.39,2337,1382,0,30.0,0
CE03394,LOC040,Distribution Center,2025-08-01T01:15:47,1.0,2337,3952,2854,176.5,62
CE03395,LOC053,Distribution Center,2025-12-27T05:04:23,0.89,1247,1667,420,70.4,30
CE03396,LOC063,Last Mile Facility,2025-06-23T17:23:40,0.57,3270,2802,0,30.0,0
CE03397,LOC063,Last Mile Facility,2025-03-30T07:18:32,0.51,3270,2492,0,30.0,0
CE03398,LOC030,Warehouse,2024-08-17T08:09:50,1.0,2790,4603,3437,177.8,58
CE03399,LOC008,Airport,2026-02-07T04:41:39,0.85,1075,1367,554,91.8,24
CE03400,LOC024,Airport,2026-04-22T09:14:18,0.77,1595,1836,323,54.3,13
CE03401,LOC044,Warehouse,2025-09-25T12:50:49,0.78,3843,4522,799,54.9,15
CE03402,LOC064,Warehouse,2025-07-13T18:01:59,0.96,3291,4721,2211,110.6,39
CE03403,LOC070,Distribution Center,2025-11-01T15:21:54,1.0,4087,6119,3255,125.6,44
CE03404,LOC070,Distribution Center,2024-05-14T06:55:26,1.0,4087,6858,1570,76.1,61
CE03405,LOC059,Distribution Center,2025-01-28T07:59:29,0.56,4161,3492,0,30.0,0
CE03406,LOC025,Warehouse,2024-08-01T19:38:48,0.47,491,347,0,30.0,0
CE03407,LOC007,Warehouse,2025-05-31T23:50:06,1.0,2658,4220,1462,96.0,52
CE03408,LOC066,Sort Facility,2025-07-11T04:08:16,0.85,3283,4176,1335,78.8,24
CE03409,LOC048,Sort Facility,2025-12-25T18:26:15,0.49,3574,2641,0,30.0,0
CE03410,LOC036,Airport,2025-12-01T05:52:36,0.9,2829,3830,1740,103.8,31
CE03411,LOC031,Hub,2026-04-17T15:16:21,1.0,4593,6899,3322,116.8,45
CE03412,LOC025,Warehouse,2024-09-12T04:39:31,0.43,491,317,0,30.0,0
CE03413,LOC066,Sort Facility,2024-03-07T10:02:57,0.56,3283,2753,0,30.0,0
CE03414,LOC068,Hub,2025-06-17T12:53:03,0.42,2969,1849,0,30.0,0
CE03415,LOC053,Distribution Center,2026-02-25T14:12:12,1.0,1247,2035,1282,153.4,56
CE03416,LOC026,Distribution Center,2024-08-13T07:52:27,0.71,3661,3914,212,36.9,6
CE03417,LOC027,Distribution Center,2025-06-14T17:37:50,0.63,300,284,0,30.0,0
CE03418,LOC019,Airport,2026-04-19T04:31:38,0.41,3442,2127,0,30.0,0
CE03419,LOC044,Warehouse,2024-09-04T15:54:19,0.47,3843,2734,0,30.0,0
CE03420,LOC050,Airport,2026-06-10T04:48:36,1.0,3355,5742,3667,161.2,64
CE03421,LOC047,Distribution Center,2024-08-04T17:43:51,0.79,4197,4981,1520,73.5,16
CE03422,LOC037,Distribution Center,2024-11-15T17:15:24,0.85,2793,3551,1426,91.3,24
CE03423,LOC001,Last Mile Facility,2025-09-07T17:00:20,0.35,960,500,0,30.0,0
CE03424,LOC054,Port,2024-05-06T23:36:52,0.28,759,315,0,30.0,0
CE03425,LOC014,Airport,2025-10-12T20:33:35,1.0,1578,2488,1098,113.5,51
CE03426,LOC028,Hub,2024-06-22T19:11:13,0.65,4698,4556,0,30.0,0
CE03427,LOC049,Port,2026-02-17T20:56:13,0.28,1833,762,0,30.0,0
CE03428,LOC046,Last Mile Facility,2026-04-25T01:40:06,0.63,1736,1649,0,30.0,0
CE03429,LOC021,Port,2024-03-06T05:04:08,0.64,437,422,0,30.0,0
CE03430,LOC067,Warehouse,2026-03-18T02:55:50,1.0,3061,5295,3835,180.3,65
CE03431,LOC026,Distribution Center,2024-06-10T06:30:55,1.0,3661,5894,2951,126.7,54
CE03432,LOC058,Hub,2026-06-12T22:52:30,0.38,4836,2790,0,30.0,0
CE03433,LOC054,Port,2024-01-07T06:38:26,0.75,759,855,48,37.6,11
CE03434,LOC038,Airport,2025-01-30T16:32:38,0.31,1463,680,0,30.0,0
CE03435,LOC072,Airport,2026-05-05T02:12:35,0.31,4665,2167,0,30.0,0
CE03436,LOC067,Warehouse,2024-09-12T20:31:54,0.51,3061,2330,0,30.0,0
CE03437,LOC035,Airport,2024-12-18T07:03:28,0.42,1822,1156,0,30.0,0
CE03438,LOC031,Hub,2025-06-04T05:58:01,0.37,4593,2569,0,30.0,0
CE03439,LOC044,Warehouse,2026-01-29T21:57:07,0.68,3843,3917,100,33.1,1
CE03440,LOC044,Warehouse,2024-06-30T15:08:37,0.32,3843,1832,0,30.0,0
CE03441,LOC001,Last Mile Facility,2025-05-20T15:02:45,0.27,960,391,0,30.0,0
CE03442,LOC010,Last Mile Facility,2025-08-02T22:27:27,0.53,1628,1294,0,30.0,0
CE03443,LOC067,Warehouse,2026-05-01T23:43:27,0.56,3061,2593,0,30.0,0
CE03444,LOC069,Port,2025-09-05T13:11:43,0.3,4167,1870,0,30.0,0
CE03445,LOC074,Warehouse,2026-03-23T15:21:55,0.58,325,284,0,30.0,0
CE03446,LOC006,Sort Facility,2025-09-02T04:38:07,0.55,4943,4046,0,30.0,0
CE03447,LOC016,Airport,2024-12-06T07:34:28,0.59,1121,986,0,30.0,0
CE03448,LOC026,Distribution Center,2026-06-15T08:50:37,0.97,3661,5304,1873,91.4,40
CE03449,LOC066,Sort Facility,2025-06-29T11:14:15,0.9,3283,4446,1145,71.9,31
CE03450,LOC056,Warehouse,2025-09-25T19:17:04,0.56,3011,2510,0,30.0,0
CE03451,LOC006,Sort Facility,2024-06-14T07:52:20,0.65,4943,4846,0,30.0,0
CE03452,LOC027,Distribution Center,2024-12-16T18:59:11,0.28,300,124,0,30.0,0
CE03453,LOC035,Airport,2025-12-05T17:27:01,0.44,1822,1214,0,30.0,0
CE03454,LOC023,Port,2024-08-29T20:57:38,0.67,2668,2688,36,31.6,0
CE03455,LOC061,Airport,2024-10-19T13:29:36,0.72,2149,2334,118,36.6,7
CE03456,LOC034,Port,2024-01-01T22:13:29,1.0,1778,3067,837,86.5,65
CE03457,LOC002,Port,2026-02-22T17:32:11,0.51,566,432,0,30.0,0
CE03458,LOC040,Distribution Center,2024-06-16T11:06:27,0.62,2337,2171,0,30.0,0
CE03459,LOC022,Hub,2026-02-08T06:30:10,0.35,479,251,0,30.0,0
CE03460,LOC053,Distribution Center,2024-08-12T05:57:53,0.73,1247,1373,106,40.2,9
CE03461,LOC021,Port,2024-04-22T04:03:35,0.7,437,456,29,38.0,3
CE03462,LOC020,Last Mile Facility,2025-04-21T05:14:00,0.63,1116,1056,0,30.0,0
CE03463,LOC037,Distribution Center,2025-01-10T16:12:02,0.78,2793,3269,823,65.4,15
CE03464,LOC039,Warehouse,2025-09-22T21:14:46,0.96,1629,2352,754,85.5,39
CE03465,LOC046,Last Mile Facility,2025-04-15T11:20:59,1.0,1736,3071,978,97.6,69
CE03466,LOC013,Hub,2024-11-21T01:10:57,0.46,2712,1863,0,30.0,0
CE03467,LOC064,Warehouse,2026-04-21T21:59:23,1.0,3291,4950,1763,94.3,45
CE03468,LOC072,Airport,2024-05-30T01:01:57,0.75,4665,5264,431,41.1,11
CE03469,LOC033,Last Mile Facility,2024-10-23T17:14:28,0.27,4291,1764,0,30.0,0
CE03470,LOC045,Distribution Center,2024-02-06T12:21:10,1.0,4759,8523,5589,170.9,71
CE03471,LOC012,Airport,2024-01-26T04:43:31,0.55,2463,2040,0,30.0,0
CE03472,LOC065,Airport,2024-02-18T07:23:48,0.9,1748,2353,636,73.7,31
CE03473,LOC069,Port,2025-04-04T11:37:46,0.83,4167,5201,1629,76.9,22
CE03474,LOC058,Hub,2024-07-07T02:01:23,0.41,4836,2945,0,30.0,0
CE03475,LOC005,Sort Facility,2024-11-17T16:46:40,1.0,1284,2275,1452,165.7,69
CE03476,LOC028,Hub,2024-10-15T11:55:26,1.0,4698,8231,3858,128.5,67
CE03477,LOC005,Sort Facility,2024-04-20T19:36:16,0.96,1284,1847,1078,130.7,39
CE03478,LOC025,Warehouse,2024-04-14T02:45:20,0.36,491,265,0,30.0,0
CE03479,LOC058,Hub,2025-01-28T16:42:02,0.62,4836,4489,0,30.0,0
CE03480,LOC054,Port,2025-12-04T02:07:37,0.89,759,1008,305,78.2,29
CE03481,LOC071,Last Mile Facility,2024-07-03T18:53:12,0.57,4596,3904,0,30.0,0
CE03482,LOC004,Warehouse,2025-10-17T10:13:31,0.9,869,1177,479,96.1,31
CE03483,LOC005,Sort Facility,2025-07-09T09:05:55,0.62,1284,1187,0,30.0,0
CE03484,LOC049,Port,2025-09-18T00:57:33,0.39,1833,1075,0,30.0,0
CE03485,LOC043,Distribution Center,2024-01-17T10:01:13,0.94,4879,6862,1459,65.9,36
CE03486,LOC006,Sort Facility,2025-04-11T08:50:39,0.86,4943,6378,1572,68.2,26
CE03487,LOC016,Airport,2025-06-17T02:17:22,0.78,1121,1309,202,51.6,15
CE03488,LOC060,Last Mile Facility,2025-08-25T08:16:03,0.42,723,459,0,30.0,0
CE03489,LOC022,Hub,2025-08-05T09:52:45,0.46,479,330,0,30.0,0
CE03490,LOC003,Warehouse,2024-11-19T19:31:11,0.91,3544,4833,2197,104.4,32
CE03491,LOC044,Warehouse,2025-04-16T21:59:08,0.35,3843,2031,0,30.0,0
CE03492,LOC042,Port,2025-10-27T16:31:41,0.82,809,993,110,46.3,20
CE03493,LOC051,Last Mile Facility,2026-01-13T05:31:00,0.82,2427,2995,1068,82.8,21
CE03494,LOC064,Warehouse,2024-03-06T01:12:31,0.57,3291,2802,0,30.0,0
CE03495,LOC002,Port,2026-02-02T06:14:21,1.0,566,881,512,138.6,50
CE03496,LOC053,Distribution Center,2024-02-18T23:04:39,0.34,1247,644,0,30.0,0
CE03497,LOC007,Warehouse,2026-02-15T17:09:32,0.37,2658,1459,0,30.0,0
CE03498,LOC069,Port,2025-05-11T12:44:20,0.99,4167,6211,2868,112.6,44
CE03499,LOC030,Warehouse,2025-06-30T00:45:23,1.0,2790,4524,1661,101.4,55
CE03500,LOC053,Distribution Center,2024-02-18T05:16:01,0.77,1247,1439,217,50.9,13
CE03501,LOC070,Distribution Center,2025-02-01T08:15:02,1.0,4087,7325,5446,189.9,71
CE03502,LOC073,Sort Facility,2026-01-05T16:59:38,0.58,3536,3088,0,30.0,0
CE03503,LOC075,Distribution Center,2025-08-19T03:26:00,0.45,1059,722,0,30.0,0
CE03504,LOC030,Warehouse,2026-04-17T08:01:17,0.45,2790,1900,0,30.0,0
CE03505,LOC051,Last Mile Facility,2024-06-01T05:57:32,1.0,2427,3671,1381,98.3,46
CE03506,LOC031,Hub,2025-10-18T15:27:37,0.49,4593,3350,0,30.0,0
CE03507,LOC075,Distribution Center,2025-06-29T08:16:33,0.33,1059,520,0,30.0,0
CE03508,LOC075,Distribution Center,2026-01-31T16:01:27,0.61,1059,969,0,30.0,0
CE03509,LOC075,Distribution Center,2024-02-12T10:51:59,0.93,1059,1472,659,104.7,35
CE03510,LOC075,Distribution Center,2025-08-13T06:12:27,1.0,1059,1847,1517,201.9,66
CE03511,LOC060,Last Mile Facility,2024-03-01T01:46:50,1.0,723,1270,427,100.9,68
CE03512,LOC055,Airport,2026-01-27T05:23:36,0.92,1469,2027,741,90.5,34
CE03513,LOC071,Last Mile Facility,2024-05-14T21:12:20,0.27,4596,1875,0,30.0,0
CE03514,LOC011,Warehouse,2026-01-07T16:30:12,0.62,2988,2776,0,30.0,0
CE03515,LOC008,Airport,2025-01-26T17:04:16,0.4,1075,639,0,30.0,0
CE03516,LOC051,Last Mile Facility,2026-04-24T15:54:30,0.99,2427,3606,627,61.0,43
CE03517,LOC053,Distribution Center,2024-05-22T23:49:46,0.49,1247,922,0,30.0,0
CE03518,LOC065,Airport,2024-05-08T21:08:51,0.64,1748,1681,0,30.0,0
CE03519,LOC032,Distribution Center,2025-01-16T04:47:03,0.94,1584,2234,673,81.0,36
CE03520,LOC052,Hub,2024-05-26T00:47:01,1.0,2030,3338,1434,114.8,57
CE03521,LOC065,Airport,2025-12-07T07:55:48,0.31,1748,813,0,30.0,0
CE03522,LOC058,Hub,2025-08-13T01:52:33,0.95,4836,6902,3947,127.9,38
CE03523,LOC020,Last Mile Facility,2025-06-08T02:32:19,0.76,1116,1275,114,42.3,12
CE03524,LOC050,Airport,2025-01-09T23:14:52,0.78,3355,3950,1057,67.8,15
CE03525,LOC042,Port,2025-12-30T00:00:28,1.0,809,1269,469,99.6,51
CE03526,LOC011,Warehouse,2024-02-23T08:22:05,0.36,2988,1603,0,30.0,0
CE03527,LOC048,Sort Facility,2025-05-16T13:33:34,1.0,3574,5707,1453,78.8,53
CE03528,LOC007,Warehouse,2025-04-26T06:41:14,0.82,2658,3266,411,48.6,20
CE03529,LOC008,Airport,2026-05-08T11:22:54,1.0,1075,1771,789,118.1,58
CE03530,LOC055,Airport,2025-12-01T21:55:03,0.88,1469,1941,611,79.9,28
CE03531,LOC002,Port,2024-12-02T09:46:07,0.31,566,261,0,30.0,0
CE03532,LOC058,Hub,2025-09-29T20:32:31,0.89,4836,6466,1645,70.8,30
CE03533,LOC071,Last Mile Facility,2024-05-27T12:07:58,0.96,4596,6642,2670,99.7,40
CE03534,LOC066,Sort Facility,2024-01-16T23:47:10,1.0,3283,5597,3788,168.5,63
CE03535,LOC015,Last Mile Facility,2024-07-18T10:30:29,0.59,3252,2899,0,30.0,0
CE03536,LOC055,Airport,2024-02-13T20:42:17,0.69,1469,1510,59,34.8,2
CE03537,LOC071,Last Mile Facility,2026-02-25T12:01:42,0.36,4596,2480,0,30.0,0
CE03538,LOC026,Distribution Center,2025-11-21T09:33:01,0.34,3661,1884,0,30.0,0
CE03539,LOC047,Distribution Center,2024-04-17T08:13:12,0.72,4197,4542,524,45.0,7
CE03540,LOC025,Warehouse,2026-02-18T22:37:25,0.65,491,480,0,30.0,0
CE03541,LOC066,Sort Facility,2024-10-08T12:51:58,0.83,3283,4082,643,53.5,21
CE03542,LOC008,Airport,2025-12-20T12:36:04,0.49,1075,793,0,30.0,0
CE03543,LOC005,Sort Facility,2025-03-02T19:05:32,1.0,1284,2100,1482,168.5,57
CE03544,LOC022,Hub,2026-05-27T18:35:21,0.74,479,533,92,53.0,10
CE03545,LOC032,Distribution Center,2025-08-26T00:19:43,0.8,1584,1908,403,60.5,18
CE03546,LOC066,Sort Facility,2026-04-12T02:57:40,0.62,3283,3035,0,30.0,0
CE03547,LOC064,Warehouse,2024-03-16T16:13:20,0.68,3291,3352,109,34.0,1
CE03548,LOC041,Distribution Center,2025-01-28T08:08:26,1.0,4129,6524,4467,159.8,52
CE03549,LOC006,Sort Facility,2026-06-28T19:01:37,0.48,4943,3538,0,30.0,0
CE03550,LOC006,Sort Facility,2024-07-01T19:00:07,1.0,4943,8165,1829,74.4,58
CE03551,LOC005,Sort Facility,2026-03-13T17:19:35,0.52,1284,1006,0,30.0,0
CE03552,LOC037,Distribution Center,2026-02-01T21:29:52,0.69,2793,2883,122,35.2,2
CE03553,LOC002,Port,2024-09-27T04:09:29,1.0,566,925,562,149.2,57
CE03554,LOC061,Airport,2025-12-02T17:33:48,0.54,2149,1737,0,30.0,0
CE03555,LOC004,Warehouse,2025-03-31T18:21:08,1.0,869,1319,894,153.5,46
CE03556,LOC047,Distribution Center,2024-09-09T19:37:03,1.0,4197,6387,3546,131.4,46
CE03557,LOC004,Warehouse,2024-03-02T20:27:59,0.76,869,987,146,50.2,12
CE03558,LOC025,Warehouse,2025-03-26T22:40:15,0.81,491,595,53,43.0,19
CE03559,LOC067,Warehouse,2025-05-29T20:04:09,0.28,3061,1264,0,30.0,0
CE03560,LOC007,Warehouse,2025-10-24T21:42:26,0.43,2658,1725,0,30.0,0
CE03561,LOC052,Hub,2024-06-19T08:57:51,1.0,2030,3471,1014,89.9,63
CE03562,LOC019,Airport,2024-08-28T11:13:12,1.0,3442,5358,1749,91.0,50
CE03563,LOC063,Last Mile Facility,2024-04-29T08:04:53,0.37,3270,1797,0,30.0,0
CE03564,LOC020,Last Mile Facility,2024-11-05T07:50:47,0.66,1116,1108,0,30.0,0
CE03565,LOC015,Last Mile Facility,2026-01-18T23:42:46,0.49,3252,2389,0,30.0,0
CE03566,LOC068,Hub,2026-01-25T08:37:08,1.0,2969,4457,1385,86.0,45
CE03567,LOC046,Last Mile Facility,2025-01-21T20:59:00,1.0,1736,2896,1200,112.9,60
CE03568,LOC040,Distribution Center,2024-01-09T20:13:54,1.0,2337,3672,1826,123.8,51
CE03569,LOC075,Distribution Center,2025-08-24T15:43:39,1.0,1059,1864,837,124.8,68
CE03570,LOC053,Distribution Center,2024-10-01T09:18:12,0.95,1247,1786,303,59.2,38
CE03571,LOC017,Hub,2025-08-08T05:07:30,0.44,1600,1063,0,30.0,0
CE03572,LOC023,Port,2024-03-09T03:45:59,1.0,2668,4551,1058,77.6,63
CE03573,LOC072,Airport,2025-04-14T13:41:22,1.0,4665,7966,6013,184.7,63
CE03574,LOC064,Warehouse,2024-10-10T18:43:19,0.52,3291,2572,0,30.0,0
CE03575,LOC028,Hub,2024-12-13T01:48:00,0.53,4698,3758,0,30.0,0
CE03576,LOC015,Last Mile Facility,2025-06-12T06:44:37,1.0,3252,4946,1462,83.9,46
CE03577,LOC028,Hub,2026-06-25T13:03:34,0.5,4698,3532,0,30.0,0
CE03578,LOC027,Distribution Center,2026-02-05T09:27:36,1.0,300,517,319,157.6,65
CE03579,LOC002,Port,2024-12-21T07:45:59,0.53,566,450,0,30.0,0
CE03580,LOC011,Warehouse,2025-11-21T18:21:55,0.84,2988,3784,1546,92.1,23
CE03581,LOC041,Distribution Center,2024-06-29T08:07:54,0.54,4129,3372,0,30.0,0
CE03582,LOC038,Airport,2024-06-06T17:36:02,0.4,1463,871,0,30.0,0
CE03583,LOC018,Hub,2024-09-12T10:31:01,0.83,261,324,113,82.0,21
CE03584,LOC058,Hub,2024-08-04T05:57:00,1.0,4836,7902,5327,162.2,57
CE03585,LOC061,Airport,2024-07-24T01:16:46,0.28,2149,914,0,30.0,0
CE03586,LOC030,Warehouse,2026-05-24T05:36:52,0.57,2790,2405,0,30.0,0
CE03587,LOC073,Sort Facility,2024-02-06T18:47:14,0.93,3536,4907,1018,64.5,34
CE03588,LOC052,Hub,2025-11-11T13:27:03,0.6,2030,1822,0,30.0,0
CE03589,LOC005,Sort Facility,2026-02-09T17:39:03,0.88,1284,1696,418,69.1,28
CE03590,LOC048,Sort Facility,2025-07-23T14:39:31,0.98,3574,5252,1916,94.3,42
CE03591,LOC025,Warehouse,2025-10-29T22:34:21,0.84,491,617,142,64.7,23
CE03592,LOC041,Distribution Center,2024-02-01T21:41:50,0.53,4129,3305,0,30.0,0
CE03593,LOC022,Hub,2026-03-26T19:57:04,0.86,479,621,230,87.6,26
CE03594,LOC048,Sort Facility,2025-07-26T02:46:58,0.43,3574,2282,0,30.0,0
CE03595,LOC022,Hub,2026-04-24T06:34:32,1.0,479,788,206,81.6,58
CE03596,LOC001,Last Mile Facility,2024-06-14T04:11:57,0.56,960,806,0,30.0,0
CE03597,LOC004,Warehouse,2025-10-12T07:27:21,1.0,869,1332,762,135.2,47
CE03598,LOC054,Port,2026-01-05T19:15:01,0.75,759,854,73,41.5,11
CE03599,LOC058,Hub,2024-02-22T02:20:41,0.89,4836,6472,2749,98.2,30
CE03600,LOC007,Warehouse,2025-03-09T06:13:40,0.42,2658,1693,0,30.0,0
CE03601,LOC031,Hub,2025-11-08T18:06:43,0.75,4593,5174,901,53.5,11
CE03602,LOC028,Hub,2026-05-15T16:57:44,0.68,4698,4762,123,33.1,1
CE03603,LOC020,Last Mile Facility,2025-10-17T22:48:58,0.69,1116,1158,49,35.3,3
CE03604,LOC030,Warehouse,2024-04-13T23:39:00,0.68,2790,2847,69,33.0,1
CE03605,LOC009,Sort Facility,2024-04-11T05:54:46,0.91,3105,4218,1912,103.9,32
CE03606,LOC058,Hub,2024-05-15T12:39:11,0.74,4836,5342,757,48.8,9
CE03607,LOC071,Last Mile Facility,2025-02-12T04:59:00,0.59,4596,4087,0,30.0,0
CE03608,LOC017,Hub,2025-07-09T13:52:55,0.55,1600,1328,0,30.0,0
CE03609,LOC015,Last Mile Facility,2026-01-07T07:19:18,1.0,3252,5599,4233,186.2,64
CE03610,LOC015,Last Mile Facility,2025-09-15T10:33:14,0.41,3252,2010,0,30.0,0
CE03611,LOC006,Sort Facility,2026-02-26T18:33:50,0.9,4943,6652,1682,70.8,31
CE03612,LOC012,Airport,2025-01-12T20:20:40,1.0,2463,3772,1532,104.6,47
CE03613,LOC037,Distribution Center,2024-08-01T15:23:18,0.66,2793,2764,0,30.0,0
CE03614,LOC016,Airport,2024-07-06T23:36:45,0.73,1121,1224,152,46.3,8
CE03615,LOC062,Sort Facility,2024-02-07T10:51:32,0.91,3208,4366,582,51.8,32
CE03616,LOC061,Airport,2024-09-08T15:37:24,0.56,2149,1807,0,30.0,0
CE03617,LOC057,Distribution Center,2024-05-14T04:23:15,0.29,2059,898,0,30.0,0
CE03618,LOC009,Sort Facility,2026-06-05T02:49:20,0.88,3105,4076,1164,75.0,28
CE03619,LOC064,Warehouse,2024-10-17T04:03:45,0.79,3291,3885,944,64.4,16
CE03620,LOC047,Distribution Center,2024-11-01T06:41:11,0.45,4197,2830,0,30.0,0
CE03621,LOC019,Airport,2025-11-23T23:53:32,0.82,3442,4225,694,54.2,20
CE03622,LOC057,Distribution Center,2026-04-28T01:19:53,1.0,2059,3684,1092,93.6,71
CE03623,LOC048,Sort Facility,2025-08-02T22:15:41,0.97,3574,5175,2165,102.7,40
CE03624,LOC036,Airport,2026-05-15T20:12:10,0.44,2829,1867,0,30.0,0
CE03625,LOC059,Distribution Center,2025-02-12T13:35:59,0.28,4161,1766,0,30.0,0
CE03626,LOC006,Sort Facility,2026-01-12T08:38:53,0.56,4943,4122,0,30.0,0
CE03627,LOC030,Warehouse,2024-04-13T19:11:18,0.95,2790,3962,1565,97.3,37
CE03628,LOC013,Hub,2024-10-15T04:19:15,0.89,2712,3640,540,53.9,30
CE03629,LOC033,Last Mile Facility,2026-06-23T07:01:32,0.93,4291,5982,1424,69.8,35
CE03630,LOC040,Distribution Center,2025-10-03T23:17:30,0.85,2337,2964,371,49.1,24
CE03631,LOC017,Hub,2024-06-28T23:11:40,0.8,1600,1923,620,76.5,18
CE03632,LOC055,Airport,2026-05-19T09:52:57,1.0,1469,2577,1355,140.7,67
CE03633,LOC045,Distribution Center,2024-03-02T18:12:08,1.0,4759,8023,3564,119.9,61
CE03634,LOC024,Airport,2024-12-26T18:50:38,0.79,1595,1888,319,54.0,16
CE03635,LOC016,Airport,2024-11-10T11:46:52,0.58,1121,971,0,30.0,0
CE03636,LOC040,Distribution Center,2024-08-16T22:59:39,0.67,2337,2337,0,30.0,0
CE03637,LOC071,Last Mile Facility,2025-04-11T13:36:09,0.36,4596,2469,0,30.0,0
CE03638,LOC032,Distribution Center,2024-07-25T22:36:30,0.35,1584,843,0,30.0,0
CE03639,LOC016,Airport,2025-08-29T22:42:56,0.55,1121,931,0,30.0,0
CE03640,LOC005,Sort Facility,2024-01-18T09:19:42,0.33,1284,644,0,30.0,0
CE03641,LOC069,Port,2025-07-31T15:53:31,0.93,4167,5794,1668,78.0,35
CE03642,LOC048,Sort Facility,2024-04-03T04:44:16,0.99,3574,5309,2108,100.8,43
CE03643,LOC069,Port,2026-03-03T13:29:11,1.0,4167,7142,4829,169.1,64
CE03644,LOC039,Warehouse,2024-01-19T21:33:35,0.36,1629,889,0,30.0,0
CE03645,LOC024,Airport,2024-06-24T03:43:15,0.46,1595,1110,0,30.0,0
CE03646,LOC060,Last Mile Facility,2026-03-25T21:07:50,0.38,723,410,0,30.0,0
CE03647,LOC013,Hub,2025-02-17T01:00:18,0.77,2712,3149,443,49.6,14
CE03648,LOC054,Port,2026-06-28T15:44:17,0.48,759,548,0,30.0,0
CE03649,LOC003,Warehouse,2026-04-04T03:11:35,0.96,3544,5095,2088,100.7,39
CE03650,LOC048,Sort Facility,2024-01-14T18:13:52,0.35,3574,1853,0,30.0,0
CE03651,LOC043,Distribution Center,2025-04-16T05:29:21,0.45,4879,3305,0,30.0,0
CE03652,LOC015,Last Mile Facility,2024-07-31T22:02:02,0.43,3252,2115,0,30.0,0
CE03653,LOC040,Distribution Center,2025-05-11T08:54:42,1.0,2337,4140,1635,114.0,69
CE03654,LOC043,Distribution Center,2025-01-13T12:54:18,0.66,4879,4829,0,30.0,0
CE03655,LOC037,Distribution Center,2026-01-16T06:12:22,0.62,2793,2591,0,30.0,0
CE03656,LOC044,Warehouse,2024-11-27T18:07:59,0.78,3843,4475,436,43.6,14
CE03657,LOC055,Airport,2024-10-20T02:00:57,0.38,1469,845,0,30.0,0
CE03658,LOC061,Airport,2026-01-07T12:19:08,0.57,2149,1852,0,30.0,0
CE03659,LOC072,Airport,2026-01-12T23:24:02,0.63,4665,4415,0,30.0,0
CE03660,LOC067,Warehouse,2026-01-13T16:30:37,0.59,3061,2691,0,30.0,0
CE03661,LOC038,Airport,2024-11-28T15:03:54,0.98,1463,2151,417,64.2,42
CE03662,LOC074,Warehouse,2024-06-02T20:44:25,0.91,325,442,119,73.9,32
CE03663,LOC038,Airport,2024-09-24T20:12:28,0.45,1463,996,0,30.0,0
CE03664,LOC015,Last Mile Facility,2025-08-25T12:22:37,0.85,3252,4161,1658,91.2,25
CE03665,LOC044,Warehouse,2026-05-09T02:32:51,0.88,3843,5069,1776,85.5,28
CE03666,LOC040,Distribution Center,2026-04-21T00:57:37,0.86,2337,3031,903,76.4,26
CE03667,LOC003,Warehouse,2024-04-20T04:02:05,0.45,3544,2391,0,30.0,0
CE03668,LOC036,Airport,2024-08-14T23:27:53,0.78,2829,3327,767,62.5,15
CE03669,LOC034,Port,2024-07-16T05:14:49,0.3,1778,804,0,30.0,0
CE03670,LOC009,Sort Facility,2026-03-03T01:15:10,1.0,3105,5051,2145,112.9,56
CE03671,LOC073,Sort Facility,2024-08-13T21:00:08,0.63,3536,3320,0,30.0,0
CE03672,LOC019,Airport,2024-04-15T15:00:02,0.83,3442,4263,827,58.8,21
CE03673,LOC059,Distribution Center,2026-01-12T01:30:51,1.0,4161,6336,3017,117.0,47
CE03674,LOC065,Airport,2026-03-08T12:21:52,1.0,1748,2680,1681,145.4,47
CE03675,LOC025,Warehouse,2024-04-22T18:21:17,1.0,491,744,379,122.6,46
CE03676,LOC063,Last Mile Facility,2026-05-29T11:52:41,0.72,3270,3512,144,35.3,6
CE03677,LOC074,Warehouse,2024-09-12T21:40:51,0.55,325,270,0,30.0,0
CE03678,LOC005,Sort Facility,2025-01-18T19:21:21,0.45,1284,876,0,30.0,0
CE03679,LOC030,Warehouse,2025-10-04T08:43:07,0.48,2790,2004,0,30.0,0
CE03680,LOC057,Distribution Center,2025-07-15T21:59:33,0.61,2059,1880,0,30.0,0
CE03681,LOC036,Airport,2024-12-16T01:21:37,1.0,2829,4873,1970,113.6,65
CE03682,LOC010,Last Mile Facility,2025-02-11T17:31:59,1.0,1628,2801,1350,129.5,64
CE03683,LOC009,Sort Facility,2025-09-23T07:22:19,1.0,3105,4898,3298,157.5,51
CE03684,LOC013,Hub,2024-04-02T16:46:16,1.0,2712,4817,1805,109.9,69
CE03685,LOC054,Port,2025-11-01T21:19:09,0.51,759,583,0,30.0,0
CE03686,LOC054,Port,2024-03-07T15:45:35,0.32,759,366,0,30.0,0
CE03687,LOC047,Distribution Center,2025-05-12T20:38:34,0.58,4197,3630,0,30.0,0
CE03688,LOC055,Airport,2025-09-05T00:49:46,0.82,1469,1813,226,48.5,21
CE03689,LOC055,Airport,2024-02-12T23:26:05,1.0,1469,2252,1143,123.4,47
CE03690,LOC021,Port,2024-10-26T04:51:38,1.0,437,715,298,111.8,57
CE03691,LOC026,Distribution Center,2025-08-03T11:53:00,0.45,3661,2473,0,30.0,0
CE03692,LOC034,Port,2025-08-30T01:11:37,0.87,1778,2321,769,81.9,27
CE03693,LOC020,Last Mile Facility,2025-11-29T18:48:57,0.87,1116,1452,514,85.3,27
CE03694,LOC068,Hub,2024-12-15T02:12:29,1.0,2969,4658,3260,161.8,51
CE03695,LOC042,Port,2024-07-16T19:04:13,1.0,809,1360,1039,184.1,61
CE03696,LOC008,Airport,2026-01-14T16:03:08,0.68,1075,1093,28,33.1,1
CE03697,LOC041,Distribution Center,2026-03-02T13:17:58,1.0,4129,6954,4921,173.0,61
CE03698,LOC059,Distribution Center,2025-09-23T12:36:18,0.66,4161,4093,0,30.0,0
CE03699,LOC010,Last Mile Facility,2024-09-01T08:00:52,1.0,1628,2763,2009,178.1,62
CE03700,LOC008,Airport,2025-01-09T21:49:47,0.71,1075,1152,141,45.7,6
CE03701,LOC031,Hub,2026-03-20T17:55:30,0.68,4593,4673,101,32.6,1
CE03702,LOC062,Sort Facility,2025-03-22T19:32:13,1.0,3208,4858,1661,92.1,46
CE03703,LOC062,Sort Facility,2026-02-11T06:28:46,0.6,3208,2906,0,30.0,0
CE03704,LOC004,Warehouse,2024-04-26T14:16:06,0.39,869,504,0,30.0,0
CE03705,LOC018,Hub,2025-11-03T05:46:24,0.59,261,230,0,30.0,0
CE03706,LOC002,Port,2024-02-18T00:33:28,0.87,566,735,235,79.8,26
CE03707,LOC056,Warehouse,2025-10-10T06:41:04,0.8,3011,3606,346,43.8,17
CE03708,LOC035,Airport,2024-04-13T01:06:35,0.9,1822,2459,440,59.0,31
CE03709,LOC033,Last Mile Facility,2026-05-22T13:11:49,1.0,4291,6676,4043,143.1,50
CE03710,LOC007,Warehouse,2024-05-11T19:09:49,0.81,2658,3214,648,59.3,18
CE03711,LOC006,Sort Facility,2024-08-14T03:00:40,0.69,4943,5106,289,37.0,2
CE03712,LOC034,Port,2024-03-03T01:23:23,0.88,1778,2349,332,52.4,28
CE03713,LOC039,Warehouse,2025-07-28T00:44:46,0.38,1629,925,0,30.0,0
CE03714,LOC045,Distribution Center,2025-03-06T21:49:39,0.77,4759,5511,705,47.8,14
CE03715,LOC055,Airport,2025-09-02T22:04:09,1.0,1469,2233,654,83.4,46
CE03716,LOC005,Sort Facility,2025-03-12T06:13:51,0.77,1284,1491,198,48.5,14
CE03717,LOC037,Distribution Center,2025-12-22T14:04:46,1.0,2793,4257,1544,96.3,47
CE03718,LOC034,Port,2025-06-14T11:23:43,1.0,1778,2767,644,73.5,50
CE03719,LOC059,Distribution Center,2025-04-16T11:11:02,0.92,4161,5764,1433,71.3,34
CE03720,LOC021,Port,2026-04-11T13:05:35,1.0,437,784,680,216.7,71
CE03721,LOC010,Last Mile Facility,2025-05-23T02:42:56,1.0,1628,2434,1166,115.9,44
CE03722,LOC021,Port,2025-04-23T16:21:40,0.37,437,241,0,30.0,0
CE03723,LOC034,Port,2025-12-30T23:35:05,0.77,1778,2056,204,43.8,14
CE03724,LOC030,Warehouse,2026-03-05T11:51:49,0.88,2790,3683,1008,73.4,28
CE03725,LOC040,Distribution Center,2026-01-27T18:02:11,0.41,2337,1451,0,30.0,0
CE03726,LOC028,Hub,2025-08-22T18:37:19,1.0,4698,7541,2649,97.7,54
CE03727,LOC019,Airport,2026-05-20T05:18:37,0.53,3442,2721,0,30.0,0
CE03728,LOC013,Hub,2026-06-10T15:49:40,0.55,2712,2245,0,30.0,0
CE03729,LOC053,Distribution Center,2024-08-01T05:41:50,0.87,1247,1632,224,51.6,27
CE03730,LOC040,Distribution Center,2025-12-30T01:49:11,0.55,2337,1934,0,30.0,0
CE03731,LOC036,Airport,2025-06-07T15:04:35,0.34,2829,1431,0,30.0,0
CE03732,LOC022,Hub,2024-05-21T08:16:01,0.84,479,606,90,52.5,23
CE03733,LOC011,Warehouse,2026-01-30T16:25:37,0.44,2988,1975,0,30.0,0
CE03734,LOC071,Last Mile Facility,2025-06-15T21:58:15,1.0,4596,8085,2726,101.2,68
CE03735,LOC031,Hub,2026-04-07T13:57:13,0.7,4593,4827,224,35.9,4
CE03736,LOC004,Warehouse,2026-03-14T03:04:00,1.0,869,1521,1088,180.2,67
CE03737,LOC068,Hub,2024-04-07T18:21:48,0.83,2969,3697,458,48.5,22
CE03738,LOC053,Distribution Center,2025-01-25T20:03:52,0.52,1247,969,0,30.0,0
CE03739,LOC054,Port,2025-02-20T15:39:14,1.0,759,1181,248,69.2,50
CE03740,LOC019,Airport,2025-02-25T08:58:39,0.3,3442,1532,0,30.0,0
CE03741,LOC074,Warehouse,2025-03-24T20:43:24,0.35,325,171,0,30.0,0
CE03742,LOC019,Airport,2026-03-08T17:20:07,0.67,3442,3473,42,31.5,0
CE03743,LOC058,Hub,2024-12-19T22:34:26,1.0,4836,8149,4795,149.0,61
CE03744,LOC024,Airport,2025-05-01T07:24:38,1.0,1595,2778,867,95.2,66
CE03745,LOC024,Airport,2025-05-18T13:43:22,0.92,1595,2190,358,56.9,33
CE03746,LOC037,Distribution Center,2025-01-06T22:01:49,1.0,2793,4898,1946,113.6,67
CE03747,LOC015,Last Mile Facility,2026-05-29T06:33:57,1.0,3252,4872,2825,134.2,44
CE03748,LOC074,Warehouse,2024-10-24T02:56:05,1.0,325,581,355,161.1,70
CE03749,LOC040,Distribution Center,2025-06-25T09:30:51,0.81,2337,2842,272,44.0,19
CE03750,LOC023,Port,2025-04-20T21:28:03,1.0,2668,4333,2714,152.1,56
CE03751,LOC007,Warehouse,2024-10-25T00:33:26,0.66,2658,2631,0,30.0,0
CE03752,LOC065,Airport,2025-06-04T09:38:55,0.9,1748,2351,815,85.9,31
CE03753,LOC061,Airport,2026-03-15T04:12:07,0.55,2149,1778,0,30.0,0
CE03754,LOC040,Distribution Center,2025-10-01T07:17:42,0.5,2337,1764,0,30.0,0
CE03755,LOC023,Port,2025-03-08T16:03:28,0.73,2668,2941,527,53.7,9
CE03756,LOC059,Distribution Center,2025-02-13T23:17:00,0.79,4161,4956,1507,73.5,17
CE03757,LOC004,Warehouse,2025-10-20T10:12:10,0.54,869,710,0,30.0,0
CE03758,LOC027,Distribution Center,2024-10-19T14:18:02,1.0,300,521,220,118.0,66
CE03759,LOC063,Last Mile Facility,2024-08-04T08:38:52,0.51,3270,2526,0,30.0,0
CE03760,LOC032,Distribution Center,2025-04-03T06:58:03,0.36,1584,862,0,30.0,0
CE03761,LOC044,Warehouse,2024-10-22T02:26:51,0.69,3843,4001,174,35.4,3
CE03762,LOC061,Airport,2025-07-15T13:12:35,0.9,2149,2889,640,65.7,30
CE03763,LOC051,Last Mile Facility,2026-04-23T04:09:10,0.51,2427,1869,0,30.0,0
CE03764,LOC038,Airport,2026-05-08T21:43:30,0.77,1463,1685,379,61.1,13
CE03765,LOC003,Warehouse,2025-05-13T21:03:35,0.6,3544,3203,0,30.0,0
CE03766,LOC044,Warehouse,2024-11-13T14:59:18,0.87,3843,5037,1474,76.0,27
CE03767,LOC030,Warehouse,2025-12-19T18:20:58,0.45,2790,1866,0,30.0,0
CE03768,LOC044,Warehouse,2026-06-22T17:10:32,1.0,3843,6426,3554,141.0,60
CE03769,LOC059,Distribution Center,2026-03-18T23:12:22,0.65,4161,4037,0,30.0,0
CE03770,LOC032,Distribution Center,2024-09-26T09:24:09,1.0,1584,2831,2060,186.1,70
CE03771,LOC021,Port,2024-07-01T01:56:02,0.7,437,459,24,36.6,4
CE03772,LOC002,Port,2025-03-28T18:27:28,0.47,566,396,0,30.0,0
CE03773,LOC034,Port,2025-01-18T17:50:20,0.27,1778,712,0,30.0,0
CE03774,LOC057,Distribution Center,2024-11-15T14:18:46,0.8,2059,2478,556,62.4,18
CE03775,LOC006,Sort Facility,2025-06-08T02:08:32,1.0,4943,7948,2470,90.0,54
CE03776,LOC013,Hub,2024-10-11T09:38:10,0.57,2712,2339,0,30.0,0
CE03777,LOC002,Port,2026-02-10T23:51:03,0.71,566,607,78,46.5,6
CE03778,LOC031,Hub,2025-08-05T12:57:43,0.62,4593,4302,0,30.0,0
CE03779,LOC010,Last Mile Facility,2025-01-16T13:53:32,1.0,1628,2430,970,101.5,44
CE03780,LOC072,Airport,2025-08-31T09:02:00,0.93,4665,6499,3137,110.7,35
CE03781,LOC073,Sort Facility,2026-01-22T09:37:39,1.0,3536,5989,1479,80.2,62
CE03782,LOC016,Airport,2025-02-24T13:56:13,0.66,1121,1110,0,30.0,0
CE03783,LOC030,Warehouse,2026-06-01T15:38:08,0.96,2790,3998,2181,123.8,38
CE03784,LOC017,Hub,2025-12-14T03:42:50,0.98,1600,2344,1358,131.8,41
CE03785,LOC057,Distribution Center,2026-04-14T20:02:43,0.64,2059,1971,0,30.0,0
CE03786,LOC035,Airport,2025-06-14T08:17:36,1.0,1822,2954,2032,163.8,55
CE03787,LOC061,Airport,2024-08-15T07:56:51,0.86,2149,2763,311,47.4,25
CE03788,LOC013,Hub,2025-01-30T16:51:46,0.85,2712,3438,589,56.1,24
CE03789,LOC036,Airport,2024-04-21T22:13:40,1.0,2829,5009,3686,186.4,69
CE03790,LOC074,Warehouse,2025-01-27T07:12:47,0.77,325,377,43,45.9,14
CE03791,LOC068,Hub,2024-07-12T07:03:34,0.53,2969,2382,0,30.0,0
CE03792,LOC021,Port,2025-08-07T23:14:58,0.44,437,287,0,30.0,0
CE03793,LOC058,Hub,2026-05-05T10:57:57,0.33,4836,2377,0,30.0,0
CE03794,LOC067,Warehouse,2025-09-02T15:07:14,0.83,3061,3827,1121,73.9,22
CE03795,LOC010,Last Mile Facility,2024-01-06T01:48:19,1.0,1628,2799,1198,118.3,64
CE03796,LOC028,Hub,2024-04-13T09:01:47,0.92,4698,6460,1754,74.8,33
CE03797,LOC027,Distribution Center,2024-10-20T11:44:58,0.47,300,213,0,30.0,0
CE03798,LOC075,Distribution Center,2025-01-30T20:02:14,0.49,1059,778,0,30.0,0
CE03799,LOC022,Hub,2026-02-08T01:00:38,0.67,479,483,7,31.8,0
CE03800,LOC013,Hub,2025-12-07T10:42:09,0.96,2712,3907,1927,115.3,39
CE03801,LOC032,Distribution Center,2026-05-05T09:30:11,1.0,1584,2534,1897,173.7,53
CE03802,LOC060,Last Mile Facility,2026-06-25T13:34:25,0.27,723,293,0,30.0,0
CE03803,LOC060,Last Mile Facility,2025-03-06T10:43:33,0.85,723,918,219,66.3,24
CE03804,LOC036,Airport,2026-03-04T23:52:31,0.55,2829,2354,0,30.0,0
CE03805,LOC024,Airport,2026-05-31T12:12:18,0.51,1595,1213,0,30.0,0
CE03806,LOC010,Last Mile Facility,2025-10-15T05:07:21,0.99,1628,2407,1383,131.9,43
CE03807,LOC005,Sort Facility,2024-11-05T10:20:31,1.0,1284,2123,1668,185.9,58
CE03808,LOC072,Airport,2025-02-16T18:03:32,0.96,4665,6733,3036,108.1,39
CE03809,LOC036,Airport,2024-03-20T05:09:29,0.65,2829,2754,0,30.0,0
CE03810,LOC072,Airport,2025-10-26T10:05:01,1.0,4665,8175,2830,102.8,67
CE03811,LOC036,Airport,2026-01-30T12:06:16,0.72,2829,3052,312,43.2,7
CE03812,LOC052,Hub,2024-06-16T21:29:01,0.96,2030,2916,852,80.4,39
CE03813,LOC040,Distribution Center,2026-01-10T00:17:31,1.0,2337,3560,1468,105.4,47
CE03814,LOC022,Hub,2025-11-10T02:57:43,0.4,479,285,0,30.0,0
CE03815,LOC001,Last Mile Facility,2025-08-24T00:06:24,1.0,960,1553,853,136.6,55
CE03816,LOC004,Warehouse,2025-05-01T10:46:45,0.75,869,977,130,48.0,11
CE03817,LOC033,Last Mile Facility,2024-07-04T13:13:26,0.67,4291,4317,22,30.6,0
CE03818,LOC057,Distribution Center,2024-08-05T01:24:49,0.83,2059,2559,397,53.1,21
CE03819,LOC054,Port,2024-10-08T08:04:25,1.0,759,1306,592,123.6,64
CE03820,LOC004,Warehouse,2024-07-09T22:39:46,1.0,869,1453,311,72.9,60
CE03821,LOC036,Airport,2025-07-15T07:32:33,0.52,2829,2214,0,30.0,0
CE03822,LOC005,Sort Facility,2024-03-25T15:59:14,0.5,1284,963,0,30.0,0
CE03823,LOC030,Warehouse,2024-03-04T17:52:52,0.33,2790,1369,0,30.0,0
CE03824,LOC024,Airport,2024-04-19T04:13:39,0.57,1595,1352,0,30.0,0
CE03825,LOC050,Airport,2025-03-06T20:34:55,0.5,3355,2522,0,30.0,0
CE03826,LOC022,Hub,2024-06-15T22:27:35,0.37,479,268,0,30.0,0
CE03827,LOC058,Hub,2026-05-02T01:12:55,0.73,4836,5264,783,49.4,7
CE03828,LOC075,Distribution Center,2026-04-11T10:32:46,0.73,1059,1156,162,48.4,8
CE03829,LOC073,Sort Facility,2025-02-20T23:12:36,0.98,3536,5189,1390,77.2,42
CE03830,LOC054,Port,2024-07-16T22:38:26,0.7,759,794,27,34.3,4
CE03831,LOC014,Airport,2024-05-28T23:03:41,0.58,1578,1373,0,30.0,0
CE03832,LOC024,Airport,2025-10-19T12:25:16,0.4,1595,951,0,30.0,0
CE03833,LOC067,Warehouse,2024-11-14T06:57:18,0.98,3061,4482,2833,141.1,41
CE03834,LOC006,Sort Facility,2024-03-03T00:58:24,0.73,4943,5398,310,37.5,8
CE03835,LOC066,Sort Facility,2026-05-30T03:09:41,0.92,3283,4541,1855,97.8,34
CE03836,LOC068,Hub,2024-04-03T00:29:02,0.63,2969,2820,0,30.0,0
CE03837,LOC006,Sort Facility,2024-01-16T07:27:43,1.0,4943,7459,1832,74.5,45
CE03838,LOC074,Warehouse,2024-06-22T02:29:15,0.51,325,249,0,30.0,0
CE03839,LOC043,Distribution Center,2025-06-08T10:51:35,1.0,4879,7416,2772,98.2,46
CE03840,LOC027,Distribution Center,2025-03-06T13:47:18,0.78,300,352,101,70.4,15
CE03841,LOC029,Port,2025-03-17T11:18:01,0.93,2831,3932,1586,97.2,35
CE03842,LOC074,Warehouse,2025-10-29T16:12:14,1.0,325,509,101,67.3,50
CE03843,LOC016,Airport,2025-01-08T21:12:39,0.65,1121,1091,0,30.0,0
CE03844,LOC021,Port,2024-12-24T01:13:40,0.63,437,415,0,30.0,0
CE03845,LOC007,Warehouse,2024-12-08T10:30:34,0.64,2658,2566,0,30.0,0
CE03846,LOC066,Sort Facility,2026-06-05T10:08:50,0.9,3283,4455,849,61.0,32
CE03847,LOC020,Last Mile Facility,2025-02-18T08:37:49,0.69,1116,1152,31,33.3,2
CE03848,LOC033,Last Mile Facility,2026-05-08T11:00:36,0.33,4291,2102,0,30.0,0
CE03849,LOC064,Warehouse,2025-07-03T05:21:10,0.29,3291,1417,0,30.0,0
CE03850,LOC012,Airport,2025-01-02T04:13:35,0.86,2463,3195,800,69.0,26
CE03851,LOC061,Airport,2024-08-23T15:53:38,0.35,2149,1137,0,30.0,0
CE03852,LOC014,Airport,2024-02-05T15:47:22,0.45,1578,1062,0,30.0,0
CE03853,LOC043,Distribution Center,2026-05-10T03:48:51,1.0,4879,7747,3367,112.8,52
CE03854,LOC027,Distribution Center,2026-06-26T09:34:20,0.69,300,311,8,33.2,3
CE03855,LOC023,Port,2025-05-07T00:05:42,0.67,2668,2675,4,30.2,0
CE03856,LOC016,Airport,2024-12-07T13:26:01,0.27,1121,453,0,30.0,0
CE03857,LOC043,Distribution Center,2024-09-23T22:44:47,0.5,4879,3686,0,30.0,0
CE03858,LOC066,Sort Facility,2025-08-18T09:24:56,0.4,3283,1955,0,30.0,0
CE03859,LOC032,Distribution Center,2024-11-11T13:39:11,0.63,1584,1489,0,30.0,0
CE03860,LOC051,Last Mile Facility,2026-04-21T12:27:36,0.49,2427,1789,0,30.0,0
CE03861,LOC001,Last Mile Facility,2024-01-28T02:13:53,0.63,960,909,0,30.0,0
CE03862,LOC067,Warehouse,2024-09-06T03:59:17,0.77,3061,3525,733,58.7,13
CE03863,LOC038,Airport,2024-05-21T15:21:10,1.0,1463,2215,1026,114.2,46
CE03864,LOC023,Port,2026-06-06T09:22:51,0.91,2668,3636,1745,108.5,32
CE03865,LOC069,Port,2025-02-23T00:13:54,0.99,4167,6176,3573,132.9,43
CE03866,LOC043,Distribution Center,2026-01-25T08:58:40,0.89,4879,6545,2592,93.8,30
CE03867,LOC051,Last Mile Facility,2024-07-12T12:03:20,0.45,2427,1623,0,30.0,0
CE03868,LOC033,Last Mile Facility,2024-05-28T15:20:43,0.94,4291,6070,3229,120.3,37
CE03869,LOC021,Port,2025-01-17T10:44:18,1.0,437,694,399,139.6,52
CE03870,LOC008,Airport,2025-09-23T07:46:20,0.68,1075,1102,25,32.8,2
CE03871,LOC015,Last Mile Facility,2024-12-09T06:29:19,1.0,3252,5427,3318,152.4,60
CE03872,LOC050,Airport,2025-01-10T23:19:39,0.71,3355,3549,164,35.9,5
CE03873,LOC052,Hub,2025-12-14T19:38:53,0.41,2030,1246,0,30.0,0
CE03874,LOC044,Warehouse,2024-09-14T07:36:07,1.0,3843,6797,4474,169.7,69
CE03875,LOC046,Last Mile Facility,2024-09-26T14:09:21,0.61,1736,1591,0,30.0,0
CE03876,LOC051,Last Mile Facility,2024-12-08T06:55:51,0.48,2427,1742,0,30.0,0
CE03877,LOC017,Hub,2025-03-10T03:25:20,0.4,1600,968,0,30.0,0
CE03878,LOC026,Distribution Center,2024-06-15T19:40:27,1.0,3661,5912,3975,160.3,55
CE03879,LOC012,Airport,2024-01-05T22:07:30,0.87,2463,3214,930,75.3,27
CE03880,LOC055,Airport,2025-01-05T22:01:06,0.74,1469,1639,117,39.6,10
CE03881,LOC033,Last Mile Facility,2025-04-24T05:29:55,0.63,4291,4073,0,30.0,0
CE03882,LOC032,Distribution Center,2025-11-07T01:10:53,1.0,1584,2476,1037,108.6,50
CE03883,LOC009,Sort Facility,2026-06-19T10:27:17,0.65,3105,3030,0,30.0,0
CE03884,LOC052,Hub,2025-08-23T17:20:37,1.0,2030,3443,2023,149.6,62
CE03885,LOC038,Airport,2025-11-24T02:14:40,1.0,1463,2371,874,101.7,55
CE03886,LOC022,Hub,2024-11-27T11:40:27,1.0,479,743,292,103.2,49
CE03887,LOC012,Airport,2024-12-26T16:19:30,0.46,2463,1683,0,30.0,0
CE03888,LOC021,Port,2024-06-04T21:56:18,0.35,437,232,0,30.0,0
CE03889,LOC074,Warehouse,2024-05-07T09:04:29,0.84,325,408,67,54.7,22
CE03890,LOC063,Last Mile Facility,2025-09-26T15:16:27,0.58,3270,2837,0,30.0,0
CE03891,LOC069,Port,2025-11-20T22:28:51,0.84,4167,5272,728,51.0,23
CE03892,LOC073,Sort Facility,2025-11-18T10:37:23,1.0,3536,5925,4425,180.2,60
CE03893,LOC058,Hub,2024-08-21T14:46:44,0.91,4836,6595,967,54.0,32
CE03894,LOC005,Sort Facility,2025-08-20T06:17:10,0.65,1284,1253,0,30.0,0
CE03895,LOC068,Hub,2025-08-13T13:29:25,0.83,2969,3717,1393,86.3,22
CE03896,LOC031,Hub,2024-02-05T18:29:36,0.88,4593,6036,1621,72.4,28
CE03897,LOC017,Hub,2026-04-20T19:48:27,0.92,1600,2215,611,75.8,34
CE03898,LOC045,Distribution Center,2025-02-26T02:34:44,1.0,4759,8546,2454,91.9,71
CE03899,LOC072,Airport,2024-11-14T15:45:16,0.58,4665,4091,0,30.0,0
CE03900,LOC036,Airport,2026-02-02T13:11:14,1.0,2829,4419,912,68.7,50
CE03901,LOC053,Distribution Center,2025-11-09T07:30:09,0.78,1247,1456,227,51.8,15
CE03902,LOC058,Hub,2026-03-24T21:43:36,0.6,4836,4365,0,30.0,0
CE03903,LOC006,Sort Facility,2025-06-15T17:26:56,0.69,4943,5107,132,33.2,2
CE03904,LOC014,Airport,2025-05-15T08:00:48,0.96,1578,2270,393,59.9,39
CE03905,LOC017,Hub,2024-02-02T04:20:28,1.0,1600,2628,1961,177.1,57
CE03906,LOC029,Port,2026-02-14T05:16:01,1.0,2831,4346,2728,145.6,48
CE03907,LOC018,Hub,2026-02-27T11:11:00,0.87,261,341,144,96.2,27
CE03908,LOC007,Warehouse,2025-08-25T13:59:06,0.85,2658,3373,775,65.0,24
CE03909,LOC012,Airport,2025-11-17T22:01:06,0.95,2463,3502,895,73.6,37
CE03910,LOC056,Warehouse,2024-11-15T04:27:40,0.85,3011,3857,583,53.2,25
CE03911,LOC067,Warehouse,2025-08-02T08:59:45,0.46,3061,2117,0,30.0,0
CE03912,LOC071,Last Mile Facility,2024-08-12T11:56:13,0.64,4596,4435,0,30.0,0
CE03913,LOC072,Airport,2024-04-30T04:04:34,0.84,4665,5871,1096,58.2,23
CE03914,LOC034,Port,2025-08-09T16:20:40,1.0,1778,3183,1108,104.8,71
CE03915,LOC031,Hub,2024-09-18T13:43:22,1.0,4593,7862,6313,194.9,64
CE03916,LOC024,Airport,2025-09-19T14:26:49,0.74,1595,1770,256,49.3,9
CE03917,LOC068,Hub,2024-11-17T18:24:00,1.0,2969,4849,2049,112.8,56
CE03918,LOC001,Last Mile Facility,2024-12-04T12:57:29,0.47,960,680,0,30.0,0
CE03919,LOC001,Last Mile Facility,2025-05-03T02:39:51,0.99,960,1421,671,113.9,43
CE03920,LOC044,Warehouse,2025-07-02T18:41:31,0.35,3843,1999,0,30.0,0
CE03921,LOC001,Last Mile Facility,2025-09-21T07:18:28,0.76,960,1093,223,57.9,12
CE03922,LOC050,Airport,2025-03-01T20:44:45,0.83,3355,4160,943,63.7,21
CE03923,LOC044,Warehouse,2025-01-21T10:39:21,0.91,3843,5248,1699,83.1,32
CE03924,LOC014,Airport,2025-03-27T13:17:29,0.29,1578,693,0,30.0,0
CE03925,LOC073,Sort Facility,2024-12-24T16:24:26,0.8,3536,4243,523,47.7,17
CE03926,LOC065,Airport,2025-08-12T10:41:59,0.61,1748,1594,0,30.0,0
CE03927,LOC027,Distribution Center,2025-12-30T16:10:14,0.54,300,243,0,30.0,0
CE03928,LOC040,Distribution Center,2024-02-07T17:04:26,1.0,2337,3605,1505,107.3,48
CE03929,LOC069,Port,2026-05-25T01:41:09,1.0,4167,6434,2536,103.0,48
CE03930,LOC048,Sort Facility,2025-01-14T03:41:49,0.27,3574,1441,0,30.0,0
CE03931,LOC055,Airport,2024-04-10T12:00:10,0.6,1469,1319,0,30.0,0
CE03932,LOC070,Distribution Center,2025-12-03T12:56:44,0.81,4087,4987,935,57.5,19
CE03933,LOC059,Distribution Center,2024-02-03T23:43:11,0.58,4161,3634,0,30.0,0
CE03934,LOC011,Warehouse,2025-08-27T02:07:11,1.0,2988,5181,3077,153.6,66
CE03935,LOC073,Sort Facility,2026-06-07T00:53:58,0.35,3536,1840,0,30.0,0
CE03936,LOC068,Hub,2025-06-20T05:23:52,1.0,2969,5299,4634,217.3,70
CE03937,LOC006,Sort Facility,2025-07-12T11:53:54,0.91,4943,6758,2789,97.7,33
CE03938,LOC072,Airport,2025-08-14T19:37:33,1.0,4665,7112,4226,138.7,47
CE03939,LOC022,Hub,2024-02-01T20:04:34,0.54,479,386,0,30.0,0
CE03940,LOC033,Last Mile Facility,2026-02-01T16:13:16,0.5,4291,3246,0,30.0,0
CE03941,LOC007,Warehouse,2025-11-08T18:08:20,0.89,2658,3535,1677,105.7,29
CE03942,LOC005,Sort Facility,2025-11-22T19:00:52,1.0,1284,2077,650,90.7,55
CE03943,LOC017,Hub,2025-10-20T21:00:14,0.63,1600,1518,0,30.0,0
CE03944,LOC067,Warehouse,2024-05-18T23:20:39,0.35,3061,1591,0,30.0,0
CE03945,LOC051,Last Mile Facility,2025-11-10T10:03:00,0.99,2427,3605,1039,81.4,43
CE03946,LOC019,Airport,2025-01-31T00:19:12,0.5,3442,2565,0,30.0,0
CE03947,LOC039,Warehouse,2025-06-24T22:57:26,0.36,1629,878,0,30.0,0
CE03948,LOC022,Hub,2024-12-21T01:12:59,0.72,479,515,43,40.8,6
CE03949,LOC061,Airport,2025-02-22T01:34:55,0.75,2149,2410,168,39.4,10
CE03950,LOC048,Sort Facility,2025-07-23T11:38:34,0.46,3574,2462,0,30.0,0
CE03951,LOC047,Distribution Center,2025-02-07T16:14:56,0.67,4197,4187,0,30.0,0
CE03952,LOC072,Airport,2026-01-13T08:55:10,0.66,4665,4604,0,30.0,0
CE03953,LOC032,Distribution Center,2024-09-02T14:19:41,0.64,1584,1527,0,30.0,0
CE03954,LOC001,Last Mile Facility,2024-09-18T19:41:18,0.41,960,594,0,30.0,0
CE03955,LOC026,Distribution Center,2024-12-06T10:00:39,0.51,3661,2777,0,30.0,0
CE03956,LOC056,Warehouse,2026-06-28T12:49:12,0.45,3011,2045,0,30.0,0
CE03957,LOC007,Warehouse,2026-03-14T09:29:14,0.56,2658,2235,0,30.0,0
CE03958,LOC048,Sort Facility,2026-04-04T18:44:58,0.89,3574,4785,1479,79.7,30
CE03959,LOC023,Port,2024-10-31T00:40:50,0.5,2668,1997,0,30.0,0
CE03960,LOC013,Hub,2024-02-26T09:06:44,0.39,2712,1593,0,30.0,0
CE03961,LOC044,Warehouse,2025-08-15T13:15:58,0.97,3843,5578,1539,78.1,40
CE03962,LOC075,Distribution Center,2025-07-20T08:13:24,1.0,1059,1837,582,95.9,66
CE03963,LOC074,Warehouse,2024-03-15T12:46:08,1.0,325,497,184,97.9,47
CE03964,LOC062,Sort Facility,2024-12-21T02:05:13,0.63,3208,3018,0,30.0,0
CE03965,LOC019,Airport,2024-05-19T18:25:04,0.46,3442,2352,0,30.0,0
CE03966,LOC055,Airport,2024-09-03T14:45:57,0.3,1469,660,0,30.0,0
CE03967,LOC005,Sort Facility,2024-05-23T12:03:21,0.48,1284,931,0,30.0,0
CE03968,LOC006,Sort Facility,2026-05-08T18:46:24,0.44,4943,3242,0,30.0,0
CE03969,LOC005,Sort Facility,2024-03-18T18:33:40,1.0,1284,2032,564,82.7,52
CE03970,LOC067,Warehouse,2025-01-23T23:15:27,0.93,3061,4291,1976,107.5,36
CE03971,LOC052,Hub,2024-05-03T02:51:14,0.62,2030,1890,0,30.0,0
CE03972,LOC006,Sort Facility,2026-03-26T22:53:00,0.46,4943,3431,0,30.0,0
CE03973,LOC016,Airport,2025-01-31T08:30:26,1.0,1121,1701,739,109.1,46
CE03974,LOC010,Last Mile Facility,2025-12-04T20:49:24,0.27,1628,656,0,30.0,0
CE03975,LOC020,Last Mile Facility,2024-08-19T12:12:59,0.35,1116,585,0,30.0,0
CE03976,LOC027,Distribution Center,2025-03-31T09:31:44,0.3,300,137,0,30.0,0
CE03977,LOC014,Airport,2024-08-08T00:29:58,0.39,1578,933,0,30.0,0
CE03978,LOC052,Hub,2025-11-08T03:17:51,0.52,2030,1576,0,30.0,0
CE03979,LOC003,Warehouse,2025-03-08T15:44:03,0.28,3544,1507,0,30.0,0
CE03980,LOC008,Airport,2024-10-15T23:19:51,0.36,1075,578,0,30.0,0
CE03981,LOC023,Port,2024-12-21T21:02:40,0.87,2668,3500,593,56.7,28
CE03982,LOC059,Distribution Center,2025-09-28T01:56:18,0.28,4161,1745,0,30.0,0
CE03983,LOC073,Sort Facility,2025-04-29T01:13:42,0.56,3536,2957,0,30.0,0
CE03984,LOC020,Last Mile Facility,2024-09-15T20:22:18,0.46,1116,772,0,30.0,0
CE03985,LOC020,Last Mile Facility,2026-03-19T13:56:37,0.74,1116,1237,75,38.1,9
CE03986,LOC037,Distribution Center,2024-04-13T17:41:52,0.51,2793,2154,0,30.0,0
CE03987,LOC017,Hub,2024-12-26T02:42:47,1.0,1600,2721,2084,186.3,63
CE03988,LOC055,Airport,2024-05-23T08:06:41,1.0,1469,2263,830,97.8,48
CE03989,LOC032,Distribution Center,2024-03-22T00:09:49,0.41,1584,985,0,30.0,0
CE03990,LOC018,Hub,2026-06-08T12:24:45,1.0,261,404,254,146.8,49
CE03991,LOC073,Sort Facility,2024-09-30T07:39:54,0.53,3536,2786,0,30.0,0
CE03992,LOC068,Hub,2025-03-23T18:28:39,0.92,2969,4077,1080,73.7,33
CE03993,LOC004,Warehouse,2026-05-01T04:37:47,0.58,869,762,0,30.0,0
CE03994,LOC036,Airport,2025-12-31T12:07:46,1.0,2829,4548,924,69.2,54
CE03995,LOC070,Distribution Center,2025-10-19T12:25:33,0.86,4087,5299,1964,87.7,26
CE03996,LOC009,Sort Facility,2024-09-17T20:44:35,0.46,3105,2126,0,30.0,0
CE03997,LOC066,Sort Facility,2025-01-01T23:51:37,0.58,3283,2857,0,30.0,0
CE03998,LOC011,Warehouse,2024-01-27T16:35:03,1.0,2988,4534,2982,149.8,46
CE03999,LOC044,Warehouse,2024-10-30T12:28:51,0.47,3843,2691,0,30.0,0
CE04000,LOC007,Warehouse,2024-04-29T16:32:16,0.63,2658,2520,0,30.0,0
