shipment_id,tracking_number,origin_location_id,destination_location_id,current_location_id,route_id,status,priority,shipment_type,weight_kg,planned_delivery_time,current_eta,risk_score,risk_level,sla_breach_probability,expected_delay_minutes,last_updated
CURR00001,1ZYN2FSLD4XHD184RD,LOC058,LOC075,LOC029,RT-LOC058-LOC055-LOC008,DELAYED,Normal,Standard,110.95,2026-07-01T14:38:01.314613,2026-07-01T17:39:01.314613,5.06,HIGH,0.671,181,2026-07-01T00:00:00
CURR00002,1ZUU0Q9J4U43KMNAFU,LOC009,LOC059,LOC021,RT-LOC009-LOC010-LOC020,OUT_FOR_DELIVERY,Critical,Standard,14.71,2026-07-01T02:07:11.757240,2026-07-01T04:08:11.757240,5.11,HIGH,0.773,121,2026-07-01T00:00:00
CURR00003,1ZQY6G7FR033BJ44LF,LOC067,LOC041,LOC038,RT-LOC067-LOC065-LOC032,IN_TRANSIT,Low,Standard,10.03,2026-07-01T12:41:37.324735,2026-07-01T13:54:37.324735,3.36,MEDIUM,0.581,73,2026-07-01T00:00:00
CURR00004,1Z2MMDWIRN6Y00WIW8,LOC030,LOC016,LOC030,RT-LOC030-LOC016,PROCESSING,High,Temperature Sensitive,10.13,2026-06-30T13:31:13.104685,2026-06-30T14:35:13.104685,5.18,HIGH,0.672,64,2026-07-01T00:00:00
CURR00005,1ZWRRQTG7V17651FUQ,LOC038,LOC042,LOC042,RT-LOC038-LOC047-LOC042,IN_TRANSIT,Low,Standard,48.28,2026-06-30T18:14:45.993592,2026-06-30T19:17:45.993592,2.9,LOW,0.346,63,2026-07-01T00:00:00
CURR00006,1ZA051P9SKNHO7IQOB,LOC025,LOC003,LOC059,RT-LOC025-LOC027-LOC063,PROCESSING,Normal,Standard,24.98,2026-06-30T15:32:06.091603,2026-06-30T16:48:06.091603,3.86,MEDIUM,0.461,76,2026-07-01T00:00:00
CURR00007,1ZON9Y1JAS8KTOTGBP,LOC060,LOC055,LOC052,RT-LOC060-LOC059-LOC006,OUT_FOR_DELIVERY,Normal,Standard,45.18,2026-06-29T21:43:09.413495,2026-06-29T23:44:09.413495,4.23,MEDIUM,0.619,121,2026-07-01T00:00:00
CURR00008,1ZTYAT7XGXG7MQRHBB,LOC049,LOC064,LOC016,RT-LOC049-LOC050-LOC016,IN_TRANSIT,High,Temperature Sensitive,100.29,2026-06-30T11:39:19.656377,2026-06-30T14:18:19.656377,3.42,MEDIUM,0.525,159,2026-07-01T00:00:00
CURR00009,1ZSLRON1QBY88UH5SY,LOC016,LOC065,LOC067,RT-LOC016-LOC030-LOC067,OUT_FOR_DELIVERY,Normal,Standard,21.15,2026-06-30T02:38:33.397268,2026-06-30T04:08:33.397268,3.45,MEDIUM,0.502,90,2026-07-01T00:00:00
CURR00010,1ZFJ1K71U7UIR78D90,LOC001,LOC037,LOC016,RT-LOC001-LOC051-LOC028,IN_TRANSIT,Critical,Standard,5.23,2026-07-01T05:09:48.526340,2026-07-01T06:12:48.526340,4.05,MEDIUM,0.455,63,2026-07-01T00:00:00
CURR00011,1Z3JBNWAIWM7HOBAH1,LOC062,LOC037,LOC035,RT-LOC062-LOC066-LOC065,IN_TRANSIT,High,Standard,32.75,2026-06-30T12:32:56.517960,2026-06-30T13:07:56.517960,3.62,MEDIUM,0.438,35,2026-07-01T00:00:00
CURR00012,1ZKEDJ72MKMXW7BE5K,LOC027,LOC039,LOC037,RT-LOC027-LOC063-LOC066,OUT_FOR_DELIVERY,Normal,Standard,58.53,2026-07-01T07:25:55.552705,2026-07-01T08:08:55.552705,2.45,LOW,0.307,43,2026-07-01T00:00:00
CURR00013,1ZPUPUCH003CPCY2NP,LOC001,LOC058,LOC009,RT-LOC001-LOC007-LOC052,IN_TRANSIT,Low,International,51.55,2026-06-29T09:22:08.868665,2026-06-29T11:43:08.868665,3.42,MEDIUM,0.503,141,2026-07-01T00:00:00
CURR00014,1Z5CWZ000NKNUDDF55,LOC049,LOC051,LOC050,RT-LOC049-LOC050-LOC051,IN_TRANSIT,High,Standard,16.46,2026-06-30T17:58:15.690113,2026-06-30T20:26:15.690113,3.08,MEDIUM,0.614,148,2026-07-01T00:00:00
CURR00015,1ZNVMH5QM39O6ZESBA,LOC018,LOC041,LOC032,RT-LOC018-LOC062-LOC066,IN_TRANSIT,High,International,137.67,2026-06-30T20:38:31.098382,2026-06-30T22:45:31.098382,2.9,LOW,0.464,127,2026-07-01T00:00:00
CURR00016,1ZMPL0UG47I2KG08LG,LOC023,LOC067,LOC018,RT-LOC023-LOC019-LOC013,IN_TRANSIT,Low,Standard,49.15,2026-06-30T04:44:03.276100,2026-06-30T06:11:03.276100,2.95,LOW,0.456,87,2026-07-01T00:00:00
CURR00017,1ZF6OYDWLFC61JMQ2U,LOC074,LOC011,LOC018,RT-LOC074-LOC045-LOC015,IN_TRANSIT,High,Express,48.26,2026-06-30T11:14:22.163963,2026-06-30T12:16:22.163963,2.89,LOW,0.354,62,2026-07-01T00:00:00
CURR00018,1ZOUYS87ITT39528TT,LOC027,LOC057,LOC007,RT-LOC027-LOC063-LOC061,IN_TRANSIT,Normal,Express,20.8,2026-06-29T20:57:06.362722,2026-06-29T21:23:06.362722,3.43,MEDIUM,0.442,26,2026-07-01T00:00:00
CURR00019,1ZOZFDO5YTQE9K8YFI,LOC056,LOC070,LOC002,RT-LOC056-LOC054-LOC009,IN_TRANSIT,Normal,International,175.75,2026-06-30T05:29:30.655791,2026-06-30T06:51:30.655791,3.39,MEDIUM,0.413,82,2026-07-01T00:00:00
CURR00020,1ZWX33JSHKE13MCY7V,LOC029,LOC006,LOC007,RT-LOC029-LOC007-LOC006,IN_TRANSIT,High,Standard,48.88,2026-07-01T02:57:09.624271,2026-07-01T03:40:09.624271,2.82,LOW,0.374,43,2026-07-01T00:00:00
CURR00021,1ZLN1TAYZN84BQQBBL,LOC014,LOC021,LOC018,RT-LOC014-LOC032-LOC065,IN_TRANSIT,Normal,International,163.41,2026-07-01T11:26:51.691808,2026-07-01T13:36:51.691808,4.2,MEDIUM,0.529,130,2026-07-01T00:00:00
CURR00022,1ZZD89AZDO4M784QPJ,LOC004,LOC036,LOC018,RT-LOC004-LOC007-LOC006,OUT_FOR_DELIVERY,Normal,Temperature Sensitive,42.14,2026-06-30T17:48:29.224665,2026-06-30T19:23:29.224665,3.88,MEDIUM,0.45,95,2026-07-01T00:00:00
CURR00023,1ZN05MMCH3ZH7BG6PT,LOC027,LOC067,LOC063,RT-LOC027-LOC063-LOC062,IN_TRANSIT,Critical,Express,24.41,2026-06-29T08:48:03.968265,2026-06-29T10:29:03.968265,3.53,MEDIUM,0.508,101,2026-07-01T00:00:00
CURR00024,1ZQGODCTIU5UTANJC5,LOC059,LOC003,LOC006,RT-LOC059-LOC006-LOC003,PROCESSING,High,Standard,65.22,2026-06-29T19:34:03.196619,2026-06-29T20:38:03.196619,2.21,LOW,0.334,64,2026-07-01T00:00:00
CURR00025,1Z1ENIISJJF3MIRFVL,LOC005,LOC044,LOC028,RT-LOC005-LOC002-LOC029,PROCESSING,Low,Standard,5.24,2026-07-02T04:30:23.473282,2026-07-02T04:39:23.473282,3.18,MEDIUM,0.426,9,2026-07-01T00:00:00
CURR00026,1ZR0CBD4RLXP8WKWXD,LOC074,LOC057,LOC012,RT-LOC074-LOC045-LOC015,DELAYED,High,International,104.48,2026-07-01T09:02:41.289415,2026-07-01T09:52:41.289415,4.36,MEDIUM,0.595,50,2026-07-01T00:00:00
CURR00027,1ZKKY81UEUJ2DP2497,LOC039,LOC047,LOC039,RT-LOC039-LOC047,OUT_FOR_DELIVERY,Low,Standard,60.83,2026-06-29T04:59:07.761761,2026-06-29T06:22:07.761761,2.9,LOW,0.425,83,2026-07-01T00:00:00
CURR00028,1Z7RZQESA4LKE0F8L3,LOC041,LOC017,LOC038,RT-LOC041-LOC042-LOC047,IN_TRANSIT,High,Fragile,4.9,2026-07-01T19:49:10.247746,2026-07-01T21:33:10.247746,3.21,MEDIUM,0.399,104,2026-07-01T00:00:00
CURR00029,1ZTWXPPG5ZPH24VJN1,LOC024,LOC013,LOC024,RT-LOC024-LOC013,IN_TRANSIT,Low,Express,39.27,2026-06-29T12:35:30.627188,2026-06-29T13:42:30.627188,2.88,LOW,0.401,67,2026-07-01T00:00:00
CURR00030,1ZOL1BUU2OFR3ZCO1P,LOC015,LOC049,LOC069,RT-LOC015-LOC069-LOC070,IN_TRANSIT,Normal,Fragile,27.2,2026-06-29T10:11:09.765942,2026-06-29T11:59:09.765942,3.22,MEDIUM,0.512,108,2026-07-01T00:00:00
CURR00031,1ZWHBY0CHPXRDRK0DH,LOC047,LOC013,LOC012,RT-LOC047-LOC038-LOC045,IN_TRANSIT,High,Priority,74.05,2026-06-30T00:20:43.206228,2026-06-30T02:17:43.206228,4.22,MEDIUM,0.557,117,2026-07-01T00:00:00
CURR00032,1Z1M3LLN6XN7SWP3XR,LOC020,LOC026,LOC024,RT-LOC020-LOC023-LOC019,IN_TRANSIT,Low,Standard,142.82,2026-06-30T17:55:50.205650,2026-06-30T19:10:50.205650,3.7,MEDIUM,0.448,75,2026-07-01T00:00:00
CURR00033,1ZSKWE94B6EMO0EY1U,LOC060,LOC073,LOC016,RT-LOC060-LOC059-LOC005,IN_TRANSIT,Normal,Priority,32.88,2026-06-30T03:45:20.605457,2026-06-30T05:09:20.605457,4.42,MEDIUM,0.575,84,2026-07-01T00:00:00
CURR00034,1Z6V3SARH4FULKY793,LOC055,LOC030,LOC021,RT-LOC055-LOC008-LOC009,IN_TRANSIT,Critical,Standard,17.9,2026-06-30T23:14:51.200637,2026-07-01T03:21:51.200637,4.61,MEDIUM,0.791,247,2026-07-01T00:00:00
CURR00035,1ZFJG6Q78RKK8532I3,LOC043,LOC014,LOC069,RT-LOC043-LOC074-LOC045,IN_TRANSIT,Normal,Standard,15.41,2026-07-01T01:22:14.434353,2026-07-01T02:23:14.434353,2.67,LOW,0.315,61,2026-07-01T00:00:00
CURR00036,1ZR1A16RRU729CFSIU,LOC011,LOC024,LOC020,RT-LOC011-LOC056-LOC054,OUT_FOR_DELIVERY,High,Priority,116.73,2026-06-29T16:28:17.187558,2026-06-29T17:46:17.187558,4.2,MEDIUM,0.583,78,2026-07-01T00:00:00
CURR00037,1ZB82GW5WAME7TKK37,LOC065,LOC036,LOC033,RT-LOC065-LOC032-LOC033,PROCESSING,Low,Standard,13.09,2026-06-30T03:31:23.871275,2026-06-30T04:49:23.871275,4.15,MEDIUM,0.502,78,2026-07-01T00:00:00
CURR00038,1ZPCTNEUFERBP9FZXA,LOC010,LOC053,LOC004,RT-LOC010-LOC020-LOC021,IN_TRANSIT,Critical,International,65.94,2026-06-29T21:22:55.402992,2026-06-29T21:52:55.402992,2.49,LOW,0.28,30,2026-07-01T00:00:00
CURR00039,1ZUD8159LTHHEGZK27,LOC037,LOC019,LOC015,RT-LOC037-LOC038-LOC045,OUT_FOR_DELIVERY,Normal,Standard,116.64,2026-06-30T02:48:44.632843,2026-06-30T04:52:44.632843,4.46,MEDIUM,0.591,124,2026-07-01T00:00:00
CURR00040,1Z4IEBLZO24VUSVRWA,LOC050,LOC001,LOC029,RT-LOC050-LOC051-LOC029,OUT_FOR_DELIVERY,Normal,Fragile,36.21,2026-06-29T07:20:24.235108,2026-06-29T09:39:24.235108,4.89,MEDIUM,0.657,139,2026-07-01T00:00:00
CURR00041,1Z7EZ1EB1BVUTO96JC,LOC001,LOC056,LOC052,RT-LOC001-LOC007-LOC052,IN_TRANSIT,High,Express,27.84,2026-06-30T21:15:24.879820,2026-06-30T21:22:24.879820,2.3,LOW,0.242,7,2026-07-01T00:00:00
CURR00042,1Z5ZFFKCDKTVUXBXHP,LOC019,LOC056,LOC009,RT-LOC019-LOC022-LOC021,IN_TRANSIT,Normal,Standard,24.6,2026-06-30T04:24:27.482707,2026-06-30T09:02:27.482707,5.43,HIGH,0.911,278,2026-07-01T00:00:00
CURR00043,1ZIWFV3KMIYS47H07D,LOC053,LOC070,LOC002,RT-LOC053-LOC052-LOC007,IN_TRANSIT,Normal,International,48.38,2026-06-30T03:40:34.527569,2026-06-30T04:05:34.527569,2.66,LOW,0.282,25,2026-07-01T00:00:00
CURR00044,1ZRZPJY2K3B7AA5CWO,LOC057,LOC002,LOC004,RT-LOC057-LOC055-LOC008,IN_TRANSIT,High,Fragile,47.61,2026-07-01T07:02:06.538221,2026-07-01T08:45:06.538221,3.88,MEDIUM,0.418,103,2026-07-01T00:00:00
CURR00045,1Z84TLOLJNUDNGVQO5,LOC003,LOC059,LOC006,RT-LOC003-LOC007-LOC006,OUT_FOR_DELIVERY,Low,Express,2.97,2026-06-30T04:46:12.415749,2026-06-30T06:10:12.415749,4.08,MEDIUM,0.528,84,2026-07-01T00:00:00
CURR00046,1ZHC29ROAKOTOLA8XX,LOC012,LOC018,LOC018,RT-LOC012-LOC018,OUT_FOR_DELIVERY,Low,Standard,10.74,2026-06-29T07:17:44.247510,2026-06-29T09:30:44.247510,3.88,MEDIUM,0.567,133,2026-07-01T00:00:00
CURR00047,1ZDI1MFSF8ISWNTIVJ,LOC049,LOC064,LOC067,RT-LOC049-LOC050-LOC016,IN_TRANSIT,Normal,Fragile,12.7,2026-06-30T21:03:44.678657,2026-06-30T22:36:44.678657,4.21,MEDIUM,0.559,93,2026-07-01T00:00:00
CURR00048,1ZBGHT30SVGSF5URQI,LOC013,LOC007,LOC006,RT-LOC013-LOC060-LOC059,DELAYED,Normal,Standard,128.48,2026-07-01T06:26:10.780996,2026-07-01T08:03:10.780996,4.0,MEDIUM,0.507,97,2026-07-01T00:00:00
CURR00049,1ZYKOQ2VCRGTN8QXCT,LOC049,LOC027,LOC012,RT-LOC049-LOC050-LOC016,PROCESSING,Low,Standard,11.12,2026-07-01T10:38:10.608610,2026-07-01T11:41:10.608610,2.85,LOW,0.284,63,2026-07-01T00:00:00
CURR00050,1Z17SC0R5050JSX5KB,LOC053,LOC004,LOC004,RT-LOC053-LOC004,IN_TRANSIT,High,Standard,28.87,2026-06-29T06:36:28.366333,2026-06-29T08:18:28.366333,3.53,MEDIUM,0.563,102,2026-07-01T00:00:00
CURR00051,1ZJFQMQSPD8QQYHTNR,LOC003,LOC050,LOC002,RT-LOC003-LOC007-LOC006,IN_TRANSIT,Critical,Priority,55.01,2026-06-29T21:45:00.977832,2026-06-29T22:37:00.977832,3.11,MEDIUM,0.36,52,2026-07-01T00:00:00
CURR00052,1ZEFIWU0FRNKVRMCLA,LOC067,LOC066,LOC064,RT-LOC067-LOC064-LOC066,IN_TRANSIT,Normal,Express,60.18,2026-06-30T20:10:19.861299,2026-06-30T22:03:19.861299,3.68,MEDIUM,0.529,113,2026-07-01T00:00:00
CURR00053,1Z6C82M1PRY0REKKNB,LOC003,LOC027,LOC013,RT-LOC003-LOC007-LOC006,OUT_FOR_DELIVERY,Low,Standard,19.5,2026-07-01T09:01:03.530786,2026-07-01T10:49:03.530786,4.15,MEDIUM,0.621,108,2026-07-01T00:00:00
CURR00054,1Z6KMF8UHI90APITVA,LOC042,LOC037,LOC038,RT-LOC042-LOC047-LOC038,IN_TRANSIT,Normal,International,58.87,2026-06-29T17:35:35.023293,2026-06-29T21:35:35.023293,4.32,MEDIUM,0.741,240,2026-07-01T00:00:00
CURR00055,1ZWO8SH5WOYIOUFIVF,LOC037,LOC052,LOC030,RT-LOC037-LOC038-LOC045,IN_TRANSIT,High,Priority,70.15,2026-06-30T12:56:43.347433,2026-06-30T13:05:43.347433,2.72,LOW,0.272,9,2026-07-01T00:00:00
CURR00056,1Z24KPUWOS6E8HZCTX,LOC044,LOC037,LOC038,RT-LOC044-LOC074-LOC045,DELAYED,Normal,Express,25.35,2026-06-29T15:38:17.653963,2026-06-29T17:14:17.653963,3.94,MEDIUM,0.472,96,2026-07-01T00:00:00
CURR00057,1ZATE8ARYWLONH9DS5,LOC034,LOC022,LOC018,RT-LOC034-LOC032-LOC065,PROCESSING,Normal,Standard,30.15,2026-06-30T17:06:44.884010,2026-06-30T17:45:44.884010,3.37,MEDIUM,0.407,39,2026-07-01T00:00:00
CURR00058,1ZBJ02R4VUTKMWY5K0,LOC031,LOC043,LOC015,RT-LOC031-LOC069-LOC015,DELAYED,Critical,Standard,13.01,2026-07-01T13:53:19.936055,2026-07-01T16:08:19.936055,5.14,HIGH,0.679,135,2026-07-01T00:00:00
CURR00059,1ZCI59NQEVRY7221DC,LOC044,LOC008,LOC019,RT-LOC044-LOC074-LOC045,IN_TRANSIT,Normal,Express,43.45,2026-06-30T12:01:16.500227,2026-06-30T13:03:16.500227,3.07,MEDIUM,0.367,62,2026-07-01T00:00:00
CURR00060,1ZOCBY7AGNWXQ4PM0O,LOC041,LOC055,LOC030,RT-LOC041-LOC042-LOC047,IN_TRANSIT,Normal,Express,3.21,2026-06-30T13:43:38.910970,2026-06-30T14:50:38.910970,3.48,MEDIUM,0.418,67,2026-07-01T00:00:00
CURR00061,1Z7ZT5M6P40XQVBXRD,LOC068,LOC044,LOC074,RT-LOC068-LOC069-LOC015,OUT_FOR_DELIVERY,Low,Express,157.1,2026-07-01T21:51:16.678635,2026-07-01T22:21:16.678635,2.34,LOW,0.264,30,2026-07-01T00:00:00
CURR00062,1ZEK8TL3U4NEUN46AS,LOC035,LOC044,LOC047,RT-LOC035-LOC037-LOC038,OUT_FOR_DELIVERY,High,Temperature Sensitive,13.77,2026-07-01T06:28:15.498474,2026-07-01T07:35:15.498474,4.03,MEDIUM,0.431,67,2026-07-01T00:00:00
CURR00063,1ZB175QDXNUG4LXUUU,LOC070,LOC053,LOC002,RT-LOC070-LOC016-LOC030,DELAYED,Critical,Standard,8.39,2026-06-30T19:56:27.475746,2026-06-30T21:04:27.475746,3.99,MEDIUM,0.509,68,2026-07-01T00:00:00
CURR00064,1ZMRNDHY0IFL7D1ESX,LOC008,LOC046,LOC033,RT-LOC008-LOC009-LOC010,IN_TRANSIT,High,Priority,36.57,2026-07-01T19:05:32.692274,2026-07-01T22:17:32.692274,4.25,MEDIUM,0.629,192,2026-07-01T00:00:00
CURR00065,1Z5PNQ8LOJNOZ0A6Y2,LOC063,LOC029,LOC002,RT-LOC063-LOC061-LOC060,DELAYED,Low,Standard,44.43,2026-06-29T10:32:46.052165,2026-06-29T13:09:46.052165,4.38,MEDIUM,0.598,157,2026-07-01T00:00:00
CURR00066,1Z1QX8YUA2YUH5VB5D,LOC034,LOC018,LOC067,RT-LOC034-LOC032-LOC065,OUT_FOR_DELIVERY,Normal,Express,74.48,2026-06-30T17:36:27.348544,2026-06-30T19:06:27.348544,3.26,MEDIUM,0.414,90,2026-07-01T00:00:00
CURR00067,1ZUPE1UGO5WPZMIJR2,LOC023,LOC027,LOC024,RT-LOC023-LOC019-LOC013,DELAYED,Low,Fragile,1.02,2026-06-30T15:45:07.402458,2026-06-30T17:25:07.402458,3.68,MEDIUM,0.474,100,2026-07-01T00:00:00
CURR00068,1Z09CLMUVJ17XC9RWS,LOC034,LOC002,LOC018,RT-LOC034-LOC032-LOC065,IN_TRANSIT,Normal,Fragile,63.49,2026-06-30T21:49:10.411077,2026-07-01T00:20:10.411077,3.7,MEDIUM,0.578,151,2026-07-01T00:00:00
CURR00069,1Z0HWH0UCU11TSS1OY,LOC064,LOC036,LOC035,RT-LOC064-LOC065-LOC032,IN_TRANSIT,Normal,Standard,20.8,2026-06-29T17:19:29.290646,2026-06-29T19:04:29.290646,4.28,MEDIUM,0.577,105,2026-07-01T00:00:00
CURR00070,1ZM9BKME1RVQQJ7PSA,LOC030,LOC066,LOC067,RT-LOC030-LOC067-LOC064,IN_TRANSIT,Normal,Temperature Sensitive,7.69,2026-06-30T03:13:51.463243,2026-06-30T05:15:51.463243,3.8,MEDIUM,0.514,122,2026-07-01T00:00:00
CURR00071,1ZJPNILM0B06EOZUFZ,LOC060,LOC004,LOC003,RT-LOC060-LOC059-LOC006,IN_TRANSIT,Low,Standard,58.45,2026-06-30T22:53:12.861626,2026-07-01T00:27:12.861626,3.07,MEDIUM,0.375,94,2026-07-01T00:00:00
CURR00072,1ZPH961EPDIU95K57R,LOC054,LOC065,LOC013,RT-LOC054-LOC009-LOC010,DELAYED,Normal,Fragile,9.14,2026-07-01T04:27:45.424204,2026-07-01T07:25:45.424204,5.26,HIGH,0.665,178,2026-07-01T00:00:00
CURR00073,1ZAII6UNI616HI3S92,LOC007,LOC047,LOC065,RT-LOC007-LOC006-LOC059,PROCESSING,High,Priority,24.42,2026-06-30T20:06:32.838860,2026-07-01T00:01:32.838860,5.28,HIGH,0.756,235,2026-07-01T00:00:00
CURR00074,1ZQ014WTJCQT1C0XXZ,LOC016,LOC067,LOC067,RT-LOC016-LOC030-LOC067,DELAYED,Normal,Standard,12.07,2026-06-30T22:39:26.647337,2026-07-01T00:03:26.647337,4.02,MEDIUM,0.531,84,2026-07-01T00:00:00
CURR00075,1ZUUN12J5F7Z4DVZHA,LOC043,LOC021,LOC069,RT-LOC043-LOC074-LOC045,IN_TRANSIT,Low,International,42.07,2026-07-01T10:09:46.500429,2026-07-01T12:14:46.500429,2.92,LOW,0.502,125,2026-07-01T00:00:00
CURR00076,1ZBX7WLVBVOBVHSYE1,LOC042,LOC014,LOC015,RT-LOC042-LOC047-LOC038,IN_TRANSIT,Normal,Express,68.6,2026-06-30T03:55:33.044599,2026-06-30T06:12:33.044599,4.08,MEDIUM,0.509,137,2026-07-01T00:00:00
CURR00077,1ZKV97OVL42NYUQZCG,LOC062,LOC055,LOC021,RT-LOC062-LOC018-LOC019,IN_TRANSIT,Normal,Standard,19.41,2026-07-01T01:54:50.682143,2026-07-01T04:00:50.682143,4.53,MEDIUM,0.576,126,2026-07-01T00:00:00
CURR00078,1ZV3AYS9JL0FHAHBG9,LOC001,LOC073,LOC015,RT-LOC001-LOC051-LOC028,IN_TRANSIT,Normal,Fragile,242.76,2026-07-01T15:00:17.540517,2026-07-01T15:15:17.540517,3.71,MEDIUM,0.439,15,2026-07-01T00:00:00
CURR00079,1Z271SQXMV7ZFB760K,LOC022,LOC069,LOC051,RT-LOC022-LOC021-LOC004,PROCESSING,Low,International,12.67,2026-06-30T19:15:36.196932,2026-06-30T20:20:36.196932,3.19,MEDIUM,0.358,65,2026-07-01T00:00:00
CURR00080,1ZHTIVZXL8SWPLWX81,LOC007,LOC029,LOC002,RT-LOC007-LOC006-LOC059,IN_TRANSIT,Low,Express,88.32,2026-06-30T00:35:26.202411,2026-06-30T02:07:26.202411,2.85,LOW,0.464,92,2026-07-01T00:00:00
CURR00081,1Z9HT1POGWXDGSJ83H,LOC026,LOC044,LOC047,RT-LOC026-LOC027-LOC063,OUT_FOR_DELIVERY,High,Fragile,66.98,2026-06-30T23:47:08.623465,2026-07-01T01:26:08.623465,4.24,MEDIUM,0.452,99,2026-07-01T00:00:00
CURR00082,1ZKUDXCTJ7VI3IA235,LOC010,LOC028,LOC007,RT-LOC010-LOC020-LOC021,IN_TRANSIT,Normal,Standard,10.09,2026-07-01T05:22:26.593765,2026-07-01T06:02:26.593765,3.63,MEDIUM,0.448,40,2026-07-01T00:00:00
CURR00083,1ZCN7IV8J1NA2N3ZU8,LOC014,LOC009,LOC018,RT-LOC014-LOC032-LOC065,IN_TRANSIT,Critical,Fragile,25.18,2026-06-30T22:02:18.076696,2026-06-30T22:32:18.076696,2.72,LOW,0.254,30,2026-07-01T00:00:00
CURR00084,1Z40ZHP94J5BFH4USD,LOC013,LOC054,LOC021,RT-LOC013-LOC019-LOC022,PROCESSING,Low,Priority,143.39,2026-06-30T21:17:15.174578,2026-06-30T21:41:15.174578,4.1,MEDIUM,0.567,24,2026-07-01T00:00:00
CURR00085,1ZRNRK5MP6P6BG0CZD,LOC043,LOC031,LOC069,RT-LOC043-LOC074-LOC045,PROCESSING,High,Priority,76.91,2026-06-30T16:42:19.709409,2026-06-30T17:50:19.709409,3.69,MEDIUM,0.429,68,2026-07-01T00:00:00
CURR00086,1ZXT67Z3LQG4Q8F1N8,LOC007,LOC075,LOC029,RT-LOC007-LOC006-LOC059,DELAYED,Normal,Express,362.36,2026-06-30T15:39:03.961156,2026-06-30T16:44:03.961156,3.81,MEDIUM,0.465,65,2026-07-01T00:00:00
CURR00087,1ZEO8WZKZ0110302G6,LOC022,LOC042,LOC032,RT-LOC022-LOC021-LOC020,PROCESSING,Critical,Fragile,20.76,2026-07-01T09:33:32.983526,2026-07-01T11:36:32.983526,4.12,MEDIUM,0.56,123,2026-07-01T00:00:00
CURR00088,1ZDWUQZA84D88J0T4Z,LOC075,LOC012,LOC069,RT-LOC075-LOC044-LOC074,PROCESSING,Low,Express,59.91,2026-07-01T06:01:11.070975,2026-07-01T06:41:11.070975,3.41,MEDIUM,0.43,40,2026-07-01T00:00:00
CURR00089,1Z635PJTMVDFE1Q6CC,LOC019,LOC026,LOC013,RT-LOC019-LOC013-LOC024,PROCESSING,Normal,Standard,7.85,2026-06-29T15:32:35.049172,2026-06-29T17:10:35.049172,1.98,LOW,0.368,98,2026-07-01T00:00:00
CURR00090,1Z2HMH8DF72U3PB4T2,LOC044,LOC066,LOC067,RT-LOC044-LOC074-LOC045,IN_TRANSIT,Normal,Express,132.84,2026-06-30T23:30:03.230960,2026-07-01T00:34:03.230960,2.76,LOW,0.329,64,2026-07-01T00:00:00
CURR00091,1ZOUSE7A6THH69CEBT,LOC009,LOC022,LOC010,RT-LOC009-LOC010-LOC020,PROCESSING,High,Fragile,6.1,2026-06-30T01:15:41.814890,2026-06-30T01:53:41.814890,2.79,LOW,0.308,38,2026-07-01T00:00:00
CURR00092,1Z7OLOSYZ41MUJFQA0,LOC032,LOC022,LOC019,RT-LOC032-LOC065-LOC067,PROCESSING,Normal,Standard,24.84,2026-06-30T18:43:31.291055,2026-06-30T19:25:31.291055,3.43,MEDIUM,0.448,42,2026-07-01T00:00:00
CURR00093,1Z03ECM450UHYGPZ7N,LOC002,LOC010,LOC009,RT-LOC002-LOC006-LOC003,PROCESSING,Normal,Standard,16.79,2026-06-29T15:49:55.994915,2026-06-29T18:23:55.994915,3.84,MEDIUM,0.508,154,2026-07-01T00:00:00
CURR00094,1Z2UOVH5KWLJKNRQ9X,LOC001,LOC073,LOC028,RT-LOC001-LOC051-LOC028,IN_TRANSIT,High,Express,146.9,2026-07-01T09:38:07.209952,2026-07-01T11:48:07.209952,4.09,MEDIUM,0.541,130,2026-07-01T00:00:00
CURR00095,1Z7DTDO4YTVDJK2WEU,LOC032,LOC004,LOC012,RT-LOC032-LOC065-LOC067,PROCESSING,Normal,International,19.89,2026-07-01T04:32:33.681858,2026-07-01T05:46:33.681858,3.24,MEDIUM,0.437,74,2026-07-01T00:00:00
CURR00096,1ZZ3DF9O3AT54WK92O,LOC012,LOC024,LOC061,RT-LOC012-LOC018-LOC061,PROCESSING,High,Express,8.21,2026-06-29T18:25:15.420562,2026-06-29T19:39:15.420562,3.39,MEDIUM,0.411,74,2026-07-01T00:00:00
CURR00097,1Z8D67UQOQ00AFIKEA,LOC018,LOC062,LOC062,RT-LOC018-LOC062,OUT_FOR_DELIVERY,Normal,International,10.89,2026-06-29T22:33:47.927128,2026-06-29T23:20:47.927128,3.2,MEDIUM,0.359,47,2026-07-01T00:00:00
CURR00098,1ZTEVCKPWGQOM4JJ9C,LOC045,LOC009,LOC019,RT-LOC045-LOC015-LOC069,OUT_FOR_DELIVERY,Normal,Express,83.15,2026-06-30T15:35:45.062735,2026-06-30T17:32:45.062735,3.76,MEDIUM,0.489,117,2026-07-01T00:00:00
CURR00099,1Z5BCNYNHVBKLTZS7K,LOC038,LOC065,LOC067,RT-LOC038-LOC045-LOC015,PROCESSING,Critical,Fragile,33.23,2026-06-29T21:15:56.893159,2026-06-29T21:52:56.893159,3.74,MEDIUM,0.468,37,2026-07-01T00:00:00
CURR00100,1ZQ67AM52VX7VRXE6C,LOC063,LOC066,LOC063,RT-LOC063-LOC066,IN_TRANSIT,Normal,Standard,15.48,2026-06-29T19:29:22.300766,2026-06-29T20:45:22.300766,3.42,MEDIUM,0.446,76,2026-07-01T00:00:00
CURR00101,1Z4VNA6VQKIXAEHX8L,LOC032,LOC050,LOC070,RT-LOC032-LOC033-LOC014,IN_TRANSIT,Low,Express,71.44,2026-06-30T01:18:47.041463,2026-06-30T02:31:47.041463,3.32,MEDIUM,0.431,73,2026-07-01T00:00:00
CURR00102,1ZX1E6JSYEXQGSL8O7,LOC048,LOC012,LOC069,RT-LOC048-LOC036-LOC015,IN_TRANSIT,Low,Standard,70.44,2026-07-01T18:41:24.864906,2026-07-01T21:16:24.864906,4.88,MEDIUM,0.641,155,2026-07-01T00:00:00
CURR00103,1ZQOPPLYUPEILJUCMC,LOC071,LOC029,LOC050,RT-LOC071-LOC050-LOC051,PROCESSING,High,Standard,12.41,2026-06-29T09:32:20.125614,2026-06-29T10:15:20.125614,2.93,LOW,0.362,43,2026-07-01T00:00:00
CURR00104,1ZU6C1UUPWO5B7HKBQ,LOC018,LOC037,LOC066,RT-LOC018-LOC062-LOC066,PROCESSING,High,Express,20.82,2026-06-30T15:17:51.805553,2026-06-30T18:08:51.805553,3.73,MEDIUM,0.552,171,2026-07-01T00:00:00
CURR00105,1ZY8QUSX5AXZM8NJUQ,LOC022,LOC018,LOC059,RT-LOC022-LOC021-LOC004,IN_TRANSIT,Critical,Express,37.41,2026-06-29T19:11:08.817405,2026-06-29T20:31:08.817405,2.56,LOW,0.339,80,2026-07-01T00:00:00
CURR00106,1ZCB6MVVRT95GOK6ES,LOC041,LOC063,LOC012,RT-LOC041-LOC042-LOC047,IN_TRANSIT,Normal,International,5.77,2026-06-30T03:22:37.960997,2026-06-30T06:14:37.960997,3.6,MEDIUM,0.572,172,2026-07-01T00:00:00
CURR00107,1ZZ19UC3MII4BVSPIL,LOC067,LOC012,LOC067,RT-LOC067-LOC012,IN_TRANSIT,Critical,Temperature Sensitive,36.7,2026-06-29T19:42:10.745080,2026-06-29T22:09:10.745080,4.55,MEDIUM,0.593,147,2026-07-01T00:00:00
CURR00108,1Z2NTPX610TBA2T5VH,LOC043,LOC025,LOC030,RT-LOC043-LOC074-LOC045,IN_TRANSIT,High,Fragile,38.39,2026-06-30T14:17:21.647404,2026-06-30T15:09:21.647404,4.13,MEDIUM,0.492,52,2026-07-01T00:00:00
CURR00109,1ZRY2XDGBT82NF4835,LOC070,LOC039,LOC015,RT-LOC070-LOC069-LOC015,OUT_FOR_DELIVERY,Normal,Fragile,40.65,2026-06-30T10:36:52.835242,2026-06-30T11:34:52.835242,2.86,LOW,0.328,58,2026-07-01T00:00:00
CURR00110,1ZC27Z3LHAY9A7CVFY,LOC005,LOC042,LOC035,RT-LOC005-LOC018-LOC062,DELAYED,Normal,International,33.97,2026-06-30T09:03:55.684817,2026-06-30T10:47:55.684817,3.48,MEDIUM,0.472,104,2026-07-01T00:00:00
CURR00111,1ZBPR4P3R66O3E79YU,LOC073,LOC049,LOC070,RT-LOC073-LOC045-LOC015,PROCESSING,Low,Standard,43.69,2026-06-29T23:28:42.237080,2026-06-30T00:34:42.237080,3.19,MEDIUM,0.367,66,2026-07-01T00:00:00
CURR00112,1Z27COA4K9UVM2FI32,LOC004,LOC064,LOC006,RT-LOC004-LOC007-LOC006,IN_TRANSIT,Normal,Express,25.24,2026-06-29T23:35:12.925676,2026-06-30T00:41:12.925676,4.06,MEDIUM,0.552,66,2026-07-01T00:00:00
CURR00113,1ZXNS78MBM9E8VAAZ9,LOC019,LOC035,LOC062,RT-LOC019-LOC013-LOC062,PROCESSING,Normal,Temperature Sensitive,53.64,2026-07-01T01:21:07.038812,2026-07-01T02:32:07.038812,3.58,MEDIUM,0.453,71,2026-07-01T00:00:00
CURR00114,1ZV3CH8DX41TFGBYLO,LOC051,LOC027,LOC012,RT-LOC051-LOC028-LOC050,IN_TRANSIT,Normal,Standard,6.57,2026-06-29T23:15:25.987207,2026-06-30T01:34:25.987207,3.59,MEDIUM,0.545,139,2026-07-01T00:00:00
CURR00115,1ZT30V4N0VRDH1JG3C,LOC063,LOC003,LOC006,RT-LOC063-LOC061-LOC060,PROCESSING,High,Standard,57.87,2026-06-30T03:20:59.006041,2026-06-30T04:36:59.006041,3.1,MEDIUM,0.497,76,2026-07-01T00:00:00
CURR00116,1Z90HE3SSM8OYVA2ZE,LOC021,LOC041,LOC062,RT-LOC021-LOC020-LOC023,DELAYED,Normal,Standard,103.73,2026-07-01T19:18:00.298035,2026-07-01T21:17:00.298035,4.96,MEDIUM,0.651,119,2026-07-01T00:00:00
CURR00117,1ZRZUAOC82H7OSHT4N,LOC070,LOC063,LOC012,RT-LOC070-LOC016-LOC030,OUT_FOR_DELIVERY,Normal,Temperature Sensitive,70.59,2026-06-30T18:37:22.860758,2026-06-30T21:06:22.860758,4.1,MEDIUM,0.577,149,2026-07-01T00:00:00
CURR00118,1ZZVVW4G4A5L215NHP,LOC018,LOC004,LOC021,RT-LOC018-LOC019-LOC022,IN_TRANSIT,Normal,Express,64.84,2026-06-30T06:11:03.151140,2026-06-30T06:27:03.151140,2.81,LOW,0.32,16,2026-07-01T00:00:00
CURR00119,1ZZQ547DL905MFG40U,LOC040,LOC005,LOC016,RT-LOC040-LOC038-LOC045,DELAYED,Low,International,41.98,2026-06-30T15:10:45.240402,2026-06-30T18:10:45.240402,3.64,MEDIUM,0.716,180,2026-07-01T00:00:00
CURR00120,1ZNQIWPL48J3WJ07PR,LOC072,LOC012,LOC030,RT-LOC072-LOC028-LOC050,DELAYED,High,Express,18.06,2026-06-30T20:19:46.907200,2026-06-30T20:35:46.907200,3.93,MEDIUM,0.44,16,2026-07-01T00:00:00
CURR00121,1ZWUGFF7EGREP2G3MF,LOC054,LOC025,LOC023,RT-LOC054-LOC009-LOC010,OUT_FOR_DELIVERY,High,Priority,118.71,2026-07-01T10:53:12.817407,2026-07-01T12:22:12.817407,4.45,MEDIUM,0.561,89,2026-07-01T00:00:00
CURR00122,1ZWNIG9HV15P19M1HR,LOC011,LOC026,LOC023,RT-LOC011-LOC056-LOC054,IN_TRANSIT,Critical,Express,45.05,2026-07-01T04:37:48.706639,2026-07-01T06:12:48.706639,3.67,MEDIUM,0.465,95,2026-07-01T00:00:00
CURR00123,1ZY1U7Y4D6WAQGV05L,LOC009,LOC055,LOC055,RT-LOC009-LOC055,DELAYED,Normal,Fragile,210.62,2026-06-29T21:08:32.785212,2026-06-29T22:48:32.785212,3.52,MEDIUM,0.513,100,2026-07-01T00:00:00
CURR00124,1Z0VLPPHBMST90WCHI,LOC071,LOC024,LOC061,RT-LOC071-LOC050-LOC016,IN_TRANSIT,High,Fragile,35.58,2026-06-29T21:07:35.225199,2026-06-29T22:21:35.225199,3.42,MEDIUM,0.421,74,2026-07-01T00:00:00
CURR00125,1ZTDR5AGR20SFN0R27,LOC055,LOC054,LOC056,RT-LOC055-LOC056-LOC054,IN_TRANSIT,Normal,Fragile,35.6,2026-06-29T21:12:10.369692,2026-06-29T21:31:10.369692,2.65,LOW,0.277,19,2026-07-01T00:00:00
CURR00126,1ZN6DPATO7UW5NCY0S,LOC047,LOC059,LOC016,RT-LOC047-LOC038-LOC045,PROCESSING,Normal,Standard,46.03,2026-06-30T02:50:06.737544,2026-06-30T04:50:06.737544,4.62,MEDIUM,0.632,120,2026-07-01T00:00:00
CURR00127,1Z49M5JLMVIDX6GS50,LOC046,LOC013,LOC045,RT-LOC046-LOC047-LOC038,OUT_FOR_DELIVERY,Low,Express,11.89,2026-07-01T15:32:06.259675,2026-07-01T16:36:06.259675,3.51,MEDIUM,0.473,64,2026-07-01T00:00:00
CURR00128,1ZJQGRM2AT5VE09C01,LOC004,LOC031,LOC002,RT-LOC004-LOC007-LOC006,PROCESSING,Low,Express,3.34,2026-06-29T10:55:33.909004,2026-06-29T11:46:33.909004,3.43,MEDIUM,0.42,51,2026-07-01T00:00:00
CURR00129,1Z3RBYV091B9RP78B4,LOC018,LOC056,LOC021,RT-LOC018-LOC019-LOC022,OUT_FOR_DELIVERY,Critical,Express,21.03,2026-06-30T10:18:45.986153,2026-06-30T12:39:45.986153,4.79,MEDIUM,0.629,141,2026-07-01T00:00:00
CURR00130,1Z6QW6XPA4O1N9RAM8,LOC052,LOC028,LOC005,RT-LOC052-LOC007-LOC006,IN_TRANSIT,Normal,International,49.0,2026-06-30T19:23:47.789927,2026-06-30T21:34:47.789927,4.07,MEDIUM,0.513,131,2026-07-01T00:00:00
CURR00131,1ZFZPOTHY1COOWPKFQ,LOC028,LOC038,LOC067,RT-LOC028-LOC050-LOC016,IN_TRANSIT,Critical,International,144.28,2026-07-01T08:40:34.679214,2026-07-01T12:07:34.679214,4.7,MEDIUM,0.751,207,2026-07-01T00:00:00
CURR00132,1ZGBLQEO9A0KGNS5EZ,LOC020,LOC038,LOC066,RT-LOC020-LOC023-LOC019,IN_TRANSIT,Critical,Standard,70.26,2026-06-30T14:09:23.175780,2026-06-30T16:33:23.175780,3.53,MEDIUM,0.587,144,2026-07-01T00:00:00
CURR00133,1ZJVE4OALZXQFHTRGS,LOC041,LOC039,LOC047,RT-LOC041-LOC042-LOC047,DELAYED,Low,Express,35.15,2026-06-29T18:13:57.486957,2026-06-29T18:54:57.486957,3.12,MEDIUM,0.346,41,2026-07-01T00:00:00
CURR00134,1Z8XZ91BQJXIZAUCQK,LOC016,LOC026,LOC063,RT-LOC016-LOC030-LOC012,OUT_FOR_DELIVERY,High,Priority,28.16,2026-06-30T15:08:30.896135,2026-06-30T16:35:30.896135,3.63,MEDIUM,0.454,87,2026-07-01T00:00:00
CURR00135,1ZKC3DKCIW7VRHCH5K,LOC068,LOC073,LOC073,RT-LOC068-LOC069-LOC015,IN_TRANSIT,High,Express,35.36,2026-07-01T16:23:10.175781,2026-07-01T18:33:10.175781,4.6,MEDIUM,0.584,130,2026-07-01T00:00:00
CURR00136,1Z4XNY4S22PNN9OYZ1,LOC004,LOC016,LOC005,RT-LOC004-LOC007-LOC006,DELAYED,Normal,Express,16.54,2026-06-30T13:12:06.007360,2026-06-30T16:59:06.007360,4.84,MEDIUM,0.695,227,2026-07-01T00:00:00
CURR00137,1ZHJ0DZIB7GS35Q20Q,LOC067,LOC065,LOC065,RT-LOC067-LOC065,IN_TRANSIT,Normal,Standard,5.79,2026-06-30T06:08:51.131420,2026-06-30T07:00:51.131420,2.01,LOW,0.312,52,2026-07-01T00:00:00
CURR00138,1Z3QPLIH34K5I2COVC,LOC037,LOC075,LOC038,RT-LOC037-LOC038-LOC045,DELAYED,High,Express,20.99,2026-06-29T22:47:17.564576,2026-06-29T23:10:17.564576,3.14,MEDIUM,0.428,23,2026-07-01T00:00:00
CURR00139,1ZQIQ5CVRM94PZ0U1N,LOC034,LOC060,LOC012,RT-LOC034-LOC032-LOC065,IN_TRANSIT,Normal,Standard,5.91,2026-06-30T11:14:25.785202,2026-06-30T13:59:25.785202,4.47,MEDIUM,0.645,165,2026-07-01T00:00:00
CURR00140,1ZGSPI3LCJ2ROENYJJ,LOC048,LOC036,LOC036,RT-LOC048-LOC036,DELAYED,Critical,International,87.13,2026-06-29T12:29:16.920562,2026-06-29T13:36:16.920562,2.64,LOW,0.356,67,2026-07-01T00:00:00
CURR00141,1Z4JFZZEZ8LGB71K09,LOC018,LOC049,LOC002,RT-LOC018-LOC059-LOC005,IN_TRANSIT,High,Express,21.97,2026-06-29T21:42:46.965006,2026-06-29T22:34:46.965006,2.87,LOW,0.355,52,2026-07-01T00:00:00
CURR00142,1Z21P4T2C0MCFHFZQQ,LOC034,LOC043,LOC035,RT-LOC034-LOC033-LOC035,PROCESSING,Normal,Fragile,55.61,2026-07-01T12:07:13.962772,2026-07-01T14:15:13.962772,4.61,MEDIUM,0.534,128,2026-07-01T00:00:00
CURR00143,1Z6S8Q5L108FZ449PE,LOC069,LOC050,LOC049,RT-LOC069-LOC070-LOC049,PROCESSING,Low,Standard,57.4,2026-06-29T16:02:03.872941,2026-06-29T18:20:03.872941,4.19,MEDIUM,0.571,138,2026-07-01T00:00:00
CURR00144,1Z1AJZP7AG90P1KPMA,LOC017,LOC025,LOC024,RT-LOC017-LOC059-LOC060,IN_TRANSIT,Normal,Priority,114.2,2026-06-30T07:06:38.511946,2026-06-30T08:40:38.511946,3.39,MEDIUM,0.413,94,2026-07-01T00:00:00
CURR00145,1ZM3X1P3E7QDJZWLU1,LOC064,LOC061,LOC018,RT-LOC064-LOC012-LOC018,IN_TRANSIT,Normal,Standard,5.68,2026-06-30T05:20:27.159766,2026-06-30T06:20:27.159766,3.46,MEDIUM,0.498,60,2026-07-01T00:00:00
CURR00146,1ZRFC687EXDDJEAYTY,LOC067,LOC018,LOC012,RT-LOC067-LOC012-LOC018,IN_TRANSIT,Critical,Standard,55.3,2026-06-30T19:20:37.256511,2026-06-30T21:53:37.256511,4.32,MEDIUM,0.591,153,2026-07-01T00:00:00
CURR00147,1Z4Q33F2AYIQSBCNN7,LOC006,LOC010,LOC052,RT-LOC006-LOC003-LOC007,OUT_FOR_DELIVERY,Normal,Temperature Sensitive,253.24,2026-06-29T08:46:51.159259,2026-06-29T10:31:51.159259,3.59,MEDIUM,0.418,105,2026-07-01T00:00:00
CURR00148,1ZVNBPSNI0U1UKA4WI,LOC062,LOC073,LOC033,RT-LOC062-LOC066-LOC065,IN_TRANSIT,Normal,Express,73.12,2026-06-30T03:03:15.234110,2026-06-30T04:19:15.234110,3.29,MEDIUM,0.437,76,2026-07-01T00:00:00
CURR00149,1Z9Y0GDYSVU8PDQOCR,LOC017,LOC025,LOC013,RT-LOC017-LOC059-LOC060,IN_TRANSIT,Low,International,7.31,2026-06-30T06:26:18.575079,2026-06-30T08:16:18.575079,4.63,MEDIUM,0.622,110,2026-07-01T00:00:00
CURR00150,1ZZQ2HMUVJLPUCJ1WB,LOC045,LOC051,LOC070,RT-LOC045-LOC015-LOC069,IN_TRANSIT,Normal,Express,43.39,2026-07-01T07:37:23.148042,2026-07-01T09:12:23.148042,3.13,MEDIUM,0.38,95,2026-07-01T00:00:00
CURR00151,1ZIPU21TDLTMO4CD7F,LOC062,LOC050,LOC005,RT-LOC062-LOC061-LOC060,IN_TRANSIT,Critical,Temperature Sensitive,194.78,2026-07-01T04:12:03.616208,2026-07-01T05:38:03.616208,4.64,MEDIUM,0.545,86,2026-07-01T00:00:00
CURR00152,1ZUXPDZM2BMU1X372J,LOC010,LOC014,LOC065,RT-LOC010-LOC020-LOC023,PROCESSING,Normal,Express,5.25,2026-06-29T22:55:59.572793,2026-06-30T02:22:59.572793,3.95,MEDIUM,0.622,207,2026-07-01T00:00:00
CURR00153,1Z88KG2XL4GVUR16EY,LOC074,LOC042,LOC044,RT-LOC074-LOC075-LOC044,DELAYED,Low,Fragile,26.21,2026-06-30T00:14:10.110970,2026-06-30T00:36:10.110970,3.13,MEDIUM,0.397,22,2026-07-01T00:00:00
CURR00154,1Z5R8MY648FMLBRHPK,LOC048,LOC001,LOC016,RT-LOC048-LOC036-LOC015,IN_TRANSIT,Normal,Priority,2.8,2026-06-30T23:09:13.576316,2026-06-30T23:49:13.576316,3.45,MEDIUM,0.402,40,2026-07-01T00:00:00
CURR00155,1ZDSWZPJF6LXQUL4XW,LOC015,LOC066,LOC067,RT-LOC015-LOC069-LOC016,PROCESSING,High,Standard,63.17,2026-06-29T18:20:07.667699,2026-06-29T18:30:07.667699,2.13,LOW,0.232,10,2026-07-01T00:00:00
CURR00156,1Z4AJHLS1ETS7OLZLL,LOC046,LOC017,LOC045,RT-LOC046-LOC047-LOC038,DELAYED,Normal,Express,37.88,2026-06-30T21:16:25.438936,2026-06-30T22:21:25.438936,2.43,LOW,0.324,65,2026-07-01T00:00:00
CURR00157,1ZWX89J43ODQST3QJD,LOC073,LOC001,LOC069,RT-LOC073-LOC045-LOC015,IN_TRANSIT,Low,Fragile,123.09,2026-07-01T16:24:24.256275,2026-07-01T19:45:24.256275,5.24,HIGH,0.898,201,2026-07-01T00:00:00
CURR00158,1ZGXGS154LSX19PLJL,LOC005,LOC059,LOC005,RT-LOC005-LOC059,OUT_FOR_DELIVERY,Normal,Fragile,55.62,2026-06-29T11:31:44.686573,2026-06-29T13:45:44.686573,3.19,MEDIUM,0.551,134,2026-07-01T00:00:00
CURR00159,1Z3WHNR9BH4BES5L7B,LOC043,LOC051,LOC015,RT-LOC043-LOC074-LOC045,OUT_FOR_DELIVERY,High,Standard,4.22,2026-06-30T05:57:39.959053,2026-06-30T06:50:39.959053,4.12,MEDIUM,0.544,53,2026-07-01T00:00:00
CURR00160,1ZNMY5BESD43BOLX9W,LOC050,LOC058,LOC009,RT-LOC050-LOC051-LOC029,IN_TRANSIT,High,International,70.97,2026-07-01T01:14:29.533381,2026-07-01T02:24:29.533381,3.65,MEDIUM,0.431,70,2026-07-01T00:00:00
CURR00161,1ZD9EZR7XAY8J8CQR3,LOC067,LOC005,LOC018,RT-LOC067-LOC012-LOC018,IN_TRANSIT,Low,International,84.44,2026-06-29T13:54:31.396632,2026-06-29T15:22:31.396632,4.17,MEDIUM,0.462,88,2026-07-01T00:00:00
CURR00162,1ZRQTCGZUFCKLZ0H4N,LOC057,LOC071,LOC004,RT-LOC057-LOC055-LOC008,IN_TRANSIT,High,International,69.99,2026-06-30T18:18:27.877935,2026-06-30T19:34:27.877935,3.62,MEDIUM,0.425,76,2026-07-01T00:00:00
CURR00163,1Z5999P7EB40EIYTZH,LOC021,LOC022,LOC021,RT-LOC021-LOC022,DELAYED,High,Priority,21.43,2026-06-29T01:59:48.110896,2026-06-29T04:05:48.110896,4.46,MEDIUM,0.597,126,2026-07-01T00:00:00
CURR00164,1ZOELQE9L7TNW7ZPPS,LOC006,LOC044,LOC015,RT-LOC006-LOC059-LOC005,PROCESSING,Normal,International,251.05,2026-07-01T14:17:44.122778,2026-07-01T14:55:44.122778,3.66,MEDIUM,0.388,38,2026-07-01T00:00:00
CURR00165,1Z76L6TMTVPQSIZI2G,LOC043,LOC023,LOC016,RT-LOC043-LOC074-LOC045,IN_TRANSIT,High,Express,33.76,2026-07-01T10:06:56.887560,2026-07-01T10:51:56.887560,3.54,MEDIUM,0.371,45,2026-07-01T00:00:00
CURR00166,1ZJCJ1LXJVK2AB7HGS,LOC001,LOC038,LOC030,RT-LOC001-LOC051-LOC028,IN_TRANSIT,High,Standard,44.12,2026-07-01T11:23:49.098492,2026-07-01T14:21:49.098492,4.89,MEDIUM,0.652,178,2026-07-01T00:00:00
CURR00167,1Z6P2NUPE6L2TFPWTD,LOC042,LOC025,LOC069,RT-LOC042-LOC047-LOC038,PROCESSING,Normal,International,39.32,2026-06-30T15:28:51.139198,2026-06-30T17:12:51.139198,3.98,MEDIUM,0.482,104,2026-07-01T00:00:00
CURR00168,1Z3M8M8F7UPKQQR9KX,LOC004,LOC027,LOC013,RT-LOC004-LOC007-LOC006,IN_TRANSIT,Low,Fragile,85.95,2026-06-29T22:58:44.796434,2026-06-29T23:56:44.796434,3.66,MEDIUM,0.4,58,2026-07-01T00:00:00
CURR00169,1Z2P9L5DZ4N09YZN05,LOC033,LOC069,LOC031,RT-LOC033-LOC014-LOC031,IN_TRANSIT,Normal,International,32.42,2026-07-01T05:28:02.048070,2026-07-01T06:43:02.048070,2.89,LOW,0.402,75,2026-07-01T00:00:00
CURR00170,1ZJO19S9HTY39T3YW2,LOC047,LOC048,LOC038,RT-LOC047-LOC038-LOC048,DELAYED,Critical,Standard,69.48,2026-06-30T14:41:45.798634,2026-06-30T15:01:45.798634,2.39,LOW,0.281,20,2026-07-01T00:00:00
CURR00171,1Z4HFELP1NKSRIFABO,LOC030,LOC029,LOC002,RT-LOC030-LOC002-LOC029,OUT_FOR_DELIVERY,Normal,Express,28.76,2026-06-29T20:11:46.148311,2026-06-29T20:27:46.148311,2.22,LOW,0.242,16,2026-07-01T00:00:00
CURR00172,1ZSU9IBENRDX3PYPBM,LOC045,LOC061,LOC012,RT-LOC045-LOC015-LOC069,DELAYED,High,Standard,11.1,2026-06-30T05:18:57.499503,2026-06-30T08:11:57.499503,3.4,MEDIUM,0.659,173,2026-07-01T00:00:00
CURR00173,1ZURAFA7QGL9HSSO2Q,LOC007,LOC010,LOC010,RT-LOC007-LOC052-LOC009,IN_TRANSIT,High,Standard,0.26,2026-06-29T13:39:16.850179,2026-06-29T15:58:16.850179,4.18,MEDIUM,0.561,139,2026-07-01T00:00:00
CURR00174,1Z6QVG2MAL2FWD6IT5,LOC017,LOC073,LOC016,RT-LOC017-LOC002-LOC029,IN_TRANSIT,Normal,Temperature Sensitive,55.13,2026-06-29T23:51:44.736999,2026-06-30T02:55:44.736999,4.14,MEDIUM,0.569,184,2026-07-01T00:00:00
CURR00175,1ZD939LDMJJUB6KV43,LOC068,LOC062,LOC018,RT-LOC068-LOC067-LOC012,OUT_FOR_DELIVERY,Critical,Priority,82.01,2026-06-29T16:04:08.456455,2026-06-29T16:47:08.456455,4.26,MEDIUM,0.615,43,2026-07-01T00:00:00
CURR00176,1Z4LFMYETWSZ2RK13F,LOC024,LOC052,LOC006,RT-LOC024-LOC013-LOC060,IN_TRANSIT,Low,Standard,31.53,2026-06-30T20:58:04.830360,2026-06-30T21:49:04.830360,4.38,MEDIUM,0.601,51,2026-07-01T00:00:00
CURR00177,1ZGZX0WEZSTWX9BRNY,LOC001,LOC053,LOC007,RT-LOC001-LOC007-LOC052,PROCESSING,High,Priority,35.9,2026-06-30T08:19:33.221985,2026-06-30T09:38:33.221985,3.28,MEDIUM,0.417,79,2026-07-01T00:00:00
CURR00178,1ZE40TBA4UAMG3TB7A,LOC072,LOC024,LOC016,RT-LOC072-LOC028-LOC050,IN_TRANSIT,Normal,Standard,77.4,2026-06-30T09:50:05.639599,2026-06-30T11:45:05.639599,3.15,MEDIUM,0.409,115,2026-07-01T00:00:00
CURR00179,1ZY1WV0CAL8P6WGJRN,LOC029,LOC038,LOC033,RT-LOC029-LOC051-LOC028,IN_TRANSIT,Critical,International,5.48,2026-07-01T03:23:12.641227,2026-07-01T05:29:12.641227,4.03,MEDIUM,0.558,126,2026-07-01T00:00:00
CURR00180,1Z2UKBRW7CQBYEI65I,LOC041,LOC045,LOC042,RT-LOC041-LOC042-LOC047,IN_TRANSIT,Critical,Standard,36.79,2026-06-29T16:05:51.823481,2026-06-29T17:19:51.823481,2.92,LOW,0.433,74,2026-07-01T00:00:00
CURR00181,1ZLD1A2WCQ0N86ABSL,LOC016,LOC019,LOC018,RT-LOC016-LOC030-LOC012,IN_TRANSIT,Critical,Priority,14.24,2026-06-30T03:06:20.426476,2026-06-30T03:55:20.426476,3.6,MEDIUM,0.484,49,2026-07-01T00:00:00
CURR00182,1ZVJ7E5RVP9CFGH5O9,LOC052,LOC032,LOC059,RT-LOC052-LOC007-LOC006,OUT_FOR_DELIVERY,Normal,Standard,112.38,2026-06-30T08:15:31.797041,2026-06-30T09:28:31.797041,5.01,HIGH,0.686,73,2026-07-01T00:00:00
CURR00183,1ZJVDGEFOAEGUEOFP6,LOC052,LOC058,LOC055,RT-LOC052-LOC009-LOC055,PROCESSING,Low,Temperature Sensitive,35.12,2026-06-30T17:56:21.383906,2026-06-30T19:22:21.383906,4.08,MEDIUM,0.443,86,2026-07-01T00:00:00
CURR00184,1ZT0J05Y7OIH3MLRJ4,LOC002,LOC073,LOC050,RT-LOC002-LOC029-LOC051,IN_TRANSIT,Normal,Fragile,178.48,2026-07-01T02:44:49.220125,2026-07-01T03:19:49.220125,2.54,LOW,0.271,35,2026-07-01T00:00:00
CURR00185,1Z6AAO3UM4GWL6AUWD,LOC025,LOC050,LOC002,RT-LOC025-LOC027-LOC063,PROCESSING,Normal,Standard,70.36,2026-06-29T13:11:29.432768,2026-06-29T13:45:29.432768,3.31,MEDIUM,0.381,34,2026-07-01T00:00:00
CURR00186,1ZWLCXLM7KC49VUKMR,LOC003,LOC044,LOC029,RT-LOC003-LOC007-LOC006,IN_TRANSIT,High,Express,9.78,2026-06-30T12:38:27.803844,2026-06-30T13:38:27.803844,2.77,LOW,0.33,60,2026-07-01T00:00:00
CURR00187,1Z832H2JCRSIYL5YCE,LOC006,LOC020,LOC007,RT-LOC006-LOC003-LOC007,DELAYED,Normal,Standard,10.0,2026-06-29T13:48:20.416280,2026-06-29T15:14:20.416280,3.66,MEDIUM,0.471,86,2026-07-01T00:00:00
CURR00188,1ZEKR6FQ058AQSOW6I,LOC036,LOC008,LOC021,RT-LOC036-LOC015-LOC069,IN_TRANSIT,Critical,Standard,1.48,2026-07-01T08:16:30.940739,2026-07-01T09:04:30.940739,2.27,LOW,0.317,48,2026-07-01T00:00:00
CURR00189,1ZX7JJ4J2RGSXU7LLC,LOC051,LOC044,LOC045,RT-LOC051-LOC028-LOC050,DELAYED,Low,International,16.82,2026-06-30T05:28:29.777320,2026-06-30T08:05:29.777320,3.14,MEDIUM,0.474,157,2026-07-01T00:00:00
CURR00190,1Z9B61D6PBHECHT8RS,LOC013,LOC037,LOC035,RT-LOC013-LOC062-LOC066,IN_TRANSIT,High,International,1.16,2026-07-01T09:20:25.812591,2026-07-01T11:49:25.812591,3.38,MEDIUM,0.416,149,2026-07-01T00:00:00
CURR00191,1ZBK5EBE6EC2XYXADC,LOC035,LOC069,LOC015,RT-LOC035-LOC036-LOC015,IN_TRANSIT,Critical,Express,104.1,2026-07-01T06:34:10.558079,2026-07-01T08:09:10.558079,3.75,MEDIUM,0.563,95,2026-07-01T00:00:00
CURR00192,1ZFUHAERAN5AZ2LQ6F,LOC061,LOC051,LOC059,RT-LOC061-LOC060-LOC059,OUT_FOR_DELIVERY,Low,Express,10.64,2026-06-29T16:24:40.881117,2026-06-29T16:46:40.881117,3.89,MEDIUM,0.48,22,2026-07-01T00:00:00
CURR00193,1ZWCIK6W19FFJD2TOS,LOC028,LOC041,LOC032,RT-LOC028-LOC050-LOC016,DELAYED,Normal,Standard,72.56,2026-07-01T23:36:18.633424,2026-07-02T00:23:18.633424,4.2,MEDIUM,0.583,47,2026-07-01T00:00:00
CURR00194,1Z8ENVF343JQLC6KHO,LOC004,LOC019,LOC020,RT-LOC004-LOC009-LOC010,OUT_FOR_DELIVERY,Low,Standard,7.09,2026-06-29T19:27:57.592522,2026-06-29T20:29:57.592522,3.58,MEDIUM,0.428,62,2026-07-01T00:00:00
CURR00195,1ZJEJY417BOR21IXVF,LOC014,LOC048,LOC035,RT-LOC014-LOC032-LOC033,IN_TRANSIT,High,Standard,51.36,2026-06-30T14:49:46.966549,2026-06-30T15:35:46.966549,3.65,MEDIUM,0.497,46,2026-07-01T00:00:00
CURR00196,1ZPYFFY1Q2HKI6Z7H7,LOC052,LOC073,LOC051,RT-LOC052-LOC007-LOC006,PROCESSING,Normal,Express,95.7,2026-07-01T17:28:48.718270,2026-07-01T21:30:48.718270,4.95,MEDIUM,0.858,242,2026-07-01T00:00:00
CURR00197,1Z74034OD4150VHKF4,LOC070,LOC023,LOC012,RT-LOC070-LOC016-LOC030,OUT_FOR_DELIVERY,High,International,108.52,2026-07-01T04:05:09.633665,2026-07-01T05:20:09.633665,3.9,MEDIUM,0.516,75,2026-07-01T00:00:00
CURR00198,1Z9IFBVI5MQLVOECTP,LOC022,LOC023,LOC023,RT-LOC022-LOC021-LOC020,IN_TRANSIT,Normal,Standard,91.13,2026-06-30T10:47:00.628425,2026-06-30T12:12:00.628425,2.99,LOW,0.4,85,2026-07-01T00:00:00
CURR00199,1ZSIOQ2H595T7QN7TK,LOC052,LOC056,LOC009,RT-LOC052-LOC009-LOC055,OUT_FOR_DELIVERY,Normal,Standard,140.55,2026-06-29T15:00:23.856323,2026-06-29T18:14:23.856323,4.0,MEDIUM,0.712,194,2026-07-01T00:00:00
CURR00200,1ZYFFTOCK0IC2STWGA,LOC015,LOC067,LOC016,RT-LOC015-LOC069-LOC016,IN_TRANSIT,Normal,Standard,6.23,2026-06-30T23:34:49.094564,2026-07-01T00:59:49.094564,3.8,MEDIUM,0.485,85,2026-07-01T00:00:00
CURR00201,1ZJFZBJPJBQ7TOUGU4,LOC047,LOC066,LOC067,RT-LOC047-LOC038-LOC045,OUT_FOR_DELIVERY,Low,Standard,89.26,2026-06-30T07:30:25.794092,2026-06-30T08:56:25.794092,3.54,MEDIUM,0.427,86,2026-07-01T00:00:00
CURR00202,1ZC34P5HQNFZAVWMCZ,LOC038,LOC060,LOC012,RT-LOC038-LOC045-LOC015,OUT_FOR_DELIVERY,Normal,Priority,55.96,2026-07-01T15:05:38.688227,2026-07-01T17:16:38.688227,3.58,MEDIUM,0.48,131,2026-07-01T00:00:00
CURR00203,1ZNG7ELAQ8EBI8F7F3,LOC018,LOC022,LOC018,RT-LOC018-LOC019-LOC022,IN_TRANSIT,Normal,Express,0.76,2026-06-29T11:55:54.487791,2026-06-29T14:17:54.487791,3.45,MEDIUM,0.536,142,2026-07-01T00:00:00
CURR00204,1ZGD0DQIPY7ESD3VPM,LOC059,LOC041,LOC033,RT-LOC059-LOC005-LOC018,PROCESSING,Normal,Express,82.6,2026-07-02T01:29:16.567217,2026-07-02T03:26:16.567217,4.34,MEDIUM,0.59,117,2026-07-01T00:00:00
CURR00205,1Z8N2I3KERJLDA4L2L,LOC022,LOC014,LOC013,RT-LOC022-LOC021-LOC020,IN_TRANSIT,Critical,Fragile,54.19,2026-06-30T02:07:23.508122,2026-06-30T03:22:23.508122,3.9,MEDIUM,0.494,75,2026-07-01T00:00:00
CURR00206,1Z5RWP3KBL7P359N2K,LOC068,LOC048,LOC065,RT-LOC068-LOC067-LOC065,DELAYED,Low,Fragile,14.26,2026-06-30T13:21:05.085711,2026-06-30T14:21:05.085711,2.63,LOW,0.296,60,2026-07-01T00:00:00
CURR00207,1Z5QT1CROMFQ0AYWIG,LOC069,LOC011,LOC021,RT-LOC069-LOC016-LOC030,IN_TRANSIT,Normal,Express,58.26,2026-06-30T10:52:20.231618,2026-06-30T12:43:20.231618,3.83,MEDIUM,0.479,111,2026-07-01T00:00:00
CURR00208,1Z815VPTX7UCPXU4LF,LOC063,LOC021,LOC022,RT-LOC063-LOC013-LOC019,IN_TRANSIT,Normal,International,70.64,2026-06-30T09:19:30.100013,2026-06-30T12:47:30.100013,4.34,MEDIUM,0.676,208,2026-07-01T00:00:00
CURR00209,1ZF9WT1W0W21HSPNH7,LOC019,LOC011,LOC021,RT-LOC019-LOC022-LOC021,IN_TRANSIT,Low,Express,20.47,2026-06-29T22:24:34.047159,2026-06-29T23:58:34.047159,3.89,MEDIUM,0.522,94,2026-07-01T00:00:00
CURR00210,1Z5WJMC6UEWTAUD6UO,LOC045,LOC027,LOC062,RT-LOC045-LOC015-LOC069,DELAYED,Low,Standard,72.24,2026-06-30T09:24:43.211901,2026-06-30T11:37:43.211901,3.89,MEDIUM,0.58,133,2026-07-01T00:00:00
CURR00211,1ZMFDD3YMXKPSOVP9O,LOC065,LOC020,LOC022,RT-LOC065-LOC067-LOC012,DELAYED,Critical,Standard,27.17,2026-06-30T09:16:19.306165,2026-06-30T11:21:19.306165,4.29,MEDIUM,0.563,125,2026-07-01T00:00:00
CURR00212,1ZC7TAE00G2O4RCSXF,LOC068,LOC059,LOC012,RT-LOC068-LOC067-LOC012,IN_TRANSIT,High,Priority,19.25,2026-07-01T00:36:22.848676,2026-07-01T01:13:22.848676,2.6,LOW,0.306,37,2026-07-01T00:00:00
CURR00213,1Z58PGZ0VBD8RGL5MH,LOC038,LOC055,LOC021,RT-LOC038-LOC045-LOC015,IN_TRANSIT,Low,International,8.59,2026-07-01T12:36:04.395093,2026-07-01T14:00:04.395093,2.77,LOW,0.363,84,2026-07-01T00:00:00
CURR00214,1ZLUV2RMHKVIJHJVP6,LOC052,LOC043,LOC029,RT-LOC052-LOC007-LOC006,OUT_FOR_DELIVERY,High,International,94.53,2026-07-02T07:53:11.637243,2026-07-02T08:09:11.637243,2.47,LOW,0.276,16,2026-07-01T00:00:00
CURR00215,1Z8RUHN0JX3XPZWLSD,LOC041,LOC071,LOC045,RT-LOC041-LOC042-LOC047,OUT_FOR_DELIVERY,High,Express,24.81,2026-06-30T22:04:34.439886,2026-06-30T22:23:34.439886,3.38,MEDIUM,0.395,19,2026-07-01T00:00:00
CURR00216,1ZSVYDYEBZFCXVJ7F0,LOC070,LOC031,LOC031,RT-LOC070-LOC031,PROCESSING,Normal,Priority,1.86,2026-06-29T13:15:49.170695,2026-06-29T15:16:49.170695,4.23,MEDIUM,0.594,121,2026-07-01T00:00:00
CURR00217,1ZM4K761VOF153AEP3,LOC071,LOC021,LOC012,RT-LOC071-LOC050-LOC016,IN_TRANSIT,Low,International,132.18,2026-06-30T10:42:09.363762,2026-06-30T11:45:09.363762,4.06,MEDIUM,0.554,63,2026-07-01T00:00:00
CURR00218,1ZPW9Q50VYK25339MR,LOC056,LOC027,LOC020,RT-LOC056-LOC054-LOC009,IN_TRANSIT,Normal,International,62.54,2026-06-30T07:27:47.000258,2026-06-30T08:47:47.000258,4.24,MEDIUM,0.512,80,2026-07-01T00:00:00
CURR00219,1ZJR953FM80I8R4GMK,LOC074,LOC063,LOC012,RT-LOC074-LOC045-LOC015,OUT_FOR_DELIVERY,Low,Standard,39.14,2026-06-30T21:50:55.752308,2026-07-01T00:06:55.752308,4.31,MEDIUM,0.525,136,2026-07-01T00:00:00
CURR00220,1ZTIL3K3ONJXL8PJFI,LOC007,LOC075,LOC015,RT-LOC007-LOC006-LOC059,DELAYED,Normal,Standard,130.17,2026-06-30T19:18:50.834964,2026-06-30T21:15:50.834964,3.26,MEDIUM,0.463,117,2026-07-01T00:00:00
CURR00221,1ZEYE40H8LV0L001HN,LOC009,LOC073,LOC002,RT-LOC009-LOC010-LOC020,IN_TRANSIT,Normal,International,257.44,2026-06-30T20:57:14.691950,2026-06-30T22:52:14.691950,3.71,MEDIUM,0.44,115,2026-07-01T00:00:00
CURR00222,1ZEMGMMD843X6C3D0J,LOC066,LOC009,LOC019,RT-LOC066-LOC065-LOC067,IN_TRANSIT,Critical,Fragile,47.78,2026-06-30T08:13:25.613286,2026-06-30T08:26:25.613286,2.38,LOW,0.232,13,2026-07-01T00:00:00
CURR00223,1ZJFLMJN37YXVULEUH,LOC067,LOC047,LOC038,RT-LOC067-LOC065-LOC032,IN_TRANSIT,Critical,Express,20.21,2026-07-01T07:43:52.496835,2026-07-01T09:48:52.496835,3.6,MEDIUM,0.459,125,2026-07-01T00:00:00
CURR00224,1ZDTWIXFUDKWNKIKEX,LOC035,LOC041,LOC038,RT-LOC035-LOC037-LOC038,IN_TRANSIT,Critical,Standard,172.44,2026-06-30T06:48:03.700271,2026-06-30T09:58:03.700271,3.81,MEDIUM,0.647,190,2026-07-01T00:00:00
CURR00225,1ZC3H8Z7J1UZ9PIDWC,LOC074,LOC066,LOC067,RT-LOC074-LOC045-LOC015,PROCESSING,Critical,Priority,80.86,2026-06-30T10:31:40.045344,2026-06-30T10:45:40.045344,3.14,MEDIUM,0.324,14,2026-07-01T00:00:00
CURR00226,1ZEQ3C3SFXXZD72681,LOC065,LOC054,LOC004,RT-LOC065-LOC067-LOC012,OUT_FOR_DELIVERY,Critical,Priority,18.22,2026-07-01T06:32:39.584039,2026-07-01T08:18:39.584039,3.56,MEDIUM,0.482,106,2026-07-01T00:00:00
CURR00227,1ZHERUK1ZGZ2O6XHJ6,LOC006,LOC033,LOC065,RT-LOC006-LOC059-LOC005,IN_TRANSIT,Low,Express,43.91,2026-06-30T00:49:31.840211,2026-06-30T01:21:31.840211,3.01,MEDIUM,0.338,32,2026-07-01T00:00:00
CURR00228,1ZC5CVMC38EUJ0Y16D,LOC035,LOC015,LOC036,RT-LOC035-LOC036-LOC015,IN_TRANSIT,Normal,Standard,19.88,2026-06-29T23:49:38.198782,2026-06-30T00:53:38.198782,3.32,MEDIUM,0.485,64,2026-07-01T00:00:00
CURR00229,1Z2YWIGKIB7JNB65SW,LOC071,LOC024,LOC016,RT-LOC071-LOC050-LOC016,IN_TRANSIT,Critical,Priority,5.79,2026-06-29T18:09:24.793666,2026-06-29T18:39:24.793666,2.75,LOW,0.284,30,2026-07-01T00:00:00
CURR00230,1ZK09B88Q9CGDH3745,LOC006,LOC058,LOC052,RT-LOC006-LOC003-LOC007,OUT_FOR_DELIVERY,Normal,Standard,3.68,2026-06-29T20:55:40.979176,2026-06-29T21:14:40.979176,3.4,MEDIUM,0.376,19,2026-07-01T00:00:00
CURR00231,1ZSH9QYV3EMOJ5X0OM,LOC040,LOC049,LOC069,RT-LOC040-LOC038-LOC045,IN_TRANSIT,Critical,Temperature Sensitive,9.12,2026-06-30T06:59:01.507000,2026-06-30T08:55:01.507000,3.58,MEDIUM,0.575,116,2026-07-01T00:00:00
CURR00232,1ZJYRXSQTOYG4IROOV,LOC030,LOC044,LOC074,RT-LOC030-LOC016-LOC069,IN_TRANSIT,Critical,Standard,5.81,2026-06-30T14:55:44.648396,2026-06-30T15:56:44.648396,3.15,MEDIUM,0.349,61,2026-07-01T00:00:00
CURR00233,1ZYBF97DTD8ARC7L6F,LOC036,LOC010,LOC012,RT-LOC036-LOC015-LOC069,IN_TRANSIT,Low,Priority,68.96,2026-07-01T09:08:29.516580,2026-07-01T10:11:29.516580,2.76,LOW,0.344,63,2026-07-01T00:00:00
CURR00234,1ZWOS34AAS4P5HD1F7,LOC058,LOC071,LOC007,RT-LOC058-LOC055-LOC008,OUT_FOR_DELIVERY,Normal,Standard,6.26,2026-06-30T14:25:11.741778,2026-06-30T16:19:11.741778,4.67,MEDIUM,0.566,114,2026-07-01T00:00:00
CURR00235,1ZQM3O2ET6TQB465AP,LOC013,LOC074,LOC038,RT-LOC013-LOC062-LOC066,IN_TRANSIT,Normal,International,57.24,2026-07-01T11:51:12.114476,2026-07-01T14:11:12.114476,4.29,MEDIUM,0.538,140,2026-07-01T00:00:00
CURR00236,1Z9SW64Y2WOJKB0P9S,LOC051,LOC005,LOC001,RT-LOC051-LOC029-LOC001,PROCESSING,Normal,Express,34.76,2026-06-30T17:56:50.027632,2026-06-30T20:24:50.027632,3.6,MEDIUM,0.57,148,2026-07-01T00:00:00
CURR00237,1ZXMRS2GH1KB6UOIMY,LOC031,LOC063,LOC030,RT-LOC031-LOC070-LOC016,IN_TRANSIT,Normal,Express,69.77,2026-07-01T06:56:28.692768,2026-07-01T08:25:28.692768,3.0,LOW,0.504,89,2026-07-01T00:00:00
CURR00238,1ZMH45ZXNIJZAPKORI,LOC059,LOC026,LOC013,RT-LOC059-LOC060-LOC013,IN_TRANSIT,Low,Express,9.3,2026-07-01T03:19:02.599602,2026-07-01T05:15:02.599602,5.31,HIGH,0.683,116,2026-07-01T00:00:00
CURR00239,1ZPX04N8WAR8ONUUKA,LOC007,LOC057,LOC009,RT-LOC007-LOC052-LOC009,IN_TRANSIT,High,Standard,51.59,2026-06-30T10:59:03.332950,2026-06-30T11:27:03.332950,3.1,MEDIUM,0.423,28,2026-07-01T00:00:00
CURR00240,1ZCAJPMPEHTZLAJ0NJ,LOC028,LOC014,LOC016,RT-LOC028-LOC050-LOC016,PROCESSING,Low,Fragile,98.81,2026-06-30T05:47:20.578161,2026-06-30T06:39:20.578161,2.88,LOW,0.324,52,2026-07-01T00:00:00
CURR00241,1ZUH3UPHWCZ6NQAL29,LOC068,LOC015,LOC015,RT-LOC068-LOC069-LOC015,IN_TRANSIT,High,Standard,28.69,2026-06-29T17:46:17.880839,2026-06-29T20:04:17.880839,5.06,HIGH,0.746,138,2026-07-01T00:00:00
CURR00242,1ZAJ0WKBKMYG7YNZ5F,LOC065,LOC066,LOC065,RT-LOC065-LOC066,DELAYED,Low,Standard,40.47,2026-06-29T14:39:35.453006,2026-06-29T18:37:35.453006,4.87,MEDIUM,0.718,238,2026-07-01T00:00:00
CURR00243,1Z1BV0PUH8L6EE7MHA,LOC040,LOC062,LOC012,RT-LOC040-LOC038-LOC045,IN_TRANSIT,Normal,Express,9.35,2026-07-01T12:05:48.747858,2026-07-01T12:21:48.747858,3.06,MEDIUM,0.325,16,2026-07-01T00:00:00
CURR00244,1ZJCNY4XUNFJ7DFGXM,LOC073,LOC008,LOC022,RT-LOC073-LOC045-LOC015,OUT_FOR_DELIVERY,Critical,International,29.26,2026-07-01T17:34:48.504413,2026-07-01T19:08:48.504413,3.16,MEDIUM,0.466,94,2026-07-01T00:00:00
CURR00245,1ZNXZ35Q3H36P8K16O,LOC049,LOC032,LOC065,RT-LOC049-LOC050-LOC016,PROCESSING,Critical,Express,7.66,2026-06-29T18:13:51.971233,2026-06-29T20:12:51.971233,3.71,MEDIUM,0.489,119,2026-07-01T00:00:00
CURR00246,1Z8GE1DULU1E3B5ARE,LOC047,LOC072,LOC045,RT-LOC047-LOC038-LOC045,PROCESSING,Normal,Priority,41.11,2026-06-29T18:38:22.312045,2026-06-29T20:29:22.312045,3.27,MEDIUM,0.537,111,2026-07-01T00:00:00
CURR00247,1Z5UL3LIMQIVCO1GLB,LOC029,LOC063,LOC018,RT-LOC029-LOC051-LOC028,IN_TRANSIT,High,Standard,76.63,2026-06-29T15:30:48.155955,2026-06-29T16:11:48.155955,3.18,MEDIUM,0.466,41,2026-07-01T00:00:00
CURR00248,1Z9B3F7MCTO5ARLCAY,LOC074,LOC051,LOC070,RT-LOC074-LOC045-LOC015,IN_TRANSIT,Normal,Express,20.38,2026-06-29T18:28:14.636759,2026-06-29T18:51:14.636759,3.13,MEDIUM,0.373,23,2026-07-01T00:00:00
CURR00249,1ZS4I0RD8BLI30AS80,LOC064,LOC058,LOC009,RT-LOC064-LOC012-LOC018,PROCESSING,Low,International,29.84,2026-07-01T09:56:57.698526,2026-07-01T11:01:57.698526,4.63,MEDIUM,0.625,65,2026-07-01T00:00:00
CURR00250,1ZXZVR9T1961KDDVOU,LOC039,LOC054,LOC012,RT-LOC039-LOC040-LOC038,OUT_FOR_DELIVERY,Low,Fragile,4.23,2026-06-30T14:03:44.621229,2026-06-30T16:38:44.621229,4.89,MEDIUM,0.631,155,2026-07-01T00:00:00
CURR00251,1Z7DLAQP35N0BCB7EE,LOC014,LOC002,LOC030,RT-LOC014-LOC031-LOC070,IN_TRANSIT,Critical,Standard,6.9,2026-06-30T04:27:11.788711,2026-06-30T05:49:11.788711,3.84,MEDIUM,0.449,82,2026-07-01T00:00:00
CURR00252,1Z8XRG5R5SU0FTVO4K,LOC009,LOC001,LOC007,RT-LOC009-LOC010-LOC020,OUT_FOR_DELIVERY,Critical,International,1.02,2026-06-30T04:36:35.606015,2026-06-30T05:21:35.606015,4.0,MEDIUM,0.543,45,2026-07-01T00:00:00
CURR00253,1ZD87NRZWDY76UPUZX,LOC036,LOC005,LOC030,RT-LOC036-LOC015-LOC069,PROCESSING,Low,Express,56.1,2026-06-30T00:18:48.255800,2026-06-30T01:35:48.255800,4.29,MEDIUM,0.573,77,2026-07-01T00:00:00
CURR00254,1ZI1YZIZ52OHVBMOCV,LOC067,LOC048,LOC032,RT-LOC067-LOC065-LOC032,IN_TRANSIT,High,International,9.19,2026-06-29T20:27:55.479761,2026-06-29T21:08:55.479761,3.39,MEDIUM,0.395,41,2026-07-01T00:00:00
CURR00255,1ZEHKNM7OX69RU7I45,LOC023,LOC009,LOC021,RT-LOC023-LOC022-LOC021,IN_TRANSIT,Normal,Standard,181.28,2026-06-30T00:11:58.589131,2026-06-30T02:00:58.589131,3.51,MEDIUM,0.429,109,2026-07-01T00:00:00
CURR00256,1ZSNVRTV4AZTJYZIEH,LOC056,LOC016,LOC004,RT-LOC056-LOC054-LOC009,IN_TRANSIT,Normal,Standard,95.77,2026-06-30T02:17:11.981277,2026-06-30T02:58:11.981277,3.28,MEDIUM,0.392,41,2026-07-01T00:00:00
CURR00257,1ZR7CX9VU3WX0VWSSA,LOC026,LOC051,LOC002,RT-LOC026-LOC027-LOC063,DELAYED,High,Standard,31.7,2026-06-30T14:57:37.031335,2026-06-30T20:01:37.031335,4.59,MEDIUM,0.843,304,2026-07-01T00:00:00
CURR00258,1ZPOFRSVZCVQSESTSO,LOC049,LOC018,LOC030,RT-LOC049-LOC050-LOC016,IN_TRANSIT,Normal,Standard,83.63,2026-06-30T03:52:55.635782,2026-06-30T04:47:55.635782,2.88,LOW,0.403,55,2026-07-01T00:00:00
CURR00259,1Z1XLJAMHKT5JWLKH5,LOC036,LOC006,LOC016,RT-LOC036-LOC015-LOC069,IN_TRANSIT,Low,Standard,6.37,2026-06-30T16:55:00.864838,2026-06-30T19:56:00.864838,3.65,MEDIUM,0.605,181,2026-07-01T00:00:00
CURR00260,1ZESZBJR8MFYMX9X2W,LOC066,LOC003,LOC060,RT-LOC066-LOC062-LOC061,DELAYED,Normal,Express,44.56,2026-06-29T16:38:59.444047,2026-06-29T19:18:59.444047,4.28,MEDIUM,0.535,160,2026-07-01T00:00:00
CURR00261,1ZWXG8RKH04EL2TWGU,LOC041,LOC067,LOC015,RT-LOC041-LOC042-LOC047,OUT_FOR_DELIVERY,Critical,Priority,34.41,2026-07-01T08:19:09.444031,2026-07-01T09:26:09.444031,4.16,MEDIUM,0.671,67,2026-07-01T00:00:00
CURR00262,1ZZUL8J2HT81JD6JJ8,LOC058,LOC040,LOC065,RT-LOC058-LOC055-LOC008,DELAYED,High,Express,2.94,2026-07-01T09:48:09.696254,2026-07-01T11:26:09.696254,3.67,MEDIUM,0.468,98,2026-07-01T00:00:00
CURR00263,1ZWVFYT5AZEPDXL7WF,LOC051,LOC015,LOC050,RT-LOC051-LOC028-LOC050,IN_TRANSIT,Normal,Fragile,86.09,2026-06-29T17:21:51.950836,2026-06-29T18:26:51.950836,4.35,MEDIUM,0.57,65,2026-07-01T00:00:00
CURR00264,1ZHQPGGUHUJUERDSEL,LOC011,LOC025,LOC020,RT-LOC011-LOC056-LOC054,PROCESSING,High,Priority,17.96,2026-07-01T06:25:02.095211,2026-07-01T07:01:02.095211,2.58,LOW,0.308,36,2026-07-01T00:00:00
CURR00265,1ZK6W1HPXUADMVYPPV,LOC022,LOC044,LOC069,RT-LOC022-LOC021-LOC004,IN_TRANSIT,Normal,Express,36.9,2026-06-30T20:22:53.281178,2026-06-30T21:50:53.281178,3.37,MEDIUM,0.453,88,2026-07-01T00:00:00
CURR00266,1ZAZ6MY85ZSQRL7X3A,LOC028,LOC075,LOC045,RT-LOC028-LOC050-LOC016,IN_TRANSIT,Normal,International,91.64,2026-06-30T14:01:38.133877,2026-06-30T15:46:38.133877,4.07,MEDIUM,0.535,105,2026-07-01T00:00:00
CURR00267,1ZGYCTMU3E0Y8PRXDK,LOC048,LOC055,LOC021,RT-LOC048-LOC036-LOC015,IN_TRANSIT,Low,Standard,153.67,2026-07-02T02:33:34.380214,2026-07-02T06:39:34.380214,4.13,MEDIUM,0.767,246,2026-07-01T00:00:00
CURR00268,1ZXGNSC6LSMQSJ53K2,LOC044,LOC051,LOC049,RT-LOC044-LOC074-LOC045,DELAYED,Normal,Express,65.36,2026-06-30T16:41:36.350350,2026-06-30T17:39:36.350350,3.0,LOW,0.376,58,2026-07-01T00:00:00
CURR00269,1ZFBDN7LPSS3H84V5Z,LOC035,LOC002,LOC030,RT-LOC035-LOC036-LOC015,IN_TRANSIT,Normal,International,42.69,2026-07-01T14:04:56.136069,2026-07-01T15:07:56.136069,4.3,MEDIUM,0.575,63,2026-07-01T00:00:00
CURR00270,1Z6GMIGJTHKXO9F74T,LOC026,LOC050,LOC005,RT-LOC026-LOC027-LOC063,IN_TRANSIT,Low,Standard,107.43,2026-06-30T19:11:24.971848,2026-06-30T20:07:24.971848,3.83,MEDIUM,0.515,56,2026-07-01T00:00:00
CURR00271,1ZY3QZSB3HAGV1W62N,LOC058,LOC061,LOC010,RT-LOC058-LOC055-LOC008,IN_TRANSIT,High,Standard,54.3,2026-07-01T04:48:43.346326,2026-07-01T06:16:43.346326,4.68,MEDIUM,0.582,88,2026-07-01T00:00:00
CURR00272,1ZBK1UJOA184BLBI8Y,LOC035,LOC054,LOC022,RT-LOC035-LOC036-LOC015,OUT_FOR_DELIVERY,Normal,Standard,0.18,2026-07-01T01:37:39.000233,2026-07-01T04:42:39.000233,4.84,MEDIUM,0.627,185,2026-07-01T00:00:00
CURR00273,1ZP439NMN2FMFMJ632,LOC049,LOC018,LOC016,RT-LOC049-LOC050-LOC016,IN_TRANSIT,Normal,International,50.88,2026-06-30T23:45:09.206920,2026-07-01T00:53:09.206920,4.07,MEDIUM,0.545,68,2026-07-01T00:00:00
CURR00274,1ZGIDEPOZN117WNCJF,LOC023,LOC005,LOC059,RT-LOC023-LOC019-LOC060,PROCESSING,High,Standard,5.72,2026-06-29T11:38:10.547856,2026-06-29T13:43:10.547856,5.11,HIGH,0.652,125,2026-07-01T00:00:00
CURR00275,1ZWLTZLP769EFVGF5J,LOC069,LOC072,LOC070,RT-LOC069-LOC070-LOC049,IN_TRANSIT,Low,Standard,9.94,2026-06-30T11:22:51.686245,2026-06-30T12:42:51.686245,4.11,MEDIUM,0.573,80,2026-07-01T00:00:00
CURR00276,1Z2X9WQFQPFUQI625T,LOC073,LOC004,LOC019,RT-LOC073-LOC045-LOC015,PROCESSING,Normal,Standard,46.51,2026-06-30T05:03:46.181458,2026-06-30T06:47:46.181458,3.7,MEDIUM,0.513,104,2026-07-01T00:00:00
CURR00277,1ZIJ812R8HBVRFDI1E,LOC055,LOC050,LOC059,RT-LOC055-LOC008-LOC009,IN_TRANSIT,Normal,International,112.45,2026-06-30T05:41:56.713477,2026-06-30T06:41:56.713477,4.17,MEDIUM,0.506,60,2026-07-01T00:00:00
CURR00278,1ZPZPTFKU5YT7X6UUP,LOC057,LOC071,LOC005,RT-LOC057-LOC055-LOC008,OUT_FOR_DELIVERY,Critical,Standard,8.3,2026-06-29T19:05:55.519097,2026-06-29T20:38:55.519097,3.92,MEDIUM,0.489,93,2026-07-01T00:00:00
CURR00279,1ZYIV958LPVJG0V170,LOC025,LOC035,LOC032,RT-LOC025-LOC027-LOC063,IN_TRANSIT,Normal,Express,46.74,2026-06-29T18:36:06.395213,2026-06-29T19:13:06.395213,4.01,MEDIUM,0.482,37,2026-07-01T00:00:00
CURR00280,1Z3TTB2XFYEQ0DWQMV,LOC008,LOC003,LOC021,RT-LOC008-LOC009-LOC010,DELAYED,Low,International,62.25,2026-06-29T23:52:09.271404,2026-06-30T01:30:09.271404,2.67,LOW,0.446,98,2026-07-01T00:00:00
CURR00281,1ZPAIKD2T22RHAQD89,LOC003,LOC065,LOC059,RT-LOC003-LOC007-LOC006,OUT_FOR_DELIVERY,Low,International,11.32,2026-06-30T09:01:47.486622,2026-06-30T09:40:47.486622,3.88,MEDIUM,0.495,39,2026-07-01T00:00:00
CURR00282,1Z7U2ADOW54TBD68AX,LOC065,LOC029,LOC012,RT-LOC065-LOC067-LOC012,DELAYED,Normal,Standard,28.68,2026-06-30T07:29:28.964332,2026-06-30T10:29:28.964332,3.83,MEDIUM,0.595,180,2026-07-01T00:00:00
CURR00283,1Z0W47UE4EZR9VDJ51,LOC071,LOC028,LOC050,RT-LOC071-LOC050-LOC028,IN_TRANSIT,Normal,Express,147.94,2026-06-29T14:55:58.081298,2026-06-29T16:23:58.081298,3.66,MEDIUM,0.48,88,2026-07-01T00:00:00
CURR00284,1Z7WD5IWLC1XU2SIGB,LOC017,LOC063,LOC018,RT-LOC017-LOC059-LOC005,IN_TRANSIT,High,Standard,108.57,2026-06-30T15:42:34.297917,2026-06-30T17:01:34.297917,3.25,MEDIUM,0.466,79,2026-07-01T00:00:00
CURR00285,1ZM6RESPHOUTOVK5WX,LOC037,LOC030,LOC045,RT-LOC037-LOC038-LOC045,IN_TRANSIT,Normal,Standard,83.75,2026-07-01T12:13:18.603239,2026-07-01T13:38:18.603239,3.87,MEDIUM,0.47,85,2026-07-01T00:00:00
CURR00286,1ZJHVAD5YGCTUX3PWO,LOC014,LOC013,LOC065,RT-LOC014-LOC032-LOC065,IN_TRANSIT,Normal,Fragile,9.59,2026-06-30T08:48:09.524964,2026-06-30T10:12:09.524964,3.47,MEDIUM,0.395,84,2026-07-01T00:00:00
CURR00287,1ZZZ2Y80M3MINLEI8W,LOC069,LOC050,LOC049,RT-LOC069-LOC070-LOC049,OUT_FOR_DELIVERY,Normal,Express,223.57,2026-06-29T14:50:21.628884,2026-06-29T16:16:21.628884,2.75,LOW,0.399,86,2026-07-01T00:00:00
CURR00288,1ZAGPAKU7RTS2MBTVQ,LOC040,LOC027,LOC062,RT-LOC040-LOC038-LOC045,DELAYED,Low,Standard,120.14,2026-07-01T10:48:12.495731,2026-07-01T13:21:12.495731,4.73,MEDIUM,0.57,153,2026-07-01T00:00:00
CURR00289,1ZQP5GC3X81U5RA5TQ,LOC061,LOC011,LOC052,RT-LOC061-LOC060-LOC059,IN_TRANSIT,High,International,100.35,2026-06-30T00:49:27.326975,2026-06-30T02:12:27.326975,2.57,LOW,0.434,83,2026-07-01T00:00:00
CURR00290,1ZJHXN3TWUJJZPQ1M7,LOC001,LOC065,LOC067,RT-LOC001-LOC051-LOC028,IN_TRANSIT,High,International,2.74,2026-07-01T00:07:19.307914,2026-07-01T02:55:19.307914,2.82,LOW,0.547,168,2026-07-01T00:00:00
CURR00291,1ZX64GESE3TZPHE39J,LOC036,LOC053,LOC002,RT-LOC036-LOC015-LOC069,IN_TRANSIT,High,Priority,71.99,2026-07-01T14:41:04.383690,2026-07-01T19:05:04.383690,5.12,HIGH,0.741,264,2026-07-01T00:00:00
CURR00292,1ZL782D281X11F2EGD,LOC070,LOC073,LOC073,RT-LOC070-LOC069-LOC015,IN_TRANSIT,Normal,Priority,2.13,2026-07-01T08:48:41.348288,2026-07-01T10:37:41.348288,3.93,MEDIUM,0.498,109,2026-07-01T00:00:00
CURR00293,1Z9235TCHGDBSQCUS2,LOC036,LOC043,LOC047,RT-LOC036-LOC048-LOC037,DELAYED,High,Fragile,56.23,2026-07-01T11:44:25.077178,2026-07-01T14:03:25.077178,5.18,HIGH,0.663,139,2026-07-01T00:00:00
CURR00294,1ZXCR2W55AXN4H999E,LOC053,LOC014,LOC051,RT-LOC053-LOC052-LOC007,OUT_FOR_DELIVERY,Low,International,268.5,2026-06-30T23:07:06.849628,2026-06-30T23:56:06.849628,4.77,MEDIUM,0.626,49,2026-07-01T00:00:00
CURR00295,1Z7L91XK51C94HA06C,LOC054,LOC051,LOC004,RT-LOC054-LOC009-LOC010,PROCESSING,Normal,Express,21.04,2026-06-29T14:06:39.307310,2026-06-29T14:48:39.307310,2.67,LOW,0.296,42,2026-07-01T00:00:00
CURR00296,1Z0T8DBNXF0E2HF8ZP,LOC068,LOC061,LOC018,RT-LOC068-LOC067-LOC012,IN_TRANSIT,Normal,International,65.55,2026-06-29T11:56:47.509625,2026-06-29T13:06:47.509625,3.4,MEDIUM,0.528,70,2026-07-01T00:00:00
CURR00297,1ZI9DIPP9RSBSVWY6H,LOC055,LOC068,LOC004,RT-LOC055-LOC008-LOC009,IN_TRANSIT,Normal,Fragile,3.2,2026-07-01T11:04:44.949573,2026-07-01T12:33:44.949573,3.25,MEDIUM,0.334,89,2026-07-01T00:00:00
CURR00298,1Z0QJGQ9A2HER6OO6O,LOC007,LOC019,LOC059,RT-LOC007-LOC006-LOC059,IN_TRANSIT,Low,Standard,151.03,2026-06-29T06:06:06.508103,2026-06-29T07:01:06.508103,4.43,MEDIUM,0.631,55,2026-07-01T00:00:00
CURR00299,1ZC796IO6HB5MBSYXI,LOC030,LOC041,LOC033,RT-LOC030-LOC067-LOC065,IN_TRANSIT,Normal,Express,9.83,2026-06-30T02:43:31.154454,2026-06-30T06:07:31.154454,4.91,MEDIUM,0.612,204,2026-07-01T00:00:00
CURR00300,1ZKDGSNVXYEB6F55GF,LOC040,LOC003,LOC016,RT-LOC040-LOC038-LOC045,IN_TRANSIT,Normal,Express,4.43,2026-06-30T07:30:42.898376,2026-06-30T11:06:42.898376,3.57,MEDIUM,0.646,216,2026-07-01T00:00:00
CURR00301,1ZK77IASXWP3VEJD6E,LOC034,LOC008,LOC021,RT-LOC034-LOC032-LOC065,OUT_FOR_DELIVERY,High,Temperature Sensitive,17.9,2026-06-30T04:54:05.314040,2026-06-30T06:36:05.314040,3.42,MEDIUM,0.43,102,2026-07-01T00:00:00
CURR00302,1ZV1WN9JLIE9G67JKS,LOC033,LOC014,LOC033,RT-LOC033-LOC014,OUT_FOR_DELIVERY,High,Temperature Sensitive,62.19,2026-06-29T21:30:35.755741,2026-06-29T22:42:35.755741,3.29,MEDIUM,0.392,72,2026-07-01T00:00:00
CURR00303,1Z59XMVGRATTRC26QK,LOC004,LOC061,LOC059,RT-LOC004-LOC007-LOC006,IN_TRANSIT,Normal,International,16.61,2026-06-29T20:53:00.225576,2026-06-29T22:40:00.225576,4.13,MEDIUM,0.529,107,2026-07-01T00:00:00
CURR00304,1ZIQ0BMZNTDGPJ60SE,LOC034,LOC023,LOC067,RT-LOC034-LOC032-LOC065,DELAYED,Normal,Express,61.98,2026-06-30T18:19:24.920132,2026-06-30T18:55:24.920132,3.46,MEDIUM,0.407,36,2026-07-01T00:00:00
CURR00305,1Z4U5UAI8Y4BN9A15R,LOC070,LOC007,LOC002,RT-LOC070-LOC016-LOC030,IN_TRANSIT,Normal,International,52.75,2026-06-30T15:54:03.168836,2026-06-30T17:29:03.168836,4.92,MEDIUM,0.649,95,2026-07-01T00:00:00
CURR00306,1ZR738NJEVUB2S3CSO,LOC019,LOC002,LOC059,RT-LOC019-LOC060-LOC059,OUT_FOR_DELIVERY,Normal,Standard,64.98,2026-06-29T06:48:40.491031,2026-06-29T07:08:40.491031,3.72,MEDIUM,0.504,20,2026-07-01T00:00:00
CURR00307,1ZL749FFWBD9Q9SNBC,LOC065,LOC057,LOC019,RT-LOC065-LOC067-LOC012,IN_TRANSIT,Normal,Standard,2.01,2026-06-29T17:00:07.570257,2026-06-29T18:42:07.570257,3.58,MEDIUM,0.466,102,2026-07-01T00:00:00
CURR00308,1ZWN8WHUQT5QZXRIDR,LOC060,LOC074,LOC028,RT-LOC060-LOC059-LOC005,IN_TRANSIT,High,Standard,76.18,2026-06-30T15:58:32.837200,2026-06-30T17:31:32.837200,2.62,LOW,0.399,93,2026-07-01T00:00:00
CURR00309,1Z81G1GGKKLHTBFCC1,LOC002,LOC074,LOC069,RT-LOC002-LOC029-LOC051,IN_TRANSIT,Low,Fragile,58.5,2026-07-01T12:30:06.506762,2026-07-01T14:41:06.506762,3.92,MEDIUM,0.493,131,2026-07-01T00:00:00
CURR00310,1ZI5I5FR1PPJSEC5P5,LOC037,LOC064,LOC032,RT-LOC037-LOC035-LOC033,IN_TRANSIT,Low,Fragile,104.91,2026-06-30T04:31:32.541440,2026-06-30T04:58:32.541440,3.82,MEDIUM,0.509,27,2026-07-01T00:00:00
CURR00311,1ZU5IVWIL31123ITFC,LOC066,LOC055,LOC012,RT-LOC066-LOC065-LOC067,IN_TRANSIT,Normal,Standard,37.82,2026-06-30T03:25:00.869615,2026-06-30T03:44:00.869615,3.61,MEDIUM,0.474,19,2026-07-01T00:00:00
CURR00312,1ZTLDZPLMS5H57YD6E,LOC014,LOC027,LOC066,RT-LOC014-LOC032-LOC065,IN_TRANSIT,Normal,Priority,188.37,2026-06-30T14:39:50.883433,2026-06-30T16:32:50.883433,5.04,HIGH,0.663,113,2026-07-01T00:00:00
CURR00313,1ZYFN3R8U8BQVUIPTY,LOC069,LOC001,LOC030,RT-LOC069-LOC016-LOC030,IN_TRANSIT,High,Fragile,51.68,2026-06-30T20:44:34.107437,2026-06-30T23:40:34.107437,5.06,HIGH,0.643,176,2026-07-01T00:00:00
CURR00314,1Z0Q7JOD4FG35FQSUH,LOC023,LOC058,LOC004,RT-LOC023-LOC022-LOC021,IN_TRANSIT,High,Standard,36.64,2026-06-30T05:51:57.812795,2026-06-30T06:43:57.812795,2.88,LOW,0.356,52,2026-07-01T00:00:00
CURR00315,1ZNJPDTF3TXVV73AA6,LOC068,LOC025,LOC026,RT-LOC068-LOC067-LOC012,IN_TRANSIT,High,Standard,155.92,2026-07-01T01:19:23.240593,2026-07-01T02:55:23.240593,4.33,MEDIUM,0.516,96,2026-07-01T00:00:00
CURR00316,1ZYL7LMMU8HGL5QEKF,LOC040,LOC023,LOC015,RT-LOC040-LOC038-LOC045,IN_TRANSIT,High,Express,210.04,2026-07-01T01:13:00.485108,2026-07-01T01:51:00.485108,3.02,MEDIUM,0.349,38,2026-07-01T00:00:00
CURR00317,1ZI8TWZ8SDR14ZC1E3,LOC041,LOC025,LOC030,RT-LOC041-LOC042-LOC047,PROCESSING,High,Express,91.98,2026-07-01T06:46:59.034696,2026-07-01T07:39:59.034696,3.27,MEDIUM,0.422,53,2026-07-01T00:00:00
CURR00318,1ZMR02RUNVLE0DG7H9,LOC047,LOC063,LOC069,RT-LOC047-LOC038-LOC045,IN_TRANSIT,Normal,Standard,8.06,2026-07-01T11:42:59.456410,2026-07-01T16:10:59.456410,5.07,HIGH,0.809,268,2026-07-01T00:00:00
CURR00319,1Z9JZJYKU277A44ENG,LOC041,LOC016,LOC038,RT-LOC041-LOC042-LOC047,PROCESSING,High,Express,26.72,2026-06-30T10:11:42.438819,2026-06-30T11:22:42.438819,3.43,MEDIUM,0.356,71,2026-07-01T00:00:00
CURR00320,1ZTR9GQ3JGC84A83MI,LOC072,LOC010,LOC018,RT-LOC072-LOC028-LOC050,IN_TRANSIT,Normal,International,227.09,2026-06-30T08:36:07.685012,2026-06-30T10:39:07.685012,3.21,MEDIUM,0.428,123,2026-07-01T00:00:00
CURR00321,1Z471H8XNR43UBNV6C,LOC038,LOC041,LOC041,RT-LOC038-LOC047-LOC042,IN_TRANSIT,Low,Express,17.63,2026-06-29T22:05:21.201056,2026-06-29T22:48:21.201056,3.28,MEDIUM,0.432,43,2026-07-01T00:00:00
CURR00322,1Z9UCNTMCKXMZXSUPB,LOC025,LOC017,LOC061,RT-LOC025-LOC027-LOC063,IN_TRANSIT,High,International,64.15,2026-06-30T00:15:06.528040,2026-06-30T00:32:06.528040,1.94,LOW,0.177,17,2026-07-01T00:00:00
CURR00323,1Z4YQTA76RMENM324G,LOC049,LOC054,LOC007,RT-LOC049-LOC050-LOC051,OUT_FOR_DELIVERY,Normal,Priority,115.29,2026-06-30T23:53:27.860461,2026-07-01T00:35:27.860461,2.94,LOW,0.36,42,2026-07-01T00:00:00
CURR00324,1ZGI6SFHUVF1F5IIU2,LOC022,LOC059,LOC007,RT-LOC022-LOC021-LOC004,IN_TRANSIT,Low,Express,150.69,2026-07-01T01:36:39.271301,2026-07-01T02:45:39.271301,4.66,MEDIUM,0.597,69,2026-07-01T00:00:00
CURR00325,1Z6JX8P0TL0B0IS6OD,LOC014,LOC030,LOC016,RT-LOC014-LOC031-LOC070,DELAYED,High,Express,9.64,2026-06-30T00:15:29.192857,2026-06-30T00:44:29.192857,3.5,MEDIUM,0.393,29,2026-07-01T00:00:00
CURR00326,1Z227P98CDPVKXMJKV,LOC052,LOC057,LOC055,RT-LOC052-LOC009-LOC055,DELAYED,Critical,Priority,123.1,2026-06-29T01:37:43.043968,2026-06-29T02:11:43.043968,3.78,MEDIUM,0.432,34,2026-07-01T00:00:00
CURR00327,1ZH79OY7B26Z3NIHZU,LOC075,LOC054,LOC012,RT-LOC075-LOC044-LOC074,IN_TRANSIT,High,Express,1.91,2026-06-30T16:29:20.622905,2026-06-30T18:02:20.622905,5.0,MEDIUM,0.662,93,2026-07-01T00:00:00
CURR00328,1ZBV4ZBHYLLB0X316J,LOC043,LOC011,LOC012,RT-LOC043-LOC074-LOC045,OUT_FOR_DELIVERY,Low,Express,23.83,2026-06-30T03:46:09.166569,2026-06-30T05:00:09.166569,3.59,MEDIUM,0.445,74,2026-07-01T00:00:00
CURR00329,1ZHLZK8SIPT989HILD,LOC020,LOC041,LOC038,RT-LOC020-LOC023-LOC019,IN_TRANSIT,Normal,Standard,39.23,2026-07-02T04:58:53.529715,2026-07-02T06:35:53.529715,3.96,MEDIUM,0.482,97,2026-07-01T00:00:00
CURR00330,1ZFX3CNYYNY60RERMY,LOC053,LOC061,LOC018,RT-LOC053-LOC052-LOC007,DELAYED,Critical,Express,90.5,2026-06-29T23:16:47.349568,2026-06-30T00:44:47.349568,4.37,MEDIUM,0.542,88,2026-07-01T00:00:00
CURR00331,1ZEHBRSNZ5M3TIPTBW,LOC051,LOC026,LOC012,RT-LOC051-LOC028-LOC050,IN_TRANSIT,Low,Express,30.54,2026-07-01T07:23:07.174946,2026-07-01T08:45:07.174946,5.03,HIGH,0.652,82,2026-07-01T00:00:00
CURR00332,1Z2VXPD44ZO3913SED,LOC067,LOC009,LOC004,RT-LOC067-LOC012-LOC018,PROCESSING,High,Standard,80.78,2026-07-01T02:18:24.407458,2026-07-01T04:42:24.407458,4.41,MEDIUM,0.611,144,2026-07-01T00:00:00
CURR00333,1ZUQE067FD7131UUP8,LOC029,LOC014,LOC070,RT-LOC029-LOC051-LOC028,IN_TRANSIT,Normal,Express,43.3,2026-06-30T23:52:28.499944,2026-07-01T00:28:28.499944,3.08,MEDIUM,0.421,36,2026-07-01T00:00:00
CURR00334,1ZMCQWUJM1WS8844CH,LOC051,LOC032,LOC050,RT-LOC051-LOC028-LOC050,DELAYED,High,Temperature Sensitive,71.79,2026-06-30T08:30:30.015303,2026-06-30T09:17:30.015303,3.44,MEDIUM,0.437,47,2026-07-01T00:00:00
CURR00335,1ZU0OK2DEMLLUT1Q6I,LOC006,LOC009,LOC052,RT-LOC006-LOC003-LOC007,PROCESSING,Critical,Express,41.21,2026-06-30T18:26:33.845753,2026-06-30T19:58:33.845753,3.38,MEDIUM,0.497,92,2026-07-01T00:00:00
CURR00336,1Z85E0XIMVZ2XBAXWU,LOC026,LOC028,LOC060,RT-LOC026-LOC027-LOC063,PROCESSING,Low,Fragile,14.01,2026-07-01T08:43:05.837034,2026-07-01T10:32:05.837034,4.04,MEDIUM,0.482,109,2026-07-01T00:00:00
CURR00337,1Z2RJX8JNZAIQY9U7F,LOC065,LOC063,LOC062,RT-LOC065-LOC066-LOC062,IN_TRANSIT,Normal,International,7.92,2026-06-29T07:20:16.822766,2026-06-29T10:21:16.822766,5.2,HIGH,0.682,181,2026-07-01T00:00:00
CURR00338,1ZKS6AUVGUICA1OCDZ,LOC023,LOC033,LOC013,RT-LOC023-LOC019-LOC013,IN_TRANSIT,Low,Express,48.52,2026-07-01T08:02:46.627437,2026-07-01T08:57:46.627437,2.86,LOW,0.323,55,2026-07-01T00:00:00
CURR00339,1Z08ERFCFL6YUAQ8EN,LOC051,LOC037,LOC067,RT-LOC051-LOC028-LOC050,PROCESSING,Normal,International,18.89,2026-06-29T22:39:49.493854,2026-06-30T00:21:49.493854,5.23,HIGH,0.689,102,2026-07-01T00:00:00
CURR00340,1Z4YH5XQITF03XECVY,LOC017,LOC045,LOC051,RT-LOC017-LOC002-LOC029,IN_TRANSIT,Normal,International,39.32,2026-07-01T14:17:35.115164,2026-07-01T15:58:35.115164,5.42,HIGH,0.717,101,2026-07-01T00:00:00
CURR00341,1ZSIHW2LAM8WZGMYXE,LOC042,LOC044,LOC046,RT-LOC042-LOC046-LOC043,IN_TRANSIT,Low,Express,40.27,2026-07-01T06:10:26.030790,2026-07-01T06:58:26.030790,3.82,MEDIUM,0.504,48,2026-07-01T00:00:00
CURR00342,1ZN1EOHA9SJG06W5H8,LOC057,LOC043,LOC019,RT-LOC057-LOC055-LOC008,PROCESSING,Normal,Standard,93.27,2026-06-30T23:15:54.393577,2026-07-01T02:00:54.393577,5.13,HIGH,0.662,165,2026-07-01T00:00:00
CURR00343,1ZXQGYL72FO3EFMF34,LOC073,LOC047,LOC045,RT-LOC073-LOC045-LOC038,DELAYED,Critical,Fragile,182.13,2026-06-30T17:40:52.236815,2026-06-30T18:53:52.236815,2.89,LOW,0.306,73,2026-07-01T00:00:00
CURR00344,1ZHTURIZ5KVOVL95SE,LOC065,LOC021,LOC019,RT-LOC065-LOC067-LOC012,OUT_FOR_DELIVERY,Normal,Express,83.85,2026-06-30T13:38:38.075179,2026-06-30T14:30:38.075179,4.59,MEDIUM,0.589,52,2026-07-01T00:00:00
CURR00345,1Z37Y6T16U5X4ZJVYY,LOC037,LOC012,LOC015,RT-LOC037-LOC038-LOC045,IN_TRANSIT,Normal,Standard,43.72,2026-06-30T19:54:58.437854,2026-06-30T21:48:58.437854,3.77,MEDIUM,0.494,114,2026-07-01T00:00:00
CURR00346,1ZDJY9CEBHISES7OEO,LOC035,LOC041,LOC037,RT-LOC035-LOC037-LOC038,DELAYED,Low,Express,19.11,2026-06-30T10:56:20.385748,2026-06-30T13:27:20.385748,3.05,MEDIUM,0.595,151,2026-07-01T00:00:00
CURR00347,1ZDJR7YCLWXP0J8O2G,LOC018,LOC030,LOC012,RT-LOC018-LOC012-LOC030,IN_TRANSIT,Normal,International,21.84,2026-06-29T08:05:20.929360,2026-06-29T09:31:20.929360,3.29,MEDIUM,0.403,86,2026-07-01T00:00:00
CURR00348,1ZGWKSC4TIYD2WL6J3,LOC058,LOC025,LOC023,RT-LOC058-LOC055-LOC008,IN_TRANSIT,High,Standard,79.27,2026-07-01T13:20:28.652478,2026-07-01T15:02:28.652478,5.45,HIGH,0.708,102,2026-07-01T00:00:00
CURR00349,1ZTILNEW7E3TBJPFXF,LOC020,LOC050,LOC005,RT-LOC020-LOC021-LOC004,IN_TRANSIT,Normal,Standard,98.93,2026-06-30T09:20:44.385823,2026-06-30T10:52:44.385823,3.88,MEDIUM,0.498,92,2026-07-01T00:00:00
CURR00350,1ZR4XKBT379NJME1FD,LOC024,LOC012,LOC062,RT-LOC024-LOC027-LOC063,IN_TRANSIT,Normal,Standard,63.43,2026-07-01T05:14:50.697008,2026-07-01T07:36:50.697008,3.63,MEDIUM,0.612,142,2026-07-01T00:00:00
CURR00351,1ZQYZH7IZYCM03PNXA,LOC011,LOC032,LOC062,RT-LOC011-LOC056-LOC054,OUT_FOR_DELIVERY,Normal,Fragile,40.57,2026-06-30T03:31:51.652989,2026-06-30T04:38:51.652989,3.67,MEDIUM,0.414,67,2026-07-01T00:00:00
CURR00352,1ZFXF194WAO47FXC82,LOC001,LOC031,LOC016,RT-LOC001-LOC051-LOC028,DELAYED,Normal,Express,13.34,2026-06-30T16:17:18.666039,2026-06-30T17:20:18.666039,2.95,LOW,0.326,63,2026-07-01T00:00:00
CURR00353,1ZEU8UHYNMUHS57D76,LOC034,LOC021,LOC067,RT-LOC034-LOC032-LOC065,DELAYED,Normal,Standard,24.38,2026-07-01T09:12:41.572214,2026-07-01T10:21:41.572214,3.31,MEDIUM,0.385,69,2026-07-01T00:00:00
CURR00354,1Z23YPS9CK3BU00SS7,LOC052,LOC028,LOC029,RT-LOC052-LOC007-LOC006,IN_TRANSIT,Critical,Express,1.02,2026-06-30T16:19:44.650469,2026-06-30T16:52:44.650469,3.68,MEDIUM,0.474,33,2026-07-01T00:00:00
CURR00355,1Z6LO8PURNX3SINL4D,LOC071,LOC061,LOC012,RT-LOC071-LOC050-LOC016,IN_TRANSIT,High,Standard,76.3,2026-06-29T08:32:52.806895,2026-06-29T10:41:52.806895,4.34,MEDIUM,0.561,129,2026-07-01T00:00:00
CURR00356,1ZAJ060ZGNGALZVAGL,LOC014,LOC057,LOC021,RT-LOC014-LOC032-LOC065,DELAYED,High,Standard,138.6,2026-06-30T18:07:54.335493,2026-06-30T19:50:54.335493,4.14,MEDIUM,0.61,103,2026-07-01T00:00:00
CURR00357,1Z3H6AHNIIKBNPWBUJ,LOC014,LOC023,LOC065,RT-LOC014-LOC032-LOC065,PROCESSING,Normal,Express,122.66,2026-06-30T19:16:37.414641,2026-06-30T19:40:37.414641,2.58,LOW,0.273,24,2026-07-01T00:00:00
CURR00358,1Z0T0I86NKG2R2C666,LOC070,LOC069,LOC070,RT-LOC070-LOC069,PROCESSING,Low,Standard,45.17,2026-06-29T14:39:58.921604,2026-06-29T15:49:58.921604,3.98,MEDIUM,0.521,70,2026-07-01T00:00:00
CURR00359,1ZLM2PHRDSIA84FVHF,LOC045,LOC044,LOC075,RT-LOC045-LOC074-LOC075,PROCESSING,Normal,Standard,89.05,2026-06-30T04:37:45.308498,2026-06-30T05:59:45.308498,3.23,MEDIUM,0.409,82,2026-07-01T00:00:00
CURR00360,1ZQMBCZXTGHZGC16DT,LOC065,LOC037,LOC035,RT-LOC065-LOC032-LOC033,PROCESSING,High,Temperature Sensitive,126.96,2026-06-29T22:51:23.752709,2026-06-30T00:04:23.752709,2.69,LOW,0.356,73,2026-07-01T00:00:00
CURR00361,1ZLKZ1PWPR80QWOLZB,LOC021,LOC006,LOC004,RT-LOC021-LOC004-LOC007,IN_TRANSIT,Low,Standard,27.46,2026-06-29T19:58:05.111956,2026-06-29T21:31:05.111956,3.29,MEDIUM,0.467,93,2026-07-01T00:00:00
CURR00362,1Z1QB3LKESOW87H976,LOC075,LOC003,LOC002,RT-LOC075-LOC044-LOC074,IN_TRANSIT,Normal,Express,15.2,2026-06-30T10:20:18.261121,2026-06-30T13:47:18.261121,3.91,MEDIUM,0.624,207,2026-07-01T00:00:00
CURR00363,1ZUQ8IET1RDB240HSG,LOC061,LOC036,LOC066,RT-LOC061-LOC062-LOC066,OUT_FOR_DELIVERY,Normal,Standard,15.39,2026-07-01T05:28:23.205368,2026-07-01T07:26:23.205368,3.85,MEDIUM,0.452,118,2026-07-01T00:00:00
CURR00364,1ZDKOEZXTW277P2HJ3,LOC046,LOC043,LOC046,RT-LOC046-LOC043,DELAYED,High,Temperature Sensitive,185.96,2026-06-30T16:00:37.247408,2026-06-30T17:53:37.247408,3.91,MEDIUM,0.539,113,2026-07-01T00:00:00
CURR00365,1Z8OQ7BA4X236F0YTJ,LOC068,LOC004,LOC019,RT-LOC068-LOC067-LOC012,IN_TRANSIT,Low,Standard,2.16,2026-06-30T21:00:50.102644,2026-06-30T23:15:50.102644,3.61,MEDIUM,0.444,135,2026-07-01T00:00:00
CURR00366,1ZH22OVL82XDOGO2IR,LOC016,LOC024,LOC018,RT-LOC016-LOC030-LOC012,PROCESSING,High,Express,41.21,2026-07-01T07:38:42.966092,2026-07-01T09:00:42.966092,4.22,MEDIUM,0.551,82,2026-07-01T00:00:00
CURR00367,1ZAR29C8XNY4Q1WWNX,LOC032,LOC010,LOC012,RT-LOC032-LOC065-LOC067,DELAYED,Low,Priority,73.27,2026-06-29T23:04:15.802897,2026-06-29T23:44:15.802897,3.12,MEDIUM,0.389,40,2026-07-01T00:00:00
CURR00368,1Z6IGHYYJHNIA9A661,LOC074,LOC019,LOC030,RT-LOC074-LOC045-LOC015,PROCESSING,Normal,Priority,0.43,2026-07-01T04:23:07.308404,2026-07-01T04:59:07.308404,4.09,MEDIUM,0.498,36,2026-07-01T00:00:00
CURR00369,1ZZSXPD2KKHCWGE4J4,LOC030,LOC019,LOC012,RT-LOC030-LOC012-LOC018,OUT_FOR_DELIVERY,Normal,Standard,40.49,2026-06-29T10:26:36.849004,2026-06-29T13:14:36.849004,4.57,MEDIUM,0.625,168,2026-07-01T00:00:00
CURR00370,1Z436WL9TKL8QPQR5Y,LOC049,LOC020,LOC018,RT-LOC049-LOC050-LOC016,IN_TRANSIT,High,Priority,13.1,2026-07-01T00:50:50.921070,2026-07-01T02:21:50.921070,4.14,MEDIUM,0.528,91,2026-07-01T00:00:00
CURR00371,1Z539DFIXQ0MSMEQGK,LOC038,LOC070,LOC015,RT-LOC038-LOC045-LOC015,DELAYED,Low,Priority,26.95,2026-06-30T00:59:26.772086,2026-06-30T03:43:26.772086,4.86,MEDIUM,0.817,164,2026-07-01T00:00:00
CURR00372,1ZY6GNDMEMD6CSPPT0,LOC004,LOC075,LOC005,RT-LOC004-LOC007-LOC006,IN_TRANSIT,Critical,Priority,0.6,2026-07-01T19:38:08.825815,2026-07-01T20:00:08.825815,4.51,MEDIUM,0.573,22,2026-07-01T00:00:00
CURR00373,1ZJYUZDOMSRJZ2VY75,LOC042,LOC043,LOC043,RT-LOC042-LOC046-LOC043,OUT_FOR_DELIVERY,Normal,Standard,31.86,2026-06-29T19:06:52.383129,2026-06-29T21:28:52.383129,3.46,MEDIUM,0.465,142,2026-07-01T00:00:00
CURR00374,1ZKMZZUACNEC1ICC0J,LOC028,LOC043,LOC045,RT-LOC028-LOC050-LOC016,IN_TRANSIT,High,Express,24.81,2026-07-01T16:22:33.122297,2026-07-01T19:56:33.122297,4.84,MEDIUM,0.651,214,2026-07-01T00:00:00
CURR00375,1ZWGOC6YDHJEYNTOBN,LOC064,LOC030,LOC012,RT-LOC064-LOC012-LOC030,IN_TRANSIT,Critical,International,0.44,2026-07-01T04:13:01.272443,2026-07-01T07:32:01.272443,4.6,MEDIUM,0.752,199,2026-07-01T00:00:00
CURR00376,1ZWMQDJL3BOT5DBFF6,LOC011,LOC052,LOC004,RT-LOC011-LOC056-LOC054,IN_TRANSIT,Normal,International,30.97,2026-06-30T23:37:36.445260,2026-07-01T01:52:36.445260,4.36,MEDIUM,0.683,135,2026-07-01T00:00:00
CURR00377,1ZR0T63GBIFYZ4QNJT,LOC048,LOC021,LOC012,RT-LOC048-LOC036-LOC015,IN_TRANSIT,High,Priority,23.76,2026-07-01T11:51:37.124067,2026-07-01T12:21:37.124067,3.25,MEDIUM,0.398,30,2026-07-01T00:00:00
CURR00378,1ZTQSZYLQY1R10QV5L,LOC058,LOC061,LOC023,RT-LOC058-LOC055-LOC008,DELAYED,Low,Priority,6.66,2026-06-30T08:01:17.305111,2026-06-30T11:12:17.305111,4.9,MEDIUM,0.765,191,2026-07-01T00:00:00
CURR00379,1Z3N86XKTI0VFNH2AH,LOC026,LOC051,LOC059,RT-LOC026-LOC027-LOC063,IN_TRANSIT,Normal,Express,25.66,2026-06-30T18:28:14.732244,2026-06-30T19:07:14.732244,2.94,LOW,0.345,39,2026-07-01T00:00:00
CURR00380,1ZC88K7H3B3CU39PS0,LOC015,LOC065,LOC030,RT-LOC015-LOC069-LOC016,IN_TRANSIT,Normal,Standard,92.68,2026-06-29T13:04:06.153471,2026-06-29T15:07:06.153471,4.22,MEDIUM,0.523,123,2026-07-01T00:00:00
CURR00381,1Z21DN4FD92ALVS9T9,LOC071,LOC014,LOC031,RT-LOC071-LOC049-LOC070,DELAYED,High,Standard,20.4,2026-06-29T14:49:32.255217,2026-06-29T15:47:32.255217,3.14,MEDIUM,0.348,58,2026-07-01T00:00:00
CURR00382,1Z6LNAVHA9H0K7S2CW,LOC057,LOC009,LOC055,RT-LOC057-LOC055-LOC008,IN_TRANSIT,Normal,Standard,1.5,2026-06-29T11:11:32.545398,2026-06-29T12:37:32.545398,5.19,HIGH,0.664,86,2026-07-01T00:00:00
CURR00383,1Z4DRBET4IE154LC30,LOC006,LOC036,LOC032,RT-LOC006-LOC059-LOC005,PROCESSING,Normal,Standard,6.27,2026-06-30T15:48:28.438997,2026-06-30T16:29:28.438997,3.49,MEDIUM,0.425,41,2026-07-01T00:00:00
CURR00384,1ZSRM62C1Z90ZTZ5YW,LOC069,LOC026,LOC062,RT-LOC069-LOC016-LOC030,IN_TRANSIT,Low,Standard,190.21,2026-06-30T02:32:28.504946,2026-06-30T04:52:28.504946,2.64,LOW,0.517,140,2026-07-01T00:00:00
CURR00385,1ZMGDTWIMRZAW4DIDG,LOC064,LOC056,LOC022,RT-LOC064-LOC012-LOC018,IN_TRANSIT,Normal,Express,0.3,2026-06-30T14:20:35.431708,2026-06-30T15:07:35.431708,3.06,MEDIUM,0.364,47,2026-07-01T00:00:00
CURR00386,1ZEC5Q9R1HE4KX3LV4,LOC021,LOC052,LOC004,RT-LOC021-LOC004-LOC052,PROCESSING,High,Standard,17.01,2026-06-30T18:32:20.343598,2026-06-30T20:03:20.343598,4.22,MEDIUM,0.575,91,2026-07-01T00:00:00
CURR00387,1ZN833AD4E3U7T8EGU,LOC016,LOC024,LOC061,RT-LOC016-LOC030-LOC012,DELAYED,Low,Fragile,0.16,2026-06-30T14:28:06.867075,2026-06-30T17:49:06.867075,4.89,MEDIUM,0.664,201,2026-07-01T00:00:00
CURR00388,1ZBEOLXH97790QP26D,LOC008,LOC057,LOC055,RT-LOC008-LOC009-LOC055,IN_TRANSIT,High,International,60.37,2026-06-29T09:14:58.773125,2026-06-29T11:17:58.773125,3.88,MEDIUM,0.597,123,2026-07-01T00:00:00
CURR00389,1ZQ28LOQ98PRR2QIJI,LOC050,LOC072,LOC016,RT-LOC050-LOC016-LOC049,OUT_FOR_DELIVERY,Normal,Fragile,27.3,2026-06-29T17:50:17.970872,2026-06-29T18:04:17.970872,3.06,MEDIUM,0.368,14,2026-07-01T00:00:00
CURR00390,1Z6VCOYVVK97CDU19R,LOC034,LOC054,LOC018,RT-LOC034-LOC032-LOC065,PROCESSING,Normal,Express,48.55,2026-07-01T05:46:46.535176,2026-07-01T07:12:46.535176,5.27,HIGH,0.688,86,2026-07-01T00:00:00
CURR00391,1ZJVA8MBMH6D6UPRCC,LOC029,LOC006,LOC007,RT-LOC029-LOC007-LOC006,IN_TRANSIT,Normal,Express,19.64,2026-06-30T23:52:42.998081,2026-07-01T01:05:42.998081,4.54,MEDIUM,0.593,73,2026-07-01T00:00:00
CURR00392,1Z4NVSZDGCBMH2IMKO,LOC043,LOC013,LOC030,RT-LOC043-LOC074-LOC045,IN_TRANSIT,High,Express,215.66,2026-06-30T15:59:13.495816,2026-06-30T17:13:13.495816,4.37,MEDIUM,0.578,74,2026-07-01T00:00:00
CURR00393,1ZC5LPDX3QKBIURE1M,LOC046,LOC040,LOC047,RT-LOC046-LOC047-LOC039,DELAYED,High,Standard,42.67,2026-06-30T21:15:40.198073,2026-06-30T22:18:40.198073,2.94,LOW,0.338,63,2026-07-01T00:00:00
CURR00394,1ZGE61OLBJTO4YLR5O,LOC021,LOC048,LOC033,RT-LOC021-LOC020-LOC023,IN_TRANSIT,High,International,81.13,2026-06-30T10:00:30.628261,2026-06-30T12:13:30.628261,4.13,MEDIUM,0.504,133,2026-07-01T00:00:00
CURR00395,1ZG4WEAT0QRUVYK7CF,LOC036,LOC044,LOC047,RT-LOC036-LOC048-LOC037,OUT_FOR_DELIVERY,Normal,International,23.0,2026-07-01T06:03:54.400676,2026-07-01T07:12:54.400676,2.84,LOW,0.35,69,2026-07-01T00:00:00
CURR00396,1ZJLCZLWYQGWKPBIRM,LOC065,LOC072,LOC016,RT-LOC065-LOC067-LOC068,PROCESSING,Critical,Standard,3.48,2026-07-01T05:59:03.993890,2026-07-01T07:52:03.993890,5.04,HIGH,0.653,113,2026-07-01T00:00:00
CURR00397,1ZHW0TLM5GUB14BT88,LOC048,LOC056,LOC022,RT-LOC048-LOC036-LOC015,IN_TRANSIT,Low,Fragile,11.52,2026-06-30T20:30:25.474394,2026-06-30T21:17:25.474394,3.48,MEDIUM,0.423,47,2026-07-01T00:00:00
CURR00398,1ZEGY2KL129911PI6N,LOC004,LOC037,LOC032,RT-LOC004-LOC007-LOC006,IN_TRANSIT,High,Standard,77.83,2026-07-01T05:38:43.655275,2026-07-01T06:08:43.655275,2.44,LOW,0.229,30,2026-07-01T00:00:00
CURR00399,1ZIJ1J81QSZUOZJ66P,LOC022,LOC014,LOC032,RT-LOC022-LOC021-LOC020,PROCESSING,Normal,Express,83.69,2026-07-01T07:47:55.391682,2026-07-01T09:04:55.391682,3.97,MEDIUM,0.514,77,2026-07-01T00:00:00
CURR00400,1ZDGDJNVZ3LQSLC3JD,LOC070,LOC047,LOC015,RT-LOC070-LOC069-LOC015,IN_TRANSIT,Critical,Express,55.17,2026-07-01T01:50:46.733397,2026-07-01T03:00:46.733397,3.79,MEDIUM,0.507,70,2026-07-01T00:00:00
CURR00401,1Z4P2YAMB7DYXM4FGH,LOC052,LOC058,LOC009,RT-LOC052-LOC009-LOC055,DELAYED,Critical,Priority,78.74,2026-06-30T09:12:25.414253,2026-06-30T10:13:25.414253,3.02,MEDIUM,0.343,61,2026-07-01T00:00:00
CURR00402,1Z1LKR6YSO5QKBEECE,LOC002,LOC033,LOC016,RT-LOC002-LOC029-LOC051,IN_TRANSIT,Critical,Express,16.49,2026-06-30T06:11:09.918754,2026-06-30T07:44:09.918754,3.77,MEDIUM,0.494,93,2026-07-01T00:00:00
CURR00403,1ZQ3UA2BC6PTW1ZZQK,LOC052,LOC072,LOC005,RT-LOC052-LOC007-LOC006,IN_TRANSIT,High,Priority,20.63,2026-06-29T22:12:52.299214,2026-06-30T00:48:52.299214,3.6,MEDIUM,0.556,156,2026-07-01T00:00:00
CURR00404,1ZOIOUPKGMFKJGHBUK,LOC070,LOC024,LOC061,RT-LOC070-LOC016-LOC030,IN_TRANSIT,High,Standard,69.73,2026-06-30T15:06:29.460450,2026-06-30T17:49:29.460450,2.99,LOW,0.583,163,2026-07-01T00:00:00
CURR00405,1Z7XGR25PNWDRHIUBH,LOC059,LOC043,LOC016,RT-LOC059-LOC005-LOC002,OUT_FOR_DELIVERY,Low,Temperature Sensitive,85.26,2026-07-01T01:23:16.961607,2026-07-01T03:43:16.961607,4.7,MEDIUM,0.711,140,2026-07-01T00:00:00
CURR00406,1Z22FF7WQBNMGATKGA,LOC059,LOC065,LOC062,RT-LOC059-LOC005-LOC018,PROCESSING,Normal,Standard,60.73,2026-06-29T12:43:42.861820,2026-06-29T14:53:42.861820,5.12,HIGH,0.667,130,2026-07-01T00:00:00
CURR00407,1Z8FTF2SZOVHP5FKC9,LOC025,LOC049,LOC059,RT-LOC025-LOC027-LOC063,DELAYED,Normal,Standard,9.5,2026-06-30T12:05:04.154734,2026-06-30T13:29:04.154734,2.6,LOW,0.402,84,2026-07-01T00:00:00
CURR00408,1Z9HOSWHIT5QBA84PE,LOC009,LOC004,LOC021,RT-LOC009-LOC010-LOC020,PROCESSING,Low,Temperature Sensitive,29.51,2026-06-30T00:52:50.088535,2026-06-30T01:43:50.088535,2.8,LOW,0.306,51,2026-07-01T00:00:00
CURR00409,1Z9LF1H96SLKCYSELW,LOC047,LOC055,LOC012,RT-LOC047-LOC038-LOC045,DELAYED,Normal,Standard,3.91,2026-06-30T12:17:39.720090,2026-06-30T12:51:39.720090,4.58,MEDIUM,0.574,34,2026-07-01T00:00:00
CURR00410,1ZJUC0KW24LUZIB6ZE,LOC049,LOC032,LOC065,RT-LOC049-LOC050-LOC016,PROCESSING,Low,Express,83.7,2026-07-01T02:54:26.392019,2026-07-01T04:50:26.392019,3.73,MEDIUM,0.57,116,2026-07-01T00:00:00
CURR00411,1ZVTGRAO8XAIORXITZ,LOC021,LOC064,LOC019,RT-LOC021-LOC020-LOC023,IN_TRANSIT,Normal,Fragile,153.25,2026-06-30T06:39:55.564740,2026-06-30T07:25:55.564740,4.25,MEDIUM,0.542,46,2026-07-01T00:00:00
CURR00412,1ZSX262CQAV8PJBUJH,LOC005,LOC070,LOC050,RT-LOC005-LOC002-LOC029,DELAYED,High,Fragile,48.18,2026-06-29T17:01:13.597610,2026-06-29T19:27:13.597610,4.68,MEDIUM,0.718,146,2026-07-01T00:00:00
CURR00413,1ZJFDZESN8PNLZ4WWK,LOC048,LOC013,LOC012,RT-LOC048-LOC036-LOC015,IN_TRANSIT,Low,Standard,5.54,2026-06-30T16:57:59.319944,2026-06-30T18:53:59.319944,4.26,MEDIUM,0.684,116,2026-07-01T00:00:00
CURR00414,1ZYR8MUSLP30TM16ND,LOC004,LOC015,LOC028,RT-LOC004-LOC007-LOC006,OUT_FOR_DELIVERY,Normal,Standard,17.32,2026-06-30T06:51:14.390457,2026-06-30T07:46:14.390457,3.97,MEDIUM,0.455,55,2026-07-01T00:00:00
CURR00415,1ZOFEVXM7FYAYKXIH7,LOC031,LOC066,LOC032,RT-LOC031-LOC014-LOC032,IN_TRANSIT,Critical,Express,71.34,2026-06-29T20:48:53.071087,2026-06-29T23:22:53.071087,2.62,LOW,0.546,154,2026-07-01T00:00:00
CURR00416,1ZLE4AJC18IQV7V08A,LOC020,LOC032,LOC019,RT-LOC020-LOC023-LOC019,IN_TRANSIT,High,Express,5.84,2026-07-01T10:10:22.979111,2026-07-01T11:54:22.979111,4.3,MEDIUM,0.535,104,2026-07-01T00:00:00
CURR00417,1ZAOBCWQ3QA9A7BEMH,LOC070,LOC059,LOC012,RT-LOC070-LOC016-LOC030,IN_TRANSIT,Normal,Standard,101.63,2026-06-29T11:14:49.374284,2026-06-29T12:09:49.374284,2.62,LOW,0.313,55,2026-07-01T00:00:00
CURR00418,1ZRG4X6G7YIBK0T7DM,LOC025,LOC071,LOC059,RT-LOC025-LOC027-LOC063,IN_TRANSIT,Normal,Standard,24.19,2026-06-30T23:09:28.157933,2026-07-01T00:01:28.157933,3.19,MEDIUM,0.359,52,2026-07-01T00:00:00
CURR00419,1ZHV5UF5DI9NVOGHIB,LOC029,LOC074,LOC016,RT-LOC029-LOC051-LOC028,IN_TRANSIT,Normal,Fragile,69.12,2026-07-01T06:25:37.069713,2026-07-01T07:33:37.069713,4.1,MEDIUM,0.538,68,2026-07-01T00:00:00
CURR00420,1ZZCXKS28OMXTEF7XH,LOC042,LOC019,LOC016,RT-LOC042-LOC047-LOC038,OUT_FOR_DELIVERY,Normal,Standard,83.32,2026-07-01T03:54:25.395730,2026-07-01T05:53:25.395730,3.52,MEDIUM,0.453,119,2026-07-01T00:00:00
CURR00421,1ZKKE9F1SGRXYNWFV1,LOC060,LOC015,LOC050,RT-LOC060-LOC059-LOC005,IN_TRANSIT,Normal,Standard,68.73,2026-06-30T09:40:30.321636,2026-06-30T11:03:30.321636,2.77,LOW,0.36,83,2026-07-01T00:00:00
CURR00422,1Z9PR53WAFG08A3R1I,LOC068,LOC046,LOC038,RT-LOC068-LOC069-LOC015,OUT_FOR_DELIVERY,Normal,Express,54.39,2026-07-01T23:38:04.690696,2026-07-02T00:03:04.690696,3.74,MEDIUM,0.504,25,2026-07-01T00:00:00
CURR00423,1ZQS1FOQYD5MPCQO4W,LOC061,LOC039,LOC033,RT-LOC061-LOC062-LOC066,DELAYED,Low,Standard,130.99,2026-07-01T15:52:55.331883,2026-07-01T17:00:55.331883,3.5,MEDIUM,0.454,68,2026-07-01T00:00:00
CURR00424,1ZIBVZM8G0DQN78AOM,LOC046,LOC051,LOC015,RT-LOC046-LOC047-LOC038,OUT_FOR_DELIVERY,Low,Temperature Sensitive,5.28,2026-06-30T02:34:13.795513,2026-06-30T03:03:13.795513,3.46,MEDIUM,0.354,29,2026-07-01T00:00:00
CURR00425,1Z9JL3XLS8DFKJCK9D,LOC028,LOC023,LOC012,RT-LOC028-LOC050-LOC016,IN_TRANSIT,Normal,Priority,5.96,2026-06-30T00:28:01.273879,2026-06-30T00:53:01.273879,2.28,LOW,0.247,25,2026-07-01T00:00:00
CURR00426,1ZUMH9JW27FEAOZ1U5,LOC070,LOC037,LOC035,RT-LOC070-LOC031-LOC033,IN_TRANSIT,High,International,13.83,2026-06-30T18:11:54.572545,2026-06-30T19:34:54.572545,4.11,MEDIUM,0.547,83,2026-07-01T00:00:00
CURR00427,1Z1WCC1TRTG0GLGCM7,LOC031,LOC070,LOC070,RT-LOC031-LOC070,OUT_FOR_DELIVERY,Normal,Express,21.74,2026-06-30T00:00:44.294266,2026-06-30T00:43:44.294266,3.36,MEDIUM,0.435,43,2026-07-01T00:00:00
CURR00428,1Z7VSH45CTGC8L5LDH,LOC064,LOC004,LOC019,RT-LOC064-LOC012-LOC018,IN_TRANSIT,High,Express,43.67,2026-06-30T14:08:39.583848,2026-06-30T14:55:39.583848,3.62,MEDIUM,0.44,47,2026-07-01T00:00:00
CURR00429,1ZEB2HLGCLF56GO1N7,LOC019,LOC066,LOC066,RT-LOC019-LOC013-LOC062,IN_TRANSIT,Normal,Standard,71.95,2026-06-30T21:43:25.549233,2026-06-30T22:42:25.549233,2.89,LOW,0.288,59,2026-07-01T00:00:00
CURR00430,1Z8VLOCZ9VK2M91VQX,LOC022,LOC025,LOC024,RT-LOC022-LOC021-LOC020,IN_TRANSIT,High,Priority,31.28,2026-06-30T14:42:41.235433,2026-06-30T15:07:41.235433,3.08,MEDIUM,0.397,25,2026-07-01T00:00:00
CURR00431,1ZF1UQYQVT3J987VM3,LOC030,LOC034,LOC032,RT-LOC030-LOC067-LOC065,DELAYED,Low,Fragile,10.84,2026-06-30T12:07:53.443952,2026-06-30T13:25:53.443952,4.19,MEDIUM,0.495,78,2026-07-01T00:00:00
CURR00432,1Z9VPFE1ILN69Z1V9H,LOC052,LOC026,LOC006,RT-LOC052-LOC007-LOC006,IN_TRANSIT,Normal,International,36.74,2026-07-01T00:51:33.069283,2026-07-01T02:32:33.069283,3.67,MEDIUM,0.501,101,2026-07-01T00:00:00
CURR00433,1ZEAZYTVQP6A1EIIS0,LOC075,LOC019,LOC069,RT-LOC075-LOC044-LOC074,IN_TRANSIT,High,International,2.78,2026-06-30T04:00:53.726346,2026-06-30T05:53:53.726346,3.7,MEDIUM,0.466,113,2026-07-01T00:00:00
CURR00434,1ZYWZFBMY4NSCTJRJ0,LOC071,LOC057,LOC009,RT-LOC071-LOC050-LOC051,IN_TRANSIT,Normal,Temperature Sensitive,204.62,2026-07-01T06:19:08.976949,2026-07-01T06:57:08.976949,4.54,MEDIUM,0.578,38,2026-07-01T00:00:00
CURR00435,1ZVPK019PGEU9TKW1Z,LOC057,LOC046,LOC065,RT-LOC057-LOC055-LOC008,IN_TRANSIT,Normal,Express,81.61,2026-07-02T03:59:36.172046,2026-07-02T04:47:36.172046,3.48,MEDIUM,0.433,48,2026-07-01T00:00:00
CURR00436,1ZHJ04QGH7XFIVRUAM,LOC016,LOC019,LOC012,RT-LOC016-LOC030-LOC012,IN_TRANSIT,Normal,Priority,15.03,2026-06-29T18:26:15.783750,2026-06-29T19:45:15.783750,3.19,MEDIUM,0.383,79,2026-07-01T00:00:00
CURR00437,1ZDJCPL1XBDC129OJM,LOC022,LOC073,LOC051,RT-LOC022-LOC021-LOC004,IN_TRANSIT,Normal,Standard,40.25,2026-07-01T04:38:29.785440,2026-07-01T05:27:29.785440,4.04,MEDIUM,0.482,49,2026-07-01T00:00:00
CURR00438,1ZQ6BG8VHS54QA7026,LOC009,LOC004,LOC020,RT-LOC009-LOC010-LOC020,PROCESSING,High,Fragile,36.25,2026-07-01T00:48:12.727831,2026-07-01T02:45:12.727831,3.44,MEDIUM,0.39,117,2026-07-01T00:00:00
CURR00439,1ZVNI229YKE8XZC41Y,LOC060,LOC004,LOC003,RT-LOC060-LOC059-LOC006,DELAYED,High,Standard,30.14,2026-06-29T20:31:29.068541,2026-06-29T20:46:29.068541,2.5,LOW,0.29,15,2026-07-01T00:00:00
CURR00440,1Z54NBPHVV06PIMJR5,LOC074,LOC064,LOC016,RT-LOC074-LOC045-LOC015,IN_TRANSIT,Normal,Priority,15.86,2026-06-30T01:20:49.289755,2026-06-30T02:46:49.289755,3.95,MEDIUM,0.602,86,2026-07-01T00:00:00
CURR00441,1ZJHE0I8606U9K55VI,LOC041,LOC013,LOC069,RT-LOC041-LOC042-LOC047,DELAYED,High,International,6.41,2026-06-30T00:48:54.400550,2026-06-30T02:07:54.400550,3.46,MEDIUM,0.504,79,2026-07-01T00:00:00
CURR00442,1Z8NAE81HCY24EFDMM,LOC025,LOC040,LOC066,RT-LOC025-LOC027-LOC063,IN_TRANSIT,High,Express,1.27,2026-07-01T16:22:08.383968,2026-07-01T17:05:08.383968,2.67,LOW,0.303,43,2026-07-01T00:00:00
CURR00443,1ZB04ZGA13HK0B6WB1,LOC054,LOC018,LOC006,RT-LOC054-LOC009-LOC010,DELAYED,High,Standard,42.26,2026-06-29T23:10:42.669364,2026-06-29T23:29:42.669364,4.95,MEDIUM,0.651,19,2026-07-01T00:00:00
CURR00444,1ZUO6I6V1UJSVPNI5O,LOC019,LOC046,LOC035,RT-LOC019-LOC013-LOC062,DELAYED,Normal,Express,55.38,2026-06-30T08:13:57.688441,2026-06-30T09:34:57.688441,2.7,LOW,0.34,81,2026-07-01T00:00:00
CURR00445,1ZH4J0IXVE7LXARZMF,LOC014,LOC065,LOC032,RT-LOC014-LOC032-LOC065,IN_TRANSIT,High,Express,3.66,2026-06-30T11:57:22.089552,2026-06-30T13:41:22.089552,2.75,LOW,0.388,104,2026-07-01T00:00:00
CURR00446,1ZIL1WX2FX680AW5J8,LOC019,LOC071,LOC005,RT-LOC019-LOC060-LOC059,IN_TRANSIT,Critical,International,27.18,2026-06-30T03:05:37.494303,2026-06-30T05:29:37.494303,4.51,MEDIUM,0.649,144,2026-07-01T00:00:00
CURR00447,1Z0DZR873K266UYUUD,LOC034,LOC008,LOC018,RT-LOC034-LOC032-LOC065,IN_TRANSIT,High,International,221.69,2026-07-01T03:28:10.727302,2026-07-01T05:10:10.727302,3.5,MEDIUM,0.532,102,2026-07-01T00:00:00
CURR00448,1ZG2ZEY9OZC8EDQZOF,LOC065,LOC028,LOC059,RT-LOC065-LOC067-LOC012,OUT_FOR_DELIVERY,Low,International,217.24,2026-06-29T20:44:08.084398,2026-06-29T22:00:08.084398,3.73,MEDIUM,0.461,76,2026-07-01T00:00:00
CURR00449,1ZBAWG7R6708D51QVC,LOC023,LOC020,LOC020,RT-LOC023-LOC020,PROCESSING,Critical,International,16.37,2026-06-30T13:18:20.814313,2026-06-30T16:13:20.814313,3.73,MEDIUM,0.666,175,2026-07-01T00:00:00
CURR00450,1Z8EPWZSFQ11YJEERI,LOC031,LOC024,LOC030,RT-LOC031-LOC070-LOC016,PROCESSING,Normal,Express,27.69,2026-07-01T16:08:31.167922,2026-07-01T16:50:31.167922,3.61,MEDIUM,0.456,42,2026-07-01T00:00:00
CURR00451,1ZSQ3A9R7PO0OBH7H6,LOC060,LOC012,LOC012,RT-LOC060-LOC018-LOC012,DELAYED,Low,Temperature Sensitive,100.28,2026-06-30T04:58:01.929070,2026-06-30T06:26:01.929070,3.63,MEDIUM,0.448,88,2026-07-01T00:00:00
CURR00452,1ZHM53HNS6JDHRXDC4,LOC022,LOC056,LOC004,RT-LOC022-LOC021-LOC004,DELAYED,High,Express,31.53,2026-06-30T11:54:08.710422,2026-06-30T13:50:08.710422,4.81,MEDIUM,0.644,116,2026-07-01T00:00:00
CURR00453,1ZHRYDNCSKKXAFAVNN,LOC016,LOC061,LOC030,RT-LOC016-LOC030-LOC012,IN_TRANSIT,Normal,Standard,3.29,2026-06-29T15:01:46.147412,2026-06-29T17:44:46.147412,3.75,MEDIUM,0.583,163,2026-07-01T00:00:00
CURR00454,1ZPY4NZDI9D6Z6T87T,LOC067,LOC057,LOC009,RT-LOC067-LOC012-LOC018,DELAYED,Normal,International,94.76,2026-06-30T22:01:27.297616,2026-06-30T22:24:27.297616,2.75,LOW,0.298,23,2026-07-01T00:00:00
CURR00455,1ZCB35SLZ3B0KYJS56,LOC048,LOC009,LOC012,RT-LOC048-LOC036-LOC015,IN_TRANSIT,Low,International,40.66,2026-07-01T02:49:26.571891,2026-07-01T05:02:26.571891,4.14,MEDIUM,0.581,133,2026-07-01T00:00:00
CURR00456,1ZD9S5MASQ1ZLKGMT5,LOC040,LOC065,LOC069,RT-LOC040-LOC038-LOC045,DELAYED,Normal,Standard,48.17,2026-06-30T14:45:44.343692,2026-06-30T15:22:44.343692,3.34,MEDIUM,0.518,37,2026-07-01T00:00:00
CURR00457,1ZWM7R1ZP2HLCGN68Z,LOC046,LOC019,LOC069,RT-LOC046-LOC047-LOC038,IN_TRANSIT,Low,Express,15.47,2026-07-01T04:32:52.559225,2026-07-01T05:28:52.559225,3.72,MEDIUM,0.444,56,2026-07-01T00:00:00
CURR00458,1Z0A2O5E36O71OQ5VE,LOC040,LOC036,LOC037,RT-LOC040-LOC038-LOC037,OUT_FOR_DELIVERY,Critical,Priority,159.85,2026-07-01T03:42:34.576414,2026-07-01T06:42:34.576414,5.17,HIGH,0.69,180,2026-07-01T00:00:00
CURR00459,1Z8DA7Y34LTA097YSN,LOC073,LOC003,LOC030,RT-LOC073-LOC045-LOC015,IN_TRANSIT,High,Standard,22.92,2026-06-30T12:27:52.557647,2026-06-30T14:24:52.557647,3.61,MEDIUM,0.508,117,2026-07-01T00:00:00
CURR00460,1ZQLFT0RGCBUJ7EJ6Q,LOC075,LOC025,LOC016,RT-LOC075-LOC044-LOC074,IN_TRANSIT,Normal,Express,47.17,2026-07-02T01:18:20.403461,2026-07-02T02:26:20.403461,3.87,MEDIUM,0.487,68,2026-07-01T00:00:00
CURR00461,1ZLEP230F6J0SUILOJ,LOC071,LOC044,LOC045,RT-LOC071-LOC050-LOC016,DELAYED,Critical,Fragile,84.64,2026-06-30T18:29:40.598180,2026-06-30T19:14:40.598180,3.41,MEDIUM,0.42,45,2026-07-01T00:00:00
CURR00462,1Z72SY23TDCPKZOYQG,LOC006,LOC009,LOC007,RT-LOC006-LOC003-LOC007,OUT_FOR_DELIVERY,Normal,International,43.29,2026-06-30T23:48:33.393409,2026-07-01T04:23:33.393409,4.66,MEDIUM,0.805,275,2026-07-01T00:00:00
CURR00463,1Z18F88ZLPO0D55SFR,LOC043,LOC047,LOC046,RT-LOC043-LOC046-LOC047,PROCESSING,Critical,Standard,9.85,2026-06-29T08:42:42.869518,2026-06-29T09:07:42.869518,3.08,MEDIUM,0.331,25,2026-07-01T00:00:00
CURR00464,1ZQI0SI8VZA53V37GS,LOC006,LOC044,LOC016,RT-LOC006-LOC059-LOC005,DELAYED,High,Standard,37.46,2026-06-30T14:16:26.827017,2026-06-30T15:18:26.827017,3.83,MEDIUM,0.469,62,2026-07-01T00:00:00
CURR00465,1Z6D0TOVTE7QEUWM7Q,LOC018,LOC070,LOC002,RT-LOC018-LOC059-LOC005,IN_TRANSIT,Normal,Standard,49.46,2026-06-30T04:42:03.564398,2026-06-30T07:22:03.564398,3.61,MEDIUM,0.631,160,2026-07-01T00:00:00
CURR00466,1ZO55J9NDVAKQECUIM,LOC051,LOC052,LOC029,RT-LOC051-LOC029-LOC007,IN_TRANSIT,Critical,Standard,18.58,2026-06-30T12:29:26.842463,2026-06-30T14:54:26.842463,3.73,MEDIUM,0.607,145,2026-07-01T00:00:00
CURR00467,1ZF5767S2CCBSJ5U0R,LOC050,LOC032,LOC067,RT-LOC050-LOC016-LOC030,IN_TRANSIT,Normal,Standard,35.57,2026-06-29T15:26:44.357646,2026-06-29T18:26:44.357646,5.08,HIGH,0.725,180,2026-07-01T00:00:00
CURR00468,1ZY6JCB63B38PCSLCY,LOC013,LOC005,LOC059,RT-LOC013-LOC060-LOC059,IN_TRANSIT,Normal,Standard,19.02,2026-06-29T17:55:01.312937,2026-06-29T18:20:01.312937,4.06,MEDIUM,0.513,25,2026-07-01T00:00:00
CURR00469,1Z5V1A141OZJ8Z0EP2,LOC001,LOC060,LOC059,RT-LOC001-LOC002-LOC059,DELAYED,Normal,Standard,4.64,2026-07-01T01:59:26.414520,2026-07-01T03:52:26.414520,3.03,MEDIUM,0.46,113,2026-07-01T00:00:00
CURR00470,1ZW2F6F3DEV439CH0F,LOC034,LOC026,LOC062,RT-LOC034-LOC032-LOC065,IN_TRANSIT,Normal,International,41.7,2026-07-01T04:51:40.406924,2026-07-01T06:48:40.406924,3.68,MEDIUM,0.506,117,2026-07-01T00:00:00
CURR00471,1Z2ET3HUJ1KCIVOOK9,LOC029,LOC056,LOC009,RT-LOC029-LOC007-LOC052,OUT_FOR_DELIVERY,Normal,Fragile,3.76,2026-06-30T21:42:17.485273,2026-06-30T22:53:17.485273,3.13,MEDIUM,0.347,71,2026-07-01T00:00:00
CURR00472,1ZEVLAEFVXUQGXO6W4,LOC067,LOC034,LOC034,RT-LOC067-LOC065-LOC032,IN_TRANSIT,Normal,Standard,4.52,2026-07-01T03:46:19.861119,2026-07-01T05:01:19.861119,3.66,MEDIUM,0.47,75,2026-07-01T00:00:00
CURR00473,1ZC04JOVXKF80W1JDD,LOC002,LOC025,LOC060,RT-LOC002-LOC059-LOC060,IN_TRANSIT,Normal,Express,78.07,2026-06-29T18:44:01.433097,2026-06-29T21:31:01.433097,4.25,MEDIUM,0.598,167,2026-07-01T00:00:00
CURR00474,1Z4VPZHSIM4IWK63J4,LOC055,LOC070,LOC005,RT-LOC055-LOC008-LOC009,PROCESSING,Low,Standard,48.17,2026-06-29T21:27:44.217953,2026-06-29T23:24:44.217953,4.29,MEDIUM,0.573,117,2026-07-01T00:00:00
CURR00475,1ZQLSGH3MRA7YA1ZUN,LOC002,LOC006,LOC006,RT-LOC002-LOC006,PROCESSING,Normal,Fragile,25.62,2026-06-30T07:15:17.961258,2026-06-30T09:00:17.961258,4.56,MEDIUM,0.546,105,2026-07-01T00:00:00
CURR00476,1ZPA7A4LCBY0X3SY5S,LOC014,LOC039,LOC038,RT-LOC014-LOC032-LOC033,PROCESSING,High,Express,153.18,2026-06-30T08:05:28.305137,2026-06-30T09:46:28.305137,4.12,MEDIUM,0.558,101,2026-07-01T00:00:00
CURR00477,1Z2GODAFMX2YFE2CFD,LOC040,LOC073,LOC045,RT-LOC040-LOC038-LOC045,OUT_FOR_DELIVERY,High,Express,64.84,2026-06-30T03:06:09.105330,2026-06-30T05:07:09.105330,3.64,MEDIUM,0.433,121,2026-07-01T00:00:00
CURR00478,1ZQT0ZCKXZ2BWSUVAP,LOC051,LOC022,LOC016,RT-LOC051-LOC028-LOC050,PROCESSING,Normal,Express,6.18,2026-06-30T11:05:27.882335,2026-06-30T14:33:27.882335,4.77,MEDIUM,0.747,208,2026-07-01T00:00:00
CURR00479,1ZI7MSVEDYM1ECA06U,LOC045,LOC051,LOC049,RT-LOC045-LOC015-LOC069,IN_TRANSIT,Low,Fragile,2.4,2026-06-30T12:22:55.217840,2026-06-30T13:02:55.217840,2.53,LOW,0.277,40,2026-07-01T00:00:00
CURR00480,1Z7HWGN5EUOE8H80GJ,LOC040,LOC038,LOC038,RT-LOC040-LOC038,IN_TRANSIT,Normal,Standard,3.23,2026-06-30T12:53:42.858486,2026-06-30T13:51:42.858486,2.03,LOW,0.362,58,2026-07-01T00:00:00
CURR00481,1Z9T063995BWAYUPG5,LOC050,LOC069,LOC016,RT-LOC050-LOC016-LOC069,IN_TRANSIT,High,Standard,43.93,2026-06-29T07:32:37.682302,2026-06-29T08:17:37.682302,3.3,MEDIUM,0.405,45,2026-07-01T00:00:00
CURR00482,1ZAD7AXL6IIK2GV218,LOC007,LOC061,LOC059,RT-LOC007-LOC006-LOC059,PROCESSING,Normal,Express,8.44,2026-06-29T10:40:40.129063,2026-06-29T11:37:40.129063,3.35,MEDIUM,0.512,57,2026-07-01T00:00:00
CURR00483,1ZFVUIWVCURVE6RAO5,LOC038,LOC070,LOC069,RT-LOC038-LOC045-LOC015,DELAYED,Normal,Standard,100.32,2026-06-30T07:57:32.795591,2026-06-30T10:00:32.795591,3.78,MEDIUM,0.494,123,2026-07-01T00:00:00
CURR00484,1ZEM0OULBH45ABE7PG,LOC010,LOC027,LOC023,RT-LOC010-LOC020-LOC023,PROCESSING,Normal,Express,98.44,2026-07-01T03:06:20.196700,2026-07-01T04:46:20.196700,3.84,MEDIUM,0.555,100,2026-07-01T00:00:00
CURR00485,1ZNWBS11C66GKEMJET,LOC036,LOC067,LOC069,RT-LOC036-LOC015-LOC069,PROCESSING,High,Standard,112.15,2026-06-30T21:46:23.886406,2026-06-30T23:12:23.886406,3.32,MEDIUM,0.408,86,2026-07-01T00:00:00
CURR00486,1Z20USOKL56LIK4MAQ,LOC012,LOC013,LOC061,RT-LOC012-LOC018-LOC061,IN_TRANSIT,Normal,Temperature Sensitive,37.95,2026-06-29T06:33:33.648740,2026-06-29T08:32:33.648740,3.83,MEDIUM,0.472,119,2026-07-01T00:00:00
CURR00487,1ZED9CA900RRPJY3PW,LOC027,LOC004,LOC003,RT-LOC027-LOC063-LOC061,IN_TRANSIT,Low,Express,74.93,2026-07-01T05:41:01.927541,2026-07-01T07:23:01.927541,2.8,LOW,0.447,102,2026-07-01T00:00:00
CURR00488,1ZWZJ4AOWPV5DQPQZT,LOC046,LOC009,LOC069,RT-LOC046-LOC047-LOC038,IN_TRANSIT,Normal,International,93.93,2026-06-30T10:08:06.756943,2026-06-30T10:30:06.756943,3.63,MEDIUM,0.475,22,2026-07-01T00:00:00
CURR00489,1ZZ80PM4OX77F1YPU4,LOC040,LOC028,LOC070,RT-LOC040-LOC038-LOC045,IN_TRANSIT,High,International,1.75,2026-06-30T23:17:03.630178,2026-06-30T23:59:03.630178,3.63,MEDIUM,0.48,42,2026-07-01T00:00:00
CURR00490,1ZXTSBJAXDP4FMVFLE,LOC060,LOC024,LOC013,RT-LOC060-LOC013-LOC024,OUT_FOR_DELIVERY,High,Priority,35.9,2026-06-30T21:08:10.595837,2026-06-30T23:40:10.595837,3.37,MEDIUM,0.505,152,2026-07-01T00:00:00
CURR00491,1ZAMM4PVNHYWUGJOAG,LOC054,LOC005,LOC004,RT-LOC054-LOC009-LOC010,IN_TRANSIT,Normal,Priority,13.62,2026-06-30T11:44:31.998702,2026-06-30T15:11:31.998702,5.14,HIGH,0.732,207,2026-07-01T00:00:00
CURR00492,1ZUI1J0UXTBBRP6R77,LOC056,LOC039,LOC013,RT-LOC056-LOC054-LOC009,DELAYED,Low,Express,94.04,2026-06-30T18:39:19.498666,2026-06-30T19:25:19.498666,3.73,MEDIUM,0.452,46,2026-07-01T00:00:00
CURR00493,1ZZG51FS18H35B8URL,LOC009,LOC017,LOC020,RT-LOC009-LOC010-LOC020,DELAYED,Critical,Priority,16.19,2026-06-29T21:29:07.508093,2026-06-30T00:05:07.508093,4.15,MEDIUM,0.58,156,2026-07-01T00:00:00
CURR00494,1Z3USELCS6VTV76O71,LOC013,LOC060,LOC060,RT-LOC013-LOC060,IN_TRANSIT,Normal,Fragile,170.34,2026-06-29T10:17:34.290107,2026-06-29T13:26:34.290107,5.04,HIGH,0.734,189,2026-07-01T00:00:00
CURR00495,1Z0UBCTITG19MC8F2J,LOC021,LOC015,LOC002,RT-LOC021-LOC004-LOC007,IN_TRANSIT,High,Express,7.11,2026-07-01T12:49:57.455439,2026-07-01T14:27:57.455439,4.45,MEDIUM,0.585,98,2026-07-01T00:00:00
CURR00496,1ZR0TC7E8ZP1AMA94Z,LOC020,LOC068,LOC005,RT-LOC020-LOC021-LOC004,IN_TRANSIT,Low,International,26.87,2026-06-30T02:37:20.326461,2026-06-30T03:27:20.326461,3.68,MEDIUM,0.468,50,2026-07-01T00:00:00
CURR00497,1Z5DWF74PS7BW16JOV,LOC039,LOC071,LOC015,RT-LOC039-LOC040-LOC038,IN_TRANSIT,Normal,Express,12.4,2026-06-30T11:45:01.443724,2026-06-30T13:25:01.443724,3.87,MEDIUM,0.556,100,2026-07-01T00:00:00
CURR00498,1ZD35FGWXCSFTB3MKO,LOC045,LOC031,LOC069,RT-LOC045-LOC015-LOC069,IN_TRANSIT,Critical,International,103.15,2026-06-30T04:04:57.106418,2026-06-30T06:33:57.106418,4.76,MEDIUM,0.621,149,2026-07-01T00:00:00
CURR00499,1ZOA0OS2XKZLZEEW2N,LOC047,LOC021,LOC019,RT-LOC047-LOC038-LOC045,OUT_FOR_DELIVERY,Normal,Standard,7.63,2026-06-30T01:34:21.745827,2026-06-30T04:48:21.745827,4.68,MEDIUM,0.85,194,2026-07-01T00:00:00
CURR00500,1ZCQLLRJ716K6BE5FW,LOC054,LOC046,LOC066,RT-LOC054-LOC009-LOC010,IN_TRANSIT,Critical,Standard,10.16,2026-06-30T16:02:40.461317,2026-06-30T16:43:40.461317,3.01,MEDIUM,0.306,41,2026-07-01T00:00:00
CURR00501,1ZR4CM6Z5U20VIQLHM,LOC032,LOC039,LOC037,RT-LOC032-LOC033-LOC035,OUT_FOR_DELIVERY,Low,Standard,14.02,2026-06-30T17:10:20.835629,2026-06-30T19:01:20.835629,3.48,MEDIUM,0.446,111,2026-07-01T00:00:00
CURR00502,1ZPPJ33NPZCPEFQAFI,LOC005,LOC028,LOC029,RT-LOC005-LOC002-LOC029,DELAYED,Normal,Standard,83.22,2026-06-29T20:23:34.445260,2026-06-29T20:59:34.445260,3.94,MEDIUM,0.524,36,2026-07-01T00:00:00
CURR00503,1ZTR4N3RS5R5O5K8FH,LOC058,LOC016,LOC021,RT-LOC058-LOC055-LOC008,IN_TRANSIT,Normal,Standard,12.55,2026-06-29T17:40:27.215515,2026-06-29T20:36:27.215515,4.43,MEDIUM,0.592,176,2026-07-01T00:00:00
CURR00504,1ZNRA6F0IPYRYSYPZ9,LOC066,LOC027,LOC063,RT-LOC066-LOC062-LOC063,OUT_FOR_DELIVERY,High,Express,21.94,2026-06-30T21:54:19.862363,2026-07-01T01:40:19.862363,4.35,MEDIUM,0.826,226,2026-07-01T00:00:00
CURR00505,1ZB60ORYDX05C3MMYM,LOC054,LOC071,LOC029,RT-LOC054-LOC009-LOC010,IN_TRANSIT,Low,Express,39.29,2026-06-30T02:53:21.087763,2026-06-30T05:38:21.087763,4.49,MEDIUM,0.569,165,2026-07-01T00:00:00
CURR00506,1Z0OA4HDQFEMJ1ZSAF,LOC033,LOC011,LOC004,RT-LOC033-LOC034-LOC032,PROCESSING,High,Priority,37.38,2026-06-30T13:02:41.712573,2026-06-30T15:22:41.712573,3.8,MEDIUM,0.533,140,2026-07-01T00:00:00
CURR00507,1ZD1ZK7GLHJWWMAJ9X,LOC071,LOC048,LOC033,RT-LOC071-LOC050-LOC016,OUT_FOR_DELIVERY,Normal,Express,26.29,2026-06-30T12:43:28.713125,2026-06-30T13:10:28.713125,3.49,MEDIUM,0.472,27,2026-07-01T00:00:00
CURR00508,1ZZOH6SN9G33PDQPQS,LOC057,LOC009,LOC055,RT-LOC057-LOC055-LOC008,PROCESSING,Normal,Standard,45.56,2026-06-29T13:57:31.291012,2026-06-29T14:17:31.291012,3.06,MEDIUM,0.343,20,2026-07-01T00:00:00
CURR00509,1ZXS312PLRW9CCJR7P,LOC004,LOC070,LOC051,RT-LOC004-LOC007-LOC006,IN_TRANSIT,Normal,Express,7.87,2026-06-30T13:02:55.183958,2026-06-30T13:18:55.183958,2.01,LOW,0.212,16,2026-07-01T00:00:00
CURR00510,1Z2T0Q9IZRCXGL1CCR,LOC005,LOC011,LOC055,RT-LOC005-LOC017-LOC006,IN_TRANSIT,Normal,Fragile,52.77,2026-06-30T13:43:50.909528,2026-06-30T16:47:50.909528,4.09,MEDIUM,0.574,184,2026-07-01T00:00:00
CURR00511,1ZMUVV47EDNJGUY4XJ,LOC029,LOC058,LOC009,RT-LOC029-LOC007-LOC052,OUT_FOR_DELIVERY,Normal,International,5.2,2026-06-29T15:02:38.999003,2026-06-29T16:11:38.999003,3.11,MEDIUM,0.394,69,2026-07-01T00:00:00
CURR00512,1ZWNFIEKNXLCHDQWVM,LOC027,LOC004,LOC006,RT-LOC027-LOC063-LOC061,IN_TRANSIT,Low,Priority,42.77,2026-07-01T02:19:12.715667,2026-07-01T04:45:12.715667,3.66,MEDIUM,0.558,146,2026-07-01T00:00:00
CURR00513,1Z1OSFQQS5423JFAAA,LOC032,LOC024,LOC066,RT-LOC032-LOC065-LOC066,IN_TRANSIT,Low,International,161.63,2026-06-30T13:56:43.428131,2026-06-30T15:07:43.428131,3.79,MEDIUM,0.475,71,2026-07-01T00:00:00
CURR00514,1ZXVW9NHBHG1PCEYF0,LOC036,LOC032,LOC035,RT-LOC036-LOC048-LOC037,PROCESSING,Normal,Standard,57.18,2026-06-30T14:58:01.561023,2026-06-30T16:56:01.561023,3.99,MEDIUM,0.549,118,2026-07-01T00:00:00
CURR00515,1ZTT0OLAJ0QI74RP7P,LOC001,LOC013,LOC050,RT-LOC001-LOC051-LOC028,DELAYED,Normal,Fragile,33.34,2026-06-30T09:42:17.363683,2026-06-30T11:32:17.363683,3.93,MEDIUM,0.554,110,2026-07-01T00:00:00
CURR00516,1ZCYE802FE1R001PXE,LOC030,LOC073,LOC015,RT-LOC030-LOC016-LOC069,OUT_FOR_DELIVERY,Low,Priority,14.7,2026-07-01T08:41:43.117511,2026-07-01T09:21:43.117511,3.27,MEDIUM,0.429,40,2026-07-01T00:00:00
CURR00517,1ZWK10WBFJYZ0RATJB,LOC053,LOC072,LOC050,RT-LOC053-LOC052-LOC007,OUT_FOR_DELIVERY,High,International,3.39,2026-06-30T13:36:09.744202,2026-06-30T15:03:09.744202,4.1,MEDIUM,0.527,87,2026-07-01T00:00:00
CURR00518,1ZOE3UN1ZA6443FTDY,LOC066,LOC030,LOC012,RT-LOC066-LOC065-LOC067,PROCESSING,Normal,Express,10.58,2026-06-29T18:31:51.136144,2026-06-29T20:53:51.136144,4.49,MEDIUM,0.68,142,2026-07-01T00:00:00
CURR00519,1ZO03JJGE9AZCFJ465,LOC017,LOC022,LOC010,RT-LOC017-LOC006-LOC003,IN_TRANSIT,Critical,Express,16.96,2026-07-01T04:26:48.306866,2026-07-01T05:53:48.306866,3.25,MEDIUM,0.381,87,2026-07-01T00:00:00
CURR00520,1ZU6SCTK9KHN4IVXVT,LOC047,LOC033,LOC035,RT-LOC047-LOC038-LOC037,IN_TRANSIT,Critical,Priority,14.58,2026-06-30T12:25:35.346399,2026-06-30T14:35:35.346399,3.28,MEDIUM,0.435,130,2026-07-01T00:00:00
CURR00521,1ZEYC5CNZ0UWZHP9MA,LOC037,LOC053,LOC003,RT-LOC037-LOC038-LOC045,IN_TRANSIT,Normal,Standard,8.82,2026-06-30T21:50:39.042312,2026-06-30T22:22:39.042312,3.2,MEDIUM,0.392,32,2026-07-01T00:00:00
CURR00522,1ZTIOWUJ5CGZUZSYM8,LOC026,LOC001,LOC060,RT-LOC026-LOC027-LOC063,OUT_FOR_DELIVERY,Critical,Standard,51.63,2026-07-01T09:12:36.291287,2026-07-01T09:23:36.291287,2.22,LOW,0.23,11,2026-07-01T00:00:00
CURR00523,1Z6OASXCR9G1OPNXA2,LOC044,LOC062,LOC015,RT-LOC044-LOC074-LOC045,IN_TRANSIT,High,Standard,75.01,2026-07-01T03:30:54.212764,2026-07-01T04:21:54.212764,3.59,MEDIUM,0.426,51,2026-07-01T00:00:00
CURR00524,1Z9GDLD8W2F5FGEPBD,LOC073,LOC056,LOC016,RT-LOC073-LOC045-LOC015,IN_TRANSIT,Critical,Express,2.03,2026-07-01T17:44:45.694366,2026-07-01T17:55:45.694366,2.83,LOW,0.346,11,2026-07-01T00:00:00
CURR00525,1Z8BFJD2OP6MRERYWE,LOC018,LOC013,LOC061,RT-LOC018-LOC061-LOC013,PROCESSING,Normal,Standard,39.37,2026-06-29T08:24:31.394978,2026-06-29T09:22:31.394978,3.38,MEDIUM,0.41,58,2026-07-01T00:00:00
CURR00526,1Z1GBWAAO3RL2I12NN,LOC036,LOC038,LOC037,RT-LOC036-LOC048-LOC037,IN_TRANSIT,Normal,Fragile,71.78,2026-06-30T11:39:49.559885,2026-06-30T13:05:49.559885,4.05,MEDIUM,0.515,86,2026-07-01T00:00:00
CURR00527,1ZG37OWN2E5WZ6GPYZ,LOC062,LOC042,LOC035,RT-LOC062-LOC066-LOC065,IN_TRANSIT,Normal,Priority,66.83,2026-07-01T06:21:01.959489,2026-07-01T07:21:01.959489,4.48,MEDIUM,0.595,60,2026-07-01T00:00:00
CURR00528,1Z9KST32FDRTDAOKAI,LOC062,LOC012,LOC012,RT-LOC062-LOC012,DELAYED,Low,Standard,13.19,2026-06-30T01:53:22.062431,2026-06-30T05:22:22.062431,4.07,MEDIUM,0.741,209,2026-07-01T00:00:00
CURR00529,1ZXKQOC04OM2183A0A,LOC021,LOC063,LOC019,RT-LOC021-LOC020-LOC023,IN_TRANSIT,Low,Express,18.59,2026-07-01T07:42:47.697044,2026-07-01T08:25:47.697044,3.25,MEDIUM,0.388,43,2026-07-01T00:00:00
CURR00530,1Z9I0XC1XAE50PPENE,LOC015,LOC051,LOC070,RT-LOC015-LOC069-LOC070,DELAYED,Normal,Express,5.92,2026-07-01T06:35:23.225761,2026-07-01T07:06:23.225761,2.8,LOW,0.294,31,2026-07-01T00:00:00
CURR00531,1Z6S428F3FOL6Y2NXS,LOC020,LOC058,LOC009,RT-LOC020-LOC010-LOC008,OUT_FOR_DELIVERY,Normal,Express,107.8,2026-06-30T11:29:56.132669,2026-06-30T13:53:56.132669,3.71,MEDIUM,0.576,144,2026-07-01T00:00:00
CURR00532,1Z53WWKD7R5XMSX2TM,LOC019,LOC061,LOC013,RT-LOC019-LOC013-LOC061,OUT_FOR_DELIVERY,Normal,Express,28.56,2026-06-30T12:07:11.117439,2026-06-30T13:12:11.117439,3.72,MEDIUM,0.516,65,2026-07-01T00:00:00
CURR00533,1ZTXZ96GCTTK2XHEBQ,LOC012,LOC039,LOC032,RT-LOC012-LOC067-LOC065,IN_TRANSIT,Normal,Express,25.5,2026-06-30T12:27:50.675018,2026-06-30T12:33:50.675018,2.11,LOW,0.227,6,2026-07-01T00:00:00
CURR00534,1Z4VVCULUHWPJU08IK,LOC011,LOC048,LOC065,RT-LOC011-LOC056-LOC054,IN_TRANSIT,Low,Fragile,74.66,2026-07-01T09:07:04.436805,2026-07-01T10:40:04.436805,3.12,MEDIUM,0.405,93,2026-07-01T00:00:00
CURR00535,1ZI921HGIHY47YEANV,LOC039,LOC011,LOC030,RT-LOC039-LOC040-LOC038,IN_TRANSIT,High,Priority,26.53,2026-07-01T08:47:22.843509,2026-07-01T11:31:22.843509,4.37,MEDIUM,0.537,164,2026-07-01T00:00:00
CURR00536,1Z345S50N7SX3ZZ1DE,LOC005,LOC007,LOC003,RT-LOC005-LOC017-LOC006,IN_TRANSIT,Normal,International,13.99,2026-06-29T07:09:58.946062,2026-06-29T09:08:58.946062,4.96,MEDIUM,0.676,119,2026-07-01T00:00:00
CURR00537,1Z2QX3RYM7PB5LSF3G,LOC043,LOC012,LOC016,RT-LOC043-LOC074-LOC045,IN_TRANSIT,Normal,Priority,2.97,2026-06-30T23:40:12.603493,2026-07-01T01:47:12.603493,3.36,MEDIUM,0.574,127,2026-07-01T00:00:00
CURR00538,1Z5DB5CJJWBWW5T4OQ,LOC073,LOC046,LOC038,RT-LOC073-LOC045-LOC038,OUT_FOR_DELIVERY,Low,Fragile,61.8,2026-06-29T23:46:46.294271,2026-06-30T02:58:46.294271,4.3,MEDIUM,0.565,192,2026-07-01T00:00:00
CURR00539,1ZC8SL24IBFY8G0BRD,LOC044,LOC070,LOC069,RT-LOC044-LOC074-LOC045,PROCESSING,Low,International,33.74,2026-07-01T01:51:57.008807,2026-07-01T04:11:57.008807,4.48,MEDIUM,0.621,140,2026-07-01T00:00:00
CURR00540,1ZUN2WTKBJS2V38VC8,LOC054,LOC059,LOC007,RT-LOC054-LOC009-LOC010,DELAYED,Normal,Standard,19.46,2026-06-29T12:11:27.397939,2026-06-29T12:44:27.397939,2.78,LOW,0.346,33,2026-07-01T00:00:00
CURR00541,1ZLFSOF4NEGCTD5ZYA,LOC031,LOC016,LOC070,RT-LOC031-LOC070-LOC016,DELAYED,Low,Express,57.51,2026-06-29T08:59:26.123705,2026-06-29T09:22:26.123705,2.13,LOW,0.214,23,2026-07-01T00:00:00
CURR00542,1ZF7EDOSGAX95AQT16,LOC022,LOC015,LOC028,RT-LOC022-LOC021-LOC004,PROCESSING,Low,Standard,36.51,2026-06-30T05:57:48.742896,2026-06-30T06:18:48.742896,2.83,LOW,0.328,21,2026-07-01T00:00:00
CURR00543,1ZDFYSMM21PGEB3M2A,LOC051,LOC075,LOC069,RT-LOC051-LOC028-LOC050,IN_TRANSIT,High,International,12.41,2026-07-01T14:42:33.957558,2026-07-01T16:08:33.957558,4.12,MEDIUM,0.524,86,2026-07-01T00:00:00
CURR00544,1ZWUIJNZFHHH1SV5A1,LOC060,LOC013,LOC013,RT-LOC060-LOC013,IN_TRANSIT,Normal,Fragile,30.2,2026-06-30T18:10:20.748973,2026-06-30T20:21:20.748973,3.28,MEDIUM,0.545,131,2026-07-01T00:00:00
CURR00545,1Z90FP06FU7I55GEP6,LOC011,LOC003,LOC010,RT-LOC011-LOC056-LOC054,IN_TRANSIT,Critical,Standard,8.02,2026-06-29T11:29:53.404997,2026-06-29T13:56:53.404997,3.58,MEDIUM,0.524,147,2026-07-01T00:00:00
CURR00546,1ZUM0JRCNCKWT9MGJO,LOC062,LOC058,LOC021,RT-LOC062-LOC018-LOC019,PROCESSING,Normal,Fragile,15.1,2026-06-30T12:41:00.620628,2026-06-30T13:49:00.620628,5.3,HIGH,0.642,68,2026-07-01T00:00:00
CURR00547,1ZYBX5GL39NX9KDRAH,LOC004,LOC008,LOC008,RT-LOC004-LOC009-LOC008,PROCESSING,High,Temperature Sensitive,33.16,2026-06-29T08:14:35.200949,2026-06-29T09:10:35.200949,3.53,MEDIUM,0.412,56,2026-07-01T00:00:00
CURR00548,1ZWK3L1912HIP5K9QT,LOC031,LOC052,LOC006,RT-LOC031-LOC070-LOC016,IN_TRANSIT,Low,Priority,54.67,2026-06-30T11:59:37.728280,2026-06-30T13:43:37.728280,5.04,HIGH,0.638,104,2026-07-01T00:00:00
CURR00549,1Z2S0H5BSJMMGT4JWT,LOC057,LOC036,LOC020,RT-LOC057-LOC055-LOC008,IN_TRANSIT,Low,Standard,42.29,2026-06-30T23:58:09.131905,2026-07-01T01:55:09.131905,3.93,MEDIUM,0.497,117,2026-07-01T00:00:00
CURR00550,1Z4E1U9S5N68XZSGU0,LOC029,LOC062,LOC028,RT-LOC029-LOC051-LOC028,PROCESSING,High,Standard,36.58,2026-06-30T22:01:23.310206,2026-06-30T23:30:23.310206,2.97,LOW,0.422,89,2026-07-01T00:00:00
CURR00551,1ZY7XVA1SWLV2D4MZB,LOC068,LOC029,LOC030,RT-LOC068-LOC016-LOC030,IN_TRANSIT,Normal,International,81.08,2026-07-01T01:05:16.276756,2026-07-01T01:49:16.276756,4.25,MEDIUM,0.574,44,2026-07-01T00:00:00
CURR00552,1ZFHAPSI61HNT2H7O3,LOC014,LOC017,LOC012,RT-LOC014-LOC032-LOC065,PROCESSING,Normal,Express,13.78,2026-07-01T06:10:05.532007,2026-07-01T07:53:05.532007,3.35,MEDIUM,0.419,103,2026-07-01T00:00:00
CURR00553,1ZDX5512UEXFG025LV,LOC021,LOC041,LOC032,RT-LOC021-LOC020-LOC023,OUT_FOR_DELIVERY,Normal,Express,87.8,2026-07-01T13:28:09.194154,2026-07-01T14:45:09.194154,2.83,LOW,0.388,77,2026-07-01T00:00:00
CURR00554,1Z5S11W49W8TH5DMRL,LOC073,LOC023,LOC012,RT-LOC073-LOC045-LOC015,IN_TRANSIT,Normal,Express,26.45,2026-07-01T08:07:07.331557,2026-07-01T09:54:07.331557,4.42,MEDIUM,0.557,107,2026-07-01T00:00:00
CURR00555,1ZO07KOAGD9TBP7GDC,LOC004,LOC069,LOC051,RT-LOC004-LOC007-LOC006,IN_TRANSIT,Normal,Standard,33.15,2026-06-30T14:17:23.665897,2026-06-30T15:27:23.665897,3.64,MEDIUM,0.473,70,2026-07-01T00:00:00
CURR00556,1Z7QOT4758VY9I746I,LOC036,LOC054,LOC019,RT-LOC036-LOC015-LOC069,IN_TRANSIT,Critical,Standard,14.91,2026-07-01T11:53:32.784341,2026-07-01T12:15:32.784341,3.03,MEDIUM,0.376,22,2026-07-01T00:00:00
CURR00557,1ZWHEIZRIJ6JQ2O4EH,LOC063,LOC023,LOC019,RT-LOC063-LOC013-LOC019,IN_TRANSIT,Low,Priority,51.66,2026-06-30T02:39:36.521764,2026-06-30T03:47:36.521764,4.0,MEDIUM,0.549,68,2026-07-01T00:00:00
CURR00558,1ZC1HKVJPZSOK6U82Q,LOC014,LOC067,LOC032,RT-LOC014-LOC032-LOC065,IN_TRANSIT,Normal,Standard,39.91,2026-06-30T08:57:10.312312,2026-06-30T11:31:10.312312,4.54,MEDIUM,0.659,154,2026-07-01T00:00:00
CURR00559,1ZMQXRSWRV2FO0XYPN,LOC025,LOC047,LOC035,RT-LOC025-LOC027-LOC063,IN_TRANSIT,Critical,Standard,85.3,2026-06-30T19:37:10.756751,2026-06-30T21:05:10.756751,3.76,MEDIUM,0.468,88,2026-07-01T00:00:00
CURR00560,1ZGQKW0TWJFW1GDCL5,LOC013,LOC062,LOC013,RT-LOC013-LOC062,DELAYED,Low,Express,44.92,2026-06-29T14:19:11.127222,2026-06-29T15:44:11.127222,4.92,MEDIUM,0.664,85,2026-07-01T00:00:00
CURR00561,1ZLBLWVAH93R5UP0NR,LOC033,LOC064,LOC065,RT-LOC033-LOC034-LOC032,OUT_FOR_DELIVERY,Normal,Priority,21.08,2026-07-01T00:58:16.786696,2026-07-01T03:16:16.786696,4.05,MEDIUM,0.608,138,2026-07-01T00:00:00
CURR00562,1ZVDKEPR4TDTXNYA13,LOC002,LOC018,LOC005,RT-LOC002-LOC005-LOC018,PROCESSING,Normal,International,74.21,2026-06-30T00:19:36.713384,2026-06-30T01:49:36.713384,4.5,MEDIUM,0.558,90,2026-07-01T00:00:00
CURR00563,1ZDJC48P4Q4EG43QVH,LOC059,LOC064,LOC012,RT-LOC059-LOC005-LOC018,IN_TRANSIT,Low,Priority,52.32,2026-06-29T17:04:41.244692,2026-06-29T19:54:41.244692,5.21,HIGH,0.79,170,2026-07-01T00:00:00
CURR00564,1ZU1AT3I50HMZKR4LC,LOC015,LOC026,LOC018,RT-LOC015-LOC069-LOC016,OUT_FOR_DELIVERY,Low,International,22.81,2026-06-30T20:11:05.712662,2026-06-30T21:56:05.712662,3.77,MEDIUM,0.495,105,2026-07-01T00:00:00
CURR00565,1ZTGF06FAELX5HYNH1,LOC042,LOC029,LOC016,RT-LOC042-LOC047-LOC038,IN_TRANSIT,High,Temperature Sensitive,90.6,2026-07-01T17:46:10.187252,2026-07-01T20:19:10.187252,4.03,MEDIUM,0.526,153,2026-07-01T00:00:00
CURR00566,1Z6OLRTD16PT956S1Z,LOC037,LOC060,LOC012,RT-LOC037-LOC038-LOC045,PROCESSING,Normal,Standard,55.41,2026-06-30T02:31:19.622381,2026-06-30T03:50:19.622381,4.17,MEDIUM,0.52,79,2026-07-01T00:00:00
CURR00567,1ZQ1GY2FR2XLIQ5087,LOC036,LOC032,LOC034,RT-LOC036-LOC048-LOC037,DELAYED,High,Temperature Sensitive,49.1,2026-06-29T17:36:50.357202,2026-06-29T20:32:50.357202,4.62,MEDIUM,0.543,176,2026-07-01T00:00:00
CURR00568,1ZMWUSOEWFZE1L7YZ2,LOC063,LOC059,LOC060,RT-LOC063-LOC061-LOC060,IN_TRANSIT,High,Express,39.29,2026-06-29T21:21:01.139885,2026-06-29T23:35:01.139885,3.3,MEDIUM,0.488,134,2026-07-01T00:00:00
CURR00569,1ZY8JWSRJGMIZSD3BT,LOC063,LOC008,LOC006,RT-LOC063-LOC061-LOC060,IN_TRANSIT,High,Standard,26.16,2026-06-30T09:50:43.304854,2026-06-30T11:27:43.304854,4.16,MEDIUM,0.541,97,2026-07-01T00:00:00
CURR00570,1ZDCWJNIZ36HBALQPC,LOC025,LOC069,LOC066,RT-LOC025-LOC027-LOC063,PROCESSING,Normal,Express,1.38,2026-06-30T02:48:48.633126,2026-06-30T05:49:48.633126,4.93,MEDIUM,0.7,181,2026-07-01T00:00:00
CURR00571,1ZGNNCO2T4P1APL74B,LOC069,LOC061,LOC012,RT-LOC069-LOC016-LOC030,IN_TRANSIT,Low,Standard,17.56,2026-06-30T16:15:01.878158,2026-06-30T16:46:01.878158,2.36,LOW,0.277,31,2026-07-01T00:00:00
CURR00572,1ZKR92PBWMXAF324EV,LOC021,LOC045,LOC029,RT-LOC021-LOC004-LOC007,DELAYED,Normal,Standard,17.15,2026-06-30T22:35:31.423875,2026-06-30T22:52:31.423875,2.23,LOW,0.256,17,2026-07-01T00:00:00
CURR00573,1Z28I4GLUVKZ182WVA,LOC057,LOC037,LOC020,RT-LOC057-LOC055-LOC008,PROCESSING,Normal,Standard,40.31,2026-06-30T15:50:11.999071,2026-06-30T16:35:11.999071,2.76,LOW,0.338,45,2026-07-01T00:00:00
CURR00574,1ZEBAJNIMSNAIO0H1F,LOC053,LOC028,LOC029,RT-LOC053-LOC052-LOC007,IN_TRANSIT,Critical,International,19.4,2026-06-30T06:49:22.636187,2026-06-30T08:27:22.636187,3.14,MEDIUM,0.421,98,2026-07-01T00:00:00
CURR00575,1Z6ARZNUSJHECKUMQT,LOC035,LOC006,LOC030,RT-LOC035-LOC036-LOC015,OUT_FOR_DELIVERY,High,Express,132.8,2026-07-01T00:19:44.282219,2026-07-01T01:48:44.282219,4.46,MEDIUM,0.62,89,2026-07-01T00:00:00
CURR00576,1ZZ575WGA94MF69DBA,LOC062,LOC017,LOC060,RT-LOC062-LOC061-LOC060,IN_TRANSIT,Low,Express,20.36,2026-06-29T15:15:47.417904,2026-06-29T16:40:47.417904,3.54,MEDIUM,0.432,85,2026-07-01T00:00:00
CURR00577,1Z3R1C7EKPQ0218UC3,LOC018,LOC020,LOC021,RT-LOC018-LOC019-LOC022,DELAYED,Normal,International,174.35,2026-06-30T06:10:05.180333,2026-06-30T08:37:05.180333,3.2,MEDIUM,0.534,147,2026-07-01T00:00:00
CURR00578,1ZKUEIKOPEJ03T7UDL,LOC035,LOC050,LOC070,RT-LOC035-LOC036-LOC015,OUT_FOR_DELIVERY,Critical,International,50.62,2026-07-01T05:36:52.159421,2026-07-01T06:41:52.159421,4.25,MEDIUM,0.548,65,2026-07-01T00:00:00
CURR00579,1ZC0QI22P2JA8MO8JB,LOC003,LOC065,LOC005,RT-LOC003-LOC007-LOC006,DELAYED,Normal,Priority,135.76,2026-06-29T17:02:47.123632,2026-06-29T17:54:47.123632,3.61,MEDIUM,0.454,52,2026-07-01T00:00:00
CURR00580,1ZVI3GCN2T2T1HWTJD,LOC022,LOC019,LOC020,RT-LOC022-LOC021-LOC020,IN_TRANSIT,Critical,Fragile,43.41,2026-06-30T21:15:31.710615,2026-06-30T23:17:31.710615,4.23,MEDIUM,0.504,122,2026-07-01T00:00:00
CURR00581,1ZGS6YJSM5XHLAYU0H,LOC050,LOC032,LOC067,RT-LOC050-LOC016-LOC030,OUT_FOR_DELIVERY,Normal,Standard,55.35,2026-06-30T02:08:07.966037,2026-06-30T03:30:07.966037,4.15,MEDIUM,0.569,82,2026-07-01T00:00:00
CURR00582,1ZDNNO2DCDQT2FAHJ5,LOC014,LOC068,LOC068,RT-LOC014-LOC031-LOC068,IN_TRANSIT,Low,Fragile,17.13,2026-06-30T14:11:29.179218,2026-06-30T17:30:29.179218,4.31,MEDIUM,0.769,199,2026-07-01T00:00:00
CURR00583,1ZVWM8CAQKLCZQGFJ8,LOC073,LOC013,LOC018,RT-LOC073-LOC045-LOC015,OUT_FOR_DELIVERY,Normal,Express,17.23,2026-06-30T23:36:20.628439,2026-07-01T00:46:20.628439,3.61,MEDIUM,0.474,70,2026-07-01T00:00:00
CURR00584,1ZQT1KATK1ELIVSN29,LOC055,LOC002,LOC004,RT-LOC055-LOC008-LOC009,IN_TRANSIT,High,Express,27.89,2026-07-01T00:27:23.446743,2026-07-01T03:13:23.446743,2.99,LOW,0.574,166,2026-07-01T00:00:00
CURR00585,1ZVJRW98I0YU63Z4R5,LOC046,LOC024,LOC030,RT-LOC046-LOC047-LOC038,IN_TRANSIT,Normal,Standard,3.85,2026-06-30T15:01:44.572237,2026-06-30T16:27:44.572237,3.1,MEDIUM,0.353,86,2026-07-01T00:00:00
CURR00586,1Z8890YABI3ORQIDHN,LOC021,LOC007,LOC007,RT-LOC021-LOC004-LOC007,DELAYED,Normal,International,20.1,2026-06-30T11:02:37.569691,2026-06-30T11:20:37.569691,2.89,LOW,0.311,18,2026-07-01T00:00:00
CURR00587,1ZR6O640UEH0JC1T8C,LOC058,LOC043,LOC019,RT-LOC058-LOC055-LOC008,OUT_FOR_DELIVERY,Normal,Priority,18.52,2026-07-01T00:24:31.512137,2026-07-01T01:53:31.512137,4.12,MEDIUM,0.521,89,2026-07-01T00:00:00
CURR00588,1ZXAWOZ0VMTXK4C0XX,LOC052,LOC044,LOC069,RT-LOC052-LOC007-LOC006,DELAYED,Critical,Fragile,55.21,2026-07-01T22:38:27.482517,2026-07-02T02:43:27.482517,5.26,HIGH,0.77,245,2026-07-01T00:00:00
CURR00589,1Z5JNAG6TYNGO8BUBZ,LOC053,LOC029,LOC002,RT-LOC053-LOC052-LOC007,DELAYED,Normal,Standard,23.28,2026-06-30T22:10:32.830922,2026-06-30T23:04:32.830922,2.65,LOW,0.337,54,2026-07-01T00:00:00
CURR00590,1ZD0GKDSH6RQPGNFCO,LOC020,LOC032,LOC062,RT-LOC020-LOC023-LOC019,IN_TRANSIT,Low,International,74.1,2026-06-30T11:46:12.802559,2026-06-30T13:37:12.802559,3.86,MEDIUM,0.56,111,2026-07-01T00:00:00
CURR00591,1ZE99RH1KC8EYTS54H,LOC022,LOC069,LOC005,RT-LOC022-LOC021-LOC004,PROCESSING,High,Standard,294.56,2026-06-30T10:59:56.575358,2026-06-30T11:53:56.575358,3.1,MEDIUM,0.333,54,2026-07-01T00:00:00
CURR00592,1ZL2QF9UKUEVVS36N5,LOC060,LOC063,LOC060,RT-LOC060-LOC013-LOC063,IN_TRANSIT,Normal,Standard,34.46,2026-06-29T15:18:12.991939,2026-06-29T16:03:12.991939,3.48,MEDIUM,0.473,45,2026-07-01T00:00:00
CURR00593,1ZQGC2V9JG5L8TVILE,LOC013,LOC039,LOC065,RT-LOC013-LOC062-LOC066,PROCESSING,Normal,Express,103.87,2026-06-30T15:00:36.527479,2026-06-30T16:40:36.527479,3.56,MEDIUM,0.485,100,2026-07-01T00:00:00
CURR00594,1ZBZN5UKCA3T4590FN,LOC005,LOC037,LOC032,RT-LOC005-LOC018-LOC062,PROCESSING,Low,Fragile,8.75,2026-06-30T00:00:53.754988,2026-06-30T03:23:53.754988,3.15,MEDIUM,0.581,203,2026-07-01T00:00:00
CURR00595,1Z0V694ZOS239WCDIO,LOC012,LOC010,LOC022,RT-LOC012-LOC018-LOC019,OUT_FOR_DELIVERY,Critical,Fragile,47.99,2026-06-30T02:08:58.835428,2026-06-30T03:05:58.835428,3.34,MEDIUM,0.365,57,2026-07-01T00:00:00
CURR00596,1Z0U9HJT1FCM18GNU1,LOC023,LOC026,LOC019,RT-LOC023-LOC019-LOC013,IN_TRANSIT,Low,Express,85.53,2026-07-01T08:18:45.175354,2026-07-01T09:31:45.175354,2.64,LOW,0.307,73,2026-07-01T00:00:00
CURR00597,1Z9E90QZ0TPU1IUAG8,LOC018,LOC071,LOC029,RT-LOC018-LOC059-LOC005,IN_TRANSIT,Low,Express,53.35,2026-06-30T09:15:40.211856,2026-06-30T09:30:40.211856,3.79,MEDIUM,0.476,15,2026-07-01T00:00:00
CURR00598,1ZD72HFW41Z9K1WU28,LOC035,LOC048,LOC035,RT-LOC035-LOC048,OUT_FOR_DELIVERY,Normal,Standard,118.51,2026-06-30T15:46:05.421445,2026-06-30T17:07:05.421445,2.72,LOW,0.43,81,2026-07-01T00:00:00
CURR00599,1Z3Q5R562HFSKAFXHO,LOC006,LOC001,LOC002,RT-LOC006-LOC059-LOC005,DELAYED,Critical,Standard,46.9,2026-06-29T19:17:15.881995,2026-06-29T21:01:15.881995,3.35,MEDIUM,0.505,104,2026-07-01T00:00:00
CURR00600,1ZF3DI71IPPZO2G0NL,LOC074,LOC060,LOC016,RT-LOC074-LOC045-LOC015,PROCESSING,Normal,Express,110.49,2026-06-30T00:31:44.432995,2026-06-30T01:27:44.432995,4.12,MEDIUM,0.5,56,2026-07-01T00:00:00
CURR00601,1ZBJ59YIF66BWX2OXB,LOC001,LOC057,LOC052,RT-LOC001-LOC007-LOC052,DELAYED,Normal,Express,32.32,2026-06-30T21:01:29.702990,2026-06-30T21:37:29.702990,3.75,MEDIUM,0.452,36,2026-07-01T00:00:00
CURR00602,1ZX8366UQBGOY1QH7D,LOC032,LOC017,LOC018,RT-LOC032-LOC065-LOC067,OUT_FOR_DELIVERY,Low,Standard,35.63,2026-06-30T02:41:10.347075,2026-06-30T04:46:10.347075,3.14,MEDIUM,0.489,125,2026-07-01T00:00:00
CURR00603,1Z3IE2OSJ6HTSQ7ZYT,LOC033,LOC015,LOC035,RT-LOC033-LOC035-LOC036,OUT_FOR_DELIVERY,Normal,International,27.0,2026-06-29T20:57:20.432086,2026-06-29T23:53:20.432086,4.29,MEDIUM,0.555,176,2026-07-01T00:00:00
CURR00604,1ZNLABJGRO6MDP3P1X,LOC045,LOC064,LOC067,RT-LOC045-LOC015-LOC069,IN_TRANSIT,High,Fragile,39.07,2026-06-30T00:53:47.552917,2026-06-30T04:06:47.552917,3.97,MEDIUM,0.568,193,2026-07-01T00:00:00
CURR00605,1Z3L04TUP0IC0863VM,LOC059,LOC025,LOC013,RT-LOC059-LOC060-LOC013,IN_TRANSIT,Low,Priority,4.61,2026-06-30T15:38:31.701963,2026-06-30T17:52:31.701963,3.56,MEDIUM,0.543,134,2026-07-01T00:00:00
CURR00606,1ZD2DBDE53GO9ORG2E,LOC035,LOC073,LOC036,RT-LOC035-LOC036-LOC015,IN_TRANSIT,Critical,Express,124.05,2026-06-30T15:41:23.791647,2026-06-30T16:12:23.791647,3.59,MEDIUM,0.456,31,2026-07-01T00:00:00
CURR00607,1ZKDO4SMW8Q2W8CQFP,LOC040,LOC026,LOC015,RT-LOC040-LOC038-LOC045,IN_TRANSIT,High,International,26.08,2026-06-30T12:42:25.458454,2026-06-30T14:30:25.458454,3.93,MEDIUM,0.518,108,2026-07-01T00:00:00
CURR00608,1ZDJKXQWQSI98KYCP9,LOC041,LOC058,LOC019,RT-LOC041-LOC042-LOC047,DELAYED,Normal,International,51.06,2026-07-01T14:19:10.677880,2026-07-01T16:11:10.677880,3.9,MEDIUM,0.501,112,2026-07-01T00:00:00
CURR00609,1ZJY0YC2W25STW0FAE,LOC061,LOC014,LOC065,RT-LOC061-LOC062-LOC066,OUT_FOR_DELIVERY,Low,Standard,13.83,2026-06-30T06:48:53.234719,2026-06-30T08:49:53.234719,4.22,MEDIUM,0.519,121,2026-07-01T00:00:00
CURR00610,1ZXL1M6B3M91MMUGIM,LOC031,LOC011,LOC022,RT-LOC031-LOC070-LOC016,IN_TRANSIT,Normal,Fragile,92.45,2026-06-30T14:40:38.741788,2026-06-30T15:54:38.741788,4.78,MEDIUM,0.591,74,2026-07-01T00:00:00
CURR00611,1ZEZ0WZYQLTOC4K2D9,LOC009,LOC045,LOC050,RT-LOC009-LOC010-LOC020,IN_TRANSIT,Normal,Temperature Sensitive,8.3,2026-07-02T02:31:59.779168,2026-07-02T03:56:59.779168,3.45,MEDIUM,0.451,85,2026-07-01T00:00:00
CURR00612,1ZCA1M7TIWSSTC8O3D,LOC032,LOC055,LOC018,RT-LOC032-LOC065-LOC067,PROCESSING,Normal,Temperature Sensitive,14.72,2026-07-01T09:30:28.616209,2026-07-01T11:19:28.616209,5.76,HIGH,0.798,109,2026-07-01T00:00:00
CURR00613,1ZB8O2C6PSC8ZQYYDC,LOC044,LOC061,LOC016,RT-LOC044-LOC074-LOC045,IN_TRANSIT,Low,Standard,6.62,2026-07-01T04:40:06.544701,2026-07-01T05:53:06.544701,3.34,MEDIUM,0.404,73,2026-07-01T00:00:00
CURR00614,1ZVFL2TF2PIRQVTBBB,LOC046,LOC062,LOC012,RT-LOC046-LOC047-LOC038,IN_TRANSIT,High,Standard,3.86,2026-07-01T19:39:32.582990,2026-07-01T22:38:32.582990,4.07,MEDIUM,0.548,179,2026-07-01T00:00:00
CURR00615,1ZPOH33VUEBHRMVYCD,LOC047,LOC051,LOC045,RT-LOC047-LOC038-LOC045,IN_TRANSIT,High,Express,145.64,2026-07-01T10:22:51.125405,2026-07-01T12:57:51.125405,5.31,HIGH,0.709,155,2026-07-01T00:00:00
CURR00616,1ZW66D9J840JXSHW8X,LOC059,LOC067,LOC005,RT-LOC059-LOC005-LOC018,IN_TRANSIT,High,Express,15.01,2026-06-29T16:29:13.113131,2026-06-29T20:17:13.113131,4.36,MEDIUM,0.713,228,2026-07-01T00:00:00
CURR00617,1ZQUJM6HS8M1QRU5DB,LOC042,LOC058,LOC030,RT-LOC042-LOC047-LOC038,IN_TRANSIT,Normal,Express,48.69,2026-07-01T06:23:24.441785,2026-07-01T07:40:24.441785,3.82,MEDIUM,0.472,77,2026-07-01T00:00:00
CURR00618,1ZVJ8VSPHO9F2I7ODC,LOC050,LOC011,LOC055,RT-LOC050-LOC051-LOC029,PROCESSING,Low,International,47.5,2026-06-30T18:27:24.257712,2026-06-30T20:06:24.257712,4.11,MEDIUM,0.487,99,2026-07-01T00:00:00
CURR00619,1ZZ49Q6QSUNGHAJ4Y7,LOC068,LOC064,LOC067,RT-LOC068-LOC067-LOC064,OUT_FOR_DELIVERY,Low,International,49.89,2026-06-30T14:20:15.758584,2026-06-30T17:25:15.758584,4.76,MEDIUM,0.728,185,2026-07-01T00:00:00
CURR00620,1ZYR3HT606ZC05X3NT,LOC057,LOC038,LOC019,RT-LOC057-LOC055-LOC008,DELAYED,Low,Express,31.01,2026-06-30T22:49:34.026531,2026-07-01T00:13:34.026531,2.84,LOW,0.376,84,2026-07-01T00:00:00
CURR00621,1Z5ORU7B2JE70FR4V9,LOC046,LOC058,LOC069,RT-LOC046-LOC047-LOC038,IN_TRANSIT,Critical,Express,73.5,2026-07-01T21:05:24.435556,2026-07-02T00:10:24.435556,4.27,MEDIUM,0.55,185,2026-07-01T00:00:00
CURR00622,1ZBHRT5N1HJFHHUEDH,LOC022,LOC003,LOC004,RT-LOC022-LOC021-LOC004,DELAYED,Normal,International,169.23,2026-06-29T18:45:02.491737,2026-06-29T20:29:02.491737,2.5,LOW,0.421,104,2026-07-01T00:00:00
CURR00623,1ZXSN10D832X5B9FVC,LOC023,LOC009,LOC022,RT-LOC023-LOC022-LOC021,IN_TRANSIT,Normal,Express,0.17,2026-06-30T00:22:06.536009,2026-06-30T03:00:06.536009,4.7,MEDIUM,0.665,158,2026-07-01T00:00:00
CURR00624,1ZIFKVRI3XFID94BPS,LOC002,LOC011,LOC052,RT-LOC002-LOC006-LOC003,OUT_FOR_DELIVERY,Critical,Express,99.79,2026-06-30T02:28:09.088258,2026-06-30T03:28:09.088258,3.92,MEDIUM,0.589,60,2026-07-01T00:00:00
CURR00625,1ZIMAEKGBTZC6A6ROH,LOC016,LOC025,LOC018,RT-LOC016-LOC030-LOC012,IN_TRANSIT,Normal,Priority,13.4,2026-07-01T15:27:44.563244,2026-07-01T16:38:44.563244,3.38,MEDIUM,0.438,71,2026-07-01T00:00:00
CURR00626,1ZPLP7SWR74SKE8PFH,LOC066,LOC051,LOC002,RT-LOC066-LOC062-LOC061,DELAYED,High,International,15.07,2026-06-29T20:43:20.209969,2026-06-29T23:24:20.209969,4.7,MEDIUM,0.666,161,2026-07-01T00:00:00
CURR00627,1ZURMVL8QH48J3I33N,LOC053,LOC037,LOC059,RT-LOC053-LOC052-LOC007,IN_TRANSIT,Critical,Express,72.35,2026-06-29T23:29:20.700789,2026-06-30T01:33:20.700789,4.21,MEDIUM,0.591,124,2026-07-01T00:00:00
CURR00628,1ZQ305BEU0KNDAPG4K,LOC036,LOC023,LOC016,RT-LOC036-LOC015-LOC069,IN_TRANSIT,Critical,Express,120.75,2026-06-30T13:47:50.614768,2026-06-30T15:38:50.614768,3.69,MEDIUM,0.547,111,2026-07-01T00:00:00
CURR00629,1ZOGMQAM9LLJAEFBFB,LOC059,LOC037,LOC032,RT-LOC059-LOC005-LOC018,IN_TRANSIT,Critical,Express,55.4,2026-07-01T09:26:56.469707,2026-07-01T11:09:56.469707,2.95,LOW,0.369,103,2026-07-01T00:00:00
CURR00630,1Z8XUNOMW0RHX9KL5W,LOC027,LOC057,LOC007,RT-LOC027-LOC063-LOC061,OUT_FOR_DELIVERY,Low,Standard,38.68,2026-07-01T06:32:13.671823,2026-07-01T07:29:13.671823,2.63,LOW,0.265,57,2026-07-01T00:00:00
CURR00631,1Z5E1W8ZV1YQ0VYDH9,LOC054,LOC019,LOC010,RT-LOC054-LOC009-LOC010,IN_TRANSIT,High,International,0.41,2026-06-30T16:50:21.382973,2026-06-30T17:55:21.382973,2.84,LOW,0.292,65,2026-07-01T00:00:00
CURR00632,1ZBH8UY4JYJHBZEY9A,LOC019,LOC056,LOC021,RT-LOC019-LOC022-LOC021,IN_TRANSIT,Normal,Express,9.97,2026-07-01T00:21:24.490848,2026-07-01T01:04:24.490848,2.39,LOW,0.263,43,2026-07-01T00:00:00
CURR00633,1ZTCNG75JLP0BIPIZI,LOC070,LOC035,LOC035,RT-LOC070-LOC031-LOC033,IN_TRANSIT,High,Express,32.65,2026-06-30T03:24:09.235305,2026-06-30T04:28:09.235305,4.51,MEDIUM,0.563,64,2026-07-01T00:00:00
CURR00634,1ZBVODJZTHVWBAUAMX,LOC021,LOC061,LOC020,RT-LOC021-LOC020-LOC023,OUT_FOR_DELIVERY,Normal,Standard,100.98,2026-07-01T03:58:18.925751,2026-07-01T05:51:18.925751,3.84,MEDIUM,0.471,113,2026-07-01T00:00:00
CURR00635,1ZPW1QL7ETBJGW58FO,LOC018,LOC070,LOC050,RT-LOC018-LOC059-LOC005,PROCESSING,Critical,Standard,2.04,2026-06-29T16:00:18.301928,2026-06-29T19:05:18.301928,4.82,MEDIUM,0.63,185,2026-07-01T00:00:00
CURR00636,1ZC7Y5A5ZKNWLOZ2D0,LOC071,LOC060,LOC012,RT-LOC071-LOC050-LOC016,DELAYED,High,Standard,0.36,2026-06-30T21:36:04.463921,2026-07-01T00:12:04.463921,3.29,MEDIUM,0.599,156,2026-07-01T00:00:00
CURR00637,1ZP5X1YME7DMW0DOBU,LOC043,LOC018,LOC015,RT-LOC043-LOC074-LOC045,DELAYED,Normal,Priority,21.79,2026-06-30T15:30:02.139311,2026-06-30T16:38:02.139311,2.79,LOW,0.403,68,2026-07-01T00:00:00
CURR00638,1ZC7KTH8TEFETVB8BG,LOC029,LOC014,LOC028,RT-LOC029-LOC051-LOC028,OUT_FOR_DELIVERY,Low,Standard,10.86,2026-06-29T12:25:33.097413,2026-06-29T13:22:33.097413,3.12,MEDIUM,0.39,57,2026-07-01T00:00:00
CURR00639,1ZL4KE2YRISO3RISPE,LOC053,LOC014,LOC028,RT-LOC053-LOC052-LOC007,IN_TRANSIT,Low,Standard,64.88,2026-07-01T03:53:53.373076,2026-07-01T04:54:53.373076,3.04,MEDIUM,0.387,61,2026-07-01T00:00:00
CURR00640,1Z4CIBNJH39DNJ7X5M,LOC055,LOC030,LOC007,RT-LOC055-LOC008-LOC009,IN_TRANSIT,Low,Standard,59.19,2026-06-29T17:57:08.758526,2026-06-29T21:14:08.758526,5.11,HIGH,0.674,197,2026-07-01T00:00:00
CURR00641,1ZURT5JRMS3UJIGMIV,LOC026,LOC068,LOC012,RT-LOC026-LOC027-LOC063,IN_TRANSIT,Low,Fragile,13.1,2026-06-30T02:19:49.570452,2026-06-30T03:29:49.570452,4.13,MEDIUM,0.525,70,2026-07-01T00:00:00
CURR00642,1ZR890SJW2BF9NYM9M,LOC068,LOC014,LOC070,RT-LOC068-LOC070-LOC031,IN_TRANSIT,Normal,Express,2.94,2026-06-30T13:37:10.653338,2026-06-30T15:46:10.653338,3.71,MEDIUM,0.456,129,2026-07-01T00:00:00
CURR00643,1ZC93GRNCUGN4CGZL1,LOC066,LOC020,LOC012,RT-LOC066-LOC065-LOC067,IN_TRANSIT,Low,Standard,83.82,2026-06-29T15:51:10.810123,2026-06-29T17:52:10.810123,3.58,MEDIUM,0.473,121,2026-07-01T00:00:00
CURR00644,1ZUW8DKUXXM61CY6IY,LOC020,LOC070,LOC059,RT-LOC020-LOC021-LOC004,PROCESSING,Normal,Fragile,91.08,2026-07-01T08:13:43.748091,2026-07-01T10:18:43.748091,4.06,MEDIUM,0.512,125,2026-07-01T00:00:00
CURR00645,1Z9AW44HPNA157GX14,LOC035,LOC023,LOC018,RT-LOC035-LOC036-LOC015,DELAYED,Normal,Priority,100.19,2026-06-30T09:24:33.429354,2026-06-30T11:39:33.429354,4.04,MEDIUM,0.584,135,2026-07-01T00:00:00
CURR00646,1Z3594QFAD97H1ECQZ,LOC003,LOC062,LOC059,RT-LOC003-LOC007-LOC006,PROCESSING,Normal,International,29.91,2026-06-30T05:47:33.281400,2026-06-30T06:50:33.281400,3.71,MEDIUM,0.492,63,2026-07-01T00:00:00
CURR00647,1ZFD9Y0HRYECCD5OI1,LOC016,LOC007,LOC003,RT-LOC016-LOC030-LOC002,DELAYED,Normal,Standard,12.13,2026-06-30T22:43:11.710867,2026-07-01T00:37:11.710867,4.18,MEDIUM,0.525,114,2026-07-01T00:00:00
CURR00648,1ZPJHU7VG8BD71WC5J,LOC025,LOC043,LOC037,RT-LOC025-LOC027-LOC063,DELAYED,Normal,International,136.92,2026-06-30T12:48:13.666777,2026-06-30T13:29:13.666777,3.29,MEDIUM,0.355,41,2026-07-01T00:00:00
CURR00649,1ZOL34933TMK4GEN65,LOC001,LOC034,LOC030,RT-LOC001-LOC051-LOC028,PROCESSING,Normal,Fragile,40.76,2026-06-30T12:28:45.294009,2026-06-30T13:32:45.294009,4.02,MEDIUM,0.501,64,2026-07-01T00:00:00
CURR00650,1Z5Y3NPFW900A01K7S,LOC034,LOC009,LOC022,RT-LOC034-LOC032-LOC065,IN_TRANSIT,Normal,Standard,47.37,2026-06-29T22:51:50.264414,2026-06-30T00:13:50.264414,3.5,MEDIUM,0.435,82,2026-07-01T00:00:00
CURR00651,1ZLEE5O7TSIMS1C9OV,LOC048,LOC049,LOC070,RT-LOC048-LOC036-LOC015,PROCESSING,Low,Standard,13.02,2026-06-30T07:35:10.134628,2026-06-30T09:42:10.134628,4.23,MEDIUM,0.575,127,2026-07-01T00:00:00
CURR00652,1Z0BMHGH3VBVPZORTP,LOC015,LOC042,LOC038,RT-LOC015-LOC045-LOC038,PROCESSING,Critical,International,13.26,2026-06-30T12:09:56.403721,2026-06-30T12:16:56.403721,2.16,LOW,0.234,7,2026-07-01T00:00:00
CURR00653,1Z9B7KDJP38OX9OUYE,LOC075,LOC031,LOC045,RT-LOC075-LOC044-LOC074,IN_TRANSIT,Normal,Standard,100.43,2026-06-30T16:28:02.696159,2026-06-30T18:06:02.696159,3.33,MEDIUM,0.459,98,2026-07-01T00:00:00
CURR00654,1Z3GZUKF7NXVQC4PAR,LOC050,LOC017,LOC016,RT-LOC050-LOC016-LOC030,IN_TRANSIT,Critical,Express,51.07,2026-06-29T19:20:40.229694,2026-06-29T20:25:40.229694,2.63,LOW,0.318,65,2026-07-01T00:00:00
CURR00655,1ZWFLI4B6GIBJO4YXN,LOC036,LOC050,LOC049,RT-LOC036-LOC015-LOC069,IN_TRANSIT,Low,Express,8.07,2026-06-29T18:42:58.460662,2026-06-29T19:47:58.460662,3.92,MEDIUM,0.464,65,2026-07-01T00:00:00
CURR00656,1ZAOJLJLVZ4XGC392D,LOC035,LOC034,LOC033,RT-LOC035-LOC033-LOC034,IN_TRANSIT,High,Standard,29.07,2026-06-30T13:58:29.160279,2026-06-30T16:19:29.160279,3.5,MEDIUM,0.562,141,2026-07-01T00:00:00
CURR00657,1ZL5GUJLDKMR6ATRAP,LOC062,LOC056,LOC004,RT-LOC062-LOC018-LOC019,IN_TRANSIT,Normal,Priority,17.2,2026-06-30T11:47:28.534716,2026-06-30T12:55:28.534716,3.63,MEDIUM,0.532,68,2026-07-01T00:00:00
CURR00658,1ZNHLKCXRL6YNE7ICT,LOC021,LOC066,LOC023,RT-LOC021-LOC020-LOC023,IN_TRANSIT,Normal,International,15.98,2026-07-01T04:45:21.259525,2026-07-01T05:29:21.259525,3.6,MEDIUM,0.389,44,2026-07-01T00:00:00
CURR00659,1ZJ9P2VXE95KMWJIPT,LOC018,LOC061,LOC061,RT-LOC018-LOC061,IN_TRANSIT,Normal,Express,74.6,2026-06-29T10:14:22.936541,2026-06-29T13:04:22.936541,4.35,MEDIUM,0.776,170,2026-07-01T00:00:00
CURR00660,1ZNOFMEJPD2LF72S63,LOC037,LOC072,LOC069,RT-LOC037-LOC038-LOC045,DELAYED,Low,Express,12.6,2026-06-30T13:42:10.269606,2026-06-30T15:36:10.269606,4.51,MEDIUM,0.568,114,2026-07-01T00:00:00
CURR00661,1ZZZ7L3HBW6G53TSV4,LOC061,LOC045,LOC050,RT-LOC061-LOC060-LOC059,IN_TRANSIT,Normal,Priority,5.22,2026-06-30T15:07:56.740088,2026-06-30T16:56:56.740088,3.13,MEDIUM,0.49,109,2026-07-01T00:00:00
CURR00662,1ZBIVL7DTH6I0J5TBV,LOC023,LOC054,LOC004,RT-LOC023-LOC022-LOC021,PROCESSING,Normal,Standard,152.17,2026-06-30T01:14:54.593951,2026-06-30T03:58:54.593951,4.17,MEDIUM,0.569,164,2026-07-01T00:00:00
CURR00663,1ZDWGHH5PLX2WF8BHV,LOC018,LOC021,LOC019,RT-LOC018-LOC019-LOC022,OUT_FOR_DELIVERY,Normal,International,24.16,2026-06-30T02:34:34.787488,2026-06-30T03:43:34.787488,3.58,MEDIUM,0.46,69,2026-07-01T00:00:00
CURR00664,1Z4F5ANK4LPAMZROZD,LOC012,LOC014,LOC065,RT-LOC012-LOC067-LOC065,IN_TRANSIT,Low,International,39.58,2026-06-30T06:42:05.688290,2026-06-30T08:11:05.688290,4.22,MEDIUM,0.534,89,2026-07-01T00:00:00
CURR00665,1ZCTBFA4P47KOAAP96,LOC019,LOC026,LOC013,RT-LOC019-LOC013-LOC024,IN_TRANSIT,Normal,Express,45.86,2026-06-29T16:13:54.549894,2026-06-29T16:53:54.549894,3.0,LOW,0.41,40,2026-07-01T00:00:00
CURR00666,1ZFN2HRU25IF4WNVRF,LOC054,LOC056,LOC055,RT-LOC054-LOC009-LOC055,IN_TRANSIT,Normal,Standard,101.15,2026-06-30T21:40:48.820913,2026-06-30T23:19:48.820913,3.35,MEDIUM,0.406,99,2026-07-01T00:00:00
CURR00667,1ZKQTTN9I35EY8U4AK,LOC056,LOC039,LOC066,RT-LOC056-LOC054-LOC009,IN_TRANSIT,Normal,Express,29.88,2026-06-30T22:31:54.699320,2026-06-30T23:44:54.699320,4.58,MEDIUM,0.586,73,2026-07-01T00:00:00
CURR00668,1ZVF4IDRVCQT1E19X4,LOC059,LOC052,LOC007,RT-LOC059-LOC006-LOC003,PROCESSING,High,Temperature Sensitive,193.29,2026-06-30T09:47:09.310060,2026-06-30T10:40:09.310060,3.21,MEDIUM,0.374,53,2026-07-01T00:00:00
CURR00669,1ZI61FIAKIC14837PI,LOC062,LOC041,LOC032,RT-LOC062-LOC066-LOC065,PROCESSING,Normal,Express,37.1,2026-07-01T07:17:00.504045,2026-07-01T07:26:00.504045,2.01,LOW,0.218,9,2026-07-01T00:00:00
CURR00670,1ZRS1R8DOBDT6U1VS8,LOC011,LOC040,LOC033,RT-LOC011-LOC056-LOC054,IN_TRANSIT,Normal,International,66.28,2026-06-30T16:23:59.034407,2026-06-30T17:30:59.034407,2.76,LOW,0.332,67,2026-07-01T00:00:00
CURR00671,1ZLZG56VH7ODLEI85Z,LOC068,LOC022,LOC012,RT-LOC068-LOC067-LOC012,IN_TRANSIT,Low,Temperature Sensitive,8.16,2026-07-01T00:41:12.121088,2026-07-01T03:24:12.121088,5.33,HIGH,0.661,163,2026-07-01T00:00:00
CURR00672,1ZKEQYXTE20KTA9KVY,LOC047,LOC071,LOC045,RT-LOC047-LOC038-LOC045,OUT_FOR_DELIVERY,Normal,Standard,97.7,2026-06-30T00:44:22.070146,2026-06-30T02:04:22.070146,3.9,MEDIUM,0.525,80,2026-07-01T00:00:00
CURR00673,1ZL5UT95I4VP1RHR08,LOC003,LOC024,LOC059,RT-LOC003-LOC007-LOC006,IN_TRANSIT,Critical,Standard,263.73,2026-07-01T04:21:03.936757,2026-07-01T05:11:03.936757,2.79,LOW,0.332,50,2026-07-01T00:00:00
CURR00674,1ZH5LH7FTY07LRBV2R,LOC001,LOC040,LOC016,RT-LOC001-LOC051-LOC028,IN_TRANSIT,High,Standard,38.42,2026-06-29T22:30:30.267820,2026-06-29T22:42:30.267820,3.3,MEDIUM,0.364,12,2026-07-01T00:00:00
CURR00675,1ZUQWO140N15TYUUBP,LOC038,LOC060,LOC069,RT-LOC038-LOC045-LOC015,DELAYED,Normal,International,22.58,2026-07-01T00:33:23.015549,2026-07-01T00:38:23.015549,1.98,LOW,0.227,5,2026-07-01T00:00:00
CURR00676,1ZX32NS92OKYHVY582,LOC062,LOC027,LOC026,RT-LOC062-LOC063-LOC026,IN_TRANSIT,Normal,Standard,60.35,2026-06-29T19:09:30.878620,2026-06-29T20:15:30.878620,4.76,MEDIUM,0.629,66,2026-07-01T00:00:00
CURR00677,1ZCGI0CC3R3EI1GOZA,LOC024,LOC071,LOC051,RT-LOC024-LOC013-LOC060,DELAYED,Normal,Standard,139.9,2026-07-01T10:08:25.769438,2026-07-01T11:15:25.769438,3.09,MEDIUM,0.348,67,2026-07-01T00:00:00
CURR00678,1Z3DFY7C49D9U2HAEB,LOC019,LOC006,LOC006,RT-LOC019-LOC060-LOC059,DELAYED,Normal,Temperature Sensitive,16.26,2026-06-30T17:23:29.575915,2026-06-30T18:07:29.575915,3.11,MEDIUM,0.333,44,2026-07-01T00:00:00
CURR00679,1ZLFJUUMY8WSLJSM20,LOC001,LOC013,LOC012,RT-LOC001-LOC051-LOC028,IN_TRANSIT,Low,Standard,7.38,2026-06-30T07:25:03.682758,2026-06-30T08:11:03.682758,3.28,MEDIUM,0.389,46,2026-07-01T00:00:00
CURR00680,1ZWB7JSLZAUQIQOMVN,LOC064,LOC030,LOC030,RT-LOC064-LOC012-LOC030,DELAYED,Low,Standard,3.02,2026-06-29T14:37:50.731697,2026-06-29T15:07:50.731697,3.05,MEDIUM,0.347,30,2026-07-01T00:00:00
CURR00681,1ZSO1TYMEGVO87TNKM,LOC067,LOC062,LOC018,RT-LOC067-LOC012-LOC018,IN_TRANSIT,High,International,1.93,2026-07-01T01:01:22.609994,2026-07-01T03:14:22.609994,3.28,MEDIUM,0.647,133,2026-07-01T00:00:00
CURR00682,1ZGFC4I7PDYUJHWS2Y,LOC061,LOC072,LOC002,RT-LOC061-LOC060-LOC059,DELAYED,Normal,Express,12.23,2026-06-29T10:02:57.622835,2026-06-29T11:45:57.622835,3.27,MEDIUM,0.454,103,2026-07-01T00:00:00
CURR00683,1ZCJOVLUTJ5X9WGCFC,LOC065,LOC066,LOC065,RT-LOC065-LOC066,PROCESSING,Normal,Express,158.62,2026-06-30T08:21:01.113039,2026-06-30T10:54:01.113039,4.19,MEDIUM,0.634,153,2026-07-01T00:00:00
CURR00684,1Z2V1X17G924BTQ9O1,LOC034,LOC059,LOC065,RT-LOC034-LOC032-LOC065,DELAYED,Critical,Standard,23.54,2026-06-30T10:39:54.498983,2026-06-30T14:09:54.498983,4.67,MEDIUM,0.641,210,2026-07-01T00:00:00
CURR00685,1ZTEFQQG4TKT5ZNZ1V,LOC009,LOC014,LOC066,RT-LOC009-LOC010-LOC020,IN_TRANSIT,Low,Priority,16.1,2026-06-29T23:11:24.738869,2026-06-30T03:18:24.738869,4.73,MEDIUM,0.687,247,2026-07-01T00:00:00
CURR00686,1Z69BX88PPIYL2E6R7,LOC070,LOC024,LOC013,RT-LOC070-LOC016-LOC030,PROCESSING,High,Express,36.02,2026-06-30T08:57:32.940311,2026-06-30T09:29:32.940311,2.94,LOW,0.321,32,2026-07-01T00:00:00
CURR00687,1Z82NMA9EK5OJQ1KUL,LOC059,LOC016,LOC050,RT-LOC059-LOC005-LOC002,IN_TRANSIT,Low,Standard,22.53,2026-06-29T21:38:32.144155,2026-06-29T22:55:32.144155,4.25,MEDIUM,0.628,77,2026-07-01T00:00:00
CURR00688,1ZNFKIEFTUEDQQHOWK,LOC019,LOC050,LOC005,RT-LOC019-LOC060-LOC059,DELAYED,High,Express,81.39,2026-06-30T01:45:17.736091,2026-06-30T05:07:17.736091,4.71,MEDIUM,0.639,202,2026-07-01T00:00:00
CURR00689,1ZBJAVL0U8V03B61YE,LOC060,LOC025,LOC027,RT-LOC060-LOC013-LOC024,IN_TRANSIT,Normal,Fragile,9.97,2026-06-30T14:14:17.919962,2026-06-30T15:09:17.919962,3.97,MEDIUM,0.533,55,2026-07-01T00:00:00
CURR00690,1Z66UYWBRYSFSTV1YA,LOC002,LOC032,LOC028,RT-LOC002-LOC029-LOC051,PROCESSING,Critical,Express,37.78,2026-06-30T04:01:23.116308,2026-06-30T04:36:23.116308,3.65,MEDIUM,0.488,35,2026-07-01T00:00:00
CURR00691,1ZRSD9F6F69F9K2MBJ,LOC004,LOC052,LOC052,RT-LOC004-LOC052,IN_TRANSIT,Low,Express,70.67,2026-06-30T02:31:10.448219,2026-06-30T04:35:10.448219,3.15,MEDIUM,0.43,124,2026-07-01T00:00:00
CURR00692,1Z43DNPOK9GMKRTYH8,LOC019,LOC047,LOC035,RT-LOC019-LOC013-LOC062,PROCESSING,High,Express,57.16,2026-06-30T20:56:54.450417,2026-06-30T22:29:54.450417,3.68,MEDIUM,0.425,93,2026-07-01T00:00:00
CURR00693,1Z9OGKQR27EH54NM0I,LOC020,LOC073,LOC005,RT-LOC020-LOC021-LOC004,DELAYED,Normal,International,87.21,2026-07-01T23:10:09.510396,2026-07-02T00:05:09.510396,4.66,MEDIUM,0.643,55,2026-07-01T00:00:00
CURR00694,1ZQL27BLRSF68V461S,LOC029,LOC018,LOC028,RT-LOC029-LOC051-LOC028,IN_TRANSIT,Low,Standard,89.9,2026-06-29T22:11:14.018873,2026-06-29T23:34:14.018873,3.45,MEDIUM,0.448,83,2026-07-01T00:00:00
CURR00695,1ZTIM28ZTZKBJYVVO8,LOC017,LOC013,LOC059,RT-LOC017-LOC059-LOC060,OUT_FOR_DELIVERY,Normal,International,23.19,2026-06-30T11:08:33.133638,2026-06-30T12:59:33.133638,4.38,MEDIUM,0.613,111,2026-07-01T00:00:00
CURR00696,1ZV2CN7M4CEYKBHA1C,LOC043,LOC047,LOC047,RT-LOC043-LOC046-LOC047,DELAYED,Critical,Express,10.86,2026-06-29T09:47:30.393894,2026-06-29T11:16:30.393894,4.59,MEDIUM,0.607,89,2026-07-01T00:00:00
CURR00697,1Z8JPCXUHZKORY4RNG,LOC043,LOC061,LOC015,RT-LOC043-LOC074-LOC045,OUT_FOR_DELIVERY,Normal,Priority,121.69,2026-06-30T00:15:14.646936,2026-06-30T01:39:14.646936,3.49,MEDIUM,0.43,84,2026-07-01T00:00:00
CURR00698,1ZVSWS4NCA9805NS02,LOC053,LOC024,LOC006,RT-LOC053-LOC052-LOC007,IN_TRANSIT,Low,Express,31.25,2026-07-01T03:26:25.664981,2026-07-01T04:27:25.664981,4.21,MEDIUM,0.56,61,2026-07-01T00:00:00
CURR00699,1Z72I1KNUJ39ATF6G3,LOC041,LOC062,LOC030,RT-LOC041-LOC042-LOC047,IN_TRANSIT,Low,Standard,41.78,2026-06-29T23:53:43.395024,2026-06-30T01:37:43.395024,3.43,MEDIUM,0.549,104,2026-07-01T00:00:00
CURR00700,1ZX3A6E6ZU1ASPX8M7,LOC009,LOC049,LOC059,RT-LOC009-LOC010-LOC020,DELAYED,High,Priority,2.64,2026-06-30T13:07:38.805941,2026-06-30T15:55:38.805941,3.84,MEDIUM,0.656,168,2026-07-01T00:00:00
CURR00701,1ZQBBWD8WNTQV08LML,LOC059,LOC061,LOC018,RT-LOC059-LOC005-LOC018,OUT_FOR_DELIVERY,High,Standard,39.64,2026-06-29T16:44:55.807869,2026-06-29T19:04:55.807869,3.91,MEDIUM,0.503,140,2026-07-01T00:00:00
CURR00702,1ZY4BA9CPG96VU3KYB,LOC020,LOC037,LOC066,RT-LOC020-LOC023-LOC019,OUT_FOR_DELIVERY,High,Express,36.67,2026-07-01T07:28:39.512696,2026-07-01T09:57:39.512696,4.14,MEDIUM,0.562,149,2026-07-01T00:00:00
CURR00703,1ZK8JRQM3G2LVIVS2Y,LOC005,LOC054,LOC052,RT-LOC005-LOC017-LOC006,PROCESSING,Low,Standard,9.99,2026-06-29T20:45:57.904952,2026-06-29T23:05:57.904952,4.52,MEDIUM,0.619,140,2026-07-01T00:00:00
CURR00704,1ZARI610N3GO1THDIZ,LOC072,LOC017,LOC050,RT-LOC072-LOC028-LOC050,PROCESSING,High,Standard,25.69,2026-06-30T04:11:05.575226,2026-06-30T06:37:05.575226,4.99,MEDIUM,0.68,146,2026-07-01T00:00:00
CURR00705,1ZJQWMQHHD7R8W2XQN,LOC019,LOC034,LOC066,RT-LOC019-LOC013-LOC062,PROCESSING,Normal,Priority,213.27,2026-06-29T11:28:26.529628,2026-06-29T12:59:26.529628,3.3,MEDIUM,0.362,91,2026-07-01T00:00:00
CURR00706,1ZZJ18YJZ56WCHAX59,LOC021,LOC057,LOC055,RT-LOC021-LOC004-LOC009,IN_TRANSIT,Normal,Standard,113.95,2026-06-30T08:34:53.753885,2026-06-30T10:05:53.753885,3.83,MEDIUM,0.488,91,2026-07-01T00:00:00
CURR00707,1ZCBIOF064ALARWJHE,LOC006,LOC010,LOC007,RT-LOC006-LOC003-LOC007,OUT_FOR_DELIVERY,Low,Fragile,144.79,2026-07-01T00:32:45.815135,2026-07-01T02:07:45.815135,4.88,MEDIUM,0.753,95,2026-07-01T00:00:00
CURR00708,1ZVOCJQR1P5TVOC43R,LOC070,LOC021,LOC030,RT-LOC070-LOC016-LOC030,DELAYED,Normal,Standard,0.21,2026-06-30T01:28:26.076739,2026-06-30T04:01:26.076739,4.3,MEDIUM,0.543,153,2026-07-01T00:00:00
CURR00709,1ZBTCGLCBRAA80LQAB,LOC060,LOC063,LOC013,RT-LOC060-LOC013-LOC063,OUT_FOR_DELIVERY,Normal,International,26.49,2026-06-29T13:20:59.003551,2026-06-29T14:22:59.003551,2.57,LOW,0.347,62,2026-07-01T00:00:00
CURR00710,1ZUBB013OXH65N8X11,LOC039,LOC032,LOC034,RT-LOC039-LOC040-LOC038,IN_TRANSIT,High,Express,83.35,2026-07-01T05:31:16.727500,2026-07-01T06:39:16.727500,4.16,MEDIUM,0.531,68,2026-07-01T00:00:00
CURR00711,1ZLZT455OOZIOLXYR4,LOC002,LOC032,LOC050,RT-LOC002-LOC029-LOC051,PROCESSING,High,Standard,254.62,2026-07-01T08:52:09.979910,2026-07-01T09:26:09.979910,3.2,MEDIUM,0.379,34,2026-07-01T00:00:00
CURR00712,1Z7N5I21UYUF9TEIKT,LOC047,LOC043,LOC043,RT-LOC047-LOC046-LOC043,IN_TRANSIT,Normal,Temperature Sensitive,51.4,2026-06-30T04:13:49.026054,2026-06-30T05:37:49.026054,3.73,MEDIUM,0.446,84,2026-07-01T00:00:00
CURR00713,1ZOIRCZDKSK2QTJAUS,LOC001,LOC018,LOC016,RT-LOC001-LOC051-LOC028,OUT_FOR_DELIVERY,Low,Priority,16.09,2026-06-29T19:49:43.463038,2026-06-29T20:07:43.463038,3.99,MEDIUM,0.539,18,2026-07-01T00:00:00
CURR00714,1ZWIDQPZ2VX4Z4DJVR,LOC051,LOC060,LOC018,RT-LOC051-LOC028-LOC050,OUT_FOR_DELIVERY,High,Fragile,18.37,2026-06-30T13:16:45.560553,2026-06-30T14:26:45.560553,3.05,MEDIUM,0.375,70,2026-07-01T00:00:00
CURR00715,1Z16RXT484HCUXLZEA,LOC046,LOC011,LOC019,RT-LOC046-LOC047-LOC038,IN_TRANSIT,Normal,Express,20.51,2026-07-01T00:37:58.231488,2026-07-01T01:14:58.231488,3.39,MEDIUM,0.396,37,2026-07-01T00:00:00
CURR00716,1ZZ8ZFMJLISNYXTF35,LOC032,LOC049,LOC031,RT-LOC032-LOC033-LOC014,PROCESSING,Low,Fragile,12.2,2026-06-29T20:13:15.040852,2026-06-29T22:21:15.040852,4.58,MEDIUM,0.593,128,2026-07-01T00:00:00
CURR00717,1ZSV86H6D9KOCU37B5,LOC047,LOC052,LOC006,RT-LOC047-LOC038-LOC045,PROCESSING,Normal,Standard,30.95,2026-07-01T08:05:49.730809,2026-07-01T08:34:49.730809,3.21,MEDIUM,0.396,29,2026-07-01T00:00:00
CURR00718,1ZR005WFUIWS8Y6QPY,LOC036,LOC070,LOC069,RT-LOC036-LOC015-LOC069,OUT_FOR_DELIVERY,Normal,Standard,115.85,2026-06-30T21:25:11.405940,2026-06-30T22:37:11.405940,4.05,MEDIUM,0.553,72,2026-07-01T00:00:00
CURR00719,1ZX89OIIQIGKJ67TXS,LOC034,LOC037,LOC035,RT-LOC034-LOC033-LOC035,IN_TRANSIT,High,Express,4.23,2026-06-30T10:44:53.254799,2026-06-30T12:22:53.254799,3.39,MEDIUM,0.424,98,2026-07-01T00:00:00
CURR00720,1Z1GRJT898DBTATUJM,LOC047,LOC004,LOC069,RT-LOC047-LOC038-LOC045,OUT_FOR_DELIVERY,Critical,Priority,11.64,2026-06-30T09:59:52.369656,2026-06-30T11:49:52.369656,4.47,MEDIUM,0.598,110,2026-07-01T00:00:00
CURR00721,1ZZXK7MZF5EJIVVR14,LOC040,LOC074,LOC038,RT-LOC040-LOC038-LOC045,OUT_FOR_DELIVERY,Critical,Express,68.06,2026-06-30T04:28:22.666420,2026-06-30T04:56:22.666420,3.08,MEDIUM,0.355,28,2026-07-01T00:00:00
CURR00722,1ZCOV7CL1CVQJ3V1VD,LOC012,LOC044,LOC074,RT-LOC012-LOC067-LOC068,IN_TRANSIT,High,Standard,24.89,2026-06-30T18:55:15.155396,2026-06-30T19:32:15.155396,4.57,MEDIUM,0.615,37,2026-07-01T00:00:00
CURR00723,1ZSFDUZCIIVSII7ZH4,LOC068,LOC018,LOC012,RT-LOC068-LOC067-LOC012,PROCESSING,Critical,International,10.98,2026-06-29T07:04:33.165750,2026-06-29T09:32:33.165750,3.58,MEDIUM,0.545,148,2026-07-01T00:00:00
CURR00724,1Z6PAZTZ1VXKPE6CH5,LOC042,LOC038,LOC047,RT-LOC042-LOC047-LOC038,IN_TRANSIT,Normal,Express,137.05,2026-06-30T10:50:33.452077,2026-06-30T11:41:33.452077,3.62,MEDIUM,0.457,51,2026-07-01T00:00:00
CURR00725,1ZIOZ5BVHQCCCIKEOD,LOC026,LOC039,LOC066,RT-LOC026-LOC027-LOC063,DELAYED,Low,Standard,14.72,2026-07-01T06:09:46.747953,2026-07-01T07:59:46.747953,4.62,MEDIUM,0.627,110,2026-07-01T00:00:00
CURR00726,1ZU73VSRHQRHJVNC09,LOC008,LOC010,LOC009,RT-LOC008-LOC009-LOC010,OUT_FOR_DELIVERY,Normal,Fragile,8.04,2026-06-30T17:07:43.034688,2026-06-30T18:55:43.034688,4.72,MEDIUM,0.608,108,2026-07-01T00:00:00
CURR00727,1ZG5A1E8E6V73O0PJE,LOC019,LOC070,LOC005,RT-LOC019-LOC060-LOC059,OUT_FOR_DELIVERY,Low,Express,20.57,2026-06-30T09:32:46.182305,2026-06-30T10:28:46.182305,2.98,LOW,0.433,56,2026-07-01T00:00:00
CURR00728,1ZZN7TX8BS13GDCE7L,LOC058,LOC036,LOC065,RT-LOC058-LOC055-LOC008,OUT_FOR_DELIVERY,Critical,Fragile,67.45,2026-07-01T07:54:42.258541,2026-07-01T10:49:42.258541,5.46,HIGH,0.695,175,2026-07-01T00:00:00
CURR00729,1ZZOJWDT00OGSTG1O6,LOC025,LOC067,LOC012,RT-LOC025-LOC027-LOC063,PROCESSING,Normal,International,3.82,2026-06-30T19:16:22.901429,2026-06-30T21:36:22.901429,4.41,MEDIUM,0.801,140,2026-07-01T00:00:00
CURR00730,1ZHS6JS2LWJ7MX2E5C,LOC021,LOC031,LOC051,RT-LOC021-LOC004-LOC007,PROCESSING,High,Fragile,75.47,2026-07-01T08:25:23.471033,2026-07-01T08:38:23.471033,2.94,LOW,0.31,13,2026-07-01T00:00:00
CURR00731,1Z1ZVNUOM4YSOJQJVO,LOC022,LOC067,LOC007,RT-LOC022-LOC021-LOC004,DELAYED,Low,Express,51.73,2026-06-30T18:13:10.204265,2026-06-30T18:33:10.204265,2.65,LOW,0.324,20,2026-07-01T00:00:00
CURR00732,1Z8GNXL5WIWT0RVSTK,LOC018,LOC051,LOC005,RT-LOC018-LOC059-LOC005,IN_TRANSIT,Normal,Standard,13.25,2026-06-30T22:37:52.874901,2026-06-30T23:18:52.874901,2.88,LOW,0.368,41,2026-07-01T00:00:00
CURR00733,1ZDF8FL8M9BOTDFVA1,LOC040,LOC047,LOC039,RT-LOC040-LOC039-LOC047,DELAYED,Low,Standard,120.72,2026-06-30T13:22:19.130458,2026-06-30T14:32:19.130458,2.36,LOW,0.338,70,2026-07-01T00:00:00
CURR00734,1Z40VYB1SLAP0C62OR,LOC074,LOC022,LOC016,RT-LOC074-LOC045-LOC015,IN_TRANSIT,High,Express,78.99,2026-06-30T16:23:21.918701,2026-06-30T18:18:21.918701,4.52,MEDIUM,0.681,115,2026-07-01T00:00:00
CURR00735,1ZZ7WI6ITE0ZNN4ZAW,LOC075,LOC074,LOC044,RT-LOC075-LOC044-LOC074,IN_TRANSIT,Normal,Standard,93.6,2026-06-29T19:04:09.284463,2026-06-29T20:15:09.284463,3.82,MEDIUM,0.483,71,2026-07-01T00:00:00
CURR00736,1ZTH0GX28FOPI1F1TI,LOC012,LOC062,LOC018,RT-LOC012-LOC018-LOC062,DELAYED,Critical,Express,31.98,2026-06-29T21:02:55.503623,2026-06-29T22:23:55.503623,2.69,LOW,0.378,81,2026-07-01T00:00:00
CURR00737,1ZV37HH6V3BBMG3KCQ,LOC034,LOC009,LOC012,RT-LOC034-LOC032-LOC065,OUT_FOR_DELIVERY,Low,Standard,163.76,2026-06-30T13:24:15.480049,2026-06-30T16:24:15.480049,4.04,MEDIUM,0.645,180,2026-07-01T00:00:00
CURR00738,1Z8WLBPZ36D9KGACEV,LOC007,LOC017,LOC017,RT-LOC007-LOC006-LOC059,PROCESSING,Low,Express,53.82,2026-06-30T17:41:02.017774,2026-06-30T18:18:02.017774,4.3,MEDIUM,0.594,37,2026-07-01T00:00:00
CURR00739,1Z0F2MBFRJ9W5KWJO5,LOC030,LOC074,LOC015,RT-LOC030-LOC016-LOC069,PROCESSING,Low,International,22.46,2026-06-30T11:03:14.504401,2026-06-30T11:24:14.504401,2.99,LOW,0.36,21,2026-07-01T00:00:00
CURR00740,1ZVXGEUQ1WU1HC0XOS,LOC044,LOC002,LOC016,RT-LOC044-LOC074-LOC045,IN_TRANSIT,Normal,Express,7.44,2026-06-30T02:22:39.332113,2026-06-30T04:56:39.332113,4.78,MEDIUM,0.744,154,2026-07-01T00:00:00
CURR00741,1ZZH1ILMM2ZLIN6IBU,LOC055,LOC039,LOC019,RT-LOC055-LOC008-LOC009,IN_TRANSIT,Low,Express,11.76,2026-07-01T23:21:37.261462,2026-07-02T00:13:37.261462,3.23,MEDIUM,0.413,52,2026-07-01T00:00:00
CURR00742,1Z9U56X9VGGRA67W5T,LOC051,LOC028,LOC028,RT-LOC051-LOC028,IN_TRANSIT,Normal,Fragile,19.84,2026-06-30T10:42:29.875428,2026-06-30T11:44:29.875428,3.37,MEDIUM,0.39,62,2026-07-01T00:00:00
CURR00743,1ZA18ZVZERXUVL4IKL,LOC032,LOC007,LOC059,RT-LOC032-LOC065-LOC067,IN_TRANSIT,High,Standard,27.82,2026-07-01T05:34:18.784356,2026-07-01T05:39:18.784356,3.46,MEDIUM,0.45,5,2026-07-01T00:00:00
CURR00744,1ZWJLJ8K4W4C8HQ0WX,LOC008,LOC059,LOC020,RT-LOC008-LOC009-LOC010,PROCESSING,Critical,Standard,72.14,2026-07-01T01:53:03.796328,2026-07-01T03:19:03.796328,4.6,MEDIUM,0.574,86,2026-07-01T00:00:00
CURR00745,1Z1YGQEXD75MFOB6WF,LOC031,LOC018,LOC012,RT-LOC031-LOC070-LOC016,IN_TRANSIT,High,Fragile,8.66,2026-06-30T13:04:26.416585,2026-06-30T14:44:26.416585,3.37,MEDIUM,0.414,100,2026-07-01T00:00:00
CURR00746,1ZWTMV63ZWIY4TYS3D,LOC067,LOC047,LOC033,RT-LOC067-LOC065-LOC032,IN_TRANSIT,High,Express,6.71,2026-06-30T08:38:47.292004,2026-06-30T10:13:47.292004,3.45,MEDIUM,0.49,95,2026-07-01T00:00:00
CURR00747,1ZT1J0JF8G88CZHUQT,LOC029,LOC024,LOC012,RT-LOC029-LOC051-LOC028,IN_TRANSIT,Low,Express,59.24,2026-06-29T16:55:52.524562,2026-06-29T21:12:52.524562,4.87,MEDIUM,0.86,257,2026-07-01T00:00:00
CURR00748,1ZWT2G59OYD0VIVDZY,LOC062,LOC022,LOC019,RT-LOC062-LOC018-LOC019,DELAYED,High,Standard,23.76,2026-06-29T08:54:56.080368,2026-06-29T11:43:56.080368,4.72,MEDIUM,0.633,169,2026-07-01T00:00:00
CURR00749,1Z8NXZ8069Y356JFT5,LOC035,LOC064,LOC032,RT-LOC035-LOC033-LOC034,IN_TRANSIT,Low,Express,2.5,2026-07-01T00:44:03.334021,2026-07-01T01:11:03.334021,3.25,MEDIUM,0.364,27,2026-07-01T00:00:00
CURR00750,1ZOK9U5X7WKISLKIHQ,LOC056,LOC001,LOC002,RT-LOC056-LOC054-LOC009,OUT_FOR_DELIVERY,Low,Fragile,6.89,2026-06-30T19:17:48.393665,2026-06-30T21:25:48.393665,4.33,MEDIUM,0.54,128,2026-07-01T00:00:00
CURR00751,1ZLP40WK34MRYF5N03,LOC055,LOC024,LOC020,RT-LOC055-LOC008-LOC009,OUT_FOR_DELIVERY,Normal,Standard,23.48,2026-06-30T13:17:30.624867,2026-06-30T14:15:30.624867,3.29,MEDIUM,0.436,58,2026-07-01T00:00:00
CURR00752,1ZEH1DWXGCOY6TJHGM,LOC041,LOC009,LOC069,RT-LOC041-LOC042-LOC047,IN_TRANSIT,Low,Express,9.09,2026-07-01T05:54:31.856897,2026-07-01T08:04:31.856897,3.43,MEDIUM,0.44,130,2026-07-01T00:00:00
CURR00753,1ZBVIJFPZ1LSEQCFBJ,LOC045,LOC027,LOC063,RT-LOC045-LOC015-LOC069,IN_TRANSIT,Normal,Express,45.08,2026-06-30T06:00:47.564386,2026-06-30T08:36:47.564386,4.27,MEDIUM,0.58,156,2026-07-01T00:00:00
CURR00754,1ZR68Q0A9VR0WILOYB,LOC042,LOC074,LOC043,RT-LOC042-LOC046-LOC043,PROCESSING,High,Fragile,140.98,2026-07-01T01:32:00.205924,2026-07-01T02:18:00.205924,5.05,HIGH,0.624,46,2026-07-01T00:00:00
CURR00755,1Z2RPBD14DF5AT635N,LOC035,LOC027,LOC062,RT-LOC035-LOC033-LOC034,OUT_FOR_DELIVERY,Normal,Standard,0.21,2026-07-01T03:56:21.146197,2026-07-01T04:20:21.146197,2.6,LOW,0.284,24,2026-07-01T00:00:00
CURR00756,1ZD6GQXU4GTWMNBVVI,LOC075,LOC066,LOC069,RT-LOC075-LOC044-LOC074,OUT_FOR_DELIVERY,High,Express,14.07,2026-07-01T00:50:56.646550,2026-07-01T02:42:56.646550,4.74,MEDIUM,0.634,112,2026-07-01T00:00:00
CURR00757,1Z5J6V4OGW4THBRIKK,LOC046,LOC010,LOC069,RT-LOC046-LOC047-LOC038,OUT_FOR_DELIVERY,Critical,Priority,91.8,2026-07-01T11:10:32.015530,2026-07-01T13:19:32.015530,4.32,MEDIUM,0.618,129,2026-07-01T00:00:00
CURR00758,1ZGDAU3SPLS9VTVDGT,LOC018,LOC026,LOC026,RT-LOC018-LOC062-LOC063,IN_TRANSIT,Normal,Standard,2.57,2026-07-01T03:35:23.376206,2026-07-01T03:51:23.376206,2.7,LOW,0.339,16,2026-07-01T00:00:00
CURR00759,1ZIIOKFPSQRBKI9DC8,LOC038,LOC031,LOC045,RT-LOC038-LOC045-LOC015,OUT_FOR_DELIVERY,Low,Express,45.37,2026-06-30T22:13:54.655138,2026-07-01T02:20:54.655138,4.32,MEDIUM,0.822,247,2026-07-01T00:00:00
CURR00760,1ZP962K7FKPA0X9UHN,LOC034,LOC028,LOC031,RT-LOC034-LOC033-LOC014,IN_TRANSIT,Critical,Standard,32.17,2026-06-30T04:33:15.073042,2026-06-30T04:44:15.073042,2.17,LOW,0.246,11,2026-07-01T00:00:00
CURR00761,1Z4Q47YDC585AXJ0AR,LOC007,LOC061,LOC018,RT-LOC007-LOC006-LOC059,IN_TRANSIT,Normal,Priority,1.69,2026-06-29T15:37:20.270734,2026-06-29T17:50:20.270734,3.76,MEDIUM,0.559,133,2026-07-01T00:00:00
CURR00762,1Z1BGCSKRKPEQYRFE7,LOC003,LOC015,LOC016,RT-LOC003-LOC007-LOC006,IN_TRANSIT,Normal,Temperature Sensitive,42.37,2026-06-30T11:32:01.986516,2026-06-30T11:56:01.986516,3.56,MEDIUM,0.356,24,2026-07-01T00:00:00
CURR00763,1Z14DS012Z3ZJ42HLW,LOC060,LOC023,LOC013,RT-LOC060-LOC013-LOC019,IN_TRANSIT,Critical,Standard,176.69,2026-06-30T13:32:44.087768,2026-06-30T14:38:44.087768,2.71,LOW,0.385,66,2026-07-01T00:00:00
CURR00764,1ZEY9PDG9K9QB3A80T,LOC056,LOC040,LOC019,RT-LOC056-LOC054-LOC009,IN_TRANSIT,Low,Standard,31.49,2026-07-01T13:41:23.614505,2026-07-01T15:12:23.614505,4.11,MEDIUM,0.509,91,2026-07-01T00:00:00
CURR00765,1ZIJHJ9CMEST54P538,LOC057,LOC051,LOC021,RT-LOC057-LOC055-LOC008,IN_TRANSIT,Normal,Fragile,99.17,2026-06-30T17:16:37.786511,2026-06-30T18:38:37.786511,3.3,MEDIUM,0.334,82,2026-07-01T00:00:00
CURR00766,1ZPOF2S8941ZLZTLXB,LOC060,LOC020,LOC021,RT-LOC060-LOC013-LOC019,IN_TRANSIT,Critical,Express,35.97,2026-06-29T17:13:55.374406,2026-06-29T18:01:55.374406,2.82,LOW,0.359,48,2026-07-01T00:00:00
CURR00767,1ZV483E3OT6LO9RZ3U,LOC070,LOC052,LOC003,RT-LOC070-LOC016-LOC030,PROCESSING,Critical,Standard,23.26,2026-06-29T18:33:43.395237,2026-06-29T19:11:43.395237,2.69,LOW,0.367,38,2026-07-01T00:00:00
CURR00768,1ZWLWB9J0DYGPLIGVX,LOC040,LOC005,LOC069,RT-LOC040-LOC038-LOC045,IN_TRANSIT,High,Express,90.4,2026-07-01T06:26:58.636293,2026-07-01T06:55:58.636293,2.41,LOW,0.301,29,2026-07-01T00:00:00
CURR00769,1Z2MJ7M7G9V9B3F6OM,LOC051,LOC043,LOC069,RT-LOC051-LOC028-LOC050,PROCESSING,Normal,Standard,78.11,2026-07-01T07:38:02.312717,2026-07-01T09:18:02.312717,3.36,MEDIUM,0.367,100,2026-07-01T00:00:00
CURR00770,1ZRRBXZ43U86VJLQXQ,LOC073,LOC005,LOC016,RT-LOC073-LOC045-LOC015,IN_TRANSIT,Critical,Express,7.45,2026-06-30T18:41:05.268574,2026-06-30T18:49:05.268574,2.57,LOW,0.294,8,2026-07-01T00:00:00
CURR00771,1Z4PY77L7DVZ9LJB8O,LOC070,LOC009,LOC021,RT-LOC070-LOC016-LOC030,IN_TRANSIT,Normal,Express,124.48,2026-06-30T12:51:42.846399,2026-06-30T15:03:42.846399,5.52,HIGH,0.733,132,2026-07-01T00:00:00
CURR00772,1ZO0EF70OLCRSQXAXJ,LOC075,LOC033,LOC045,RT-LOC075-LOC044-LOC074,IN_TRANSIT,Normal,Standard,102.91,2026-07-01T06:40:49.286300,2026-07-01T09:49:49.286300,3.97,MEDIUM,0.56,189,2026-07-01T00:00:00
CURR00773,1ZXYEORSNE7M3ZZ9OU,LOC066,LOC049,LOC067,RT-LOC066-LOC065-LOC067,PROCESSING,Low,International,114.63,2026-07-01T05:42:14.508955,2026-07-01T06:56:14.508955,3.58,MEDIUM,0.418,74,2026-07-01T00:00:00
CURR00774,1ZIUWQ99UXMTZZR13B,LOC034,LOC035,LOC033,RT-LOC034-LOC033-LOC035,PROCESSING,High,International,66.4,2026-06-30T20:34:26.723432,2026-06-30T21:09:26.723432,3.37,MEDIUM,0.451,35,2026-07-01T00:00:00
CURR00775,1ZFQD7U2QSNMZRUPDN,LOC064,LOC006,LOC059,RT-LOC064-LOC012-LOC018,IN_TRANSIT,Normal,International,162.39,2026-06-29T21:47:14.184741,2026-06-29T23:30:14.184741,3.43,MEDIUM,0.405,103,2026-07-01T00:00:00
CURR00776,1ZI9R310PC0A5CMVKW,LOC065,LOC029,LOC018,RT-LOC065-LOC067-LOC012,IN_TRANSIT,High,Temperature Sensitive,39.86,2026-06-30T07:37:49.587974,2026-06-30T10:09:49.587974,4.53,MEDIUM,0.537,152,2026-07-01T00:00:00
CURR00777,1ZNZ3SJXIRZC6JSXV9,LOC034,LOC017,LOC018,RT-LOC034-LOC032-LOC065,IN_TRANSIT,Low,Express,36.93,2026-07-01T02:54:14.848975,2026-07-01T03:40:14.848975,3.88,MEDIUM,0.482,46,2026-07-01T00:00:00
CURR00778,1Z7CVXWDXCJXYP4Y73,LOC015,LOC022,LOC012,RT-LOC015-LOC069-LOC016,DELAYED,Normal,Express,139.14,2026-06-29T23:43:35.650149,2026-06-30T00:08:35.650149,2.91,LOW,0.334,25,2026-07-01T00:00:00
CURR00779,1ZPJOTCIGQZHYG4YT6,LOC023,LOC020,LOC020,RT-LOC023-LOC020,IN_TRANSIT,Low,Standard,4.89,2026-06-30T19:03:22.351930,2026-06-30T21:55:22.351930,3.19,MEDIUM,0.643,172,2026-07-01T00:00:00
CURR00780,1Z5HVQWQEI1DHOKXJ6,LOC058,LOC055,LOC058,RT-LOC058-LOC055,OUT_FOR_DELIVERY,Normal,Standard,160.88,2026-06-29T01:05:31.656851,2026-06-29T02:42:31.656851,3.91,MEDIUM,0.533,97,2026-07-01T00:00:00
CURR00781,1Z6XZ6X7I5QK9C5N2W,LOC011,LOC033,LOC013,RT-LOC011-LOC056-LOC054,IN_TRANSIT,Normal,Temperature Sensitive,201.92,2026-06-30T10:13:20.263841,2026-06-30T11:56:20.263841,3.79,MEDIUM,0.498,103,2026-07-01T00:00:00
CURR00782,1ZNQIW1Y7327H1FRF3,LOC068,LOC010,LOC019,RT-LOC068-LOC067-LOC012,IN_TRANSIT,Normal,Express,61.72,2026-06-29T16:12:13.449221,2026-06-29T17:14:13.449221,3.27,MEDIUM,0.446,62,2026-07-01T00:00:00
CURR00783,1Z4QL8M653QVXCBUY3,LOC053,LOC010,LOC052,RT-LOC053-LOC052-LOC009,DELAYED,Normal,Standard,67.64,2026-06-30T20:42:23.142553,2026-06-30T21:39:23.142553,2.7,LOW,0.332,57,2026-07-01T00:00:00
CURR00784,1ZZHJY24E9GEZ13BD1,LOC054,LOC042,LOC013,RT-LOC054-LOC009-LOC010,IN_TRANSIT,Low,Standard,45.44,2026-07-01T08:55:17.999381,2026-07-01T09:08:17.999381,2.79,LOW,0.329,13,2026-07-01T00:00:00
CURR00785,1Z4UOQUKXPSPGVMDTP,LOC051,LOC061,LOC016,RT-LOC051-LOC028-LOC050,DELAYED,High,International,21.88,2026-06-29T19:02:11.352030,2026-06-29T20:43:11.352030,2.9,LOW,0.466,101,2026-07-01T00:00:00
CURR00786,1ZPGJS92RQWUHQSOAN,LOC018,LOC067,LOC018,RT-LOC018-LOC012-LOC067,OUT_FOR_DELIVERY,Normal,International,20.28,2026-06-29T23:27:52.178799,2026-06-30T00:44:52.178799,3.8,MEDIUM,0.571,77,2026-07-01T00:00:00
CURR00787,1ZYX2NB9FY24U350WC,LOC022,LOC069,LOC006,RT-LOC022-LOC021-LOC004,IN_TRANSIT,Low,Fragile,10.97,2026-06-29T22:56:00.383327,2026-06-30T01:13:00.383327,4.02,MEDIUM,0.511,137,2026-07-01T00:00:00
CURR00788,1Z3QSG0ZJ9HIPGIWAK,LOC018,LOC061,LOC018,RT-LOC018-LOC061,PROCESSING,Low,Express,17.53,2026-06-29T14:11:12.552938,2026-06-29T16:19:12.552938,3.9,MEDIUM,0.575,128,2026-07-01T00:00:00
CURR00789,1ZX89Y2L8D9X05HXGH,LOC047,LOC063,LOC069,RT-LOC047-LOC038-LOC045,PROCESSING,Normal,Standard,87.89,2026-07-01T13:40:50.196763,2026-07-01T14:44:50.196763,2.94,LOW,0.365,64,2026-07-01T00:00:00
CURR00790,1ZYSEKZU26DK6UWZPS,LOC013,LOC072,LOC029,RT-LOC013-LOC060-LOC059,DELAYED,High,Fragile,22.3,2026-07-01T03:01:06.239142,2026-07-01T04:55:06.239142,4.03,MEDIUM,0.513,114,2026-07-01T00:00:00
CURR00791,1Z2MX4480WA2VSLWC5,LOC060,LOC030,LOC051,RT-LOC060-LOC059-LOC005,IN_TRANSIT,Normal,Standard,47.25,2026-07-01T00:53:03.562187,2026-07-01T01:54:03.562187,3.55,MEDIUM,0.403,61,2026-07-01T00:00:00
CURR00792,1ZDAL2IVHR4LU06TRY,LOC064,LOC010,LOC019,RT-LOC064-LOC012-LOC018,IN_TRANSIT,Normal,Express,59.54,2026-06-30T06:42:15.220102,2026-06-30T09:01:15.220102,3.69,MEDIUM,0.558,139,2026-07-01T00:00:00
CURR00793,1ZFTKEODHF42P3ZY0N,LOC068,LOC055,LOC004,RT-LOC068-LOC067-LOC012,IN_TRANSIT,Normal,Express,78.09,2026-06-30T05:30:56.272306,2026-06-30T06:43:56.272306,3.26,MEDIUM,0.447,73,2026-07-01T00:00:00
CURR00794,1Z43UKORITATM7AZLJ,LOC045,LOC035,LOC038,RT-LOC045-LOC038-LOC037,OUT_FOR_DELIVERY,Normal,International,47.53,2026-06-30T14:12:25.042115,2026-06-30T14:24:25.042115,2.06,LOW,0.22,12,2026-07-01T00:00:00
CURR00795,1ZBR87AP6QKF2OUXLB,LOC030,LOC048,LOC033,RT-LOC030-LOC067-LOC065,IN_TRANSIT,High,Express,13.97,2026-07-01T12:16:01.266311,2026-07-01T12:46:01.266311,2.66,LOW,0.292,30,2026-07-01T00:00:00
CURR00796,1Z17JSG88HMHXW7FY3,LOC051,LOC025,LOC063,RT-LOC051-LOC028-LOC050,IN_TRANSIT,Normal,Standard,49.7,2026-06-29T18:59:14.148528,2026-06-29T22:01:14.148528,3.4,MEDIUM,0.638,182,2026-07-01T00:00:00
CURR00797,1Z0SP36ZVRC7YDUZ6E,LOC032,LOC048,LOC035,RT-LOC032-LOC033-LOC035,IN_TRANSIT,Normal,Priority,16.69,2026-06-30T01:16:48.603877,2026-06-30T02:26:48.603877,3.61,MEDIUM,0.543,70,2026-07-01T00:00:00
CURR00798,1ZQ78G82GGFNN4O9LM,LOC018,LOC007,LOC003,RT-LOC018-LOC059-LOC006,IN_TRANSIT,Normal,Standard,10.76,2026-06-30T02:32:13.000930,2026-06-30T03:31:13.000930,2.86,LOW,0.344,59,2026-07-01T00:00:00
CURR00799,1ZVXNIC0VB40VFQICL,LOC056,LOC019,LOC020,RT-LOC056-LOC054-LOC009,IN_TRANSIT,Normal,Express,28.55,2026-06-30T15:28:51.028502,2026-06-30T16:55:51.028502,3.33,MEDIUM,0.541,87,2026-07-01T00:00:00
CURR00800,1Z5GRO2GEIFRMYF2OA,LOC005,LOC040,LOC033,RT-LOC005-LOC018-LOC062,PROCESSING,High,Standard,229.39,2026-06-30T16:15:43.254541,2026-06-30T17:58:43.254541,2.79,LOW,0.442,103,2026-07-01T00:00:00
CURR00801,1ZVXGZXJ81RSZS7LW0,LOC028,LOC067,LOC030,RT-LOC028-LOC050-LOC016,DELAYED,Normal,Standard,21.68,2026-06-30T08:02:29.275580,2026-06-30T09:10:29.275580,2.89,LOW,0.383,68,2026-07-01T00:00:00
CURR00802,1ZBZY5PBWTK972WM84,LOC038,LOC052,LOC002,RT-LOC038-LOC045-LOC015,PROCESSING,Low,Fragile,142.46,2026-07-01T04:21:56.604834,2026-07-01T04:35:56.604834,2.98,LOW,0.292,14,2026-07-01T00:00:00
CURR00803,1ZRFIGJZQ7YD4M4SI7,LOC018,LOC007,LOC003,RT-LOC018-LOC059-LOC006,IN_TRANSIT,High,Fragile,7.02,2026-07-01T04:01:56.196665,2026-07-01T06:06:56.196665,4.12,MEDIUM,0.513,125,2026-07-01T00:00:00
CURR00804,1Z7RZQDIU236SOXBQ5,LOC046,LOC069,LOC045,RT-LOC046-LOC047-LOC038,DELAYED,Critical,Fragile,11.03,2026-06-30T18:00:56.636934,2026-06-30T18:43:56.636934,3.73,MEDIUM,0.426,43,2026-07-01T00:00:00
CURR00805,1Z6RHEMIDQB7MCG671,LOC047,LOC031,LOC015,RT-LOC047-LOC038-LOC045,IN_TRANSIT,Normal,Standard,52.6,2026-06-29T23:14:10.393008,2026-06-30T01:50:10.393008,4.5,MEDIUM,0.714,156,2026-07-01T00:00:00
CURR00806,1ZR6UI8SGWAC7MA2ZN,LOC060,LOC055,LOC006,RT-LOC060-LOC059-LOC006,IN_TRANSIT,Low,International,23.17,2026-06-29T19:31:24.909859,2026-06-29T20:50:24.909859,4.02,MEDIUM,0.501,79,2026-07-01T00:00:00
CURR00807,1ZA29IGZ6PQQQBIVCQ,LOC020,LOC073,LOC059,RT-LOC020-LOC021-LOC004,OUT_FOR_DELIVERY,Normal,Standard,6.93,2026-07-01T12:22:19.078314,2026-07-01T15:07:19.078314,5.04,HIGH,0.655,165,2026-07-01T00:00:00
CURR00808,1ZDJTULES0ZJKWQLDQ,LOC031,LOC005,LOC059,RT-LOC031-LOC070-LOC016,PROCESSING,Normal,Standard,1.27,2026-06-30T20:22:00.449502,2026-06-30T22:31:00.449502,4.62,MEDIUM,0.594,129,2026-07-01T00:00:00
CURR00809,1ZQXVPVULFVADJR9HS,LOC061,LOC013,LOC061,RT-LOC061-LOC013,OUT_FOR_DELIVERY,High,Standard,82.55,2026-06-30T23:21:53.474015,2026-06-30T23:45:53.474015,2.7,LOW,0.31,24,2026-07-01T00:00:00
CURR00810,1ZDZ3HTSU3CJT5X7Z7,LOC050,LOC033,LOC030,RT-LOC050-LOC016-LOC030,DELAYED,Normal,Express,15.63,2026-06-29T15:39:45.249162,2026-06-29T16:34:45.249162,2.67,LOW,0.318,55,2026-07-01T00:00:00
CURR00811,1ZTD8EJEOYUQBOK4LB,LOC002,LOC003,LOC006,RT-LOC002-LOC006-LOC003,PROCESSING,Critical,Standard,33.11,2026-06-30T11:27:23.891658,2026-06-30T13:22:23.891658,3.67,MEDIUM,0.514,115,2026-07-01T00:00:00
CURR00812,1ZNE4CHCLJJ4S5U140,LOC031,LOC019,LOC016,RT-LOC031-LOC070-LOC016,OUT_FOR_DELIVERY,High,Standard,85.69,2026-06-29T13:46:43.106029,2026-06-29T17:03:43.106029,5.01,HIGH,0.664,197,2026-07-01T00:00:00
CURR00813,1ZDWIQ5TXCYRMEXBGC,LOC037,LOC004,LOC069,RT-LOC037-LOC038-LOC045,IN_TRANSIT,High,Standard,19.38,2026-07-02T01:13:52.884816,2026-07-02T03:55:52.884816,4.87,MEDIUM,0.671,162,2026-07-01T00:00:00
CURR00814,1Z7AKD6B0T3LT45Z1D,LOC061,LOC058,LOC006,RT-LOC061-LOC060-LOC059,IN_TRANSIT,Low,International,34.99,2026-06-30T00:48:58.610406,2026-06-30T03:46:58.610406,5.25,HIGH,0.917,178,2026-07-01T00:00:00
CURR00815,1ZRFA9WQZKC3EP85PR,LOC053,LOC046,LOC033,RT-LOC053-LOC052-LOC007,PROCESSING,Normal,Express,47.72,2026-06-30T23:55:40.932219,2026-07-01T01:39:40.932219,3.76,MEDIUM,0.494,104,2026-07-01T00:00:00
CURR00816,1ZZ1Q40QRMQJN3PD0S,LOC044,LOC032,LOC031,RT-LOC044-LOC074-LOC045,OUT_FOR_DELIVERY,Low,Express,3.93,2026-06-30T14:24:27.136198,2026-06-30T16:09:27.136198,4.79,MEDIUM,0.625,105,2026-07-01T00:00:00
CURR00817,1ZI6VEBFC07HC494K1,LOC040,LOC014,LOC069,RT-LOC040-LOC038-LOC045,IN_TRANSIT,High,Express,91.54,2026-06-30T18:21:42.170162,2026-06-30T19:09:42.170162,4.27,MEDIUM,0.578,48,2026-07-01T00:00:00
CURR00818,1ZBNLZFPZJZBO9I73X,LOC033,LOC010,LOC067,RT-LOC033-LOC034-LOC032,DELAYED,High,Express,102.1,2026-06-30T04:30:28.056239,2026-06-30T05:30:28.056239,3.1,MEDIUM,0.466,60,2026-07-01T00:00:00
CURR00819,1ZMJJ16MOBE89MVH1L,LOC026,LOC044,LOC037,RT-LOC026-LOC027-LOC063,IN_TRANSIT,High,International,15.91,2026-07-02T00:14:47.118400,2026-07-02T01:12:47.118400,2.23,LOW,0.294,58,2026-07-01T00:00:00
CURR00820,1ZNAC8A7MDOSUPG5I3,LOC035,LOC020,LOC030,RT-LOC035-LOC036-LOC015,OUT_FOR_DELIVERY,Normal,Fragile,18.1,2026-07-01T04:07:19.839047,2026-07-01T05:04:19.839047,3.79,MEDIUM,0.47,57,2026-07-01T00:00:00
CURR00821,1Z3LKC1N21M6A2JBZO,LOC017,LOC060,LOC059,RT-LOC017-LOC059-LOC060,PROCESSING,High,Fragile,12.05,2026-06-29T17:30:21.307629,2026-06-29T20:32:21.307629,4.23,MEDIUM,0.626,182,2026-07-01T00:00:00
CURR00822,1Z60MOJD9N6CVS5FVW,LOC017,LOC038,LOC066,RT-LOC017-LOC059-LOC005,DELAYED,Normal,Priority,189.95,2026-06-30T06:28:30.791448,2026-06-30T08:11:30.791448,3.42,MEDIUM,0.472,103,2026-07-01T00:00:00
CURR00823,1ZSW1OMZMB85Z67INW,LOC015,LOC027,LOC063,RT-LOC015-LOC069-LOC016,IN_TRANSIT,High,Priority,21.61,2026-07-01T11:19:27.592103,2026-07-01T14:13:27.592103,3.6,MEDIUM,0.527,174,2026-07-01T00:00:00
CURR00824,1Z3VDOO0R2ZIB19J3A,LOC021,LOC045,LOC029,RT-LOC021-LOC004-LOC007,PROCESSING,Normal,Express,120.48,2026-07-01T18:12:04.720930,2026-07-01T20:44:04.720930,3.39,MEDIUM,0.477,152,2026-07-01T00:00:00
CURR00825,1ZI51X1W3H5Z0XDRNS,LOC022,LOC036,LOC065,RT-LOC022-LOC021-LOC020,OUT_FOR_DELIVERY,Normal,Standard,11.56,2026-06-30T15:13:50.794170,2026-06-30T17:34:50.794170,3.8,MEDIUM,0.522,141,2026-07-01T00:00:00
CURR00826,1ZULS2WEAUFB09651U,LOC027,LOC060,LOC063,RT-LOC027-LOC063-LOC061,IN_TRANSIT,Low,Express,9.8,2026-06-30T20:12:21.090888,2026-06-30T20:33:21.090888,2.34,LOW,0.241,21,2026-07-01T00:00:00
CURR00827,1ZX4E527PGWZZIX76P,LOC030,LOC012,LOC012,RT-LOC030-LOC012,IN_TRANSIT,Normal,Standard,46.72,2026-06-29T06:22:13.652151,2026-06-29T07:25:13.652151,1.95,LOW,0.32,63,2026-07-01T00:00:00
CURR00828,1Z4MR2HC92APV7JGDU,LOC040,LOC024,LOC061,RT-LOC040-LOC038-LOC045,PROCESSING,High,Express,44.22,2026-06-30T14:55:35.091690,2026-06-30T17:05:35.091690,3.59,MEDIUM,0.549,130,2026-07-01T00:00:00
CURR00829,1ZMXIG8QVLA5OGW1BR,LOC025,LOC042,LOC037,RT-LOC025-LOC027-LOC063,IN_TRANSIT,Low,Standard,52.32,2026-06-30T04:15:44.667486,2026-06-30T05:07:44.667486,3.63,MEDIUM,0.466,52,2026-07-01T00:00:00
CURR00830,1ZN6J9UZBEC5I0IJZN,LOC005,LOC003,LOC006,RT-LOC005-LOC017-LOC006,OUT_FOR_DELIVERY,Normal,Standard,45.32,2026-06-30T00:59:19.691283,2026-06-30T02:33:19.691283,4.7,MEDIUM,0.595,94,2026-07-01T00:00:00
CURR00831,1ZDRZ6S2QSKZCDZO1N,LOC053,LOC075,LOC051,RT-LOC053-LOC052-LOC007,PROCESSING,Normal,Express,0.94,2026-07-01T06:35:04.203770,2026-07-01T08:13:04.203770,4.69,MEDIUM,0.605,98,2026-07-01T00:00:00
CURR00832,1Z9VCJ4XYXHZ1WYDYR,LOC037,LOC066,LOC034,RT-LOC037-LOC035-LOC033,IN_TRANSIT,Normal,Standard,45.28,2026-07-01T02:11:23.880615,2026-07-01T03:55:23.880615,3.64,MEDIUM,0.51,104,2026-07-01T00:00:00
CURR00833,1ZMJB332W03VGVK44R,LOC024,LOC030,LOC062,RT-LOC024-LOC027-LOC063,IN_TRANSIT,Critical,Express,3.96,2026-06-29T14:48:03.160877,2026-06-29T17:11:03.160877,3.23,MEDIUM,0.491,143,2026-07-01T00:00:00
CURR00834,1ZO5X2D4ZA16NIFE75,LOC054,LOC028,LOC005,RT-LOC054-LOC009-LOC010,DELAYED,Normal,Express,155.91,2026-07-01T06:20:06.115578,2026-07-01T07:38:06.115578,4.2,MEDIUM,0.582,78,2026-07-01T00:00:00
CURR00835,1Z93JE3J6I7D7QR3AZ,LOC041,LOC058,LOC022,RT-LOC041-LOC042-LOC047,DELAYED,Critical,Standard,12.88,2026-06-30T19:25:48.966664,2026-06-30T20:16:48.966664,3.14,MEDIUM,0.418,51,2026-07-01T00:00:00
CURR00836,1ZWQ423YXG09OA1L7P,LOC035,LOC039,LOC038,RT-LOC035-LOC037-LOC038,IN_TRANSIT,Normal,Standard,121.83,2026-06-30T16:41:21.385189,2026-06-30T18:17:21.385189,4.13,MEDIUM,0.527,96,2026-07-01T00:00:00
CURR00837,1ZLV2BTQ5039P3P8OU,LOC055,LOC040,LOC065,RT-LOC055-LOC008-LOC009,IN_TRANSIT,Normal,Express,34.53,2026-07-01T19:04:48.745328,2026-07-01T20:57:48.745328,3.58,MEDIUM,0.566,113,2026-07-01T00:00:00
CURR00838,1ZB0WR4GUWHFMIOTGB,LOC033,LOC012,LOC067,RT-LOC033-LOC034-LOC032,PROCESSING,High,International,76.67,2026-06-30T14:48:16.609002,2026-06-30T16:24:16.609002,4.66,MEDIUM,0.639,96,2026-07-01T00:00:00
CURR00839,1Z0HXUDAYKZQWQIY0T,LOC065,LOC027,LOC026,RT-LOC065-LOC066-LOC062,PROCESSING,Low,Express,69.17,2026-06-29T15:03:56.222306,2026-06-29T17:07:56.222306,3.8,MEDIUM,0.495,124,2026-07-01T00:00:00
CURR00840,1ZENMZW8V9PR6GXKX7,LOC062,LOC049,LOC029,RT-LOC062-LOC061-LOC060,DELAYED,High,Standard,69.17,2026-06-30T23:13:49.681700,2026-07-01T00:47:49.681700,3.98,MEDIUM,0.463,94,2026-07-01T00:00:00
CURR00841,1Z5EALATA1EGZI3T3W,LOC054,LOC022,LOC010,RT-LOC054-LOC009-LOC010,DELAYED,Normal,Priority,24.64,2026-06-29T22:56:57.727280,2026-06-30T00:19:57.727280,4.12,MEDIUM,0.596,83,2026-07-01T00:00:00
CURR00842,1Z23YRF4CR74H9QACH,LOC017,LOC063,LOC005,RT-LOC017-LOC059-LOC005,IN_TRANSIT,High,Temperature Sensitive,39.99,2026-06-30T16:12:46.294489,2026-06-30T16:45:46.294489,2.95,LOW,0.292,33,2026-07-01T00:00:00
CURR00843,1Z6T0RLUV89G2FH2F0,LOC040,LOC034,LOC033,RT-LOC040-LOC038-LOC037,IN_TRANSIT,High,Standard,15.99,2026-06-29T22:50:17.892810,2026-06-30T00:04:17.892810,3.88,MEDIUM,0.512,74,2026-07-01T00:00:00
CURR00844,1ZIJ9ZB4ZL5DM3UGH2,LOC058,LOC050,LOC002,RT-LOC058-LOC055-LOC008,OUT_FOR_DELIVERY,Normal,Express,108.78,2026-06-29T16:05:01.071035,2026-06-29T18:56:01.071035,4.29,MEDIUM,0.692,171,2026-07-01T00:00:00
CURR00845,1ZVWLRR6ZVAFQILUW2,LOC010,LOC073,LOC002,RT-LOC010-LOC020-LOC021,IN_TRANSIT,High,International,62.88,2026-07-01T06:13:00.536179,2026-07-01T07:38:00.536179,3.64,MEDIUM,0.495,85,2026-07-01T00:00:00
CURR00846,1ZUL6KHKYKB70TXRAL,LOC008,LOC074,LOC002,RT-LOC008-LOC009-LOC010,PROCESSING,Critical,Standard,4.58,2026-06-30T12:34:25.582105,2026-06-30T14:55:25.582105,4.79,MEDIUM,0.669,141,2026-07-01T00:00:00
CURR00847,1Z2GA5DJF61BRVW1IU,LOC013,LOC002,LOC005,RT-LOC013-LOC060-LOC059,PROCESSING,Normal,Express,28.25,2026-06-30T04:45:51.546996,2026-06-30T06:02:51.546996,3.18,MEDIUM,0.421,77,2026-07-01T00:00:00
CURR00848,1ZM032O0GHZZ962B82,LOC033,LOC062,LOC066,RT-LOC033-LOC034-LOC032,IN_TRANSIT,Critical,Express,83.82,2026-06-30T12:19:13.084284,2026-06-30T13:46:13.084284,3.51,MEDIUM,0.446,87,2026-07-01T00:00:00
CURR00849,1ZCH7RTMDDAC4LQFBO,LOC065,LOC046,LOC037,RT-LOC065-LOC032-LOC033,IN_TRANSIT,High,Priority,54.02,2026-06-29T23:01:34.531997,2026-06-30T00:00:34.531997,3.47,MEDIUM,0.41,59,2026-07-01T00:00:00
CURR00850,1ZOMJ9J30Z70MWQD8I,LOC028,LOC005,LOC012,RT-LOC028-LOC050-LOC016,IN_TRANSIT,Normal,Express,6.02,2026-06-29T21:35:37.628342,2026-06-29T23:06:37.628342,4.45,MEDIUM,0.683,91,2026-07-01T00:00:00
CURR00851,1Z3WP01OLEQX7FZL4O,LOC069,LOC036,LOC015,RT-LOC069-LOC015-LOC036,OUT_FOR_DELIVERY,Normal,Express,9.14,2026-06-29T21:30:06.158699,2026-06-29T23:38:06.158699,2.83,LOW,0.478,128,2026-07-01T00:00:00
CURR00852,1Z9XEHQ2A4F1RBJPC0,LOC064,LOC006,LOC018,RT-LOC064-LOC012-LOC018,IN_TRANSIT,High,International,25.88,2026-07-01T04:07:15.080536,2026-07-01T06:41:15.080536,3.75,MEDIUM,0.555,154,2026-07-01T00:00:00
CURR00853,1ZE555W4VY5WMU3TPK,LOC007,LOC033,LOC066,RT-LOC007-LOC006-LOC059,OUT_FOR_DELIVERY,Low,Standard,8.67,2026-06-30T02:14:26.253871,2026-06-30T03:52:26.253871,4.86,MEDIUM,0.602,98,2026-07-01T00:00:00
CURR00854,1ZA0EOMOCR6QM5E9WP,LOC048,LOC042,LOC047,RT-LOC048-LOC037-LOC038,IN_TRANSIT,Normal,Fragile,8.38,2026-06-30T02:06:59.062769,2026-06-30T02:23:59.062769,2.23,LOW,0.214,17,2026-07-01T00:00:00
CURR00855,1ZEYBH5SEPEIPTNFVZ,LOC018,LOC029,LOC005,RT-LOC018-LOC059-LOC005,IN_TRANSIT,Normal,International,12.49,2026-06-30T12:12:45.655551,2026-06-30T13:50:45.655551,3.36,MEDIUM,0.425,98,2026-07-01T00:00:00
CURR00856,1Z5NG0HEM5NLM5RNC1,LOC002,LOC009,LOC003,RT-LOC002-LOC006-LOC003,IN_TRANSIT,Normal,Express,2.35,2026-07-01T00:10:29.192541,2026-07-01T02:58:29.192541,2.77,LOW,0.562,168,2026-07-01T00:00:00
CURR00857,1Z1KCZBZPAW7DLW274,LOC029,LOC023,LOC020,RT-LOC029-LOC007-LOC052,PROCESSING,Critical,Standard,8.45,2026-06-30T06:56:35.129699,2026-06-30T07:17:35.129699,2.07,LOW,0.236,21,2026-07-01T00:00:00
CURR00858,1ZNU75YE6RRPXTS83Q,LOC003,LOC041,LOC038,RT-LOC003-LOC007-LOC006,IN_TRANSIT,Low,Priority,49.84,2026-07-01T11:19:30.455521,2026-07-01T12:53:30.455521,3.83,MEDIUM,0.451,94,2026-07-01T00:00:00
CURR00859,1ZMQ17AUX1INYK11PH,LOC035,LOC072,LOC069,RT-LOC035-LOC036-LOC015,IN_TRANSIT,Normal,Standard,5.67,2026-06-30T01:38:23.758757,2026-06-30T02:23:23.758757,3.38,MEDIUM,0.434,45,2026-07-01T00:00:00
CURR00860,1ZM0Q8P4L74VCKOK9J,LOC049,LOC055,LOC052,RT-LOC049-LOC050-LOC051,OUT_FOR_DELIVERY,High,International,27.05,2026-06-30T21:45:01.811014,2026-06-30T23:39:01.811014,4.03,MEDIUM,0.679,114,2026-07-01T00:00:00
CURR00861,1ZZF7G9YTA3W6631SM,LOC048,LOC075,LOC074,RT-LOC048-LOC037-LOC038,DELAYED,Critical,Priority,253.26,2026-07-01T13:58:34.842239,2026-07-01T17:23:34.842239,4.86,MEDIUM,0.656,205,2026-07-01T00:00:00
CURR00862,1ZZD0L0JNLJ0IWU043,LOC070,LOC073,LOC073,RT-LOC070-LOC069-LOC015,DELAYED,Normal,Express,20.0,2026-06-30T09:06:25.001165,2026-06-30T09:43:25.001165,2.4,LOW,0.309,37,2026-07-01T00:00:00
CURR00863,1ZN2HSX6XQ9BFLF51O,LOC003,LOC042,LOC066,RT-LOC003-LOC007-LOC006,IN_TRANSIT,High,Express,20.98,2026-07-01T20:18:21.914054,2026-07-01T20:25:21.914054,1.9,LOW,0.183,7,2026-07-01T00:00:00
CURR00864,1Z8NFUDMOF215POVHN,LOC070,LOC074,LOC045,RT-LOC070-LOC069-LOC015,IN_TRANSIT,Low,Standard,14.21,2026-07-01T09:57:10.607331,2026-07-01T12:06:10.607331,3.29,MEDIUM,0.423,129,2026-07-01T00:00:00
CURR00865,1ZT63WV3HVCC3RWRQD,LOC074,LOC075,LOC075,RT-LOC074-LOC075,OUT_FOR_DELIVERY,Low,International,30.58,2026-06-29T20:29:05.271547,2026-06-29T22:03:05.271547,3.36,MEDIUM,0.483,94,2026-07-01T00:00:00
CURR00866,1ZKU7A50TNR12B05TC,LOC030,LOC011,LOC021,RT-LOC030-LOC012-LOC018,PROCESSING,High,Standard,4.24,2026-06-30T19:51:30.261733,2026-06-30T20:45:30.261733,3.78,MEDIUM,0.48,54,2026-07-01T00:00:00
CURR00867,1ZID0STP6FJHKR4JSL,LOC043,LOC060,LOC015,RT-LOC043-LOC074-LOC045,DELAYED,Normal,Standard,45.67,2026-06-30T03:26:04.612763,2026-06-30T04:31:04.612763,2.74,LOW,0.338,65,2026-07-01T00:00:00
CURR00868,1Z36LP5TJACS6SKUOK,LOC031,LOC059,LOC012,RT-LOC031-LOC070-LOC016,OUT_FOR_DELIVERY,High,International,43.14,2026-07-01T06:11:16.773961,2026-07-01T08:47:16.773961,4.2,MEDIUM,0.543,156,2026-07-01T00:00:00
CURR00869,1ZDZL7YC4AGU75XOV7,LOC003,LOC023,LOC020,RT-LOC003-LOC007-LOC052,IN_TRANSIT,Normal,Standard,15.12,2026-06-30T05:03:14.621927,2026-06-30T06:35:14.621927,3.17,MEDIUM,0.422,92,2026-07-01T00:00:00
CURR00870,1ZRHT9A2DE3LHE9NUG,LOC041,LOC053,LOC015,RT-LOC041-LOC042-LOC047,IN_TRANSIT,Low,Standard,15.73,2026-07-01T23:09:04.519694,2026-07-02T01:18:04.519694,3.08,MEDIUM,0.439,129,2026-07-01T00:00:00
CURR00871,1Z4GNX86UDF6XZWCC2,LOC071,LOC068,LOC050,RT-LOC071-LOC050-LOC016,DELAYED,Normal,Standard,109.75,2026-06-29T14:40:51.169479,2026-06-29T16:09:51.169479,2.91,LOW,0.419,89,2026-07-01T00:00:00
CURR00872,1ZOIXT3P38IRXWJ50Y,LOC027,LOC018,LOC018,RT-LOC027-LOC063-LOC062,IN_TRANSIT,Critical,Fragile,51.83,2026-06-30T22:30:40.944862,2026-07-01T00:34:40.944862,2.87,LOW,0.415,124,2026-07-01T00:00:00
CURR00873,1Z9XGW9QMHHYHGVJDK,LOC011,LOC015,LOC007,RT-LOC011-LOC056-LOC054,IN_TRANSIT,High,Temperature Sensitive,7.26,2026-07-01T16:22:35.027250,2026-07-01T18:20:35.027250,2.7,LOW,0.421,118,2026-07-01T00:00:00
CURR00874,1Z89UCP4ZZ4CY5H98H,LOC059,LOC042,LOC035,RT-LOC059-LOC005-LOC018,IN_TRANSIT,High,Express,19.89,2026-07-01T18:30:40.271043,2026-07-01T19:12:40.271043,3.61,MEDIUM,0.422,42,2026-07-01T00:00:00
CURR00875,1ZGHQ6N8JG0Q5HJQWZ,LOC035,LOC034,LOC033,RT-LOC035-LOC033-LOC034,IN_TRANSIT,Critical,Express,5.18,2026-06-30T04:52:37.894071,2026-06-30T08:37:37.894071,4.78,MEDIUM,0.83,225,2026-07-01T00:00:00
CURR00876,1ZWPG3KKQETKNI2C9R,LOC067,LOC011,LOC021,RT-LOC067-LOC012-LOC018,DELAYED,High,Standard,16.63,2026-07-01T05:03:10.987173,2026-07-01T07:27:10.987173,4.21,MEDIUM,0.574,144,2026-07-01T00:00:00
CURR00877,1ZYVZU5SYG7DDCBBBP,LOC020,LOC067,LOC018,RT-LOC020-LOC021-LOC004,OUT_FOR_DELIVERY,Critical,Express,7.15,2026-06-30T04:54:24.313389,2026-06-30T07:15:24.313389,4.94,MEDIUM,0.654,141,2026-07-01T00:00:00
CURR00878,1Z5TLAJQKHBS8XFTGZ,LOC008,LOC013,LOC019,RT-LOC008-LOC009-LOC010,IN_TRANSIT,Normal,International,13.06,2026-07-01T04:47:02.193425,2026-07-01T06:50:02.193425,4.47,MEDIUM,0.532,123,2026-07-01T00:00:00
CURR00879,1ZG03ELHW8EI3F3ECO,LOC006,LOC041,LOC038,RT-LOC006-LOC059-LOC005,IN_TRANSIT,Low,Standard,36.06,2026-06-30T05:11:59.555470,2026-06-30T06:06:59.555470,3.99,MEDIUM,0.517,55,2026-07-01T00:00:00
CURR00880,1ZWN0T9MCM2SR8WHD3,LOC061,LOC036,LOC032,RT-LOC061-LOC062-LOC066,OUT_FOR_DELIVERY,Normal,Express,37.19,2026-06-29T17:33:45.215720,2026-06-29T18:42:45.215720,3.77,MEDIUM,0.487,69,2026-07-01T00:00:00
CURR00881,1ZQ0WYCRIFYXEH83A0,LOC004,LOC025,LOC059,RT-LOC004-LOC007-LOC006,IN_TRANSIT,Low,Express,47.57,2026-07-01T10:58:57.876315,2026-07-01T11:47:57.876315,3.26,MEDIUM,0.397,49,2026-07-01T00:00:00
CURR00882,1Z0U9KE8VBF5QQRQE1,LOC021,LOC050,LOC005,RT-LOC021-LOC004-LOC007,PROCESSING,High,Temperature Sensitive,4.09,2026-06-29T12:45:01.751303,2026-06-29T13:14:01.751303,3.29,MEDIUM,0.337,29,2026-07-01T00:00:00
CURR00883,1ZGVXZXNKOTFZFLM7U,LOC044,LOC007,LOC006,RT-LOC044-LOC074-LOC045,IN_TRANSIT,Normal,Express,105.01,2026-06-30T19:56:34.710495,2026-06-30T20:38:34.710495,2.79,LOW,0.297,42,2026-07-01T00:00:00
CURR00884,1ZVDECUDGRFE46D61D,LOC071,LOC016,LOC050,RT-LOC071-LOC050-LOC016,PROCESSING,Normal,Temperature Sensitive,26.62,2026-06-30T22:34:20.022298,2026-07-01T00:18:20.022298,3.54,MEDIUM,0.454,104,2026-07-01T00:00:00
CURR00885,1ZFY61QSNWGZCFZ11H,LOC073,LOC037,LOC037,RT-LOC073-LOC045-LOC038,PROCESSING,High,Standard,40.42,2026-07-01T05:21:07.503277,2026-07-01T05:40:07.503277,2.37,LOW,0.309,19,2026-07-01T00:00:00
CURR00886,1ZQP7NW59GUJZFLUOZ,LOC072,LOC027,LOC016,RT-LOC072-LOC028-LOC050,IN_TRANSIT,Normal,Standard,129.12,2026-06-30T22:45:33.284658,2026-06-30T23:36:33.284658,4.72,MEDIUM,0.601,51,2026-07-01T00:00:00
CURR00887,1Z6PDGD9BFIP13W54O,LOC039,LOC033,LOC035,RT-LOC039-LOC040-LOC038,DELAYED,Normal,Priority,12.4,2026-06-30T19:01:16.840147,2026-06-30T21:10:16.840147,3.18,MEDIUM,0.499,129,2026-07-01T00:00:00
CURR00888,1Z6L6XB9UZD9KIHLG8,LOC014,LOC048,LOC033,RT-LOC014-LOC032-LOC033,IN_TRANSIT,Normal,Priority,53.99,2026-06-29T11:40:59.132930,2026-06-29T15:14:59.132930,4.82,MEDIUM,0.634,214,2026-07-01T00:00:00
CURR00889,1Z3KSPP3GFIBMA0U9W,LOC074,LOC024,LOC016,RT-LOC074-LOC045-LOC015,IN_TRANSIT,Critical,International,98.79,2026-07-01T19:07:47.082179,2026-07-01T21:15:47.082179,3.76,MEDIUM,0.43,128,2026-07-01T00:00:00
CURR00890,1Z8LIZ90K7AV7WBYTZ,LOC059,LOC014,LOC016,RT-LOC059-LOC005-LOC002,PROCESSING,Normal,Standard,14.32,2026-06-29T19:51:09.405216,2026-06-29T20:31:09.405216,3.7,MEDIUM,0.551,40,2026-07-01T00:00:00
CURR00891,1ZE1CPRXVSR0NVRZ11,LOC067,LOC032,LOC065,RT-LOC067-LOC065-LOC032,DELAYED,Critical,Express,30.81,2026-06-30T21:53:07.972931,2026-06-30T22:55:07.972931,2.8,LOW,0.382,62,2026-07-01T00:00:00
CURR00892,1Z7E0AETXL9KJF8J55,LOC032,LOC036,LOC035,RT-LOC032-LOC033-LOC035,IN_TRANSIT,High,Standard,20.48,2026-06-29T12:24:21.593521,2026-06-29T13:22:21.593521,2.43,LOW,0.279,58,2026-07-01T00:00:00
CURR00893,1ZOXT1HVJ4P344KQMA,LOC018,LOC034,LOC032,RT-LOC018-LOC062-LOC066,IN_TRANSIT,Normal,Express,106.59,2026-06-29T17:39:45.334724,2026-06-29T19:30:45.334724,3.54,MEDIUM,0.444,111,2026-07-01T00:00:00
CURR00894,1Z0LODZ6X3KTUXOA0J,LOC071,LOC018,LOC016,RT-LOC071-LOC050-LOC016,IN_TRANSIT,High,Express,1.94,2026-06-29T16:31:30.039207,2026-06-29T17:30:30.039207,3.05,MEDIUM,0.377,59,2026-07-01T00:00:00
CURR00895,1ZQ2VLM1S25BSQ01KZ,LOC055,LOC030,LOC007,RT-LOC055-LOC008-LOC009,IN_TRANSIT,Critical,Express,6.31,2026-06-30T07:40:59.899065,2026-06-30T08:08:59.899065,2.68,LOW,0.316,28,2026-07-01T00:00:00
CURR00896,1ZUU3X2GBSJKPJLV67,LOC013,LOC031,LOC002,RT-LOC013-LOC060-LOC059,IN_TRANSIT,Normal,Fragile,92.83,2026-06-30T15:10:28.696551,2026-06-30T17:22:28.696551,4.21,MEDIUM,0.515,132,2026-07-01T00:00:00
CURR00897,1ZGFU2NZMUPYAW54BQ,LOC030,LOC014,LOC032,RT-LOC030-LOC067-LOC065,IN_TRANSIT,High,Standard,45.97,2026-06-30T17:18:40.221445,2026-06-30T18:49:40.221445,4.84,MEDIUM,0.626,91,2026-07-01T00:00:00
CURR00898,1Z7T7XEV06LR5E3C45,LOC056,LOC022,LOC020,RT-LOC056-LOC054-LOC009,IN_TRANSIT,Critical,Standard,36.21,2026-06-29T05:05:09.233579,2026-06-29T07:09:09.233579,4.39,MEDIUM,0.594,124,2026-07-01T00:00:00
CURR00899,1Z2SPMVESNTCK403WE,LOC022,LOC008,LOC004,RT-LOC022-LOC021-LOC004,IN_TRANSIT,Normal,Fragile,27.88,2026-06-30T04:03:09.767819,2026-06-30T05:16:09.767819,4.1,MEDIUM,0.528,73,2026-07-01T00:00:00
CURR00900,1ZNJJMNAI61B3GJKK4,LOC051,LOC035,LOC030,RT-LOC051-LOC028-LOC050,IN_TRANSIT,Normal,Priority,8.89,2026-06-30T11:22:37.873521,2026-06-30T13:06:37.873521,3.6,MEDIUM,0.441,104,2026-07-01T00:00:00
CURR00901,1ZW2ULE2SY3CZWT5ID,LOC010,LOC071,LOC029,RT-LOC010-LOC020-LOC021,IN_TRANSIT,Normal,Fragile,10.02,2026-07-01T12:23:34.944511,2026-07-01T15:54:34.944511,3.53,MEDIUM,0.611,211,2026-07-01T00:00:00
CURR00902,1ZBV4LG5UHJHXS81HC,LOC062,LOC054,LOC022,RT-LOC062-LOC018-LOC019,IN_TRANSIT,High,Standard,167.25,2026-06-30T01:27:45.338851,2026-06-30T03:51:45.338851,4.67,MEDIUM,0.592,144,2026-07-01T00:00:00
CURR00903,1ZQCN5F0XJMXJDX6P4,LOC038,LOC045,LOC045,RT-LOC038-LOC045,DELAYED,Normal,Standard,18.53,2026-06-29T11:49:57.096724,2026-06-29T12:24:57.096724,4.1,MEDIUM,0.57,35,2026-07-01T00:00:00
CURR00904,1ZF1YXQMAC1RD8NKQB,LOC075,LOC049,LOC015,RT-LOC075-LOC044-LOC074,IN_TRANSIT,Critical,Express,25.59,2026-06-29T12:21:31.105860,2026-06-29T13:53:31.105860,3.57,MEDIUM,0.414,92,2026-07-01T00:00:00
CURR00905,1Z7KIUHQGJTZMG0IOI,LOC009,LOC039,LOC066,RT-LOC009-LOC010-LOC020,OUT_FOR_DELIVERY,Normal,Express,57.12,2026-07-01T18:52:37.242842,2026-07-01T19:55:37.242842,4.33,MEDIUM,0.592,63,2026-07-01T00:00:00
CURR00906,1ZO0CS2RVG9QXDGVN1,LOC038,LOC012,LOC030,RT-LOC038-LOC045-LOC015,IN_TRANSIT,Normal,Standard,36.69,2026-07-01T04:27:30.785592,2026-07-01T05:31:30.785592,3.17,MEDIUM,0.457,64,2026-07-01T00:00:00
CURR00907,1ZDI19TMLYKCA5PY0D,LOC006,LOC034,LOC032,RT-LOC006-LOC059-LOC005,PROCESSING,Low,Standard,225.93,2026-06-29T19:02:18.822764,2026-06-29T19:37:18.822764,3.6,MEDIUM,0.476,35,2026-07-01T00:00:00
CURR00908,1ZXZS9X6RXK2PLKWJG,LOC021,LOC047,LOC066,RT-LOC021-LOC020-LOC023,DELAYED,Critical,Standard,16.78,2026-06-30T21:06:57.632373,2026-06-30T22:39:57.632373,3.02,MEDIUM,0.399,93,2026-07-01T00:00:00
CURR00909,1ZB4FPJPB1YANZBKCU,LOC038,LOC006,LOC030,RT-LOC038-LOC045-LOC015,IN_TRANSIT,Normal,Priority,71.01,2026-06-30T23:42:55.769071,2026-07-01T00:40:55.769071,3.61,MEDIUM,0.499,58,2026-07-01T00:00:00
CURR00910,1ZU92REXNNV4AQ6117,LOC049,LOC009,LOC051,RT-LOC049-LOC050-LOC051,DELAYED,High,Express,28.61,2026-07-01T11:56:12.444132,2026-07-01T12:28:12.444132,4.0,MEDIUM,0.558,32,2026-07-01T00:00:00
CURR00911,1ZMTH5DKVY0U0BU47Y,LOC071,LOC026,LOC030,RT-LOC071-LOC050-LOC016,PROCESSING,Normal,Priority,47.48,2026-06-30T07:11:31.264780,2026-06-30T08:27:31.264780,3.83,MEDIUM,0.456,76,2026-07-01T00:00:00
CURR00912,1Z3H3HAPYU7RT4GYPU,LOC031,LOC053,LOC030,RT-LOC031-LOC070-LOC016,DELAYED,Normal,Standard,5.07,2026-07-01T12:31:02.702981,2026-07-01T13:39:02.702981,4.06,MEDIUM,0.506,68,2026-07-01T00:00:00
CURR00913,1ZZ322CIVUTGZFZ0E1,LOC059,LOC025,LOC024,RT-LOC059-LOC060-LOC013,IN_TRANSIT,Normal,Express,30.63,2026-06-30T08:32:40.450223,2026-06-30T09:44:40.450223,3.96,MEDIUM,0.488,72,2026-07-01T00:00:00
CURR00914,1ZR1JBHK2MZ8DSIGUV,LOC061,LOC036,LOC066,RT-LOC061-LOC062-LOC066,IN_TRANSIT,Critical,Standard,29.92,2026-06-30T05:11:53.633976,2026-06-30T05:57:53.633976,3.15,MEDIUM,0.462,46,2026-07-01T00:00:00
CURR00915,1ZBKGSPSWT6VZLKVQI,LOC028,LOC048,LOC067,RT-LOC028-LOC050-LOC016,IN_TRANSIT,Normal,Standard,69.27,2026-07-01T02:43:25.827877,2026-07-01T03:42:25.827877,3.84,MEDIUM,0.522,59,2026-07-01T00:00:00
CURR00916,1ZLBQ8U5AOIO4KV8WW,LOC032,LOC038,LOC035,RT-LOC032-LOC033-LOC035,DELAYED,Critical,Standard,46.92,2026-06-30T14:54:36.915800,2026-06-30T16:26:36.915800,3.56,MEDIUM,0.475,92,2026-07-01T00:00:00
CURR00917,1Z47IVKSUPMFZVVERZ,LOC063,LOC055,LOC003,RT-LOC063-LOC061-LOC060,IN_TRANSIT,Normal,International,29.76,2026-06-29T23:56:50.973100,2026-06-30T01:36:50.973100,4.21,MEDIUM,0.616,100,2026-07-01T00:00:00
CURR00918,1Z96U4SUS5MF7NXSZM,LOC039,LOC073,LOC045,RT-LOC039-LOC040-LOC038,DELAYED,Critical,Standard,129.47,2026-07-01T13:12:06.371068,2026-07-01T14:09:06.371068,3.34,MEDIUM,0.405,57,2026-07-01T00:00:00
CURR00919,1ZUQYKQ7BUX0LAD4VG,LOC038,LOC070,LOC069,RT-LOC038-LOC045-LOC015,IN_TRANSIT,High,International,6.71,2026-06-29T12:31:44.871912,2026-06-29T15:48:44.871912,4.4,MEDIUM,0.613,197,2026-07-01T00:00:00
CURR00920,1Z0086IZB0QD1A8HJR,LOC002,LOC055,LOC009,RT-LOC002-LOC006-LOC003,PROCESSING,High,Standard,11.38,2026-06-30T11:35:14.955168,2026-06-30T12:51:14.955168,4.5,MEDIUM,0.615,76,2026-07-01T00:00:00
CURR00921,1ZTVNOBGGIJIW05NCT,LOC054,LOC006,LOC021,RT-LOC054-LOC009-LOC010,DELAYED,Critical,Standard,42.12,2026-06-30T18:15:50.349163,2026-06-30T20:19:50.349163,4.94,MEDIUM,0.665,124,2026-07-01T00:00:00
CURR00922,1ZT1TRPUPM7R31NAST,LOC021,LOC073,LOC002,RT-LOC021-LOC004-LOC007,PROCESSING,Low,Express,4.48,2026-07-01T14:08:23.041271,2026-07-01T16:39:23.041271,5.2,HIGH,0.694,151,2026-07-01T00:00:00
CURR00923,1ZHFPKGFQW3N3JGDT6,LOC067,LOC031,LOC068,RT-LOC067-LOC068-LOC070,IN_TRANSIT,Critical,International,8.95,2026-07-01T01:59:48.754054,2026-07-01T02:56:48.754054,3.89,MEDIUM,0.499,57,2026-07-01T00:00:00
CURR00924,1ZITQNCQ6ZV67LME1P,LOC047,LOC050,LOC069,RT-LOC047-LOC038-LOC045,PROCESSING,Normal,Temperature Sensitive,256.39,2026-06-30T15:37:26.561755,2026-06-30T16:23:26.561755,2.97,LOW,0.324,46,2026-07-01T00:00:00
CURR00925,1ZMOBJHKSLW6OH6BJA,LOC006,LOC061,LOC005,RT-LOC006-LOC059-LOC005,IN_TRANSIT,High,Temperature Sensitive,4.8,2026-06-29T22:04:17.435885,2026-06-29T23:05:17.435885,3.8,MEDIUM,0.475,61,2026-07-01T00:00:00
CURR00926,1ZMO1TOAY0XQZY0SVG,LOC042,LOC006,LOC016,RT-LOC042-LOC047-LOC038,IN_TRANSIT,High,Standard,34.98,2026-06-30T14:42:55.733614,2026-06-30T15:22:55.733614,2.42,LOW,0.281,40,2026-07-01T00:00:00
CURR00927,1ZU0K31OEFPBNL2W36,LOC014,LOC052,LOC018,RT-LOC014-LOC032-LOC065,PROCESSING,Normal,International,17.14,2026-07-01T09:44:09.242241,2026-07-01T10:42:09.242241,3.55,MEDIUM,0.442,58,2026-07-01T00:00:00
CURR00928,1ZGA41UJ5MLOQJSS4Q,LOC016,LOC068,LOC068,RT-LOC016-LOC068,OUT_FOR_DELIVERY,High,Standard,61.57,2026-06-30T11:13:13.130895,2026-06-30T13:25:13.130895,3.98,MEDIUM,0.537,132,2026-07-01T00:00:00
CURR00929,1ZKV3QXAQI7HGOA07C,LOC052,LOC041,LOC038,RT-LOC052-LOC007-LOC006,IN_TRANSIT,Normal,Priority,87.37,2026-07-01T08:57:21.168832,2026-07-01T10:31:21.168832,4.38,MEDIUM,0.534,94,2026-07-01T00:00:00
CURR00930,1ZG9I6JEONLT3U7F6K,LOC043,LOC023,LOC012,RT-LOC043-LOC074-LOC045,IN_TRANSIT,Low,Standard,29.46,2026-06-30T11:25:28.103589,2026-06-30T13:23:28.103589,3.28,MEDIUM,0.509,118,2026-07-01T00:00:00
CURR00931,1ZFFBBE5EJFZSNF38J,LOC047,LOC054,LOC069,RT-LOC047-LOC038-LOC045,DELAYED,Normal,Priority,44.29,2026-07-01T03:12:07.249906,2026-07-01T04:27:07.249906,4.21,MEDIUM,0.539,75,2026-07-01T00:00:00
CURR00932,1Z7IRBLUX78D0QHAPO,LOC034,LOC069,LOC014,RT-LOC034-LOC033-LOC014,IN_TRANSIT,Normal,Fragile,49.69,2026-06-29T11:44:25.771517,2026-06-29T13:36:25.771517,4.22,MEDIUM,0.446,112,2026-07-01T00:00:00
CURR00933,1ZY2QS5HQOT87HKDIP,LOC046,LOC043,LOC043,RT-LOC046-LOC043,OUT_FOR_DELIVERY,Normal,Standard,44.5,2026-06-30T10:04:59.245641,2026-06-30T10:54:59.245641,2.06,LOW,0.286,50,2026-07-01T00:00:00
CURR00934,1ZTM7XX9R8YUBI622F,LOC012,LOC055,LOC021,RT-LOC012-LOC018-LOC019,IN_TRANSIT,Normal,Standard,224.49,2026-06-30T03:13:21.053651,2026-06-30T07:03:21.053651,5.01,HIGH,0.794,230,2026-07-01T00:00:00
CURR00935,1ZM552CQG88MLJ5BXM,LOC024,LOC012,LOC027,RT-LOC024-LOC027-LOC063,PROCESSING,Normal,Express,84.86,2026-06-30T06:42:55.870783,2026-06-30T08:29:55.870783,4.1,MEDIUM,0.565,107,2026-07-01T00:00:00
CURR00936,1ZBQYEOW3AG2G9TNVY,LOC017,LOC009,LOC003,RT-LOC017-LOC006-LOC003,IN_TRANSIT,High,Fragile,0.43,2026-06-29T10:03:41.311115,2026-06-29T10:21:41.311115,3.96,MEDIUM,0.517,18,2026-07-01T00:00:00
CURR00937,1ZR3A2RN2K0YUDWY0X,LOC041,LOC020,LOC015,RT-LOC041-LOC042-LOC047,IN_TRANSIT,Critical,International,94.49,2026-06-30T14:53:26.397546,2026-06-30T15:43:26.397546,3.13,MEDIUM,0.374,50,2026-07-01T00:00:00
CURR00938,1Z9V6TQDQY7EABJY1L,LOC016,LOC006,LOC002,RT-LOC016-LOC030-LOC002,IN_TRANSIT,Normal,Temperature Sensitive,135.25,2026-06-29T15:20:27.185226,2026-06-29T17:49:27.185226,3.78,MEDIUM,0.429,149,2026-07-01T00:00:00
CURR00939,1ZJZF9DIPY4S3NNKVW,LOC040,LOC038,LOC038,RT-LOC040-LOC038,IN_TRANSIT,Critical,Standard,26.26,2026-06-29T18:08:56.495848,2026-06-29T18:57:56.495848,1.86,LOW,0.3,49,2026-07-01T00:00:00
CURR00940,1ZZJV23M31L3ZHRC3W,LOC054,LOC075,LOC050,RT-LOC054-LOC009-LOC010,IN_TRANSIT,Critical,Express,67.4,2026-07-01T17:26:56.733585,2026-07-01T19:08:56.733585,3.55,MEDIUM,0.494,102,2026-07-01T00:00:00
CURR00941,1ZPX3435K8IHD5NJSP,LOC013,LOC029,LOC059,RT-LOC013-LOC060-LOC059,PROCESSING,Normal,Standard,8.12,2026-06-29T23:15:04.953773,2026-06-30T01:43:04.953773,3.45,MEDIUM,0.522,148,2026-07-01T00:00:00
CURR00942,1Z6JB3IFQVV63RRIM9,LOC031,LOC013,LOC061,RT-LOC031-LOC070-LOC016,IN_TRANSIT,High,Priority,19.49,2026-06-29T16:12:12.940868,2026-06-29T19:19:12.940868,4.74,MEDIUM,0.64,187,2026-07-01T00:00:00
CURR00943,1Z78M5AELJ883IYBYG,LOC021,LOC013,LOC019,RT-LOC021-LOC020-LOC023,IN_TRANSIT,Normal,Express,60.9,2026-06-29T15:59:25.461347,2026-06-29T18:46:25.461347,4.82,MEDIUM,0.691,167,2026-07-01T00:00:00
CURR00944,1ZE57NI5E8L6DE6C76,LOC048,LOC027,LOC063,RT-LOC048-LOC037-LOC035,DELAYED,Normal,Standard,130.44,2026-07-01T01:16:13.487064,2026-07-01T03:35:13.487064,3.94,MEDIUM,0.583,139,2026-07-01T00:00:00
CURR00945,1Z1U54A06BSEYLABSP,LOC010,LOC049,LOC005,RT-LOC010-LOC020-LOC021,IN_TRANSIT,Normal,Standard,58.57,2026-06-29T21:19:26.579008,2026-06-29T23:46:26.579008,4.53,MEDIUM,0.699,147,2026-07-01T00:00:00
CURR00946,1Z6JGYJ7L4WLJD9TRP,LOC032,LOC028,LOC049,RT-LOC032-LOC033-LOC014,PROCESSING,High,Standard,31.04,2026-06-29T16:35:18.767474,2026-06-29T17:18:18.767474,2.05,LOW,0.263,43,2026-07-01T00:00:00
CURR00947,1ZMQCXV9CPDISG4V7H,LOC008,LOC020,LOC009,RT-LOC008-LOC009-LOC010,DELAYED,Low,Express,0.26,2026-06-30T13:33:48.913788,2026-06-30T14:41:48.913788,3.77,MEDIUM,0.459,68,2026-07-01T00:00:00
CURR00948,1ZSK6SEH0Z5AVZXPVU,LOC056,LOC031,LOC051,RT-LOC056-LOC054-LOC009,PROCESSING,Normal,Standard,26.3,2026-07-01T09:18:26.556707,2026-07-01T10:40:26.556707,5.3,HIGH,0.744,82,2026-07-01T00:00:00
CURR00949,1ZVN4YBJSE27X9J6T5,LOC040,LOC039,LOC040,RT-LOC040-LOC039,PROCESSING,Low,Standard,16.43,2026-06-29T10:33:56.655698,2026-06-29T11:40:56.655698,3.73,MEDIUM,0.554,67,2026-07-01T00:00:00
CURR00950,1ZP8V5N70L5JQR5FPL,LOC073,LOC032,LOC015,RT-LOC073-LOC045-LOC015,PROCESSING,High,Express,30.25,2026-06-30T12:21:03.757531,2026-06-30T12:57:03.757531,3.14,MEDIUM,0.37,36,2026-07-01T00:00:00
CURR00951,1Z9DZDAWFECS5LIVSI,LOC055,LOC039,LOC013,RT-LOC055-LOC008-LOC009,IN_TRANSIT,Critical,Standard,53.14,2026-07-01T19:43:24.426995,2026-07-01T21:36:24.426995,3.73,MEDIUM,0.488,113,2026-07-01T00:00:00
CURR00952,1ZRCZ8QK2D9VYZJ7W6,LOC002,LOC071,LOC051,RT-LOC002-LOC029-LOC051,PROCESSING,High,Priority,32.11,2026-06-30T11:02:20.782184,2026-06-30T12:03:20.782184,4.03,MEDIUM,0.501,61,2026-07-01T00:00:00
CURR00953,1ZCVWEYJPVJXI59BBU,LOC048,LOC050,LOC049,RT-LOC048-LOC036-LOC015,OUT_FOR_DELIVERY,Normal,Standard,43.35,2026-06-30T07:56:35.232682,2026-06-30T09:46:35.232682,4.0,MEDIUM,0.522,110,2026-07-01T00:00:00
CURR00954,1ZZT1AA4OAXP5NYIFE,LOC032,LOC021,LOC022,RT-LOC032-LOC065-LOC067,OUT_FOR_DELIVERY,Normal,Standard,20.33,2026-07-01T01:45:50.893642,2026-07-01T03:54:50.893642,4.67,MEDIUM,0.618,129,2026-07-01T00:00:00
CURR00955,1ZCX97XE2Z7H2P62EC,LOC016,LOC061,LOC018,RT-LOC016-LOC030-LOC012,DELAYED,Normal,International,26.15,2026-06-29T09:52:09.423325,2026-06-29T10:59:09.423325,3.19,MEDIUM,0.373,67,2026-07-01T00:00:00
CURR00956,1Z0EMDICVO1GQ7ZE24,LOC022,LOC023,LOC020,RT-LOC022-LOC021-LOC020,IN_TRANSIT,Normal,Standard,42.19,2026-06-30T00:01:57.512933,2026-06-30T01:03:57.512933,2.79,LOW,0.318,62,2026-07-01T00:00:00
CURR00957,1ZLBX0W7FJ2DWMOOIJ,LOC059,LOC008,LOC007,RT-LOC059-LOC006-LOC003,OUT_FOR_DELIVERY,Normal,Priority,59.52,2026-06-30T13:41:42.474023,2026-06-30T14:32:42.474023,2.61,LOW,0.31,51,2026-07-01T00:00:00
CURR00958,1Z6OW83UNI45DVX0LP,LOC016,LOC057,LOC022,RT-LOC016-LOC030-LOC012,IN_TRANSIT,Normal,Fragile,13.07,2026-06-30T23:59:54.927229,2026-07-01T02:23:54.927229,4.47,MEDIUM,0.591,144,2026-07-01T00:00:00
CURR00959,1ZXGADHI80SEH47PKS,LOC056,LOC043,LOC065,RT-LOC056-LOC054-LOC009,IN_TRANSIT,Normal,Fragile,25.08,2026-07-02T06:44:07.829876,2026-07-02T08:32:07.829876,3.92,MEDIUM,0.403,108,2026-07-01T00:00:00
CURR00960,1ZTRWHCBWAM37GSI86,LOC048,LOC055,LOC018,RT-LOC048-LOC036-LOC015,DELAYED,Critical,Standard,2.16,2026-07-01T07:30:38.988784,2026-07-01T10:34:38.988784,3.17,MEDIUM,0.616,184,2026-07-01T00:00:00
CURR00961,1ZPUZTL5RLPE0782V0,LOC073,LOC055,LOC030,RT-LOC073-LOC045-LOC015,PROCESSING,Normal,International,57.16,2026-06-30T21:25:19.578378,2026-06-30T23:14:19.578378,3.29,MEDIUM,0.458,109,2026-07-01T00:00:00
CURR00962,1ZY83I83OQYQ9D1PS5,LOC050,LOC039,LOC032,RT-LOC050-LOC016-LOC030,OUT_FOR_DELIVERY,Low,Fragile,28.97,2026-06-30T00:48:02.027213,2026-06-30T04:28:02.027213,4.89,MEDIUM,0.597,220,2026-07-01T00:00:00
CURR00963,1ZEW05S98Q25M6W0K2,LOC064,LOC021,LOC019,RT-LOC064-LOC012-LOC018,OUT_FOR_DELIVERY,Critical,Standard,43.62,2026-07-01T00:32:25.155542,2026-07-01T02:03:25.155542,3.44,MEDIUM,0.497,91,2026-07-01T00:00:00
CURR00964,1ZZ6690NOJGTMT9DJP,LOC056,LOC071,LOC029,RT-LOC056-LOC054-LOC009,IN_TRANSIT,Low,Fragile,52.27,2026-07-01T14:06:17.774197,2026-07-01T14:59:17.774197,4.35,MEDIUM,0.544,53,2026-07-01T00:00:00
CURR00965,1Z50G7VSUFGSDTGADO,LOC055,LOC044,LOC016,RT-LOC055-LOC008-LOC009,IN_TRANSIT,Normal,International,128.17,2026-07-02T08:21:16.492090,2026-07-02T10:57:16.492090,4.38,MEDIUM,0.603,156,2026-07-01T00:00:00
CURR00966,1ZAQC7Y8X6N2YMPNUA,LOC058,LOC072,LOC028,RT-LOC058-LOC055-LOC008,IN_TRANSIT,High,Fragile,13.95,2026-06-29T22:15:01.669941,2026-06-29T22:53:01.669941,3.79,MEDIUM,0.441,38,2026-07-01T00:00:00
CURR00967,1Z423BMO1C2844YYB2,LOC026,LOC012,LOC062,RT-LOC026-LOC027-LOC063,IN_TRANSIT,Low,Fragile,82.86,2026-06-30T14:10:40.917063,2026-06-30T16:24:40.917063,4.54,MEDIUM,0.566,134,2026-07-01T00:00:00
CURR00968,1ZYMHAE2JDZVEFORPR,LOC045,LOC054,LOC030,RT-LOC045-LOC015-LOC069,PROCESSING,High,Express,32.31,2026-06-29T19:28:45.561477,2026-06-29T23:52:45.561477,4.01,MEDIUM,0.758,264,2026-07-01T00:00:00
CURR00969,1ZA89JPLWKYO26FD6J,LOC020,LOC052,LOC004,RT-LOC020-LOC021-LOC004,OUT_FOR_DELIVERY,Normal,Fragile,34.58,2026-06-29T05:52:58.588402,2026-06-29T07:50:58.588402,4.21,MEDIUM,0.64,118,2026-07-01T00:00:00
CURR00970,1ZWXTXCM5UNEK7NRVD,LOC028,LOC058,LOC009,RT-LOC028-LOC051-LOC029,PROCESSING,High,Standard,82.07,2026-06-30T16:17:16.630979,2026-06-30T17:39:16.630979,3.04,MEDIUM,0.526,82,2026-07-01T00:00:00
CURR00971,1ZBVKNULVSFBWKUIP9,LOC060,LOC022,LOC019,RT-LOC060-LOC013-LOC019,IN_TRANSIT,Low,Standard,2.6,2026-06-29T14:18:30.421222,2026-06-29T17:48:30.421222,3.93,MEDIUM,0.655,210,2026-07-01T00:00:00
CURR00972,1ZCTXHKZUPMWFZ8593,LOC008,LOC060,LOC023,RT-LOC008-LOC009-LOC010,PROCESSING,High,Standard,27.89,2026-06-29T15:06:16.338290,2026-06-29T15:20:16.338290,2.53,LOW,0.271,14,2026-07-01T00:00:00
CURR00973,1ZYHJECULA1BWTQB23,LOC061,LOC038,LOC065,RT-LOC061-LOC062-LOC066,IN_TRANSIT,High,Express,7.87,2026-06-30T12:28:14.511120,2026-06-30T15:18:14.511120,5.21,HIGH,0.687,170,2026-07-01T00:00:00
CURR00974,1ZSQOF97BWQGYGTT71,LOC013,LOC003,LOC059,RT-LOC013-LOC060-LOC059,IN_TRANSIT,Normal,Express,12.67,2026-06-30T18:40:06.263814,2026-06-30T19:57:06.263814,4.15,MEDIUM,0.549,77,2026-07-01T00:00:00
CURR00975,1Z3XOR5791D9I4B794,LOC049,LOC062,LOC030,RT-LOC049-LOC050-LOC016,IN_TRANSIT,Critical,International,30.16,2026-06-30T18:05:36.651898,2026-06-30T19:23:36.651898,4.08,MEDIUM,0.494,78,2026-07-01T00:00:00
CURR00976,1ZBDO2AQ01P4EZWH8Q,LOC047,LOC073,LOC038,RT-LOC047-LOC038-LOC045,IN_TRANSIT,Normal,Priority,14.64,2026-06-29T17:40:35.357773,2026-06-29T20:03:35.357773,3.42,MEDIUM,0.494,143,2026-07-01T00:00:00
CURR00977,1ZJ500D1K8DJ514A34,LOC005,LOC062,LOC062,RT-LOC005-LOC018-LOC062,IN_TRANSIT,Normal,Standard,27.71,2026-06-29T17:33:13.229776,2026-06-29T17:53:13.229776,3.01,MEDIUM,0.395,20,2026-07-01T00:00:00
CURR00978,1ZDRWBXJM1HN23EGHX,LOC063,LOC012,LOC012,RT-LOC063-LOC062-LOC012,PROCESSING,Critical,Standard,10.72,2026-06-29T18:50:48.678334,2026-06-29T21:57:48.678334,4.31,MEDIUM,0.751,187,2026-07-01T00:00:00
CURR00979,1Z4WSRP9BKL80T9ULB,LOC020,LOC074,LOC051,RT-LOC020-LOC021-LOC004,DELAYED,Normal,Express,15.49,2026-07-02T07:28:29.268741,2026-07-02T08:24:29.268741,4.1,MEDIUM,0.573,56,2026-07-01T00:00:00
CURR00980,1Z9MSJX0N5VHMP7ZDY,LOC009,LOC072,LOC005,RT-LOC009-LOC010-LOC020,OUT_FOR_DELIVERY,Low,Priority,21.98,2026-07-01T09:59:23.088938,2026-07-01T11:37:23.088938,3.96,MEDIUM,0.491,98,2026-07-01T00:00:00
CURR00981,1ZSIEFVYYUFZP4KW3P,LOC069,LOC049,LOC049,RT-LOC069-LOC070-LOC049,IN_TRANSIT,High,Standard,84.15,2026-06-30T19:14:31.274194,2026-06-30T20:31:31.274194,4.03,MEDIUM,0.521,77,2026-07-01T00:00:00
CURR00982,1Z70TD3TTFBYPG6O38,LOC009,LOC065,LOC019,RT-LOC009-LOC010-LOC020,DELAYED,Normal,Standard,22.02,2026-06-30T03:11:19.690057,2026-06-30T05:08:19.690057,4.33,MEDIUM,0.578,117,2026-07-01T00:00:00
CURR00983,1Z3EOZOHDPICYZWJNR,LOC061,LOC023,LOC019,RT-LOC061-LOC018-LOC019,PROCESSING,Normal,Standard,28.95,2026-06-29T11:27:45.692251,2026-06-29T13:27:45.692251,2.43,LOW,0.42,120,2026-07-01T00:00:00
CURR00984,1ZFXGL4CU6AA8WBZ42,LOC048,LOC033,LOC035,RT-LOC048-LOC037-LOC035,OUT_FOR_DELIVERY,High,Standard,208.16,2026-06-30T01:11:04.170941,2026-06-30T03:22:04.170941,4.67,MEDIUM,0.641,131,2026-07-01T00:00:00
CURR00985,1Z4NL8F62X18K9QD3E,LOC039,LOC045,LOC040,RT-LOC039-LOC040-LOC038,PROCESSING,High,Express,27.62,2026-06-30T09:26:50.388585,2026-06-30T10:32:50.388585,3.13,MEDIUM,0.384,66,2026-07-01T00:00:00
CURR00986,1ZCB4GAYIKBA22T9ZE,LOC035,LOC029,LOC069,RT-LOC035-LOC036-LOC015,IN_TRANSIT,High,Fragile,39.63,2026-06-30T03:46:54.689670,2026-06-30T04:28:54.689670,3.62,MEDIUM,0.395,42,2026-07-01T00:00:00
CURR00987,1ZZXB3ZBAA0ZMT1LWV,LOC040,LOC030,LOC016,RT-LOC040-LOC038-LOC045,PROCESSING,Critical,Express,2.76,2026-06-30T23:25:17.307296,2026-06-30T23:42:17.307296,2.71,LOW,0.305,17,2026-07-01T00:00:00
CURR00988,1ZD951MXKATM571K92,LOC045,LOC035,LOC037,RT-LOC045-LOC038-LOC037,OUT_FOR_DELIVERY,Normal,Temperature Sensitive,29.43,2026-06-29T07:30:54.643190,2026-06-29T08:33:54.643190,3.62,MEDIUM,0.491,63,2026-07-01T00:00:00
CURR00989,1ZQPNBNH2C2YA6U7F4,LOC051,LOC061,LOC012,RT-LOC051-LOC028-LOC050,PROCESSING,High,International,13.2,2026-06-29T22:29:43.495657,2026-06-29T23:36:43.495657,3.29,MEDIUM,0.408,67,2026-07-01T00:00:00
CURR00990,1ZR9026YKPNAZCQUV1,LOC020,LOC055,LOC008,RT-LOC020-LOC010-LOC008,DELAYED,Normal,Standard,4.93,2026-06-29T22:19:26.378466,2026-06-29T22:24:26.378466,1.83,LOW,0.185,5,2026-07-01T00:00:00
CURR00991,1ZITX0A5945OR523MB,LOC001,LOC052,LOC052,RT-LOC001-LOC007-LOC052,IN_TRANSIT,Normal,Standard,22.63,2026-06-29T21:25:47.257088,2026-06-30T00:14:47.257088,3.92,MEDIUM,0.575,169,2026-07-01T00:00:00
CURR00992,1ZZENNTERTZSIP8HU7,LOC055,LOC003,LOC021,RT-LOC055-LOC008-LOC009,IN_TRANSIT,Normal,Standard,42.52,2026-06-29T08:41:35.657640,2026-06-29T09:05:35.657640,3.25,MEDIUM,0.429,24,2026-07-01T00:00:00
CURR00993,1ZWEY027S47VCGZ8SB,LOC058,LOC041,LOC062,RT-LOC058-LOC055-LOC008,PROCESSING,Low,Express,61.18,2026-07-02T02:35:13.570876,2026-07-02T05:00:13.570876,4.16,MEDIUM,0.63,145,2026-07-01T00:00:00
CURR00994,1ZUYOH33STCHLH3JHL,LOC015,LOC009,LOC022,RT-LOC015-LOC069-LOC016,IN_TRANSIT,Low,Fragile,2.87,2026-07-01T07:28:26.831571,2026-07-01T08:36:26.831571,3.48,MEDIUM,0.396,68,2026-07-01T00:00:00
CURR00995,1Z0OGO1RN3NPL8XHJ8,LOC046,LOC015,LOC038,RT-LOC046-LOC047-LOC038,DELAYED,Normal,Fragile,8.42,2026-07-01T02:06:08.225681,2026-07-01T02:52:08.225681,4.54,MEDIUM,0.564,46,2026-07-01T00:00:00
CURR00996,1ZSYYZR2CHGDP7Z481,LOC035,LOC018,LOC016,RT-LOC035-LOC036-LOC015,PROCESSING,Normal,Standard,2.32,2026-06-30T06:38:14.589785,2026-06-30T08:50:14.589785,4.21,MEDIUM,0.566,132,2026-07-01T00:00:00
CURR00997,1Z2UCDSPZ65CR0I73B,LOC064,LOC058,LOC019,RT-LOC064-LOC012-LOC018,IN_TRANSIT,Normal,Standard,34.74,2026-07-01T03:21:49.524306,2026-07-01T04:32:49.524306,3.4,MEDIUM,0.421,71,2026-07-01T00:00:00
CURR00998,1ZM16P53N9TSYZ9PQE,LOC074,LOC063,LOC030,RT-LOC074-LOC045-LOC015,PROCESSING,Low,Express,1.54,2026-06-29T20:34:23.607822,2026-06-29T21:05:23.607822,3.3,MEDIUM,0.369,31,2026-07-01T00:00:00
CURR00999,1ZJORJ8AY0WSPGBFFY,LOC059,LOC016,LOC028,RT-LOC059-LOC005-LOC002,IN_TRANSIT,High,Standard,58.39,2026-06-29T22:23:13.297229,2026-06-29T23:23:13.297229,3.09,MEDIUM,0.369,60,2026-07-01T00:00:00
CURR01000,1ZKX4VEQ1FJFAEL89D,LOC042,LOC039,LOC047,RT-LOC042-LOC047-LOC039,IN_TRANSIT,High,Express,46.48,2026-06-30T19:48:03.750883,2026-07-01T00:32:03.750883,4.7,MEDIUM,0.795,284,2026-07-01T00:00:00
CURR01001,1ZH2AK0ULWL5EP1Y8F,LOC062,LOC011,LOC004,RT-LOC062-LOC018-LOC019,IN_TRANSIT,Normal,Fragile,0.62,2026-06-30T05:58:40.959561,2026-06-30T08:12:40.959561,3.63,MEDIUM,0.452,134,2026-07-01T00:00:00
CURR01002,1ZAWWG3E67KRT7UGSM,LOC066,LOC024,LOC063,RT-LOC066-LOC062-LOC063,PROCESSING,Normal,Express,14.89,2026-06-29T09:37:20.505990,2026-06-29T10:09:20.505990,3.73,MEDIUM,0.513,32,2026-07-01T00:00:00
CURR01003,1ZHSAQJX6QLCK6L4EA,LOC014,LOC045,LOC069,RT-LOC014-LOC031-LOC069,DELAYED,High,Express,14.32,2026-07-01T06:45:35.835080,2026-07-01T08:23:35.835080,3.91,MEDIUM,0.469,98,2026-07-01T00:00:00
CURR01004,1ZM2UI9V4X46MD1EDQ,LOC007,LOC023,LOC010,RT-LOC007-LOC052-LOC009,PROCESSING,Low,Standard,11.92,2026-06-29T05:48:36.162396,2026-06-29T06:59:36.162396,3.66,MEDIUM,0.481,71,2026-07-01T00:00:00
CURR01005,1Z8EZXJ18IAIN3PJAP,LOC011,LOC055,LOC058,RT-LOC011-LOC058-LOC055,OUT_FOR_DELIVERY,High,Priority,14.02,2026-06-30T08:43:56.368306,2026-06-30T10:04:56.368306,2.6,LOW,0.403,81,2026-07-01T00:00:00
CURR01006,1Z2MI48GUIS7AR1UD7,LOC056,LOC061,LOC023,RT-LOC056-LOC054-LOC009,OUT_FOR_DELIVERY,Normal,Standard,80.82,2026-06-30T08:14:56.893563,2026-06-30T09:40:56.893563,4.58,MEDIUM,0.611,86,2026-07-01T00:00:00
CURR01007,1ZNPHDQYU2C2CVKZOL,LOC051,LOC062,LOC012,RT-LOC051-LOC028-LOC050,PROCESSING,Critical,Express,16.46,2026-06-29T20:48:50.495503,2026-06-29T21:10:50.495503,2.86,LOW,0.324,22,2026-07-01T00:00:00
CURR01008,1ZDNG4VT9CDLUGP4ZZ,LOC032,LOC035,LOC033,RT-LOC032-LOC033-LOC035,IN_TRANSIT,Normal,International,48.83,2026-06-29T16:07:37.405892,2026-06-29T16:50:37.405892,2.42,LOW,0.277,43,2026-07-01T00:00:00
CURR01009,1Z4QPP3NP4Z0LHI79F,LOC065,LOC010,LOC021,RT-LOC065-LOC067-LOC012,IN_TRANSIT,Normal,Fragile,129.82,2026-06-30T13:21:03.717360,2026-06-30T15:06:03.717360,4.68,MEDIUM,0.58,105,2026-07-01T00:00:00
CURR01010,1ZL3L22NQOXO6LBVK2,LOC063,LOC072,LOC028,RT-LOC063-LOC061-LOC060,IN_TRANSIT,Normal,Express,15.7,2026-06-30T05:08:43.409199,2026-06-30T07:23:43.409199,4.85,MEDIUM,0.637,135,2026-07-01T00:00:00
CURR01011,1ZHI4X3ZSKDVRUSUNZ,LOC014,LOC031,LOC031,RT-LOC014-LOC031,PROCESSING,High,Standard,18.33,2026-06-30T14:44:21.799096,2026-06-30T16:17:21.799096,2.85,LOW,0.395,93,2026-07-01T00:00:00
CURR01012,1ZCIYI3VISKYEE8K3U,LOC043,LOC014,LOC031,RT-LOC043-LOC074-LOC045,DELAYED,High,Standard,89.18,2026-06-30T16:37:43.252260,2026-06-30T17:22:43.252260,4.01,MEDIUM,0.509,45,2026-07-01T00:00:00
CURR01013,1Z1R8JB9CD8FCH4IVK,LOC064,LOC057,LOC009,RT-LOC064-LOC012-LOC018,OUT_FOR_DELIVERY,Low,Priority,34.67,2026-07-01T08:22:57.379263,2026-07-01T09:27:57.379263,3.4,MEDIUM,0.407,65,2026-07-01T00:00:00
CURR01014,1ZG53IJVXXKKA92ZM4,LOC053,LOC065,LOC062,RT-LOC053-LOC052-LOC007,IN_TRANSIT,Low,International,70.7,2026-07-01T07:44:17.298422,2026-07-01T09:53:17.298422,5.35,HIGH,0.71,129,2026-07-01T00:00:00
CURR01015,1ZN5H873RYIBSLO6XX,LOC003,LOC058,LOC009,RT-LOC003-LOC007-LOC052,IN_TRANSIT,Normal,Express,21.99,2026-06-29T14:16:16.667178,2026-06-29T15:17:16.667178,3.5,MEDIUM,0.398,61,2026-07-01T00:00:00
CURR01016,1ZWFQEZMSBRB0ZEXQX,LOC006,LOC042,LOC037,RT-LOC006-LOC059-LOC005,PROCESSING,Normal,International,5.23,2026-06-30T07:27:19.759568,2026-06-30T08:55:19.759568,4.02,MEDIUM,0.497,88,2026-07-01T00:00:00
CURR01017,1ZVTE4A400X33MUYSH,LOC046,LOC017,LOC069,RT-LOC046-LOC047-LOC038,IN_TRANSIT,Normal,Standard,67.33,2026-06-29T23:09:41.745331,2026-06-30T00:13:41.745331,2.59,LOW,0.323,64,2026-07-01T00:00:00
CURR01018,1Z24ZD60TM3BIJVV9T,LOC055,LOC001,LOC006,RT-LOC055-LOC008-LOC009,PROCESSING,Normal,Priority,23.84,2026-06-30T10:15:01.896173,2026-06-30T11:53:01.896173,2.99,LOW,0.463,98,2026-07-01T00:00:00
CURR01019,1ZMFBIUDOMI9U14N0U,LOC024,LOC029,LOC060,RT-LOC024-LOC013-LOC060,PROCESSING,Normal,Express,116.84,2026-06-30T09:39:43.657337,2026-06-30T12:02:43.657337,3.81,MEDIUM,0.513,143,2026-07-01T00:00:00
CURR01020,1ZHCFEGASMBJOOCTLH,LOC030,LOC062,LOC012,RT-LOC030-LOC012-LOC018,OUT_FOR_DELIVERY,Low,Express,43.62,2026-06-29T17:42:19.307663,2026-06-29T18:19:19.307663,2.79,LOW,0.313,37,2026-07-01T00:00:00
CURR01021,1ZHU8LDQR4G5FNOWMY,LOC007,LOC041,LOC033,RT-LOC007-LOC006-LOC059,PROCESSING,High,Standard,52.65,2026-07-01T11:19:46.625869,2026-07-01T12:19:46.625869,3.03,MEDIUM,0.352,60,2026-07-01T00:00:00
CURR01022,1ZB85ATC10YR3QZ32V,LOC067,LOC046,LOC038,RT-LOC067-LOC065-LOC032,IN_TRANSIT,High,Standard,2.53,2026-07-01T01:31:59.486919,2026-07-01T03:26:59.486919,4.66,MEDIUM,0.656,115,2026-07-01T00:00:00
CURR01023,1ZYHSWL6JTPKFBKE9D,LOC043,LOC020,LOC069,RT-LOC043-LOC074-LOC045,IN_TRANSIT,Low,Temperature Sensitive,6.57,2026-06-30T19:35:25.088218,2026-06-30T20:49:25.088218,2.73,LOW,0.324,74,2026-07-01T00:00:00
CURR01024,1Z8X3RM7L4YCAT1MQB,LOC053,LOC046,LOC018,RT-LOC053-LOC052-LOC007,OUT_FOR_DELIVERY,High,International,6.67,2026-07-01T18:06:54.192257,2026-07-01T19:11:54.192257,3.15,MEDIUM,0.361,65,2026-07-01T00:00:00
CURR01025,1ZPR3P1D2RSSJM7TH2,LOC036,LOC034,LOC035,RT-LOC036-LOC048-LOC037,IN_TRANSIT,High,International,52.34,2026-06-29T16:38:59.966213,2026-06-29T19:04:59.966213,3.94,MEDIUM,0.555,146,2026-07-01T00:00:00
CURR01026,1Z2HVC95PUW720P300,LOC067,LOC065,LOC067,RT-LOC067-LOC065,PROCESSING,High,International,6.38,2026-06-29T19:44:55.672665,2026-06-29T23:16:55.672665,4.79,MEDIUM,0.859,212,2026-07-01T00:00:00
CURR01027,1ZQVA9AFVA5358ILL3,LOC023,LOC073,LOC016,RT-LOC023-LOC019-LOC060,IN_TRANSIT,Normal,Priority,1.42,2026-06-30T21:47:45.578855,2026-06-30T22:42:45.578855,3.06,MEDIUM,0.345,55,2026-07-01T00:00:00
CURR01028,1ZP6CHAOITHW8TB34G,LOC020,LOC007,LOC021,RT-LOC020-LOC021-LOC004,DELAYED,Critical,Temperature Sensitive,72.65,2026-06-30T12:24:05.257879,2026-06-30T13:15:05.257879,2.53,LOW,0.316,51,2026-07-01T00:00:00
CURR01029,1ZWAY479GK327MD33A,LOC057,LOC020,LOC008,RT-LOC057-LOC055-LOC008,PROCESSING,Normal,Temperature Sensitive,30.6,2026-06-29T21:40:28.076900,2026-06-29T22:41:28.076900,3.32,MEDIUM,0.384,61,2026-07-01T00:00:00
CURR01030,1ZUU1MJGYDIZ2KZZ1N,LOC015,LOC058,LOC022,RT-LOC015-LOC069-LOC016,DELAYED,High,Express,34.77,2026-06-30T05:31:09.344113,2026-06-30T07:38:09.344113,3.83,MEDIUM,0.42,127,2026-07-01T00:00:00
CURR01031,1ZFXOAMO40C9HL6SQ9,LOC036,LOC009,LOC016,RT-LOC036-LOC015-LOC069,IN_TRANSIT,High,International,99.58,2026-07-01T01:25:23.656861,2026-07-01T02:06:23.656861,2.57,LOW,0.288,41,2026-07-01T00:00:00
CURR01032,1Z9K3C7EVHQVVJSX1Y,LOC064,LOC016,LOC067,RT-LOC064-LOC067-LOC068,IN_TRANSIT,Normal,Express,120.41,2026-06-30T08:53:29.404859,2026-06-30T10:43:29.404859,3.89,MEDIUM,0.537,110,2026-07-01T00:00:00
CURR01033,1ZH55V7UDV90RYK3MA,LOC007,LOC001,LOC059,RT-LOC007-LOC006-LOC059,PROCESSING,Normal,Fragile,98.43,2026-06-29T06:32:21.992324,2026-06-29T09:07:21.992324,3.95,MEDIUM,0.594,155,2026-07-01T00:00:00
CURR01034,1Z9X23PVPQ5ASK4E9A,LOC010,LOC005,LOC004,RT-LOC010-LOC020-LOC021,PROCESSING,Normal,International,26.95,2026-06-29T13:15:56.717883,2026-06-29T15:42:56.717883,4.24,MEDIUM,0.531,147,2026-07-01T00:00:00
CURR01035,1ZG6HFFJZ7TFZA2PLB,LOC025,LOC021,LOC019,RT-LOC025-LOC027-LOC063,PROCESSING,Normal,Standard,69.37,2026-07-01T07:25:43.874016,2026-07-01T11:23:43.874016,5.09,HIGH,0.74,238,2026-07-01T00:00:00
CURR01036,1ZAIOWYY1PDLASSRZ7,LOC011,LOC045,LOC004,RT-LOC011-LOC056-LOC054,OUT_FOR_DELIVERY,Normal,International,24.65,2026-06-30T09:25:02.659479,2026-06-30T10:20:02.659479,3.12,MEDIUM,0.343,55,2026-07-01T00:00:00
CURR01037,1Z61AWXM0H9LD307YA,LOC055,LOC047,LOC033,RT-LOC055-LOC008-LOC009,PROCESSING,High,International,1.56,2026-07-02T02:50:57.609632,2026-07-02T04:48:57.609632,3.84,MEDIUM,0.446,118,2026-07-01T00:00:00
CURR01038,1ZJ4LO3KQI0VBXQZ37,LOC067,LOC022,LOC012,RT-LOC067-LOC012-LOC018,PROCESSING,High,Express,176.38,2026-06-30T00:20:49.807684,2026-06-30T01:26:49.807684,4.13,MEDIUM,0.515,66,2026-07-01T00:00:00
CURR01039,1ZNXJRP9V6HAASUHY9,LOC053,LOC073,LOC002,RT-LOC053-LOC052-LOC007,PROCESSING,Low,Express,81.0,2026-06-30T12:08:36.571288,2026-06-30T12:49:36.571288,4.07,MEDIUM,0.533,41,2026-07-01T00:00:00
CURR01040,1Z7Y91FF7HUYAUJIXY,LOC042,LOC052,LOC003,RT-LOC042-LOC047-LOC038,IN_TRANSIT,Low,Express,1.72,2026-07-01T01:57:13.856790,2026-07-01T02:16:13.856790,3.0,LOW,0.319,19,2026-07-01T00:00:00
CURR01041,1Z08D1EBZZ4RDPV9DK,LOC012,LOC054,LOC021,RT-LOC012-LOC018-LOC019,IN_TRANSIT,Normal,Standard,6.59,2026-06-30T14:36:15.567444,2026-06-30T16:51:15.567444,4.71,MEDIUM,0.622,135,2026-07-01T00:00:00
CURR01042,1ZYXJADQMQVGB193DU,LOC018,LOC067,LOC012,RT-LOC018-LOC012-LOC067,IN_TRANSIT,Critical,Express,77.81,2026-06-29T06:39:17.357779,2026-06-29T07:35:17.357779,3.76,MEDIUM,0.518,56,2026-07-01T00:00:00
CURR01043,1ZNM0SQZP21INUB2X5,LOC015,LOC050,LOC070,RT-LOC015-LOC069-LOC070,IN_TRANSIT,Low,Express,58.18,2026-06-30T07:32:28.707438,2026-06-30T09:54:28.707438,4.03,MEDIUM,0.637,142,2026-07-01T00:00:00
CURR01044,1ZM7CPBLB6U2WPQ85R,LOC066,LOC032,LOC065,RT-LOC066-LOC065-LOC032,IN_TRANSIT,Normal,Temperature Sensitive,55.33,2026-06-29T22:15:22.066437,2026-06-29T22:54:22.066437,3.21,MEDIUM,0.337,39,2026-07-01T00:00:00
CURR01045,1Z2VA7166VHTZJJKMQ,LOC073,LOC069,LOC015,RT-LOC073-LOC045-LOC015,IN_TRANSIT,High,Standard,16.99,2026-06-29T19:12:18.577196,2026-06-29T21:07:18.577196,2.89,LOW,0.453,115,2026-07-01T00:00:00
CURR01046,1ZEM3OEOW35C1KDTXD,LOC030,LOC022,LOC018,RT-LOC030-LOC012-LOC018,IN_TRANSIT,Normal,Standard,58.89,2026-06-30T00:36:41.102825,2026-06-30T04:45:41.102825,4.39,MEDIUM,0.82,249,2026-07-01T00:00:00
CURR01047,1ZY2F0DOV97EA2VB02,LOC050,LOC003,LOC030,RT-LOC050-LOC016-LOC030,OUT_FOR_DELIVERY,Normal,Standard,108.13,2026-06-30T15:42:01.438993,2026-06-30T17:08:01.438993,4.3,MEDIUM,0.564,86,2026-07-01T00:00:00
CURR01048,1Z7W92YWXW76N6NSM3,LOC007,LOC031,LOC050,RT-LOC007-LOC006-LOC059,PROCESSING,Normal,Express,169.21,2026-06-30T04:11:58.768495,2026-06-30T06:52:58.768495,4.19,MEDIUM,0.579,161,2026-07-01T00:00:00
CURR01049,1ZCOFRUADS3RCG53T7,LOC031,LOC029,LOC030,RT-LOC031-LOC070-LOC016,IN_TRANSIT,Critical,Standard,20.32,2026-06-30T10:54:32.443553,2026-06-30T12:21:32.443553,3.68,MEDIUM,0.475,87,2026-07-01T00:00:00
CURR01050,1ZOKC8ZKINE1XNOK34,LOC059,LOC052,LOC003,RT-LOC059-LOC006-LOC003,PROCESSING,High,Standard,16.73,2026-06-30T08:15:22.385218,2026-06-30T09:31:22.385218,3.99,MEDIUM,0.585,76,2026-07-01T00:00:00
CURR01051,1ZQAG2PCUP75QB223U,LOC054,LOC021,LOC009,RT-LOC054-LOC009-LOC010,DELAYED,Low,Express,98.63,2026-06-29T04:08:22.057729,2026-06-29T04:40:22.057729,2.42,LOW,0.292,32,2026-07-01T00:00:00
CURR01052,1Z2XURTFP90D6Z72CG,LOC021,LOC039,LOC032,RT-LOC021-LOC020-LOC023,DELAYED,Normal,International,36.41,2026-06-30T06:54:32.072650,2026-06-30T07:59:32.072650,3.34,MEDIUM,0.41,65,2026-07-01T00:00:00
CURR01053,1ZKEHBU83D8D8C4OQO,LOC039,LOC020,LOC012,RT-LOC039-LOC040-LOC038,OUT_FOR_DELIVERY,Critical,Priority,42.67,2026-07-01T13:34:57.907667,2026-07-01T15:36:57.907667,4.0,MEDIUM,0.538,122,2026-07-01T00:00:00
CURR01054,1Z0XHC13ZT0SL1FV1P,LOC055,LOC037,LOC013,RT-LOC055-LOC008-LOC009,DELAYED,Normal,International,59.81,2026-06-30T15:20:25.699399,2026-06-30T16:07:25.699399,2.83,LOW,0.299,47,2026-07-01T00:00:00
CURR01055,1ZYZ8JDGBX2CMDITSU,LOC010,LOC008,LOC008,RT-LOC010-LOC008,IN_TRANSIT,Low,Standard,17.34,2026-06-30T04:24:29.281241,2026-06-30T08:23:29.281241,4.33,MEDIUM,0.787,239,2026-07-01T00:00:00
CURR01056,1ZF6I4Z75ELLGGRT2J,LOC055,LOC024,LOC023,RT-LOC055-LOC008-LOC009,OUT_FOR_DELIVERY,Normal,International,51.6,2026-06-30T14:55:17.819352,2026-06-30T15:21:17.819352,2.12,LOW,0.23,26,2026-07-01T00:00:00
CURR01057,1ZAW04YX6Z71BP7O9P,LOC070,LOC034,LOC031,RT-LOC070-LOC031-LOC034,PROCESSING,High,Fragile,124.95,2026-06-30T15:58:24.341765,2026-06-30T17:02:24.341765,3.49,MEDIUM,0.477,64,2026-07-01T00:00:00
CURR01058,1Z1PKIIH960NJPVMDT,LOC005,LOC014,LOC070,RT-LOC005-LOC002-LOC029,IN_TRANSIT,Critical,Standard,80.38,2026-06-30T08:55:47.001533,2026-06-30T09:20:47.001533,3.62,MEDIUM,0.421,25,2026-07-01T00:00:00
CURR01059,1ZGJKJUU2L5J08MU85,LOC015,LOC013,LOC030,RT-LOC015-LOC069-LOC016,PROCESSING,Low,Priority,39.76,2026-06-30T18:52:14.208412,2026-06-30T20:11:14.208412,4.64,MEDIUM,0.588,79,2026-07-01T00:00:00
CURR01060,1ZOQ40HM8IXDXWMOTE,LOC045,LOC059,LOC069,RT-LOC045-LOC015-LOC069,DELAYED,Normal,Priority,11.21,2026-06-30T01:00:39.011709,2026-06-30T01:43:39.011709,3.72,MEDIUM,0.48,43,2026-07-01T00:00:00
CURR01061,1ZADYZZHNH1THZQWEA,LOC038,LOC020,LOC018,RT-LOC038-LOC045-LOC015,PROCESSING,Normal,Standard,132.1,2026-06-30T00:53:18.389870,2026-06-30T01:33:18.389870,2.64,LOW,0.312,40,2026-07-01T00:00:00
CURR01062,1Z1OFMOGMVF2T99ARD,LOC028,LOC042,LOC035,RT-LOC028-LOC050-LOC016,DELAYED,High,Standard,1.84,2026-07-01T07:29:43.391092,2026-07-01T08:43:43.391092,4.34,MEDIUM,0.542,74,2026-07-01T00:00:00
CURR01063,1ZQ3DRMEALJ8A9UTZA,LOC067,LOC064,LOC067,RT-LOC067-LOC064,IN_TRANSIT,High,Priority,28.89,2026-06-29T19:00:23.564061,2026-06-29T20:17:23.564061,4.08,MEDIUM,0.565,77,2026-07-01T00:00:00
CURR01064,1ZFVLS2L9U476DKEJG,LOC041,LOC051,LOC070,RT-LOC041-LOC042-LOC047,IN_TRANSIT,Normal,Express,7.05,2026-06-30T08:44:47.725943,2026-06-30T09:24:47.725943,4.39,MEDIUM,0.577,40,2026-07-01T00:00:00
CURR01065,1ZWIJ2QQ8W6P4ANNWC,LOC052,LOC022,LOC020,RT-LOC052-LOC009-LOC010,IN_TRANSIT,Low,Priority,84.5,2026-06-30T07:15:00.611361,2026-06-30T08:26:00.611361,3.38,MEDIUM,0.415,71,2026-07-01T00:00:00
CURR01066,1ZESCBRF62U6OPHBHE,LOC060,LOC013,LOC060,RT-LOC060-LOC013,IN_TRANSIT,High,Express,23.74,2026-06-30T06:39:11.074107,2026-06-30T07:54:11.074107,3.48,MEDIUM,0.477,75,2026-07-01T00:00:00
CURR01067,1ZGBLPJCSLDW2W05H4,LOC070,LOC052,LOC007,RT-LOC070-LOC016-LOC030,IN_TRANSIT,Normal,Express,19.3,2026-06-30T18:31:27.174237,2026-06-30T19:32:27.174237,2.85,LOW,0.308,61,2026-07-01T00:00:00
CURR01068,1ZEP5R0QSRRT4UV6RB,LOC040,LOC069,LOC015,RT-LOC040-LOC038-LOC045,DELAYED,Low,Temperature Sensitive,13.13,2026-06-30T05:46:41.532436,2026-06-30T06:44:41.532436,2.9,LOW,0.323,58,2026-07-01T00:00:00
CURR01069,1Z2IFGS58E0MRGUPQ8,LOC054,LOC071,LOC006,RT-LOC054-LOC009-LOC010,IN_TRANSIT,Normal,Express,2.96,2026-06-30T04:21:51.196952,2026-06-30T05:16:51.196952,2.8,LOW,0.286,55,2026-07-01T00:00:00
CURR01070,1ZHVGZVY08U9F00EZU,LOC062,LOC053,LOC006,RT-LOC062-LOC061-LOC060,IN_TRANSIT,High,Standard,129.35,2026-06-29T15:03:15.428860,2026-06-29T18:16:15.428860,4.81,MEDIUM,0.613,193,2026-07-01T00:00:00
CURR01071,1ZPVNJL37A3UXI0EF1,LOC025,LOC071,LOC029,RT-LOC025-LOC027-LOC063,IN_TRANSIT,Normal,Express,136.14,2026-06-30T13:22:02.155199,2026-06-30T14:39:02.155199,2.86,LOW,0.408,77,2026-07-01T00:00:00
CURR01072,1ZENLYSIPYO9ONNV2P,LOC034,LOC014,LOC033,RT-LOC034-LOC033-LOC014,PROCESSING,Low,Temperature Sensitive,21.72,2026-06-29T18:08:44.485242,2026-06-29T20:49:44.485242,4.01,MEDIUM,0.524,161,2026-07-01T00:00:00
CURR01073,1ZU7LN8S95554T83SS,LOC051,LOC069,LOC028,RT-LOC051-LOC028-LOC050,PROCESSING,High,Standard,57.17,2026-06-30T16:03:34.082002,2026-06-30T17:07:34.082002,3.26,MEDIUM,0.389,64,2026-07-01T00:00:00
CURR01074,1ZWPC01UA5G9ZHTEXY,LOC002,LOC044,LOC045,RT-LOC002-LOC029-LOC051,PROCESSING,Normal,Express,251.72,2026-07-01T23:52:29.519572,2026-07-02T01:18:29.519572,3.4,MEDIUM,0.421,86,2026-07-01T00:00:00
CURR01075,1ZU6E3GSEAFNRBD64V,LOC051,LOC010,LOC007,RT-LOC051-LOC029-LOC007,DELAYED,Normal,International,51.38,2026-06-29T10:06:53.562511,2026-06-29T11:13:53.562511,4.13,MEDIUM,0.546,67,2026-07-01T00:00:00
CURR01076,1ZY5KM4OE8O62A28CE,LOC002,LOC074,LOC069,RT-LOC002-LOC029-LOC051,PROCESSING,Normal,Standard,10.79,2026-07-01T10:22:02.419500,2026-07-01T11:33:02.419500,3.57,MEDIUM,0.503,71,2026-07-01T00:00:00
CURR01077,1ZLJGDZBNY4BTSQXWY,LOC013,LOC047,LOC033,RT-LOC013-LOC062-LOC066,PROCESSING,Low,Express,105.04,2026-07-01T09:30:59.848032,2026-07-01T11:31:59.848032,4.1,MEDIUM,0.514,121,2026-07-01T00:00:00
CURR01078,1ZFZAIBAR1P8BCTN70,LOC059,LOC053,LOC052,RT-LOC059-LOC006-LOC003,DELAYED,Normal,Temperature Sensitive,34.05,2026-06-29T22:25:57.070747,2026-06-30T01:02:57.070747,3.12,MEDIUM,0.591,157,2026-07-01T00:00:00
CURR01079,1ZDF3H6SL3B9UMFOFM,LOC030,LOC043,LOC015,RT-LOC030-LOC016-LOC069,IN_TRANSIT,Normal,Standard,31.83,2026-07-01T13:49:30.069203,2026-07-01T17:28:30.069203,3.42,MEDIUM,0.605,219,2026-07-01T00:00:00
CURR01080,1ZWFGNIV4YDMY948AC,LOC015,LOC029,LOC069,RT-LOC015-LOC069-LOC016,IN_TRANSIT,Normal,Fragile,23.5,2026-06-29T13:12:39.347314,2026-06-29T14:50:39.347314,4.06,MEDIUM,0.451,98,2026-07-01T00:00:00
CURR01081,1Z6M06LFIT7WCLMF42,LOC006,LOC028,LOC005,RT-LOC006-LOC059-LOC005,DELAYED,Normal,Priority,89.34,2026-06-30T14:31:35.280251,2026-06-30T16:33:35.280251,4.72,MEDIUM,0.597,122,2026-07-01T00:00:00
CURR01082,1Z7OJD4ZRZQ08V4HOM,LOC065,LOC058,LOC009,RT-LOC065-LOC067-LOC012,DELAYED,High,International,137.66,2026-06-30T22:56:38.624380,2026-07-01T01:51:38.624380,4.36,MEDIUM,0.607,175,2026-07-01T00:00:00
CURR01083,1Z9IGK7NSYIVUZFRWI,LOC057,LOC003,LOC004,RT-LOC057-LOC055-LOC008,PROCESSING,Normal,Standard,59.15,2026-06-30T06:07:27.072722,2026-06-30T07:45:27.072722,5.08,HIGH,0.656,98,2026-07-01T00:00:00
CURR01084,1ZJQ5YTOQ64TBSVSBV,LOC042,LOC069,LOC015,RT-LOC042-LOC047-LOC038,DELAYED,Normal,Fragile,107.65,2026-06-29T12:52:56.319556,2026-06-29T13:39:56.319556,3.55,MEDIUM,0.421,47,2026-07-01T00:00:00
CURR01085,1ZSYHL14VZPP1289JT,LOC048,LOC067,LOC069,RT-LOC048-LOC036-LOC015,IN_TRANSIT,High,Standard,32.45,2026-06-30T02:03:34.578479,2026-06-30T02:19:34.578479,3.31,MEDIUM,0.428,16,2026-07-01T00:00:00
CURR01086,1ZB8T89MO5DETDNV64,LOC031,LOC057,LOC004,RT-LOC031-LOC070-LOC016,OUT_FOR_DELIVERY,Normal,Express,21.82,2026-06-30T18:35:28.072889,2026-06-30T19:40:28.072889,4.01,MEDIUM,0.494,65,2026-07-01T00:00:00
CURR01087,1ZABFWMEG8Q35XECJD,LOC008,LOC062,LOC013,RT-LOC008-LOC009-LOC010,DELAYED,Normal,Standard,27.34,2026-07-01T06:47:58.547322,2026-07-01T09:09:58.547322,4.15,MEDIUM,0.567,142,2026-07-01T00:00:00
CURR01088,1ZKJRMLIFXQS09H4HY,LOC010,LOC045,LOC028,RT-LOC010-LOC020-LOC021,IN_TRANSIT,Low,Standard,15.91,2026-06-30T17:12:52.619224,2026-06-30T21:15:52.619224,4.85,MEDIUM,0.755,243,2026-07-01T00:00:00
CURR01089,1ZM3UN1NO439MH1NUU,LOC042,LOC017,LOC030,RT-LOC042-LOC047-LOC038,IN_TRANSIT,Low,Express,2.93,2026-07-01T17:11:11.790514,2026-07-01T18:39:11.790514,3.08,MEDIUM,0.405,88,2026-07-01T00:00:00
CURR01090,1ZHUQ5SR527RGL9MP2,LOC048,LOC068,LOC016,RT-LOC048-LOC036-LOC015,PROCESSING,High,Standard,49.31,2026-06-30T11:53:56.517436,2026-06-30T13:57:56.517436,3.82,MEDIUM,0.64,124,2026-07-01T00:00:00
CURR01091,1ZDOSZ6BTD1E7UOZBJ,LOC068,LOC074,LOC015,RT-LOC068-LOC069-LOC015,IN_TRANSIT,High,International,1.75,2026-06-30T20:25:09.038363,2026-06-30T22:17:09.038363,4.1,MEDIUM,0.517,112,2026-07-01T00:00:00
CURR01092,1ZZPLELD8OIB10CVTH,LOC058,LOC002,LOC059,RT-LOC058-LOC055-LOC008,PROCESSING,Normal,Express,18.07,2026-07-01T09:28:00.376744,2026-07-01T10:21:00.376744,2.64,LOW,0.322,53,2026-07-01T00:00:00
CURR01093,1ZI3WM0Z7I3Q83COVN,LOC075,LOC053,LOC002,RT-LOC075-LOC044-LOC074,IN_TRANSIT,Low,Temperature Sensitive,23.95,2026-07-01T09:54:36.546767,2026-07-01T11:29:36.546767,3.89,MEDIUM,0.453,95,2026-07-01T00:00:00
CURR01094,1Z9FZZYAZU9GROQ610,LOC035,LOC054,LOC022,RT-LOC035-LOC036-LOC015,DELAYED,High,Standard,58.16,2026-06-30T10:31:26.026069,2026-06-30T12:42:26.026069,2.85,LOW,0.55,131,2026-07-01T00:00:00
CURR01095,1ZKS8NG05SV0ZBEIJW,LOC010,LOC020,LOC020,RT-LOC010-LOC020,IN_TRANSIT,Normal,Fragile,19.68,2026-06-30T21:00:43.827216,2026-06-30T21:53:43.827216,3.23,MEDIUM,0.444,53,2026-07-01T00:00:00
CURR01096,1ZK7S8XOUT76B81SNW,LOC010,LOC030,LOC051,RT-LOC010-LOC020-LOC021,IN_TRANSIT,High,Standard,29.18,2026-06-30T14:43:55.786340,2026-06-30T16:50:55.786340,4.14,MEDIUM,0.676,127,2026-07-01T00:00:00
CURR01097,1ZE0TGWGHV32CBS2TZ,LOC004,LOC037,LOC033,RT-LOC004-LOC007-LOC006,IN_TRANSIT,Critical,International,34.04,2026-06-30T07:53:56.803385,2026-06-30T09:47:56.803385,4.15,MEDIUM,0.632,114,2026-07-01T00:00:00
CURR01098,1ZMMZZGB6HW5HDTB4W,LOC064,LOC029,LOC005,RT-LOC064-LOC012-LOC018,IN_TRANSIT,Normal,Express,19.6,2026-06-30T04:13:26.940470,2026-06-30T07:20:26.940470,4.17,MEDIUM,0.698,187,2026-07-01T00:00:00
CURR01099,1ZISKZLKVZ9BWDXOT6,LOC029,LOC012,LOC028,RT-LOC029-LOC051-LOC028,IN_TRANSIT,Low,Standard,10.91,2026-06-30T18:57:03.107191,2026-06-30T19:15:03.107191,3.44,MEDIUM,0.451,18,2026-07-01T00:00:00
CURR01100,1ZWGN455DJ129XNEBN,LOC061,LOC074,LOC069,RT-LOC061-LOC060-LOC059,DELAYED,Normal,Express,47.32,2026-07-02T04:26:37.070993,2026-07-02T07:14:37.070993,4.59,MEDIUM,0.65,168,2026-07-01T00:00:00
CURR01101,1Z4TX29PMKSWUTMKHM,LOC056,LOC061,LOC019,RT-LOC056-LOC054-LOC009,IN_TRANSIT,Normal,Priority,48.82,2026-06-30T05:19:47.420687,2026-06-30T06:50:47.420687,4.54,MEDIUM,0.577,91,2026-07-01T00:00:00
CURR01102,1Z788TGLA9R4H4ABBV,LOC030,LOC005,LOC018,RT-LOC030-LOC012-LOC018,IN_TRANSIT,Low,International,67.66,2026-06-29T08:55:45.231022,2026-06-29T10:18:45.231022,4.16,MEDIUM,0.519,83,2026-07-01T00:00:00
CURR01103,1Z5T9NVWA9Y789JOU9,LOC070,LOC040,LOC037,RT-LOC070-LOC031-LOC033,IN_TRANSIT,Normal,Standard,6.3,2026-06-30T23:59:53.698295,2026-07-01T01:29:53.698295,3.89,MEDIUM,0.473,90,2026-07-01T00:00:00
CURR01104,1ZT89VZWE0UCSZF5QP,LOC005,LOC050,LOC051,RT-LOC005-LOC002-LOC029,DELAYED,Critical,Express,3.57,2026-06-29T16:51:15.729158,2026-06-29T19:13:15.729158,2.93,LOW,0.574,142,2026-07-01T00:00:00
CURR01105,1ZNQ7KTHD362BZOWM7,LOC075,LOC011,LOC012,RT-LOC075-LOC044-LOC074,IN_TRANSIT,High,Express,126.39,2026-07-01T18:46:38.799321,2026-07-01T20:20:38.799321,4.48,MEDIUM,0.702,94,2026-07-01T00:00:00
CURR01106,1Z44TWE9UIDHLB29AY,LOC046,LOC072,LOC069,RT-LOC046-LOC047-LOC038,IN_TRANSIT,Low,Express,14.51,2026-06-29T18:50:11.536021,2026-06-29T20:07:11.536021,4.88,MEDIUM,0.616,77,2026-07-01T00:00:00
CURR01107,1Z0JBNJ23KOU7ET2B6,LOC020,LOC042,LOC035,RT-LOC020-LOC023-LOC019,IN_TRANSIT,Low,International,62.12,2026-07-01T07:00:57.890402,2026-07-01T07:36:57.890402,3.11,MEDIUM,0.347,36,2026-07-01T00:00:00
CURR01108,1ZQURMDK2TYA0RJT2T,LOC032,LOC028,LOC031,RT-LOC032-LOC033-LOC014,OUT_FOR_DELIVERY,High,Priority,24.01,2026-06-29T22:04:16.545819,2026-06-29T23:46:16.545819,4.35,MEDIUM,0.564,102,2026-07-01T00:00:00
CURR01109,1ZESOBMKTCYH7ASFVQ,LOC036,LOC004,LOC030,RT-LOC036-LOC015-LOC069,PROCESSING,High,Standard,80.46,2026-06-30T21:33:27.180204,2026-06-30T21:55:27.180204,2.87,LOW,0.364,22,2026-07-01T00:00:00
CURR01110,1ZP5YIGDTXOT31WQOH,LOC005,LOC031,LOC029,RT-LOC005-LOC002-LOC029,IN_TRANSIT,High,International,18.11,2026-06-30T18:54:08.013285,2026-06-30T20:20:08.013285,2.98,LOW,0.372,86,2026-07-01T00:00:00
CURR01111,1ZJLE1XH1OW69T8RKN,LOC038,LOC044,LOC047,RT-LOC038-LOC047-LOC046,DELAYED,High,International,61.02,2026-06-30T13:39:33.547786,2026-06-30T14:42:33.547786,3.06,MEDIUM,0.442,63,2026-07-01T00:00:00
CURR01112,1ZZ1CRG5I3YLYD46S2,LOC013,LOC028,LOC059,RT-LOC013-LOC060-LOC059,IN_TRANSIT,High,Express,32.36,2026-07-01T02:50:40.746892,2026-07-01T03:51:40.746892,3.3,MEDIUM,0.408,61,2026-07-01T00:00:00
CURR01113,1ZXOBOH15643UJYNPY,LOC047,LOC031,LOC045,RT-LOC047-LOC038-LOC045,DELAYED,Normal,Standard,13.79,2026-06-29T13:29:13.514386,2026-06-29T14:13:13.514386,3.42,MEDIUM,0.43,44,2026-07-01T00:00:00
CURR01114,1ZGCOMA9EK0TD55IYB,LOC029,LOC037,LOC032,RT-LOC029-LOC051-LOC028,PROCESSING,Normal,Express,177.41,2026-06-29T17:54:55.161881,2026-06-29T18:37:55.161881,3.17,MEDIUM,0.374,43,2026-07-01T00:00:00
CURR01115,1ZQSKPDNW9EWEIQI29,LOC053,LOC063,LOC018,RT-LOC053-LOC052-LOC007,OUT_FOR_DELIVERY,Low,Standard,18.95,2026-06-29T23:47:12.378189,2026-06-30T00:53:12.378189,3.23,MEDIUM,0.458,66,2026-07-01T00:00:00
CURR01116,1Z5LEZNP0JUXVZ2CZ6,LOC050,LOC047,LOC067,RT-LOC050-LOC016-LOC030,PROCESSING,Critical,International,55.4,2026-06-30T04:38:06.738620,2026-06-30T07:48:06.738620,4.89,MEDIUM,0.649,190,2026-07-01T00:00:00
CURR01117,1ZX7L939ZNRF0KM8SG,LOC007,LOC016,LOC005,RT-LOC007-LOC006-LOC059,OUT_FOR_DELIVERY,Normal,International,61.43,2026-07-01T02:40:55.995352,2026-07-01T03:03:55.995352,2.59,LOW,0.296,23,2026-07-01T00:00:00
CURR01118,1ZSR8N8WY7XWJ09LX7,LOC056,LOC007,LOC020,RT-LOC056-LOC054-LOC009,DELAYED,High,Express,88.14,2026-06-30T22:22:25.876595,2026-06-30T23:11:25.876595,2.95,LOW,0.321,49,2026-07-01T00:00:00
CURR01119,1Z91JGBJ9BZHICAG2Q,LOC060,LOC001,LOC005,RT-LOC060-LOC059-LOC005,PROCESSING,High,Fragile,70.53,2026-06-29T17:19:48.798048,2026-06-29T17:48:48.798048,3.96,MEDIUM,0.514,29,2026-07-01T00:00:00
CURR01120,1ZIDPPB9EL5GZKT8PT,LOC031,LOC003,LOC002,RT-LOC031-LOC070-LOC016,IN_TRANSIT,Normal,Standard,3.65,2026-07-01T09:53:21.834318,2026-07-01T14:04:21.834318,4.59,MEDIUM,0.786,251,2026-07-01T00:00:00
CURR01121,1ZXZW700H2RCHB555W,LOC051,LOC058,LOC007,RT-LOC051-LOC029-LOC007,DELAYED,Low,Standard,158.74,2026-06-29T22:29:43.982354,2026-06-29T22:45:43.982354,3.52,MEDIUM,0.433,16,2026-07-01T00:00:00
CURR01122,1ZHHE35WNT2WRDQFFY,LOC041,LOC054,LOC030,RT-LOC041-LOC042-LOC047,IN_TRANSIT,Low,Express,2.38,2026-06-30T12:36:56.130375,2026-06-30T14:09:56.130375,3.08,MEDIUM,0.392,93,2026-07-01T00:00:00
CURR01123,1Z893SB3758ULFVD4V,LOC054,LOC048,LOC023,RT-LOC054-LOC009-LOC010,IN_TRANSIT,Critical,Standard,108.42,2026-06-30T12:59:35.491220,2026-06-30T13:56:35.491220,3.85,MEDIUM,0.456,57,2026-07-01T00:00:00
CURR01124,1ZX834D8RAGH4HDG46,LOC002,LOC026,LOC024,RT-LOC002-LOC059-LOC060,OUT_FOR_DELIVERY,Normal,Express,36.4,2026-06-29T18:36:36.358390,2026-06-29T19:37:36.358390,3.99,MEDIUM,0.531,61,2026-07-01T00:00:00
CURR01125,1ZVA1YSOKH9QD8HTM6,LOC018,LOC066,LOC018,RT-LOC018-LOC062-LOC066,IN_TRANSIT,High,International,42.47,2026-06-29T09:59:42.599457,2026-06-29T12:27:42.599457,3.99,MEDIUM,0.586,148,2026-07-01T00:00:00
CURR01126,1ZLH06V8LT5Q4DDYKL,LOC052,LOC051,LOC059,RT-LOC052-LOC007-LOC006,PROCESSING,Normal,Express,37.39,2026-06-29T09:02:21.355333,2026-06-29T12:01:21.355333,4.38,MEDIUM,0.582,179,2026-07-01T00:00:00
CURR01127,1ZW03H8V6WYOE4Y3SP,LOC010,LOC036,LOC062,RT-LOC010-LOC020-LOC023,DELAYED,Normal,Express,57.05,2026-07-01T02:14:03.524375,2026-07-01T03:07:03.524375,2.52,LOW,0.284,53,2026-07-01T00:00:00
CURR01128,1ZHOOUCOKEQWZNNX05,LOC062,LOC066,LOC062,RT-LOC062-LOC066,OUT_FOR_DELIVERY,Normal,Express,17.21,2026-06-29T08:18:12.771475,2026-06-29T09:03:12.771475,3.18,MEDIUM,0.465,45,2026-07-01T00:00:00
CURR01129,1ZVZXZFUJ852VUF9F0,LOC026,LOC058,LOC003,RT-LOC026-LOC027-LOC063,OUT_FOR_DELIVERY,High,International,93.58,2026-07-01T05:57:18.997991,2026-07-01T07:45:18.997991,4.51,MEDIUM,0.678,108,2026-07-01T00:00:00
CURR01130,1Z030O6J4WLUUHNL2N,LOC016,LOC031,LOC070,RT-LOC016-LOC070-LOC031,IN_TRANSIT,Low,Standard,36.34,2026-06-30T17:37:43.351376,2026-06-30T19:44:43.351376,3.54,MEDIUM,0.6,127,2026-07-01T00:00:00
CURR01131,1ZSNJ74XTW1DNFUFOH,LOC012,LOC025,LOC062,RT-LOC012-LOC018-LOC062,DELAYED,Normal,Standard,249.15,2026-06-29T13:49:51.081699,2026-06-29T14:44:51.081699,2.43,LOW,0.309,55,2026-07-01T00:00:00
CURR01132,1ZBUZ5PGHZKUNW3SYE,LOC005,LOC064,LOC012,RT-LOC005-LOC018-LOC012,PROCESSING,High,Standard,6.52,2026-06-30T02:57:20.863821,2026-06-30T06:15:20.863821,4.69,MEDIUM,0.646,198,2026-07-01T00:00:00
CURR01133,1ZWPW0RD9LWMMBSDQ8,LOC072,LOC022,LOC018,RT-LOC072-LOC028-LOC050,DELAYED,High,Express,19.75,2026-06-30T21:44:44.886761,2026-06-30T23:55:44.886761,4.01,MEDIUM,0.488,131,2026-07-01T00:00:00
CURR01134,1ZO0KHV5PGDCVIE3FL,LOC064,LOC024,LOC062,RT-LOC064-LOC066-LOC062,IN_TRANSIT,Low,Priority,2.03,2026-06-29T20:03:41.033804,2026-06-29T21:42:41.033804,3.69,MEDIUM,0.475,99,2026-07-01T00:00:00
CURR01135,1ZN2ZPX3F1Q2AE7HP1,LOC028,LOC048,LOC033,RT-LOC028-LOC050-LOC016,IN_TRANSIT,Low,Priority,88.77,2026-07-01T12:28:38.336882,2026-07-01T13:05:38.336882,3.35,MEDIUM,0.451,37,2026-07-01T00:00:00
CURR01136,1ZPJLFN4AESDR32ISJ,LOC062,LOC058,LOC009,RT-LOC062-LOC018-LOC019,IN_TRANSIT,Normal,International,2.72,2026-07-01T05:20:06.468798,2026-07-01T07:46:06.468798,4.77,MEDIUM,0.62,146,2026-07-01T00:00:00
CURR01137,1Z2X0FS2M6GOVZTFCA,LOC009,LOC069,LOC005,RT-LOC009-LOC010-LOC020,IN_TRANSIT,Normal,Fragile,2.69,2026-06-29T20:57:55.379456,2026-06-29T21:36:55.379456,4.33,MEDIUM,0.569,39,2026-07-01T00:00:00
CURR01138,1ZIEXS5FLKSU95GV60,LOC060,LOC057,LOC052,RT-LOC060-LOC059-LOC006,DELAYED,Normal,Express,119.1,2026-06-29T20:57:17.449340,2026-06-29T21:45:17.449340,3.2,MEDIUM,0.412,48,2026-07-01T00:00:00
CURR01139,1ZGXXWFUIKAQSRIZVP,LOC069,LOC074,LOC015,RT-LOC069-LOC015-LOC045,OUT_FOR_DELIVERY,Normal,Express,62.19,2026-06-30T23:37:06.160065,2026-07-01T00:57:06.160065,3.99,MEDIUM,0.499,80,2026-07-01T00:00:00
CURR01140,1Z1TK12C1EN96YWRA5,LOC053,LOC023,LOC009,RT-LOC053-LOC052-LOC009,PROCESSING,Low,Standard,14.79,2026-06-30T14:52:57.680932,2026-06-30T16:36:57.680932,4.42,MEDIUM,0.723,104,2026-07-01T00:00:00
CURR01141,1ZHECVU250GQPOK0RO,LOC059,LOC001,LOC029,RT-LOC059-LOC005-LOC002,IN_TRANSIT,Normal,Express,64.24,2026-06-30T08:26:49.372113,2026-06-30T10:48:49.372113,4.24,MEDIUM,0.535,142,2026-07-01T00:00:00
CURR01142,1ZQ2O8QF6V7D2COAOE,LOC007,LOC064,LOC005,RT-LOC007-LOC006-LOC059,PROCESSING,Normal,Express,71.91,2026-06-29T22:19:25.565477,2026-06-30T00:02:25.565477,4.37,MEDIUM,0.585,103,2026-07-01T00:00:00
CURR01143,1ZM9O3SGCQ8EVHLX1R,LOC061,LOC049,LOC002,RT-LOC061-LOC060-LOC059,IN_TRANSIT,Low,International,91.84,2026-07-01T03:44:22.341725,2026-07-01T04:21:22.341725,3.64,MEDIUM,0.399,37,2026-07-01T00:00:00
CURR01144,1ZM7U54AAWAOA756VH,LOC040,LOC030,LOC045,RT-LOC040-LOC038-LOC045,PROCESSING,High,Standard,15.33,2026-06-30T20:23:47.272979,2026-06-30T22:47:47.272979,4.84,MEDIUM,0.63,144,2026-07-01T00:00:00
CURR01145,1ZZQA1ODE86A9EJMGQ,LOC041,LOC006,LOC038,RT-LOC041-LOC042-LOC047,IN_TRANSIT,Normal,Express,50.99,2026-07-01T13:51:25.993839,2026-07-01T14:44:25.993839,3.92,MEDIUM,0.461,53,2026-07-01T00:00:00
CURR01146,1ZEJG99DR4Q4YETT6Q,LOC050,LOC058,LOC029,RT-LOC050-LOC051-LOC029,DELAYED,High,Temperature Sensitive,60.09,2026-07-01T09:02:18.282159,2026-07-01T10:14:18.282159,4.8,MEDIUM,0.624,72,2026-07-01T00:00:00
CURR01147,1Z3PV40ZZV4LOWP5LZ,LOC008,LOC015,LOC059,RT-LOC008-LOC009-LOC010,OUT_FOR_DELIVERY,High,Standard,84.53,2026-07-01T14:08:57.802170,2026-07-01T16:56:57.802170,5.14,HIGH,0.66,168,2026-07-01T00:00:00
CURR01148,1ZJ21IXW3IIGFJ785K,LOC013,LOC011,LOC022,RT-LOC013-LOC019-LOC022,IN_TRANSIT,Low,Temperature Sensitive,64.27,2026-06-29T15:59:50.082003,2026-06-29T18:53:50.082003,4.58,MEDIUM,0.547,174,2026-07-01T00:00:00
CURR01149,1ZUD2REDLWZR36CKNN,LOC067,LOC062,LOC062,RT-LOC067-LOC012-LOC018,PROCESSING,Normal,Express,43.84,2026-06-29T11:46:37.697118,2026-06-29T13:39:37.697118,3.96,MEDIUM,0.453,113,2026-07-01T00:00:00
CURR01150,1ZZCCFCW8T7EILL230,LOC030,LOC057,LOC022,RT-LOC030-LOC012-LOC018,OUT_FOR_DELIVERY,High,International,34.9,2026-07-01T00:06:46.847945,2026-07-01T01:38:46.847945,4.98,MEDIUM,0.639,92,2026-07-01T00:00:00
CURR01151,1ZEAEH5TVNYMO0A9OA,LOC042,LOC062,LOC012,RT-LOC042-LOC047-LOC038,IN_TRANSIT,Low,Priority,10.79,2026-06-30T14:35:32.254758,2026-06-30T16:00:32.254758,4.63,MEDIUM,0.589,85,2026-07-01T00:00:00
CURR01152,1Z1LQJAO7I6DSCVYUZ,LOC062,LOC040,LOC033,RT-LOC062-LOC066-LOC065,DELAYED,High,Standard,77.73,2026-06-30T16:08:36.207048,2026-06-30T18:53:36.207048,3.59,MEDIUM,0.671,165,2026-07-01T00:00:00
CURR01153,1ZCESOOMFASO5Q1WF7,LOC025,LOC073,LOC066,RT-LOC025-LOC027-LOC063,OUT_FOR_DELIVERY,Normal,Express,2.33,2026-07-01T03:40:11.907200,2026-07-01T04:13:11.907200,3.74,MEDIUM,0.447,33,2026-07-01T00:00:00
CURR01154,1ZG9KFJ5SDTI7IEYWV,LOC015,LOC040,LOC038,RT-LOC015-LOC045-LOC038,IN_TRANSIT,Normal,Priority,47.08,2026-06-30T15:39:36.507343,2026-06-30T17:18:36.507343,3.67,MEDIUM,0.613,99,2026-07-01T00:00:00
CURR01155,1Z0E0TQXWQMPCF5M0R,LOC034,LOC037,LOC037,RT-LOC034-LOC033-LOC035,DELAYED,Low,Standard,17.01,2026-06-29T13:29:17.808446,2026-06-29T14:27:17.808446,3.8,MEDIUM,0.411,58,2026-07-01T00:00:00
CURR01156,1ZN2Q0ZW80WJ9GUKG8,LOC030,LOC074,LOC016,RT-LOC030-LOC016-LOC069,PROCESSING,Low,International,3.64,2026-06-30T07:00:20.636658,2026-06-30T11:32:20.636658,5.13,HIGH,0.886,272,2026-07-01T00:00:00
CURR01157,1ZFGNDIPEONNFKYXBR,LOC043,LOC003,LOC016,RT-LOC043-LOC074-LOC045,IN_TRANSIT,High,International,8.09,2026-07-01T03:06:35.919165,2026-07-01T03:43:35.919165,4.77,MEDIUM,0.621,37,2026-07-01T00:00:00
CURR01158,1ZOYOEWU80IXPITZXU,LOC019,LOC058,LOC009,RT-LOC019-LOC022-LOC021,PROCESSING,Normal,Standard,8.98,2026-06-29T12:09:34.394608,2026-06-29T13:11:34.394608,3.38,MEDIUM,0.369,62,2026-07-01T00:00:00
CURR01159,1Z4AA2VI8MOLQUQ09I,LOC039,LOC071,LOC069,RT-LOC039-LOC040-LOC038,IN_TRANSIT,Low,Express,73.95,2026-06-30T03:11:45.080352,2026-06-30T04:18:45.080352,3.57,MEDIUM,0.507,67,2026-07-01T00:00:00
CURR01160,1ZPXF3N63HQW122HXK,LOC008,LOC021,LOC020,RT-LOC008-LOC009-LOC010,PROCESSING,Low,Standard,69.66,2026-06-29T03:37:09.373037,2026-06-29T04:15:09.373037,2.7,LOW,0.313,38,2026-07-01T00:00:00
CURR01161,1Z0F8P5QOPIKHVGREL,LOC038,LOC016,LOC069,RT-LOC038-LOC045-LOC015,IN_TRANSIT,Normal,Standard,2.18,2026-07-01T08:45:33.762882,2026-07-01T11:56:33.762882,4.33,MEDIUM,0.594,191,2026-07-01T00:00:00
CURR01162,1Z1KKEXFR4REVSVWKV,LOC055,LOC004,LOC020,RT-LOC055-LOC008-LOC009,IN_TRANSIT,High,Standard,219.75,2026-06-30T00:52:52.947756,2026-06-30T01:16:52.947756,3.39,MEDIUM,0.44,24,2026-07-01T00:00:00
CURR01163,1ZUAR3X5CUQWN2VEN9,LOC027,LOC015,LOC065,RT-LOC027-LOC063-LOC066,IN_TRANSIT,Normal,Fragile,59.92,2026-06-30T12:00:18.072021,2026-06-30T15:05:18.072021,5.76,HIGH,0.751,185,2026-07-01T00:00:00
CURR01164,1Z4M2EW5P8JNJ188F7,LOC041,LOC001,LOC015,RT-LOC041-LOC042-LOC047,IN_TRANSIT,Low,Standard,125.85,2026-06-30T01:27:41.956075,2026-06-30T02:09:41.956075,3.46,MEDIUM,0.461,42,2026-07-01T00:00:00
CURR01165,1Z5NESKKE4ZTGP7CGG,LOC062,LOC075,LOC033,RT-LOC062-LOC066-LOC065,IN_TRANSIT,Normal,Express,15.75,2026-07-01T01:53:32.247320,2026-07-01T03:27:32.247320,3.02,MEDIUM,0.438,94,2026-07-01T00:00:00
CURR01166,1ZP6J1LTRBJA28IAXS,LOC042,LOC005,LOC016,RT-LOC042-LOC047-LOC038,PROCESSING,Normal,Standard,9.12,2026-06-30T06:28:45.024668,2026-06-30T08:57:45.024668,3.06,MEDIUM,0.608,149,2026-07-01T00:00:00
CURR01167,1ZYUWKZPBBIICWWPAI,LOC034,LOC024,LOC063,RT-LOC034-LOC032-LOC065,IN_TRANSIT,Normal,International,50.83,2026-06-29T23:34:15.788541,2026-06-30T01:02:15.788541,2.67,LOW,0.315,88,2026-07-01T00:00:00
CURR01168,1ZCJ2DOBC80UWR2ZJ3,LOC030,LOC015,LOC069,RT-LOC030-LOC016-LOC069,IN_TRANSIT,High,Standard,49.12,2026-07-01T02:57:34.206505,2026-07-01T05:03:34.206505,3.53,MEDIUM,0.516,126,2026-07-01T00:00:00
CURR01169,1ZPBLMRXK0UE099R1K,LOC046,LOC003,LOC002,RT-LOC046-LOC047-LOC038,PROCESSING,Normal,Express,12.73,2026-06-30T13:36:01.896713,2026-06-30T15:07:01.896713,3.97,MEDIUM,0.537,91,2026-07-01T00:00:00
CURR01170,1Z27NA2V2M13F1UJKB,LOC058,LOC060,LOC020,RT-LOC058-LOC055-LOC008,IN_TRANSIT,Normal,Standard,25.37,2026-06-30T14:17:19.873068,2026-06-30T18:20:19.873068,3.78,MEDIUM,0.723,243,2026-07-01T00:00:00
CURR01171,1Z83IZYWM74Y3H6UZM,LOC041,LOC052,LOC002,RT-LOC041-LOC042-LOC047,DELAYED,Low,Fragile,28.24,2026-07-02T00:14:18.962870,2026-07-02T00:54:18.962870,3.37,MEDIUM,0.398,40,2026-07-01T00:00:00
CURR01172,1ZOQ3FRCCDJYIZJYRK,LOC035,LOC019,LOC012,RT-LOC035-LOC036-LOC015,IN_TRANSIT,Low,Priority,3.9,2026-06-30T07:41:15.838629,2026-06-30T09:36:15.838629,3.47,MEDIUM,0.546,115,2026-07-01T00:00:00
CURR01173,1ZKX8UWEFNYOPNLMVA,LOC071,LOC053,LOC029,RT-LOC071-LOC050-LOC051,IN_TRANSIT,Normal,Fragile,31.87,2026-06-29T23:12:37.007651,2026-06-30T00:04:37.007651,3.59,MEDIUM,0.451,52,2026-07-01T00:00:00
CURR01174,1ZYC8M4VG15FWH7K0P,LOC039,LOC022,LOC016,RT-LOC039-LOC040-LOC038,IN_TRANSIT,High,Express,63.13,2026-07-01T03:08:44.481714,2026-07-01T04:05:44.481714,3.64,MEDIUM,0.55,57,2026-07-01T00:00:00
CURR01175,1ZDC56OA8FMNRDXUOX,LOC017,LOC064,LOC016,RT-LOC017-LOC002-LOC029,IN_TRANSIT,Normal,Temperature Sensitive,63.86,2026-06-30T10:42:52.651419,2026-06-30T12:24:52.651419,4.15,MEDIUM,0.487,102,2026-07-01T00:00:00
CURR01176,1ZD2YAIE1LPTX7G3W8,LOC073,LOC031,LOC015,RT-LOC073-LOC045-LOC015,OUT_FOR_DELIVERY,High,Standard,9.76,2026-06-30T14:09:55.502441,2026-06-30T18:01:55.502441,4.79,MEDIUM,0.769,232,2026-07-01T00:00:00
CURR01177,1ZEYUW1BBRWUWL70I8,LOC070,LOC051,LOC050,RT-LOC070-LOC049-LOC050,DELAYED,High,Express,94.97,2026-07-01T05:35:39.016811,2026-07-01T09:02:39.016811,3.59,MEDIUM,0.716,207,2026-07-01T00:00:00
CURR01178,1ZTV4Q7AYUMSBY6RQU,LOC054,LOC033,LOC023,RT-LOC054-LOC009-LOC010,DELAYED,Normal,Standard,2.74,2026-06-30T23:21:28.472009,2026-07-01T00:18:28.472009,3.74,MEDIUM,0.444,57,2026-07-01T00:00:00
CURR01179,1ZVY1I2QPEA9BB179I,LOC017,LOC044,LOC016,RT-LOC017-LOC002-LOC029,PROCESSING,Low,Fragile,86.49,2026-07-02T00:28:09.726979,2026-07-02T00:53:09.726979,2.43,LOW,0.261,25,2026-07-01T00:00:00
CURR01180,1Z5QDZF33D0AA0K21M,LOC018,LOC073,LOC068,RT-LOC018-LOC012-LOC067,OUT_FOR_DELIVERY,Normal,Fragile,12.46,2026-06-30T16:25:43.811057,2026-06-30T17:13:43.811057,3.05,MEDIUM,0.351,48,2026-07-01T00:00:00
CURR01181,1ZQKMFC63X5V2U2ZJE,LOC066,LOC058,LOC019,RT-LOC066-LOC065-LOC067,IN_TRANSIT,Critical,Fragile,67.58,2026-07-01T04:50:46.313068,2026-07-01T05:51:46.313068,2.66,LOW,0.309,61,2026-07-01T00:00:00
CURR01182,1ZLZ8I5ZGXP6Z1MQAQ,LOC039,LOC043,LOC047,RT-LOC039-LOC047-LOC046,IN_TRANSIT,High,Standard,50.4,2026-06-30T12:00:40.364208,2026-06-30T13:16:40.364208,2.83,LOW,0.34,76,2026-07-01T00:00:00
CURR01183,1Z7N28U36WW8ZN8ZZW,LOC045,LOC020,LOC018,RT-LOC045-LOC015-LOC069,IN_TRANSIT,Normal,International,17.66,2026-06-30T05:17:59.559893,2026-06-30T06:12:59.559893,2.39,LOW,0.35,55,2026-07-01T00:00:00
CURR01184,1ZEEXQ5SYIA3YEX9XX,LOC069,LOC072,LOC070,RT-LOC069-LOC070-LOC049,IN_TRANSIT,Normal,International,0.98,2026-06-30T18:47:14.017795,2026-06-30T21:49:14.017795,2.89,LOW,0.569,182,2026-07-01T00:00:00
CURR01185,1ZR5UCWC7RNSPU1MXI,LOC060,LOC010,LOC003,RT-LOC060-LOC059-LOC006,DELAYED,Normal,Standard,0.44,2026-06-29T08:46:01.997427,2026-06-29T09:16:01.997427,2.77,LOW,0.362,30,2026-07-01T00:00:00
CURR01186,1ZWX2N4G14TTHHPV8O,LOC068,LOC035,LOC033,RT-LOC068-LOC067-LOC065,IN_TRANSIT,Normal,Priority,13.46,2026-07-01T09:03:05.485990,2026-07-01T09:26:05.485990,2.47,LOW,0.257,23,2026-07-01T00:00:00
CURR01187,1ZQQH6J9EXYZRV1S3S,LOC020,LOC005,LOC007,RT-LOC020-LOC021-LOC004,DELAYED,High,Standard,12.76,2026-06-29T17:31:43.867031,2026-06-29T18:25:43.867031,3.19,MEDIUM,0.392,54,2026-07-01T00:00:00
CURR01188,1ZI84KYS02DZAPCSI9,LOC064,LOC049,LOC016,RT-LOC064-LOC067-LOC068,IN_TRANSIT,High,Express,25.11,2026-06-30T06:00:44.438891,2026-06-30T07:11:44.438891,2.67,LOW,0.297,71,2026-07-01T00:00:00
CURR01189,1ZWR45O2BAMKRUYA36,LOC068,LOC063,LOC062,RT-LOC068-LOC067-LOC012,IN_TRANSIT,Critical,Standard,60.67,2026-07-01T07:13:57.577791,2026-07-01T08:17:57.577791,4.76,MEDIUM,0.631,64,2026-07-01T00:00:00
CURR01190,1ZR57ZO7S8NTYK823P,LOC041,LOC004,LOC045,RT-LOC041-LOC042-LOC047,IN_TRANSIT,Low,Standard,43.51,2026-07-01T06:11:02.238577,2026-07-01T06:51:02.238577,4.53,MEDIUM,0.613,40,2026-07-01T00:00:00
CURR01191,1ZZA4LZR2WU364VPEL,LOC010,LOC052,LOC021,RT-LOC010-LOC020-LOC021,DELAYED,High,Express,12.72,2026-06-30T13:19:27.507613,2026-06-30T15:35:27.507613,3.94,MEDIUM,0.606,136,2026-07-01T00:00:00
CURR01192,1ZU0PZEX40IOOSZCZ5,LOC018,LOC054,LOC022,RT-LOC018-LOC019-LOC022,IN_TRANSIT,Normal,Standard,58.51,2026-06-30T15:14:36.975934,2026-06-30T18:38:36.975934,4.52,MEDIUM,0.627,204,2026-07-01T00:00:00
CURR01193,1Z6QVF1GGXJ1AQXY3K,LOC043,LOC035,LOC045,RT-LOC043-LOC074-LOC045,IN_TRANSIT,Critical,Fragile,114.64,2026-06-30T12:35:29.569951,2026-06-30T13:23:29.569951,3.92,MEDIUM,0.406,48,2026-07-01T00:00:00
CURR01194,1ZWGYK6YYZR518UXTL,LOC055,LOC011,LOC011,RT-LOC055-LOC057-LOC011,IN_TRANSIT,Low,Standard,13.86,2026-06-30T06:36:39.967634,2026-06-30T07:53:39.967634,3.28,MEDIUM,0.479,77,2026-07-01T00:00:00
CURR01195,1Z9REK4A9N0ODZHCI0,LOC048,LOC058,LOC030,RT-LOC048-LOC036-LOC015,PROCESSING,Normal,Standard,65.3,2026-07-02T02:44:50.356136,2026-07-02T04:04:50.356136,3.6,MEDIUM,0.487,80,2026-07-01T00:00:00
CURR01196,1ZVH3SMRB6EK05ZFY9,LOC023,LOC053,LOC004,RT-LOC023-LOC022-LOC021,OUT_FOR_DELIVERY,Normal,Priority,36.95,2026-06-29T13:12:02.441354,2026-06-29T16:06:02.441354,4.49,MEDIUM,0.575,174,2026-07-01T00:00:00
CURR01197,1Z8PJL1PJ7RX59VQ1E,LOC015,LOC045,LOC015,RT-LOC015-LOC045,IN_TRANSIT,Low,Express,41.76,2026-06-30T19:19:03.956732,2026-06-30T19:31:03.956732,2.89,LOW,0.457,12,2026-07-01T00:00:00
CURR01198,1Z8DILZN3L3C1G73P0,LOC041,LOC025,LOC016,RT-LOC041-LOC042-LOC047,IN_TRANSIT,Normal,Express,11.37,2026-07-01T16:07:42.971877,2026-07-01T17:45:42.971877,3.56,MEDIUM,0.591,98,2026-07-01T00:00:00
CURR01199,1ZN39SDQ3A6OPCSL7T,LOC069,LOC015,LOC015,RT-LOC069-LOC015,OUT_FOR_DELIVERY,Normal,Express,10.72,2026-06-30T08:35:45.238881,2026-06-30T09:49:45.238881,2.08,LOW,0.287,74,2026-07-01T00:00:00
CURR01200,1ZBL06ODOFELMHQ2NA,LOC047,LOC020,LOC069,RT-LOC047-LOC038-LOC045,IN_TRANSIT,Normal,Temperature Sensitive,10.9,2026-07-01T01:41:40.031785,2026-07-01T03:11:40.031785,3.4,MEDIUM,0.38,90,2026-07-01T00:00:00
CURR01201,1ZB39UB6CUQJA9QA63,LOC044,LOC048,LOC045,RT-LOC044-LOC074-LOC045,PROCESSING,High,Priority,55.13,2026-06-29T18:06:18.402069,2026-06-29T18:54:18.402069,4.08,MEDIUM,0.519,48,2026-07-01T00:00:00
CURR01202,1ZHRYO5UVKLV2FEKRO,LOC021,LOC038,LOC013,RT-LOC021-LOC020-LOC023,OUT_FOR_DELIVERY,High,Standard,125.39,2026-06-30T09:29:47.414493,2026-06-30T10:08:47.414493,2.63,LOW,0.28,39,2026-07-01T00:00:00
CURR01203,1ZCH2EYZ215D5C2EGF,LOC052,LOC059,LOC059,RT-LOC052-LOC007-LOC006,IN_TRANSIT,Normal,Standard,1.74,2026-06-29T14:43:14.492710,2026-06-29T15:18:14.492710,3.15,MEDIUM,0.369,35,2026-07-01T00:00:00
CURR01204,1Z6X9NAE076OAAXKH4,LOC014,LOC015,LOC031,RT-LOC014-LOC031-LOC069,PROCESSING,Critical,Express,31.97,2026-06-30T18:08:17.130764,2026-06-30T18:22:17.130764,2.68,LOW,0.307,14,2026-07-01T00:00:00
CURR01205,1ZBMV5QJ0TKTU663CA,LOC052,LOC062,LOC059,RT-LOC052-LOC007-LOC006,OUT_FOR_DELIVERY,High,Standard,20.59,2026-06-29T10:27:14.703577,2026-06-29T12:17:14.703577,3.23,MEDIUM,0.425,110,2026-07-01T00:00:00
CURR01206,1ZO5SK8KRF2H4AB5V8,LOC052,LOC053,LOC052,RT-LOC052-LOC053,IN_TRANSIT,Low,Standard,102.05,2026-06-29T10:11:44.101060,2026-06-29T11:05:44.101060,3.47,MEDIUM,0.439,54,2026-07-01T00:00:00
CURR01207,1Z1MXJWWTCQSIAX1V9,LOC001,LOC039,LOC030,RT-LOC001-LOC051-LOC028,IN_TRANSIT,Normal,Fragile,28.66,2026-07-01T05:33:17.932012,2026-07-01T07:05:17.932012,3.37,MEDIUM,0.342,92,2026-07-01T00:00:00
CURR01208,1ZS7IRB3DRHLFAQC9Y,LOC002,LOC057,LOC055,RT-LOC002-LOC006-LOC003,DELAYED,Normal,Fragile,35.46,2026-06-29T12:15:30.101900,2026-06-29T13:58:30.101900,3.37,MEDIUM,0.42,103,2026-07-01T00:00:00
CURR01209,1ZHV5CRORYNHO3799P,LOC043,LOC027,LOC018,RT-LOC043-LOC074-LOC045,IN_TRANSIT,High,Standard,77.46,2026-06-30T10:44:35.451746,2026-06-30T11:49:35.451746,3.82,MEDIUM,0.512,65,2026-07-01T00:00:00
CURR01210,1Z379XWTLUHSVRE3JL,LOC010,LOC047,LOC065,RT-LOC010-LOC020-LOC023,IN_TRANSIT,Normal,Standard,38.49,2026-07-01T07:13:47.287378,2026-07-01T09:30:47.287378,3.9,MEDIUM,0.597,137,2026-07-01T00:00:00
CURR01211,1ZG26ZYBK9VO7AO4EG,LOC043,LOC022,LOC018,RT-LOC043-LOC074-LOC045,OUT_FOR_DELIVERY,Low,Fragile,7.49,2026-07-01T11:22:00.721842,2026-07-01T13:01:00.721842,3.18,MEDIUM,0.486,99,2026-07-01T00:00:00
CURR01212,1Z2LTNP2KP76R8FAL1,LOC009,LOC041,LOC033,RT-LOC009-LOC010-LOC020,IN_TRANSIT,High,Standard,24.53,2026-07-01T15:52:51.103844,2026-07-01T19:16:51.103844,3.59,MEDIUM,0.681,204,2026-07-01T00:00:00
CURR01213,1ZGCP78P2LGVAOO0ZE,LOC064,LOC022,LOC019,RT-LOC064-LOC012-LOC018,DELAYED,Low,Standard,55.36,2026-06-30T05:08:35.992480,2026-06-30T05:49:35.992480,3.13,MEDIUM,0.398,41,2026-07-01T00:00:00
CURR01214,1ZJJEW0UX0OKS1E3K0,LOC004,LOC044,LOC028,RT-LOC004-LOC007-LOC006,OUT_FOR_DELIVERY,High,Express,7.75,2026-07-01T01:37:37.677937,2026-07-01T02:18:37.677937,2.3,LOW,0.323,41,2026-07-01T00:00:00
CURR01215,1ZT9CEHH2JKM1UB2JY,LOC023,LOC059,LOC019,RT-LOC023-LOC019-LOC060,DELAYED,Low,Express,17.06,2026-06-30T00:39:30.611928,2026-06-30T02:47:30.611928,4.38,MEDIUM,0.543,128,2026-07-01T00:00:00
CURR01216,1ZIRW603URCQ91TKEZ,LOC018,LOC056,LOC021,RT-LOC018-LOC019-LOC022,IN_TRANSIT,High,Express,51.98,2026-06-30T20:42:50.613805,2026-06-30T22:47:50.613805,3.26,MEDIUM,0.483,125,2026-07-01T00:00:00
CURR01217,1ZG3BYZXA0ZGP4V2AD,LOC010,LOC025,LOC024,RT-LOC010-LOC020-LOC023,OUT_FOR_DELIVERY,High,Temperature Sensitive,15.56,2026-06-30T04:51:29.190616,2026-06-30T06:26:29.190616,3.45,MEDIUM,0.418,95,2026-07-01T00:00:00
CURR01218,1ZYJV4YKPZPRNQUOV5,LOC054,LOC017,LOC004,RT-LOC054-LOC009-LOC010,OUT_FOR_DELIVERY,Low,Standard,126.09,2026-07-01T07:29:05.351534,2026-07-01T07:58:05.351534,3.85,MEDIUM,0.474,29,2026-07-01T00:00:00
CURR01219,1Z55KVM2I61QF5OC3W,LOC044,LOC048,LOC045,RT-LOC044-LOC074-LOC045,IN_TRANSIT,Normal,Standard,167.63,2026-06-30T17:09:02.341182,2026-06-30T19:55:02.341182,4.26,MEDIUM,0.641,166,2026-07-01T00:00:00
CURR01220,1ZPQXSBQOT6LKTY1JJ,LOC051,LOC009,LOC007,RT-LOC051-LOC029-LOC007,OUT_FOR_DELIVERY,High,Priority,258.29,2026-06-30T01:22:16.401696,2026-06-30T01:53:16.401696,2.63,LOW,0.314,31,2026-07-01T00:00:00
CURR01221,1Z6YNQWDGJD592MFKS,LOC044,LOC011,LOC018,RT-LOC044-LOC074-LOC045,OUT_FOR_DELIVERY,High,Standard,18.31,2026-07-01T14:05:21.314966,2026-07-01T15:35:21.314966,2.76,LOW,0.432,90,2026-07-01T00:00:00
CURR01222,1ZITR69C3RVTGP7Y7L,LOC039,LOC004,LOC018,RT-LOC039-LOC040-LOC038,PROCESSING,Low,Temperature Sensitive,43.76,2026-07-01T18:22:10.585396,2026-07-01T20:29:10.585396,3.64,MEDIUM,0.41,127,2026-07-01T00:00:00
CURR01223,1ZUPUQ7C5PTP411LK9,LOC016,LOC019,LOC018,RT-LOC016-LOC030-LOC012,DELAYED,High,Standard,20.09,2026-06-29T14:21:42.377118,2026-06-29T15:11:42.377118,3.72,MEDIUM,0.434,50,2026-07-01T00:00:00
CURR01224,1ZH0EYTFBLOHQ96JUM,LOC014,LOC047,LOC038,RT-LOC014-LOC032-LOC033,PROCESSING,Normal,Standard,5.09,2026-07-01T00:58:30.978182,2026-07-01T01:10:30.978182,3.35,MEDIUM,0.368,12,2026-07-01T00:00:00
CURR01225,1ZCJL45JDGEFMKLE4D,LOC062,LOC019,LOC019,RT-LOC062-LOC018-LOC019,OUT_FOR_DELIVERY,Normal,Express,3.34,2026-06-30T15:14:55.915529,2026-06-30T16:27:55.915529,3.79,MEDIUM,0.462,73,2026-07-01T00:00:00
CURR01226,1ZHHB64Z6BHQ79ZW9C,LOC052,LOC033,LOC062,RT-LOC052-LOC007-LOC006,OUT_FOR_DELIVERY,Normal,Standard,76.66,2026-06-30T03:59:39.647407,2026-06-30T04:57:39.647407,3.11,MEDIUM,0.376,58,2026-07-01T00:00:00
CURR01227,1Z2LQWRE297XI6DMYY,LOC053,LOC057,LOC055,RT-LOC053-LOC052-LOC009,IN_TRANSIT,Normal,Standard,197.68,2026-06-29T21:29:21.736689,2026-06-29T22:47:21.736689,2.46,LOW,0.4,78,2026-07-01T00:00:00
CURR01228,1ZDBFKI2LDV9F3G6DF,LOC040,LOC027,LOC069,RT-LOC040-LOC038-LOC045,PROCESSING,Normal,Express,2.26,2026-07-01T03:35:43.741921,2026-07-01T03:56:43.741921,2.26,LOW,0.271,21,2026-07-01T00:00:00
CURR01229,1ZPUJJ03UXND4OVLR9,LOC015,LOC017,LOC030,RT-LOC015-LOC069-LOC016,IN_TRANSIT,Normal,Express,1.54,2026-07-01T00:35:46.142614,2026-07-01T02:32:46.142614,3.97,MEDIUM,0.514,117,2026-07-01T00:00:00
CURR01230,1ZM4QALQASJWRXJQEP,LOC015,LOC068,LOC068,RT-LOC015-LOC069-LOC016,IN_TRANSIT,Low,Temperature Sensitive,92.02,2026-06-30T20:19:55.265783,2026-06-30T21:49:55.265783,4.35,MEDIUM,0.582,90,2026-07-01T00:00:00
CURR01231,1ZFMEL67YM1MVMKNM1,LOC029,LOC073,LOC015,RT-LOC029-LOC051-LOC028,IN_TRANSIT,Normal,Temperature Sensitive,249.22,2026-07-01T15:26:26.757081,2026-07-01T18:44:26.757081,5.76,HIGH,0.95,198,2026-07-01T00:00:00
CURR01232,1ZDC5M33B1TKTQN4Y2,LOC048,LOC006,LOC030,RT-LOC048-LOC036-LOC015,DELAYED,Low,Standard,16.66,2026-07-01T21:10:41.097768,2026-07-01T22:31:41.097768,2.18,LOW,0.369,81,2026-07-01T00:00:00
CURR01233,1ZLWVEZ6ACYLD147O5,LOC037,LOC030,LOC015,RT-LOC037-LOC038-LOC045,DELAYED,Normal,Priority,27.54,2026-07-01T07:59:43.709157,2026-07-01T10:35:43.709157,4.02,MEDIUM,0.651,156,2026-07-01T00:00:00
CURR01234,1Z8J1YWOW1NYFX5D33,LOC023,LOC047,LOC066,RT-LOC023-LOC019-LOC013,IN_TRANSIT,High,Express,17.03,2026-07-01T07:02:10.178914,2026-07-01T07:44:10.178914,2.19,LOW,0.291,42,2026-07-01T00:00:00
CURR01235,1ZRD45YYBEUBRJ9B6T,LOC062,LOC068,LOC067,RT-LOC062-LOC012-LOC067,IN_TRANSIT,High,Priority,54.07,2026-07-01T00:32:29.981343,2026-07-01T01:01:29.981343,3.1,MEDIUM,0.35,29,2026-07-01T00:00:00
CURR01236,1ZY9YRA0H7M787TISV,LOC008,LOC016,LOC029,RT-LOC008-LOC009-LOC010,IN_TRANSIT,Normal,Standard,111.91,2026-06-30T08:08:15.714986,2026-06-30T08:14:15.714986,2.1,LOW,0.224,6,2026-07-01T00:00:00
CURR01237,1ZLPFMYJQXSVU1ELKA,LOC059,LOC025,LOC027,RT-LOC059-LOC060-LOC013,PROCESSING,High,Priority,142.75,2026-07-01T07:08:10.341192,2026-07-01T09:34:10.341192,3.84,MEDIUM,0.474,146,2026-07-01T00:00:00
CURR01238,1Z70KMAKD919ND4WT1,LOC067,LOC026,LOC062,RT-LOC067-LOC012-LOC018,DELAYED,Normal,Standard,6.05,2026-07-01T05:59:52.157868,2026-07-01T07:00:52.157868,3.57,MEDIUM,0.451,61,2026-07-01T00:00:00
CURR01239,1Z902PA92TVPKY3HMD,LOC055,LOC005,LOC021,RT-LOC055-LOC008-LOC009,IN_TRANSIT,Critical,Express,8.4,2026-07-01T03:05:42.832573,2026-07-01T06:45:42.832573,5.11,HIGH,0.852,220,2026-07-01T00:00:00
CURR01240,1ZSZZN0XVUG9M6W0AU,LOC022,LOC005,LOC007,RT-LOC022-LOC021-LOC004,OUT_FOR_DELIVERY,High,Express,58.64,2026-06-29T07:26:16.684616,2026-06-29T08:02:16.684616,3.05,MEDIUM,0.364,36,2026-07-01T00:00:00
CURR01241,1ZG2WIIGQ8ISZFSKBK,LOC024,LOC027,LOC027,RT-LOC024-LOC027,OUT_FOR_DELIVERY,Normal,Express,36.07,2026-06-29T06:18:28.813479,2026-06-29T08:16:28.813479,4.78,MEDIUM,0.679,118,2026-07-01T00:00:00
CURR01242,1ZZ52CHPBBSA6K2CP9,LOC034,LOC065,LOC032,RT-LOC034-LOC032-LOC065,PROCESSING,Normal,Express,62.13,2026-06-30T18:12:41.823091,2026-06-30T18:20:41.823091,2.58,LOW,0.281,8,2026-07-01T00:00:00
CURR01243,1ZH8HK38367DHYZ4NC,LOC053,LOC073,LOC016,RT-LOC053-LOC052-LOC007,IN_TRANSIT,Normal,International,65.53,2026-06-30T09:18:25.068303,2026-06-30T09:36:25.068303,2.62,LOW,0.307,18,2026-07-01T00:00:00
CURR01244,1ZNSHR0XXUKL4NDN6B,LOC025,LOC073,LOC035,RT-LOC025-LOC027-LOC063,IN_TRANSIT,High,Standard,84.13,2026-07-01T15:59:37.943704,2026-07-01T17:45:37.943704,3.44,MEDIUM,0.459,106,2026-07-01T00:00:00
CURR01245,1ZSFW5HS9KQQ0N3R2B,LOC006,LOC052,LOC007,RT-LOC006-LOC003-LOC007,OUT_FOR_DELIVERY,Low,Standard,50.22,2026-06-30T21:32:24.055407,2026-06-30T22:50:24.055407,3.54,MEDIUM,0.422,78,2026-07-01T00:00:00
CURR01246,1ZVN2E03IVO0KAWXIL,LOC042,LOC059,LOC015,RT-LOC042-LOC047-LOC038,PROCESSING,High,Standard,115.09,2026-06-30T03:26:23.124994,2026-06-30T04:27:23.124994,3.0,LOW,0.364,61,2026-07-01T00:00:00
CURR01247,1Z7OYZGL49SNBYUHY7,LOC072,LOC021,LOC016,RT-LOC072-LOC028-LOC050,OUT_FOR_DELIVERY,High,Standard,86.2,2026-06-30T09:30:36.926830,2026-06-30T10:38:36.926830,3.1,MEDIUM,0.399,68,2026-07-01T00:00:00
CURR01248,1ZS1B583MP94GK57BJ,LOC009,LOC071,LOC006,RT-LOC009-LOC010-LOC020,OUT_FOR_DELIVERY,Low,Express,26.7,2026-06-30T21:34:52.112504,2026-06-30T22:02:52.112504,2.33,LOW,0.274,28,2026-07-01T00:00:00
CURR01249,1ZEKKURCDPLSU77ZM9,LOC048,LOC073,LOC037,RT-LOC048-LOC037-LOC038,OUT_FOR_DELIVERY,Critical,Standard,34.38,2026-06-30T18:34:59.604455,2026-06-30T18:48:59.604455,3.33,MEDIUM,0.463,14,2026-07-01T00:00:00
CURR01250,1ZIZS9LY2YKF8O6ZBR,LOC028,LOC075,LOC074,RT-LOC028-LOC050-LOC016,IN_TRANSIT,Normal,Priority,52.22,2026-06-30T20:24:40.531747,2026-06-30T23:55:40.531747,3.6,MEDIUM,0.672,211,2026-07-01T00:00:00
CURR01251,1ZJ3KFZ31DQR63PZDE,LOC034,LOC031,LOC033,RT-LOC034-LOC033-LOC014,PROCESSING,Critical,Fragile,4.11,2026-06-29T19:10:13.916642,2026-06-29T22:41:13.916642,5.32,HIGH,0.782,211,2026-07-01T00:00:00
CURR01252,1ZOVG1ZSD6WNX4ZZ9T,LOC046,LOC062,LOC069,RT-LOC046-LOC047-LOC038,OUT_FOR_DELIVERY,Normal,Express,130.44,2026-06-30T20:19:32.652674,2026-06-30T21:23:32.652674,3.02,MEDIUM,0.36,64,2026-07-01T00:00:00
CURR01253,1ZZSWAO1FYRGWUMO85,LOC052,LOC064,LOC006,RT-LOC052-LOC007-LOC006,OUT_FOR_DELIVERY,Normal,Priority,31.79,2026-06-29T23:41:10.674674,2026-06-30T01:00:10.674674,4.12,MEDIUM,0.58,79,2026-07-01T00:00:00
CURR01254,1Z4FX55NS1WNTQI8ZP,LOC040,LOC071,LOC015,RT-LOC040-LOC038-LOC045,PROCESSING,Low,Fragile,38.4,2026-07-01T02:49:39.694022,2026-07-01T03:56:39.694022,3.02,MEDIUM,0.328,67,2026-07-01T00:00:00
CURR01255,1ZG7UAWEWWD76TPRNM,LOC004,LOC053,LOC052,RT-LOC004-LOC052-LOC053,IN_TRANSIT,High,Express,35.97,2026-06-29T09:24:09.920253,2026-06-29T12:08:09.920253,2.31,LOW,0.495,164,2026-07-01T00:00:00
CURR01256,1ZP8DZCQQQFIWFRQMO,LOC022,LOC068,LOC002,RT-LOC022-LOC021-LOC004,PROCESSING,Normal,Priority,28.39,2026-07-01T03:33:19.977647,2026-07-01T04:50:19.977647,4.9,MEDIUM,0.633,77,2026-07-01T00:00:00
CURR01257,1Z4ACNQ2EFJNCENLEL,LOC062,LOC068,LOC067,RT-LOC062-LOC012-LOC067,IN_TRANSIT,Normal,Express,60.55,2026-06-30T20:17:18.962424,2026-06-30T22:03:18.962424,4.25,MEDIUM,0.611,106,2026-07-01T00:00:00
CURR01258,1ZECZMXZXAQB6VGT9E,LOC057,LOC054,LOC011,RT-LOC057-LOC011-LOC056,PROCESSING,Low,Fragile,35.32,2026-06-29T08:08:32.053576,2026-06-29T10:04:32.053576,3.48,MEDIUM,0.524,116,2026-07-01T00:00:00
CURR01259,1Z57UIG5F26JLWX8M5,LOC027,LOC003,LOC060,RT-LOC027-LOC063-LOC061,OUT_FOR_DELIVERY,Normal,International,8.72,2026-06-30T18:30:33.141959,2026-06-30T19:46:33.141959,3.32,MEDIUM,0.345,76,2026-07-01T00:00:00
CURR01260,1Z2630CUVPPSQW9RG3,LOC061,LOC069,LOC050,RT-LOC061-LOC060-LOC059,PROCESSING,Normal,Express,68.96,2026-06-29T21:41:49.625180,2026-06-29T23:59:49.625180,4.36,MEDIUM,0.584,138,2026-07-01T00:00:00
CURR01261,1ZC6QSYMFZOF39CJMH,LOC012,LOC003,LOC006,RT-LOC012-LOC018-LOC059,IN_TRANSIT,Critical,Standard,30.13,2026-07-01T02:16:51.247924,2026-07-01T02:52:51.247924,3.14,MEDIUM,0.386,36,2026-07-01T00:00:00
CURR01262,1ZZEAWLYA4BP9V1168,LOC064,LOC040,LOC033,RT-LOC064-LOC065-LOC032,OUT_FOR_DELIVERY,Normal,Standard,13.27,2026-06-30T17:13:09.663333,2026-06-30T17:59:09.663333,3.84,MEDIUM,0.504,46,2026-07-01T00:00:00
CURR01263,1Z4L0L9F4IZGFX6SA2,LOC046,LOC075,LOC075,RT-LOC046-LOC043-LOC075,OUT_FOR_DELIVERY,Normal,Temperature Sensitive,178.56,2026-06-29T21:13:48.125259,2026-06-29T21:51:48.125259,2.92,LOW,0.341,38,2026-07-01T00:00:00
CURR01264,1Z5KU6S9YC3T9YUKUD,LOC013,LOC075,LOC045,RT-LOC013-LOC062-LOC066,PROCESSING,Low,International,4.76,2026-07-01T05:24:10.656821,2026-07-01T08:41:10.656821,3.85,MEDIUM,0.573,197,2026-07-01T00:00:00
CURR01265,1ZHBQIW4Q1SFJES0TQ,LOC033,LOC021,LOC067,RT-LOC033-LOC034-LOC032,IN_TRANSIT,Normal,Standard,65.06,2026-06-29T17:38:09.090582,2026-06-29T20:31:09.090582,4.63,MEDIUM,0.57,173,2026-07-01T00:00:00
CURR01266,1Z0XGKVN7WDIQ45FZF,LOC032,LOC048,LOC048,RT-LOC032-LOC033-LOC035,OUT_FOR_DELIVERY,Normal,Standard,98.52,2026-06-29T21:10:29.071835,2026-06-29T22:39:29.071835,5.31,HIGH,0.692,89,2026-07-01T00:00:00
CURR01267,1Z3DSJXHQLNFSNPOGW,LOC018,LOC067,LOC012,RT-LOC018-LOC012-LOC067,PROCESSING,Normal,International,31.31,2026-06-30T05:48:26.622805,2026-06-30T06:08:26.622805,2.3,LOW,0.263,20,2026-07-01T00:00:00
CURR01268,1ZTOUYP1GCFD6TNRZW,LOC034,LOC047,LOC035,RT-LOC034-LOC033-LOC035,IN_TRANSIT,Normal,Express,85.47,2026-07-01T01:56:25.459030,2026-07-01T02:42:25.459030,3.66,MEDIUM,0.439,46,2026-07-01T00:00:00
CURR01269,1Z952ATJ07MHPY9SMG,LOC040,LOC011,LOC012,RT-LOC040-LOC038-LOC045,PROCESSING,High,Priority,109.14,2026-07-01T07:45:03.868283,2026-07-01T09:46:03.868283,4.91,MEDIUM,0.615,121,2026-07-01T00:00:00
CURR01270,1ZMADFN52BNEJYISE7,LOC036,LOC072,LOC049,RT-LOC036-LOC015-LOC069,IN_TRANSIT,High,Priority,5.48,2026-06-29T21:32:21.482262,2026-06-29T22:37:21.482262,3.11,MEDIUM,0.334,65,2026-07-01T00:00:00
CURR01271,1Z1IV196VNIF2B87X8,LOC016,LOC046,LOC033,RT-LOC016-LOC030-LOC067,DELAYED,Normal,Priority,13.18,2026-07-01T01:47:58.266986,2026-07-01T04:30:58.266986,4.04,MEDIUM,0.623,163,2026-07-01T00:00:00
CURR01272,1ZJ458ZPNDOSZ0KCYC,LOC015,LOC046,LOC038,RT-LOC015-LOC045-LOC038,DELAYED,Normal,Fragile,115.22,2026-06-30T08:55:25.541313,2026-06-30T09:10:25.541313,2.71,LOW,0.282,15,2026-07-01T00:00:00
CURR01273,1ZA58IIKPLAHNMCVUR,LOC019,LOC034,LOC032,RT-LOC019-LOC013-LOC062,DELAYED,Normal,International,20.91,2026-06-30T02:41:02.997374,2026-06-30T03:12:02.997374,3.97,MEDIUM,0.55,31,2026-07-01T00:00:00
CURR01274,1ZAVAGKC5GOO6ZA9L8,LOC067,LOC023,LOC019,RT-LOC067-LOC012-LOC018,DELAYED,High,Express,6.93,2026-06-30T17:23:04.844421,2026-06-30T19:08:04.844421,3.91,MEDIUM,0.533,105,2026-07-01T00:00:00
CURR01275,1ZQ83K9B8A1Y15CE76,LOC046,LOC070,LOC038,RT-LOC046-LOC047-LOC038,IN_TRANSIT,Low,International,86.66,2026-06-30T01:22:46.264382,2026-06-30T02:31:46.264382,3.21,MEDIUM,0.392,69,2026-07-01T00:00:00
CURR01276,1Z080YRNRZ5KSD5I6U,LOC068,LOC007,LOC002,RT-LOC068-LOC016-LOC030,OUT_FOR_DELIVERY,Critical,Standard,39.85,2026-06-29T14:17:56.327022,2026-06-29T15:13:56.327022,2.88,LOW,0.306,56,2026-07-01T00:00:00
CURR01277,1ZYO0U22RQ9BJKRB68,LOC007,LOC035,LOC018,RT-LOC007-LOC006-LOC059,DELAYED,Normal,Temperature Sensitive,63.64,2026-06-30T23:14:27.458561,2026-07-01T01:23:27.458561,3.88,MEDIUM,0.524,129,2026-07-01T00:00:00
CURR01278,1Z3E8O725O0KNYW2O7,LOC053,LOC043,LOC016,RT-LOC053-LOC052-LOC007,IN_TRANSIT,Normal,Standard,33.94,2026-07-02T08:28:21.210416,2026-07-02T09:05:21.210416,3.22,MEDIUM,0.42,37,2026-07-01T00:00:00
CURR01279,1ZWIRTN2TBBD147BAL,LOC015,LOC044,LOC074,RT-LOC015-LOC045-LOC074,OUT_FOR_DELIVERY,Normal,Express,101.79,2026-06-30T00:25:00.731907,2026-06-30T02:36:00.731907,3.34,MEDIUM,0.527,131,2026-07-01T00:00:00
CURR01280,1ZZ2D348D126QZK7Y9,LOC067,LOC022,LOC018,RT-LOC067-LOC012-LOC018,IN_TRANSIT,Low,Express,31.06,2026-06-30T23:15:52.100072,2026-06-30T23:54:52.100072,2.55,LOW,0.282,39,2026-07-01T00:00:00
CURR01281,1ZECDRDI3Y1MP3EKYX,LOC004,LOC033,LOC005,RT-LOC004-LOC007-LOC006,OUT_FOR_DELIVERY,Normal,Fragile,15.09,2026-06-29T20:38:27.312346,2026-06-29T23:32:27.312346,4.64,MEDIUM,0.561,174,2026-07-01T00:00:00
CURR01282,1Z4T3QEPS3IBE9X8DD,LOC016,LOC062,LOC012,RT-LOC016-LOC030-LOC012,OUT_FOR_DELIVERY,Normal,Standard,55.54,2026-06-29T21:33:40.857712,2026-06-29T23:12:40.857712,3.71,MEDIUM,0.468,99,2026-07-01T00:00:00
CURR01283,1ZESI8QVHMGGBDJL8B,LOC008,LOC063,LOC010,RT-LOC008-LOC009-LOC010,IN_TRANSIT,High,Standard,52.77,2026-06-30T02:28:42.614643,2026-06-30T03:20:42.614643,2.63,LOW,0.331,52,2026-07-01T00:00:00
CURR01284,1Z7WSKMS2OY5WDSBV2,LOC004,LOC048,LOC018,RT-LOC004-LOC007-LOC006,OUT_FOR_DELIVERY,Low,International,24.4,2026-06-30T01:59:40.369771,2026-06-30T03:39:40.369771,3.46,MEDIUM,0.438,100,2026-07-01T00:00:00
CURR01285,1ZIJ6JYQHP59DYLQLA,LOC019,LOC006,LOC059,RT-LOC019-LOC060-LOC059,PROCESSING,Normal,Standard,44.98,2026-06-29T07:59:42.217845,2026-06-29T10:41:42.217845,3.45,MEDIUM,0.511,162,2026-07-01T00:00:00
CURR01286,1ZQ2FLN79U86UEVRRF,LOC067,LOC042,LOC038,RT-LOC067-LOC065-LOC032,IN_TRANSIT,Normal,Fragile,53.96,2026-06-30T19:38:51.535644,2026-06-30T20:01:51.535644,2.67,LOW,0.311,23,2026-07-01T00:00:00
CURR01287,1ZX9JDPT6CGLPCLTI6,LOC049,LOC019,LOC012,RT-LOC049-LOC050-LOC016,IN_TRANSIT,Normal,Express,32.03,2026-06-29T14:58:30.007519,2026-06-29T16:43:30.007519,3.91,MEDIUM,0.489,105,2026-07-01T00:00:00
CURR01288,1ZD61K8D0UPI0KEQR7,LOC039,LOC062,LOC069,RT-LOC039-LOC040-LOC038,DELAYED,High,Standard,60.24,2026-07-01T13:27:32.161424,2026-07-01T15:14:32.161424,4.78,MEDIUM,0.616,107,2026-07-01T00:00:00
CURR01289,1Z8GBFWIVWDJD859VY,LOC030,LOC052,LOC007,RT-LOC030-LOC002-LOC006,DELAYED,Normal,Express,6.05,2026-06-30T19:59:54.625248,2026-06-30T21:51:54.625248,3.53,MEDIUM,0.457,112,2026-07-01T00:00:00
CURR01290,1ZGJYLLBMDSFKN1NXP,LOC043,LOC029,LOC069,RT-LOC043-LOC074-LOC045,DELAYED,Normal,Standard,9.23,2026-06-29T23:40:19.577107,2026-06-30T00:46:19.577107,4.1,MEDIUM,0.612,66,2026-07-01T00:00:00
CURR01291,1Z2ADMPHLXIWLNGO0V,LOC048,LOC033,LOC035,RT-LOC048-LOC037-LOC035,PROCESSING,Low,Standard,0.7,2026-07-01T04:35:35.708392,2026-07-01T06:50:35.708392,5.04,HIGH,0.651,135,2026-07-01T00:00:00
CURR01292,1Z2PXHY2GH19TKH2LF,LOC037,LOC049,LOC045,RT-LOC037-LOC038-LOC045,IN_TRANSIT,Low,Express,131.89,2026-06-30T22:49:13.404820,2026-06-30T23:02:13.404820,2.21,LOW,0.249,13,2026-07-01T00:00:00
CURR01293,1Z3II1T2W2AU0E813J,LOC043,LOC060,LOC016,RT-LOC043-LOC074-LOC045,OUT_FOR_DELIVERY,Normal,Standard,39.74,2026-06-29T21:47:05.154267,2026-06-29T22:42:05.154267,4.6,MEDIUM,0.593,55,2026-07-01T00:00:00
CURR01294,1ZWRFH8KEF6OGGG0G1,LOC005,LOC024,LOC059,RT-LOC005-LOC059-LOC060,IN_TRANSIT,Low,Express,62.44,2026-06-30T21:46:45.518270,2026-06-30T22:41:45.518270,3.5,MEDIUM,0.412,55,2026-07-01T00:00:00
CURR01295,1Z5ZAWFZRQW2N9B9YY,LOC075,LOC058,LOC030,RT-LOC075-LOC044-LOC074,PROCESSING,Normal,International,145.54,2026-06-30T16:07:58.851617,2026-06-30T16:45:58.851617,3.95,MEDIUM,0.519,38,2026-07-01T00:00:00
CURR01296,1ZDMB3R949TNO7SWXX,LOC028,LOC037,LOC030,RT-LOC028-LOC050-LOC016,DELAYED,Normal,Express,126.96,2026-07-01T02:29:14.147309,2026-07-01T02:50:14.147309,2.66,LOW,0.275,21,2026-07-01T00:00:00
CURR01297,1ZE0CU6M5XJZ9GPIZ5,LOC024,LOC004,LOC019,RT-LOC024-LOC013-LOC019,OUT_FOR_DELIVERY,Normal,Standard,5.72,2026-07-01T04:15:07.238865,2026-07-01T04:47:07.238865,2.37,LOW,0.289,32,2026-07-01T00:00:00
CURR01298,1ZLJ5UZDTIX6YSL1OM,LOC012,LOC036,LOC032,RT-LOC012-LOC067-LOC065,IN_TRANSIT,High,Express,1.65,2026-06-30T02:29:09.648913,2026-06-30T03:47:09.648913,3.25,MEDIUM,0.374,78,2026-07-01T00:00:00
CURR01299,1Z7RQRO5WSPZ168WOB,LOC072,LOC049,LOC071,RT-LOC072-LOC071-LOC049,OUT_FOR_DELIVERY,Normal,Standard,29.66,2026-06-30T15:35:06.903994,2026-06-30T18:23:06.903994,3.21,MEDIUM,0.595,168,2026-07-01T00:00:00
CURR01300,1Z1F3FVK0Y2FAFSFZW,LOC007,LOC023,LOC020,RT-LOC007-LOC052-LOC009,IN_TRANSIT,Normal,International,23.51,2026-06-30T04:53:37.623081,2026-06-30T06:05:37.623081,3.86,MEDIUM,0.501,72,2026-07-01T00:00:00
CURR01301,1Z36AB2CH7EC6XJK68,LOC020,LOC003,LOC003,RT-LOC020-LOC021-LOC004,DELAYED,High,Standard,75.48,2026-06-30T11:30:21.071235,2026-06-30T13:30:21.071235,3.4,MEDIUM,0.441,120,2026-07-01T00:00:00
CURR01302,1Z979V10TUE4PUOB30,LOC061,LOC002,LOC005,RT-LOC061-LOC060-LOC059,IN_TRANSIT,Critical,Standard,7.11,2026-06-30T03:37:06.715233,2026-06-30T04:43:06.715233,3.81,MEDIUM,0.498,66,2026-07-01T00:00:00
CURR01303,1Z4P8B3S0PW4CEADP1,LOC014,LOC023,LOC012,RT-LOC014-LOC032-LOC065,PROCESSING,High,Standard,0.76,2026-07-01T13:28:24.829709,2026-07-01T14:02:24.829709,3.1,MEDIUM,0.391,34,2026-07-01T00:00:00
CURR01304,1ZAM78UCMJPUFM9S19,LOC034,LOC001,LOC002,RT-LOC034-LOC032-LOC065,DELAYED,High,Fragile,8.23,2026-06-30T07:10:28.097500,2026-06-30T08:30:28.097500,3.94,MEDIUM,0.491,80,2026-07-01T00:00:00
CURR01305,1Z009PXG6D7JYO2OTF,LOC037,LOC074,LOC045,RT-LOC037-LOC038-LOC045,OUT_FOR_DELIVERY,Normal,Fragile,45.79,2026-07-01T14:17:25.885857,2026-07-01T14:46:25.885857,3.24,MEDIUM,0.397,29,2026-07-01T00:00:00
CURR01306,1ZWNL5ONVQ3RPJXTFO,LOC032,LOC022,LOC019,RT-LOC032-LOC065-LOC067,IN_TRANSIT,Normal,Priority,1.11,2026-06-29T16:57:21.609681,2026-06-29T17:46:21.609681,3.35,MEDIUM,0.385,49,2026-07-01T00:00:00
CURR01307,1ZXZEDNFZIGWYFGLPP,LOC016,LOC010,LOC018,RT-LOC016-LOC030-LOC012,DELAYED,High,Express,94.04,2026-06-30T07:31:35.982605,2026-06-30T09:08:35.982605,3.87,MEDIUM,0.524,97,2026-07-01T00:00:00
CURR01308,1ZSV6RSQF8VXOOQIP7,LOC054,LOC065,LOC062,RT-LOC054-LOC009-LOC010,IN_TRANSIT,High,Express,66.55,2026-06-30T09:15:20.237835,2026-06-30T10:03:20.237835,3.6,MEDIUM,0.458,48,2026-07-01T00:00:00
CURR01309,1ZTJ063DPU2NW3BG6Q,LOC063,LOC009,LOC059,RT-LOC063-LOC061-LOC060,IN_TRANSIT,High,Standard,124.15,2026-07-01T09:30:48.049407,2026-07-01T11:15:48.049407,3.85,MEDIUM,0.483,105,2026-07-01T00:00:00
CURR01310,1ZCT1K7DKU9BQV73K8,LOC026,LOC044,LOC035,RT-LOC026-LOC027-LOC063,DELAYED,High,International,146.83,2026-07-02T04:43:05.000378,2026-07-02T07:33:05.000378,4.2,MEDIUM,0.798,170,2026-07-01T00:00:00
CURR01311,1Z727FHDYKNEYRPDM8,LOC069,LOC066,LOC067,RT-LOC069-LOC016-LOC030,OUT_FOR_DELIVERY,Normal,Express,0.8,2026-06-29T18:36:57.871965,2026-06-29T21:14:57.871965,5.03,HIGH,0.668,158,2026-07-01T00:00:00
CURR01312,1Z7HCLNNFXR62V0KMQ,LOC004,LOC062,LOC006,RT-LOC004-LOC007-LOC006,IN_TRANSIT,High,Standard,48.92,2026-07-01T06:37:51.096584,2026-07-01T09:15:51.096584,5.39,HIGH,0.705,158,2026-07-01T00:00:00
CURR01313,1ZDUVRZQAB6Q77RL65,LOC058,LOC027,LOC009,RT-LOC058-LOC055-LOC008,IN_TRANSIT,Normal,Express,62.56,2026-06-30T00:04:37.773655,2026-06-30T00:40:37.773655,3.08,MEDIUM,0.361,36,2026-07-01T00:00:00
CURR01314,1Z4C6ELYEMNFO67QTD,LOC004,LOC005,LOC007,RT-LOC004-LOC007-LOC006,OUT_FOR_DELIVERY,Normal,Standard,23.48,2026-06-30T22:14:04.008060,2026-06-30T23:32:04.008060,2.92,LOW,0.398,78,2026-07-01T00:00:00
CURR01315,1Z5PILP9H0J3S3BCKD,LOC040,LOC038,LOC038,RT-LOC040-LOC038,IN_TRANSIT,Normal,Temperature Sensitive,10.82,2026-06-30T15:15:43.087205,2026-06-30T18:01:43.087205,3.44,MEDIUM,0.657,166,2026-07-01T00:00:00
CURR01316,1ZWCCF0UNVPSR3HTQP,LOC037,LOC027,LOC034,RT-LOC037-LOC035-LOC033,IN_TRANSIT,High,Priority,1.5,2026-07-01T01:22:44.169222,2026-07-01T02:44:44.169222,3.89,MEDIUM,0.582,82,2026-07-01T00:00:00
CURR01317,1ZLSUONMRN48NXFYX0,LOC048,LOC015,LOC036,RT-LOC048-LOC036-LOC015,IN_TRANSIT,Normal,Express,15.98,2026-06-30T17:22:46.964129,2026-06-30T18:30:46.964129,4.05,MEDIUM,0.544,68,2026-07-01T00:00:00
CURR01318,1ZOY6FL5E79PB2C16F,LOC039,LOC046,LOC047,RT-LOC039-LOC047-LOC046,OUT_FOR_DELIVERY,Normal,Standard,39.15,2026-06-30T08:39:12.534528,2026-06-30T09:59:12.534528,3.2,MEDIUM,0.365,80,2026-07-01T00:00:00
CURR01319,1ZIR50K0FEY4C2PK0C,LOC061,LOC016,LOC028,RT-LOC061-LOC060-LOC059,DELAYED,Normal,International,44.93,2026-06-30T20:29:34.044226,2026-06-30T21:25:34.044226,2.85,LOW,0.291,56,2026-07-01T00:00:00
CURR01320,1ZVR23J60A0DN3ZLX0,LOC064,LOC067,LOC064,RT-LOC064-LOC067,DELAYED,Normal,Fragile,1.1,2026-06-29T03:13:08.392131,2026-06-29T05:41:08.392131,4.65,MEDIUM,0.65,148,2026-07-01T00:00:00
CURR01321,1Z5GO3ALRHUK3BEER8,LOC069,LOC010,LOC022,RT-LOC069-LOC016-LOC030,IN_TRANSIT,Normal,Standard,94.43,2026-06-30T02:09:46.922565,2026-06-30T02:32:46.922565,3.39,MEDIUM,0.374,23,2026-07-01T00:00:00
CURR01322,1ZDUTJKR94XNXSMI0R,LOC010,LOC028,LOC006,RT-LOC010-LOC020-LOC021,PROCESSING,Normal,Priority,19.73,2026-06-30T22:51:57.473681,2026-07-01T00:57:57.473681,2.22,LOW,0.443,126,2026-07-01T00:00:00
CURR01323,1ZYIAS11NNB3S8LG7W,LOC040,LOC014,LOC045,RT-LOC040-LOC038-LOC045,DELAYED,Normal,Standard,159.05,2026-06-30T00:22:16.548379,2026-06-30T01:30:16.548379,2.88,LOW,0.354,68,2026-07-01T00:00:00
CURR01324,1ZLN7XC3TUN3XTZPXD,LOC064,LOC053,LOC019,RT-LOC064-LOC012-LOC018,IN_TRANSIT,Low,Express,66.56,2026-06-30T17:25:49.444332,2026-06-30T18:36:49.444332,3.54,MEDIUM,0.439,71,2026-07-01T00:00:00
CURR01325,1ZHQQYOIQL3OIPK202,LOC029,LOC011,LOC055,RT-LOC029-LOC007-LOC052,PROCESSING,Normal,Fragile,33.99,2026-06-29T17:50:12.662765,2026-06-29T19:26:12.662765,3.05,MEDIUM,0.415,96,2026-07-01T00:00:00
CURR01326,1ZZ1S4MGQNMML2KSZ7,LOC052,LOC063,LOC006,RT-LOC052-LOC007-LOC006,IN_TRANSIT,Normal,Express,1.22,2026-06-30T13:24:40.395397,2026-06-30T15:03:40.395397,3.66,MEDIUM,0.452,99,2026-07-01T00:00:00
CURR01327,1Z392FW8FOOZINEZPO,LOC044,LOC074,LOC074,RT-LOC044-LOC074,PROCESSING,Normal,Fragile,95.37,2026-06-30T13:16:50.431459,2026-06-30T16:22:50.431459,4.27,MEDIUM,0.715,186,2026-07-01T00:00:00
CURR01328,1ZKMT2IWA4MRJ8U0T5,LOC013,LOC019,LOC013,RT-LOC013-LOC019,PROCESSING,Normal,Standard,63.98,2026-06-29T11:47:21.293055,2026-06-29T13:57:21.293055,3.85,MEDIUM,0.49,130,2026-07-01T00:00:00
CURR01329,1ZCCMIA10T47WIFGS8,LOC011,LOC003,LOC010,RT-LOC011-LOC056-LOC054,IN_TRANSIT,Low,Express,52.37,2026-06-30T21:29:24.214408,2026-06-30T22:29:24.214408,4.15,MEDIUM,0.541,60,2026-07-01T00:00:00
CURR01330,1ZRAEUPW2NUKALKR99,LOC040,LOC055,LOC069,RT-LOC040-LOC038-LOC045,IN_TRANSIT,Normal,Standard,28.42,2026-06-30T21:20:43.168317,2026-06-30T22:48:43.168317,3.78,MEDIUM,0.54,88,2026-07-01T00:00:00
CURR01331,1ZEE0KILAKRQX5DXFP,LOC056,LOC027,LOC010,RT-LOC056-LOC054-LOC009,IN_TRANSIT,Normal,Express,155.01,2026-06-30T11:20:31.728349,2026-06-30T12:19:31.728349,3.86,MEDIUM,0.456,59,2026-07-01T00:00:00
CURR01332,1ZIJQJK3QRG0ZBQ4RG,LOC064,LOC066,LOC064,RT-LOC064-LOC066,IN_TRANSIT,High,Standard,2.25,2026-06-29T16:13:24.476096,2026-06-29T18:02:24.476096,3.36,MEDIUM,0.525,109,2026-07-01T00:00:00
CURR01333,1Z9YTR4UAT8ED9EKCP,LOC048,LOC050,LOC015,RT-LOC048-LOC036-LOC015,IN_TRANSIT,High,International,83.96,2026-06-30T16:33:46.443675,2026-06-30T18:45:46.443675,4.43,MEDIUM,0.56,132,2026-07-01T00:00:00
CURR01334,1ZXTQTGCY3WT68GWMA,LOC058,LOC074,LOC028,RT-LOC058-LOC055-LOC008,IN_TRANSIT,Normal,Express,58.98,2026-07-02T04:47:25.165778,2026-07-02T07:12:25.165778,4.22,MEDIUM,0.545,145,2026-07-01T00:00:00
CURR01335,1ZDMETJIZH4HET0GQR,LOC009,LOC012,LOC004,RT-LOC009-LOC010-LOC020,IN_TRANSIT,High,Standard,114.03,2026-07-01T06:27:41.011639,2026-07-01T08:30:41.011639,4.11,MEDIUM,0.55,123,2026-07-01T00:00:00
CURR01336,1Z3M71W8BY7NJ8YCEI,LOC018,LOC049,LOC051,RT-LOC018-LOC059-LOC005,IN_TRANSIT,Normal,Express,30.71,2026-06-30T11:55:15.269377,2026-06-30T13:25:15.269377,3.91,MEDIUM,0.493,90,2026-07-01T00:00:00
CURR01337,1ZDI1R75LD4OCH9JEG,LOC073,LOC042,LOC047,RT-LOC073-LOC045-LOC038,IN_TRANSIT,High,Express,84.97,2026-07-01T11:05:11.669201,2026-07-01T11:52:11.669201,3.09,MEDIUM,0.375,47,2026-07-01T00:00:00
CURR01338,1ZU1HETT9IK33ASJFJ,LOC043,LOC010,LOC022,RT-LOC043-LOC074-LOC045,OUT_FOR_DELIVERY,Low,Fragile,48.66,2026-07-01T21:09:47.850505,2026-07-01T22:07:47.850505,3.26,MEDIUM,0.375,58,2026-07-01T00:00:00
CURR01339,1ZZBGPUFW73VWKET00,LOC004,LOC061,LOC006,RT-LOC004-LOC007-LOC006,IN_TRANSIT,Normal,International,17.18,2026-06-29T15:00:32.668047,2026-06-29T16:02:32.668047,2.85,LOW,0.422,62,2026-07-01T00:00:00
CURR01340,1ZAEAB82YBYFYQNHD1,LOC024,LOC043,LOC038,RT-LOC024-LOC027-LOC063,IN_TRANSIT,Normal,Standard,36.19,2026-07-01T06:18:35.409565,2026-07-01T07:55:35.409565,3.88,MEDIUM,0.504,97,2026-07-01T00:00:00
CURR01341,1Z0XL6V32VNEPAPY2R,LOC075,LOC027,LOC018,RT-LOC075-LOC044-LOC074,PROCESSING,High,Express,46.33,2026-07-01T17:27:15.422072,2026-07-01T18:40:15.422072,2.48,LOW,0.307,73,2026-07-01T00:00:00
CURR01342,1Z0MKTG96WSU481CDQ,LOC022,LOC045,LOC016,RT-LOC022-LOC021-LOC004,IN_TRANSIT,Normal,Express,15.47,2026-07-01T18:17:52.689424,2026-07-01T19:09:52.689424,3.25,MEDIUM,0.405,52,2026-07-01T00:00:00
CURR01343,1ZM0E73EUXKW26F7E2,LOC025,LOC074,LOC035,RT-LOC025-LOC027-LOC063,IN_TRANSIT,Normal,Standard,58.6,2026-07-01T10:00:26.358360,2026-07-01T10:38:26.358360,3.52,MEDIUM,0.4,38,2026-07-01T00:00:00
CURR01344,1ZTMH3JZY386GYM8YK,LOC052,LOC033,LOC059,RT-LOC052-LOC007-LOC006,IN_TRANSIT,High,Standard,28.13,2026-06-30T23:06:36.223849,2026-07-01T00:01:36.223849,4.49,MEDIUM,0.592,55,2026-07-01T00:00:00
CURR01345,1ZOKLW4OL23TV85WJU,LOC019,LOC068,LOC051,RT-LOC019-LOC060-LOC059,DELAYED,Normal,Temperature Sensitive,18.8,2026-06-30T20:51:10.655358,2026-06-30T21:41:10.655358,3.23,MEDIUM,0.356,50,2026-07-01T00:00:00
CURR01346,1Z152OSZB2GNRRRDP6,LOC031,LOC016,LOC031,RT-LOC031-LOC070-LOC016,IN_TRANSIT,Low,Standard,1.18,2026-06-29T16:54:10.511595,2026-06-29T17:44:10.511595,4.0,MEDIUM,0.505,50,2026-07-01T00:00:00
CURR01347,1ZPL5DJ138V69Z861J,LOC012,LOC034,LOC032,RT-LOC012-LOC067-LOC065,IN_TRANSIT,Low,Standard,5.62,2026-06-29T20:47:01.242434,2026-06-29T22:25:01.242434,5.2,HIGH,0.687,98,2026-07-01T00:00:00
CURR01348,1Z834VISRXPSKHABGW,LOC057,LOC035,LOC019,RT-LOC057-LOC055-LOC008,IN_TRANSIT,Low,Express,21.22,2026-06-30T19:05:18.106645,2026-06-30T20:44:18.106645,3.07,MEDIUM,0.387,99,2026-07-01T00:00:00
CURR01349,1ZOE2ECKSBBWF47GY8,LOC066,LOC033,LOC032,RT-LOC066-LOC065-LOC032,PROCESSING,Normal,Standard,84.19,2026-06-30T21:51:45.675664,2026-06-30T23:24:45.675664,4.27,MEDIUM,0.533,93,2026-07-01T00:00:00
CURR01350,1ZIKZ1OWBZ84VDMTE5,LOC018,LOC046,LOC035,RT-LOC018-LOC062-LOC066,IN_TRANSIT,Critical,Standard,19.9,2026-06-30T13:55:02.266093,2026-06-30T16:31:02.266093,2.5,LOW,0.523,156,2026-07-01T00:00:00
CURR01351,1ZWI194T61BBFSDBP4,LOC045,LOC053,LOC006,RT-LOC045-LOC015-LOC069,IN_TRANSIT,Normal,Standard,59.85,2026-06-30T07:26:39.398621,2026-06-30T09:31:39.398621,4.56,MEDIUM,0.605,125,2026-07-01T00:00:00
CURR01352,1ZFHBKDA5MZXQZC3JB,LOC019,LOC060,LOC060,RT-LOC019-LOC060,IN_TRANSIT,Low,Priority,13.36,2026-06-30T16:02:13.911409,2026-06-30T17:33:13.911409,3.51,MEDIUM,0.547,91,2026-07-01T00:00:00
CURR01353,1ZF5OJ7TYYMQ7O5T0I,LOC075,LOC001,LOC016,RT-LOC075-LOC044-LOC074,OUT_FOR_DELIVERY,Normal,International,10.92,2026-06-30T03:49:36.586259,2026-06-30T04:38:36.586259,2.69,LOW,0.295,49,2026-07-01T00:00:00
CURR01354,1ZK9LWE0TVEJFY6WEP,LOC065,LOC024,LOC062,RT-LOC065-LOC066-LOC062,DELAYED,Low,Express,62.07,2026-06-30T17:15:53.158977,2026-06-30T18:51:53.158977,4.0,MEDIUM,0.606,96,2026-07-01T00:00:00
CURR01355,1ZULZXDVV4XWHI07XC,LOC052,LOC029,LOC006,RT-LOC052-LOC007-LOC006,PROCESSING,High,Fragile,75.71,2026-06-30T09:52:27.928625,2026-06-30T11:20:27.928625,3.69,MEDIUM,0.475,88,2026-07-01T00:00:00
CURR01356,1ZHW5TEEGAPD6LKEAQ,LOC028,LOC058,LOC007,RT-LOC028-LOC051-LOC029,IN_TRANSIT,High,Standard,38.88,2026-07-01T09:05:59.888081,2026-07-01T10:52:59.888081,3.48,MEDIUM,0.527,107,2026-07-01T00:00:00
CURR01357,1ZZK4HEOYEPSEOGXZ4,LOC042,LOC074,LOC046,RT-LOC042-LOC046-LOC043,PROCESSING,Normal,Express,90.14,2026-06-30T15:31:22.251102,2026-06-30T16:40:22.251102,3.22,MEDIUM,0.39,69,2026-07-01T00:00:00
CURR01358,1Z2GAJ4LYKSYSN4S6W,LOC061,LOC012,LOC061,RT-LOC061-LOC018-LOC012,IN_TRANSIT,Normal,Fragile,36.9,2026-07-01T00:01:16.769288,2026-07-01T01:27:16.769288,2.8,LOW,0.412,86,2026-07-01T00:00:00
CURR01359,1ZHQE57N9V1GSNT3XB,LOC002,LOC050,LOC029,RT-LOC002-LOC029-LOC051,IN_TRANSIT,High,Priority,135.38,2026-06-30T19:11:31.946353,2026-06-30T20:21:31.946353,4.89,MEDIUM,0.653,70,2026-07-01T00:00:00
CURR01360,1ZX92VX7T5QTJ9EFKP,LOC038,LOC073,LOC073,RT-LOC038-LOC045-LOC073,DELAYED,High,Express,104.79,2026-06-30T06:49:00.749681,2026-06-30T08:21:00.749681,3.67,MEDIUM,0.626,92,2026-07-01T00:00:00
CURR01361,1ZAIZRVI2G5S7QO3KK,LOC007,LOC060,LOC059,RT-LOC007-LOC006-LOC059,OUT_FOR_DELIVERY,High,Express,23.12,2026-06-29T05:06:03.279980,2026-06-29T06:36:03.279980,4.03,MEDIUM,0.549,90,2026-07-01T00:00:00
CURR01362,1ZMGLPASYCG1SL6I5F,LOC037,LOC046,LOC047,RT-LOC037-LOC038-LOC047,IN_TRANSIT,High,Standard,23.29,2026-06-30T09:51:59.362797,2026-06-30T12:56:59.362797,4.25,MEDIUM,0.568,185,2026-07-01T00:00:00
CURR01363,1ZCBX4B2RO4H01QQ8B,LOC020,LOC059,LOC007,RT-LOC020-LOC021-LOC004,IN_TRANSIT,Low,Express,105.36,2026-06-29T18:34:03.834228,2026-06-29T20:59:03.834228,4.82,MEDIUM,0.627,145,2026-07-01T00:00:00
CURR01364,1ZLPMZ7QM8G0ALY92L,LOC031,LOC005,LOC016,RT-LOC031-LOC070-LOC016,IN_TRANSIT,Normal,Express,139.18,2026-06-30T18:46:12.238841,2026-06-30T19:52:12.238841,3.75,MEDIUM,0.415,66,2026-07-01T00:00:00
CURR01365,1ZQ9NRUILZAMSBDH8J,LOC051,LOC063,LOC030,RT-LOC051-LOC028-LOC050,IN_TRANSIT,Critical,Standard,111.68,2026-06-29T22:39:13.230041,2026-06-29T23:07:13.230041,4.05,MEDIUM,0.518,28,2026-07-01T00:00:00
CURR01366,1Z7HA3W03R2FSBP2MM,LOC047,LOC017,LOC030,RT-LOC047-LOC038-LOC045,OUT_FOR_DELIVERY,Critical,Fragile,103.24,2026-06-30T07:31:45.741186,2026-06-30T08:37:45.741186,3.95,MEDIUM,0.497,66,2026-07-01T00:00:00
CURR01367,1ZK6ASA1CLPXYGZLNR,LOC056,LOC023,LOC009,RT-LOC056-LOC054-LOC009,DELAYED,Normal,Standard,45.01,2026-06-29T18:13:52.960328,2026-06-29T19:35:52.960328,3.67,MEDIUM,0.428,82,2026-07-01T00:00:00
CURR01368,1Z1KLNKVKW7C2LGH27,LOC048,LOC025,LOC066,RT-LOC048-LOC037-LOC035,IN_TRANSIT,Low,Fragile,9.61,2026-07-01T05:42:39.021311,2026-07-01T07:36:39.021311,4.08,MEDIUM,0.488,114,2026-07-01T00:00:00
CURR01369,1ZNE54YY734PTSN6IX,LOC009,LOC064,LOC019,RT-LOC009-LOC010-LOC020,IN_TRANSIT,Low,International,4.36,2026-06-29T17:15:33.136840,2026-06-29T19:44:33.136840,3.73,MEDIUM,0.474,149,2026-07-01T00:00:00
CURR01370,1Z1WSOESLYZOHNM05S,LOC036,LOC039,LOC038,RT-LOC036-LOC048-LOC037,OUT_FOR_DELIVERY,High,Standard,15.97,2026-07-01T00:48:26.721423,2026-07-01T01:40:26.721423,3.14,MEDIUM,0.4,52,2026-07-01T00:00:00
CURR01371,1Z4GL6MXLKIC0W7KU7,LOC002,LOC049,LOC050,RT-LOC002-LOC029-LOC051,PROCESSING,Low,Standard,16.7,2026-06-30T13:42:17.526500,2026-06-30T14:59:17.526500,2.34,LOW,0.384,77,2026-07-01T00:00:00
CURR01372,1ZUT47CIOIK0FV28P2,LOC054,LOC038,LOC032,RT-LOC054-LOC009-LOC010,IN_TRANSIT,Low,International,17.8,2026-06-30T02:47:02.945913,2026-06-30T04:01:02.945913,3.7,MEDIUM,0.5,74,2026-07-01T00:00:00
CURR01373,1Z8837AUWBMWDIJW7V,LOC054,LOC020,LOC010,RT-LOC054-LOC009-LOC010,IN_TRANSIT,High,Standard,74.1,2026-06-30T10:59:05.801639,2026-06-30T12:49:05.801639,3.41,MEDIUM,0.518,110,2026-07-01T00:00:00
CURR01374,1ZCYWHY9Q6ZIDR3XC0,LOC053,LOC042,LOC033,RT-LOC053-LOC052-LOC007,OUT_FOR_DELIVERY,Normal,Express,19.84,2026-07-01T17:35:53.916977,2026-07-01T18:38:53.916977,3.27,MEDIUM,0.393,63,2026-07-01T00:00:00
CURR01375,1ZT6LHYDCJWNX2QPFI,LOC002,LOC054,LOC052,RT-LOC002-LOC006-LOC003,OUT_FOR_DELIVERY,Normal,International,91.38,2026-06-29T21:26:46.420472,2026-06-29T23:08:46.420472,3.45,MEDIUM,0.472,102,2026-07-01T00:00:00
CURR01376,1Z87GFFE0MV4XAVBUY,LOC065,LOC045,LOC035,RT-LOC065-LOC032-LOC033,IN_TRANSIT,Normal,Express,99.13,2026-06-30T18:00:33.488180,2026-06-30T20:55:33.488180,4.67,MEDIUM,0.691,175,2026-07-01T00:00:00
CURR01377,1ZTYSZULJ2V82B4OOV,LOC032,LOC055,LOC012,RT-LOC032-LOC065-LOC067,OUT_FOR_DELIVERY,Normal,International,3.61,2026-07-01T03:16:36.993565,2026-07-01T04:01:36.993565,4.4,MEDIUM,0.606,45,2026-07-01T00:00:00
CURR01378,1Z1S4M006KHY60S4WV,LOC015,LOC020,LOC019,RT-LOC015-LOC069-LOC016,IN_TRANSIT,Low,Standard,2.26,2026-06-29T16:17:24.706561,2026-06-29T20:22:24.706561,3.94,MEDIUM,0.757,245,2026-07-01T00:00:00
CURR01379,1ZYFWYCD6QO2A76ZAY,LOC052,LOC030,LOC002,RT-LOC052-LOC007-LOC006,OUT_FOR_DELIVERY,Low,Priority,4.26,2026-06-30T07:02:38.342100,2026-06-30T07:41:38.342100,2.95,LOW,0.292,39,2026-07-01T00:00:00
CURR01380,1ZQID7N9XY5LU1R9F3,LOC053,LOC013,LOC006,RT-LOC053-LOC052-LOC007,DELAYED,Normal,International,155.34,2026-06-29T10:41:21.829203,2026-06-29T11:20:21.829203,3.51,MEDIUM,0.413,39,2026-07-01T00:00:00
CURR01381,1ZUKKJDX84YZF7MYXP,LOC056,LOC026,LOC019,RT-LOC056-LOC054-LOC009,OUT_FOR_DELIVERY,Normal,International,8.34,2026-06-30T05:54:43.977559,2026-06-30T07:45:43.977559,4.52,MEDIUM,0.742,111,2026-07-01T00:00:00
CURR01382,1Z0KUFGNDB8V0R6TQQ,LOC013,LOC040,LOC032,RT-LOC013-LOC062-LOC066,IN_TRANSIT,Critical,Standard,123.4,2026-06-30T06:15:24.678224,2026-06-30T06:19:24.678224,3.07,MEDIUM,0.345,4,2026-07-01T00:00:00
CURR01383,1Z3O9LUPWD3RLL1Q35,LOC023,LOC058,LOC021,RT-LOC023-LOC022-LOC021,IN_TRANSIT,Normal,Standard,18.65,2026-07-01T00:36:51.979427,2026-07-01T02:11:51.979427,3.12,MEDIUM,0.376,95,2026-07-01T00:00:00
CURR01384,1ZP6QDUEZLH5L4AN8W,LOC019,LOC064,LOC062,RT-LOC019-LOC013-LOC062,IN_TRANSIT,Normal,International,35.36,2026-06-29T23:05:54.457644,2026-06-30T01:21:54.457644,4.54,MEDIUM,0.589,136,2026-07-01T00:00:00
CURR01385,1ZXSCQ6ET9WCS5S795,LOC028,LOC030,LOC016,RT-LOC028-LOC050-LOC016,IN_TRANSIT,High,Express,189.22,2026-06-30T11:14:06.975742,2026-06-30T13:19:06.975742,3.9,MEDIUM,0.546,125,2026-07-01T00:00:00
CURR01386,1ZMJPR1RE9O1ZNZNQM,LOC061,LOC009,LOC007,RT-LOC061-LOC060-LOC059,PROCESSING,Low,Express,69.33,2026-06-29T16:04:33.033154,2026-06-29T17:31:33.033154,3.82,MEDIUM,0.508,87,2026-07-01T00:00:00
CURR01387,1ZN51HT1K00RX029K0,LOC024,LOC068,LOC029,RT-LOC024-LOC013-LOC060,IN_TRANSIT,Normal,Temperature Sensitive,136.55,2026-06-29T15:28:55.245802,2026-06-29T16:52:55.245802,4.16,MEDIUM,0.516,84,2026-07-01T00:00:00
CURR01388,1Z91CXZRKR0492RJGB,LOC062,LOC012,LOC012,RT-LOC062-LOC012,IN_TRANSIT,Normal,Standard,31.06,2026-06-30T05:23:42.150539,2026-06-30T06:51:42.150539,2.96,LOW,0.341,88,2026-07-01T00:00:00
CURR01389,1Z04MUOVUTHQ33X6K7,LOC014,LOC007,LOC006,RT-LOC014-LOC032-LOC065,DELAYED,Normal,Standard,16.13,2026-06-30T01:28:03.196903,2026-06-30T02:53:03.196903,3.52,MEDIUM,0.423,85,2026-07-01T00:00:00
CURR01390,1Z7F9R6CYQX85NABMF,LOC031,LOC075,LOC015,RT-LOC031-LOC069-LOC015,PROCESSING,Low,Standard,20.33,2026-07-01T11:08:35.082307,2026-07-01T11:39:35.082307,3.69,MEDIUM,0.486,31,2026-07-01T00:00:00
CURR01391,1ZY7Y0SA25HZNL878L,LOC017,LOC028,LOC002,RT-LOC017-LOC002-LOC029,DELAYED,Normal,Standard,39.58,2026-06-29T16:37:33.095150,2026-06-29T17:44:33.095150,4.36,MEDIUM,0.551,67,2026-07-01T00:00:00
CURR01392,1ZKZI45LQOE5PPZDSN,LOC051,LOC062,LOC030,RT-LOC051-LOC028-LOC050,IN_TRANSIT,High,Express,32.31,2026-06-29T15:43:21.723699,2026-06-29T16:29:21.723699,3.16,MEDIUM,0.406,46,2026-07-01T00:00:00
CURR01393,1ZX3Y6LVM568N2GBMF,LOC050,LOC029,LOC051,RT-LOC050-LOC051-LOC029,IN_TRANSIT,Normal,International,7.96,2026-06-30T10:31:56.095676,2026-06-30T12:35:56.095676,3.98,MEDIUM,0.63,124,2026-07-01T00:00:00
CURR01394,1ZYO6VTYBBDESS4ZKQ,LOC045,LOC051,LOC070,RT-LOC045-LOC015-LOC069,IN_TRANSIT,Critical,Priority,2.26,2026-06-29T21:45:38.750313,2026-06-29T23:03:38.750313,3.36,MEDIUM,0.455,78,2026-07-01T00:00:00
CURR01395,1ZILRLS7O6ZYT7A6ES,LOC072,LOC048,LOC030,RT-LOC072-LOC028-LOC050,PROCESSING,Low,Express,4.43,2026-07-01T05:46:22.462467,2026-07-01T07:54:22.462467,3.51,MEDIUM,0.458,128,2026-07-01T00:00:00
CURR01396,1ZETH6E3P3IEO9RXUH,LOC047,LOC058,LOC019,RT-LOC047-LOC038-LOC045,IN_TRANSIT,Normal,Express,6.05,2026-07-01T01:38:38.951307,2026-07-01T02:49:38.951307,3.06,MEDIUM,0.499,71,2026-07-01T00:00:00
CURR01397,1ZYO48S2MUCKFH29W0,LOC026,LOC061,LOC063,RT-LOC026-LOC027-LOC063,OUT_FOR_DELIVERY,High,International,88.97,2026-06-30T12:47:30.921836,2026-06-30T13:35:30.921836,3.5,MEDIUM,0.388,48,2026-07-01T00:00:00
CURR01398,1ZJJP3P5CB87HUFZJ0,LOC029,LOC014,LOC070,RT-LOC029-LOC051-LOC028,OUT_FOR_DELIVERY,High,Express,6.56,2026-06-29T16:20:35.727726,2026-06-29T18:10:35.727726,4.49,MEDIUM,0.579,110,2026-07-01T00:00:00
CURR01399,1ZB3I8IDA1VPE2AP7H,LOC017,LOC053,LOC006,RT-LOC017-LOC006-LOC003,DELAYED,Normal,Express,6.8,2026-07-01T02:54:38.981190,2026-07-01T04:23:38.981190,4.05,MEDIUM,0.593,89,2026-07-01T00:00:00
CURR01400,1Z6LUUK4WY4J2UU1ZH,LOC035,LOC011,LOC018,RT-LOC035-LOC036-LOC015,IN_TRANSIT,Low,Priority,1.39,2026-06-30T18:21:27.198243,2026-06-30T19:27:27.198243,3.8,MEDIUM,0.496,66,2026-07-01T00:00:00
CURR01401,1ZCHFICYXB1O1OEY7Q,LOC022,LOC062,LOC019,RT-LOC022-LOC021-LOC020,PROCESSING,Normal,Express,65.02,2026-06-30T01:18:28.328666,2026-06-30T04:03:28.328666,3.64,MEDIUM,0.554,165,2026-07-01T00:00:00
CURR01402,1ZKIJ02ZM3PR7MCBZS,LOC028,LOC066,LOC067,RT-LOC028-LOC050-LOC016,IN_TRANSIT,Low,Fragile,0.98,2026-06-30T03:18:58.958189,2026-06-30T04:39:58.958189,3.66,MEDIUM,0.453,81,2026-07-01T00:00:00
CURR01403,1ZGC6RHIC30CUNKXL4,LOC050,LOC074,LOC069,RT-LOC050-LOC016-LOC069,IN_TRANSIT,High,Standard,32.64,2026-07-01T00:03:17.941635,2026-07-01T03:47:17.941635,5.13,HIGH,0.795,224,2026-07-01T00:00:00
CURR01404,1Z21RHNUYSB8CTW3MT,LOC060,LOC054,LOC052,RT-LOC060-LOC059-LOC006,DELAYED,Normal,Express,79.54,2026-06-30T15:39:46.324978,2026-06-30T15:59:46.324978,3.46,MEDIUM,0.396,20,2026-07-01T00:00:00
CURR01405,1ZZBF3DK00GLW7BS6E,LOC004,LOC056,LOC055,RT-LOC004-LOC009-LOC055,IN_TRANSIT,Low,Express,9.68,2026-06-30T09:25:48.460965,2026-06-30T10:41:48.460965,2.76,LOW,0.331,76,2026-07-01T00:00:00
CURR01406,1Z4XQLCCH65DTK71AB,LOC025,LOC006,LOC061,RT-LOC025-LOC027-LOC063,PROCESSING,High,Temperature Sensitive,98.96,2026-06-30T23:58:28.310344,2026-07-01T01:03:28.310344,3.61,MEDIUM,0.423,65,2026-07-01T00:00:00
CURR01407,1Z011JNWLMCM1URDGJ,LOC023,LOC075,LOC069,RT-LOC023-LOC019-LOC060,OUT_FOR_DELIVERY,Normal,Priority,41.71,2026-07-02T00:21:20.108496,2026-07-02T02:18:20.108496,3.31,MEDIUM,0.531,117,2026-07-01T00:00:00
CURR01408,1Z7PM5N9M9TGX4395Z,LOC055,LOC052,LOC021,RT-LOC055-LOC008-LOC009,DELAYED,Normal,Express,21.1,2026-06-30T08:42:12.758551,2026-06-30T09:16:12.758551,2.34,LOW,0.238,34,2026-07-01T00:00:00
CURR01409,1ZC7DM3X1W0CU7GIGA,LOC017,LOC029,LOC002,RT-LOC017-LOC002-LOC029,IN_TRANSIT,Normal,Standard,135.67,2026-06-30T01:53:55.811732,2026-06-30T04:33:55.811732,3.72,MEDIUM,0.515,160,2026-07-01T00:00:00
CURR01410,1ZWYCUF8QBIF8QR5YX,LOC015,LOC008,LOC019,RT-LOC015-LOC069-LOC016,IN_TRANSIT,Low,Standard,13.53,2026-06-30T20:32:52.398399,2026-06-30T23:51:52.398399,5.45,HIGH,0.73,199,2026-07-01T00:00:00
CURR01411,1ZPRIU4KAESZTAQMV9,LOC058,LOC074,LOC029,RT-LOC058-LOC055-LOC008,DELAYED,Low,Priority,8.95,2026-07-02T01:51:00.294671,2026-07-02T04:02:00.294671,4.03,MEDIUM,0.526,131,2026-07-01T00:00:00
CURR01412,1ZYAZI4PVHR70NED7Z,LOC061,LOC027,LOC024,RT-LOC061-LOC013-LOC024,IN_TRANSIT,High,Fragile,152.8,2026-06-29T17:32:43.486855,2026-06-29T19:07:43.486855,3.28,MEDIUM,0.445,95,2026-07-01T00:00:00
CURR01413,1ZLGZOZ2PSEPQQ2GN5,LOC073,LOC036,LOC045,RT-LOC073-LOC045-LOC015,IN_TRANSIT,Low,Temperature Sensitive,22.27,2026-06-30T14:03:26.819279,2026-06-30T14:58:26.819279,3.19,MEDIUM,0.319,55,2026-07-01T00:00:00
CURR01414,1ZLV64ZXGCMNX55Q4J,LOC074,LOC075,LOC075,RT-LOC074-LOC075,PROCESSING,Normal,Standard,4.7,2026-06-30T17:30:34.173433,2026-06-30T19:58:34.173433,4.07,MEDIUM,0.839,148,2026-07-01T00:00:00
CURR01415,1ZVOZ8KRCZSLD7KURS,LOC001,LOC004,LOC007,RT-LOC001-LOC007-LOC004,IN_TRANSIT,High,Express,16.16,2026-06-30T21:10:39.169740,2026-06-30T22:00:39.169740,3.93,MEDIUM,0.53,50,2026-07-01T00:00:00
CURR01416,1ZD2DWF5Y0I5YKD5PT,LOC049,LOC020,LOC022,RT-LOC049-LOC050-LOC016,IN_TRANSIT,Normal,Fragile,117.46,2026-06-29T22:41:03.172158,2026-06-30T00:50:03.172158,4.48,MEDIUM,0.572,129,2026-07-01T00:00:00
CURR01417,1ZZWKTEIAQ2A0IIG18,LOC060,LOC033,LOC066,RT-LOC060-LOC013-LOC062,IN_TRANSIT,Normal,Priority,57.88,2026-06-30T01:49:14.804438,2026-06-30T02:35:14.804438,4.35,MEDIUM,0.538,46,2026-07-01T00:00:00
CURR01418,1Z56CK61HPAAO8QCLR,LOC032,LOC011,LOC018,RT-LOC032-LOC065-LOC067,IN_TRANSIT,Normal,Standard,7.6,2026-06-30T20:13:31.852567,2026-06-30T21:08:31.852567,2.33,LOW,0.322,55,2026-07-01T00:00:00
CURR01419,1ZGEUYC7L8NGCWZTAF,LOC066,LOC012,LOC065,RT-LOC066-LOC065-LOC067,IN_TRANSIT,Normal,Standard,67.38,2026-06-30T06:30:39.372619,2026-06-30T10:04:39.372619,4.3,MEDIUM,0.666,214,2026-07-01T00:00:00
CURR01420,1ZGIF8IKCGVJUYUORA,LOC050,LOC058,LOC029,RT-LOC050-LOC051-LOC029,PROCESSING,High,Fragile,32.3,2026-07-01T09:01:40.436497,2026-07-01T10:39:40.436497,4.1,MEDIUM,0.535,98,2026-07-01T00:00:00
CURR01421,1ZWNWSHAHW1KDR75CX,LOC007,LOC043,LOC016,RT-LOC007-LOC006-LOC059,IN_TRANSIT,High,Express,8.06,2026-07-01T04:50:01.192174,2026-07-01T07:15:01.192174,4.21,MEDIUM,0.583,145,2026-07-01T00:00:00
CURR01422,1Z6BWHEXTLLJOQ3FQT,LOC039,LOC037,LOC040,RT-LOC039-LOC040-LOC038,IN_TRANSIT,Normal,Express,31.61,2026-06-29T23:06:48.790626,2026-06-30T00:08:48.790626,2.6,LOW,0.32,62,2026-07-01T00:00:00
CURR01423,1ZBFRQCJMXAPTKEI5Z,LOC019,LOC026,LOC024,RT-LOC019-LOC013-LOC024,OUT_FOR_DELIVERY,Normal,Fragile,41.91,2026-06-30T09:49:17.871879,2026-06-30T11:41:17.871879,4.96,MEDIUM,0.645,112,2026-07-01T00:00:00
CURR01424,1ZZ1NVVZD4C19QHJJU,LOC024,LOC043,LOC033,RT-LOC024-LOC027-LOC063,OUT_FOR_DELIVERY,High,Express,19.42,2026-07-02T08:38:14.328893,2026-07-02T11:37:14.328893,4.23,MEDIUM,0.661,179,2026-07-01T00:00:00
CURR01425,1Z24JRMA7PELP6U2NB,LOC001,LOC014,LOC070,RT-LOC001-LOC051-LOC028,IN_TRANSIT,Critical,Standard,38.96,2026-06-29T12:22:46.514854,2026-06-29T14:39:46.514854,4.06,MEDIUM,0.583,137,2026-07-01T00:00:00
CURR01426,1ZB6WAW4XUJLU7ZI2C,LOC052,LOC041,LOC066,RT-LOC052-LOC007-LOC006,PROCESSING,Low,Standard,46.22,2026-06-30T20:06:03.559697,2026-06-30T21:01:03.559697,3.27,MEDIUM,0.426,55,2026-07-01T00:00:00
CURR01427,1ZJ9IJAQO9D12QJIKF,LOC070,LOC035,LOC031,RT-LOC070-LOC031-LOC033,IN_TRANSIT,Low,Standard,112.14,2026-07-01T07:50:18.810777,2026-07-01T11:50:18.810777,4.48,MEDIUM,0.772,240,2026-07-01T00:00:00
CURR01428,1ZPMBDND3LU793111C,LOC062,LOC063,LOC063,RT-LOC062-LOC063,OUT_FOR_DELIVERY,Normal,International,55.3,2026-06-30T05:11:48.282110,2026-06-30T07:30:48.282110,4.56,MEDIUM,0.582,139,2026-07-01T00:00:00
CURR01429,1ZMMBA1FMK6P6VEPZJ,LOC070,LOC018,LOC012,RT-LOC070-LOC016-LOC030,IN_TRANSIT,High,Express,4.44,2026-06-30T01:46:25.839914,2026-06-30T03:19:25.839914,2.49,LOW,0.398,93,2026-07-01T00:00:00
CURR01430,1Z9DAVU8SQ0BUEWH1H,LOC073,LOC005,LOC016,RT-LOC073-LOC045-LOC015,PROCESSING,Normal,International,99.53,2026-07-01T11:46:32.346114,2026-07-01T14:28:32.346114,4.52,MEDIUM,0.618,162,2026-07-01T00:00:00
CURR01431,1ZBU69W5AT94FWKBHM,LOC030,LOC016,LOC016,RT-LOC030-LOC016,IN_TRANSIT,Low,Express,86.11,2026-06-30T02:59:49.071488,2026-06-30T03:31:49.071488,3.81,MEDIUM,0.521,32,2026-07-01T00:00:00
CURR01432,1Z7BQGYPOY5J7KFN22,LOC027,LOC015,LOC033,RT-LOC027-LOC063-LOC066,IN_TRANSIT,Normal,International,35.7,2026-06-30T03:42:11.119726,2026-06-30T04:09:11.119726,3.17,MEDIUM,0.386,27,2026-07-01T00:00:00
CURR01433,1ZE5AHE3XW66MPLFG7,LOC051,LOC069,LOC028,RT-LOC051-LOC028-LOC050,OUT_FOR_DELIVERY,High,Fragile,20.49,2026-06-29T21:35:00.487247,2026-06-29T23:25:00.487247,4.68,MEDIUM,0.587,110,2026-07-01T00:00:00
CURR01434,1ZFFPEGP8XZF40RZ5V,LOC064,LOC044,LOC035,RT-LOC064-LOC065-LOC032,PROCESSING,Normal,Fragile,16.66,2026-07-01T16:09:16.695821,2026-07-01T19:14:16.695821,4.41,MEDIUM,0.785,185,2026-07-01T00:00:00
CURR01435,1Z4KYIP7J7OAU64O3V,LOC045,LOC062,LOC016,RT-LOC045-LOC015-LOC069,IN_TRANSIT,Normal,Fragile,26.96,2026-06-29T17:17:06.056617,2026-06-29T18:50:06.056617,4.31,MEDIUM,0.5,93,2026-07-01T00:00:00
CURR01436,1ZHT4I6P4BILTA1UML,LOC039,LOC068,LOC069,RT-LOC039-LOC040-LOC038,PROCESSING,High,Express,7.03,2026-07-01T05:23:35.915468,2026-07-01T06:11:35.915468,2.75,LOW,0.3,48,2026-07-01T00:00:00
CURR01437,1ZJ3S009O0JVTY3QOP,LOC033,LOC055,LOC022,RT-LOC033-LOC034-LOC032,IN_TRANSIT,Normal,Priority,21.0,2026-06-30T02:12:01.286557,2026-06-30T02:35:01.286557,3.11,MEDIUM,0.38,23,2026-07-01T00:00:00
CURR01438,1Z6FE39ZXCVR9SCSM1,LOC038,LOC005,LOC016,RT-LOC038-LOC045-LOC015,IN_TRANSIT,Low,Standard,3.32,2026-07-01T16:03:50.654396,2026-07-01T18:24:50.654396,2.75,LOW,0.469,141,2026-07-01T00:00:00
CURR01439,1ZMXVCJ2D5U4XO9S86,LOC069,LOC033,LOC031,RT-LOC069-LOC031-LOC033,IN_TRANSIT,Normal,International,52.67,2026-06-29T14:04:20.755331,2026-06-29T15:57:20.755331,3.55,MEDIUM,0.495,113,2026-07-01T00:00:00
CURR01440,1ZGZ9VVWV2TQJGXXI6,LOC005,LOC071,LOC029,RT-LOC005-LOC002-LOC029,DELAYED,Low,Express,18.35,2026-06-29T16:58:52.361391,2026-06-29T18:26:52.361391,2.93,LOW,0.424,88,2026-07-01T00:00:00
CURR01441,1Z6P7WOUO2GAJ7B4UH,LOC009,LOC027,LOC019,RT-LOC009-LOC010-LOC020,OUT_FOR_DELIVERY,Normal,Standard,12.69,2026-07-01T03:14:55.950333,2026-07-01T04:25:55.950333,3.88,MEDIUM,0.53,71,2026-07-01T00:00:00
CURR01442,1Z7K888M11LNFYAC41,LOC042,LOC012,LOC016,RT-LOC042-LOC047-LOC038,IN_TRANSIT,Normal,Priority,93.42,2026-06-29T20:54:50.138294,2026-06-29T22:38:50.138294,3.59,MEDIUM,0.464,104,2026-07-01T00:00:00
CURR01443,1ZM19856FNO4NVLYIV,LOC022,LOC027,LOC020,RT-LOC022-LOC021-LOC020,IN_TRANSIT,Normal,Express,12.31,2026-06-30T21:13:55.187648,2026-06-30T23:12:55.187648,4.13,MEDIUM,0.518,119,2026-07-01T00:00:00
CURR01444,1ZQBUL97QRTG34I9B8,LOC062,LOC047,LOC037,RT-LOC062-LOC066-LOC065,IN_TRANSIT,Normal,Express,26.57,2026-06-30T06:07:37.715822,2026-06-30T09:02:37.715822,4.3,MEDIUM,0.603,175,2026-07-01T00:00:00
CURR01445,1Z0N7J96GEX0180698,LOC034,LOC071,LOC070,RT-LOC034-LOC033-LOC014,PROCESSING,High,Express,42.74,2026-07-01T11:35:01.904794,2026-07-01T13:11:01.904794,3.62,MEDIUM,0.423,96,2026-07-01T00:00:00
CURR01446,1Z4DZ45FFJ6U3KZH7L,LOC033,LOC004,LOC022,RT-LOC033-LOC034-LOC032,IN_TRANSIT,Low,International,49.93,2026-06-30T05:21:57.111427,2026-06-30T07:01:57.111427,4.45,MEDIUM,0.566,100,2026-07-01T00:00:00
CURR01447,1Z5A9ETENF6XQG0JD3,LOC068,LOC015,LOC069,RT-LOC068-LOC069-LOC015,IN_TRANSIT,High,Standard,14.3,2026-06-29T21:35:20.472304,2026-06-29T23:46:20.472304,3.21,MEDIUM,0.525,131,2026-07-01T00:00:00
CURR01448,1Z9X10IXJ3K22X3III,LOC053,LOC075,LOC002,RT-LOC053-LOC052-LOC007,DELAYED,Normal,Express,64.88,2026-07-01T20:38:02.212653,2026-07-02T00:36:02.212653,4.76,MEDIUM,0.733,238,2026-07-01T00:00:00
CURR01449,1Z0QEGYUFPBNSB360R,LOC016,LOC056,LOC004,RT-LOC016-LOC030-LOC012,PROCESSING,Low,Standard,37.71,2026-07-01T05:55:01.535794,2026-07-01T08:12:01.535794,4.07,MEDIUM,0.591,137,2026-07-01T00:00:00
CURR01450,1Z019NI8U8VHLJWZQ0,LOC027,LOC061,LOC027,RT-LOC027-LOC063-LOC061,IN_TRANSIT,Normal,Priority,14.38,2026-06-29T07:28:42.751796,2026-06-29T08:33:42.751796,3.83,MEDIUM,0.534,65,2026-07-01T00:00:00
CURR01451,1ZH5LYKYG9CPC3XYKX,LOC007,LOC048,LOC005,RT-LOC007-LOC006-LOC059,IN_TRANSIT,Normal,Standard,72.78,2026-06-30T17:06:58.089439,2026-06-30T17:48:58.089439,3.36,MEDIUM,0.464,42,2026-07-01T00:00:00
CURR01452,1ZTTDRIHW5D296RVE6,LOC060,LOC032,LOC066,RT-LOC060-LOC013-LOC062,IN_TRANSIT,Critical,Fragile,9.22,2026-06-30T09:34:22.782101,2026-06-30T10:50:22.782101,4.11,MEDIUM,0.45,76,2026-07-01T00:00:00
CURR01453,1ZD15JYTD7MZNV6CNC,LOC032,LOC009,LOC021,RT-LOC032-LOC065-LOC067,IN_TRANSIT,High,Standard,3.04,2026-06-30T20:09:57.777747,2026-06-30T21:32:57.777747,3.5,MEDIUM,0.513,83,2026-07-01T00:00:00
CURR01454,1ZLRN24ED3F5AMAA9A,LOC044,LOC038,LOC045,RT-LOC044-LOC074-LOC045,IN_TRANSIT,Critical,International,46.69,2026-06-30T13:29:35.693824,2026-06-30T13:46:35.693824,3.65,MEDIUM,0.489,17,2026-07-01T00:00:00
CURR01455,1ZALTAMMIPE7MACV13,LOC058,LOC056,LOC056,RT-LOC058-LOC055-LOC056,DELAYED,Normal,Standard,6.53,2026-06-30T15:52:36.841174,2026-06-30T17:03:36.841174,3.16,MEDIUM,0.417,71,2026-07-01T00:00:00
CURR01456,1ZC15314DUEOW19HZ3,LOC040,LOC044,LOC047,RT-LOC040-LOC039-LOC047,OUT_FOR_DELIVERY,High,Priority,63.02,2026-07-01T07:02:49.347913,2026-07-01T08:05:49.347913,4.02,MEDIUM,0.536,63,2026-07-01T00:00:00
CURR01457,1ZDTCIDQJWL694GXN6,LOC059,LOC056,LOC009,RT-LOC059-LOC006-LOC003,IN_TRANSIT,Normal,Express,77.83,2026-07-01T05:21:55.886170,2026-07-01T05:42:55.886170,3.17,MEDIUM,0.374,21,2026-07-01T00:00:00
CURR01458,1ZZIAPI088DBTHC8TQ,LOC067,LOC052,LOC018,RT-LOC067-LOC012-LOC018,DELAYED,Normal,Standard,46.68,2026-06-30T17:23:06.649012,2026-06-30T19:05:06.649012,3.5,MEDIUM,0.513,102,2026-07-01T00:00:00
CURR01459,1ZG1YU1N6ETDD90BRO,LOC061,LOC010,LOC018,RT-LOC061-LOC018-LOC019,PROCESSING,Normal,Standard,20.43,2026-06-30T12:22:27.091380,2026-06-30T13:11:27.091380,2.64,LOW,0.319,49,2026-07-01T00:00:00
CURR01460,1ZUTRJBDSPT2VV3GY2,LOC023,LOC035,LOC032,RT-LOC023-LOC019-LOC013,IN_TRANSIT,High,Express,73.98,2026-07-01T01:32:22.071528,2026-07-01T03:12:22.071528,3.2,MEDIUM,0.389,100,2026-07-01T00:00:00
CURR01461,1ZFDAEE3JODI84NZ66,LOC032,LOC003,LOC018,RT-LOC032-LOC065-LOC067,OUT_FOR_DELIVERY,High,Standard,80.1,2026-06-29T15:20:09.455875,2026-06-29T17:13:09.455875,3.11,MEDIUM,0.517,113,2026-07-01T00:00:00
CURR01462,1Z2T26H8R3QTG6SHYH,LOC057,LOC006,LOC020,RT-LOC057-LOC055-LOC008,PROCESSING,Critical,Standard,129.07,2026-06-29T18:01:24.173103,2026-06-29T20:01:24.173103,3.39,MEDIUM,0.575,120,2026-07-01T00:00:00
CURR01463,1Z278KG1PZWI8DTFFU,LOC052,LOC061,LOC006,RT-LOC052-LOC007-LOC006,DELAYED,Low,Fragile,8.38,2026-06-29T13:16:30.929108,2026-06-29T14:18:30.929108,3.0,LOW,0.349,62,2026-07-01T00:00:00
CURR01464,1ZK0WKXEYIVB7D2LQ3,LOC070,LOC029,LOC002,RT-LOC070-LOC016-LOC030,PROCESSING,Normal,Express,78.82,2026-06-30T18:10:42.245905,2026-06-30T21:26:42.245905,4.87,MEDIUM,0.612,196,2026-07-01T00:00:00
CURR01465,1Z644NXUW2WZB932WD,LOC064,LOC070,LOC067,RT-LOC064-LOC067-LOC068,IN_TRANSIT,Low,Express,68.19,2026-06-29T21:05:50.783288,2026-06-29T23:08:50.783288,4.16,MEDIUM,0.565,123,2026-07-01T00:00:00
CURR01466,1ZWLPX5O9VJEYZO2TS,LOC001,LOC033,LOC016,RT-LOC001-LOC051-LOC028,DELAYED,Low,International,50.91,2026-06-30T07:37:15.207615,2026-06-30T10:59:15.207615,4.54,MEDIUM,0.628,202,2026-07-01T00:00:00
CURR01467,1ZKEP5NBLUT4GH1Z43,LOC014,LOC073,LOC015,RT-LOC014-LOC031-LOC069,DELAYED,Low,Fragile,8.65,2026-07-01T19:45:59.860906,2026-07-01T22:03:59.860906,4.97,MEDIUM,0.703,138,2026-07-01T00:00:00
CURR01468,1Z7HKVB39FGIDE4N3I,LOC010,LOC074,LOC002,RT-LOC010-LOC020-LOC021,IN_TRANSIT,Normal,Standard,21.69,2026-07-01T14:05:36.539004,2026-07-01T15:57:36.539004,3.4,MEDIUM,0.515,112,2026-07-01T00:00:00
CURR01469,1ZX65O62SRPXEPTIMJ,LOC014,LOC025,LOC062,RT-LOC014-LOC032-LOC065,IN_TRANSIT,Low,Fragile,22.45,2026-06-30T22:08:04.443886,2026-06-30T23:44:04.443886,5.12,HIGH,0.621,96,2026-07-01T00:00:00
CURR01470,1ZTRW9IK2D05PZJR2Z,LOC071,LOC009,LOC051,RT-LOC071-LOC050-LOC051,IN_TRANSIT,Normal,Priority,217.17,2026-07-01T11:06:34.209879,2026-07-01T12:42:34.209879,4.63,MEDIUM,0.692,96,2026-07-01T00:00:00
CURR01471,1ZB7D4VWO8UND1HQ7B,LOC065,LOC003,LOC018,RT-LOC065-LOC067-LOC012,OUT_FOR_DELIVERY,Normal,Fragile,46.46,2026-06-29T09:52:46.604519,2026-06-29T12:59:46.604519,4.47,MEDIUM,0.637,187,2026-07-01T00:00:00
CURR01472,1ZRVNZXU0DDJ4GVNDV,LOC029,LOC031,LOC050,RT-LOC029-LOC051-LOC028,DELAYED,Low,International,5.0,2026-06-30T17:02:35.612226,2026-06-30T19:08:35.612226,3.65,MEDIUM,0.453,126,2026-07-01T00:00:00
CURR01473,1ZSULUHDNYTL6XTUOP,LOC026,LOC009,LOC061,RT-LOC026-LOC027-LOC063,IN_TRANSIT,Critical,Standard,97.21,2026-06-30T09:14:47.366737,2026-06-30T10:52:47.366737,4.47,MEDIUM,0.566,98,2026-07-01T00:00:00
CURR01474,1ZUPYA1A05NH902TRE,LOC039,LOC012,LOC016,RT-LOC039-LOC040-LOC038,IN_TRANSIT,High,Standard,8.66,2026-06-30T09:33:59.741232,2026-06-30T11:41:59.741232,4.39,MEDIUM,0.553,128,2026-07-01T00:00:00
CURR01475,1ZAA2K6WQ1LFVX6RH7,LOC056,LOC025,LOC019,RT-LOC056-LOC054-LOC009,IN_TRANSIT,Normal,Express,6.76,2026-06-30T11:18:42.922470,2026-06-30T11:46:42.922470,3.07,MEDIUM,0.373,28,2026-07-01T00:00:00
CURR01476,1ZFUQNYTJENPWDMYC1,LOC054,LOC013,LOC023,RT-LOC054-LOC009-LOC010,OUT_FOR_DELIVERY,Normal,Standard,83.27,2026-07-01T02:24:41.310482,2026-07-01T03:28:41.310482,4.02,MEDIUM,0.523,64,2026-07-01T00:00:00
CURR01477,1Z230S19TT0S38BL4Y,LOC056,LOC005,LOC021,RT-LOC056-LOC054-LOC009,IN_TRANSIT,High,Express,118.45,2026-06-29T14:01:24.258893,2026-06-29T14:31:24.258893,3.56,MEDIUM,0.453,30,2026-07-01T00:00:00
CURR01478,1Z6QA9PJ02NFBTGI0U,LOC075,LOC008,LOC016,RT-LOC075-LOC044-LOC074,DELAYED,Normal,Express,33.92,2026-07-01T03:45:47.740080,2026-07-01T06:01:47.740080,4.0,MEDIUM,0.533,136,2026-07-01T00:00:00
CURR01479,1ZIUFRA7PL0LSRRT2Z,LOC017,LOC067,LOC016,RT-LOC017-LOC002-LOC029,IN_TRANSIT,Normal,Express,87.7,2026-06-29T23:46:46.350620,2026-06-30T00:21:46.350620,3.65,MEDIUM,0.471,35,2026-07-01T00:00:00
CURR01480,1ZIH9A3W3C83AXNVFA,LOC045,LOC057,LOC019,RT-LOC045-LOC015-LOC069,PROCESSING,Normal,Fragile,5.75,2026-07-01T01:30:36.973731,2026-07-01T02:09:36.973731,3.21,MEDIUM,0.378,39,2026-07-01T00:00:00
CURR01481,1ZO2FCQNCSNXHF6Q2R,LOC074,LOC039,LOC038,RT-LOC074-LOC045-LOC038,OUT_FOR_DELIVERY,Normal,Standard,20.7,2026-06-30T06:06:28.683846,2026-06-30T09:02:28.683846,4.74,MEDIUM,0.695,176,2026-07-01T00:00:00
CURR01482,1ZE5S405MEDWEDWDY6,LOC011,LOC038,LOC019,RT-LOC011-LOC056-LOC054,DELAYED,High,Express,33.12,2026-07-01T02:29:05.533048,2026-07-01T04:44:05.533048,3.8,MEDIUM,0.525,135,2026-07-01T00:00:00
CURR01483,1ZTUQDE6XHLUDNWYV4,LOC055,LOC065,LOC010,RT-LOC055-LOC008-LOC009,PROCESSING,Normal,Fragile,53.43,2026-07-01T07:50:01.725553,2026-07-01T09:20:01.725553,3.92,MEDIUM,0.453,90,2026-07-01T00:00:00
CURR01484,1Z66E197SHVCP43PTD,LOC020,LOC048,LOC065,RT-LOC020-LOC023-LOC019,OUT_FOR_DELIVERY,High,Standard,173.07,2026-07-01T12:31:42.378624,2026-07-01T13:33:42.378624,2.79,LOW,0.328,62,2026-07-01T00:00:00
CURR01485,1ZEK4EBX3BICWHYC4Z,LOC016,LOC050,LOC049,RT-LOC016-LOC049-LOC050,DELAYED,Low,Express,14.58,2026-06-30T17:28:27.751873,2026-06-30T20:15:27.751873,3.99,MEDIUM,0.643,167,2026-07-01T00:00:00
CURR01486,1Z64VRBG30W2N5X4O6,LOC043,LOC013,LOC069,RT-LOC043-LOC074-LOC045,IN_TRANSIT,High,Standard,5.01,2026-06-30T10:17:10.993229,2026-06-30T11:15:10.993229,3.21,MEDIUM,0.408,58,2026-07-01T00:00:00
CURR01487,1ZSJTLIVDRSFDDWUAZ,LOC057,LOC074,LOC051,RT-LOC057-LOC055-LOC008,DELAYED,High,Standard,358.27,2026-06-30T16:35:54.155829,2026-06-30T17:47:54.155829,3.89,MEDIUM,0.462,72,2026-07-01T00:00:00
CURR01488,1Z6G2BR5G35Q4DZVK0,LOC039,LOC008,LOC016,RT-LOC039-LOC040-LOC038,IN_TRANSIT,Normal,Standard,104.36,2026-07-01T23:38:35.784411,2026-07-02T00:07:35.784411,3.6,MEDIUM,0.491,29,2026-07-01T00:00:00
CURR01489,1ZI61WHNBB3ZCMSV9D,LOC049,LOC041,LOC047,RT-LOC049-LOC070-LOC069,OUT_FOR_DELIVERY,Normal,Standard,88.23,2026-06-30T13:31:41.950444,2026-06-30T14:03:41.950444,2.61,LOW,0.28,32,2026-07-01T00:00:00
CURR01490,1ZOMPYL8V0OZW4I0J8,LOC047,LOC026,LOC018,RT-LOC047-LOC038-LOC045,OUT_FOR_DELIVERY,Low,Standard,161.4,2026-07-01T02:16:29.547000,2026-07-01T03:23:29.547000,3.65,MEDIUM,0.441,67,2026-07-01T00:00:00
CURR01491,1ZZJ5N8O1512ZU27MO,LOC026,LOC013,LOC027,RT-LOC026-LOC027-LOC063,IN_TRANSIT,High,Standard,126.71,2026-06-29T18:16:08.185597,2026-06-29T19:59:08.185597,3.94,MEDIUM,0.463,103,2026-07-01T00:00:00
CURR01492,1Z8MO391JGSOMWBXYZ,LOC022,LOC069,LOC059,RT-LOC022-LOC021-LOC004,IN_TRANSIT,Low,Temperature Sensitive,5.7,2026-06-30T10:40:13.271248,2026-06-30T10:45:13.271248,2.24,LOW,0.177,5,2026-07-01T00:00:00
CURR01493,1ZYA18CY3QJXN6Y3IH,LOC063,LOC042,LOC032,RT-LOC063-LOC066-LOC065,IN_TRANSIT,Normal,Express,63.4,2026-06-30T09:31:10.236348,2026-06-30T11:16:10.236348,3.89,MEDIUM,0.48,105,2026-07-01T00:00:00
CURR01494,1Z23HNGP64TSXI5WR6,LOC048,LOC037,LOC048,RT-LOC048-LOC037,IN_TRANSIT,Normal,Standard,10.47,2026-06-30T20:50:37.573965,2026-06-30T21:05:37.573965,3.17,MEDIUM,0.406,15,2026-07-01T00:00:00
CURR01495,1Z5OZXUI099KMIN157,LOC013,LOC039,LOC033,RT-LOC013-LOC062-LOC066,PROCESSING,Low,Express,60.84,2026-06-30T07:20:28.258904,2026-06-30T08:10:28.258904,2.15,LOW,0.292,50,2026-07-01T00:00:00
CURR01496,1ZRHPNKMK4GJAMNYG5,LOC067,LOC060,LOC061,RT-LOC067-LOC012-LOC018,IN_TRANSIT,Low,Express,65.06,2026-06-30T13:58:55.666461,2026-06-30T14:53:55.666461,3.48,MEDIUM,0.483,55,2026-07-01T00:00:00
CURR01497,1ZOAOCN4I7HOJT31PK,LOC059,LOC053,LOC006,RT-LOC059-LOC006-LOC003,OUT_FOR_DELIVERY,Normal,Standard,63.03,2026-06-29T12:55:53.432904,2026-06-29T14:55:53.432904,3.89,MEDIUM,0.54,120,2026-07-01T00:00:00
CURR01498,1ZD0LY4C4MXK1CKYTL,LOC020,LOC007,LOC007,RT-LOC020-LOC021-LOC004,OUT_FOR_DELIVERY,Normal,Priority,182.32,2026-06-29T18:38:45.826215,2026-06-29T19:30:45.826215,2.75,LOW,0.311,52,2026-07-01T00:00:00
CURR01499,1Z3E554YB0055ZV1J1,LOC046,LOC064,LOC015,RT-LOC046-LOC047-LOC038,DELAYED,Normal,Standard,47.02,2026-07-01T11:48:37.017770,2026-07-01T12:05:37.017770,2.15,LOW,0.241,17,2026-07-01T00:00:00
CURR01500,1Z01L2FXIY41NK4VW4,LOC039,LOC031,LOC015,RT-LOC039-LOC040-LOC038,OUT_FOR_DELIVERY,High,Priority,41.23,2026-07-01T07:56:33.929347,2026-07-01T09:37:33.929347,3.23,MEDIUM,0.435,101,2026-07-01T00:00:00
CURR01501,1ZE9WH0R3RJRXCTAWS,LOC048,LOC029,LOC016,RT-LOC048-LOC036-LOC015,IN_TRANSIT,Normal,Standard,34.71,2026-06-30T19:09:34.596987,2026-06-30T22:17:34.596987,5.16,HIGH,0.665,188,2026-07-01T00:00:00
CURR01502,1ZT67A82DFJWPZUMCF,LOC064,LOC073,LOC036,RT-LOC064-LOC065-LOC032,DELAYED,Normal,Fragile,26.61,2026-07-01T17:47:10.181737,2026-07-01T19:43:10.181737,4.26,MEDIUM,0.524,116,2026-07-01T00:00:00
CURR01503,1ZNCWY9HIAUKQ42C3A,LOC071,LOC006,LOC002,RT-LOC071-LOC050-LOC016,IN_TRANSIT,High,Express,25.22,2026-06-30T09:07:38.312292,2026-06-30T10:42:38.312292,4.95,MEDIUM,0.637,95,2026-07-01T00:00:00
CURR01504,1ZA9ODBDHNGIZYU0LU,LOC036,LOC023,LOC030,RT-LOC036-LOC015-LOC069,IN_TRANSIT,Normal,Express,54.98,2026-07-01T06:38:04.877016,2026-07-01T07:40:04.877016,3.83,MEDIUM,0.439,62,2026-07-01T00:00:00
CURR01505,1ZQXKTPZ9MAUNZZF5B,LOC008,LOC043,LOC066,RT-LOC008-LOC009-LOC010,IN_TRANSIT,Normal,Standard,28.74,2026-07-01T04:18:48.441063,2026-07-01T06:29:48.441063,4.34,MEDIUM,0.645,131,2026-07-01T00:00:00
CURR01506,1Z06J9SF1ZT01R1A85,LOC075,LOC017,LOC069,RT-LOC075-LOC044-LOC074,PROCESSING,Critical,Standard,156.32,2026-07-01T08:03:17.498034,2026-07-01T11:00:17.498034,3.71,MEDIUM,0.546,177,2026-07-01T00:00:00
CURR01507,1ZLUMCKFRJS8ULXAPU,LOC054,LOC067,LOC020,RT-LOC054-LOC009-LOC010,PROCESSING,Normal,Standard,33.24,2026-06-30T01:00:07.735773,2026-06-30T02:09:07.735773,2.81,LOW,0.322,69,2026-07-01T00:00:00
CURR01508,1ZW462JXODOFZ6ZM3F,LOC074,LOC023,LOC016,RT-LOC074-LOC045-LOC015,IN_TRANSIT,Normal,Standard,119.04,2026-06-30T05:44:32.798181,2026-06-30T07:11:32.798181,4.02,MEDIUM,0.514,87,2026-07-01T00:00:00
CURR01509,1Z9OIZP4MIM0J6LQQZ,LOC014,LOC007,LOC012,RT-LOC014-LOC032-LOC065,IN_TRANSIT,High,Standard,9.84,2026-06-30T00:47:46.708772,2026-06-30T02:03:46.708772,4.18,MEDIUM,0.601,76,2026-07-01T00:00:00
CURR01510,1Z873L823RJSM2VMXP,LOC010,LOC059,LOC004,RT-LOC010-LOC020-LOC021,DELAYED,Normal,Temperature Sensitive,5.8,2026-06-30T16:55:17.658460,2026-06-30T17:52:17.658460,3.5,MEDIUM,0.417,57,2026-07-01T00:00:00
CURR01511,1ZG3O63IN3NOENGWD8,LOC062,LOC052,LOC006,RT-LOC062-LOC061-LOC060,DELAYED,Normal,Express,104.72,2026-06-30T19:06:07.294637,2026-06-30T21:40:07.294637,4.02,MEDIUM,0.517,154,2026-07-01T00:00:00
CURR01512,1Z5CXHCVCWC5YKXEOM,LOC046,LOC044,LOC044,RT-LOC046-LOC043-LOC044,PROCESSING,Low,Fragile,62.09,2026-06-30T16:28:36.199913,2026-06-30T18:55:36.199913,3.01,MEDIUM,0.502,147,2026-07-01T00:00:00
CURR01513,1ZNKBC0IZ7YZX0DAWT,LOC065,LOC017,LOC059,RT-LOC065-LOC067-LOC012,OUT_FOR_DELIVERY,Normal,Fragile,1.61,2026-06-29T23:37:13.827062,2026-06-30T00:20:13.827062,3.35,MEDIUM,0.422,43,2026-07-01T00:00:00
CURR01514,1ZA142U8C03WMLSFBG,LOC024,LOC028,LOC060,RT-LOC024-LOC013-LOC060,IN_TRANSIT,High,International,192.99,2026-06-29T12:26:40.446116,2026-06-29T14:29:40.446116,3.88,MEDIUM,0.548,123,2026-07-01T00:00:00
CURR01515,1ZG47V337O4JYD6KG1,LOC039,LOC003,LOC030,RT-LOC039-LOC040-LOC038,IN_TRANSIT,High,Standard,77.6,2026-06-30T01:59:44.285342,2026-06-30T04:38:44.285342,4.07,MEDIUM,0.541,159,2026-07-01T00:00:00
CURR01516,1ZGD64JTK34QSFV67Y,LOC068,LOC017,LOC030,RT-LOC068-LOC016-LOC030,IN_TRANSIT,High,International,15.59,2026-06-30T10:12:49.522661,2026-06-30T11:31:49.522661,3.75,MEDIUM,0.486,79,2026-07-01T00:00:00
CURR01517,1ZGXW5OFJYYFQQR60R,LOC016,LOC044,LOC074,RT-LOC016-LOC069-LOC015,DELAYED,Normal,Priority,83.33,2026-06-30T08:09:22.233510,2026-06-30T08:42:22.233510,3.52,MEDIUM,0.377,33,2026-07-01T00:00:00
CURR01518,1ZH1GNP3KPTGYTCWLO,LOC008,LOC006,LOC021,RT-LOC008-LOC009-LOC010,PROCESSING,High,Express,57.72,2026-06-29T08:16:45.592724,2026-06-29T10:39:45.592724,4.64,MEDIUM,0.586,143,2026-07-01T00:00:00
CURR01519,1Z3EEPF95MBA0RM02Z,LOC070,LOC043,LOC074,RT-LOC070-LOC069-LOC015,IN_TRANSIT,High,Temperature Sensitive,4.46,2026-07-01T04:55:04.201573,2026-07-01T06:13:04.201573,4.11,MEDIUM,0.533,78,2026-07-01T00:00:00
CURR01520,1ZNMX3K7DJSA10XKWD,LOC042,LOC036,LOC038,RT-LOC042-LOC047-LOC038,IN_TRANSIT,Normal,International,54.56,2026-06-29T17:52:25.081780,2026-06-29T19:12:25.081780,5.39,HIGH,0.713,80,2026-07-01T00:00:00
CURR01521,1Z3TQE7G55ZBJKNEYR,LOC025,LOC027,LOC027,RT-LOC025-LOC027,PROCESSING,Normal,International,327.46,2026-06-30T08:13:58.428403,2026-06-30T10:36:58.428403,3.25,MEDIUM,0.563,143,2026-07-01T00:00:00
CURR01522,1Z8WZC9T1HC7VUTNCR,LOC005,LOC018,LOC018,RT-LOC005-LOC018,IN_TRANSIT,Normal,Priority,92.25,2026-06-29T03:37:53.534986,2026-06-29T05:26:53.534986,2.95,LOW,0.38,109,2026-07-01T00:00:00
CURR01523,1ZPLIVCFVCEBQKOT15,LOC050,LOC011,LOC007,RT-LOC050-LOC051-LOC029,PROCESSING,Normal,Standard,79.19,2026-06-30T03:09:21.773879,2026-06-30T04:52:21.773879,4.24,MEDIUM,0.564,103,2026-07-01T00:00:00
CURR01524,1ZHOMNBHACF4ELH6GI,LOC004,LOC040,LOC005,RT-LOC004-LOC007-LOC006,OUT_FOR_DELIVERY,Normal,International,3.46,2026-07-01T23:24:30.555285,2026-07-02T01:05:30.555285,3.49,MEDIUM,0.447,101,2026-07-01T00:00:00
CURR01525,1ZKC04KOZJREO085FA,LOC060,LOC051,LOC005,RT-LOC060-LOC059-LOC005,IN_TRANSIT,High,International,36.24,2026-06-30T18:53:24.538302,2026-06-30T20:03:24.538302,2.97,LOW,0.37,70,2026-07-01T00:00:00
CURR01526,1Z252COF87CW3SSIAR,LOC048,LOC034,LOC037,RT-LOC048-LOC037-LOC035,IN_TRANSIT,Critical,Standard,24.27,2026-07-01T01:28:06.284897,2026-07-01T03:55:06.284897,4.78,MEDIUM,0.842,147,2026-07-01T00:00:00
CURR01527,1Z3YZN9KRQWHR0KV6I,LOC030,LOC037,LOC032,RT-LOC030-LOC067-LOC065,DELAYED,Normal,Priority,29.97,2026-07-01T05:59:47.557687,2026-07-01T06:53:47.557687,3.61,MEDIUM,0.466,54,2026-07-01T00:00:00
CURR01528,1Z6M2JLKF52SFJDJIM,LOC013,LOC039,LOC065,RT-LOC013-LOC062-LOC066,OUT_FOR_DELIVERY,Normal,Fragile,22.39,2026-07-01T07:39:47.384750,2026-07-01T08:30:47.384750,2.59,LOW,0.314,51,2026-07-01T00:00:00
CURR01529,1Z3OC956XRBVGJUAJR,LOC073,LOC037,LOC038,RT-LOC073-LOC045-LOC038,OUT_FOR_DELIVERY,Low,Priority,36.58,2026-06-30T18:56:36.895004,2026-06-30T20:20:36.895004,3.0,LOW,0.426,84,2026-07-01T00:00:00
CURR01530,1ZWKU87TZ2WHPS8JIB,LOC070,LOC008,LOC019,RT-LOC070-LOC016-LOC030,IN_TRANSIT,Low,Temperature Sensitive,81.98,2026-06-29T17:10:01.786938,2026-06-29T18:24:01.786938,3.46,MEDIUM,0.445,74,2026-07-01T00:00:00
CURR01531,1ZHY107U1IUY5IC2RD,LOC043,LOC033,LOC045,RT-LOC043-LOC074-LOC045,DELAYED,High,International,129.12,2026-07-01T16:48:45.294823,2026-07-01T17:48:45.294823,3.58,MEDIUM,0.472,60,2026-07-01T00:00:00
CURR01532,1ZVTJRURPFMRGNB5IM,LOC038,LOC066,LOC016,RT-LOC038-LOC045-LOC015,IN_TRANSIT,High,Standard,29.85,2026-06-30T08:57:59.489889,2026-06-30T10:37:59.489889,3.2,MEDIUM,0.423,100,2026-07-01T00:00:00
CURR01533,1ZEZEFKYYK3OZR1YL0,LOC030,LOC010,LOC019,RT-LOC030-LOC012-LOC018,IN_TRANSIT,Normal,Standard,124.37,2026-07-01T03:25:04.762369,2026-07-01T06:48:04.762369,4.61,MEDIUM,0.845,203,2026-07-01T00:00:00
CURR01534,1Z6J1YP934WXUPQPFP,LOC008,LOC053,LOC054,RT-LOC008-LOC009-LOC054,OUT_FOR_DELIVERY,Normal,Standard,48.12,2026-06-30T10:41:58.538331,2026-06-30T14:01:58.538331,4.64,MEDIUM,0.654,200,2026-07-01T00:00:00
CURR01535,1ZGKB26QN4HTWOA458,LOC013,LOC001,LOC059,RT-LOC013-LOC060-LOC059,IN_TRANSIT,Low,Express,12.09,2026-06-29T22:27:03.866663,2026-06-29T22:54:03.866663,3.71,MEDIUM,0.454,27,2026-07-01T00:00:00
CURR01536,1ZQQJH7E39CBAZLVR6,LOC013,LOC075,LOC035,RT-LOC013-LOC062-LOC066,PROCESSING,Normal,Express,35.33,2026-07-01T21:40:23.302713,2026-07-02T00:38:23.302713,3.96,MEDIUM,0.61,178,2026-07-01T00:00:00
CURR01537,1ZYYZYPVOPFRX4SQ36,LOC047,LOC045,LOC038,RT-LOC047-LOC038-LOC045,IN_TRANSIT,Normal,Priority,29.99,2026-06-30T10:58:36.096043,2026-06-30T12:12:36.096043,3.72,MEDIUM,0.483,74,2026-07-01T00:00:00
CURR01538,1ZAL93D92XR22O5Z6G,LOC043,LOC047,LOC046,RT-LOC043-LOC046-LOC047,OUT_FOR_DELIVERY,Normal,International,63.06,2026-06-30T05:04:46.282514,2026-06-30T06:26:46.282514,3.31,MEDIUM,0.386,82,2026-07-01T00:00:00
CURR01539,1ZFCA2KFAUM2FJ46DV,LOC011,LOC024,LOC010,RT-LOC011-LOC056-LOC054,IN_TRANSIT,Normal,Priority,6.72,2026-07-01T08:59:17.319714,2026-07-01T10:54:17.319714,3.66,MEDIUM,0.465,115,2026-07-01T00:00:00
CURR01540,1ZE31LJNHMMP9Y2FDZ,LOC059,LOC056,LOC055,RT-LOC059-LOC006-LOC003,PROCESSING,Normal,Standard,6.2,2026-06-29T23:06:26.882766,2026-06-30T00:46:26.882766,4.32,MEDIUM,0.553,100,2026-07-01T00:00:00
CURR01541,1ZFQ7GSUO0I57K4GBJ,LOC061,LOC037,LOC033,RT-LOC061-LOC062-LOC066,PROCESSING,Low,Express,25.6,2026-06-29T22:14:50.937656,2026-06-29T22:23:50.937656,3.39,MEDIUM,0.441,9,2026-07-01T00:00:00
CURR01542,1ZTW4BSQAQCJ2XE3KS,LOC049,LOC057,LOC052,RT-LOC049-LOC050-LOC051,IN_TRANSIT,High,Standard,52.69,2026-06-30T02:11:50.905512,2026-06-30T02:52:50.905512,3.81,MEDIUM,0.517,41,2026-07-01T00:00:00
CURR01543,1ZWW832X4SB30YDIW0,LOC029,LOC018,LOC030,RT-LOC029-LOC051-LOC028,IN_TRANSIT,Normal,International,12.62,2026-06-29T09:04:44.027122,2026-06-29T11:18:44.027122,4.94,MEDIUM,0.651,134,2026-07-01T00:00:00
CURR01544,1ZPOA264ID5G99EP2V,LOC055,LOC074,LOC006,RT-LOC055-LOC008-LOC009,IN_TRANSIT,Low,Express,174.22,2026-07-01T16:20:48.617409,2026-07-01T19:22:48.617409,3.78,MEDIUM,0.561,182,2026-07-01T00:00:00
CURR01545,1Z74QWDSK9KOZ0C621,LOC075,LOC007,LOC069,RT-LOC075-LOC044-LOC074,PROCESSING,Low,Priority,9.71,2026-07-01T02:32:04.364600,2026-07-01T03:42:04.364600,3.35,MEDIUM,0.437,70,2026-07-01T00:00:00
CURR01546,1ZB6DRWG3EOAD7U694,LOC026,LOC007,LOC059,RT-LOC026-LOC027-LOC063,OUT_FOR_DELIVERY,Critical,Standard,44.04,2026-06-29T16:14:54.581898,2026-06-29T17:47:54.581898,4.48,MEDIUM,0.54,93,2026-07-01T00:00:00
CURR01547,1ZM5SKPKGHJMS60ACM,LOC001,LOC002,LOC001,RT-LOC001-LOC002,PROCESSING,Normal,Express,64.04,2026-06-29T04:06:10.988984,2026-06-29T06:07:10.988984,3.35,MEDIUM,0.468,121,2026-07-01T00:00:00
CURR01548,1ZFB4DB3YQ45WRYJEY,LOC060,LOC037,LOC066,RT-LOC060-LOC013-LOC062,OUT_FOR_DELIVERY,High,International,27.47,2026-06-29T18:14:04.472569,2026-06-29T19:21:04.472569,3.96,MEDIUM,0.475,67,2026-07-01T00:00:00
CURR01549,1ZX5VDGTCV8VVG4H8U,LOC024,LOC063,LOC027,RT-LOC024-LOC027-LOC063,DELAYED,Normal,Standard,15.07,2026-06-30T20:21:12.697547,2026-06-30T20:33:12.697547,3.91,MEDIUM,0.521,12,2026-07-01T00:00:00
CURR01550,1ZCRD03S4ZR867KFCR,LOC044,LOC003,LOC030,RT-LOC044-LOC074-LOC045,OUT_FOR_DELIVERY,Critical,Standard,3.53,2026-07-01T14:19:14.270074,2026-07-01T15:32:14.270074,4.31,MEDIUM,0.614,73,2026-07-01T00:00:00
CURR01551,1ZI4PZZMA0AMEL2HS3,LOC062,LOC020,LOC021,RT-LOC062-LOC018-LOC019,IN_TRANSIT,Low,Standard,86.35,2026-06-29T13:38:32.247352,2026-06-29T14:09:32.247352,2.76,LOW,0.321,31,2026-07-01T00:00:00
CURR01552,1ZQD0K9Y8M11O2L7MX,LOC049,LOC004,LOC051,RT-LOC049-LOC050-LOC051,IN_TRANSIT,Normal,Standard,42.52,2026-06-29T23:01:46.344237,2026-06-30T02:00:46.344237,3.44,MEDIUM,0.659,179,2026-07-01T00:00:00
CURR01553,1ZZMFF5ZCNJRGK6UHY,LOC039,LOC047,LOC047,RT-LOC039-LOC047,IN_TRANSIT,Normal,International,12.9,2026-06-29T03:44:25.957346,2026-06-29T05:22:25.957346,3.97,MEDIUM,0.57,98,2026-07-01T00:00:00
CURR01554,1ZAU1QBLMVE1HELMMN,LOC013,LOC011,LOC021,RT-LOC013-LOC019-LOC022,DELAYED,High,Express,66.35,2026-06-30T17:37:45.321877,2026-06-30T18:09:45.321877,3.79,MEDIUM,0.474,32,2026-07-01T00:00:00
CURR01555,1ZMLE0ZIFZ5EIYI03M,LOC065,LOC017,LOC059,RT-LOC065-LOC067-LOC012,OUT_FOR_DELIVERY,Normal,Express,122.01,2026-06-29T10:21:26.091450,2026-06-29T13:47:26.091450,4.78,MEDIUM,0.688,206,2026-07-01T00:00:00
CURR01556,1Z15QMPLP6DI27Z6GX,LOC005,LOC061,LOC018,RT-LOC005-LOC018-LOC061,IN_TRANSIT,Normal,Standard,39.56,2026-06-29T04:54:05.949793,2026-06-29T07:22:05.949793,3.95,MEDIUM,0.611,148,2026-07-01T00:00:00
CURR01557,1ZLQ1I72R4WR7PSG37,LOC004,LOC030,LOC028,RT-LOC004-LOC007-LOC006,IN_TRANSIT,Low,International,56.1,2026-06-30T07:02:28.824822,2026-06-30T07:58:28.824822,3.57,MEDIUM,0.481,56,2026-07-01T00:00:00
CURR01558,1ZBAWH38UH8K64T21F,LOC052,LOC064,LOC059,RT-LOC052-LOC007-LOC006,PROCESSING,Normal,Standard,9.78,2026-06-30T22:07:37.134883,2026-06-30T23:07:37.134883,3.27,MEDIUM,0.372,60,2026-07-01T00:00:00
CURR01559,1ZJROC52E4SCNYUYFF,LOC047,LOC012,LOC030,RT-LOC047-LOC038-LOC045,PROCESSING,Normal,Express,40.96,2026-06-30T01:28:25.652968,2026-06-30T02:18:25.652968,3.35,MEDIUM,0.473,50,2026-07-01T00:00:00
CURR01560,1ZPANKN5D8FS35Y9UG,LOC073,LOC012,LOC015,RT-LOC073-LOC045-LOC015,IN_TRANSIT,Normal,Standard,51.22,2026-07-01T08:06:42.428708,2026-07-01T09:16:42.428708,3.15,MEDIUM,0.378,70,2026-07-01T00:00:00
CURR01561,1ZD78MX8W0U7B81I7D,LOC010,LOC001,LOC006,RT-LOC010-LOC020-LOC021,IN_TRANSIT,Normal,Express,135.5,2026-06-29T12:23:05.514166,2026-06-29T13:07:05.514166,2.97,LOW,0.345,44,2026-07-01T00:00:00
CURR01562,1ZVGW3R8KPV195F5IN,LOC023,LOC046,LOC032,RT-LOC023-LOC019-LOC013,IN_TRANSIT,Normal,Standard,5.97,2026-07-01T09:10:58.918927,2026-07-01T09:59:58.918927,3.5,MEDIUM,0.418,49,2026-07-01T00:00:00
CURR01563,1ZCI1XOTTVLJ4JLXZX,LOC002,LOC022,LOC018,RT-LOC002-LOC005-LOC018,PROCESSING,Normal,Fragile,67.53,2026-06-30T05:35:34.121957,2026-06-30T07:45:34.121957,4.9,MEDIUM,0.616,130,2026-07-01T00:00:00
CURR01564,1ZCD2BZ0SADZMJEIVA,LOC020,LOC050,LOC006,RT-LOC020-LOC021-LOC004,IN_TRANSIT,High,Standard,27.68,2026-06-29T18:29:36.798395,2026-06-29T19:00:36.798395,2.98,LOW,0.316,31,2026-07-01T00:00:00
CURR01565,1ZUPBH2SQSI3ULGMHR,LOC061,LOC053,LOC007,RT-LOC061-LOC060-LOC059,IN_TRANSIT,High,Temperature Sensitive,58.63,2026-07-01T06:23:37.655988,2026-07-01T07:24:37.655988,2.38,LOW,0.321,61,2026-07-01T00:00:00
CURR01566,1Z3OXUTYJPXVO7PVGT,LOC061,LOC031,LOC005,RT-LOC061-LOC060-LOC059,DELAYED,High,International,191.35,2026-07-01T01:53:57.621469,2026-07-01T02:42:57.621469,3.78,MEDIUM,0.493,49,2026-07-01T00:00:00
CURR01567,1Z5Y4VVNIXL4S16K59,LOC001,LOC043,LOC050,RT-LOC001-LOC051-LOC028,DELAYED,Low,International,13.86,2026-07-01T04:52:50.874692,2026-07-01T06:04:50.874692,2.83,LOW,0.339,72,2026-07-01T00:00:00
CURR01568,1ZYMYF8D1NE2C792DE,LOC032,LOC040,LOC035,RT-LOC032-LOC033-LOC035,PROCESSING,Normal,International,2.08,2026-06-29T16:45:49.460364,2026-06-29T18:42:49.460364,3.66,MEDIUM,0.557,117,2026-07-01T00:00:00
CURR01569,1ZUHWDBM6F327CAZEM,LOC030,LOC006,LOC002,RT-LOC030-LOC002-LOC006,IN_TRANSIT,Critical,Express,25.03,2026-06-30T20:05:42.079431,2026-06-30T20:19:42.079431,3.52,MEDIUM,0.491,14,2026-07-01T00:00:00
CURR01570,1ZWIFLM9SU6SJOJJQY,LOC019,LOC070,LOC002,RT-LOC019-LOC060-LOC059,IN_TRANSIT,Normal,Standard,107.61,2026-07-01T00:19:51.907159,2026-07-01T02:31:51.907159,4.77,MEDIUM,0.628,132,2026-07-01T00:00:00
CURR01571,1ZEA0W011VIOO2HJFP,LOC030,LOC033,LOC032,RT-LOC030-LOC067-LOC065,IN_TRANSIT,High,Temperature Sensitive,6.9,2026-06-29T09:53:59.180833,2026-06-29T11:39:59.180833,3.98,MEDIUM,0.514,106,2026-07-01T00:00:00
CURR01572,1ZD4H2RGOVM9AOCE84,LOC007,LOC058,LOC052,RT-LOC007-LOC052-LOC009,IN_TRANSIT,Low,Express,111.49,2026-06-30T14:47:52.166847,2026-06-30T17:08:52.166847,4.73,MEDIUM,0.696,141,2026-07-01T00:00:00
CURR01573,1ZQYS2JV58GKMJ0GS7,LOC063,LOC014,LOC065,RT-LOC063-LOC066-LOC065,OUT_FOR_DELIVERY,Normal,International,3.97,2026-06-30T15:31:49.836964,2026-06-30T17:31:49.836964,3.73,MEDIUM,0.501,120,2026-07-01T00:00:00
CURR01574,1ZFWTHZO1TI43LJBZ2,LOC043,LOC005,LOC030,RT-LOC043-LOC074-LOC045,IN_TRANSIT,High,International,54.62,2026-07-01T13:38:33.233245,2026-07-01T15:29:33.233245,3.97,MEDIUM,0.47,111,2026-07-01T00:00:00
CURR01575,1ZL36271YR8BO954SZ,LOC053,LOC001,LOC059,RT-LOC053-LOC052-LOC007,IN_TRANSIT,Normal,Priority,15.99,2026-07-01T04:28:29.980351,2026-07-01T05:43:29.980351,3.58,MEDIUM,0.422,75,2026-07-01T00:00:00
CURR01576,1Z00UUFEDZ7F5KYE1A,LOC041,LOC018,LOC038,RT-LOC041-LOC042-LOC047,OUT_FOR_DELIVERY,Normal,Standard,37.56,2026-06-30T08:25:40.835928,2026-06-30T09:49:40.835928,3.18,MEDIUM,0.494,84,2026-07-01T00:00:00
CURR01577,1ZDPHT2WFZVV7BL0A9,LOC036,LOC071,LOC069,RT-LOC036-LOC015-LOC069,IN_TRANSIT,High,Express,139.59,2026-06-30T17:23:24.647319,2026-06-30T18:56:24.647319,4.72,MEDIUM,0.638,93,2026-07-01T00:00:00
CURR01578,1Z3IX4RI7L2D9C6R6O,LOC036,LOC032,LOC037,RT-LOC036-LOC048-LOC037,IN_TRANSIT,Critical,Standard,3.84,2026-06-29T18:31:59.632313,2026-06-29T20:17:59.632313,3.6,MEDIUM,0.616,106,2026-07-01T00:00:00
CURR01579,1Z8KV2HN30F18I3RWU,LOC015,LOC058,LOC012,RT-LOC015-LOC069-LOC016,IN_TRANSIT,Normal,Standard,112.34,2026-07-01T08:20:29.234455,2026-07-01T09:33:29.234455,2.83,LOW,0.288,73,2026-07-01T00:00:00
CURR01580,1ZISSGWG8ORRW1ABUC,LOC069,LOC059,LOC018,RT-LOC069-LOC016-LOC030,IN_TRANSIT,Low,Express,77.08,2026-06-29T10:46:04.298301,2026-06-29T11:53:04.298301,3.53,MEDIUM,0.422,67,2026-07-01T00:00:00
CURR01581,1ZGR19056Y0Z72VIGA,LOC074,LOC064,LOC016,RT-LOC074-LOC045-LOC015,IN_TRANSIT,Low,Standard,84.45,2026-06-30T02:12:52.574048,2026-06-30T05:10:52.574048,3.86,MEDIUM,0.546,178,2026-07-01T00:00:00
CURR01582,1ZJSPWEFIAYLKR906E,LOC040,LOC074,LOC038,RT-LOC040-LOC038-LOC045,OUT_FOR_DELIVERY,High,Temperature Sensitive,36.77,2026-07-01T03:06:13.472575,2026-07-01T03:38:13.472575,4.89,MEDIUM,0.616,32,2026-07-01T00:00:00
CURR01583,1ZOF9BYM8WNAWSY3XP,LOC015,LOC075,LOC074,RT-LOC015-LOC045-LOC074,IN_TRANSIT,Normal,Standard,60.5,2026-07-01T04:15:38.266841,2026-07-01T06:04:38.266841,3.8,MEDIUM,0.471,109,2026-07-01T00:00:00
CURR01584,1Z7YGJM457L6VMTL5W,LOC026,LOC047,LOC032,RT-LOC026-LOC027-LOC063,IN_TRANSIT,Low,Fragile,98.96,2026-06-30T00:23:50.593819,2026-06-30T01:30:50.593819,3.43,MEDIUM,0.395,67,2026-07-01T00:00:00
CURR01585,1ZLDDW688XC5HOGMUO,LOC071,LOC049,LOC071,RT-LOC071-LOC049,PROCESSING,Low,Temperature Sensitive,69.96,2026-06-30T16:18:58.305323,2026-06-30T17:02:58.305323,2.26,LOW,0.257,44,2026-07-01T00:00:00
CURR01586,1ZF770QLJ7LS1147T8,LOC053,LOC055,LOC009,RT-LOC053-LOC052-LOC009,IN_TRANSIT,Normal,Express,63.39,2026-06-30T04:13:11.638794,2026-06-30T05:46:11.638794,4.48,MEDIUM,0.64,93,2026-07-01T00:00:00
CURR01587,1ZYFXSCEZE95MDC1Z7,LOC049,LOC025,LOC026,RT-LOC049-LOC050-LOC016,OUT_FOR_DELIVERY,High,Express,35.87,2026-06-30T10:23:32.652392,2026-06-30T10:40:32.652392,2.74,LOW,0.322,17,2026-07-01T00:00:00
CURR01588,1ZUI9XCE0BB758HJ3H,LOC041,LOC011,LOC019,RT-LOC041-LOC042-LOC047,PROCESSING,Normal,Express,20.78,2026-06-30T15:58:49.579574,2026-06-30T18:10:49.579574,3.81,MEDIUM,0.579,132,2026-07-01T00:00:00
CURR01589,1ZY7ZPJN90OBP6KP5Z,LOC069,LOC011,LOC018,RT-LOC069-LOC016-LOC030,PROCESSING,Low,International,152.99,2026-07-01T08:40:50.666887,2026-07-01T09:54:50.666887,4.39,MEDIUM,0.556,74,2026-07-01T00:00:00
CURR01590,1Z61Y5DNC4MBRA4NNS,LOC015,LOC051,LOC070,RT-LOC015-LOC069-LOC070,IN_TRANSIT,Low,International,17.78,2026-07-01T02:18:27.332754,2026-07-01T03:24:27.332754,3.19,MEDIUM,0.368,66,2026-07-01T00:00:00
CURR01591,1ZQBJZA8IFQRH2DXMF,LOC068,LOC070,LOC068,RT-LOC068-LOC070,PROCESSING,Low,Standard,16.04,2026-06-29T23:34:22.596473,2026-06-30T02:38:22.596473,4.07,MEDIUM,0.571,184,2026-07-01T00:00:00
CURR01592,1Z0ZEHMMBFN8IK7GHW,LOC050,LOC057,LOC052,RT-LOC050-LOC051-LOC029,IN_TRANSIT,Normal,Standard,15.34,2026-06-29T22:46:38.493273,2026-06-29T23:55:38.493273,3.58,MEDIUM,0.426,69,2026-07-01T00:00:00
CURR01593,1ZDQNUEOT720KHSSYO,LOC024,LOC052,LOC006,RT-LOC024-LOC013-LOC060,PROCESSING,Critical,Express,23.53,2026-07-01T00:55:31.031394,2026-07-01T01:16:31.031394,3.02,MEDIUM,0.38,21,2026-07-01T00:00:00
CURR01594,1ZFDNT9O4QJ86EHFGS,LOC013,LOC015,LOC002,RT-LOC013-LOC060-LOC059,IN_TRANSIT,Normal,International,36.3,2026-06-30T18:08:32.307679,2026-06-30T20:38:32.307679,3.76,MEDIUM,0.491,150,2026-07-01T00:00:00
CURR01595,1ZDNFQVSI33IQ88BI3,LOC023,LOC062,LOC013,RT-LOC023-LOC019-LOC013,IN_TRANSIT,High,Standard,0.71,2026-07-01T01:43:42.060516,2026-07-01T03:43:42.060516,3.08,MEDIUM,0.391,120,2026-07-01T00:00:00
CURR01596,1Z6GHK61CWMBKLVK7D,LOC023,LOC068,LOC059,RT-LOC023-LOC019-LOC060,DELAYED,Low,Express,261.37,2026-06-29T13:05:37.439087,2026-06-29T15:49:37.439087,4.44,MEDIUM,0.658,164,2026-07-01T00:00:00
CURR01597,1ZC0P6JDP20PJT0GZJ,LOC053,LOC012,LOC018,RT-LOC053-LOC052-LOC007,OUT_FOR_DELIVERY,Normal,Standard,58.52,2026-06-30T22:17:31.673200,2026-06-30T23:27:31.673200,2.55,LOW,0.293,70,2026-07-01T00:00:00
CURR01598,1Z7WE3CYTRTBC7MNH3,LOC070,LOC046,LOC045,RT-LOC070-LOC069-LOC015,PROCESSING,Normal,Express,4.41,2026-06-30T19:15:01.036910,2026-06-30T20:03:01.036910,3.24,MEDIUM,0.409,48,2026-07-01T00:00:00
CURR01599,1ZAGKVK0JKDCSVI35O,LOC059,LOC023,LOC019,RT-LOC059-LOC005-LOC018,DELAYED,Normal,Temperature Sensitive,22.87,2026-06-29T06:40:50.578876,2026-06-29T07:53:50.578876,3.1,MEDIUM,0.366,73,2026-07-01T00:00:00
CURR01600,1ZBTUYT8SNZI896NV7,LOC063,LOC036,LOC033,RT-LOC063-LOC066-LOC065,IN_TRANSIT,High,Priority,100.29,2026-06-30T10:47:37.546409,2026-06-30T12:34:37.546409,4.45,MEDIUM,0.606,107,2026-07-01T00:00:00
CURR01601,1ZPQVD39GHDVDY19CC,LOC028,LOC075,LOC069,RT-LOC028-LOC050-LOC016,OUT_FOR_DELIVERY,Normal,Standard,42.93,2026-06-30T12:10:56.922712,2026-06-30T13:17:56.922712,5.16,HIGH,0.68,67,2026-07-01T00:00:00
CURR01602,1ZE70USDIJSPO83YYY,LOC028,LOC037,LOC030,RT-LOC028-LOC050-LOC016,IN_TRANSIT,Normal,Express,18.17,2026-06-30T21:12:26.399959,2026-06-30T23:37:26.399959,4.21,MEDIUM,0.615,145,2026-07-01T00:00:00
CURR01603,1ZV0BXQA8DA3T08PHX,LOC066,LOC015,LOC033,RT-LOC066-LOC065-LOC032,PROCESSING,Critical,Standard,9.7,2026-06-30T08:38:57.645740,2026-06-30T11:13:57.645740,4.35,MEDIUM,0.818,155,2026-07-01T00:00:00
CURR01604,1ZQKHYS8XY83QJ65TV,LOC007,LOC037,LOC033,RT-LOC007-LOC006-LOC059,PROCESSING,Normal,Temperature Sensitive,58.06,2026-06-30T03:13:52.792691,2026-06-30T04:58:52.792691,4.29,MEDIUM,0.541,105,2026-07-01T00:00:00
CURR01605,1ZP7EJ2Q70OLYLZ7KO,LOC060,LOC037,LOC062,RT-LOC060-LOC013-LOC062,DELAYED,Normal,International,4.2,2026-06-30T20:13:50.998572,2026-07-01T00:21:50.998572,5.58,HIGH,0.838,248,2026-07-01T00:00:00
CURR01606,1ZE073R124M41IK4OY,LOC017,LOC013,LOC013,RT-LOC017-LOC059-LOC060,IN_TRANSIT,Low,Priority,23.4,2026-06-30T03:45:22.542587,2026-06-30T05:38:22.542587,3.36,MEDIUM,0.47,113,2026-07-01T00:00:00
CURR01607,1Z9TV3I3HSOE7NDIKW,LOC012,LOC019,LOC019,RT-LOC012-LOC018-LOC019,IN_TRANSIT,Normal,Express,6.71,2026-06-29T08:07:07.949344,2026-06-29T11:36:07.949344,5.18,HIGH,0.729,209,2026-07-01T00:00:00
CURR01608,1ZFPYZJN0SILRE9I3R,LOC036,LOC011,LOC004,RT-LOC036-LOC015-LOC069,DELAYED,High,Express,6.09,2026-07-01T19:12:33.384561,2026-07-01T22:11:33.384561,4.88,MEDIUM,0.631,179,2026-07-01T00:00:00
CURR01609,1ZZ10SHXEUXP39WGBY,LOC060,LOC071,LOC005,RT-LOC060-LOC059-LOC005,PROCESSING,Critical,International,27.4,2026-06-30T12:06:34.874859,2026-06-30T13:14:34.874859,3.75,MEDIUM,0.443,68,2026-07-01T00:00:00
CURR01610,1ZQ1EE1HBONXNIOKYN,LOC057,LOC059,LOC010,RT-LOC057-LOC055-LOC008,DELAYED,Normal,International,23.11,2026-06-30T21:40:47.035194,2026-06-30T23:33:47.035194,4.23,MEDIUM,0.574,113,2026-07-01T00:00:00
CURR01611,1ZVGBYF9HVZOCEHM2T,LOC004,LOC058,LOC009,RT-LOC004-LOC009-LOC055,IN_TRANSIT,Normal,International,0.58,2026-06-30T12:32:59.657233,2026-06-30T13:22:59.657233,2.12,LOW,0.302,50,2026-07-01T00:00:00
CURR01612,1ZTL33WR7G78RNX3CY,LOC066,LOC001,LOC061,RT-LOC066-LOC062-LOC061,OUT_FOR_DELIVERY,Normal,Priority,5.05,2026-06-29T22:27:06.443830,2026-06-29T23:12:06.443830,3.88,MEDIUM,0.471,45,2026-07-01T00:00:00
CURR01613,1ZRCM2MHQ4NJV1HG7O,LOC071,LOC025,LOC063,RT-LOC071-LOC050-LOC016,IN_TRANSIT,High,Temperature Sensitive,122.34,2026-06-30T02:15:04.198439,2026-06-30T04:27:04.198439,3.9,MEDIUM,0.516,132,2026-07-01T00:00:00
CURR01614,1Z4K949OTAZEMDUYAD,LOC043,LOC070,LOC015,RT-LOC043-LOC074-LOC045,IN_TRANSIT,High,Fragile,5.46,2026-07-01T01:46:29.963742,2026-07-01T03:14:29.963742,4.26,MEDIUM,0.504,88,2026-07-01T00:00:00
CURR01615,1Z3G0N91YMZ13PDGYQ,LOC035,LOC058,LOC018,RT-LOC035-LOC036-LOC015,DELAYED,Normal,Express,36.98,2026-07-01T06:00:13.502526,2026-07-01T07:10:13.502526,3.16,MEDIUM,0.411,70,2026-07-01T00:00:00
CURR01616,1ZM7CES7JOLDSQ18KA,LOC074,LOC023,LOC069,RT-LOC074-LOC045-LOC015,IN_TRANSIT,High,Temperature Sensitive,47.74,2026-06-30T01:37:23.685591,2026-06-30T02:14:23.685591,3.61,MEDIUM,0.439,37,2026-07-01T00:00:00
CURR01617,1Z6I4O1R9K9982PB23,LOC041,LOC026,LOC016,RT-LOC041-LOC042-LOC047,PROCESSING,Low,International,22.11,2026-07-02T00:24:45.758706,2026-07-02T03:48:45.758706,4.11,MEDIUM,0.609,204,2026-07-01T00:00:00
CURR01618,1Z9XX4NHH0ODKJX53M,LOC013,LOC003,LOC006,RT-LOC013-LOC060-LOC059,OUT_FOR_DELIVERY,Normal,Standard,10.27,2026-06-30T11:27:54.791385,2026-06-30T12:53:54.791385,4.36,MEDIUM,0.57,86,2026-07-01T00:00:00
CURR01619,1ZTVOPRJ37ZHZMCM0E,LOC002,LOC007,LOC003,RT-LOC002-LOC006-LOC003,OUT_FOR_DELIVERY,Normal,Standard,48.96,2026-06-29T07:12:32.217963,2026-06-29T08:55:32.217963,3.59,MEDIUM,0.488,103,2026-07-01T00:00:00
CURR01620,1Z4MY7BGM2I2UAXBWX,LOC057,LOC041,LOC062,RT-LOC057-LOC055-LOC008,DELAYED,High,Standard,151.38,2026-07-01T14:52:16.705069,2026-07-01T16:14:16.705069,3.2,MEDIUM,0.317,82,2026-07-01T00:00:00
CURR01621,1ZV3P4SYXEJ903B5G1,LOC009,LOC006,LOC021,RT-LOC009-LOC010-LOC020,DELAYED,Normal,Standard,90.05,2026-06-29T10:29:55.298597,2026-06-29T10:57:55.298597,2.92,LOW,0.331,28,2026-07-01T00:00:00
CURR01622,1Z33D5KKWOHKXUK9XY,LOC029,LOC066,LOC067,RT-LOC029-LOC051-LOC028,IN_TRANSIT,High,Standard,59.05,2026-06-30T02:53:49.889783,2026-06-30T05:14:49.889783,3.83,MEDIUM,0.439,141,2026-07-01T00:00:00
CURR01623,1ZP69QKPMSIF2JGS1P,LOC026,LOC002,LOC005,RT-LOC026-LOC027-LOC063,OUT_FOR_DELIVERY,Normal,Express,0.46,2026-06-29T17:47:42.703360,2026-06-29T18:40:42.703360,4.27,MEDIUM,0.535,53,2026-07-01T00:00:00
CURR01624,1ZSN6ZL8R3ELAQ3W5V,LOC037,LOC020,LOC016,RT-LOC037-LOC038-LOC045,OUT_FOR_DELIVERY,Normal,Standard,102.05,2026-07-01T01:25:31.668135,2026-07-01T02:33:31.668135,2.9,LOW,0.375,68,2026-07-01T00:00:00
CURR01625,1ZE3FGIBWC1NSB3FUB,LOC064,LOC042,LOC037,RT-LOC064-LOC065-LOC032,IN_TRANSIT,High,International,62.09,2026-06-30T08:27:47.966412,2026-06-30T11:14:47.966412,3.97,MEDIUM,0.528,167,2026-07-01T00:00:00
CURR01626,1Z1YE4M9GNS8QDR03J,LOC062,LOC034,LOC065,RT-LOC062-LOC066-LOC065,IN_TRANSIT,Normal,Fragile,42.66,2026-06-29T23:24:02.597415,2026-06-30T01:29:02.597415,3.08,MEDIUM,0.444,125,2026-07-01T00:00:00
CURR01627,1Z2VJVR9DQXOVPR9OP,LOC065,LOC055,LOC019,RT-LOC065-LOC067-LOC012,IN_TRANSIT,High,Standard,1.55,2026-06-29T22:13:40.914054,2026-06-29T23:26:40.914054,4.08,MEDIUM,0.5,73,2026-07-01T00:00:00
CURR01628,1ZAND6BV3TEVZQ5HAQ,LOC059,LOC054,LOC007,RT-LOC059-LOC006-LOC003,IN_TRANSIT,Critical,Standard,61.77,2026-06-30T08:41:20.580165,2026-06-30T09:49:20.580165,3.68,MEDIUM,0.435,68,2026-07-01T00:00:00
CURR01629,1ZAM0MZ38WBW0JPT67,LOC057,LOC074,LOC059,RT-LOC057-LOC055-LOC008,OUT_FOR_DELIVERY,Normal,Standard,31.42,2026-07-01T03:49:45.224692,2026-07-01T04:24:45.224692,3.2,MEDIUM,0.384,35,2026-07-01T00:00:00
CURR01630,1ZWMYOHQITSXO769R7,LOC035,LOC060,LOC016,RT-LOC035-LOC036-LOC015,IN_TRANSIT,High,Express,20.6,2026-07-01T16:54:45.563811,2026-07-01T18:45:45.563811,3.54,MEDIUM,0.456,111,2026-07-01T00:00:00
CURR01631,1ZAWVKJ4U94XE79LY1,LOC063,LOC031,LOC014,RT-LOC063-LOC066-LOC065,IN_TRANSIT,High,Standard,163.47,2026-07-01T01:15:17.385323,2026-07-01T04:38:17.385323,4.65,MEDIUM,0.784,203,2026-07-01T00:00:00
CURR01632,1ZMSSV04CYORJ47DY4,LOC011,LOC029,LOC007,RT-LOC011-LOC056-LOC054,DELAYED,Normal,Express,52.14,2026-07-01T05:47:00.509402,2026-07-01T07:36:00.509402,4.43,MEDIUM,0.657,109,2026-07-01T00:00:00
CURR01633,1ZFYTKZ1SPP23XS4W8,LOC075,LOC010,LOC069,RT-LOC075-LOC044-LOC074,IN_TRANSIT,Low,Standard,91.12,2026-07-01T07:32:50.666004,2026-07-01T10:20:50.666004,3.98,MEDIUM,0.535,168,2026-07-01T00:00:00
CURR01634,1ZJBJURIR70I5EQSFZ,LOC053,LOC017,LOC007,RT-LOC053-LOC052-LOC007,OUT_FOR_DELIVERY,Normal,Express,97.21,2026-06-30T03:20:59.318423,2026-06-30T04:13:59.318423,2.66,LOW,0.291,53,2026-07-01T00:00:00
CURR01635,1Z55CJVL6T1XORR08N,LOC040,LOC013,LOC018,RT-LOC040-LOC038-LOC045,PROCESSING,High,International,85.64,2026-06-30T20:01:31.539241,2026-06-30T20:58:31.539241,2.22,LOW,0.259,57,2026-07-01T00:00:00
CURR01636,1ZQWOP08F375DIPWA1,LOC059,LOC042,LOC066,RT-LOC059-LOC005-LOC018,IN_TRANSIT,Normal,Express,36.1,2026-07-01T10:01:55.905165,2026-07-01T11:05:55.905165,3.37,MEDIUM,0.478,64,2026-07-01T00:00:00
CURR01637,1ZVEXD1NT5I9ZF4EI1,LOC031,LOC064,LOC067,RT-LOC031-LOC070-LOC016,DELAYED,Low,Fragile,2.71,2026-06-30T02:48:54.970647,2026-06-30T03:38:54.970647,3.74,MEDIUM,0.436,50,2026-07-01T00:00:00
CURR01638,1Z0HWK3OPBA6CKLQI1,LOC041,LOC003,LOC030,RT-LOC041-LOC042-LOC047,OUT_FOR_DELIVERY,Normal,Express,16.85,2026-06-30T08:31:13.537522,2026-06-30T09:07:13.537522,4.28,MEDIUM,0.578,36,2026-07-01T00:00:00
CURR01639,1ZHPV68M0G168K9R9X,LOC025,LOC017,LOC059,RT-LOC025-LOC027-LOC063,PROCESSING,High,Express,51.81,2026-06-30T04:36:26.418253,2026-06-30T05:34:26.418253,3.36,MEDIUM,0.348,58,2026-07-01T00:00:00
CURR01640,1ZPZIWCN7T1LM7F5N8,LOC010,LOC035,LOC032,RT-LOC010-LOC020-LOC023,IN_TRANSIT,High,Temperature Sensitive,30.03,2026-07-01T09:37:57.268184,2026-07-01T12:01:57.268184,4.33,MEDIUM,0.606,144,2026-07-01T00:00:00
CURR01641,1ZHWEHJE9PPF2PQDJP,LOC008,LOC018,LOC006,RT-LOC008-LOC009-LOC010,IN_TRANSIT,Normal,Standard,9.34,2026-07-01T08:36:23.879944,2026-07-01T09:15:23.879944,3.04,MEDIUM,0.318,39,2026-07-01T00:00:00
CURR01642,1ZGCM0BBWZUA98GUI9,LOC017,LOC053,LOC003,RT-LOC017-LOC006-LOC003,OUT_FOR_DELIVERY,High,Fragile,48.21,2026-06-29T22:41:24.686715,2026-06-29T23:08:24.686715,2.91,LOW,0.324,27,2026-07-01T00:00:00
CURR01643,1ZVHOIQF6K8G2VBYXZ,LOC074,LOC029,LOC030,RT-LOC074-LOC045-LOC015,IN_TRANSIT,Normal,Express,112.5,2026-06-29T23:24:11.266453,2026-06-30T02:15:11.266453,4.16,MEDIUM,0.49,171,2026-07-01T00:00:00
CURR01644,1Z0AHISXGQRV04UXVB,LOC047,LOC035,LOC035,RT-LOC047-LOC038-LOC037,IN_TRANSIT,Critical,Standard,44.26,2026-06-29T12:20:51.917903,2026-06-29T13:30:51.917903,3.86,MEDIUM,0.534,70,2026-07-01T00:00:00
CURR01645,1Z2JUC6CUQYG24HUP2,LOC014,LOC024,LOC065,RT-LOC014-LOC032-LOC065,OUT_FOR_DELIVERY,Critical,Standard,2.95,2026-06-30T20:13:01.373059,2026-06-30T22:28:01.373059,4.96,MEDIUM,0.635,135,2026-07-01T00:00:00
CURR01646,1ZCCVQXROH3RPFYBL7,LOC020,LOC037,LOC013,RT-LOC020-LOC023-LOC019,IN_TRANSIT,High,International,36.18,2026-06-30T02:20:17.286367,2026-06-30T03:20:17.286367,2.77,LOW,0.378,60,2026-07-01T00:00:00
CURR01647,1ZHDU6G4NKK57RA9L4,LOC037,LOC045,LOC038,RT-LOC037-LOC038-LOC045,IN_TRANSIT,Normal,Express,71.55,2026-06-29T22:32:58.806647,2026-06-30T01:40:58.806647,4.58,MEDIUM,0.615,188,2026-07-01T00:00:00
CURR01648,1ZEY6ZVLQP18ZU5FBM,LOC035,LOC074,LOC045,RT-LOC035-LOC037-LOC038,IN_TRANSIT,Normal,Express,347.22,2026-06-30T16:35:56.754613,2026-06-30T18:06:56.754613,3.43,MEDIUM,0.535,91,2026-07-01T00:00:00
CURR01649,1ZBTNE76CZFZ9QH0EM,LOC018,LOC044,LOC035,RT-LOC018-LOC062-LOC066,OUT_FOR_DELIVERY,Normal,Standard,91.83,2026-07-01T21:56:16.130547,2026-07-02T01:39:16.130547,4.47,MEDIUM,0.693,223,2026-07-01T00:00:00
CURR01650,1ZWPJDEWQHPS50LVD8,LOC045,LOC026,LOC016,RT-LOC045-LOC015-LOC069,IN_TRANSIT,Normal,International,60.61,2026-06-30T18:47:16.078828,2026-06-30T19:20:16.078828,3.87,MEDIUM,0.505,33,2026-07-01T00:00:00
CURR01651,1Z3A6IU8XS95H0QRFW,LOC068,LOC028,LOC049,RT-LOC068-LOC016-LOC049,PROCESSING,High,Standard,51.63,2026-06-30T05:17:13.001891,2026-06-30T07:12:13.001891,3.17,MEDIUM,0.396,115,2026-07-01T00:00:00
CURR01652,1ZUUW1FTEXWKPQ1B7E,LOC040,LOC007,LOC069,RT-LOC040-LOC038-LOC045,IN_TRANSIT,Normal,Standard,66.53,2026-07-01T12:17:13.586551,2026-07-01T13:01:13.586551,3.34,MEDIUM,0.439,44,2026-07-01T00:00:00
CURR01653,1ZKCTEYX0EK5OCQLQW,LOC012,LOC049,LOC016,RT-LOC012-LOC030-LOC016,IN_TRANSIT,Normal,Express,10.66,2026-06-30T13:00:06.700768,2026-06-30T15:17:06.700768,4.05,MEDIUM,0.542,137,2026-07-01T00:00:00
CURR01654,1ZU98LJI2KU9SMOTSB,LOC042,LOC014,LOC015,RT-LOC042-LOC047-LOC038,IN_TRANSIT,Low,Temperature Sensitive,51.79,2026-07-01T02:08:34.240213,2026-07-01T02:56:34.240213,4.77,MEDIUM,0.563,48,2026-07-01T00:00:00
CURR01655,1ZY4M9YRVR3YY61Y77,LOC069,LOC070,LOC070,RT-LOC069-LOC070,IN_TRANSIT,Low,Express,80.12,2026-06-30T19:34:36.753052,2026-06-30T20:20:36.753052,2.78,LOW,0.421,46,2026-07-01T00:00:00
CURR01656,1ZTLHFRF3NBOZ20MNC,LOC047,LOC052,LOC015,RT-LOC047-LOC038-LOC045,PROCESSING,Normal,Standard,137.16,2026-06-30T02:15:57.033868,2026-06-30T03:15:57.033868,3.79,MEDIUM,0.444,60,2026-07-01T00:00:00
CURR01657,1ZAD7LVIB7IHLQ5ZDJ,LOC020,LOC051,LOC059,RT-LOC020-LOC021-LOC004,PROCESSING,Normal,Express,83.09,2026-06-30T03:31:59.146327,2026-06-30T04:28:59.146327,2.79,LOW,0.293,57,2026-07-01T00:00:00
CURR01658,1ZOJWR167XQE89BR94,LOC033,LOC003,LOC012,RT-LOC033-LOC034-LOC032,IN_TRANSIT,Normal,Priority,98.12,2026-06-30T02:40:59.517352,2026-06-30T03:36:59.517352,2.99,LOW,0.328,56,2026-07-01T00:00:00
CURR01659,1ZY1QJ1QUGJT7RNQTO,LOC045,LOC043,LOC074,RT-LOC045-LOC074-LOC043,DELAYED,Normal,Express,154.64,2026-06-30T22:50:20.980513,2026-06-30T23:47:20.980513,1.81,LOW,0.289,57,2026-07-01T00:00:00
CURR01660,1Z75NIX3I86W90FKMV,LOC047,LOC061,LOC015,RT-LOC047-LOC038-LOC045,IN_TRANSIT,Normal,Express,101.47,2026-06-30T22:15:43.160662,2026-07-01T01:35:43.160662,4.29,MEDIUM,0.768,200,2026-07-01T00:00:00
CURR01661,1Z6RPA2TIQ6NE0G2JQ,LOC052,LOC075,LOC050,RT-LOC052-LOC007-LOC006,IN_TRANSIT,High,Express,15.93,2026-06-30T17:07:24.589794,2026-06-30T18:24:24.589794,2.27,LOW,0.377,77,2026-07-01T00:00:00
CURR01662,1ZMWO4MV8KZLVZNEI7,LOC066,LOC045,LOC037,RT-LOC066-LOC065-LOC032,IN_TRANSIT,Low,Standard,64.71,2026-06-30T23:42:13.979606,2026-07-01T01:29:13.979606,4.46,MEDIUM,0.715,107,2026-07-01T00:00:00
CURR01663,1Z9GDRU7Z0EFUTFBV3,LOC047,LOC001,LOC002,RT-LOC047-LOC038-LOC045,IN_TRANSIT,Normal,International,0.21,2026-06-30T01:24:22.541189,2026-06-30T02:41:22.541189,3.54,MEDIUM,0.418,77,2026-07-01T00:00:00
CURR01664,1ZH06TECEOJKKIKZIE,LOC050,LOC057,LOC007,RT-LOC050-LOC051-LOC029,IN_TRANSIT,Normal,Fragile,17.64,2026-06-30T02:37:15.554252,2026-06-30T03:14:15.554252,3.0,LOW,0.329,37,2026-07-01T00:00:00
CURR01665,1ZXILDHP8XS1TBX4JC,LOC016,LOC046,LOC065,RT-LOC016-LOC030-LOC067,OUT_FOR_DELIVERY,High,International,168.69,2026-06-30T17:49:03.648229,2026-06-30T20:23:03.648229,4.67,MEDIUM,0.673,154,2026-07-01T00:00:00
CURR01666,1Z1CZQMK8NQOVXYXD8,LOC002,LOC031,LOC028,RT-LOC002-LOC029-LOC051,PROCESSING,Normal,Express,14.37,2026-06-29T18:42:12.039398,2026-06-29T20:14:12.039398,4.22,MEDIUM,0.554,92,2026-07-01T00:00:00
CURR01667,1ZLY0HDO94WT8D99NI,LOC028,LOC006,LOC002,RT-LOC028-LOC050-LOC016,OUT_FOR_DELIVERY,Normal,Express,44.15,2026-06-30T20:07:38.665342,2026-06-30T20:44:38.665342,4.25,MEDIUM,0.558,37,2026-07-01T00:00:00
CURR01668,1ZPKZ19A0CAKBUBI1S,LOC046,LOC032,LOC037,RT-LOC046-LOC047-LOC038,PROCESSING,Normal,Standard,1.46,2026-07-01T05:16:46.585399,2026-07-01T07:28:46.585399,4.36,MEDIUM,0.569,132,2026-07-01T00:00:00
CURR01669,1ZU40O9UAU2SNWDPW3,LOC026,LOC060,LOC061,RT-LOC026-LOC027-LOC063,IN_TRANSIT,Normal,Express,19.8,2026-07-01T03:35:45.147171,2026-07-01T07:59:45.147171,5.32,HIGH,0.835,264,2026-07-01T00:00:00
CURR01670,1ZO14SAV23RIQHIDXU,LOC012,LOC075,LOC069,RT-LOC012-LOC067-LOC068,DELAYED,High,Priority,125.07,2026-07-01T19:17:46.779233,2026-07-01T19:54:46.779233,3.06,MEDIUM,0.389,37,2026-07-01T00:00:00
CURR01671,1ZYPGBS37YYAB3TRLC,LOC057,LOC054,LOC056,RT-LOC057-LOC011-LOC056,OUT_FOR_DELIVERY,Normal,Express,23.94,2026-06-30T18:22:51.897186,2026-06-30T19:35:51.897186,2.63,LOW,0.461,73,2026-07-01T00:00:00
CURR01672,1ZP8N59IA3UDAR5IS0,LOC038,LOC019,LOC069,RT-LOC038-LOC045-LOC015,DELAYED,High,Standard,52.2,2026-06-30T18:52:25.391388,2026-06-30T21:22:25.391388,4.23,MEDIUM,0.587,150,2026-07-01T00:00:00
CURR01673,1Z8CN9YP44JALYWHN6,LOC056,LOC017,LOC007,RT-LOC056-LOC054-LOC009,IN_TRANSIT,Normal,Fragile,78.35,2026-06-30T08:57:37.230531,2026-06-30T10:57:37.230531,4.77,MEDIUM,0.593,120,2026-07-01T00:00:00
CURR01674,1ZESPJD6IQBEIVHGJL,LOC071,LOC061,LOC030,RT-LOC071-LOC050-LOC016,IN_TRANSIT,Critical,Standard,87.85,2026-06-30T13:21:40.946504,2026-06-30T13:55:40.946504,3.26,MEDIUM,0.425,34,2026-07-01T00:00:00
CURR01675,1Z2EUUCLNNYCQREUO7,LOC025,LOC066,LOC063,RT-LOC025-LOC027-LOC063,IN_TRANSIT,Low,Standard,55.78,2026-06-30T09:59:51.015530,2026-06-30T11:46:51.015530,4.33,MEDIUM,0.571,107,2026-07-01T00:00:00
CURR01676,1ZN3TCVR2K0DIVWPGR,LOC019,LOC048,LOC065,RT-LOC019-LOC013-LOC062,IN_TRANSIT,Low,Standard,23.13,2026-06-30T12:29:48.942188,2026-06-30T13:32:48.942188,3.53,MEDIUM,0.466,63,2026-07-01T00:00:00
CURR01677,1Z2DLVX3KD84RE8HKJ,LOC020,LOC006,LOC021,RT-LOC020-LOC021-LOC004,PROCESSING,Low,Standard,6.0,2026-06-30T19:41:04.851800,2026-06-30T20:01:04.851800,3.02,MEDIUM,0.362,20,2026-07-01T00:00:00
CURR01678,1ZZ8M4UCNSOS8NN77J,LOC064,LOC051,LOC059,RT-LOC064-LOC012-LOC018,IN_TRANSIT,Normal,International,129.09,2026-06-30T10:15:39.291988,2026-06-30T13:18:39.291988,4.86,MEDIUM,0.696,183,2026-07-01T00:00:00
CURR01679,1ZSAURKDZKW6OFIK65,LOC031,LOC023,LOC016,RT-LOC031-LOC070-LOC016,IN_TRANSIT,Low,Express,16.92,2026-06-29T23:29:38.500165,2026-06-30T00:54:38.500165,4.15,MEDIUM,0.535,85,2026-07-01T00:00:00
CURR01680,1ZEUY6C4DZEFHTHWA1,LOC071,LOC072,LOC049,RT-LOC071-LOC049-LOC072,IN_TRANSIT,High,Express,13.73,2026-06-29T17:36:28.997139,2026-06-29T18:25:28.997139,2.8,LOW,0.344,49,2026-07-01T00:00:00
CURR01681,1ZGU2P42SOD3VKBB5V,LOC004,LOC045,LOC016,RT-LOC004-LOC007-LOC006,IN_TRANSIT,High,Standard,206.58,2026-06-30T18:37:13.832286,2026-06-30T19:59:13.832286,4.08,MEDIUM,0.671,82,2026-07-01T00:00:00
CURR01682,1Z3C2Y8QD37983F0HY,LOC039,LOC018,LOC045,RT-LOC039-LOC040-LOC038,IN_TRANSIT,Normal,Standard,80.94,2026-07-01T01:04:12.712204,2026-07-01T03:51:12.712204,4.24,MEDIUM,0.575,167,2026-07-01T00:00:00
CURR01683,1Z11A2S306L5VVZNKQ,LOC017,LOC007,LOC006,RT-LOC017-LOC006-LOC003,IN_TRANSIT,Normal,Standard,37.77,2026-06-29T14:01:29.388324,2026-06-29T16:56:29.388324,4.24,MEDIUM,0.575,175,2026-07-01T00:00:00
CURR01684,1ZGKTL6ZPFDHN2IPEF,LOC048,LOC075,LOC038,RT-LOC048-LOC037-LOC038,IN_TRANSIT,High,Standard,65.32,2026-06-30T09:24:59.400802,2026-06-30T10:31:59.400802,3.46,MEDIUM,0.499,67,2026-07-01T00:00:00
CURR01685,1ZRKV44KNVFGYHH1K6,LOC019,LOC011,LOC055,RT-LOC019-LOC022-LOC021,DELAYED,High,Standard,21.76,2026-06-30T17:14:42.771810,2026-06-30T21:01:42.771810,5.06,HIGH,0.755,227,2026-07-01T00:00:00
CURR01686,1Z0L2G84M9SNPXYIVT,LOC048,LOC008,LOC019,RT-LOC048-LOC036-LOC015,IN_TRANSIT,High,Fragile,9.65,2026-07-01T15:21:38.723047,2026-07-01T16:51:38.723047,4.39,MEDIUM,0.544,90,2026-07-01T00:00:00
CURR01687,1Z5EH9MQPYSS4I4P7O,LOC047,LOC004,LOC018,RT-LOC047-LOC038-LOC045,IN_TRANSIT,Critical,Standard,1.33,2026-07-01T02:39:50.068761,2026-07-01T04:39:50.068761,4.31,MEDIUM,0.65,120,2026-07-01T00:00:00
CURR01688,1ZICIV4G3POC7DP62C,LOC007,LOC068,LOC050,RT-LOC007-LOC006-LOC059,IN_TRANSIT,Normal,Standard,58.68,2026-06-30T07:04:54.824219,2026-06-30T09:41:54.824219,4.74,MEDIUM,0.622,157,2026-07-01T00:00:00
CURR01689,1Z54PCNHMMTGR2OE9F,LOC061,LOC012,LOC012,RT-LOC061-LOC018-LOC012,DELAYED,High,Standard,152.84,2026-06-30T19:55:29.012591,2026-06-30T23:21:29.012591,4.34,MEDIUM,0.731,206,2026-07-01T00:00:00
CURR01690,1ZHQIHJ1V2MT22JUDX,LOC061,LOC003,LOC060,RT-LOC061-LOC060-LOC059,OUT_FOR_DELIVERY,High,Standard,21.47,2026-06-29T07:21:33.438922,2026-06-29T08:42:33.438922,4.07,MEDIUM,0.538,81,2026-07-01T00:00:00
CURR01691,1ZX3CGX7LGV0R9C21A,LOC037,LOC041,LOC047,RT-LOC037-LOC038-LOC047,PROCESSING,Normal,Priority,51.66,2026-06-29T15:03:36.757673,2026-06-29T17:04:36.757673,3.36,MEDIUM,0.664,121,2026-07-01T00:00:00
CURR01692,1Z3RGLWY3SI3FTPVPA,LOC022,LOC063,LOC013,RT-LOC022-LOC021-LOC020,DELAYED,Normal,Temperature Sensitive,0.44,2026-07-01T07:33:00.488470,2026-07-01T08:01:00.488470,3.5,MEDIUM,0.367,28,2026-07-01T00:00:00
CURR01693,1Z03M3A1G8HC2D0ITM,LOC040,LOC073,LOC038,RT-LOC040-LOC038-LOC045,IN_TRANSIT,Low,Standard,82.92,2026-06-29T16:57:50.411960,2026-06-29T17:41:50.411960,1.9,LOW,0.264,44,2026-07-01T00:00:00
CURR01694,1ZP9IWEGS6K50LYSD1,LOC045,LOC043,LOC045,RT-LOC045-LOC074-LOC043,DELAYED,Normal,Express,8.93,2026-06-30T04:23:22.917007,2026-06-30T07:05:22.917007,3.89,MEDIUM,0.622,162,2026-07-01T00:00:00
CURR01695,1ZZ80FS778D850PIMS,LOC040,LOC018,LOC015,RT-LOC040-LOC038-LOC045,IN_TRANSIT,Normal,International,21.86,2026-07-01T12:10:14.363017,2026-07-01T14:09:14.363017,3.55,MEDIUM,0.472,119,2026-07-01T00:00:00
CURR01696,1Z7204T09O90LLSGLE,LOC014,LOC026,LOC066,RT-LOC014-LOC032-LOC065,IN_TRANSIT,Low,Standard,90.43,2026-06-29T23:24:07.413863,2026-06-30T00:35:07.413863,3.94,MEDIUM,0.47,71,2026-07-01T00:00:00
CURR01697,1ZWMK6A7DGX9Q1PMD4,LOC018,LOC062,LOC018,RT-LOC018-LOC062,IN_TRANSIT,Critical,Temperature Sensitive,1.54,2026-06-29T19:07:33.142354,2026-06-29T19:56:33.142354,3.24,MEDIUM,0.402,49,2026-07-01T00:00:00
CURR01698,1ZW8X79LQF2X1683LC,LOC066,LOC055,LOC018,RT-LOC066-LOC065-LOC067,DELAYED,Critical,Express,5.21,2026-06-29T12:16:41.715782,2026-06-29T15:51:41.715782,5.16,HIGH,0.722,215,2026-07-01T00:00:00
CURR01699,1Z7UCDOJOYFCO259Y5,LOC025,LOC048,LOC033,RT-LOC025-LOC027-LOC063,DELAYED,Normal,Priority,127.79,2026-07-01T04:43:08.413615,2026-07-01T07:58:08.413615,3.99,MEDIUM,0.738,195,2026-07-01T00:00:00
CURR01700,1Z92B8P7TOEYHX7BRD,LOC056,LOC036,LOC013,RT-LOC056-LOC054-LOC009,IN_TRANSIT,Low,Express,0.93,2026-07-01T09:18:59.497666,2026-07-01T13:06:59.497666,4.85,MEDIUM,0.656,228,2026-07-01T00:00:00
CURR01701,1ZKWSL2IR6EE7IX71V,LOC044,LOC009,LOC030,RT-LOC044-LOC074-LOC045,OUT_FOR_DELIVERY,Normal,Temperature Sensitive,71.43,2026-06-30T08:15:31.419126,2026-06-30T10:59:31.419126,4.63,MEDIUM,0.602,164,2026-07-01T00:00:00
CURR01702,1Z95FA28FJT01G0QON,LOC024,LOC051,LOC059,RT-LOC024-LOC013-LOC060,DELAYED,Normal,Standard,32.75,2026-06-30T03:03:40.979734,2026-06-30T04:37:40.979734,3.29,MEDIUM,0.496,94,2026-07-01T00:00:00
CURR01703,1ZKBLQSJWMECHDDCGD,LOC071,LOC041,LOC038,RT-LOC071-LOC050-LOC016,PROCESSING,Normal,Express,35.44,2026-06-30T15:52:59.390193,2026-06-30T17:05:59.390193,3.98,MEDIUM,0.48,73,2026-07-01T00:00:00
CURR01704,1Z61LEVWBP1KALX86J,LOC035,LOC051,LOC049,RT-LOC035-LOC036-LOC015,IN_TRANSIT,Normal,Standard,151.81,2026-06-30T07:14:06.108989,2026-06-30T08:12:06.108989,3.03,MEDIUM,0.355,58,2026-07-01T00:00:00
CURR01705,1ZGCRSPWM6WQMCDBSL,LOC042,LOC028,LOC045,RT-LOC042-LOC047-LOC038,OUT_FOR_DELIVERY,Normal,Standard,39.53,2026-06-29T20:34:37.039728,2026-06-29T22:29:37.039728,3.38,MEDIUM,0.543,115,2026-07-01T00:00:00
CURR01706,1Z4ND7YQS4G4T30MSX,LOC057,LOC010,LOC008,RT-LOC057-LOC055-LOC008,IN_TRANSIT,Normal,International,3.06,2026-06-29T12:58:16.833350,2026-06-29T15:43:16.833350,5.04,HIGH,0.669,165,2026-07-01T00:00:00
CURR01707,1ZM2YVIORXWV9CBGDJ,LOC051,LOC032,LOC030,RT-LOC051-LOC028-LOC050,IN_TRANSIT,Normal,Priority,17.05,2026-06-30T13:12:42.552573,2026-06-30T14:24:42.552573,3.78,MEDIUM,0.453,72,2026-07-01T00:00:00
CURR01708,1ZRY6SNRPT45BUXUYL,LOC033,LOC014,LOC014,RT-LOC033-LOC014,OUT_FOR_DELIVERY,Low,Standard,81.22,2026-06-30T09:55:36.981625,2026-06-30T12:48:36.981625,4.62,MEDIUM,0.627,173,2026-07-01T00:00:00
CURR01709,1ZXKJ5QY30ZQSLLGLD,LOC020,LOC043,LOC033,RT-LOC020-LOC023-LOC019,IN_TRANSIT,Normal,Priority,11.88,2026-07-02T02:28:21.544132,2026-07-02T03:41:21.544132,3.45,MEDIUM,0.441,73,2026-07-01T00:00:00
CURR01710,1ZAU6S97MO9YI6R85Y,LOC053,LOC034,LOC018,RT-LOC053-LOC052-LOC007,OUT_FOR_DELIVERY,Critical,International,146.34,2026-07-01T10:32:04.992901,2026-07-01T11:13:04.992901,2.51,LOW,0.292,41,2026-07-01T00:00:00
CURR01711,1ZC4MT0X9BX9H7P6S4,LOC071,LOC029,LOC050,RT-LOC071-LOC050-LOC051,IN_TRANSIT,Normal,Standard,5.89,2026-06-30T12:45:16.450928,2026-06-30T14:11:16.450928,3.63,MEDIUM,0.546,86,2026-07-01T00:00:00
CURR01712,1ZVH0OMF89NU6R76UW,LOC005,LOC063,LOC062,RT-LOC005-LOC018-LOC062,PROCESSING,Normal,Standard,25.82,2026-06-29T13:51:14.935890,2026-06-29T15:14:14.935890,3.41,MEDIUM,0.426,83,2026-07-01T00:00:00
CURR01713,1ZDC8Z6NKGKLHRN18P,LOC057,LOC033,LOC010,RT-LOC057-LOC055-LOC008,IN_TRANSIT,Low,International,70.98,2026-07-01T11:46:13.255700,2026-07-01T14:55:13.255700,5.2,HIGH,0.681,189,2026-07-01T00:00:00
CURR01714,1Z4ZKZ8NNLTBZ84MXG,LOC047,LOC023,LOC016,RT-LOC047-LOC038-LOC045,PROCESSING,Normal,Express,10.53,2026-07-01T09:11:51.098920,2026-07-01T10:04:51.098920,2.95,LOW,0.356,53,2026-07-01T00:00:00
CURR01715,1ZNQGS3QSVQFJNLMCV,LOC064,LOC028,LOC029,RT-LOC064-LOC012-LOC018,IN_TRANSIT,Low,Temperature Sensitive,87.77,2026-06-29T22:05:44.322197,2026-06-29T22:57:44.322197,2.92,LOW,0.313,52,2026-07-01T00:00:00
CURR01716,1ZJ8C0E01YVM9S08OL,LOC069,LOC063,LOC062,RT-LOC069-LOC016-LOC030,OUT_FOR_DELIVERY,Normal,Express,57.83,2026-06-30T15:56:50.308824,2026-06-30T16:06:50.308824,3.16,MEDIUM,0.409,10,2026-07-01T00:00:00
CURR01717,1ZHMHV5VD0CJQF8A2X,LOC071,LOC067,LOC016,RT-LOC071-LOC050-LOC016,IN_TRANSIT,Critical,Express,39.49,2026-06-30T06:24:59.932938,2026-06-30T09:13:59.932938,4.41,MEDIUM,0.544,169,2026-07-01T00:00:00
CURR01718,1ZYNZI0DT0ZE04XIRT,LOC040,LOC072,LOC015,RT-LOC040-LOC038-LOC045,OUT_FOR_DELIVERY,Low,Standard,137.24,2026-07-01T05:34:36.475609,2026-07-01T08:22:36.475609,3.22,MEDIUM,0.621,168,2026-07-01T00:00:00
CURR01719,1Z67Z6EJAMTUQLV9N6,LOC015,LOC021,LOC022,RT-LOC015-LOC069-LOC016,IN_TRANSIT,Critical,Express,49.11,2026-06-30T14:14:28.594198,2026-06-30T15:48:28.594198,4.13,MEDIUM,0.557,94,2026-07-01T00:00:00
CURR01720,1ZFCAJ9AOMFA9NFVPA,LOC003,LOC071,LOC029,RT-LOC003-LOC007-LOC006,DELAYED,Critical,Express,92.31,2026-06-29T14:40:21.814853,2026-06-29T17:54:21.814853,4.5,MEDIUM,0.62,194,2026-07-01T00:00:00
CURR01721,1ZDYILR3OZ021BGCMO,LOC021,LOC007,LOC004,RT-LOC021-LOC004-LOC007,DELAYED,Normal,International,100.94,2026-06-30T14:35:30.840207,2026-06-30T16:40:30.840207,4.7,MEDIUM,0.616,125,2026-07-01T00:00:00
CURR01722,1Z9R53O12OFVTBGG04,LOC036,LOC017,LOC030,RT-LOC036-LOC015-LOC069,OUT_FOR_DELIVERY,Normal,International,29.92,2026-06-30T18:28:13.087322,2026-06-30T19:16:13.087322,3.57,MEDIUM,0.402,48,2026-07-01T00:00:00
CURR01723,1Z3I6L57ATDJ0X4RU6,LOC044,LOC032,LOC031,RT-LOC044-LOC074-LOC045,IN_TRANSIT,High,Standard,59.45,2026-07-01T13:33:02.524990,2026-07-01T13:44:02.524990,3.34,MEDIUM,0.385,11,2026-07-01T00:00:00
CURR01724,1ZRSZBO4DVZMM7QOHN,LOC048,LOC063,LOC032,RT-LOC048-LOC037-LOC035,DELAYED,High,Standard,7.62,2026-06-30T17:27:15.611286,2026-06-30T19:44:15.611286,4.71,MEDIUM,0.648,137,2026-07-01T00:00:00
CURR01725,1ZPEBJTV4AHZ32KLGN,LOC027,LOC007,LOC060,RT-LOC027-LOC063-LOC061,IN_TRANSIT,Low,Express,53.42,2026-06-30T22:41:00.803514,2026-06-30T22:53:00.803514,2.46,LOW,0.293,12,2026-07-01T00:00:00
CURR01726,1ZSWYD5OGFKDSRHDNX,LOC014,LOC039,LOC037,RT-LOC014-LOC032-LOC033,IN_TRANSIT,Normal,Standard,116.65,2026-07-01T11:30:24.913438,2026-07-01T14:01:24.913438,4.5,MEDIUM,0.567,151,2026-07-01T00:00:00
CURR01727,1ZJM2632VTMTK4P650,LOC018,LOC067,LOC018,RT-LOC018-LOC012-LOC067,OUT_FOR_DELIVERY,High,Express,92.8,2026-06-30T18:53:21.560013,2026-06-30T20:27:21.560013,3.82,MEDIUM,0.619,94,2026-07-01T00:00:00
CURR01728,1Z3KQUC2ZVWRTMEHL0,LOC025,LOC041,LOC038,RT-LOC025-LOC027-LOC063,IN_TRANSIT,High,Fragile,7.91,2026-07-01T03:33:37.328592,2026-07-01T05:04:37.328592,3.7,MEDIUM,0.572,91,2026-07-01T00:00:00
CURR01729,1Z7UAKCUALJ399JTJ6,LOC050,LOC013,LOC018,RT-LOC050-LOC016-LOC030,IN_TRANSIT,Low,Express,171.67,2026-06-30T15:00:45.884170,2026-06-30T16:40:45.884170,4.68,MEDIUM,0.59,100,2026-07-01T00:00:00
CURR01730,1ZT7QRYTY018LICSID,LOC034,LOC073,LOC035,RT-LOC034-LOC033-LOC035,DELAYED,Normal,Express,13.54,2026-07-01T20:22:46.177184,2026-07-01T22:25:46.177184,3.82,MEDIUM,0.548,123,2026-07-01T00:00:00
CURR01731,1ZETXJVMU6KIM6DVR3,LOC023,LOC005,LOC060,RT-LOC023-LOC019-LOC060,DELAYED,Low,Standard,66.07,2026-07-01T00:13:04.627878,2026-07-01T01:53:04.627878,3.07,MEDIUM,0.427,100,2026-07-01T00:00:00
CURR01732,1ZELYRVTCUT50B5AX0,LOC014,LOC007,LOC067,RT-LOC014-LOC032-LOC065,IN_TRANSIT,Low,Standard,100.01,2026-06-29T23:20:20.072678,2026-06-29T23:31:20.072678,2.18,LOW,0.232,11,2026-07-01T00:00:00
CURR01733,1ZR6NTCMPYIMVM67YK,LOC035,LOC038,LOC037,RT-LOC035-LOC037-LOC038,IN_TRANSIT,High,Standard,55.44,2026-07-01T03:11:49.384460,2026-07-01T06:39:49.384460,5.12,HIGH,0.682,208,2026-07-01T00:00:00
CURR01734,1ZCDRYB5RK6AOBORAF,LOC035,LOC001,LOC029,RT-LOC035-LOC036-LOC015,IN_TRANSIT,Low,Priority,3.94,2026-06-30T19:37:55.158736,2026-06-30T22:38:55.158736,3.86,MEDIUM,0.701,181,2026-07-01T00:00:00
CURR01735,1ZHCV4U95DLZ1K5H8P,LOC001,LOC053,LOC052,RT-LOC001-LOC007-LOC052,DELAYED,Normal,Standard,139.1,2026-06-30T10:06:49.678158,2026-06-30T14:01:49.678158,4.78,MEDIUM,0.647,235,2026-07-01T00:00:00
CURR01736,1Z5AB5VTYCG8Z3AOF0,LOC017,LOC065,LOC062,RT-LOC017-LOC059-LOC005,IN_TRANSIT,Low,Fragile,14.2,2026-06-29T22:32:49.294633,2026-06-29T23:17:49.294633,3.55,MEDIUM,0.383,45,2026-07-01T00:00:00
CURR01737,1ZSQWQALXMWSEZCU5K,LOC063,LOC036,LOC035,RT-LOC063-LOC066-LOC065,IN_TRANSIT,Critical,Standard,5.89,2026-07-01T09:52:09.921557,2026-07-01T12:43:09.921557,3.13,MEDIUM,0.554,171,2026-07-01T00:00:00
CURR01738,1Z4D0ZVWEOGW23888M,LOC051,LOC008,LOC052,RT-LOC051-LOC029-LOC007,OUT_FOR_DELIVERY,Critical,International,84.15,2026-06-30T09:43:40.293030,2026-06-30T10:35:40.293030,3.2,MEDIUM,0.426,52,2026-07-01T00:00:00
CURR01739,1Z4KG0EGG4V1Y71US6,LOC022,LOC008,LOC004,RT-LOC022-LOC021-LOC004,IN_TRANSIT,Normal,Priority,12.37,2026-06-29T14:07:14.388792,2026-06-29T15:34:14.388792,3.42,MEDIUM,0.477,87,2026-07-01T00:00:00
CURR01740,1ZFPPL44SPRWIWJZLY,LOC004,LOC042,LOC032,RT-LOC004-LOC007-LOC006,IN_TRANSIT,Normal,International,2.11,2026-06-30T12:02:36.952438,2026-06-30T12:46:36.952438,4.45,MEDIUM,0.561,44,2026-07-01T00:00:00
CURR01741,1Z6V5HO5SEPE02E1CT,LOC017,LOC002,LOC017,RT-LOC017-LOC002,PROCESSING,Normal,International,45.36,2026-06-29T14:41:15.715670,2026-06-29T14:59:15.715670,2.95,LOW,0.371,18,2026-07-01T00:00:00
CURR01742,1ZSM9BGSB2GAWKF1WE,LOC043,LOC038,LOC074,RT-LOC043-LOC074-LOC045,PROCESSING,Normal,Standard,34.94,2026-06-30T18:55:44.473297,2026-06-30T20:27:44.473297,4.46,MEDIUM,0.584,92,2026-07-01T00:00:00
CURR01743,1ZH8K4GI3X702H0D0T,LOC043,LOC009,LOC069,RT-LOC043-LOC074-LOC045,OUT_FOR_DELIVERY,Normal,Standard,22.31,2026-07-01T00:53:13.883137,2026-07-01T02:36:13.883137,2.99,LOW,0.484,103,2026-07-01T00:00:00
CURR01744,1ZKJEO8DP7V8ONLHPL,LOC032,LOC056,LOC021,RT-LOC032-LOC065-LOC067,OUT_FOR_DELIVERY,High,Priority,44.2,2026-06-30T02:57:29.607686,2026-06-30T04:20:29.607686,3.4,MEDIUM,0.46,83,2026-07-01T00:00:00
CURR01745,1ZYYDMLAVHOA2KCKGT,LOC045,LOC058,LOC004,RT-LOC045-LOC015-LOC069,PROCESSING,Normal,Express,4.54,2026-06-29T22:21:08.717635,2026-06-30T01:47:08.717635,3.36,MEDIUM,0.652,206,2026-07-01T00:00:00
CURR01746,1Z7GIR82AYA2GCOHZ2,LOC051,LOC010,LOC007,RT-LOC051-LOC029-LOC007,IN_TRANSIT,High,Express,16.86,2026-07-01T01:36:49.355902,2026-07-01T05:23:49.355902,4.29,MEDIUM,0.76,227,2026-07-01T00:00:00
CURR01747,1ZWKXHCFUZWR6VEHVY,LOC042,LOC075,LOC046,RT-LOC042-LOC046-LOC043,PROCESSING,Low,International,6.37,2026-06-30T10:40:42.220440,2026-06-30T11:36:42.220440,3.09,MEDIUM,0.339,56,2026-07-01T00:00:00
CURR01748,1Z4D20F3CCNVTIOT3J,LOC014,LOC057,LOC012,RT-LOC014-LOC032-LOC065,PROCESSING,High,Standard,52.25,2026-06-30T01:24:26.127109,2026-06-30T03:06:26.127109,4.56,MEDIUM,0.59,102,2026-07-01T00:00:00
CURR01749,1ZSLTF94RV1GT8G05I,LOC053,LOC061,LOC006,RT-LOC053-LOC052-LOC007,IN_TRANSIT,High,Standard,67.37,2026-06-30T17:49:45.055550,2026-06-30T19:34:45.055550,4.25,MEDIUM,0.562,105,2026-07-01T00:00:00
CURR01750,1ZAIN8CXZ2KNRQ38G5,LOC045,LOC010,LOC030,RT-LOC045-LOC015-LOC069,IN_TRANSIT,Normal,Express,118.74,2026-06-30T02:54:38.176225,2026-06-30T03:57:38.176225,3.88,MEDIUM,0.512,63,2026-07-01T00:00:00
CURR01751,1ZJ4IRF5N028QFKPO0,LOC040,LOC055,LOC022,RT-LOC040-LOC038-LOC045,IN_TRANSIT,High,International,42.94,2026-06-30T07:23:36.587940,2026-06-30T08:53:36.587940,4.48,MEDIUM,0.566,90,2026-07-01T00:00:00
CURR01752,1ZELTA3PAV1YONMHY5,LOC015,LOC007,LOC002,RT-LOC015-LOC069-LOC016,IN_TRANSIT,Normal,Standard,13.92,2026-06-30T13:31:33.186778,2026-06-30T15:29:33.186778,3.95,MEDIUM,0.485,118,2026-07-01T00:00:00
CURR01753,1Z8TS60DDXMYVIJMNC,LOC017,LOC008,LOC009,RT-LOC017-LOC006-LOC003,IN_TRANSIT,High,Standard,6.52,2026-07-01T00:11:02.635280,2026-07-01T01:47:02.635280,3.91,MEDIUM,0.611,96,2026-07-01T00:00:00
CURR01754,1ZKNJU2B0OZHL55OAU,LOC019,LOC015,LOC050,RT-LOC019-LOC060-LOC059,PROCESSING,High,Standard,4.58,2026-07-01T02:22:18.893457,2026-07-01T03:30:18.893457,3.89,MEDIUM,0.514,68,2026-07-01T00:00:00
CURR01755,1ZN5N4ZYP8FT06OTB2,LOC070,LOC072,LOC049,RT-LOC070-LOC049-LOC072,IN_TRANSIT,Normal,Standard,42.8,2026-06-29T15:24:05.893811,2026-06-29T17:58:05.893811,3.76,MEDIUM,0.688,154,2026-07-01T00:00:00
CURR01756,1ZP91ITAVJU0J2CCVI,LOC053,LOC074,LOC002,RT-LOC053-LOC052-LOC007,IN_TRANSIT,Low,Standard,76.44,2026-06-30T16:22:41.860068,2026-06-30T17:59:41.860068,2.88,LOW,0.401,97,2026-07-01T00:00:00
CURR01757,1ZCEDFX30AST4O0YUS,LOC054,LOC057,LOC009,RT-LOC054-LOC009-LOC055,DELAYED,Normal,Standard,53.09,2026-06-30T21:32:54.102216,2026-07-01T00:00:54.102216,3.63,MEDIUM,0.482,148,2026-07-01T00:00:00
CURR01758,1ZYECIO9ALXBO914QS,LOC041,LOC064,LOC069,RT-LOC041-LOC042-LOC047,DELAYED,High,Express,51.63,2026-06-30T05:08:34.254875,2026-06-30T05:59:34.254875,3.28,MEDIUM,0.388,51,2026-07-01T00:00:00
CURR01759,1ZEO32AJ2Z25V7OQP6,LOC054,LOC037,LOC032,RT-LOC054-LOC009-LOC010,DELAYED,Normal,Express,116.26,2026-07-01T11:48:28.795404,2026-07-01T13:47:28.795404,5.09,HIGH,0.771,119,2026-07-01T00:00:00
CURR01760,1Z4T4NPNYP0KHV2G7T,LOC039,LOC067,LOC038,RT-LOC039-LOC040-LOC038,IN_TRANSIT,Critical,Express,17.2,2026-06-30T17:05:24.663404,2026-06-30T19:14:24.663404,3.7,MEDIUM,0.542,129,2026-07-01T00:00:00
CURR01761,1Z726R13NU7CZZQ3LX,LOC038,LOC001,LOC030,RT-LOC038-LOC045-LOC015,PROCESSING,Low,Fragile,17.65,2026-06-29T21:44:50.224564,2026-06-29T23:22:50.224564,4.01,MEDIUM,0.547,98,2026-07-01T00:00:00
CURR01762,1Z7ZNUAUDZUP48DQ6J,LOC073,LOC033,LOC069,RT-LOC073-LOC045-LOC015,IN_TRANSIT,High,Express,14.37,2026-07-01T00:42:18.825611,2026-07-01T01:17:18.825611,4.04,MEDIUM,0.531,35,2026-07-01T00:00:00
CURR01763,1ZMW50U8G5LRLDCFKD,LOC051,LOC006,LOC029,RT-LOC051-LOC029-LOC007,IN_TRANSIT,High,Temperature Sensitive,67.14,2026-06-29T21:37:30.911168,2026-06-29T22:25:30.911168,3.84,MEDIUM,0.498,48,2026-07-01T00:00:00
CURR01764,1Z6EWXZKGIU8T3UZ03,LOC058,LOC056,LOC055,RT-LOC058-LOC055-LOC056,IN_TRANSIT,Normal,Express,76.56,2026-06-30T14:27:07.741303,2026-06-30T16:10:07.741303,3.69,MEDIUM,0.509,103,2026-07-01T00:00:00
CURR01765,1ZON7QO0GHHQNFETQP,LOC045,LOC016,LOC015,RT-LOC045-LOC015-LOC069,OUT_FOR_DELIVERY,High,International,18.15,2026-06-30T08:41:48.827411,2026-06-30T09:58:48.827411,4.09,MEDIUM,0.535,77,2026-07-01T00:00:00
CURR01766,1ZAV4U08ZW8FCXMNSZ,LOC007,LOC020,LOC009,RT-LOC007-LOC052-LOC009,OUT_FOR_DELIVERY,High,Standard,15.75,2026-06-29T15:15:55.488696,2026-06-29T18:23:55.488696,4.52,MEDIUM,0.754,188,2026-07-01T00:00:00
CURR01767,1ZO1QRRLSWEQM2MUX6,LOC049,LOC055,LOC007,RT-LOC049-LOC050-LOC051,IN_TRANSIT,Low,Express,113.06,2026-06-30T02:38:01.035593,2026-06-30T02:58:01.035593,3.1,MEDIUM,0.396,20,2026-07-01T00:00:00
CURR01768,1ZLXZB8LWNGSCJXTR6,LOC055,LOC025,LOC020,RT-LOC055-LOC008-LOC009,PROCESSING,High,Fragile,65.81,2026-06-30T12:06:32.393878,2026-06-30T12:44:32.393878,3.21,MEDIUM,0.455,38,2026-07-01T00:00:00
CURR01769,1ZNMF72G838PERLW88,LOC001,LOC028,LOC028,RT-LOC001-LOC051-LOC028,OUT_FOR_DELIVERY,High,Standard,18.3,2026-06-30T08:23:36.012794,2026-06-30T10:11:36.012794,3.52,MEDIUM,0.433,108,2026-07-01T00:00:00
CURR01770,1ZRDQQ7CN7JN8278OP,LOC026,LOC067,LOC063,RT-LOC026-LOC027-LOC063,PROCESSING,Low,Temperature Sensitive,23.3,2026-06-29T23:55:01.055338,2026-06-30T01:45:01.055338,3.89,MEDIUM,0.619,110,2026-07-01T00:00:00
CURR01771,1Z80722CG1LRWK2F3X,LOC021,LOC075,LOC016,RT-LOC021-LOC004-LOC007,DELAYED,Normal,Priority,2.74,2026-07-01T09:07:55.998022,2026-07-01T10:52:55.998022,4.75,MEDIUM,0.59,105,2026-07-01T00:00:00
CURR01772,1ZLIXM55QBYFHG7J5Z,LOC053,LOC038,LOC065,RT-LOC053-LOC052-LOC007,PROCESSING,Critical,Standard,28.98,2026-06-30T23:12:34.197769,2026-07-01T00:38:34.197769,3.78,MEDIUM,0.444,86,2026-07-01T00:00:00
CURR01773,1Z2DOJM3HI6A37MOO4,LOC055,LOC038,LOC019,RT-LOC055-LOC008-LOC009,IN_TRANSIT,High,Standard,75.72,2026-07-01T05:35:15.032598,2026-07-01T07:15:15.032598,4.12,MEDIUM,0.546,100,2026-07-01T00:00:00
CURR01774,1ZQ8PTK19L6SLZCLAZ,LOC037,LOC023,LOC016,RT-LOC037-LOC038-LOC045,DELAYED,High,International,23.64,2026-06-30T10:30:10.907838,2026-06-30T11:16:10.907838,3.05,MEDIUM,0.392,46,2026-07-01T00:00:00
CURR01775,1ZWBKBNL2S2GR86VDO,LOC004,LOC052,LOC004,RT-LOC004-LOC052,IN_TRANSIT,Normal,Priority,25.26,2026-06-30T10:31:46.024540,2026-06-30T10:59:46.024540,3.02,MEDIUM,0.407,28,2026-07-01T00:00:00
CURR01776,1Z0BT2QNI74XZTESPG,LOC069,LOC074,LOC015,RT-LOC069-LOC015-LOC045,IN_TRANSIT,Normal,Express,46.89,2026-06-29T19:57:06.027249,2026-06-29T22:13:06.027249,4.8,MEDIUM,0.604,136,2026-07-01T00:00:00
CURR01777,1Z0GDVOUHW5EWCD6YK,LOC018,LOC071,LOC005,RT-LOC018-LOC059-LOC005,DELAYED,High,Express,20.77,2026-07-01T01:39:22.404879,2026-07-01T02:07:22.404879,2.67,LOW,0.327,28,2026-07-01T00:00:00
CURR01778,1Z6KOOXUX9V9JA4972,LOC037,LOC056,LOC016,RT-LOC037-LOC038-LOC045,IN_TRANSIT,Low,Standard,4.96,2026-07-01T20:42:50.694158,2026-07-01T21:39:50.694158,2.66,LOW,0.397,57,2026-07-01T00:00:00
CURR01779,1ZW4CDO46GH5FBXLC6,LOC064,LOC025,LOC027,RT-LOC064-LOC066-LOC062,OUT_FOR_DELIVERY,Low,Standard,43.23,2026-06-30T21:48:39.023202,2026-06-30T22:45:39.023202,2.77,LOW,0.329,57,2026-07-01T00:00:00
CURR01780,1Z2QFGPV6ILR9OE5YZ,LOC042,LOC059,LOC016,RT-LOC042-LOC047-LOC038,OUT_FOR_DELIVERY,High,Priority,140.84,2026-06-30T21:44:13.554281,2026-06-30T23:27:13.554281,4.47,MEDIUM,0.606,103,2026-07-01T00:00:00
CURR01781,1Z0YKU8MZGSJRAZ68N,LOC053,LOC057,LOC009,RT-LOC053-LOC052-LOC009,IN_TRANSIT,Critical,Standard,1.8,2026-06-30T16:21:03.677057,2026-06-30T16:45:03.677057,2.35,LOW,0.282,24,2026-07-01T00:00:00
CURR01782,1ZJI8S3C1CQG4BI7P5,LOC063,LOC039,LOC033,RT-LOC063-LOC066-LOC065,PROCESSING,Normal,Priority,4.07,2026-06-30T10:34:40.755153,2026-06-30T13:25:40.755153,4.73,MEDIUM,0.633,171,2026-07-01T00:00:00
CURR01783,1ZLQYK5XERPG0DFWMW,LOC020,LOC029,LOC002,RT-LOC020-LOC021-LOC004,OUT_FOR_DELIVERY,Low,Standard,1.93,2026-06-30T18:45:16.318365,2026-06-30T18:52:16.318365,2.1,LOW,0.22,7,2026-07-01T00:00:00
CURR01784,1Z2G5ZUEL51R9BNSGD,LOC062,LOC073,LOC032,RT-LOC062-LOC066-LOC065,OUT_FOR_DELIVERY,High,International,49.2,2026-06-30T13:08:34.364663,2026-06-30T15:22:34.364663,4.26,MEDIUM,0.553,134,2026-07-01T00:00:00
CURR01785,1Z8S31G6T5857B7421,LOC071,LOC063,LOC012,RT-LOC071-LOC050-LOC016,IN_TRANSIT,Normal,Standard,6.14,2026-06-30T10:23:59.702769,2026-06-30T12:14:59.702769,4.73,MEDIUM,0.633,111,2026-07-01T00:00:00
CURR01786,1ZY0V8KP4W5JAGYU4O,LOC001,LOC059,LOC059,RT-LOC001-LOC002-LOC059,OUT_FOR_DELIVERY,High,Priority,59.54,2026-06-29T11:57:41.480843,2026-06-29T13:23:41.480843,3.26,MEDIUM,0.373,86,2026-07-01T00:00:00
CURR01787,1Z32P01D2WZF40GU7Y,LOC001,LOC006,LOC007,RT-LOC001-LOC007-LOC006,IN_TRANSIT,High,Express,41.44,2026-06-29T16:03:50.379320,2026-06-29T17:05:50.379320,3.05,MEDIUM,0.47,62,2026-07-01T00:00:00
CURR01788,1ZYGXOETEVRMYD8LZL,LOC046,LOC014,LOC015,RT-LOC046-LOC047-LOC038,IN_TRANSIT,High,International,45.53,2026-06-29T19:41:19.274941,2026-06-29T20:27:19.274941,4.84,MEDIUM,0.654,46,2026-07-01T00:00:00
CURR01789,1ZC81K49PLS74LOQGY,LOC031,LOC015,LOC069,RT-LOC031-LOC069-LOC015,IN_TRANSIT,Low,Standard,20.77,2026-06-29T16:21:26.673671,2026-06-29T18:07:26.673671,3.66,MEDIUM,0.487,106,2026-07-01T00:00:00
CURR01790,1ZST61SWF4IEO0AM1D,LOC072,LOC034,LOC065,RT-LOC072-LOC028-LOC050,IN_TRANSIT,Low,Express,99.66,2026-07-01T00:21:42.099969,2026-07-01T00:52:42.099969,3.97,MEDIUM,0.484,31,2026-07-01T00:00:00
CURR01791,1ZG4LJIA13W16WUWWK,LOC070,LOC017,LOC030,RT-LOC070-LOC016-LOC030,IN_TRANSIT,Low,Fragile,91.21,2026-06-30T19:35:10.873751,2026-06-30T20:24:10.873751,2.97,LOW,0.301,49,2026-07-01T00:00:00
CURR01792,1ZIGC10A3NYJVWPIN0,LOC023,LOC067,LOC018,RT-LOC023-LOC019-LOC013,IN_TRANSIT,High,Standard,57.49,2026-06-29T23:40:52.845258,2026-06-30T00:57:52.845258,3.44,MEDIUM,0.397,77,2026-07-01T00:00:00
CURR01793,1ZFMB93S8RHY8LDX1I,LOC069,LOC072,LOC049,RT-LOC069-LOC070-LOC049,IN_TRANSIT,Normal,Express,66.91,2026-06-29T18:09:39.000221,2026-06-29T19:29:39.000221,3.03,MEDIUM,0.332,80,2026-07-01T00:00:00
CURR01794,1ZBKLYP6VCUB9S6YC2,LOC075,LOC033,LOC015,RT-LOC075-LOC044-LOC074,IN_TRANSIT,Low,Standard,2.76,2026-07-01T02:52:51.121004,2026-07-01T05:40:51.121004,4.35,MEDIUM,0.628,168,2026-07-01T00:00:00
CURR01795,1Z6HWP9PGZ2C0AIM0P,LOC048,LOC039,LOC037,RT-LOC048-LOC037-LOC038,OUT_FOR_DELIVERY,Normal,International,10.59,2026-06-30T06:30:56.150764,2026-06-30T08:02:56.150764,4.34,MEDIUM,0.635,92,2026-07-01T00:00:00
CURR01796,1ZCP9AG7EZ4UX338HQ,LOC052,LOC035,LOC062,RT-LOC052-LOC007-LOC006,IN_TRANSIT,Critical,Standard,9.18,2026-06-30T19:09:23.953890,2026-06-30T19:36:23.953890,3.2,MEDIUM,0.384,27,2026-07-01T00:00:00
CURR01797,1ZZ0GP5HDMT3VE9JM4,LOC046,LOC060,LOC030,RT-LOC046-LOC047-LOC038,IN_TRANSIT,High,Express,31.9,2026-07-01T05:00:47.135922,2026-07-01T06:45:47.135922,3.08,MEDIUM,0.45,105,2026-07-01T00:00:00
CURR01798,1ZFOOUQQEY39PE34JB,LOC057,LOC005,LOC009,RT-LOC057-LOC055-LOC008,IN_TRANSIT,Low,Express,33.58,2026-06-29T13:34:37.601645,2026-06-29T16:21:37.601645,4.25,MEDIUM,0.646,167,2026-07-01T00:00:00
CURR01799,1ZU4JWDO19XBMI684S,LOC006,LOC007,LOC003,RT-LOC006-LOC003-LOC007,DELAYED,High,Express,3.11,2026-06-30T19:23:27.720470,2026-06-30T20:09:27.720470,3.0,LOW,0.309,46,2026-07-01T00:00:00
CURR01800,1ZHD1PLZTA7QEU7P99,LOC004,LOC057,LOC009,RT-LOC004-LOC009-LOC055,IN_TRANSIT,Normal,Express,79.21,2026-06-29T12:50:11.858082,2026-06-29T14:06:11.858082,2.95,LOW,0.299,76,2026-07-01T00:00:00
CURR01801,1ZF47WB7MHYX4C1JW7,LOC032,LOC070,LOC033,RT-LOC032-LOC033-LOC014,IN_TRANSIT,Normal,Standard,13.53,2026-06-30T10:03:15.393378,2026-06-30T11:14:15.393378,3.01,MEDIUM,0.33,71,2026-07-01T00:00:00
CURR01802,1ZI2VU8GKA1KXQ8H0S,LOC017,LOC039,LOC066,RT-LOC017-LOC059-LOC005,OUT_FOR_DELIVERY,High,Express,22.44,2026-06-30T15:20:26.358464,2026-06-30T16:10:26.358464,4.59,MEDIUM,0.589,50,2026-07-01T00:00:00
CURR01803,1ZF912O9BZJ7MX2P4B,LOC051,LOC035,LOC016,RT-LOC051-LOC028-LOC050,DELAYED,High,Standard,66.69,2026-06-30T20:50:51.918038,2026-06-30T22:18:51.918038,3.56,MEDIUM,0.437,88,2026-07-01T00:00:00
CURR01804,1ZRPGLAKD4M77BTVQ0,LOC014,LOC051,LOC070,RT-LOC014-LOC031-LOC070,IN_TRANSIT,Normal,Express,13.65,2026-06-29T23:44:46.150625,2026-06-30T01:20:46.150625,3.67,MEDIUM,0.479,96,2026-07-01T00:00:00
CURR01805,1ZKN0NR9R9GY9QVRZP,LOC005,LOC032,LOC062,RT-LOC005-LOC018-LOC062,IN_TRANSIT,Normal,Priority,101.18,2026-06-30T00:32:19.007684,2026-06-30T02:07:19.007684,3.54,MEDIUM,0.46,95,2026-07-01T00:00:00
CURR01806,1ZPAI35PXDKZV0VORJ,LOC009,LOC033,LOC023,RT-LOC009-LOC010-LOC020,IN_TRANSIT,Normal,Fragile,13.96,2026-06-29T23:20:22.938220,2026-06-29T23:45:22.938220,4.74,MEDIUM,0.628,25,2026-07-01T00:00:00
CURR01807,1ZZS0YH4QZ7RQD7WRF,LOC072,LOC064,LOC030,RT-LOC072-LOC028-LOC050,DELAYED,Normal,Express,40.54,2026-06-30T06:40:20.096118,2026-06-30T08:11:20.096118,3.35,MEDIUM,0.433,91,2026-07-01T00:00:00
CURR01808,1Z0QQN10L4Q50LD198,LOC040,LOC050,LOC069,RT-LOC040-LOC038-LOC045,OUT_FOR_DELIVERY,High,International,17.83,2026-06-30T16:22:09.683697,2026-06-30T19:08:09.683697,3.88,MEDIUM,0.602,166,2026-07-01T00:00:00
CURR01809,1Z4EY9GZ0O2U21F34Q,LOC051,LOC027,LOC030,RT-LOC051-LOC028-LOC050,OUT_FOR_DELIVERY,Normal,Standard,9.57,2026-06-30T07:36:17.869473,2026-06-30T08:54:17.869473,3.55,MEDIUM,0.41,78,2026-07-01T00:00:00
CURR01810,1ZPUEBSNIZFBLDUX9O,LOC002,LOC032,LOC050,RT-LOC002-LOC029-LOC051,IN_TRANSIT,High,Fragile,13.08,2026-06-29T18:08:38.535487,2026-06-29T19:57:38.535487,4.49,MEDIUM,0.58,109,2026-07-01T00:00:00
CURR01811,1Z4Y6DJWED5TXZI5MQ,LOC073,LOC009,LOC012,RT-LOC073-LOC045-LOC015,OUT_FOR_DELIVERY,Critical,Fragile,17.9,2026-06-30T04:08:15.959415,2026-06-30T05:54:15.959415,5.13,HIGH,0.628,106,2026-07-01T00:00:00
CURR01812,1ZCRFOWA1DKDD0THRN,LOC009,LOC043,LOC065,RT-LOC009-LOC010-LOC020,IN_TRANSIT,Normal,Temperature Sensitive,79.49,2026-07-02T00:33:30.432871,2026-07-02T02:04:30.432871,3.68,MEDIUM,0.431,91,2026-07-01T00:00:00
CURR01813,1Z6RALUXDMM3U6Z1LA,LOC036,LOC057,LOC018,RT-LOC036-LOC015-LOC069,PROCESSING,Low,International,40.86,2026-07-01T05:13:05.906967,2026-07-01T06:45:05.906967,4.01,MEDIUM,0.468,92,2026-07-01T00:00:00
CURR01814,1ZDKFA05BXDDCYH6S7,LOC007,LOC034,LOC062,RT-LOC007-LOC006-LOC059,DELAYED,Normal,Standard,30.78,2026-06-29T17:37:54.710295,2026-06-29T18:34:54.710295,3.38,MEDIUM,0.394,57,2026-07-01T00:00:00
CURR01815,1ZB4C3K2G3CC4BLE3V,LOC068,LOC015,LOC015,RT-LOC068-LOC069-LOC015,IN_TRANSIT,Normal,Fragile,172.48,2026-06-30T23:27:14.416801,2026-07-01T02:03:14.416801,3.5,MEDIUM,0.486,156,2026-07-01T00:00:00
CURR01816,1ZDFLQUPB34F1XZ52J,LOC075,LOC062,LOC030,RT-LOC075-LOC044-LOC074,PROCESSING,High,Standard,2.1,2026-07-01T16:10:35.581420,2026-07-01T17:37:35.581420,3.32,MEDIUM,0.391,87,2026-07-01T00:00:00
CURR01817,1Z4UXF0955CAXNVV0Q,LOC013,LOC039,LOC035,RT-LOC013-LOC062-LOC066,DELAYED,High,Standard,68.01,2026-06-30T06:57:15.939204,2026-06-30T09:04:15.939204,4.01,MEDIUM,0.501,127,2026-07-01T00:00:00
CURR01818,1Z6FA2VEMAZ3CQIOYT,LOC065,LOC025,LOC063,RT-LOC065-LOC066-LOC062,DELAYED,Normal,Express,77.37,2026-07-01T06:43:47.556327,2026-07-01T09:56:47.556327,5.3,HIGH,0.813,193,2026-07-01T00:00:00
CURR01819,1ZMJVPTS1YI2J5V0HV,LOC060,LOC041,LOC038,RT-LOC060-LOC013-LOC062,IN_TRANSIT,Low,Fragile,5.24,2026-06-30T13:06:19.418064,2026-06-30T16:11:19.418064,4.43,MEDIUM,0.562,185,2026-07-01T00:00:00
CURR01820,1ZU9ZLBLJO7SMO09LT,LOC030,LOC018,LOC018,RT-LOC030-LOC012-LOC018,IN_TRANSIT,Low,Express,7.52,2026-06-29T06:15:29.946329,2026-06-29T06:39:29.946329,3.37,MEDIUM,0.363,24,2026-07-01T00:00:00
CURR01821,1ZLY61L8TB786VOKNN,LOC046,LOC067,LOC030,RT-LOC046-LOC047-LOC038,OUT_FOR_DELIVERY,Low,Standard,10.61,2026-06-30T18:10:01.965409,2026-06-30T18:57:01.965409,3.16,MEDIUM,0.36,47,2026-07-01T00:00:00
CURR01822,1ZG0JFROMM74NUXWL1,LOC003,LOC051,LOC005,RT-LOC003-LOC007-LOC006,IN_TRANSIT,Normal,International,77.31,2026-06-29T20:04:33.549304,2026-06-29T21:58:33.549304,3.82,MEDIUM,0.492,114,2026-07-01T00:00:00
CURR01823,1Z2XSVLZWQKMYJ1W6M,LOC020,LOC007,LOC004,RT-LOC020-LOC021-LOC004,IN_TRANSIT,Low,Standard,7.36,2026-06-30T15:20:36.403712,2026-06-30T18:43:36.403712,3.91,MEDIUM,0.753,203,2026-07-01T00:00:00
CURR01824,1ZD1R2D3B1YCHIVKV0,LOC062,LOC016,LOC029,RT-LOC062-LOC061-LOC060,IN_TRANSIT,Critical,Standard,17.96,2026-06-30T04:58:29.041416,2026-06-30T05:30:29.041416,4.1,MEDIUM,0.458,32,2026-07-01T00:00:00
CURR01825,1ZIRQY1YJOHJBA63PT,LOC042,LOC027,LOC016,RT-LOC042-LOC047-LOC038,PROCESSING,High,Standard,63.21,2026-07-01T18:57:12.246729,2026-07-01T23:43:12.246729,5.27,HIGH,0.825,286,2026-07-01T00:00:00
CURR01826,1ZA6A7OPFAHJH1I3SN,LOC037,LOC008,LOC030,RT-LOC037-LOC038-LOC045,IN_TRANSIT,Normal,Express,8.57,2026-06-30T19:00:12.361167,2026-06-30T22:26:12.361167,3.98,MEDIUM,0.555,206,2026-07-01T00:00:00
CURR01827,1Z5VZEB00WZ9DDIW83,LOC005,LOC046,LOC065,RT-LOC005-LOC018-LOC062,PROCESSING,Normal,Standard,137.52,2026-06-30T23:55:56.296964,2026-07-01T01:12:56.296964,3.53,MEDIUM,0.479,77,2026-07-01T00:00:00
CURR01828,1ZSA58AZ8EJYPAEEHC,LOC022,LOC042,LOC065,RT-LOC022-LOC021-LOC020,OUT_FOR_DELIVERY,Low,Fragile,19.87,2026-07-01T19:56:52.452838,2026-07-01T20:59:52.452838,3.92,MEDIUM,0.439,63,2026-07-01T00:00:00
CURR01829,1ZKM18GFT60JJP4RP4,LOC037,LOC068,LOC016,RT-LOC037-LOC038-LOC045,DELAYED,Critical,Priority,39.53,2026-06-30T19:35:46.662860,2026-06-30T22:01:46.662860,4.49,MEDIUM,0.605,146,2026-07-01T00:00:00
CURR01830,1Z1UNTFNSVF7HS027I,LOC032,LOC061,LOC018,RT-LOC032-LOC065-LOC067,IN_TRANSIT,Normal,International,11.39,2026-06-29T17:11:23.266808,2026-06-29T18:43:23.266808,3.61,MEDIUM,0.434,92,2026-07-01T00:00:00
CURR01831,1ZRPWYLDEJGE1ZP0EQ,LOC032,LOC070,LOC031,RT-LOC032-LOC033-LOC014,IN_TRANSIT,Normal,Priority,6.08,2026-06-29T10:29:38.965127,2026-06-29T12:57:38.965127,3.63,MEDIUM,0.564,148,2026-07-01T00:00:00
CURR01832,1Z3VTCXC4UIVA5DBRL,LOC010,LOC023,LOC020,RT-LOC010-LOC020-LOC023,IN_TRANSIT,Low,Express,24.32,2026-06-30T14:43:36.865634,2026-06-30T18:22:36.865634,4.71,MEDIUM,0.716,219,2026-07-01T00:00:00
CURR01833,1ZHA20JH1CA861EVUQ,LOC007,LOC052,LOC052,RT-LOC007-LOC052,PROCESSING,Critical,Express,5.91,2026-06-30T07:38:13.648799,2026-06-30T10:05:13.648799,4.74,MEDIUM,0.66,147,2026-07-01T00:00:00
CURR01834,1ZG1DNVDP0AH35G21G,LOC061,LOC035,LOC066,RT-LOC061-LOC062-LOC066,OUT_FOR_DELIVERY,Low,Priority,47.55,2026-06-30T11:07:16.457836,2026-06-30T14:07:16.457836,2.98,LOW,0.536,180,2026-07-01T00:00:00
CURR01835,1ZFUNWFZQB366QNJ07,LOC053,LOC014,LOC005,RT-LOC053-LOC052-LOC007,IN_TRANSIT,Low,International,81.57,2026-06-30T10:20:24.909764,2026-06-30T11:49:24.909764,4.46,MEDIUM,0.586,89,2026-07-01T00:00:00
CURR01836,1ZGIZ5E9GWH9KHAM64,LOC070,LOC073,LOC015,RT-LOC070-LOC069-LOC015,IN_TRANSIT,High,International,3.3,2026-06-30T13:23:10.670841,2026-06-30T14:42:10.670841,3.16,MEDIUM,0.406,79,2026-07-01T00:00:00
CURR01837,1Z4R07VX5OFBERXPH8,LOC003,LOC009,LOC007,RT-LOC003-LOC007-LOC052,DELAYED,Normal,Standard,106.01,2026-06-30T04:39:48.467845,2026-06-30T05:14:48.467845,2.39,LOW,0.272,35,2026-07-01T00:00:00
CURR01838,1ZWDS9Z1GR5Y2PHD69,LOC028,LOC049,LOC016,RT-LOC028-LOC050-LOC016,DELAYED,Low,Express,84.25,2026-06-29T09:09:11.759187,2026-06-29T11:13:11.759187,4.77,MEDIUM,0.66,124,2026-07-01T00:00:00
CURR01839,1ZLGHFNIE2XQBNU8F8,LOC012,LOC006,LOC018,RT-LOC012-LOC018-LOC059,OUT_FOR_DELIVERY,Normal,Priority,18.18,2026-06-30T23:36:36.916160,2026-07-01T00:08:36.916160,3.09,MEDIUM,0.392,32,2026-07-01T00:00:00
CURR01840,1ZTM31YZVFZ7PVHETG,LOC006,LOC047,LOC065,RT-LOC006-LOC059-LOC005,OUT_FOR_DELIVERY,High,International,22.1,2026-06-30T20:32:50.250013,2026-06-30T23:26:50.250013,4.61,MEDIUM,0.735,174,2026-07-01T00:00:00
CURR01841,1ZO20SE5X6AM0H83Y0,LOC020,LOC065,LOC019,RT-LOC020-LOC023-LOC019,OUT_FOR_DELIVERY,High,Temperature Sensitive,15.96,2026-06-29T18:20:48.714396,2026-06-29T18:45:48.714396,2.94,LOW,0.322,25,2026-07-01T00:00:00
CURR01842,1ZIYJYS9UIP7GF0231,LOC007,LOC010,LOC052,RT-LOC007-LOC052-LOC009,IN_TRANSIT,High,International,53.81,2026-06-30T05:03:23.689710,2026-06-30T06:43:23.689710,3.32,MEDIUM,0.445,100,2026-07-01T00:00:00
CURR01843,1ZRCVKUZJ2YON1623K,LOC062,LOC042,LOC035,RT-LOC062-LOC066-LOC065,IN_TRANSIT,Low,International,28.44,2026-06-30T18:07:22.886999,2026-06-30T18:47:22.886999,3.84,MEDIUM,0.441,40,2026-07-01T00:00:00
CURR01844,1ZLHLYX4PRMVC6IFQ1,LOC073,LOC060,LOC018,RT-LOC073-LOC045-LOC015,OUT_FOR_DELIVERY,Normal,Priority,27.36,2026-06-30T20:28:18.845163,2026-06-30T22:29:18.845163,3.49,MEDIUM,0.424,121,2026-07-01T00:00:00
CURR01845,1ZCOS6XYWXG57V0D54,LOC020,LOC032,LOC013,RT-LOC020-LOC023-LOC019,IN_TRANSIT,High,Priority,44.26,2026-06-30T08:56:51.006420,2026-06-30T10:50:51.006420,3.46,MEDIUM,0.451,114,2026-07-01T00:00:00
CURR01846,1ZTCWXQFQ7CL35OHTP,LOC047,LOC040,LOC040,RT-LOC047-LOC039-LOC040,IN_TRANSIT,High,Priority,37.1,2026-06-29T06:39:47.209457,2026-06-29T09:31:47.209457,3.9,MEDIUM,0.76,172,2026-07-01T00:00:00
CURR01847,1ZE4RAUW7HJUN1JRAR,LOC045,LOC024,LOC030,RT-LOC045-LOC015-LOC069,DELAYED,Low,Standard,66.92,2026-06-30T21:39:44.572792,2026-06-30T22:50:44.572792,3.42,MEDIUM,0.412,71,2026-07-01T00:00:00
CURR01848,1ZXORVGGGICVOM9A3Q,LOC020,LOC054,LOC009,RT-LOC020-LOC010-LOC008,IN_TRANSIT,Normal,Standard,5.16,2026-06-29T08:14:58.912740,2026-06-29T10:39:58.912740,3.15,MEDIUM,0.511,145,2026-07-01T00:00:00
CURR01849,1ZL0T9QFGYD8K8QB7G,LOC037,LOC004,LOC069,RT-LOC037-LOC038-LOC045,PROCESSING,High,Temperature Sensitive,40.2,2026-07-01T23:16:04.812166,2026-07-02T01:37:04.812166,4.41,MEDIUM,0.556,141,2026-07-01T00:00:00
CURR01850,1ZZBVV26Q5SR1S2DLM,LOC027,LOC052,LOC003,RT-LOC027-LOC063-LOC061,IN_TRANSIT,Normal,Fragile,22.93,2026-06-30T16:16:26.750553,2026-06-30T16:54:26.750553,4.06,MEDIUM,0.509,38,2026-07-01T00:00:00
CURR01851,1ZVCVQ4SH14XY256RS,LOC070,LOC014,LOC031,RT-LOC070-LOC031-LOC014,IN_TRANSIT,Normal,International,0.8,2026-06-30T05:15:21.670198,2026-06-30T08:16:21.670198,4.08,MEDIUM,0.668,181,2026-07-01T00:00:00
CURR01852,1ZC1BOY762AKWMSEY2,LOC064,LOC067,LOC067,RT-LOC064-LOC067,IN_TRANSIT,High,International,76.13,2026-06-29T07:09:49.327250,2026-06-29T07:34:49.327250,2.48,LOW,0.303,25,2026-07-01T00:00:00
CURR01853,1Z02IAFALDLJKH35SC,LOC018,LOC029,LOC002,RT-LOC018-LOC059-LOC005,OUT_FOR_DELIVERY,Normal,Express,74.92,2026-06-30T05:42:58.945210,2026-06-30T06:17:58.945210,3.65,MEDIUM,0.438,35,2026-07-01T00:00:00
CURR01854,1Z7E4CBJCZC2AIOWR0,LOC071,LOC023,LOC012,RT-LOC071-LOC050-LOC016,DELAYED,Low,Fragile,40.99,2026-06-30T02:31:53.803017,2026-06-30T05:18:53.803017,3.16,MEDIUM,0.559,167,2026-07-01T00:00:00
CURR01855,1ZFMYV5O22BEAGPT9W,LOC054,LOC061,LOC010,RT-LOC054-LOC009-LOC010,IN_TRANSIT,Normal,International,64.29,2026-06-29T11:22:58.444120,2026-06-29T13:04:58.444120,3.83,MEDIUM,0.452,102,2026-07-01T00:00:00
CURR01856,1ZURVDTJSBK6HX18TY,LOC010,LOC073,LOC005,RT-LOC010-LOC020-LOC021,IN_TRANSIT,Low,Express,13.05,2026-07-01T18:08:31.727782,2026-07-01T18:31:31.727782,3.97,MEDIUM,0.49,23,2026-07-01T00:00:00
CURR01857,1ZD2YAIJY9645AAOOK,LOC073,LOC028,LOC015,RT-LOC073-LOC045-LOC015,PROCESSING,Low,Temperature Sensitive,83.59,2026-07-01T02:18:21.886562,2026-07-01T02:56:21.886562,2.61,LOW,0.261,38,2026-07-01T00:00:00
CURR01858,1ZH3SOVI1ZDH1BFSB6,LOC031,LOC020,LOC018,RT-LOC031-LOC070-LOC016,IN_TRANSIT,Critical,International,9.92,2026-06-30T12:38:26.386547,2026-06-30T13:50:26.386547,3.49,MEDIUM,0.405,72,2026-07-01T00:00:00
CURR01859,1ZIEZCN5Z933997EO2,LOC051,LOC024,LOC016,RT-LOC051-LOC028-LOC050,IN_TRANSIT,Normal,Fragile,14.19,2026-06-30T23:13:01.641860,2026-07-01T00:16:01.641860,3.43,MEDIUM,0.396,63,2026-07-01T00:00:00
CURR01860,1ZU3YEFAK6VN9B5HLT,LOC062,LOC075,LOC035,RT-LOC062-LOC066-LOC065,OUT_FOR_DELIVERY,High,Priority,97.14,2026-07-01T15:48:15.524243,2026-07-01T19:28:15.524243,4.44,MEDIUM,0.663,220,2026-07-01T00:00:00
CURR01861,1ZECCGJULY0TSML5ER,LOC013,LOC060,LOC013,RT-LOC013-LOC060,OUT_FOR_DELIVERY,High,Express,4.36,2026-06-30T17:14:02.726444,2026-06-30T19:11:02.726444,3.62,MEDIUM,0.472,117,2026-07-01T00:00:00
CURR01862,1ZRJRIB10SFV8LD5MA,LOC059,LOC057,LOC003,RT-LOC059-LOC006-LOC003,IN_TRANSIT,Low,Fragile,96.47,2026-06-30T21:49:35.660672,2026-06-30T22:47:35.660672,2.91,LOW,0.316,58,2026-07-01T00:00:00
CURR01863,1ZN69AVIJ7VDHCB1DI,LOC049,LOC025,LOC026,RT-LOC049-LOC050-LOC016,PROCESSING,High,International,77.54,2026-06-30T07:42:49.881118,2026-06-30T08:30:49.881118,3.22,MEDIUM,0.409,48,2026-07-01T00:00:00
CURR01864,1ZBAY9KOMVP63WQ9UI,LOC070,LOC066,LOC067,RT-LOC070-LOC016-LOC030,OUT_FOR_DELIVERY,High,Express,57.01,2026-06-30T04:19:09.766585,2026-06-30T04:50:09.766585,4.24,MEDIUM,0.581,31,2026-07-01T00:00:00
CURR01865,1ZRCMZ19DXYRIFICUF,LOC037,LOC060,LOC069,RT-LOC037-LOC038-LOC045,DELAYED,Critical,Standard,68.43,2026-06-30T09:58:00.063481,2026-06-30T10:28:00.063481,3.36,MEDIUM,0.375,30,2026-07-01T00:00:00
CURR01866,1ZJYWV3DNUNVUDOZM4,LOC065,LOC038,LOC035,RT-LOC065-LOC032-LOC033,IN_TRANSIT,Normal,Standard,32.39,2026-06-29T12:01:19.278324,2026-06-29T14:53:19.278324,4.17,MEDIUM,0.57,172,2026-07-01T00:00:00
CURR01867,1ZAEXJZ6L9Z623QSQ9,LOC040,LOC022,LOC069,RT-LOC040-LOC038-LOC045,IN_TRANSIT,High,Standard,5.34,2026-07-01T09:38:27.761060,2026-07-01T10:39:27.761060,4.12,MEDIUM,0.492,61,2026-07-01T00:00:00
CURR01868,1ZSGJDST64BBYCDLLA,LOC013,LOC009,LOC021,RT-LOC013-LOC019-LOC022,OUT_FOR_DELIVERY,Normal,International,151.01,2026-06-30T16:33:20.431002,2026-06-30T18:36:20.431002,4.0,MEDIUM,0.542,123,2026-07-01T00:00:00
CURR01869,1Z6JUNCZ4EQGZDIS1T,LOC027,LOC011,LOC059,RT-LOC027-LOC063-LOC061,IN_TRANSIT,Normal,Fragile,30.6,2026-07-01T11:56:32.783184,2026-07-01T12:33:32.783184,4.08,MEDIUM,0.525,37,2026-07-01T00:00:00
CURR01870,1ZEZWD28KIVCH8C5LA,LOC047,LOC001,LOC030,RT-LOC047-LOC038-LOC045,OUT_FOR_DELIVERY,Low,Standard,4.8,2026-06-30T06:58:24.961619,2026-06-30T08:00:24.961619,3.45,MEDIUM,0.442,62,2026-07-01T00:00:00
CURR01871,1ZUAM5P146R3W4UIBV,LOC029,LOC019,LOC050,RT-LOC029-LOC051-LOC028,IN_TRANSIT,High,Standard,2.4,2026-06-29T12:56:32.280589,2026-06-29T15:11:32.280589,4.03,MEDIUM,0.556,135,2026-07-01T00:00:00
CURR01872,1ZKMF06EOJDBJLQTHY,LOC067,LOC005,LOC012,RT-LOC067-LOC012-LOC018,IN_TRANSIT,Normal,Standard,49.23,2026-06-29T13:14:59.196454,2026-06-29T14:11:59.196454,2.76,LOW,0.337,57,2026-07-01T00:00:00
CURR01873,1ZZO47EVUSNI3CJYED,LOC041,LOC008,LOC018,RT-LOC041-LOC042-LOC047,IN_TRANSIT,Normal,Standard,66.19,2026-06-30T14:33:04.623244,2026-06-30T16:29:04.623244,2.95,LOW,0.446,116,2026-07-01T00:00:00
CURR01874,1ZC0F42SXAH66ZXS2B,LOC040,LOC028,LOC049,RT-LOC040-LOC038-LOC045,DELAYED,Normal,International,29.15,2026-06-29T18:02:53.805673,2026-06-29T20:53:53.805673,3.8,MEDIUM,0.592,171,2026-07-01T00:00:00
CURR01875,1ZMAWRJ1N3KHDGCQ49,LOC018,LOC043,LOC047,RT-LOC018-LOC062-LOC066,IN_TRANSIT,High,Standard,181.98,2026-07-01T10:43:48.749088,2026-07-01T10:48:48.749088,3.39,MEDIUM,0.455,5,2026-07-01T00:00:00
CURR01876,1ZK7I7XHOJRQ63ACT0,LOC051,LOC007,LOC029,RT-LOC051-LOC029-LOC007,IN_TRANSIT,Low,Priority,7.77,2026-06-29T21:50:06.401574,2026-06-30T00:11:06.401574,3.98,MEDIUM,0.608,141,2026-07-01T00:00:00
CURR01877,1ZZNHASPVX1TIIA8YH,LOC035,LOC019,LOC030,RT-LOC035-LOC036-LOC015,OUT_FOR_DELIVERY,Low,International,15.93,2026-07-01T12:51:39.697300,2026-07-01T15:19:39.697300,4.87,MEDIUM,0.669,148,2026-07-01T00:00:00
CURR01878,1ZO82QFNHE0FI224YZ,LOC021,LOC073,LOC029,RT-LOC021-LOC004-LOC007,IN_TRANSIT,Normal,Express,117.9,2026-06-30T12:32:20.309973,2026-06-30T13:59:20.309973,2.69,LOW,0.4,87,2026-07-01T00:00:00
CURR01879,1ZIITA3VZMDKCRLHZK,LOC017,LOC008,LOC009,RT-LOC017-LOC006-LOC003,DELAYED,High,Fragile,44.29,2026-06-29T19:33:36.278802,2026-06-29T19:57:36.278802,2.32,LOW,0.243,24,2026-07-01T00:00:00
CURR01880,1Z2J7WZEMRDB76KBGE,LOC062,LOC032,LOC065,RT-LOC062-LOC066-LOC065,OUT_FOR_DELIVERY,High,International,105.99,2026-06-30T09:00:24.535575,2026-06-30T09:41:24.535575,3.85,MEDIUM,0.469,41,2026-07-01T00:00:00
CURR01881,1ZDAL8GSY1QRAQHRLT,LOC073,LOC054,LOC030,RT-LOC073-LOC045-LOC015,PROCESSING,Low,Express,59.5,2026-07-01T06:46:08.778174,2026-07-01T07:33:08.778174,4.64,MEDIUM,0.598,47,2026-07-01T00:00:00
CURR01882,1ZU02K4RX6Q5VKHJHD,LOC058,LOC075,LOC059,RT-LOC058-LOC055-LOC008,IN_TRANSIT,Normal,Standard,90.72,2026-07-01T00:36:23.401930,2026-07-01T02:11:23.401930,4.66,MEDIUM,0.6,95,2026-07-01T00:00:00
CURR01883,1ZGZO141QDWE9BZFBF,LOC055,LOC034,LOC020,RT-LOC055-LOC008-LOC009,IN_TRANSIT,Low,Express,13.31,2026-06-29T22:07:44.937600,2026-06-29T22:46:44.937600,3.88,MEDIUM,0.58,39,2026-07-01T00:00:00
CURR01884,1ZC74KFCPLOFITHZRR,LOC064,LOC070,LOC067,RT-LOC064-LOC067-LOC068,IN_TRANSIT,Normal,Fragile,37.08,2026-06-30T18:10:49.840577,2026-06-30T21:01:49.840577,3.79,MEDIUM,0.538,171,2026-07-01T00:00:00
CURR01885,1ZLMALBEHYYAFOKNB0,LOC051,LOC001,LOC029,RT-LOC051-LOC029-LOC001,DELAYED,Critical,Priority,127.52,2026-06-30T18:41:14.657587,2026-06-30T20:16:14.657587,3.45,MEDIUM,0.474,95,2026-07-01T00:00:00
CURR01886,1ZVVEBU52IMYKOM6P5,LOC026,LOC040,LOC066,RT-LOC026-LOC027-LOC063,PROCESSING,Low,Standard,20.66,2026-06-29T20:07:38.131982,2026-06-29T20:58:38.131982,2.81,LOW,0.337,51,2026-07-01T00:00:00
CURR01887,1ZZUOT5F2QHG8M2XDB,LOC028,LOC007,LOC051,RT-LOC028-LOC051-LOC029,DELAYED,High,Express,12.93,2026-06-29T15:07:00.894231,2026-06-29T18:08:00.894231,4.73,MEDIUM,0.745,181,2026-07-01T00:00:00
CURR01888,1ZGTKL9J7TY88WHSM8,LOC019,LOC011,LOC004,RT-LOC019-LOC022-LOC021,PROCESSING,Normal,Express,48.92,2026-06-30T06:18:26.047700,2026-06-30T07:21:26.047700,2.89,LOW,0.42,63,2026-07-01T00:00:00
CURR01889,1ZF2TA9MQ35KTBSKLV,LOC057,LOC049,LOC006,RT-LOC057-LOC055-LOC008,PROCESSING,High,Standard,23.85,2026-06-30T02:13:15.059155,2026-06-30T03:29:15.059155,3.48,MEDIUM,0.419,76,2026-07-01T00:00:00
CURR01890,1ZULBOI3XKVW4ZYEAT,LOC060,LOC029,LOC002,RT-LOC060-LOC059-LOC005,OUT_FOR_DELIVERY,Low,Standard,2.03,2026-06-30T18:42:33.822469,2026-06-30T20:07:33.822469,3.3,MEDIUM,0.419,85,2026-07-01T00:00:00
CURR01891,1ZEWI4F9S0SG7267UU,LOC036,LOC044,LOC047,RT-LOC036-LOC048-LOC037,IN_TRANSIT,Normal,Priority,135.07,2026-06-30T12:19:48.474563,2026-06-30T12:29:48.474563,3.11,MEDIUM,0.429,10,2026-07-01T00:00:00
CURR01892,1Z2PJJ0R3ZVR52FE8B,LOC069,LOC017,LOC030,RT-LOC069-LOC016-LOC030,OUT_FOR_DELIVERY,Normal,Standard,15.32,2026-06-30T15:34:40.434137,2026-06-30T17:07:40.434137,3.24,MEDIUM,0.399,93,2026-07-01T00:00:00
CURR01893,1Z8LE04HICCZAVRV8U,LOC046,LOC044,LOC044,RT-LOC046-LOC043-LOC044,PROCESSING,High,Priority,7.99,2026-06-30T04:19:09.757374,2026-06-30T04:30:09.757374,2.19,LOW,0.307,11,2026-07-01T00:00:00
CURR01894,1Z4CE3H2WLXKCUI11A,LOC010,LOC054,LOC008,RT-LOC010-LOC008-LOC009,OUT_FOR_DELIVERY,Low,Fragile,1.03,2026-06-30T01:44:41.054716,2026-06-30T02:23:41.054716,4.29,MEDIUM,0.525,39,2026-07-01T00:00:00
CURR01895,1ZHI2QBB4XN2VXLG41,LOC021,LOC052,LOC004,RT-LOC021-LOC004-LOC052,OUT_FOR_DELIVERY,Normal,International,3.13,2026-06-29T15:31:58.044893,2026-06-29T17:39:58.044893,3.43,MEDIUM,0.415,128,2026-07-01T00:00:00
CURR01896,1ZRBKBXKOM8WSXWBVW,LOC012,LOC016,LOC030,RT-LOC012-LOC030-LOC016,PROCESSING,Normal,Fragile,82.95,2026-06-30T23:46:37.946463,2026-07-01T00:51:37.946463,4.21,MEDIUM,0.511,65,2026-07-01T00:00:00
CURR01897,1ZRO6EPGJ2PDNDWJ2W,LOC047,LOC013,LOC069,RT-LOC047-LOC038-LOC045,DELAYED,Normal,Standard,26.42,2026-06-30T13:09:22.968396,2026-06-30T14:06:22.968396,3.78,MEDIUM,0.504,57,2026-07-01T00:00:00
CURR01898,1ZIVIFBRFI9MD554YF,LOC044,LOC009,LOC022,RT-LOC044-LOC074-LOC045,PROCESSING,Normal,Standard,52.35,2026-06-30T07:33:54.661226,2026-06-30T09:36:54.661226,4.31,MEDIUM,0.645,123,2026-07-01T00:00:00
CURR01899,1ZLAO324W6ETKFW682,LOC042,LOC064,LOC016,RT-LOC042-LOC047-LOC038,OUT_FOR_DELIVERY,Critical,International,35.26,2026-06-30T20:38:39.599948,2026-06-30T22:53:39.599948,3.7,MEDIUM,0.509,135,2026-07-01T00:00:00
CURR01900,1ZQ7T6HDDX6RRY4D95,LOC048,LOC008,LOC022,RT-LOC048-LOC036-LOC015,PROCESSING,Normal,Express,6.75,2026-07-01T23:05:57.424677,2026-07-01T23:38:57.424677,3.12,MEDIUM,0.354,33,2026-07-01T00:00:00
CURR01901,1Z444V9DDPRYZYZJ1R,LOC058,LOC027,LOC013,RT-LOC058-LOC055-LOC008,PROCESSING,Low,Temperature Sensitive,12.09,2026-06-30T09:53:46.584937,2026-06-30T12:26:46.584937,4.1,MEDIUM,0.498,153,2026-07-01T00:00:00
CURR01902,1Z4G0DKSL24M2ARKWS,LOC042,LOC026,LOC015,RT-LOC042-LOC047-LOC038,DELAYED,Normal,Express,28.54,2026-07-01T03:20:01.785387,2026-07-01T04:28:01.785387,3.14,MEDIUM,0.448,68,2026-07-01T00:00:00
CURR01903,1ZCBE3G7MFECQ3NIB5,LOC001,LOC048,LOC030,RT-LOC001-LOC051-LOC028,IN_TRANSIT,Normal,Standard,59.25,2026-06-30T17:35:56.424178,2026-06-30T19:09:56.424178,3.8,MEDIUM,0.476,94,2026-07-01T00:00:00
CURR01904,1ZCPI6XA02PQSQQMQV,LOC057,LOC014,LOC062,RT-LOC057-LOC055-LOC008,OUT_FOR_DELIVERY,Normal,Standard,83.42,2026-06-30T15:38:00.205551,2026-06-30T17:22:00.205551,3.54,MEDIUM,0.564,104,2026-07-01T00:00:00
CURR01905,1Z8GPTB29Y835NC840,LOC034,LOC057,LOC022,RT-LOC034-LOC032-LOC065,IN_TRANSIT,High,Express,62.24,2026-06-30T22:52:28.060346,2026-06-30T23:37:28.060346,3.0,LOW,0.381,45,2026-07-01T00:00:00
CURR01906,1ZEBFSIY61C6ZP29LP,LOC052,LOC064,LOC018,RT-LOC052-LOC007-LOC006,IN_TRANSIT,High,Priority,18.07,2026-06-29T16:04:46.558626,2026-06-29T17:22:46.558626,3.5,MEDIUM,0.461,78,2026-07-01T00:00:00
CURR01907,1ZG7Y38KWV0B2FZOHE,LOC008,LOC014,LOC023,RT-LOC008-LOC009-LOC010,IN_TRANSIT,Normal,Fragile,26.77,2026-07-01T02:55:06.288260,2026-07-01T03:57:06.288260,3.71,MEDIUM,0.479,62,2026-07-01T00:00:00
CURR01908,1Z66OT91WW22RE7SHS,LOC034,LOC022,LOC018,RT-LOC034-LOC032-LOC065,IN_TRANSIT,High,Standard,32.98,2026-06-30T02:05:11.380646,2026-06-30T04:02:11.380646,4.02,MEDIUM,0.611,117,2026-07-01T00:00:00
CURR01909,1ZST0J955CM925YO4X,LOC014,LOC028,LOC070,RT-LOC014-LOC031-LOC070,OUT_FOR_DELIVERY,Normal,Express,83.86,2026-06-30T03:38:03.206948,2026-06-30T04:06:03.206948,3.14,MEDIUM,0.413,28,2026-07-01T00:00:00
CURR01910,1ZUB9HRRKV91TZT7SZ,LOC020,LOC028,LOC006,RT-LOC020-LOC021-LOC004,PROCESSING,High,Temperature Sensitive,4.33,2026-06-29T22:49:32.525395,2026-06-30T00:12:32.525395,3.64,MEDIUM,0.418,83,2026-07-01T00:00:00
CURR01911,1ZA86J4MJUH1IN7AQA,LOC061,LOC051,LOC029,RT-LOC061-LOC060-LOC059,IN_TRANSIT,Critical,Temperature Sensitive,148.92,2026-06-29T09:33:51.508211,2026-06-29T11:45:51.508211,3.97,MEDIUM,0.521,132,2026-07-01T00:00:00
CURR01912,1ZWE0GFA5PCGQ5YFFD,LOC060,LOC021,LOC019,RT-LOC060-LOC013-LOC019,IN_TRANSIT,Critical,Express,42.82,2026-07-01T00:18:31.980345,2026-07-01T03:07:31.980345,4.33,MEDIUM,0.699,169,2026-07-01T00:00:00
CURR01913,1Z9V59VOCTV8KTU4YA,LOC074,LOC061,LOC012,RT-LOC074-LOC045-LOC015,OUT_FOR_DELIVERY,Normal,Standard,37.74,2026-07-01T10:46:29.405520,2026-07-01T12:58:29.405520,4.62,MEDIUM,0.68,132,2026-07-01T00:00:00
CURR01914,1Z01HBRDICVB3YYQIQ,LOC057,LOC036,LOC066,RT-LOC057-LOC055-LOC008,OUT_FOR_DELIVERY,High,Express,116.28,2026-07-01T14:58:00.300521,2026-07-01T16:57:00.300521,3.06,MEDIUM,0.515,119,2026-07-01T00:00:00
CURR01915,1ZIVCASSO9FI1HBR6C,LOC031,LOC018,LOC012,RT-LOC031-LOC070-LOC016,IN_TRANSIT,High,Express,3.58,2026-06-30T03:00:20.125474,2026-06-30T05:20:20.125474,5.0,MEDIUM,0.653,140,2026-07-01T00:00:00
CURR01916,1ZE4OE6R8OI0K23O59,LOC009,LOC003,LOC020,RT-LOC009-LOC010-LOC020,IN_TRANSIT,Normal,Express,12.75,2026-06-30T11:40:37.394099,2026-06-30T12:40:37.394099,3.21,MEDIUM,0.368,60,2026-07-01T00:00:00
CURR01917,1Z5403YXYJFR5APWEW,LOC045,LOC027,LOC018,RT-LOC045-LOC015-LOC069,PROCESSING,High,Express,23.2,2026-07-01T12:51:10.130310,2026-07-01T14:01:10.130310,4.5,MEDIUM,0.58,70,2026-07-01T00:00:00
CURR01918,1Z2UAYPO9DA17XGGYW,LOC051,LOC043,LOC015,RT-LOC051-LOC028-LOC050,IN_TRANSIT,Normal,Standard,35.57,2026-07-01T22:35:52.957753,2026-07-01T23:47:52.957753,3.36,MEDIUM,0.403,72,2026-07-01T00:00:00
CURR01919,1ZUOI4JJTLNEKO8COC,LOC065,LOC026,LOC062,RT-LOC065-LOC066-LOC062,PROCESSING,High,Priority,6.13,2026-07-01T07:49:43.653897,2026-07-01T10:06:43.653897,4.19,MEDIUM,0.508,137,2026-07-01T00:00:00
CURR01920,1ZA3JF2E1OHGG6NAD2,LOC063,LOC007,LOC059,RT-LOC063-LOC061-LOC060,IN_TRANSIT,Normal,Priority,4.58,2026-07-01T06:27:00.848357,2026-07-01T08:19:00.848357,3.69,MEDIUM,0.427,112,2026-07-01T00:00:00
CURR01921,1ZV1UGSOC0WFZOTSFT,LOC028,LOC061,LOC018,RT-LOC028-LOC050-LOC016,DELAYED,Normal,Standard,19.37,2026-06-29T21:38:21.718769,2026-06-29T23:51:21.718769,5.36,HIGH,0.704,133,2026-07-01T00:00:00
CURR01922,1Z8HRSI7UZDM3WW44O,LOC066,LOC048,LOC033,RT-LOC066-LOC065-LOC032,PROCESSING,Normal,Standard,4.89,2026-06-29T23:31:40.710575,2026-06-29T23:44:40.710575,4.55,MEDIUM,0.602,13,2026-07-01T00:00:00
CURR01923,1ZLIGDEFLFPVGJUK7G,LOC041,LOC025,LOC012,RT-LOC041-LOC042-LOC047,IN_TRANSIT,Normal,Standard,19.24,2026-07-01T18:48:35.625232,2026-07-01T20:04:35.625232,3.45,MEDIUM,0.39,76,2026-07-01T00:00:00
CURR01924,1ZCZI0W4XFSXF6D3J4,LOC007,LOC059,LOC059,RT-LOC007-LOC006-LOC059,DELAYED,High,Temperature Sensitive,9.63,2026-06-30T05:34:10.248724,2026-06-30T09:00:10.248724,4.89,MEDIUM,0.609,206,2026-07-01T00:00:00
CURR01925,1ZAD4RGB2Q55BKWT3R,LOC016,LOC061,LOC018,RT-LOC016-LOC030-LOC012,DELAYED,Normal,Express,10.28,2026-06-29T12:42:51.683348,2026-06-29T14:03:51.683348,4.74,MEDIUM,0.63,81,2026-07-01T00:00:00
CURR01926,1ZI2XH3BHG1VWKOG7E,LOC051,LOC045,LOC016,RT-LOC051-LOC028-LOC050,IN_TRANSIT,Normal,Express,42.61,2026-06-30T11:24:52.945012,2026-06-30T13:47:52.945012,4.31,MEDIUM,0.61,143,2026-07-01T00:00:00
CURR01927,1ZL0E434WSX2XFGO3J,LOC028,LOC016,LOC050,RT-LOC028-LOC050-LOC016,PROCESSING,High,Express,61.84,2026-06-30T10:15:20.180736,2026-06-30T11:30:20.180736,2.98,LOW,0.402,75,2026-07-01T00:00:00
CURR01928,1ZP337WJKNKG767ASR,LOC018,LOC045,LOC065,RT-LOC018-LOC062-LOC066,DELAYED,Normal,Express,16.87,2026-07-01T10:47:03.250109,2026-07-01T12:08:03.250109,2.96,LOW,0.395,81,2026-07-01T00:00:00
CURR01929,1ZW6NZM2FLG02AI3QP,LOC033,LOC065,LOC034,RT-LOC033-LOC034-LOC032,IN_TRANSIT,Normal,Fragile,229.97,2026-06-29T08:44:05.389862,2026-06-29T12:02:05.389862,5.21,HIGH,0.736,198,2026-07-01T00:00:00
CURR01930,1ZMPJOV2X5WF472S0B,LOC025,LOC060,LOC061,RT-LOC025-LOC027-LOC063,IN_TRANSIT,Low,International,23.95,2026-06-30T07:19:30.980993,2026-06-30T07:36:30.980993,2.72,LOW,0.278,17,2026-07-01T00:00:00
CURR01931,1ZA0CRCITNBTH6OS7K,LOC015,LOC032,LOC031,RT-LOC015-LOC069-LOC031,DELAYED,High,Priority,9.19,2026-06-30T23:23:36.699373,2026-07-01T01:35:36.699373,3.93,MEDIUM,0.614,132,2026-07-01T00:00:00
CURR01932,1ZOAQOO50I7WMEFF4P,LOC011,LOC054,LOC056,RT-LOC011-LOC056-LOC054,PROCESSING,High,Temperature Sensitive,26.44,2026-06-30T04:40:21.923838,2026-06-30T05:39:21.923838,4.32,MEDIUM,0.52,59,2026-07-01T00:00:00
CURR01933,1ZDEP25VQ7UR8UHSN5,LOC070,LOC056,LOC004,RT-LOC070-LOC016-LOC030,OUT_FOR_DELIVERY,Normal,Express,36.97,2026-06-30T06:55:14.030049,2026-06-30T09:01:14.030049,3.89,MEDIUM,0.529,126,2026-07-01T00:00:00
CURR01934,1Z5RBRLFNKGY89EIS5,LOC026,LOC007,LOC059,RT-LOC026-LOC027-LOC063,IN_TRANSIT,Low,Standard,10.46,2026-06-29T16:34:33.877752,2026-06-29T17:59:33.877752,4.36,MEDIUM,0.547,85,2026-07-01T00:00:00
CURR01935,1ZC91E806IY5LMEFUR,LOC044,LOC003,LOC069,RT-LOC044-LOC074-LOC045,PROCESSING,Normal,International,32.1,2026-07-01T03:47:36.732630,2026-07-01T04:59:36.732630,4.03,MEDIUM,0.488,72,2026-07-01T00:00:00
CURR01936,1Z3IGYRB32ZVSIFOFM,LOC048,LOC029,LOC030,RT-LOC048-LOC036-LOC015,PROCESSING,High,Standard,2.35,2026-07-01T05:21:21.123317,2026-07-01T05:41:21.123317,2.92,LOW,0.355,20,2026-07-01T00:00:00
CURR01937,1Z3JDUKOKVG7KYNPIZ,LOC033,LOC024,LOC065,RT-LOC033-LOC034-LOC032,IN_TRANSIT,Low,International,41.71,2026-06-30T06:30:49.329443,2026-06-30T08:33:49.329443,3.98,MEDIUM,0.503,123,2026-07-01T00:00:00
CURR01938,1ZFNF2ACLBXZEE6O24,LOC004,LOC049,LOC029,RT-LOC004-LOC007-LOC006,IN_TRANSIT,Critical,Express,18.02,2026-06-30T03:10:16.762505,2026-06-30T04:30:16.762505,3.83,MEDIUM,0.511,80,2026-07-01T00:00:00
CURR01939,1ZMXK5TQ92MTT1C5J7,LOC034,LOC067,LOC067,RT-LOC034-LOC032-LOC065,DELAYED,Low,Standard,24.71,2026-06-30T22:44:51.406092,2026-06-30T23:34:51.406092,3.27,MEDIUM,0.36,50,2026-07-01T00:00:00
CURR01940,1Z2V068AS9S5NCH374,LOC042,LOC035,LOC038,RT-LOC042-LOC047-LOC038,IN_TRANSIT,High,Standard,37.08,2026-07-01T05:54:23.145021,2026-07-01T08:13:23.145021,3.16,MEDIUM,0.49,139,2026-07-01T00:00:00
CURR01941,1ZQVUMGMPNIW55WUVY,LOC027,LOC062,LOC063,RT-LOC027-LOC063-LOC062,IN_TRANSIT,Critical,Standard,93.74,2026-06-30T17:27:21.710348,2026-06-30T19:20:21.710348,3.39,MEDIUM,0.461,113,2026-07-01T00:00:00
CURR01942,1Z1S0ZYASX0947CLYW,LOC054,LOC020,LOC010,RT-LOC054-LOC009-LOC010,PROCESSING,Critical,Standard,3.05,2026-06-29T04:44:42.868132,2026-06-29T07:02:42.868132,3.31,MEDIUM,0.478,138,2026-07-01T00:00:00
CURR01943,1ZVTV3S7ZL50Y7FNH9,LOC057,LOC056,LOC011,RT-LOC057-LOC011-LOC056,IN_TRANSIT,Normal,Temperature Sensitive,39.9,2026-06-29T02:27:06.916986,2026-06-29T04:33:06.916986,3.0,LOW,0.484,126,2026-07-01T00:00:00
CURR01944,1Z6PD4ELBZ44LZHNVZ,LOC064,LOC044,LOC047,RT-LOC064-LOC065-LOC032,IN_TRANSIT,High,International,11.53,2026-06-30T14:47:29.989645,2026-06-30T16:01:29.989645,3.6,MEDIUM,0.438,74,2026-07-01T00:00:00
CURR01945,1Z3HP6M9V09JV9KOX1,LOC042,LOC064,LOC069,RT-LOC042-LOC047-LOC038,IN_TRANSIT,High,Standard,7.74,2026-06-30T21:07:51.713929,2026-06-30T23:29:51.713929,4.4,MEDIUM,0.538,142,2026-07-01T00:00:00
CURR01946,1ZRVG1LHGMVPC0567M,LOC005,LOC014,LOC016,RT-LOC005-LOC002-LOC029,IN_TRANSIT,Normal,International,28.96,2026-06-29T17:16:44.350588,2026-06-29T20:59:44.350588,4.9,MEDIUM,0.697,223,2026-07-01T00:00:00
CURR01947,1ZBGOPG2UKB4EHVZH2,LOC003,LOC075,LOC050,RT-LOC003-LOC007-LOC006,DELAYED,High,Standard,37.07,2026-06-30T20:07:55.346986,2026-06-30T22:59:55.346986,5.09,HIGH,0.663,172,2026-07-01T00:00:00
CURR01948,1ZSS32KO480X2B2LZ8,LOC037,LOC048,LOC048,RT-LOC037-LOC048,OUT_FOR_DELIVERY,Normal,International,36.43,2026-06-30T15:27:15.112665,2026-06-30T15:59:15.112665,2.71,LOW,0.363,32,2026-07-01T00:00:00
CURR01949,1Z4IOH1GI85L1LR769,LOC045,LOC057,LOC019,RT-LOC045-LOC015-LOC069,IN_TRANSIT,Normal,International,6.77,2026-06-30T16:59:30.119188,2026-06-30T19:23:30.119188,3.54,MEDIUM,0.486,144,2026-07-01T00:00:00
CURR01950,1Z76JB5S4RVKGI0OC7,LOC021,LOC033,LOC013,RT-LOC021-LOC020-LOC023,IN_TRANSIT,Normal,Standard,11.35,2026-06-29T19:53:03.289696,2026-06-29T20:50:03.289696,3.72,MEDIUM,0.499,57,2026-07-01T00:00:00
CURR01951,1ZJPJPJ9G43NWJNTJY,LOC035,LOC004,LOC012,RT-LOC035-LOC036-LOC015,IN_TRANSIT,Critical,Express,21.63,2026-07-02T00:33:15.674190,2026-07-02T02:11:15.674190,2.65,LOW,0.406,98,2026-07-01T00:00:00
CURR01952,1ZZXIHK5KZGAKZQ1BK,LOC072,LOC066,LOC016,RT-LOC072-LOC028-LOC050,OUT_FOR_DELIVERY,Low,Express,11.14,2026-07-01T09:08:17.472334,2026-07-01T09:55:17.472334,2.73,LOW,0.312,47,2026-07-01T00:00:00
CURR01953,1ZYP31N00XWB44XGKX,LOC040,LOC030,LOC069,RT-LOC040-LOC038-LOC045,IN_TRANSIT,Critical,Express,1.47,2026-06-30T10:13:13.920538,2026-06-30T11:31:13.920538,2.86,LOW,0.441,78,2026-07-01T00:00:00
CURR01954,1ZX8DDL1I7EZEHESIF,LOC007,LOC067,LOC059,RT-LOC007-LOC006-LOC059,PROCESSING,Normal,Standard,26.52,2026-06-29T09:59:39.981995,2026-06-29T11:37:39.981995,2.9,LOW,0.398,98,2026-07-01T00:00:00
CURR01955,1Z9M5RPHYYNGCRETZF,LOC045,LOC047,LOC038,RT-LOC045-LOC038-LOC047,IN_TRANSIT,Low,Temperature Sensitive,11.46,2026-06-30T17:02:19.526248,2026-06-30T20:15:19.526248,4.29,MEDIUM,0.544,193,2026-07-01T00:00:00
CURR01956,1Z6JM2WXG7PSH9BV87,LOC012,LOC045,LOC068,RT-LOC012-LOC067-LOC068,IN_TRANSIT,Low,Express,21.22,2026-06-29T23:07:08.131482,2026-06-30T01:11:08.131482,4.11,MEDIUM,0.685,124,2026-07-01T00:00:00
CURR01957,1ZCJL2E9VXW2ERN76T,LOC054,LOC060,LOC023,RT-LOC054-LOC009-LOC010,IN_TRANSIT,Normal,Priority,1.37,2026-06-30T09:44:51.028786,2026-06-30T10:56:51.028786,3.83,MEDIUM,0.466,72,2026-07-01T00:00:00
CURR01958,1ZJ8OH8TVQJHG0TC9R,LOC015,LOC064,LOC030,RT-LOC015-LOC069-LOC016,IN_TRANSIT,Critical,Priority,98.55,2026-06-30T02:37:20.954140,2026-06-30T03:42:20.954140,3.02,MEDIUM,0.367,65,2026-07-01T00:00:00
CURR01959,1ZF1N3NNV82TYU3D0U,LOC075,LOC018,LOC069,RT-LOC075-LOC044-LOC074,IN_TRANSIT,Low,Fragile,70.24,2026-07-01T06:51:07.881347,2026-07-01T09:18:07.881347,3.78,MEDIUM,0.491,147,2026-07-01T00:00:00
CURR01960,1ZAGSGWZ7VSNFW88W6,LOC070,LOC036,LOC035,RT-LOC070-LOC031-LOC033,IN_TRANSIT,Normal,Standard,114.07,2026-06-29T23:37:15.505673,2026-06-30T01:09:15.505673,3.37,MEDIUM,0.444,92,2026-07-01T00:00:00
CURR01961,1ZEBS68QWLSZPIMRUM,LOC036,LOC045,LOC038,RT-LOC036-LOC048-LOC037,OUT_FOR_DELIVERY,Normal,Standard,13.42,2026-06-30T23:37:38.453043,2026-07-01T02:27:38.453043,5.38,HIGH,0.939,170,2026-07-01T00:00:00
CURR01962,1Z22TJVVL02QPVV640,LOC060,LOC069,LOC029,RT-LOC060-LOC059-LOC005,IN_TRANSIT,Low,Express,6.77,2026-06-30T01:53:28.252720,2026-06-30T03:46:28.252720,3.51,MEDIUM,0.476,113,2026-07-01T00:00:00
CURR01963,1ZTH6B5X6YHQZCA7DA,LOC070,LOC034,LOC034,RT-LOC070-LOC031-LOC034,PROCESSING,Normal,Temperature Sensitive,44.31,2026-07-01T01:08:19.228939,2026-07-01T03:00:19.228939,3.93,MEDIUM,0.542,112,2026-07-01T00:00:00
CURR01964,1Z7J19N19F85LDH6DR,LOC057,LOC012,LOC059,RT-LOC057-LOC055-LOC008,IN_TRANSIT,Normal,Express,9.49,2026-06-30T08:41:20.839363,2026-06-30T11:00:20.839363,4.8,MEDIUM,0.689,139,2026-07-01T00:00:00
CURR01965,1Z4VCDXN4E3HAECKI3,LOC065,LOC045,LOC037,RT-LOC065-LOC032-LOC033,IN_TRANSIT,Normal,Express,21.11,2026-07-01T06:08:41.540812,2026-07-01T09:10:41.540812,4.86,MEDIUM,0.847,182,2026-07-01T00:00:00
CURR01966,1Z6JN0AVTAVZVT4RHT,LOC033,LOC067,LOC032,RT-LOC033-LOC034-LOC032,DELAYED,High,Express,9.85,2026-06-30T00:24:23.551253,2026-06-30T01:53:23.551253,4.37,MEDIUM,0.53,89,2026-07-01T00:00:00
CURR01967,1ZUJ7XJXXKW4ZBSUG0,LOC056,LOC048,LOC062,RT-LOC056-LOC054-LOC009,DELAYED,Low,Priority,16.25,2026-07-01T10:35:33.050294,2026-07-01T14:09:33.050294,4.19,MEDIUM,0.758,214,2026-07-01T00:00:00
CURR01968,1ZN6S3Q5ICANRZ7T3J,LOC034,LOC030,LOC031,RT-LOC034-LOC033-LOC014,PROCESSING,Normal,International,33.13,2026-06-30T06:10:26.118238,2026-06-30T08:55:26.118238,4.27,MEDIUM,0.556,165,2026-07-01T00:00:00
CURR01969,1Z4ZYBUIRRQME4BQGA,LOC065,LOC001,LOC005,RT-LOC065-LOC067-LOC012,OUT_FOR_DELIVERY,Low,Standard,0.59,2026-06-29T13:48:21.119461,2026-06-29T14:56:21.119461,2.64,LOW,0.353,68,2026-07-01T00:00:00
CURR01970,1ZLRMS3I2BRU4ZL75A,LOC011,LOC018,LOC006,RT-LOC011-LOC056-LOC054,IN_TRANSIT,Normal,Express,22.99,2026-06-30T06:54:33.730145,2026-06-30T08:38:33.730145,3.57,MEDIUM,0.547,104,2026-07-01T00:00:00
CURR01971,1ZG6JC32QBWW32SLN9,LOC030,LOC007,LOC003,RT-LOC030-LOC002-LOC006,DELAYED,Normal,Standard,50.45,2026-06-29T12:23:23.897618,2026-06-29T15:03:23.897618,4.09,MEDIUM,0.604,160,2026-07-01T00:00:00
CURR01972,1ZUG6JX47BJ60U9T5A,LOC042,LOC010,LOC012,RT-LOC042-LOC047-LOC038,PROCESSING,High,Standard,18.93,2026-07-01T10:31:00.344923,2026-07-01T11:15:00.344923,2.82,LOW,0.34,44,2026-07-01T00:00:00
CURR01973,1ZMAP3IK8SEBYBH0E6,LOC026,LOC044,LOC033,RT-LOC026-LOC027-LOC063,DELAYED,Low,Fragile,81.61,2026-07-01T17:27:44.394870,2026-07-01T18:29:44.394870,4.53,MEDIUM,0.552,62,2026-07-01T00:00:00
CURR01974,1ZHJWCMRS3XNZ4S7UV,LOC051,LOC057,LOC052,RT-LOC051-LOC029-LOC007,IN_TRANSIT,Low,Standard,171.39,2026-06-30T03:10:29.974217,2026-06-30T04:27:29.974217,4.74,MEDIUM,0.607,77,2026-07-01T00:00:00
CURR01975,1Z6DV3I1MHQLSE12CO,LOC050,LOC041,LOC065,RT-LOC050-LOC016-LOC030,IN_TRANSIT,High,Priority,36.99,2026-06-30T03:03:40.984686,2026-06-30T03:37:40.984686,3.3,MEDIUM,0.423,34,2026-07-01T00:00:00
CURR01976,1ZOMHYCUHDFB34KT38,LOC035,LOC034,LOC033,RT-LOC035-LOC033-LOC034,PROCESSING,High,Temperature Sensitive,40.27,2026-06-29T15:46:30.606090,2026-06-29T20:17:30.606090,4.96,MEDIUM,0.687,271,2026-07-01T00:00:00
CURR01977,1Z0S01WSP8F7HJ6CPF,LOC037,LOC047,LOC047,RT-LOC037-LOC038-LOC047,IN_TRANSIT,Normal,Standard,72.76,2026-06-30T18:11:59.412338,2026-06-30T19:25:59.412338,3.9,MEDIUM,0.554,74,2026-07-01T00:00:00
CURR01978,1ZSR6FRPS5VQNE3MXX,LOC048,LOC072,LOC015,RT-LOC048-LOC036-LOC015,PROCESSING,Low,Fragile,4.37,2026-06-29T19:03:18.703713,2026-06-29T21:47:18.703713,4.88,MEDIUM,0.739,164,2026-07-01T00:00:00
CURR01979,1ZJ85YIOQSBV6CV7VA,LOC007,LOC066,LOC059,RT-LOC007-LOC006-LOC059,IN_TRANSIT,Low,International,24.54,2026-06-30T14:11:28.960835,2026-06-30T17:06:28.960835,4.12,MEDIUM,0.666,175,2026-07-01T00:00:00
CURR01980,1ZGGTI5D5OBMJGX2C9,LOC037,LOC017,LOC016,RT-LOC037-LOC038-LOC045,PROCESSING,Normal,Temperature Sensitive,19.3,2026-06-30T19:18:05.442518,2026-06-30T21:57:05.442518,5.15,HIGH,0.696,159,2026-07-01T00:00:00
CURR01981,1Z2RQD36LU2QBLFM6M,LOC004,LOC020,LOC009,RT-LOC004-LOC009-LOC010,DELAYED,Normal,Standard,102.05,2026-06-30T17:11:19.495118,2026-06-30T18:21:19.495118,3.57,MEDIUM,0.478,70,2026-07-01T00:00:00
CURR01982,1ZN9EVHKVOJFWUO2SL,LOC037,LOC063,LOC066,RT-LOC037-LOC035-LOC033,IN_TRANSIT,Normal,Standard,30.43,2026-06-29T22:29:04.797763,2026-06-29T23:52:04.797763,4.3,MEDIUM,0.541,83,2026-07-01T00:00:00
CURR01983,1ZEKHXKM4E718UP1NK,LOC034,LOC059,LOC065,RT-LOC034-LOC032-LOC065,IN_TRANSIT,Low,Express,123.94,2026-07-01T05:55:29.388780,2026-07-01T07:40:29.388780,4.25,MEDIUM,0.553,105,2026-07-01T00:00:00
CURR01984,1Z7GNZA4LKDLVAUBV4,LOC035,LOC059,LOC030,RT-LOC035-LOC036-LOC015,PROCESSING,Critical,Express,9.4,2026-06-30T08:56:29.017021,2026-06-30T12:03:29.017021,4.97,MEDIUM,0.651,187,2026-07-01T00:00:00
CURR01985,1ZA90ZDI48H94N0LK2,LOC020,LOC011,LOC008,RT-LOC020-LOC010-LOC008,DELAYED,Normal,International,20.19,2026-06-29T14:14:51.792300,2026-06-29T15:48:51.792300,3.92,MEDIUM,0.514,94,2026-07-01T00:00:00
CURR01986,1ZA66VTITH6TL6912G,LOC059,LOC023,LOC018,RT-LOC059-LOC005-LOC018,IN_TRANSIT,Normal,Express,98.75,2026-07-01T00:05:46.646765,2026-07-01T01:59:46.646765,3.64,MEDIUM,0.433,114,2026-07-01T00:00:00
CURR01987,1Z60P41MZMF5PZC41D,LOC054,LOC053,LOC054,RT-LOC054-LOC053,IN_TRANSIT,Low,Priority,2.89,2026-06-29T06:28:04.235507,2026-06-29T08:52:04.235507,3.97,MEDIUM,0.572,144,2026-07-01T00:00:00
CURR01988,1ZWIRLZBNZWREZBOG0,LOC043,LOC003,LOC015,RT-LOC043-LOC074-LOC045,PROCESSING,Low,Fragile,24.82,2026-06-30T20:01:48.996976,2026-06-30T21:48:48.996976,4.46,MEDIUM,0.536,107,2026-07-01T00:00:00
CURR01989,1ZI358OJES076TQO90,LOC026,LOC068,LOC012,RT-LOC026-LOC027-LOC063,IN_TRANSIT,High,Express,22.0,2026-06-30T04:59:04.102978,2026-06-30T05:06:04.102978,2.02,LOW,0.188,7,2026-07-01T00:00:00
CURR01990,1Z4STYAM4HQHP1AGAC,LOC071,LOC054,LOC052,RT-LOC071-LOC050-LOC051,IN_TRANSIT,Low,Express,106.57,2026-06-30T22:47:13.707120,2026-07-01T00:25:13.707120,4.8,MEDIUM,0.601,98,2026-07-01T00:00:00
CURR01991,1ZO5ZLJ6YQ90NGPDS0,LOC034,LOC056,LOC021,RT-LOC034-LOC032-LOC065,DELAYED,High,Priority,50.68,2026-06-29T23:43:13.567474,2026-06-30T00:57:13.567474,3.39,MEDIUM,0.449,74,2026-07-01T00:00:00
CURR01992,1ZORGBLSBQ3RNS4HLO,LOC058,LOC069,LOC021,RT-LOC058-LOC055-LOC008,PROCESSING,Low,Standard,12.32,2026-07-01T05:03:46.486620,2026-07-01T07:11:46.486620,5.34,HIGH,0.716,128,2026-07-01T00:00:00
CURR01993,1Z955AW88CODE3232R,LOC025,LOC040,LOC065,RT-LOC025-LOC027-LOC063,PROCESSING,Low,Standard,11.99,2026-07-01T14:19:04.065220,2026-07-01T15:01:04.065220,3.13,MEDIUM,0.367,42,2026-07-01T00:00:00
CURR01994,1Z2Q6IZFG0YSZHIKI6,LOC019,LOC007,LOC004,RT-LOC019-LOC022-LOC021,OUT_FOR_DELIVERY,Normal,Priority,70.06,2026-06-30T06:20:44.180144,2026-06-30T08:11:44.180144,2.86,LOW,0.357,111,2026-07-01T00:00:00
CURR01995,1ZSADS5PYQ9TIFXGHR,LOC053,LOC068,LOC059,RT-LOC053-LOC052-LOC007,IN_TRANSIT,Normal,Standard,32.76,2026-06-30T09:05:37.349667,2026-06-30T09:58:37.349667,4.54,MEDIUM,0.588,53,2026-07-01T00:00:00
CURR01996,1ZIIGVFANNIM7LR0WL,LOC012,LOC030,LOC030,RT-LOC012-LOC030,IN_TRANSIT,High,Standard,28.37,2026-06-30T02:49:28.294088,2026-06-30T04:03:28.294088,2.77,LOW,0.41,74,2026-07-01T00:00:00
CURR01997,1ZJP1M9SH2WS96HC3P,LOC025,LOC052,LOC003,RT-LOC025-LOC027-LOC063,IN_TRANSIT,Normal,Fragile,23.36,2026-07-01T09:40:26.899169,2026-07-01T11:37:26.899169,4.08,MEDIUM,0.504,117,2026-07-01T00:00:00
CURR01998,1Z2T8CNQR5MC81NL6I,LOC002,LOC022,LOC019,RT-LOC002-LOC005-LOC018,DELAYED,Critical,Express,1.0,2026-07-01T03:22:03.623500,2026-07-01T04:22:03.623500,3.36,MEDIUM,0.42,60,2026-07-01T00:00:00
CURR01999,1Z2Q5SWQRS9SHSB9PY,LOC045,LOC008,LOC021,RT-LOC045-LOC015-LOC069,OUT_FOR_DELIVERY,Normal,Standard,48.63,2026-07-01T04:41:52.470588,2026-07-01T05:26:52.470588,2.59,LOW,0.297,45,2026-07-01T00:00:00
CURR02000,1ZZV1KREBOJ32NMGBS,LOC001,LOC027,LOC063,RT-LOC001-LOC051-LOC028,OUT_FOR_DELIVERY,High,Express,81.23,2026-06-29T16:38:44.268049,2026-06-29T17:25:44.268049,3.99,MEDIUM,0.567,47,2026-07-01T00:00:00
