event_id,event_type,title,severity,location,latitude,longitude,start_time,end_time,affected_radius_km,impact_type,expected_delay_minutes,description
EE00001,Geopolitical Event,Trade restrictions imposed,MEDIUM,Wichita,37.2569,-97.7321,2025-02-09T00:39:34,2025-02-14T14:33:11.027491,286,Route Closure,152,Geopolitical Event near Wichita — severity MEDIUM. Expected delays of up to 152 minutes.
EE00002,Customs Delay,System outage at customs,HIGH,Fresno,36.4521,-120.5625,2024-05-03T15:57:43,2024-05-04T19:13:59.080222,116,Capacity Reduction,323,Customs Delay near Fresno — severity HIGH. Expected delays of up to 323 minutes.
EE00003,Security Event,Security inspection delays,MEDIUM,Richmond,37.2141,-77.5271,2025-05-24T08:16:38,2025-05-25T18:57:58.237079,177,Capacity Reduction,94,Security Event near Richmond — severity MEDIUM. Expected delays of up to 94 minutes.
EE00004,Infrastructure Failure,Power outage at facility,LOW,Detroit,41.7583,-82.9553,2024-10-16T21:01:08,2024-10-21T12:26:59.172080,62,Route Closure,32,Infrastructure Failure near Detroit — severity LOW. Expected delays of up to 32 minutes.
EE00005,Labor Strike,Port workers strike,MEDIUM,Birmingham,32.8043,-86.7231,2026-04-08T01:10:51,2026-04-08T14:40:33.428349,117,Inspection Required,110,Labor Strike near Birmingham — severity MEDIUM. Expected delays of up to 110 minutes.
EE00006,Port Disruption,Equipment malfunction at terminal,LOW,San Antonio,29.968,-98.9187,2025-06-08T21:22:31,2025-06-13T12:15:02.502411,174,Route Closure,29,Port Disruption near San Antonio — severity LOW. Expected delays of up to 29 minutes.
EE00007,Infrastructure Failure,Power outage at facility,CRITICAL,Rochester,42.3367,-77.2231,2026-01-20T18:50:09,2026-01-25T14:20:30.634120,199,Inspection Required,684,Infrastructure Failure near Rochester — severity CRITICAL. Expected delays of up to 684 minutes.
EE00008,Geopolitical Event,Border control tightened,HIGH,Chattanooga,35.9713,-85.1512,2024-10-03T08:32:22,2024-10-09T14:25:38.430400,409,Delay,276,Geopolitical Event near Chattanooga — severity HIGH. Expected delays of up to 276 minutes.
EE00009,Geopolitical Event,Border control tightened,HIGH,Nashville,35.448,-85.9676,2025-06-17T09:02:27,2025-06-17T23:00:28.343864,315,Route Closure,398,Geopolitical Event near Nashville — severity HIGH. Expected delays of up to 398 minutes.
EE00010,Labor Strike,Truck drivers work stoppage,MEDIUM,Topeka,38.2071,-95.4422,2025-08-27T09:49:28,2025-08-31T16:07:10.252298,451,Capacity Reduction,72,Labor Strike near Topeka — severity MEDIUM. Expected delays of up to 72 minutes.
EE00011,Labor Strike,Port workers strike,HIGH,Newark,40.5786,-74.5563,2024-09-17T11:32:18,2024-09-22T01:29:03.706402,308,Route Closure,244,Labor Strike near Newark — severity HIGH. Expected delays of up to 244 minutes.
EE00012,Road Closure,Emergency road closure,MEDIUM,San Antonio,29.1463,-99.4139,2026-06-12T22:05:43,2026-06-13T06:04:36.363559,462,Delay,95,Road Closure near San Antonio — severity MEDIUM. Expected delays of up to 95 minutes.
EE00013,Security Event,Facility lockdown,LOW,Baltimore,39.4418,-76.5782,2024-09-23T23:18:01,2024-09-27T02:01:06.759879,495,Route Closure,13,Security Event near Baltimore — severity LOW. Expected delays of up to 13 minutes.
EE00014,Infrastructure Failure,Power outage at facility,MEDIUM,Fresno,35.7953,-120.2291,2025-09-19T01:12:54,2025-09-24T20:22:42.027283,331,Delay,107,Infrastructure Failure near Fresno — severity MEDIUM. Expected delays of up to 107 minutes.
EE00015,Port Disruption,Vessel backlog,MEDIUM,Sacramento,38.1402,-122.3834,2024-12-10T07:47:24,2024-12-11T18:11:07.942378,370,Delay,90,Port Disruption near Sacramento — severity MEDIUM. Expected delays of up to 90 minutes.
EE00016,Infrastructure Failure,Power outage at facility,LOW,Omaha,40.6961,-96.7476,2024-12-11T06:50:32,2024-12-12T17:05:41.023401,361,Delay,14,Infrastructure Failure near Omaha — severity LOW. Expected delays of up to 14 minutes.
EE00017,Security Event,Facility lockdown,MEDIUM,Baltimore,39.1306,-77.5402,2025-06-17T08:05:07,2025-06-18T14:54:40.650575,399,Route Closure,110,Security Event near Baltimore — severity MEDIUM. Expected delays of up to 110 minutes.
EE00018,Road Closure,Bridge weight restriction,MEDIUM,Miami,25.4607,-80.2562,2026-04-02T22:10:22,2026-04-07T11:52:11.237863,331,Route Closure,130,Road Closure near Miami — severity MEDIUM. Expected delays of up to 130 minutes.
EE00019,Road Closure,Emergency road closure,LOW,Springfield,37.4461,-92.429,2025-07-28T20:32:03,2025-07-31T07:40:55.449454,430,Delay,43,Road Closure near Springfield — severity LOW. Expected delays of up to 43 minutes.
EE00020,Security Event,Heightened screening,MEDIUM,Pittsburgh,40.8146,-79.7819,2024-06-07T19:03:53,2024-06-11T17:22:34.802398,260,Delay,115,Security Event near Pittsburgh — severity MEDIUM. Expected delays of up to 115 minutes.
EE00021,Port Disruption,Port congestion surge,LOW,Albany,43.0417,-74.0575,2024-12-13T06:41:03,2024-12-13T18:28:01.404583,138,Capacity Reduction,26,Port Disruption near Albany — severity LOW. Expected delays of up to 26 minutes.
EE00022,Road Closure,Bridge weight restriction,MEDIUM,Albuquerque,35.7798,-107.2943,2026-02-22T16:25:26,2026-02-24T03:28:39.934348,279,Inspection Required,176,Road Closure near Albuquerque — severity MEDIUM. Expected delays of up to 176 minutes.
EE00023,Road Closure,Highway section closed for repairs,MEDIUM,San Francisco,38.0178,-123.2153,2024-06-13T23:49:08,2024-06-19T03:15:01.551499,78,Delay,100,Road Closure near San Francisco — severity MEDIUM. Expected delays of up to 100 minutes.
EE00024,Port Disruption,Equipment malfunction at terminal,LOW,Chattanooga,34.8177,-85.3157,2026-05-19T19:50:04,2026-05-26T16:18:14.952256,82,Inspection Required,51,Port Disruption near Chattanooga — severity LOW. Expected delays of up to 51 minutes.
EE00025,Customs Delay,Documentation backlog,LOW,Seattle,47.9893,-122.4174,2025-08-30T17:42:47,2025-09-05T04:50:01.733035,118,Capacity Reduction,24,Customs Delay near Seattle — severity LOW. Expected delays of up to 24 minutes.
EE00026,Security Event,Facility lockdown,CRITICAL,Cincinnati,39.3451,-84.6139,2025-07-27T13:56:43,2025-07-30T00:08:23.377710,110,Route Closure,702,Security Event near Cincinnati — severity CRITICAL. Expected delays of up to 702 minutes.
EE00027,Public Event,Political rally road closures,MEDIUM,Oklahoma City,36.0587,-97.8384,2025-07-22T06:10:11,2025-07-27T01:39:48.030902,422,Route Closure,65,Public Event near Oklahoma City — severity MEDIUM. Expected delays of up to 65 minutes.
EE00028,Infrastructure Failure,Rail track damage,LOW,Chattanooga,34.2565,-85.6561,2024-02-09T20:38:48,2024-02-16T08:35:28.914593,413,Delay,47,Infrastructure Failure near Chattanooga — severity LOW. Expected delays of up to 47 minutes.
EE00029,Geopolitical Event,Border control tightened,CRITICAL,San Diego,32.6493,-116.4857,2026-01-30T14:48:29,2026-02-04T11:23:45.015759,256,Delay,825,Geopolitical Event near San Diego — severity CRITICAL. Expected delays of up to 825 minutes.
EE00030,Road Closure,Highway section closed for repairs,LOW,Sacramento,38.4078,-121.3076,2026-03-17T03:17:55,2026-03-18T15:39:43.979416,237,Delay,59,Road Closure near Sacramento — severity LOW. Expected delays of up to 59 minutes.
EE00031,Geopolitical Event,Border control tightened,LOW,Portland,44.6812,-123.2755,2025-02-12T07:44:02,2025-02-16T09:43:22.666132,261,Inspection Required,52,Geopolitical Event near Portland — severity LOW. Expected delays of up to 52 minutes.
EE00032,Public Event,Political rally road closures,HIGH,Tampa,28.7748,-82.7038,2025-08-23T01:31:41,2025-08-26T06:51:02.562068,313,Capacity Reduction,207,Public Event near Tampa — severity HIGH. Expected delays of up to 207 minutes.
EE00033,Customs Delay,System outage at customs,LOW,Jacksonville,30.5247,-81.6066,2026-05-17T21:16:58,2026-05-23T03:37:57.490228,442,Inspection Required,33,Customs Delay near Jacksonville — severity LOW. Expected delays of up to 33 minutes.
EE00034,Customs Delay,System outage at customs,HIGH,Cincinnati,39.8776,-84.7829,2025-05-18T21:37:37,2025-05-22T01:05:57.026641,136,Route Closure,446,Customs Delay near Cincinnati — severity HIGH. Expected delays of up to 446 minutes.
EE00035,Security Event,Facility lockdown,MEDIUM,Baton Rouge,29.5642,-90.24,2024-01-25T06:49:06,2024-01-27T13:57:55.896392,310,Capacity Reduction,70,Security Event near Baton Rouge — severity MEDIUM. Expected delays of up to 70 minutes.
EE00036,Infrastructure Failure,Bridge structural issue,LOW,Jacksonville,30.9187,-80.9604,2025-05-12T18:55:18,2025-05-13T08:06:16.618946,240,Route Closure,16,Infrastructure Failure near Jacksonville — severity LOW. Expected delays of up to 16 minutes.
EE00037,Geopolitical Event,Trade restrictions imposed,LOW,Detroit,43.2315,-83.1523,2026-01-27T17:19:23,2026-01-28T00:35:51.387289,267,Inspection Required,44,Geopolitical Event near Detroit — severity LOW. Expected delays of up to 44 minutes.
EE00038,Labor Strike,Port workers strike,MEDIUM,Dallas,31.9678,-97.2887,2025-03-22T07:29:50,2025-03-25T01:08:37.249230,264,Capacity Reduction,133,Labor Strike near Dallas — severity MEDIUM. Expected delays of up to 133 minutes.
EE00039,Geopolitical Event,Trade restrictions imposed,HIGH,Denver,38.8415,-105.0382,2025-02-10T13:08:40,2025-02-17T08:54:11.806542,259,Delay,473,Geopolitical Event near Denver — severity HIGH. Expected delays of up to 473 minutes.
EE00040,Labor Strike,Port workers strike,MEDIUM,Cincinnati,38.2672,-83.6633,2024-12-14T07:01:55,2024-12-21T00:08:15.352061,103,Route Closure,174,Labor Strike near Cincinnati — severity MEDIUM. Expected delays of up to 174 minutes.
EE00041,Public Event,Festival road closures,HIGH,Dallas,33.0064,-97.444,2024-01-12T19:26:07,2024-01-16T22:37:44.448565,66,Route Closure,230,Public Event near Dallas — severity HIGH. Expected delays of up to 230 minutes.
EE00042,Port Disruption,Equipment malfunction at terminal,LOW,Phoenix,32.465,-112.8813,2024-10-28T14:47:32,2024-10-30T23:51:57.883988,471,Delay,57,Port Disruption near Phoenix — severity LOW. Expected delays of up to 57 minutes.
EE00043,Geopolitical Event,Border control tightened,LOW,Louisville,38.9559,-85.6806,2025-04-21T07:35:50,2025-04-24T23:57:25.419236,480,Capacity Reduction,36,Geopolitical Event near Louisville — severity LOW. Expected delays of up to 36 minutes.
EE00044,Security Event,Facility lockdown,HIGH,Cincinnati,39.4989,-84.0262,2024-07-05T09:05:44,2024-07-06T10:33:24.873345,55,Capacity Reduction,342,Security Event near Cincinnati — severity HIGH. Expected delays of up to 342 minutes.
EE00045,Labor Strike,Truck drivers work stoppage,HIGH,Lexington,37.8516,-85.1981,2026-03-06T20:18:30,2026-03-11T15:35:37.055691,174,Delay,470,Labor Strike near Lexington — severity HIGH. Expected delays of up to 470 minutes.
EE00046,Labor Strike,Port workers strike,MEDIUM,Chattanooga,35.8411,-85.7243,2026-06-15T06:47:55,2026-06-15T20:30:28.503529,479,Route Closure,179,Labor Strike near Chattanooga — severity MEDIUM. Expected delays of up to 179 minutes.
EE00047,Port Disruption,Equipment malfunction at terminal,HIGH,Boston,42.0717,-71.3199,2024-04-25T17:55:14,2024-04-30T19:15:01.726991,127,Capacity Reduction,238,Port Disruption near Boston — severity HIGH. Expected delays of up to 238 minutes.
EE00048,Labor Strike,Warehouse staff walkout,HIGH,San Antonio,29.1393,-98.215,2024-06-24T20:17:09,2024-06-30T10:07:03.543692,331,Inspection Required,278,Labor Strike near San Antonio — severity HIGH. Expected delays of up to 278 minutes.
EE00049,Geopolitical Event,Trade restrictions imposed,LOW,Orlando,29.4965,-81.946,2026-01-17T13:04:58,2026-01-19T00:57:33.996505,448,Delay,30,Geopolitical Event near Orlando — severity LOW. Expected delays of up to 30 minutes.
EE00050,Road Closure,Highway section closed for repairs,HIGH,Las Vegas,35.9142,-115.8341,2026-01-22T06:06:52,2026-01-28T15:27:19.483740,146,Route Closure,340,Road Closure near Las Vegas — severity HIGH. Expected delays of up to 340 minutes.
EE00051,Public Event,Political rally road closures,HIGH,San Antonio,30.0539,-99.2518,2024-09-13T00:44:40,2024-09-14T19:07:19.690780,470,Delay,249,Public Event near San Antonio — severity HIGH. Expected delays of up to 249 minutes.
EE00052,Road Closure,Highway section closed for repairs,MEDIUM,Portland ME,44.1954,-69.9868,2024-03-13T20:10:47,2024-03-15T09:20:32.035335,210,Capacity Reduction,169,Road Closure near Portland ME — severity MEDIUM. Expected delays of up to 169 minutes.
EE00053,Security Event,Heightened screening,MEDIUM,San Diego,31.9206,-117.6221,2024-11-05T08:46:07,2024-11-07T09:21:58.177627,316,Delay,117,Security Event near San Diego — severity MEDIUM. Expected delays of up to 117 minutes.
EE00054,Infrastructure Failure,Rail track damage,MEDIUM,Columbus,39.4923,-83.9385,2026-03-21T04:31:01,2026-03-25T13:45:30.614054,269,Delay,67,Infrastructure Failure near Columbus — severity MEDIUM. Expected delays of up to 67 minutes.
EE00055,Customs Delay,Increased customs inspections,LOW,Indianapolis,40.5095,-86.5778,2025-06-02T06:04:25,2025-06-04T19:17:00.192953,265,Capacity Reduction,20,Customs Delay near Indianapolis — severity LOW. Expected delays of up to 20 minutes.
EE00056,Public Event,Festival road closures,HIGH,Albany,41.7177,-72.9237,2026-06-23T01:40:25,2026-06-28T23:20:25.097506,380,Delay,272,Public Event near Albany — severity HIGH. Expected delays of up to 272 minutes.
EE00057,Port Disruption,Vessel backlog,MEDIUM,Kansas City,39.9193,-94.7652,2025-01-01T15:23:21,2025-01-03T09:36:30.317709,183,Capacity Reduction,89,Port Disruption near Kansas City — severity MEDIUM. Expected delays of up to 89 minutes.
EE00058,Infrastructure Failure,Bridge structural issue,HIGH,Omaha,41.4351,-96.1875,2025-02-22T02:02:04,2025-02-27T02:57:36.982981,306,Route Closure,203,Infrastructure Failure near Omaha — severity HIGH. Expected delays of up to 203 minutes.
EE00059,Public Event,Festival road closures,MEDIUM,Tucson,32.723,-111.2486,2024-02-28T13:12:19,2024-03-01T21:26:42.071448,75,Route Closure,110,Public Event near Tucson — severity MEDIUM. Expected delays of up to 110 minutes.
EE00060,Geopolitical Event,Tariff increase announced,MEDIUM,Hartford,40.8501,-73.2045,2024-05-13T14:41:29,2024-05-17T05:08:01.323823,348,Capacity Reduction,155,Geopolitical Event near Hartford — severity MEDIUM. Expected delays of up to 155 minutes.
EE00061,Customs Delay,System outage at customs,CRITICAL,Birmingham,33.4469,-86.2818,2025-07-19T19:14:35,2025-07-24T15:36:42.389041,112,Inspection Required,726,Customs Delay near Birmingham — severity CRITICAL. Expected delays of up to 726 minutes.
EE00062,Public Event,Major sporting event causing traffic,MEDIUM,Louisville,38.7774,-86.6294,2024-11-22T12:17:49,2024-11-28T14:08:09.119564,440,Delay,60,Public Event near Louisville — severity MEDIUM. Expected delays of up to 60 minutes.
EE00063,Port Disruption,Port congestion surge,MEDIUM,Orlando,28.526,-81.7332,2025-09-04T21:10:21,2025-09-06T00:37:26.154226,380,Delay,137,Port Disruption near Orlando — severity MEDIUM. Expected delays of up to 137 minutes.
EE00064,Road Closure,Highway section closed for repairs,HIGH,Portland,46.1165,-121.7572,2025-04-22T19:25:53,2025-04-23T15:04:26.625311,126,Delay,187,Road Closure near Portland — severity HIGH. Expected delays of up to 187 minutes.
EE00065,Infrastructure Failure,Bridge structural issue,MEDIUM,Seattle,47.3637,-122.3541,2024-05-17T00:36:17,2024-05-17T20:05:25.847199,491,Capacity Reduction,122,Infrastructure Failure near Seattle — severity MEDIUM. Expected delays of up to 122 minutes.
EE00066,Security Event,Heightened screening,LOW,Atlanta,34.2112,-84.596,2025-05-20T06:02:57,2025-05-21T07:36:09.619821,162,Delay,35,Security Event near Atlanta — severity LOW. Expected delays of up to 35 minutes.
EE00067,Road Closure,Bridge weight restriction,MEDIUM,Pittsburgh,40.102,-80.7383,2025-04-01T04:03:54,2025-04-02T02:07:14.252921,81,Route Closure,111,Road Closure near Pittsburgh — severity MEDIUM. Expected delays of up to 111 minutes.
EE00068,Geopolitical Event,Border control tightened,MEDIUM,Omaha,40.9338,-95.093,2025-12-05T18:17:40,2025-12-08T21:30:54.800274,89,Inspection Required,175,Geopolitical Event near Omaha — severity MEDIUM. Expected delays of up to 175 minutes.
EE00069,Customs Delay,Documentation backlog,HIGH,Salt Lake City,39.8445,-111.8245,2024-06-16T00:44:03,2024-06-19T11:53:21.436962,351,Inspection Required,479,Customs Delay near Salt Lake City — severity HIGH. Expected delays of up to 479 minutes.
EE00070,Security Event,Security inspection delays,LOW,Las Vegas,36.2914,-114.4227,2025-05-22T14:47:15,2025-05-25T13:24:03.198316,238,Inspection Required,14,Security Event near Las Vegas — severity LOW. Expected delays of up to 14 minutes.
EE00071,Road Closure,Highway section closed for repairs,LOW,Detroit,42.4508,-82.2058,2025-05-24T04:00:27,2025-05-26T08:47:37.257209,63,Route Closure,15,Road Closure near Detroit — severity LOW. Expected delays of up to 15 minutes.
EE00072,Security Event,Security inspection delays,MEDIUM,Knoxville,36.6306,-84.2868,2024-11-10T06:11:09,2024-11-12T23:09:08.018363,306,Delay,143,Security Event near Knoxville — severity MEDIUM. Expected delays of up to 143 minutes.
EE00073,Customs Delay,System outage at customs,MEDIUM,Springfield,36.2104,-93.8018,2024-06-15T13:32:03,2024-06-19T17:52:13.868873,298,Route Closure,135,Customs Delay near Springfield — severity MEDIUM. Expected delays of up to 135 minutes.
EE00074,Customs Delay,Documentation backlog,MEDIUM,Buffalo,43.1438,-79.8065,2024-12-02T11:16:45,2024-12-06T22:09:31.519058,295,Capacity Reduction,144,Customs Delay near Buffalo — severity MEDIUM. Expected delays of up to 144 minutes.
EE00075,Labor Strike,Truck drivers work stoppage,MEDIUM,Madison,43.6221,-90.3484,2024-09-26T12:54:32,2024-09-29T20:54:30.167912,277,Inspection Required,101,Labor Strike near Madison — severity MEDIUM. Expected delays of up to 101 minutes.
EE00076,Infrastructure Failure,Rail track damage,CRITICAL,Seattle,47.2369,-123.2326,2025-07-22T17:34:28,2025-07-27T21:19:46.357256,180,Delay,1104,Infrastructure Failure near Seattle — severity CRITICAL. Expected delays of up to 1104 minutes.
EE00077,Customs Delay,Documentation backlog,MEDIUM,Fargo,47.0815,-96.7667,2024-11-29T03:55:53,2024-11-29T16:15:42.948585,310,Capacity Reduction,148,Customs Delay near Fargo — severity MEDIUM. Expected delays of up to 148 minutes.
EE00078,Public Event,Festival road closures,CRITICAL,Lexington,37.5213,-84.7411,2025-10-13T15:29:11,2025-10-17T22:28:40.645193,216,Delay,922,Public Event near Lexington — severity CRITICAL. Expected delays of up to 922 minutes.
EE00079,Public Event,Political rally road closures,MEDIUM,El Paso,32.4181,-106.9617,2026-01-09T05:11:01,2026-01-14T01:46:13.640325,460,Delay,128,Public Event near El Paso — severity MEDIUM. Expected delays of up to 128 minutes.
EE00080,Public Event,Political rally road closures,HIGH,San Antonio,28.7859,-98.3008,2026-03-25T19:42:04,2026-03-27T15:47:18.954794,489,Delay,218,Public Event near San Antonio — severity HIGH. Expected delays of up to 218 minutes.
EE00081,Port Disruption,Vessel backlog,MEDIUM,Chicago,42.5022,-87.8063,2024-05-31T06:30:39,2024-06-01T15:46:44.347668,479,Capacity Reduction,115,Port Disruption near Chicago — severity MEDIUM. Expected delays of up to 115 minutes.
EE00082,Road Closure,Bridge weight restriction,MEDIUM,Denver,39.6983,-105.4483,2025-01-04T22:49:55,2025-01-09T00:31:33.425004,143,Delay,130,Road Closure near Denver — severity MEDIUM. Expected delays of up to 130 minutes.
EE00083,Road Closure,Highway section closed for repairs,HIGH,Topeka,38.271,-95.9457,2025-10-24T03:45:17,2025-10-25T17:47:19.599946,205,Route Closure,334,Road Closure near Topeka — severity HIGH. Expected delays of up to 334 minutes.
EE00084,Infrastructure Failure,Power outage at facility,HIGH,Los Angeles,34.1849,-118.8648,2025-11-25T21:33:14,2025-11-27T07:18:05.791155,381,Capacity Reduction,248,Infrastructure Failure near Los Angeles — severity HIGH. Expected delays of up to 248 minutes.
EE00085,Port Disruption,Equipment malfunction at terminal,HIGH,Little Rock,35.6346,-91.8284,2025-05-07T22:33:21,2025-05-13T01:43:50.377714,294,Route Closure,204,Port Disruption near Little Rock — severity HIGH. Expected delays of up to 204 minutes.
EE00086,Public Event,Political rally road closures,HIGH,Austin,30.5669,-97.7126,2024-03-12T03:15:21,2024-03-18T23:09:42.845206,496,Inspection Required,181,Public Event near Austin — severity HIGH. Expected delays of up to 181 minutes.
EE00087,Public Event,Festival road closures,HIGH,Kansas City,38.649,-93.9988,2024-01-25T22:38:21,2024-02-01T09:02:20.509265,458,Capacity Reduction,474,Public Event near Kansas City — severity HIGH. Expected delays of up to 474 minutes.
EE00088,Labor Strike,Warehouse staff walkout,MEDIUM,Pittsburgh,40.1133,-79.6932,2025-02-16T20:02:34,2025-02-18T21:51:14.055866,306,Capacity Reduction,127,Labor Strike near Pittsburgh — severity MEDIUM. Expected delays of up to 127 minutes.
EE00089,Customs Delay,Increased customs inspections,MEDIUM,Sacramento,39.1657,-121.4042,2024-08-20T12:43:01,2024-08-25T03:36:16.237639,393,Delay,174,Customs Delay near Sacramento — severity MEDIUM. Expected delays of up to 174 minutes.
EE00090,Customs Delay,System outage at customs,HIGH,San Antonio,30.1569,-97.9407,2024-06-18T11:43:04,2024-06-21T09:48:58.536094,470,Route Closure,446,Customs Delay near San Antonio — severity HIGH. Expected delays of up to 446 minutes.
EE00091,Infrastructure Failure,Power outage at facility,MEDIUM,Chicago,42.2131,-88.2708,2025-03-16T08:51:20,2025-03-22T06:52:05.925383,324,Route Closure,91,Infrastructure Failure near Chicago — severity MEDIUM. Expected delays of up to 91 minutes.
EE00092,Road Closure,Highway section closed for repairs,HIGH,Chattanooga,34.3197,-84.9758,2024-05-15T08:42:14,2024-05-16T02:09:43.463141,179,Delay,188,Road Closure near Chattanooga — severity HIGH. Expected delays of up to 188 minutes.
EE00093,Customs Delay,System outage at customs,LOW,Indianapolis,39.2221,-86.993,2024-02-24T16:03:35,2024-03-02T06:57:01.148870,52,Inspection Required,44,Customs Delay near Indianapolis — severity LOW. Expected delays of up to 44 minutes.
EE00094,Customs Delay,Documentation backlog,LOW,Denver,40.4155,-104.7054,2025-07-03T16:50:19,2025-07-06T14:28:20.206766,355,Inspection Required,36,Customs Delay near Denver — severity LOW. Expected delays of up to 36 minutes.
EE00095,Customs Delay,System outage at customs,MEDIUM,Portland,45.8153,-122.9113,2024-10-02T11:08:45,2024-10-04T17:05:52.362938,383,Route Closure,61,Customs Delay near Portland — severity MEDIUM. Expected delays of up to 61 minutes.
EE00096,Security Event,Security inspection delays,LOW,Omaha,41.4603,-95.2017,2025-12-10T08:30:40,2025-12-12T15:04:26.096731,128,Route Closure,26,Security Event near Omaha — severity LOW. Expected delays of up to 26 minutes.
EE00097,Geopolitical Event,Tariff increase announced,CRITICAL,Newark,41.5761,-74.8466,2025-08-17T20:45:15,2025-08-24T20:14:58.433661,88,Delay,1075,Geopolitical Event near Newark — severity CRITICAL. Expected delays of up to 1075 minutes.
EE00098,Public Event,Political rally road closures,HIGH,Miami,25.5828,-79.5302,2026-04-02T02:27:27,2026-04-02T14:20:52.808974,308,Delay,391,Public Event near Miami — severity HIGH. Expected delays of up to 391 minutes.
EE00099,Customs Delay,System outage at customs,LOW,Madison,43.8274,-89.7449,2024-07-08T13:00:01,2024-07-10T13:34:21.922803,302,Capacity Reduction,55,Customs Delay near Madison — severity LOW. Expected delays of up to 55 minutes.
EE00100,Security Event,Security inspection delays,CRITICAL,Billings,45.3213,-108.4625,2026-03-24T13:44:02,2026-03-25T19:40:50.336420,436,Inspection Required,752,Security Event near Billings — severity CRITICAL. Expected delays of up to 752 minutes.
EE00101,Labor Strike,Truck drivers work stoppage,LOW,Buffalo,43.6884,-79.4698,2026-01-04T14:31:54,2026-01-05T22:54:49.329609,470,Capacity Reduction,47,Labor Strike near Buffalo — severity LOW. Expected delays of up to 47 minutes.
EE00102,Security Event,Security inspection delays,MEDIUM,Memphis,35.4831,-90.0648,2026-05-22T05:42:01,2026-05-28T20:12:04.336418,367,Route Closure,109,Security Event near Memphis — severity MEDIUM. Expected delays of up to 109 minutes.
EE00103,Labor Strike,Port workers strike,CRITICAL,Orlando,28.9398,-81.4773,2024-04-03T10:16:06,2024-04-06T05:12:49.782670,55,Capacity Reduction,725,Labor Strike near Orlando — severity CRITICAL. Expected delays of up to 725 minutes.
EE00104,Infrastructure Failure,Rail track damage,LOW,Baltimore,38.8861,-77.0269,2024-07-23T11:41:09,2024-07-26T08:30:23.211338,135,Delay,45,Infrastructure Failure near Baltimore — severity LOW. Expected delays of up to 45 minutes.
EE00105,Infrastructure Failure,Rail track damage,CRITICAL,Jackson,33.2459,-90.1187,2026-01-12T13:38:49,2026-01-18T11:35:18.569279,80,Delay,1131,Infrastructure Failure near Jackson — severity CRITICAL. Expected delays of up to 1131 minutes.
EE00106,Road Closure,Bridge weight restriction,LOW,Phoenix,33.4589,-112.731,2024-01-11T10:46:59,2024-01-13T05:14:38.974378,322,Capacity Reduction,33,Road Closure near Phoenix — severity LOW. Expected delays of up to 33 minutes.
EE00107,Geopolitical Event,Tariff increase announced,LOW,Houston,30.0368,-94.8449,2025-02-26T01:02:24,2025-03-04T05:25:14.042549,295,Delay,16,Geopolitical Event near Houston — severity LOW. Expected delays of up to 16 minutes.
EE00108,Road Closure,Highway section closed for repairs,MEDIUM,Seattle,47.1556,-122.4267,2025-07-14T18:33:20,2025-07-20T07:19:48.359502,289,Delay,137,Road Closure near Seattle — severity MEDIUM. Expected delays of up to 137 minutes.
EE00109,Security Event,Heightened screening,MEDIUM,Jacksonville,30.387,-82.4354,2024-07-20T14:23:45,2024-07-21T09:42:22.091440,330,Capacity Reduction,158,Security Event near Jacksonville — severity MEDIUM. Expected delays of up to 158 minutes.
EE00110,Customs Delay,Increased customs inspections,MEDIUM,Minneapolis,44.8414,-93.3876,2024-12-31T01:48:19,2025-01-04T09:51:21.387961,237,Delay,159,Customs Delay near Minneapolis — severity MEDIUM. Expected delays of up to 159 minutes.
EE00111,Labor Strike,Port workers strike,LOW,Richmond,37.4992,-76.6812,2026-03-09T20:50:41,2026-03-13T09:26:39.517608,132,Inspection Required,22,Labor Strike near Richmond — severity LOW. Expected delays of up to 22 minutes.
EE00112,Customs Delay,Documentation backlog,MEDIUM,Indianapolis,39.0204,-86.7748,2026-03-29T07:53:49,2026-03-31T23:03:31.219484,155,Capacity Reduction,67,Customs Delay near Indianapolis — severity MEDIUM. Expected delays of up to 67 minutes.
EE00113,Geopolitical Event,Trade restrictions imposed,MEDIUM,Newark,39.8778,-73.5124,2026-05-16T12:28:14,2026-05-20T12:15:11.430207,446,Inspection Required,61,Geopolitical Event near Newark — severity MEDIUM. Expected delays of up to 61 minutes.
EE00114,Port Disruption,Port congestion surge,MEDIUM,Indianapolis,39.8199,-86.6578,2025-06-25T02:10:16,2025-06-27T16:59:11.775504,134,Capacity Reduction,76,Port Disruption near Indianapolis — severity MEDIUM. Expected delays of up to 76 minutes.
EE00115,Geopolitical Event,Trade restrictions imposed,MEDIUM,Spokane,48.1089,-118.419,2025-09-16T18:51:52,2025-09-20T12:28:39.565347,242,Capacity Reduction,61,Geopolitical Event near Spokane — severity MEDIUM. Expected delays of up to 61 minutes.
EE00116,Geopolitical Event,Trade restrictions imposed,MEDIUM,Memphis,34.882,-90.1261,2024-09-09T21:13:59,2024-09-13T10:43:41.214690,200,Route Closure,70,Geopolitical Event near Memphis — severity MEDIUM. Expected delays of up to 70 minutes.
EE00117,Security Event,Security inspection delays,HIGH,Indianapolis,40.4596,-85.2881,2024-07-31T14:07:44,2024-08-05T09:13:57.777901,90,Delay,180,Security Event near Indianapolis — severity HIGH. Expected delays of up to 180 minutes.
EE00118,Infrastructure Failure,Rail track damage,HIGH,San Francisco,37.3193,-122.1425,2025-05-29T00:35:36,2025-06-03T16:12:58.666807,272,Capacity Reduction,240,Infrastructure Failure near San Francisco — severity HIGH. Expected delays of up to 240 minutes.
EE00119,Road Closure,Emergency road closure,CRITICAL,Washington,38.1757,-77.0804,2026-05-15T21:37:25,2026-05-21T09:09:30.226683,491,Delay,976,Road Closure near Washington — severity CRITICAL. Expected delays of up to 976 minutes.
EE00120,Labor Strike,Warehouse staff walkout,LOW,Fresno,36.3705,-120.4209,2025-10-27T02:39:17,2025-11-02T12:10:17.910897,115,Capacity Reduction,14,Labor Strike near Fresno — severity LOW. Expected delays of up to 14 minutes.
EE00121,Labor Strike,Warehouse staff walkout,LOW,Cincinnati,39.4289,-84.0143,2025-10-08T08:42:09,2025-10-13T22:53:23.104111,119,Inspection Required,36,Labor Strike near Cincinnati — severity LOW. Expected delays of up to 36 minutes.
EE00122,Customs Delay,Increased customs inspections,LOW,Topeka,38.2798,-95.4161,2024-03-31T16:09:35,2024-04-03T13:00:11.321584,337,Inspection Required,56,Customs Delay near Topeka — severity LOW. Expected delays of up to 56 minutes.
EE00123,Port Disruption,Equipment malfunction at terminal,MEDIUM,Dallas,33.6187,-97.4232,2025-05-19T00:33:55,2025-05-20T10:29:10.628532,278,Inspection Required,133,Port Disruption near Dallas — severity MEDIUM. Expected delays of up to 133 minutes.
EE00124,Port Disruption,Vessel backlog,CRITICAL,Baltimore,40.0008,-77.5711,2026-02-25T17:25:50,2026-03-02T17:29:14.513666,278,Delay,927,Port Disruption near Baltimore — severity CRITICAL. Expected delays of up to 927 minutes.
EE00125,Security Event,Facility lockdown,MEDIUM,Montgomery,31.6314,-85.6525,2025-10-07T11:26:06,2025-10-11T10:01:20.314771,282,Inspection Required,127,Security Event near Montgomery — severity MEDIUM. Expected delays of up to 127 minutes.
EE00126,Security Event,Security inspection delays,MEDIUM,Raleigh,36.2959,-78.1611,2025-11-29T17:00:05,2025-12-03T06:02:10.679004,415,Route Closure,68,Security Event near Raleigh — severity MEDIUM. Expected delays of up to 68 minutes.
EE00127,Public Event,Political rally road closures,HIGH,Fresno,36.5506,-120.0039,2026-04-17T04:12:13,2026-04-22T08:34:25.907491,489,Route Closure,400,Public Event near Fresno — severity HIGH. Expected delays of up to 400 minutes.
EE00128,Security Event,Facility lockdown,HIGH,Omaha,42.1788,-96.7269,2025-11-17T22:27:59,2025-11-23T17:03:31.297809,65,Inspection Required,218,Security Event near Omaha — severity HIGH. Expected delays of up to 218 minutes.
EE00129,Public Event,Major sporting event causing traffic,LOW,San Antonio,30.0132,-98.3396,2025-03-10T05:56:06,2025-03-11T16:58:19.986783,458,Delay,49,Public Event near San Antonio — severity LOW. Expected delays of up to 49 minutes.
EE00130,Labor Strike,Truck drivers work stoppage,LOW,Cincinnati,38.4661,-84.7712,2025-04-08T22:29:07,2025-04-11T00:09:53.639984,168,Inspection Required,14,Labor Strike near Cincinnati — severity LOW. Expected delays of up to 14 minutes.
EE00131,Geopolitical Event,Border control tightened,MEDIUM,Denver,40.1144,-104.359,2024-09-17T08:12:10,2024-09-21T13:03:37.766210,242,Route Closure,64,Geopolitical Event near Denver — severity MEDIUM. Expected delays of up to 64 minutes.
EE00132,Security Event,Security inspection delays,HIGH,St Louis,39.363,-89.3087,2024-08-02T17:10:48,2024-08-08T18:13:06.477039,294,Route Closure,349,Security Event near St Louis — severity HIGH. Expected delays of up to 349 minutes.
EE00133,Geopolitical Event,Trade restrictions imposed,HIGH,Memphis,35.5588,-89.1784,2026-02-04T09:37:46,2026-02-08T15:28:21.288201,68,Route Closure,354,Geopolitical Event near Memphis — severity HIGH. Expected delays of up to 354 minutes.
EE00134,Geopolitical Event,Border control tightened,LOW,Raleigh,36.1312,-79.4853,2025-06-08T21:28:18,2025-06-13T09:19:29.359343,164,Inspection Required,53,Geopolitical Event near Raleigh — severity LOW. Expected delays of up to 53 minutes.
EE00135,Customs Delay,System outage at customs,LOW,Tucson,32.6568,-111.7058,2026-03-03T13:56:47,2026-03-04T07:11:35.940044,86,Capacity Reduction,47,Customs Delay near Tucson — severity LOW. Expected delays of up to 47 minutes.
EE00136,Customs Delay,Increased customs inspections,HIGH,Columbus,40.2504,-83.1463,2025-06-07T22:54:30,2025-06-11T03:20:05.813945,335,Capacity Reduction,446,Customs Delay near Columbus — severity HIGH. Expected delays of up to 446 minutes.
EE00137,Road Closure,Emergency road closure,HIGH,Salt Lake City,41.126,-112.748,2025-03-10T08:45:22,2025-03-13T05:06:27.131535,161,Route Closure,363,Road Closure near Salt Lake City — severity HIGH. Expected delays of up to 363 minutes.
EE00138,Port Disruption,Port congestion surge,MEDIUM,Oklahoma City,35.8109,-97.4668,2026-04-20T22:58:14,2026-04-24T19:59:17.345381,238,Inspection Required,92,Port Disruption near Oklahoma City — severity MEDIUM. Expected delays of up to 92 minutes.
EE00139,Customs Delay,System outage at customs,MEDIUM,Houston,30.5969,-95.7252,2025-06-11T10:49:37,2025-06-14T04:32:10.818958,309,Capacity Reduction,114,Customs Delay near Houston — severity MEDIUM. Expected delays of up to 114 minutes.
EE00140,Security Event,Security inspection delays,MEDIUM,Omaha,41.3695,-96.4193,2025-10-17T11:58:52,2025-10-23T00:12:13.365703,264,Capacity Reduction,93,Security Event near Omaha — severity MEDIUM. Expected delays of up to 93 minutes.
EE00141,Infrastructure Failure,Bridge structural issue,LOW,Little Rock,35.5319,-91.7559,2025-07-19T00:04:57,2025-07-19T14:00:22.971502,54,Delay,18,Infrastructure Failure near Little Rock — severity LOW. Expected delays of up to 18 minutes.
EE00142,Infrastructure Failure,Power outage at facility,LOW,Cincinnati,40.029,-83.8291,2025-05-07T22:49:06,2025-05-10T14:59:27.983893,313,Route Closure,49,Infrastructure Failure near Cincinnati — severity LOW. Expected delays of up to 49 minutes.
EE00143,Security Event,Heightened screening,MEDIUM,Milwaukee,43.5093,-87.24,2025-03-23T10:38:04,2025-03-27T21:06:32.576242,491,Capacity Reduction,83,Security Event near Milwaukee — severity MEDIUM. Expected delays of up to 83 minutes.
EE00144,Geopolitical Event,Tariff increase announced,MEDIUM,Oakland,37.7263,-123.2022,2024-10-03T03:56:11,2024-10-06T18:55:44.101043,472,Route Closure,173,Geopolitical Event near Oakland — severity MEDIUM. Expected delays of up to 173 minutes.
EE00145,Labor Strike,Truck drivers work stoppage,MEDIUM,Tucson,31.2694,-111.8703,2026-02-18T21:04:42,2026-02-23T12:33:57.012298,71,Inspection Required,140,Labor Strike near Tucson — severity MEDIUM. Expected delays of up to 140 minutes.
EE00146,Road Closure,Bridge weight restriction,MEDIUM,Los Angeles,34.7102,-118.0655,2024-07-19T05:37:21,2024-07-19T20:50:08.172018,315,Route Closure,92,Road Closure near Los Angeles — severity MEDIUM. Expected delays of up to 92 minutes.
EE00147,Customs Delay,Increased customs inspections,HIGH,Minneapolis,45.395,-93.9131,2025-04-18T02:08:16,2025-04-22T00:14:22.514112,139,Route Closure,427,Customs Delay near Minneapolis — severity HIGH. Expected delays of up to 427 minutes.
EE00148,Public Event,Political rally road closures,MEDIUM,Portland ME,44.1266,-69.7666,2024-07-03T07:52:56,2024-07-07T12:42:30.094238,379,Delay,164,Public Event near Portland ME — severity MEDIUM. Expected delays of up to 164 minutes.
EE00149,Public Event,Political rally road closures,HIGH,Boston,41.8535,-70.3998,2024-05-08T21:38:21,2024-05-09T03:53:28.776721,199,Route Closure,271,Public Event near Boston — severity HIGH. Expected delays of up to 271 minutes.
EE00150,Infrastructure Failure,Bridge structural issue,MEDIUM,Philadelphia,40.0877,-74.5116,2025-10-27T00:59:45,2025-11-01T19:17:14.885912,246,Delay,121,Infrastructure Failure near Philadelphia — severity MEDIUM. Expected delays of up to 121 minutes.
EE00151,Customs Delay,Increased customs inspections,LOW,Birmingham,33.3978,-86.2286,2025-05-31T04:50:50,2025-06-04T13:11:28.099454,79,Delay,35,Customs Delay near Birmingham — severity LOW. Expected delays of up to 35 minutes.
EE00152,Labor Strike,Truck drivers work stoppage,HIGH,Baltimore,39.9194,-76.7274,2024-02-09T10:49:19,2024-02-11T07:28:03.098466,318,Route Closure,418,Labor Strike near Baltimore — severity HIGH. Expected delays of up to 418 minutes.
EE00153,Security Event,Facility lockdown,MEDIUM,Portland,46.3764,-123.4168,2024-07-30T11:07:04,2024-08-06T10:18:09.308659,185,Capacity Reduction,103,Security Event near Portland — severity MEDIUM. Expected delays of up to 103 minutes.
EE00154,Port Disruption,Port congestion surge,MEDIUM,Jackson,32.7071,-90.0695,2024-01-10T17:17:54,2024-01-16T09:58:11.205158,252,Capacity Reduction,67,Port Disruption near Jackson — severity MEDIUM. Expected delays of up to 67 minutes.
EE00155,Customs Delay,Increased customs inspections,MEDIUM,Atlanta,34.4474,-83.926,2024-03-02T05:01:12,2024-03-09T02:28:47.384050,279,Inspection Required,104,Customs Delay near Atlanta — severity MEDIUM. Expected delays of up to 104 minutes.
EE00156,Security Event,Heightened screening,MEDIUM,Cleveland,42.3951,-81.909,2024-03-07T14:29:36,2024-03-07T19:23:13.154643,51,Route Closure,115,Security Event near Cleveland — severity MEDIUM. Expected delays of up to 115 minutes.
EE00157,Labor Strike,Truck drivers work stoppage,LOW,Minneapolis,44.0196,-92.6246,2024-08-30T05:58:53,2024-09-01T02:48:32.776102,92,Capacity Reduction,20,Labor Strike near Minneapolis — severity LOW. Expected delays of up to 20 minutes.
EE00158,Security Event,Security inspection delays,LOW,Birmingham,34.2987,-87.206,2025-04-21T15:52:18,2025-04-27T20:06:29.831288,239,Capacity Reduction,17,Security Event near Birmingham — severity LOW. Expected delays of up to 17 minutes.
EE00159,Public Event,Political rally road closures,MEDIUM,Little Rock,35.7305,-91.3492,2025-08-01T15:56:26,2025-08-06T09:43:47.108235,262,Inspection Required,141,Public Event near Little Rock — severity MEDIUM. Expected delays of up to 141 minutes.
EE00160,Security Event,Heightened screening,MEDIUM,Pittsburgh,39.7417,-79.6458,2024-12-22T15:06:58,2024-12-28T15:49:50.876987,206,Route Closure,103,Security Event near Pittsburgh — severity MEDIUM. Expected delays of up to 103 minutes.
EE00161,Public Event,Political rally road closures,HIGH,Atlanta,33.0114,-84.9162,2024-12-26T12:55:34,2025-01-02T06:22:10.684765,350,Route Closure,306,Public Event near Atlanta — severity HIGH. Expected delays of up to 306 minutes.
EE00162,Public Event,Political rally road closures,MEDIUM,Orlando,28.8384,-80.9437,2024-04-23T00:14:53,2024-04-23T16:19:28.203133,343,Inspection Required,99,Public Event near Orlando — severity MEDIUM. Expected delays of up to 99 minutes.
EE00163,Geopolitical Event,Trade restrictions imposed,MEDIUM,Minneapolis,44.4402,-93.5463,2025-01-02T06:25:23,2025-01-08T21:48:27.004821,317,Capacity Reduction,64,Geopolitical Event near Minneapolis — severity MEDIUM. Expected delays of up to 64 minutes.
EE00164,Security Event,Heightened screening,MEDIUM,Indianapolis,39.5921,-85.2035,2024-07-22T16:48:08,2024-07-28T20:00:06.462829,427,Capacity Reduction,160,Security Event near Indianapolis — severity MEDIUM. Expected delays of up to 160 minutes.
EE00165,Port Disruption,Port congestion surge,LOW,Chicago,42.5768,-86.9063,2024-06-28T18:51:33,2024-07-02T15:51:58.915476,82,Route Closure,15,Port Disruption near Chicago — severity LOW. Expected delays of up to 15 minutes.
EE00166,Labor Strike,Truck drivers work stoppage,LOW,Jackson,32.7048,-89.3732,2025-05-21T09:21:59,2025-05-24T16:10:24.366688,118,Capacity Reduction,26,Labor Strike near Jackson — severity LOW. Expected delays of up to 26 minutes.
EE00167,Geopolitical Event,Border control tightened,LOW,Springfield,36.3958,-92.7631,2025-05-08T00:40:08,2025-05-12T21:20:05.061365,232,Inspection Required,34,Geopolitical Event near Springfield — severity LOW. Expected delays of up to 34 minutes.
EE00168,Road Closure,Bridge weight restriction,MEDIUM,Montgomery,33.0413,-86.163,2024-04-17T13:33:01,2024-04-22T23:29:24.658864,86,Capacity Reduction,60,Road Closure near Montgomery — severity MEDIUM. Expected delays of up to 60 minutes.
EE00169,Road Closure,Bridge weight restriction,LOW,Raleigh,35.6135,-78.4826,2024-11-19T15:37:28,2024-11-23T06:40:50.862389,348,Capacity Reduction,25,Road Closure near Raleigh — severity LOW. Expected delays of up to 25 minutes.
EE00170,Geopolitical Event,Trade restrictions imposed,LOW,El Paso,30.9318,-106.9668,2024-01-09T15:39:13,2024-01-14T04:18:55.612149,253,Route Closure,54,Geopolitical Event near El Paso — severity LOW. Expected delays of up to 54 minutes.
EE00171,Geopolitical Event,Tariff increase announced,HIGH,Pittsburgh,40.8097,-79.765,2025-05-18T06:43:22,2025-05-19T07:59:07.487519,457,Delay,253,Geopolitical Event near Pittsburgh — severity HIGH. Expected delays of up to 253 minutes.
EE00172,Port Disruption,Equipment malfunction at terminal,MEDIUM,Billings,45.793,-108.5302,2025-06-12T01:30:01,2025-06-13T18:47:44.876130,74,Capacity Reduction,158,Port Disruption near Billings — severity MEDIUM. Expected delays of up to 158 minutes.
EE00173,Infrastructure Failure,Bridge structural issue,CRITICAL,Albany,42.7539,-73.7985,2026-01-16T11:25:36,2026-01-20T22:49:03.839447,312,Inspection Required,690,Infrastructure Failure near Albany — severity CRITICAL. Expected delays of up to 690 minutes.
EE00174,Public Event,Political rally road closures,HIGH,Nashville,35.7635,-86.2847,2024-02-22T11:45:23,2024-02-29T07:19:37.957162,191,Inspection Required,363,Public Event near Nashville — severity HIGH. Expected delays of up to 363 minutes.
EE00175,Geopolitical Event,Tariff increase announced,LOW,Albuquerque,34.999,-106.8686,2026-03-21T13:37:33,2026-03-25T07:44:33.324940,497,Inspection Required,14,Geopolitical Event near Albuquerque — severity LOW. Expected delays of up to 14 minutes.
EE00176,Port Disruption,Port congestion surge,MEDIUM,Minneapolis,45.9758,-93.05,2024-11-13T01:04:26,2024-11-15T17:20:08.821120,264,Route Closure,131,Port Disruption near Minneapolis — severity MEDIUM. Expected delays of up to 131 minutes.
EE00177,Security Event,Facility lockdown,HIGH,Des Moines,41.5773,-94.1626,2025-10-23T06:36:22,2025-10-28T22:02:15.313713,122,Delay,431,Security Event near Des Moines — severity HIGH. Expected delays of up to 431 minutes.
EE00178,Infrastructure Failure,Power outage at facility,HIGH,Madison,43.9411,-88.6384,2026-05-13T00:15:28,2026-05-17T11:02:43.356406,236,Inspection Required,471,Infrastructure Failure near Madison — severity HIGH. Expected delays of up to 471 minutes.
EE00179,Geopolitical Event,Tariff increase announced,MEDIUM,Louisville,38.6989,-85.5057,2024-10-09T23:00:29,2024-10-13T01:51:37.612427,444,Route Closure,94,Geopolitical Event near Louisville — severity MEDIUM. Expected delays of up to 94 minutes.
EE00180,Security Event,Heightened screening,LOW,Los Angeles,33.5023,-118.5025,2024-06-04T22:02:30,2024-06-08T05:07:14.921926,194,Route Closure,34,Security Event near Los Angeles — severity LOW. Expected delays of up to 34 minutes.
EE00181,Public Event,Political rally road closures,HIGH,Tampa,28.1837,-83.1102,2025-03-17T00:54:45,2025-03-20T06:40:26.269413,396,Delay,351,Public Event near Tampa — severity HIGH. Expected delays of up to 351 minutes.
EE00182,Infrastructure Failure,Rail track damage,LOW,Newark,41.3889,-74.4342,2025-04-16T02:26:34,2025-04-22T14:04:50.494356,348,Delay,51,Infrastructure Failure near Newark — severity LOW. Expected delays of up to 51 minutes.
EE00183,Port Disruption,Vessel backlog,MEDIUM,San Diego,33.6366,-116.2661,2025-03-17T17:49:11,2025-03-19T18:37:29.149441,232,Capacity Reduction,163,Port Disruption near San Diego — severity MEDIUM. Expected delays of up to 163 minutes.
EE00184,Road Closure,Highway section closed for repairs,LOW,Los Angeles,33.3388,-118.6055,2026-03-18T11:53:04,2026-03-20T03:12:46.205233,389,Delay,55,Road Closure near Los Angeles — severity LOW. Expected delays of up to 55 minutes.
EE00185,Infrastructure Failure,Bridge structural issue,HIGH,Sacramento,39.5078,-121.7451,2026-03-26T05:39:35,2026-03-30T09:01:15.788353,443,Capacity Reduction,293,Infrastructure Failure near Sacramento — severity HIGH. Expected delays of up to 293 minutes.
EE00186,Labor Strike,Port workers strike,MEDIUM,Indianapolis,39.1075,-85.838,2025-08-18T01:47:37,2025-08-23T17:47:54.851060,249,Delay,157,Labor Strike near Indianapolis — severity MEDIUM. Expected delays of up to 157 minutes.
EE00187,Security Event,Heightened screening,HIGH,Sioux Falls,43.0616,-95.9229,2025-08-22T08:37:21,2025-08-26T06:23:39.559356,215,Capacity Reduction,427,Security Event near Sioux Falls — severity HIGH. Expected delays of up to 427 minutes.
EE00188,Customs Delay,System outage at customs,CRITICAL,Detroit,42.3521,-83.2329,2026-02-01T03:59:24,2026-02-06T03:26:01.856882,395,Delay,914,Customs Delay near Detroit — severity CRITICAL. Expected delays of up to 914 minutes.
EE00189,Security Event,Security inspection delays,LOW,Tucson,32.1761,-111.6422,2024-08-11T19:24:27,2024-08-17T05:19:16.276864,105,Inspection Required,39,Security Event near Tucson — severity LOW. Expected delays of up to 39 minutes.
EE00190,Port Disruption,Port congestion surge,MEDIUM,San Francisco,36.9481,-121.5169,2026-02-15T01:51:31,2026-02-21T18:27:34.144448,483,Route Closure,61,Port Disruption near San Francisco — severity MEDIUM. Expected delays of up to 61 minutes.
EE00191,Port Disruption,Vessel backlog,MEDIUM,Charlotte,34.5077,-80.387,2024-12-10T23:56:53,2024-12-12T21:01:00.561772,416,Capacity Reduction,150,Port Disruption near Charlotte — severity MEDIUM. Expected delays of up to 150 minutes.
EE00192,Customs Delay,Documentation backlog,HIGH,Providence,41.0418,-71.5446,2025-10-19T05:16:47,2025-10-24T11:25:56.441644,241,Route Closure,209,Customs Delay near Providence — severity HIGH. Expected delays of up to 209 minutes.
EE00193,Security Event,Heightened screening,CRITICAL,Manchester,42.9277,-71.69,2025-11-28T12:05:44,2025-12-01T17:48:14.655250,452,Route Closure,1314,Security Event near Manchester — severity CRITICAL. Expected delays of up to 1314 minutes.
EE00194,Infrastructure Failure,Bridge structural issue,MEDIUM,Raleigh,36.6436,-79.1754,2025-11-16T04:03:04,2025-11-20T22:56:04.373870,273,Delay,159,Infrastructure Failure near Raleigh — severity MEDIUM. Expected delays of up to 159 minutes.
EE00195,Public Event,Political rally road closures,LOW,Philadelphia,40.8047,-75.2174,2025-03-30T15:27:39,2025-04-04T21:00:03.069898,410,Inspection Required,43,Public Event near Philadelphia — severity LOW. Expected delays of up to 43 minutes.
EE00196,Public Event,Major sporting event causing traffic,MEDIUM,Seattle,47.4584,-122.0692,2025-10-04T00:10:29,2025-10-08T21:25:38.710480,68,Delay,107,Public Event near Seattle — severity MEDIUM. Expected delays of up to 107 minutes.
EE00197,Infrastructure Failure,Bridge structural issue,MEDIUM,Springfield,36.3304,-92.5525,2024-08-20T13:23:42,2024-08-21T05:58:05.529265,476,Delay,73,Infrastructure Failure near Springfield — severity MEDIUM. Expected delays of up to 73 minutes.
EE00198,Geopolitical Event,Trade restrictions imposed,HIGH,Detroit,41.7559,-82.3973,2024-01-10T21:19:07,2024-01-14T15:59:19.238576,451,Capacity Reduction,403,Geopolitical Event near Detroit — severity HIGH. Expected delays of up to 403 minutes.
EE00199,Infrastructure Failure,Bridge structural issue,LOW,Phoenix,32.4908,-111.7586,2024-07-20T12:55:46,2024-07-26T03:15:18.594756,340,Route Closure,57,Infrastructure Failure near Phoenix — severity LOW. Expected delays of up to 57 minutes.
EE00200,Port Disruption,Equipment malfunction at terminal,HIGH,Newark,39.8164,-73.722,2025-07-23T00:26:02,2025-07-26T13:34:11.705658,99,Inspection Required,284,Port Disruption near Newark — severity HIGH. Expected delays of up to 284 minutes.
EE00201,Port Disruption,Vessel backlog,LOW,Cincinnati,39.6229,-84.8244,2026-03-11T12:17:56,2026-03-14T23:35:42.381535,237,Capacity Reduction,51,Port Disruption near Cincinnati — severity LOW. Expected delays of up to 51 minutes.
EE00202,Geopolitical Event,Border control tightened,HIGH,Richmond,37.4923,-78.1264,2024-09-17T12:38:33,2024-09-21T11:03:55.411006,441,Inspection Required,241,Geopolitical Event near Richmond — severity HIGH. Expected delays of up to 241 minutes.
EE00203,Road Closure,Highway section closed for repairs,CRITICAL,Raleigh,35.2689,-77.8029,2025-07-26T23:08:27,2025-07-30T19:56:37.746902,232,Route Closure,858,Road Closure near Raleigh — severity CRITICAL. Expected delays of up to 858 minutes.
EE00204,Security Event,Security inspection delays,MEDIUM,Fargo,47.7054,-96.5442,2025-03-23T06:11:04,2025-03-28T23:41:14.388000,471,Inspection Required,158,Security Event near Fargo — severity MEDIUM. Expected delays of up to 158 minutes.
EE00205,Port Disruption,Vessel backlog,HIGH,Denver,39.0161,-105.6816,2024-11-20T21:42:26,2024-11-26T02:25:22.496070,158,Capacity Reduction,332,Port Disruption near Denver — severity HIGH. Expected delays of up to 332 minutes.
EE00206,Infrastructure Failure,Power outage at facility,MEDIUM,Rochester,42.6369,-77.6713,2024-04-18T02:37:23,2024-04-23T18:05:38.417531,383,Inspection Required,123,Infrastructure Failure near Rochester — severity MEDIUM. Expected delays of up to 123 minutes.
EE00207,Road Closure,Highway section closed for repairs,MEDIUM,Boston,43.3235,-71.4364,2026-03-27T20:16:34,2026-04-02T00:00:19.705338,270,Inspection Required,102,Road Closure near Boston — severity MEDIUM. Expected delays of up to 102 minutes.
EE00208,Customs Delay,Documentation backlog,MEDIUM,San Diego,33.4857,-117.2768,2024-12-05T07:58:57,2024-12-11T20:09:37.320059,232,Capacity Reduction,123,Customs Delay near San Diego — severity MEDIUM. Expected delays of up to 123 minutes.
EE00209,Security Event,Security inspection delays,HIGH,Los Angeles,34.8197,-118.4995,2024-09-25T13:12:23,2024-09-28T23:02:01.277321,224,Route Closure,314,Security Event near Los Angeles — severity HIGH. Expected delays of up to 314 minutes.
EE00210,Customs Delay,Documentation backlog,HIGH,Raleigh,35.5165,-78.1693,2026-04-24T02:06:17,2026-04-29T11:14:46.985690,90,Inspection Required,337,Customs Delay near Raleigh — severity HIGH. Expected delays of up to 337 minutes.
EE00211,Port Disruption,Port congestion surge,MEDIUM,Raleigh,35.4618,-79.377,2024-06-13T10:47:29,2024-06-20T02:51:25.230248,295,Inspection Required,125,Port Disruption near Raleigh — severity MEDIUM. Expected delays of up to 125 minutes.
EE00212,Security Event,Facility lockdown,CRITICAL,Billings,45.5664,-108.77,2024-07-26T17:39:31,2024-08-01T06:28:43.297021,198,Route Closure,750,Security Event near Billings — severity CRITICAL. Expected delays of up to 750 minutes.
EE00213,Public Event,Festival road closures,MEDIUM,Fargo,46.3621,-97.1499,2024-10-22T19:30:38,2024-10-23T01:11:05.296589,409,Inspection Required,65,Public Event near Fargo — severity MEDIUM. Expected delays of up to 65 minutes.
EE00214,Road Closure,Bridge weight restriction,MEDIUM,Indianapolis,40.7662,-85.5751,2024-04-07T17:39:47,2024-04-11T21:54:28.846504,106,Delay,71,Road Closure near Indianapolis — severity MEDIUM. Expected delays of up to 71 minutes.
EE00215,Infrastructure Failure,Rail track damage,MEDIUM,Chattanooga,34.944,-86.057,2024-07-15T04:38:04,2024-07-19T11:06:15.480989,90,Capacity Reduction,79,Infrastructure Failure near Chattanooga — severity MEDIUM. Expected delays of up to 79 minutes.
EE00216,Labor Strike,Warehouse staff walkout,CRITICAL,Jackson,31.9136,-89.9559,2024-11-06T23:17:31,2024-11-11T20:08:49.368248,258,Route Closure,862,Labor Strike near Jackson — severity CRITICAL. Expected delays of up to 862 minutes.
EE00217,Public Event,Major sporting event causing traffic,LOW,Lexington,37.0915,-84.1237,2024-08-10T11:21:10,2024-08-12T13:37:03.492217,488,Delay,38,Public Event near Lexington — severity LOW. Expected delays of up to 38 minutes.
EE00218,Security Event,Facility lockdown,LOW,Birmingham,33.0223,-86.6031,2024-01-12T00:07:16,2024-01-18T18:55:37.296086,319,Route Closure,23,Security Event near Birmingham — severity LOW. Expected delays of up to 23 minutes.
EE00219,Security Event,Heightened screening,MEDIUM,Portland,46.0144,-122.4777,2025-04-18T14:21:24,2025-04-24T21:20:21.541233,479,Inspection Required,72,Security Event near Portland — severity MEDIUM. Expected delays of up to 72 minutes.
EE00220,Port Disruption,Port congestion surge,LOW,Salt Lake City,40.5862,-111.8019,2024-05-23T20:31:50,2024-05-25T18:13:22.410268,238,Inspection Required,47,Port Disruption near Salt Lake City — severity LOW. Expected delays of up to 47 minutes.
EE00221,Port Disruption,Port congestion surge,LOW,Seattle,48.222,-123.2385,2024-04-01T15:06:04,2024-04-04T01:08:03.895575,204,Capacity Reduction,44,Port Disruption near Seattle — severity LOW. Expected delays of up to 44 minutes.
EE00222,Public Event,Major sporting event causing traffic,HIGH,Baton Rouge,30.1665,-91.3679,2025-08-08T21:24:25,2025-08-11T18:16:08.866610,401,Route Closure,296,Public Event near Baton Rouge — severity HIGH. Expected delays of up to 296 minutes.
EE00223,Geopolitical Event,Tariff increase announced,MEDIUM,New Orleans,30.1989,-90.3856,2024-01-13T14:32:36,2024-01-18T22:28:56.215180,119,Inspection Required,68,Geopolitical Event near New Orleans — severity MEDIUM. Expected delays of up to 68 minutes.
EE00224,Security Event,Security inspection delays,MEDIUM,Portland,44.7153,-122.2758,2024-05-19T13:53:14,2024-05-21T23:05:59.825254,322,Capacity Reduction,60,Security Event near Portland — severity MEDIUM. Expected delays of up to 60 minutes.
EE00225,Road Closure,Emergency road closure,MEDIUM,Louisville,37.5892,-85.9388,2026-03-18T03:44:29,2026-03-21T19:56:31.650954,323,Delay,168,Road Closure near Louisville — severity MEDIUM. Expected delays of up to 168 minutes.
EE00226,Labor Strike,Truck drivers work stoppage,MEDIUM,Nashville,36.1122,-85.973,2025-01-15T04:53:05,2025-01-17T11:59:15.502510,446,Delay,135,Labor Strike near Nashville — severity MEDIUM. Expected delays of up to 135 minutes.
EE00227,Security Event,Facility lockdown,CRITICAL,Omaha,41.2352,-96.6043,2025-10-07T06:02:29,2025-10-12T19:30:36.874542,331,Inspection Required,699,Security Event near Omaha — severity CRITICAL. Expected delays of up to 699 minutes.
EE00228,Customs Delay,Increased customs inspections,LOW,Omaha,40.6177,-96.6773,2025-02-11T14:37:19,2025-02-17T19:17:48.921012,120,Route Closure,12,Customs Delay near Omaha — severity LOW. Expected delays of up to 12 minutes.
EE00229,Infrastructure Failure,Rail track damage,LOW,Madison,42.3682,-89.9325,2026-01-30T11:17:38,2026-02-06T04:12:56.706726,142,Inspection Required,56,Infrastructure Failure near Madison — severity LOW. Expected delays of up to 56 minutes.
EE00230,Customs Delay,System outage at customs,LOW,San Francisco,36.9551,-122.9438,2024-09-05T18:51:16,2024-09-10T14:04:11.581241,334,Capacity Reduction,12,Customs Delay near San Francisco — severity LOW. Expected delays of up to 12 minutes.
EE00231,Public Event,Political rally road closures,HIGH,Lexington,38.853,-83.9173,2024-11-12T20:04:09,2024-11-13T15:07:34.045200,329,Capacity Reduction,254,Public Event near Lexington — severity HIGH. Expected delays of up to 254 minutes.
EE00232,Infrastructure Failure,Power outage at facility,MEDIUM,Salt Lake City,40.0473,-112.1134,2026-05-08T15:51:51,2026-05-10T07:16:27.872729,66,Inspection Required,81,Infrastructure Failure near Salt Lake City — severity MEDIUM. Expected delays of up to 81 minutes.
EE00233,Labor Strike,Truck drivers work stoppage,HIGH,Sacramento,39.3921,-120.9007,2025-12-20T12:49:44,2025-12-22T13:36:31.903319,211,Delay,345,Labor Strike near Sacramento — severity HIGH. Expected delays of up to 345 minutes.
EE00234,Port Disruption,Port congestion surge,HIGH,Raleigh,36.3266,-79.594,2025-06-19T22:47:49,2025-06-24T16:04:33.701149,163,Capacity Reduction,194,Port Disruption near Raleigh — severity HIGH. Expected delays of up to 194 minutes.
EE00235,Labor Strike,Port workers strike,MEDIUM,Tampa,27.3798,-82.3423,2024-02-07T15:11:16,2024-02-09T04:10:46.459761,428,Inspection Required,67,Labor Strike near Tampa — severity MEDIUM. Expected delays of up to 67 minutes.
EE00236,Public Event,Major sporting event causing traffic,MEDIUM,Miami,25.6635,-79.8665,2026-04-07T05:31:40,2026-04-12T23:41:54.649810,126,Route Closure,104,Public Event near Miami — severity MEDIUM. Expected delays of up to 104 minutes.
EE00237,Geopolitical Event,Tariff increase announced,LOW,Charlotte,35.9046,-81.2405,2024-09-13T09:51:02,2024-09-17T06:12:29.779372,385,Inspection Required,22,Geopolitical Event near Charlotte — severity LOW. Expected delays of up to 22 minutes.
EE00238,Port Disruption,Vessel backlog,MEDIUM,Springfield,37.9006,-94.2463,2026-01-02T16:47:13,2026-01-08T18:37:46.040239,475,Capacity Reduction,130,Port Disruption near Springfield — severity MEDIUM. Expected delays of up to 130 minutes.
EE00239,Geopolitical Event,Trade restrictions imposed,MEDIUM,Fargo,47.6314,-97.513,2025-09-19T15:09:25,2025-09-26T00:01:10.272270,440,Inspection Required,168,Geopolitical Event near Fargo — severity MEDIUM. Expected delays of up to 168 minutes.
EE00240,Public Event,Political rally road closures,CRITICAL,Albany,42.8238,-74.5009,2026-03-16T17:50:25,2026-03-21T06:07:30.433927,54,Capacity Reduction,1072,Public Event near Albany — severity CRITICAL. Expected delays of up to 1072 minutes.
EE00241,Customs Delay,Documentation backlog,LOW,Little Rock,34.1358,-91.8547,2024-05-15T07:01:15,2024-05-20T06:41:02.792378,177,Delay,22,Customs Delay near Little Rock — severity LOW. Expected delays of up to 22 minutes.
EE00242,Geopolitical Event,Tariff increase announced,HIGH,Las Vegas,35.7148,-115.6278,2025-12-09T09:56:11,2025-12-15T08:39:03.497938,165,Route Closure,284,Geopolitical Event near Las Vegas — severity HIGH. Expected delays of up to 284 minutes.
EE00243,Infrastructure Failure,Power outage at facility,MEDIUM,Lexington,38.2878,-85.3707,2024-10-01T20:50:40,2024-10-03T14:56:30.574198,181,Capacity Reduction,81,Infrastructure Failure near Lexington — severity MEDIUM. Expected delays of up to 81 minutes.
EE00244,Customs Delay,Increased customs inspections,CRITICAL,Denver,40.4455,-104.6735,2024-10-07T15:41:12,2024-10-13T08:52:07.042396,297,Inspection Required,1110,Customs Delay near Denver — severity CRITICAL. Expected delays of up to 1110 minutes.
EE00245,Infrastructure Failure,Power outage at facility,MEDIUM,Sacramento,38.5969,-121.4773,2025-06-27T20:12:56,2025-07-02T18:12:25.153261,190,Route Closure,146,Infrastructure Failure near Sacramento — severity MEDIUM. Expected delays of up to 146 minutes.
EE00246,Road Closure,Highway section closed for repairs,LOW,Miami,24.9798,-80.5901,2026-01-15T18:39:50,2026-01-21T18:12:43.868337,327,Inspection Required,47,Road Closure near Miami — severity LOW. Expected delays of up to 47 minutes.
EE00247,Infrastructure Failure,Bridge structural issue,MEDIUM,Orlando,28.2073,-81.2736,2025-12-22T04:55:14,2025-12-25T16:06:33.124140,143,Inspection Required,140,Infrastructure Failure near Orlando — severity MEDIUM. Expected delays of up to 140 minutes.
EE00248,Security Event,Facility lockdown,LOW,Birmingham,33.5579,-87.5658,2025-05-13T10:06:45,2025-05-15T03:34:18.656985,345,Delay,28,Security Event near Birmingham — severity LOW. Expected delays of up to 28 minutes.
EE00249,Security Event,Security inspection delays,CRITICAL,Boston,42.8198,-71.653,2025-02-08T10:12:12,2025-02-12T09:11:32.020209,391,Delay,1433,Security Event near Boston — severity CRITICAL. Expected delays of up to 1433 minutes.
EE00250,Road Closure,Bridge weight restriction,LOW,Denver,40.3182,-104.6538,2025-07-18T04:36:27,2025-07-24T05:46:13.521352,161,Inspection Required,57,Road Closure near Denver — severity LOW. Expected delays of up to 57 minutes.
EE00251,Port Disruption,Vessel backlog,MEDIUM,Richmond,37.3676,-77.8513,2026-05-23T02:25:06,2026-05-26T05:03:07.525134,70,Inspection Required,122,Port Disruption near Richmond — severity MEDIUM. Expected delays of up to 122 minutes.
EE00252,Public Event,Festival road closures,MEDIUM,Seattle,48.1316,-121.5127,2025-02-16T15:24:57,2025-02-16T20:47:07.623602,297,Route Closure,73,Public Event near Seattle — severity MEDIUM. Expected delays of up to 73 minutes.
EE00253,Security Event,Heightened screening,MEDIUM,Orlando,27.6509,-82.3692,2026-01-21T14:36:53,2026-01-24T22:25:50.238064,53,Capacity Reduction,103,Security Event near Orlando — severity MEDIUM. Expected delays of up to 103 minutes.
EE00254,Labor Strike,Truck drivers work stoppage,HIGH,Minneapolis,45.669,-93.538,2024-07-29T18:01:08,2024-08-03T07:32:04.784556,244,Route Closure,257,Labor Strike near Minneapolis — severity HIGH. Expected delays of up to 257 minutes.
EE00255,Customs Delay,System outage at customs,MEDIUM,Boston,41.4231,-70.1248,2025-08-11T14:46:26,2025-08-18T10:34:23.765445,408,Inspection Required,135,Customs Delay near Boston — severity MEDIUM. Expected delays of up to 135 minutes.
EE00256,Road Closure,Emergency road closure,MEDIUM,Denver,39.817,-104.3837,2024-08-28T09:40:55,2024-09-01T17:41:10.984698,80,Inspection Required,171,Road Closure near Denver — severity MEDIUM. Expected delays of up to 171 minutes.
EE00257,Security Event,Facility lockdown,LOW,Richmond,37.8523,-77.9005,2026-06-06T08:34:51,2026-06-10T20:59:03.793716,250,Inspection Required,44,Security Event near Richmond — severity LOW. Expected delays of up to 44 minutes.
EE00258,Security Event,Heightened screening,HIGH,Manchester,42.8186,-71.0777,2024-02-20T18:54:44,2024-02-24T21:46:22.662540,470,Capacity Reduction,255,Security Event near Manchester — severity HIGH. Expected delays of up to 255 minutes.
EE00259,Public Event,Political rally road closures,CRITICAL,Chattanooga,34.0922,-85.5887,2025-05-20T13:04:04,2025-05-20T20:41:48.141376,155,Route Closure,1261,Public Event near Chattanooga — severity CRITICAL. Expected delays of up to 1261 minutes.
EE00260,Geopolitical Event,Tariff increase announced,LOW,Detroit,42.9115,-83.1385,2024-08-09T06:45:47,2024-08-12T21:13:33.970860,208,Capacity Reduction,43,Geopolitical Event near Detroit — severity LOW. Expected delays of up to 43 minutes.
EE00261,Port Disruption,Vessel backlog,MEDIUM,Tucson,31.2624,-110.5358,2024-05-20T04:10:10,2024-05-26T07:19:19.980311,267,Inspection Required,85,Port Disruption near Tucson — severity MEDIUM. Expected delays of up to 85 minutes.
EE00262,Public Event,Major sporting event causing traffic,HIGH,Portland,45.5872,-122.2824,2026-03-04T16:46:57,2026-03-09T19:49:10.856520,221,Capacity Reduction,344,Public Event near Portland — severity HIGH. Expected delays of up to 344 minutes.
EE00263,Road Closure,Highway section closed for repairs,HIGH,Boise,42.9287,-116.4056,2025-12-05T14:26:15,2025-12-07T06:30:57.966059,366,Delay,183,Road Closure near Boise — severity HIGH. Expected delays of up to 183 minutes.
EE00264,Road Closure,Bridge weight restriction,LOW,Columbus,39.5245,-82.9659,2025-08-17T01:22:54,2025-08-18T06:46:11.037625,333,Capacity Reduction,38,Road Closure near Columbus — severity LOW. Expected delays of up to 38 minutes.
EE00265,Road Closure,Emergency road closure,HIGH,Baltimore,39.6989,-77.2636,2026-05-10T07:09:06,2026-05-15T09:41:44.229340,369,Route Closure,218,Road Closure near Baltimore — severity HIGH. Expected delays of up to 218 minutes.
EE00266,Geopolitical Event,Tariff increase announced,CRITICAL,Minneapolis,45.2979,-93.363,2025-01-09T12:26:50,2025-01-10T11:25:33.784131,240,Capacity Reduction,502,Geopolitical Event near Minneapolis — severity CRITICAL. Expected delays of up to 502 minutes.
EE00267,Security Event,Heightened screening,HIGH,Jacksonville,30.6948,-81.0012,2024-06-07T20:09:15,2024-06-10T20:21:16.109120,115,Inspection Required,263,Security Event near Jacksonville — severity HIGH. Expected delays of up to 263 minutes.
EE00268,Geopolitical Event,Trade restrictions imposed,LOW,Memphis,35.1703,-90.5637,2025-09-01T17:17:43,2025-09-07T06:51:45.643558,95,Route Closure,18,Geopolitical Event near Memphis — severity LOW. Expected delays of up to 18 minutes.
EE00269,Labor Strike,Port workers strike,MEDIUM,Albuquerque,34.5371,-106.5947,2024-03-23T11:34:46,2024-03-25T08:46:31.086790,231,Capacity Reduction,117,Labor Strike near Albuquerque — severity MEDIUM. Expected delays of up to 117 minutes.
EE00270,Port Disruption,Vessel backlog,HIGH,Wichita,38.169,-97.2747,2026-05-03T10:09:00,2026-05-07T03:40:24.261745,249,Delay,385,Port Disruption near Wichita — severity HIGH. Expected delays of up to 385 minutes.
EE00271,Security Event,Heightened screening,MEDIUM,Cleveland,40.7313,-80.8905,2024-10-09T04:29:46,2024-10-12T05:19:46.369231,235,Inspection Required,107,Security Event near Cleveland — severity MEDIUM. Expected delays of up to 107 minutes.
EE00272,Security Event,Facility lockdown,LOW,Atlanta,34.5883,-83.8939,2025-11-13T19:06:32,2025-11-17T00:00:05.946119,349,Capacity Reduction,16,Security Event near Atlanta — severity LOW. Expected delays of up to 16 minutes.
EE00273,Security Event,Heightened screening,LOW,Boston,41.7709,-71.9589,2024-07-06T20:35:18,2024-07-07T06:30:40.471511,413,Route Closure,41,Security Event near Boston — severity LOW. Expected delays of up to 41 minutes.
EE00274,Port Disruption,Equipment malfunction at terminal,HIGH,Boston,41.8843,-72.0571,2025-12-29T05:06:17,2026-01-05T01:51:46.949842,410,Route Closure,436,Port Disruption near Boston — severity HIGH. Expected delays of up to 436 minutes.
EE00275,Port Disruption,Equipment malfunction at terminal,LOW,Billings,46.0389,-108.8116,2024-09-29T16:56:27,2024-10-03T18:41:19.070482,469,Route Closure,20,Port Disruption near Billings — severity LOW. Expected delays of up to 20 minutes.
EE00276,Infrastructure Failure,Rail track damage,MEDIUM,Sioux Falls,44.0776,-96.5214,2024-04-08T08:48:46,2024-04-09T21:37:14.788438,492,Capacity Reduction,84,Infrastructure Failure near Sioux Falls — severity MEDIUM. Expected delays of up to 84 minutes.
EE00277,Port Disruption,Equipment malfunction at terminal,LOW,Cleveland,42.2502,-81.7367,2025-12-11T04:24:40,2025-12-12T01:41:35.104387,470,Delay,42,Port Disruption near Cleveland — severity LOW. Expected delays of up to 42 minutes.
EE00278,Port Disruption,Port congestion surge,MEDIUM,New York,40.2913,-73.3123,2024-11-30T02:20:08,2024-12-06T12:47:57.127962,359,Route Closure,107,Port Disruption near New York — severity MEDIUM. Expected delays of up to 107 minutes.
EE00279,Security Event,Heightened screening,HIGH,New York,40.0481,-74.0783,2024-11-04T01:56:59,2024-11-08T17:43:35.680884,148,Delay,349,Security Event near New York — severity HIGH. Expected delays of up to 349 minutes.
EE00280,Infrastructure Failure,Power outage at facility,MEDIUM,Raleigh,36.5132,-78.51,2025-11-19T00:26:44,2025-11-23T01:36:31.625342,170,Route Closure,71,Infrastructure Failure near Raleigh — severity MEDIUM. Expected delays of up to 71 minutes.
EE00281,Infrastructure Failure,Rail track damage,LOW,Topeka,38.8468,-96.3408,2024-12-03T12:24:35,2024-12-06T12:10:14.396469,83,Capacity Reduction,48,Infrastructure Failure near Topeka — severity LOW. Expected delays of up to 48 minutes.
EE00282,Infrastructure Failure,Rail track damage,LOW,Sioux Falls,44.5115,-96.4216,2026-05-26T21:31:12,2026-05-31T12:58:32.298434,356,Capacity Reduction,21,Infrastructure Failure near Sioux Falls — severity LOW. Expected delays of up to 21 minutes.
EE00283,Infrastructure Failure,Bridge structural issue,HIGH,Madison,42.2598,-90.0555,2026-06-23T23:12:11,2026-06-26T15:42:33.989663,442,Delay,364,Infrastructure Failure near Madison — severity HIGH. Expected delays of up to 364 minutes.
EE00284,Infrastructure Failure,Power outage at facility,MEDIUM,Albuquerque,34.7256,-106.5926,2024-10-16T04:07:00,2024-10-17T01:13:31.307571,495,Capacity Reduction,151,Infrastructure Failure near Albuquerque — severity MEDIUM. Expected delays of up to 151 minutes.
EE00285,Geopolitical Event,Border control tightened,LOW,Manchester,42.2388,-71.975,2024-02-15T11:08:11,2024-02-21T13:04:19.701982,62,Capacity Reduction,29,Geopolitical Event near Manchester — severity LOW. Expected delays of up to 29 minutes.
EE00286,Public Event,Political rally road closures,LOW,Houston,30.2844,-94.3841,2025-05-21T03:32:50,2025-05-22T13:31:27.506460,430,Inspection Required,57,Public Event near Houston — severity LOW. Expected delays of up to 57 minutes.
EE00287,Security Event,Security inspection delays,LOW,Salt Lake City,40.9019,-111.9607,2024-10-09T09:35:41,2024-10-12T10:21:08.596729,338,Route Closure,37,Security Event near Salt Lake City — severity LOW. Expected delays of up to 37 minutes.
EE00288,Labor Strike,Port workers strike,MEDIUM,Birmingham,32.8454,-86.9476,2024-09-25T00:54:05,2024-09-25T15:49:05.909149,335,Route Closure,62,Labor Strike near Birmingham — severity MEDIUM. Expected delays of up to 62 minutes.
EE00289,Public Event,Major sporting event causing traffic,MEDIUM,Nashville,36.3888,-87.4587,2024-08-29T01:57:50,2024-09-02T06:25:45.203496,345,Route Closure,158,Public Event near Nashville — severity MEDIUM. Expected delays of up to 158 minutes.
EE00290,Public Event,Festival road closures,LOW,Philadelphia,39.6117,-74.3347,2026-06-14T18:59:53,2026-06-16T08:12:26.844257,440,Capacity Reduction,50,Public Event near Philadelphia — severity LOW. Expected delays of up to 50 minutes.
EE00291,Labor Strike,Truck drivers work stoppage,CRITICAL,Pittsburgh,39.7507,-80.7783,2026-05-30T14:37:02,2026-06-02T15:38:48.471242,466,Route Closure,574,Labor Strike near Pittsburgh — severity CRITICAL. Expected delays of up to 574 minutes.
EE00292,Port Disruption,Port congestion surge,MEDIUM,Charlotte,36.111,-81.4989,2024-11-28T14:10:13,2024-11-29T12:25:56.012501,457,Inspection Required,175,Port Disruption near Charlotte — severity MEDIUM. Expected delays of up to 175 minutes.
EE00293,Public Event,Major sporting event causing traffic,LOW,Spokane,48.2955,-117.7961,2025-10-01T22:14:47,2025-10-04T23:38:01.861306,480,Capacity Reduction,45,Public Event near Spokane — severity LOW. Expected delays of up to 45 minutes.
EE00294,Geopolitical Event,Trade restrictions imposed,MEDIUM,Portland ME,43.1832,-70.1632,2024-09-22T22:31:18,2024-09-26T06:42:17.061701,134,Capacity Reduction,81,Geopolitical Event near Portland ME — severity MEDIUM. Expected delays of up to 81 minutes.
EE00295,Road Closure,Highway section closed for repairs,CRITICAL,Orlando,27.6756,-80.9887,2024-06-05T14:28:15,2024-06-10T03:43:25.849668,64,Capacity Reduction,1363,Road Closure near Orlando — severity CRITICAL. Expected delays of up to 1363 minutes.
EE00296,Geopolitical Event,Tariff increase announced,LOW,Albany,43.5971,-74.4282,2025-10-25T11:26:38,2025-10-27T15:34:05.657606,140,Delay,31,Geopolitical Event near Albany — severity LOW. Expected delays of up to 31 minutes.
EE00297,Labor Strike,Truck drivers work stoppage,LOW,Nashville,35.7523,-86.2372,2025-05-22T21:45:17,2025-05-24T01:52:07.004483,284,Capacity Reduction,39,Labor Strike near Nashville — severity LOW. Expected delays of up to 39 minutes.
EE00298,Port Disruption,Vessel backlog,CRITICAL,Richmond,37.6163,-76.4599,2024-04-27T01:43:53,2024-05-02T01:44:39.251921,173,Capacity Reduction,1283,Port Disruption near Richmond — severity CRITICAL. Expected delays of up to 1283 minutes.
EE00299,Labor Strike,Truck drivers work stoppage,CRITICAL,Hartford,41.0513,-72.978,2025-04-16T00:03:40,2025-04-18T09:13:19.470330,421,Route Closure,1277,Labor Strike near Hartford — severity CRITICAL. Expected delays of up to 1277 minutes.
EE00300,Customs Delay,Documentation backlog,CRITICAL,Baton Rouge,31.0728,-90.8579,2025-01-02T00:51:39,2025-01-08T20:43:20.483386,490,Route Closure,1286,Customs Delay near Baton Rouge — severity CRITICAL. Expected delays of up to 1286 minutes.
EE00301,Geopolitical Event,Tariff increase announced,MEDIUM,Providence,42.3311,-70.5819,2026-05-09T06:25:10,2026-05-10T16:57:25.053831,176,Delay,69,Geopolitical Event near Providence — severity MEDIUM. Expected delays of up to 69 minutes.
EE00302,Road Closure,Highway section closed for repairs,LOW,Kansas City,39.1151,-94.7181,2026-05-05T10:03:10,2026-05-09T10:38:01.381734,499,Delay,44,Road Closure near Kansas City — severity LOW. Expected delays of up to 44 minutes.
EE00303,Geopolitical Event,Border control tightened,HIGH,Cincinnati,38.7629,-83.675,2024-08-11T11:58:21,2024-08-13T14:45:20.224426,196,Route Closure,347,Geopolitical Event near Cincinnati — severity HIGH. Expected delays of up to 347 minutes.
EE00304,Customs Delay,Increased customs inspections,HIGH,Sioux Falls,44.3917,-96.7971,2025-01-02T07:40:15,2025-01-06T15:27:55.896472,118,Capacity Reduction,266,Customs Delay near Sioux Falls — severity HIGH. Expected delays of up to 266 minutes.
EE00305,Public Event,Political rally road closures,HIGH,Houston,30.2684,-94.8895,2024-09-15T17:56:58,2024-09-16T06:59:50.192630,271,Route Closure,330,Public Event near Houston — severity HIGH. Expected delays of up to 330 minutes.
EE00306,Public Event,Festival road closures,CRITICAL,Orlando,28.5869,-80.9539,2025-05-20T00:42:00,2025-05-25T08:03:23.452737,143,Route Closure,520,Public Event near Orlando — severity CRITICAL. Expected delays of up to 520 minutes.
EE00307,Infrastructure Failure,Rail track damage,MEDIUM,Detroit,43.1584,-82.6538,2025-07-18T23:25:53,2025-07-21T12:02:17.537362,89,Capacity Reduction,118,Infrastructure Failure near Detroit — severity MEDIUM. Expected delays of up to 118 minutes.
EE00308,Infrastructure Failure,Power outage at facility,LOW,Boise,43.3292,-116.5885,2025-01-14T20:24:36,2025-01-17T16:07:11.258244,394,Inspection Required,47,Infrastructure Failure near Boise — severity LOW. Expected delays of up to 47 minutes.
EE00309,Labor Strike,Truck drivers work stoppage,CRITICAL,Buffalo,43.0208,-78.7766,2026-06-16T06:40:51,2026-06-22T12:56:23.158608,177,Capacity Reduction,1194,Labor Strike near Buffalo — severity CRITICAL. Expected delays of up to 1194 minutes.
EE00310,Infrastructure Failure,Power outage at facility,MEDIUM,Indianapolis,38.8229,-87.0193,2026-04-19T02:45:25,2026-04-23T21:11:08.031727,463,Route Closure,73,Infrastructure Failure near Indianapolis — severity MEDIUM. Expected delays of up to 73 minutes.
EE00311,Customs Delay,Increased customs inspections,MEDIUM,Montgomery,31.6812,-86.9721,2024-11-11T15:20:31,2024-11-17T08:59:45.275345,392,Capacity Reduction,170,Customs Delay near Montgomery — severity MEDIUM. Expected delays of up to 170 minutes.
EE00312,Customs Delay,Documentation backlog,LOW,Albany,41.822,-73.033,2025-05-12T10:03:33,2025-05-16T00:23:16.999066,123,Inspection Required,15,Customs Delay near Albany — severity LOW. Expected delays of up to 15 minutes.
EE00313,Road Closure,Bridge weight restriction,HIGH,Cincinnati,38.5851,-85.3883,2026-05-13T15:05:58,2026-05-19T09:06:23.027642,174,Delay,328,Road Closure near Cincinnati — severity HIGH. Expected delays of up to 328 minutes.
EE00314,Port Disruption,Port congestion surge,MEDIUM,Indianapolis,40.6721,-86.5662,2025-04-23T13:21:43,2025-04-26T11:09:47.243589,63,Delay,70,Port Disruption near Indianapolis — severity MEDIUM. Expected delays of up to 70 minutes.
EE00315,Security Event,Facility lockdown,HIGH,San Francisco,38.7651,-122.7234,2025-02-18T10:12:52,2025-02-25T00:12:56.608135,149,Inspection Required,333,Security Event near San Francisco — severity HIGH. Expected delays of up to 333 minutes.
EE00316,Road Closure,Emergency road closure,HIGH,Raleigh,36.4146,-77.8383,2025-10-11T03:31:26,2025-10-13T16:22:38.289318,122,Route Closure,258,Road Closure near Raleigh — severity HIGH. Expected delays of up to 258 minutes.
EE00317,Security Event,Facility lockdown,HIGH,Portland ME,44.1965,-70.1173,2024-07-08T18:19:34,2024-07-10T22:38:32.175968,70,Capacity Reduction,410,Security Event near Portland ME — severity HIGH. Expected delays of up to 410 minutes.
EE00318,Port Disruption,Port congestion surge,MEDIUM,Miami,26.4461,-79.4852,2026-01-29T19:05:23,2026-02-03T18:21:58.464448,172,Route Closure,91,Port Disruption near Miami — severity MEDIUM. Expected delays of up to 91 minutes.
EE00319,Public Event,Political rally road closures,LOW,Las Vegas,35.7579,-115.1941,2025-12-20T06:54:51,2025-12-21T03:35:13.446789,220,Inspection Required,33,Public Event near Las Vegas — severity LOW. Expected delays of up to 33 minutes.
EE00320,Road Closure,Highway section closed for repairs,HIGH,Indianapolis,39.3261,-85.766,2026-02-05T00:10:01,2026-02-08T04:33:43.584402,372,Delay,414,Road Closure near Indianapolis — severity HIGH. Expected delays of up to 414 minutes.
EE00321,Port Disruption,Port congestion surge,LOW,Cincinnati,39.3541,-84.3641,2024-12-05T23:55:00,2024-12-08T06:52:57.682334,390,Inspection Required,53,Port Disruption near Cincinnati — severity LOW. Expected delays of up to 53 minutes.
EE00322,Infrastructure Failure,Bridge structural issue,MEDIUM,Portland,45.919,-122.2024,2024-09-07T23:27:22,2024-09-09T01:59:38.668445,72,Delay,171,Infrastructure Failure near Portland — severity MEDIUM. Expected delays of up to 171 minutes.
EE00323,Labor Strike,Port workers strike,CRITICAL,Louisville,37.2594,-86.042,2025-09-02T15:09:06,2025-09-07T16:27:01.435573,57,Delay,638,Labor Strike near Louisville — severity CRITICAL. Expected delays of up to 638 minutes.
EE00324,Road Closure,Highway section closed for repairs,LOW,Montgomery,31.6924,-86.8424,2025-03-26T06:07:21,2025-03-29T01:00:07.824426,256,Route Closure,10,Road Closure near Montgomery — severity LOW. Expected delays of up to 10 minutes.
EE00325,Public Event,Festival road closures,MEDIUM,Jacksonville,31.0286,-81.2205,2025-01-18T21:52:18,2025-01-20T10:04:11.968507,421,Delay,160,Public Event near Jacksonville — severity MEDIUM. Expected delays of up to 160 minutes.
EE00326,Infrastructure Failure,Bridge structural issue,MEDIUM,Portland,45.0771,-122.8195,2024-01-31T09:15:40,2024-02-03T05:51:27.125467,383,Delay,92,Infrastructure Failure near Portland — severity MEDIUM. Expected delays of up to 92 minutes.
EE00327,Road Closure,Highway section closed for repairs,HIGH,Columbus,40.2853,-83.2684,2026-06-06T02:03:10,2026-06-09T23:44:05.931191,138,Route Closure,402,Road Closure near Columbus — severity HIGH. Expected delays of up to 402 minutes.
EE00328,Customs Delay,Increased customs inspections,LOW,Nashville,36.0536,-86.7557,2025-05-31T17:07:40,2025-06-03T20:02:24.154976,181,Route Closure,31,Customs Delay near Nashville — severity LOW. Expected delays of up to 31 minutes.
EE00329,Public Event,Political rally road closures,LOW,Phoenix,34.2031,-111.4591,2025-02-09T12:11:57,2025-02-15T21:39:02.440068,268,Delay,59,Public Event near Phoenix — severity LOW. Expected delays of up to 59 minutes.
EE00330,Public Event,Festival road closures,CRITICAL,Springfield,37.2763,-93.1242,2025-01-29T09:56:17,2025-02-04T10:30:58.991671,480,Delay,585,Public Event near Springfield — severity CRITICAL. Expected delays of up to 585 minutes.
EE00331,Port Disruption,Vessel backlog,LOW,Miami,24.7746,-81.1877,2026-06-16T06:49:17,2026-06-19T06:15:02.746882,407,Route Closure,15,Port Disruption near Miami — severity LOW. Expected delays of up to 15 minutes.
EE00332,Customs Delay,Increased customs inspections,LOW,Tampa,28.6845,-83.3808,2026-02-12T19:09:43,2026-02-14T03:42:34.417394,337,Capacity Reduction,25,Customs Delay near Tampa — severity LOW. Expected delays of up to 25 minutes.
EE00333,Infrastructure Failure,Rail track damage,MEDIUM,Oakland,37.5816,-121.8021,2024-06-29T22:38:54,2024-07-03T17:15:41.271927,276,Route Closure,130,Infrastructure Failure near Oakland — severity MEDIUM. Expected delays of up to 130 minutes.
EE00334,Port Disruption,Equipment malfunction at terminal,MEDIUM,Salt Lake City,41.2086,-112.659,2024-10-07T08:03:13,2024-10-11T21:18:55.146763,339,Inspection Required,177,Port Disruption near Salt Lake City — severity MEDIUM. Expected delays of up to 177 minutes.
EE00335,Infrastructure Failure,Power outage at facility,LOW,Atlanta,34.5051,-85.3607,2025-11-25T02:54:27,2025-11-30T02:09:42.362548,428,Inspection Required,54,Infrastructure Failure near Atlanta — severity LOW. Expected delays of up to 54 minutes.
EE00336,Geopolitical Event,Tariff increase announced,LOW,Portland ME,43.6783,-69.8914,2026-06-23T12:26:31,2026-06-29T10:46:31.510098,388,Capacity Reduction,48,Geopolitical Event near Portland ME — severity LOW. Expected delays of up to 48 minutes.
EE00337,Customs Delay,System outage at customs,LOW,Rochester,43.715,-77.38,2025-11-12T15:30:02,2025-11-15T12:39:02.679386,376,Inspection Required,19,Customs Delay near Rochester — severity LOW. Expected delays of up to 19 minutes.
EE00338,Customs Delay,System outage at customs,HIGH,Topeka,38.6562,-96.6594,2024-01-05T04:13:08,2024-01-05T17:59:26.716114,271,Route Closure,243,Customs Delay near Topeka — severity HIGH. Expected delays of up to 243 minutes.
EE00339,Customs Delay,Documentation backlog,LOW,Charlotte,36.1136,-81.5283,2024-10-17T04:12:43,2024-10-18T09:47:47.670662,466,Inspection Required,56,Customs Delay near Charlotte — severity LOW. Expected delays of up to 56 minutes.
EE00340,Public Event,Political rally road closures,LOW,San Diego,32.9819,-117.2905,2026-06-06T02:02:02,2026-06-10T20:29:37.526646,489,Capacity Reduction,39,Public Event near San Diego — severity LOW. Expected delays of up to 39 minutes.
EE00341,Port Disruption,Port congestion surge,MEDIUM,Houston,29.7449,-94.8084,2024-09-27T19:30:52,2024-10-04T00:10:37.109180,170,Inspection Required,90,Port Disruption near Houston — severity MEDIUM. Expected delays of up to 90 minutes.
EE00342,Security Event,Facility lockdown,HIGH,Philadelphia,40.2641,-75.3605,2025-11-14T17:40:19,2025-11-15T23:40:44.368303,73,Route Closure,389,Security Event near Philadelphia — severity HIGH. Expected delays of up to 389 minutes.
EE00343,Infrastructure Failure,Rail track damage,MEDIUM,San Antonio,30.3112,-98.7857,2024-04-18T13:24:27,2024-04-20T19:49:57.682638,379,Delay,67,Infrastructure Failure near San Antonio — severity MEDIUM. Expected delays of up to 67 minutes.
EE00344,Road Closure,Bridge weight restriction,LOW,Chicago,41.6391,-88.4593,2024-09-08T19:08:14,2024-09-10T08:41:23.471459,404,Route Closure,55,Road Closure near Chicago — severity LOW. Expected delays of up to 55 minutes.
EE00345,Port Disruption,Vessel backlog,LOW,Madison,43.2834,-90.2676,2024-03-27T02:51:38,2024-04-02T03:15:21.597935,230,Route Closure,23,Port Disruption near Madison — severity LOW. Expected delays of up to 23 minutes.
EE00346,Geopolitical Event,Border control tightened,MEDIUM,Tucson,32.615,-111.829,2025-05-29T08:39:55,2025-05-30T03:31:56.900399,485,Capacity Reduction,77,Geopolitical Event near Tucson — severity MEDIUM. Expected delays of up to 77 minutes.
EE00347,Infrastructure Failure,Rail track damage,LOW,Des Moines,41.6975,-93.4595,2025-01-17T21:47:20,2025-01-19T04:39:49.030147,464,Route Closure,20,Infrastructure Failure near Des Moines — severity LOW. Expected delays of up to 20 minutes.
EE00348,Customs Delay,Documentation backlog,LOW,Madison,43.6503,-89.3127,2025-12-28T19:21:23,2025-12-30T06:27:03.040657,347,Inspection Required,34,Customs Delay near Madison — severity LOW. Expected delays of up to 34 minutes.
EE00349,Port Disruption,Equipment malfunction at terminal,LOW,Seattle,47.7236,-122.3471,2026-03-29T15:59:11,2026-03-31T16:49:16.673104,381,Route Closure,33,Port Disruption near Seattle — severity LOW. Expected delays of up to 33 minutes.
EE00350,Security Event,Facility lockdown,MEDIUM,Springfield,37.8839,-93.4537,2026-02-12T03:38:05,2026-02-14T11:08:56.795088,375,Inspection Required,160,Security Event near Springfield — severity MEDIUM. Expected delays of up to 160 minutes.
EE00351,Road Closure,Highway section closed for repairs,LOW,Washington,38.334,-76.2186,2024-06-23T18:47:31,2024-06-28T21:30:30.754544,350,Inspection Required,50,Road Closure near Washington — severity LOW. Expected delays of up to 50 minutes.
EE00352,Road Closure,Bridge weight restriction,MEDIUM,Indianapolis,39.8071,-86.6481,2024-11-28T19:20:29,2024-11-30T05:37:42.383833,262,Delay,98,Road Closure near Indianapolis — severity MEDIUM. Expected delays of up to 98 minutes.
EE00353,Labor Strike,Warehouse staff walkout,LOW,Boston,42.8249,-70.3456,2026-01-31T16:44:02,2026-02-02T06:38:32.502223,164,Capacity Reduction,57,Labor Strike near Boston — severity LOW. Expected delays of up to 57 minutes.
EE00354,Public Event,Political rally road closures,MEDIUM,Houston,28.8654,-95.0933,2025-05-22T18:50:57,2025-05-27T14:59:18.806349,436,Route Closure,97,Public Event near Houston — severity MEDIUM. Expected delays of up to 97 minutes.
EE00355,Infrastructure Failure,Rail track damage,LOW,Pittsburgh,40.9492,-80.6611,2024-08-02T19:16:45,2024-08-04T22:25:11.193619,181,Inspection Required,56,Infrastructure Failure near Pittsburgh — severity LOW. Expected delays of up to 56 minutes.
EE00356,Security Event,Facility lockdown,LOW,New York,41.1867,-73.7567,2026-06-19T08:15:16,2026-06-25T02:43:03.275267,496,Capacity Reduction,37,Security Event near New York — severity LOW. Expected delays of up to 37 minutes.
EE00357,Road Closure,Emergency road closure,CRITICAL,New Orleans,30.5349,-89.5329,2026-05-17T07:23:21,2026-05-20T16:44:13.993311,412,Capacity Reduction,703,Road Closure near New Orleans — severity CRITICAL. Expected delays of up to 703 minutes.
EE00358,Security Event,Facility lockdown,MEDIUM,Omaha,40.7845,-96.1678,2026-03-17T03:40:07,2026-03-21T11:52:21.578153,97,Capacity Reduction,124,Security Event near Omaha — severity MEDIUM. Expected delays of up to 124 minutes.
EE00359,Customs Delay,Documentation backlog,MEDIUM,Hartford,41.0601,-72.6273,2025-01-12T12:42:38,2025-01-15T13:13:40.186189,254,Route Closure,98,Customs Delay near Hartford — severity MEDIUM. Expected delays of up to 98 minutes.
EE00360,Road Closure,Emergency road closure,MEDIUM,Boston,42.1212,-72.0503,2024-07-21T23:40:06,2024-07-22T15:35:25.370917,112,Inspection Required,112,Road Closure near Boston — severity MEDIUM. Expected delays of up to 112 minutes.
EE00361,Geopolitical Event,Trade restrictions imposed,HIGH,Philadelphia,40.3637,-74.9201,2024-08-19T20:03:17,2024-08-21T22:14:38.367926,104,Inspection Required,391,Geopolitical Event near Philadelphia — severity HIGH. Expected delays of up to 391 minutes.
EE00362,Customs Delay,System outage at customs,MEDIUM,Portland ME,42.6752,-71.2454,2024-02-13T14:50:15,2024-02-14T12:36:41.148165,133,Delay,62,Customs Delay near Portland ME — severity MEDIUM. Expected delays of up to 62 minutes.
EE00363,Customs Delay,Increased customs inspections,CRITICAL,Austin,29.5237,-98.6274,2024-06-02T02:26:57,2024-06-08T18:07:29.606331,392,Route Closure,963,Customs Delay near Austin — severity CRITICAL. Expected delays of up to 963 minutes.
EE00364,Geopolitical Event,Tariff increase announced,MEDIUM,Detroit,41.5496,-83.6197,2024-07-28T06:35:14,2024-08-01T23:56:52.309791,388,Capacity Reduction,162,Geopolitical Event near Detroit — severity MEDIUM. Expected delays of up to 162 minutes.
EE00365,Road Closure,Highway section closed for repairs,MEDIUM,Indianapolis,40.6689,-85.9897,2025-07-19T22:21:34,2025-07-22T01:19:44.246910,212,Route Closure,164,Road Closure near Indianapolis — severity MEDIUM. Expected delays of up to 164 minutes.
EE00366,Public Event,Major sporting event causing traffic,LOW,Little Rock,34.7609,-91.4602,2025-09-08T22:08:32,2025-09-09T16:12:49.207704,155,Inspection Required,38,Public Event near Little Rock — severity LOW. Expected delays of up to 38 minutes.
EE00367,Public Event,Political rally road closures,MEDIUM,Tucson,31.9795,-110.8809,2024-03-25T08:06:03,2024-03-30T00:22:27.953141,442,Capacity Reduction,148,Public Event near Tucson — severity MEDIUM. Expected delays of up to 148 minutes.
EE00368,Port Disruption,Equipment malfunction at terminal,MEDIUM,Portland ME,44.0292,-70.426,2026-05-01T06:09:20,2026-05-03T16:01:25.334990,444,Delay,87,Port Disruption near Portland ME — severity MEDIUM. Expected delays of up to 87 minutes.
EE00369,Public Event,Festival road closures,LOW,Charlotte,35.8202,-81.4852,2024-10-19T17:34:10,2024-10-22T09:06:52.788697,311,Inspection Required,43,Public Event near Charlotte — severity LOW. Expected delays of up to 43 minutes.
EE00370,Public Event,Festival road closures,LOW,Springfield,36.742,-93.8017,2024-09-26T03:50:13,2024-09-30T21:40:48.599620,480,Route Closure,42,Public Event near Springfield — severity LOW. Expected delays of up to 42 minutes.
EE00371,Port Disruption,Equipment malfunction at terminal,HIGH,Phoenix,33.9479,-112.4941,2024-02-28T11:57:31,2024-03-01T03:53:12.687599,83,Inspection Required,441,Port Disruption near Phoenix — severity HIGH. Expected delays of up to 441 minutes.
EE00372,Geopolitical Event,Border control tightened,HIGH,Atlanta,33.6892,-84.5766,2024-03-10T01:47:53,2024-03-17T01:42:14.265325,148,Route Closure,276,Geopolitical Event near Atlanta — severity HIGH. Expected delays of up to 276 minutes.
EE00373,Road Closure,Bridge weight restriction,MEDIUM,Cincinnati,38.9149,-85.2152,2025-02-16T03:31:55,2025-02-19T05:44:53.965051,255,Route Closure,161,Road Closure near Cincinnati — severity MEDIUM. Expected delays of up to 161 minutes.
EE00374,Public Event,Political rally road closures,MEDIUM,Baton Rouge,30.5998,-90.4309,2026-05-10T22:26:49,2026-05-17T05:10:27.587696,198,Inspection Required,105,Public Event near Baton Rouge — severity MEDIUM. Expected delays of up to 105 minutes.
EE00375,Public Event,Major sporting event causing traffic,MEDIUM,New York,40.4972,-74.5599,2026-01-29T13:12:24,2026-02-03T14:37:34.984643,404,Route Closure,64,Public Event near New York — severity MEDIUM. Expected delays of up to 64 minutes.
EE00376,Customs Delay,Increased customs inspections,HIGH,Orlando,27.5826,-82.2489,2025-12-24T06:54:04,2025-12-27T08:22:12.009349,221,Capacity Reduction,454,Customs Delay near Orlando — severity HIGH. Expected delays of up to 454 minutes.
EE00377,Port Disruption,Equipment malfunction at terminal,HIGH,Lexington,38.7123,-84.571,2026-03-16T15:42:14,2026-03-17T13:04:41.535744,68,Delay,243,Port Disruption near Lexington — severity HIGH. Expected delays of up to 243 minutes.
EE00378,Customs Delay,Increased customs inspections,MEDIUM,Austin,29.507,-98.2422,2026-02-21T02:22:32,2026-02-24T18:43:10.145594,93,Capacity Reduction,129,Customs Delay near Austin — severity MEDIUM. Expected delays of up to 129 minutes.
EE00379,Road Closure,Emergency road closure,HIGH,Sacramento,38.5196,-121.5266,2026-02-24T21:53:34,2026-02-27T02:05:04.413654,242,Inspection Required,355,Road Closure near Sacramento — severity HIGH. Expected delays of up to 355 minutes.
EE00380,Port Disruption,Vessel backlog,LOW,Portland,45.6218,-122.2183,2026-06-02T18:55:25,2026-06-06T10:22:50.185328,251,Route Closure,15,Port Disruption near Portland — severity LOW. Expected delays of up to 15 minutes.
EE00381,Port Disruption,Vessel backlog,CRITICAL,Richmond,38.4079,-77.4355,2025-11-11T23:36:58,2025-11-16T07:48:54.446626,362,Delay,1105,Port Disruption near Richmond — severity CRITICAL. Expected delays of up to 1105 minutes.
EE00382,Security Event,Security inspection delays,LOW,Nashville,35.9631,-87.4469,2025-06-26T15:19:46,2025-07-03T07:19:09.798088,376,Capacity Reduction,43,Security Event near Nashville — severity LOW. Expected delays of up to 43 minutes.
EE00383,Customs Delay,Documentation backlog,MEDIUM,Milwaukee,43.2684,-88.6284,2024-11-23T03:12:18,2024-11-24T06:04:00.037659,437,Capacity Reduction,140,Customs Delay near Milwaukee — severity MEDIUM. Expected delays of up to 140 minutes.
EE00384,Road Closure,Bridge weight restriction,LOW,Wichita,36.8864,-97.3416,2025-08-01T04:21:23,2025-08-07T08:36:35.080402,371,Inspection Required,13,Road Closure near Wichita — severity LOW. Expected delays of up to 13 minutes.
EE00385,Geopolitical Event,Border control tightened,LOW,Topeka,38.289,-96.2614,2026-03-09T23:46:55,2026-03-15T10:12:17.658370,272,Inspection Required,27,Geopolitical Event near Topeka — severity LOW. Expected delays of up to 27 minutes.
EE00386,Labor Strike,Warehouse staff walkout,MEDIUM,Nashville,37.0263,-86.5703,2025-07-09T03:30:20,2025-07-12T12:17:33.863091,459,Capacity Reduction,93,Labor Strike near Nashville — severity MEDIUM. Expected delays of up to 93 minutes.
EE00387,Road Closure,Emergency road closure,LOW,Billings,45.5678,-108.1384,2024-10-13T20:28:56,2024-10-15T03:38:26.939761,141,Delay,55,Road Closure near Billings — severity LOW. Expected delays of up to 55 minutes.
EE00388,Port Disruption,Port congestion surge,HIGH,Manchester,43.1113,-72.1341,2025-01-02T20:23:21,2025-01-06T22:47:00.079625,243,Delay,431,Port Disruption near Manchester — severity HIGH. Expected delays of up to 431 minutes.
EE00389,Labor Strike,Warehouse staff walkout,MEDIUM,Detroit,43.0461,-82.4435,2026-04-11T01:51:24,2026-04-15T00:02:05.438383,283,Inspection Required,159,Labor Strike near Detroit — severity MEDIUM. Expected delays of up to 159 minutes.
EE00390,Labor Strike,Port workers strike,MEDIUM,Sacramento,38.8266,-122.2466,2025-09-04T14:16:32,2025-09-07T22:44:23.244135,237,Route Closure,131,Labor Strike near Sacramento — severity MEDIUM. Expected delays of up to 131 minutes.
EE00391,Labor Strike,Warehouse staff walkout,LOW,Atlanta,34.673,-83.3989,2024-04-04T13:48:30,2024-04-05T04:24:26.636810,127,Inspection Required,27,Labor Strike near Atlanta — severity LOW. Expected delays of up to 27 minutes.
EE00392,Customs Delay,Increased customs inspections,HIGH,Newark,40.831,-74.5883,2024-03-03T19:37:48,2024-03-10T05:06:33.668103,321,Capacity Reduction,420,Customs Delay near Newark — severity HIGH. Expected delays of up to 420 minutes.
EE00393,Infrastructure Failure,Bridge structural issue,HIGH,Baltimore,38.6068,-77.0123,2024-11-09T18:55:36,2024-11-16T15:32:58.459212,169,Inspection Required,453,Infrastructure Failure near Baltimore — severity HIGH. Expected delays of up to 453 minutes.
EE00394,Security Event,Facility lockdown,LOW,Madison,43.8111,-88.8197,2024-01-27T22:22:15,2024-02-02T05:36:29.177634,66,Capacity Reduction,10,Security Event near Madison — severity LOW. Expected delays of up to 10 minutes.
EE00395,Geopolitical Event,Tariff increase announced,CRITICAL,Miami,25.0936,-79.3214,2025-03-08T01:26:41,2025-03-09T11:41:55.456039,76,Route Closure,1175,Geopolitical Event near Miami — severity CRITICAL. Expected delays of up to 1175 minutes.
EE00396,Customs Delay,System outage at customs,MEDIUM,Raleigh,35.6266,-79.0379,2025-04-14T07:14:09,2025-04-19T10:57:02.958607,82,Delay,175,Customs Delay near Raleigh — severity MEDIUM. Expected delays of up to 175 minutes.
EE00397,Security Event,Heightened screening,MEDIUM,Denver,39.7277,-104.241,2025-01-02T01:25:49,2025-01-05T08:29:00.481273,485,Delay,134,Security Event near Denver — severity MEDIUM. Expected delays of up to 134 minutes.
EE00398,Port Disruption,Vessel backlog,LOW,Richmond,38.451,-77.7689,2025-08-25T12:08:15,2025-08-26T12:11:17.498271,217,Route Closure,59,Port Disruption near Richmond — severity LOW. Expected delays of up to 59 minutes.
EE00399,Labor Strike,Truck drivers work stoppage,CRITICAL,Philadelphia,39.7116,-76.037,2024-05-07T09:32:59,2024-05-08T05:00:45.408228,302,Route Closure,771,Labor Strike near Philadelphia — severity CRITICAL. Expected delays of up to 771 minutes.
EE00400,Road Closure,Emergency road closure,HIGH,Boston,41.755,-70.7445,2026-06-08T14:31:57,2026-06-13T04:27:26.771162,145,Delay,291,Road Closure near Boston — severity HIGH. Expected delays of up to 291 minutes.
EE00401,Port Disruption,Vessel backlog,MEDIUM,Richmond,36.6124,-77.2692,2026-06-10T10:45:54,2026-06-13T04:50:05.401836,86,Inspection Required,74,Port Disruption near Richmond — severity MEDIUM. Expected delays of up to 74 minutes.
EE00402,Road Closure,Highway section closed for repairs,CRITICAL,Little Rock,34.9796,-92.9773,2025-05-13T05:50:07,2025-05-17T01:27:39.620114,380,Capacity Reduction,1184,Road Closure near Little Rock — severity CRITICAL. Expected delays of up to 1184 minutes.
EE00403,Road Closure,Emergency road closure,HIGH,Billings,45.7153,-108.4616,2024-06-19T01:44:29,2024-06-24T10:24:05.550144,102,Inspection Required,317,Road Closure near Billings — severity HIGH. Expected delays of up to 317 minutes.
EE00404,Geopolitical Event,Border control tightened,LOW,Raleigh,35.4479,-78.3698,2025-12-15T22:03:01,2025-12-19T14:08:07.889411,227,Inspection Required,59,Geopolitical Event near Raleigh — severity LOW. Expected delays of up to 59 minutes.
EE00405,Security Event,Heightened screening,HIGH,Jackson,31.763,-89.4056,2024-04-13T03:53:09,2024-04-14T05:07:15.332138,104,Delay,305,Security Event near Jackson — severity HIGH. Expected delays of up to 305 minutes.
EE00406,Public Event,Major sporting event causing traffic,MEDIUM,Lexington,37.7613,-84.5958,2025-06-22T20:54:07,2025-06-26T02:55:56.888602,369,Inspection Required,109,Public Event near Lexington — severity MEDIUM. Expected delays of up to 109 minutes.
EE00407,Public Event,Major sporting event causing traffic,MEDIUM,Boston,42.5637,-70.5469,2024-09-10T05:15:26,2024-09-16T00:03:38.393147,361,Capacity Reduction,117,Public Event near Boston — severity MEDIUM. Expected delays of up to 117 minutes.
EE00408,Infrastructure Failure,Rail track damage,MEDIUM,Sacramento,38.9534,-121.7698,2024-11-22T07:17:03,2024-11-28T02:04:46.184895,383,Capacity Reduction,124,Infrastructure Failure near Sacramento — severity MEDIUM. Expected delays of up to 124 minutes.
EE00409,Security Event,Facility lockdown,LOW,Pittsburgh,40.6438,-80.7164,2026-06-05T06:22:57,2026-06-10T22:30:07.516336,180,Delay,51,Security Event near Pittsburgh — severity LOW. Expected delays of up to 51 minutes.
EE00410,Infrastructure Failure,Bridge structural issue,MEDIUM,Baltimore,39.0421,-76.3842,2024-05-25T08:30:51,2024-05-26T03:13:27.882960,247,Inspection Required,131,Infrastructure Failure near Baltimore — severity MEDIUM. Expected delays of up to 131 minutes.
EE00411,Customs Delay,System outage at customs,HIGH,Miami,25.6256,-79.7189,2024-02-05T11:33:30,2024-02-07T07:28:14.817554,427,Route Closure,454,Customs Delay near Miami — severity HIGH. Expected delays of up to 454 minutes.
EE00412,Infrastructure Failure,Rail track damage,HIGH,Tucson,31.2905,-110.6911,2024-08-19T19:09:08,2024-08-24T22:52:33.808713,128,Delay,445,Infrastructure Failure near Tucson — severity HIGH. Expected delays of up to 445 minutes.
EE00413,Security Event,Security inspection delays,MEDIUM,San Antonio,29.9537,-97.6056,2026-06-15T15:08:41,2026-06-18T21:31:11.871846,380,Route Closure,130,Security Event near San Antonio — severity MEDIUM. Expected delays of up to 130 minutes.
EE00414,Road Closure,Emergency road closure,LOW,El Paso,32.4051,-106.6414,2024-09-17T04:06:34,2024-09-23T10:57:42.493855,400,Route Closure,31,Road Closure near El Paso — severity LOW. Expected delays of up to 31 minutes.
EE00415,Geopolitical Event,Tariff increase announced,LOW,Pittsburgh,39.4818,-80.8925,2025-06-24T23:36:34,2025-06-28T04:03:28.344385,339,Inspection Required,12,Geopolitical Event near Pittsburgh — severity LOW. Expected delays of up to 12 minutes.
EE00416,Geopolitical Event,Tariff increase announced,HIGH,Baltimore,38.9185,-77.3961,2024-02-07T07:54:05,2024-02-13T02:18:34.139167,303,Capacity Reduction,215,Geopolitical Event near Baltimore — severity HIGH. Expected delays of up to 215 minutes.
EE00417,Labor Strike,Truck drivers work stoppage,LOW,Portland ME,43.2687,-69.7303,2024-05-23T15:43:12,2024-05-24T02:23:35.272756,190,Capacity Reduction,44,Labor Strike near Portland ME — severity LOW. Expected delays of up to 44 minutes.
EE00418,Infrastructure Failure,Rail track damage,HIGH,Wichita,37.3749,-96.6855,2025-04-15T08:51:14,2025-04-19T15:18:28.034546,294,Delay,301,Infrastructure Failure near Wichita — severity HIGH. Expected delays of up to 301 minutes.
EE00419,Public Event,Festival road closures,HIGH,Newark,40.5878,-73.4724,2024-11-04T21:16:25,2024-11-10T20:58:50.361117,224,Route Closure,235,Public Event near Newark — severity HIGH. Expected delays of up to 235 minutes.
EE00420,Infrastructure Failure,Bridge structural issue,MEDIUM,Omaha,41.5298,-95.6359,2026-01-12T11:57:58,2026-01-17T09:03:32.828863,463,Route Closure,132,Infrastructure Failure near Omaha — severity MEDIUM. Expected delays of up to 132 minutes.
EE00421,Labor Strike,Port workers strike,MEDIUM,Jackson,32.015,-89.2149,2025-03-06T14:10:31,2025-03-09T12:43:46.164585,178,Inspection Required,148,Labor Strike near Jackson — severity MEDIUM. Expected delays of up to 148 minutes.
EE00422,Labor Strike,Truck drivers work stoppage,HIGH,Albany,43.3567,-74.0192,2026-03-05T09:39:53,2026-03-07T14:14:40.338028,181,Inspection Required,264,Labor Strike near Albany — severity HIGH. Expected delays of up to 264 minutes.
EE00423,Road Closure,Bridge weight restriction,LOW,Knoxville,36.9487,-82.9993,2024-10-26T14:01:00,2024-10-28T19:38:22.577894,491,Capacity Reduction,16,Road Closure near Knoxville — severity LOW. Expected delays of up to 16 minutes.
EE00424,Security Event,Heightened screening,HIGH,Albuquerque,35.563,-105.9245,2024-03-29T01:30:20,2024-04-04T19:13:43.007921,252,Route Closure,369,Security Event near Albuquerque — severity HIGH. Expected delays of up to 369 minutes.
EE00425,Geopolitical Event,Border control tightened,MEDIUM,Chicago,41.6781,-87.6201,2024-10-31T23:48:37,2024-11-02T09:40:18.172126,359,Capacity Reduction,125,Geopolitical Event near Chicago — severity MEDIUM. Expected delays of up to 125 minutes.
EE00426,Labor Strike,Truck drivers work stoppage,MEDIUM,New York,41.2606,-73.8516,2024-01-08T15:09:01,2024-01-11T15:52:29.437181,204,Delay,122,Labor Strike near New York — severity MEDIUM. Expected delays of up to 122 minutes.
EE00427,Security Event,Heightened screening,MEDIUM,Austin,29.6716,-97.3286,2026-06-14T15:18:40,2026-06-20T07:39:46.644780,219,Delay,60,Security Event near Austin — severity MEDIUM. Expected delays of up to 60 minutes.
EE00428,Geopolitical Event,Border control tightened,MEDIUM,Rochester,42.4279,-77.4424,2025-10-07T14:06:34,2025-10-09T05:00:04.358276,225,Delay,137,Geopolitical Event near Rochester — severity MEDIUM. Expected delays of up to 137 minutes.
EE00429,Customs Delay,Documentation backlog,MEDIUM,Charlotte,35.9103,-81.6068,2025-12-31T06:28:19,2025-12-31T23:59:27.934125,414,Route Closure,144,Customs Delay near Charlotte — severity MEDIUM. Expected delays of up to 144 minutes.
EE00430,Customs Delay,System outage at customs,MEDIUM,Seattle,47.3599,-122.0727,2024-05-08T09:20:02,2024-05-13T01:02:25.006823,98,Capacity Reduction,161,Customs Delay near Seattle — severity MEDIUM. Expected delays of up to 161 minutes.
EE00431,Infrastructure Failure,Rail track damage,MEDIUM,Cleveland,42.042,-81.3218,2024-11-22T20:55:05,2024-11-23T19:12:17.505376,493,Inspection Required,69,Infrastructure Failure near Cleveland — severity MEDIUM. Expected delays of up to 69 minutes.
EE00432,Security Event,Heightened screening,MEDIUM,Orlando,29.3334,-81.5749,2026-02-15T12:19:37,2026-02-18T08:42:35.675118,180,Inspection Required,105,Security Event near Orlando — severity MEDIUM. Expected delays of up to 105 minutes.
EE00433,Public Event,Political rally road closures,HIGH,Chicago,42.2617,-87.6793,2024-05-24T08:39:09,2024-05-25T18:00:53.770483,173,Delay,349,Public Event near Chicago — severity HIGH. Expected delays of up to 349 minutes.
EE00434,Geopolitical Event,Tariff increase announced,HIGH,Wichita,37.2048,-97.0401,2024-06-27T21:51:14,2024-07-01T17:57:57.271765,432,Inspection Required,198,Geopolitical Event near Wichita — severity HIGH. Expected delays of up to 198 minutes.
EE00435,Security Event,Security inspection delays,CRITICAL,Wichita,38.5202,-96.9718,2024-08-13T12:51:13,2024-08-20T11:59:04.368640,136,Capacity Reduction,972,Security Event near Wichita — severity CRITICAL. Expected delays of up to 972 minutes.
EE00436,Road Closure,Bridge weight restriction,HIGH,Manchester,42.9844,-70.6187,2025-09-09T23:47:10,2025-09-13T17:47:13.429282,423,Route Closure,330,Road Closure near Manchester — severity HIGH. Expected delays of up to 330 minutes.
EE00437,Customs Delay,System outage at customs,CRITICAL,Sioux Falls,42.8305,-96.3279,2024-03-16T05:05:47,2024-03-16T22:41:27.251614,366,Route Closure,935,Customs Delay near Sioux Falls — severity CRITICAL. Expected delays of up to 935 minutes.
EE00438,Infrastructure Failure,Bridge structural issue,LOW,Portland,46.2566,-123.4936,2024-08-22T11:08:32,2024-08-27T17:00:24.825749,225,Capacity Reduction,23,Infrastructure Failure near Portland — severity LOW. Expected delays of up to 23 minutes.
EE00439,Port Disruption,Vessel backlog,LOW,Raleigh,35.5873,-78.6127,2024-08-23T19:02:38,2024-08-25T23:36:36.480264,428,Capacity Reduction,18,Port Disruption near Raleigh — severity LOW. Expected delays of up to 18 minutes.
EE00440,Road Closure,Emergency road closure,MEDIUM,St Louis,39.5151,-90.2149,2024-06-28T12:22:26,2024-07-04T11:07:36.559102,409,Delay,120,Road Closure near St Louis — severity MEDIUM. Expected delays of up to 120 minutes.
EE00441,Road Closure,Emergency road closure,LOW,Jackson,31.9225,-90.6962,2024-11-17T22:40:36,2024-11-18T19:52:44.129663,343,Route Closure,53,Road Closure near Jackson — severity LOW. Expected delays of up to 53 minutes.
EE00442,Security Event,Facility lockdown,LOW,Des Moines,42.5177,-93.2568,2024-09-01T12:28:01,2024-09-04T07:21:05.547308,345,Delay,58,Security Event near Des Moines — severity LOW. Expected delays of up to 58 minutes.
EE00443,Road Closure,Bridge weight restriction,CRITICAL,Washington,39.0278,-77.1048,2024-07-02T10:18:43,2024-07-05T18:51:42.203560,280,Delay,933,Road Closure near Washington — severity CRITICAL. Expected delays of up to 933 minutes.
EE00444,Security Event,Facility lockdown,MEDIUM,Buffalo,43.3479,-79.4512,2025-12-16T02:53:47,2025-12-18T15:35:11.308624,379,Route Closure,159,Security Event near Buffalo — severity MEDIUM. Expected delays of up to 159 minutes.
EE00445,Geopolitical Event,Tariff increase announced,HIGH,Nashville,37.0205,-86.5146,2025-09-29T02:03:55,2025-10-01T20:48:04.293680,175,Delay,347,Geopolitical Event near Nashville — severity HIGH. Expected delays of up to 347 minutes.
EE00446,Public Event,Political rally road closures,MEDIUM,Boston,41.7438,-71.2791,2025-12-25T18:20:58,2025-12-26T16:22:35.298949,368,Route Closure,145,Public Event near Boston — severity MEDIUM. Expected delays of up to 145 minutes.
EE00447,Customs Delay,Increased customs inspections,HIGH,Detroit,42.92,-82.8905,2024-08-04T21:58:19,2024-08-08T11:33:46.862438,345,Inspection Required,346,Customs Delay near Detroit — severity HIGH. Expected delays of up to 346 minutes.
EE00448,Security Event,Facility lockdown,CRITICAL,Topeka,39.5512,-96.0659,2024-03-24T02:45:13,2024-03-30T10:29:04.161006,340,Inspection Required,556,Security Event near Topeka — severity CRITICAL. Expected delays of up to 556 minutes.
EE00449,Labor Strike,Truck drivers work stoppage,HIGH,Jackson,32.7904,-89.4065,2024-06-27T21:41:47,2024-06-30T20:09:54.518810,226,Inspection Required,401,Labor Strike near Jackson — severity HIGH. Expected delays of up to 401 minutes.
EE00450,Labor Strike,Truck drivers work stoppage,LOW,Oakland,37.931,-122.4224,2024-05-18T14:58:52,2024-05-25T11:18:20.660318,114,Route Closure,17,Labor Strike near Oakland — severity LOW. Expected delays of up to 17 minutes.
EE00451,Infrastructure Failure,Bridge structural issue,HIGH,Austin,30.4676,-98.4725,2024-06-29T02:19:44,2024-07-01T19:03:11.293343,164,Delay,366,Infrastructure Failure near Austin — severity HIGH. Expected delays of up to 366 minutes.
EE00452,Public Event,Political rally road closures,MEDIUM,Boise,44.1393,-115.9011,2024-06-24T02:07:04,2024-06-25T14:48:21.719016,459,Route Closure,70,Public Event near Boise — severity MEDIUM. Expected delays of up to 70 minutes.
EE00453,Infrastructure Failure,Power outage at facility,HIGH,Orlando,28.3902,-82.0048,2025-08-17T07:41:34,2025-08-24T00:55:46.883034,51,Route Closure,301,Infrastructure Failure near Orlando — severity HIGH. Expected delays of up to 301 minutes.
EE00454,Infrastructure Failure,Rail track damage,CRITICAL,Little Rock,34.2507,-91.8213,2025-09-17T13:36:21,2025-09-22T08:02:30.799086,131,Capacity Reduction,1152,Infrastructure Failure near Little Rock — severity CRITICAL. Expected delays of up to 1152 minutes.
EE00455,Labor Strike,Warehouse staff walkout,MEDIUM,Newark,41.235,-73.8364,2024-06-11T08:14:55,2024-06-12T18:09:32.586447,344,Capacity Reduction,70,Labor Strike near Newark — severity MEDIUM. Expected delays of up to 70 minutes.
EE00456,Infrastructure Failure,Rail track damage,HIGH,Washington,39.2264,-76.6238,2024-07-20T04:12:08,2024-07-23T14:03:21.987830,370,Inspection Required,415,Infrastructure Failure near Washington — severity HIGH. Expected delays of up to 415 minutes.
EE00457,Infrastructure Failure,Power outage at facility,MEDIUM,Raleigh,34.9506,-78.7521,2024-10-07T17:14:40,2024-10-12T01:25:08.572343,278,Inspection Required,62,Infrastructure Failure near Raleigh — severity MEDIUM. Expected delays of up to 62 minutes.
EE00458,Customs Delay,Increased customs inspections,MEDIUM,Miami,25.2758,-79.4203,2024-03-06T00:19:22,2024-03-12T16:19:07.499421,243,Capacity Reduction,148,Customs Delay near Miami — severity MEDIUM. Expected delays of up to 148 minutes.
EE00459,Port Disruption,Equipment malfunction at terminal,MEDIUM,Wichita,38.5136,-96.7737,2024-07-06T21:35:45,2024-07-10T07:03:55.564481,481,Route Closure,164,Port Disruption near Wichita — severity MEDIUM. Expected delays of up to 164 minutes.
EE00460,Security Event,Facility lockdown,MEDIUM,Indianapolis,40.5429,-86.7119,2024-02-19T13:57:55,2024-02-21T18:24:59.372760,157,Delay,64,Security Event near Indianapolis — severity MEDIUM. Expected delays of up to 64 minutes.
EE00461,Customs Delay,Documentation backlog,LOW,Tampa,28.4798,-81.7372,2025-11-24T14:23:28,2025-11-27T08:25:12.799058,320,Inspection Required,28,Customs Delay near Tampa — severity LOW. Expected delays of up to 28 minutes.
EE00462,Customs Delay,Increased customs inspections,LOW,Des Moines,42.4445,-92.9372,2024-07-30T05:57:15,2024-08-03T08:52:19.936068,92,Inspection Required,28,Customs Delay near Des Moines — severity LOW. Expected delays of up to 28 minutes.
EE00463,Infrastructure Failure,Power outage at facility,MEDIUM,Dallas,32.453,-96.932,2025-06-16T17:41:24,2025-06-19T16:19:25.852170,99,Route Closure,153,Infrastructure Failure near Dallas — severity MEDIUM. Expected delays of up to 153 minutes.
EE00464,Public Event,Major sporting event causing traffic,MEDIUM,Hartford,41.769,-72.1957,2026-04-02T00:20:10,2026-04-04T16:31:38.580233,457,Capacity Reduction,127,Public Event near Hartford — severity MEDIUM. Expected delays of up to 127 minutes.
EE00465,Infrastructure Failure,Rail track damage,MEDIUM,Orlando,28.5981,-82.2279,2025-11-10T20:17:19,2025-11-14T11:48:11.344247,176,Capacity Reduction,177,Infrastructure Failure near Orlando — severity MEDIUM. Expected delays of up to 177 minutes.
EE00466,Security Event,Heightened screening,CRITICAL,Miami,25.0182,-80.0621,2025-01-21T07:13:59,2025-01-22T11:55:58.578761,464,Capacity Reduction,1050,Security Event near Miami — severity CRITICAL. Expected delays of up to 1050 minutes.
EE00467,Security Event,Facility lockdown,LOW,Columbus,40.3432,-83.9115,2024-11-03T12:09:37,2024-11-09T09:32:58.480878,405,Capacity Reduction,26,Security Event near Columbus — severity LOW. Expected delays of up to 26 minutes.
EE00468,Labor Strike,Port workers strike,MEDIUM,Providence,41.8056,-71.8081,2024-11-28T13:49:29,2024-12-03T21:30:50.556493,381,Inspection Required,78,Labor Strike near Providence — severity MEDIUM. Expected delays of up to 78 minutes.
EE00469,Geopolitical Event,Trade restrictions imposed,CRITICAL,Jackson,31.8575,-89.6411,2024-02-27T12:19:06,2024-03-02T07:57:16.480492,215,Capacity Reduction,869,Geopolitical Event near Jackson — severity CRITICAL. Expected delays of up to 869 minutes.
EE00470,Security Event,Heightened screening,LOW,Atlanta,32.9094,-83.6569,2025-04-01T02:39:25,2025-04-05T02:58:51.394072,135,Inspection Required,19,Security Event near Atlanta — severity LOW. Expected delays of up to 19 minutes.
EE00471,Security Event,Heightened screening,LOW,Chicago,40.9172,-87.7787,2026-06-07T09:22:30,2026-06-14T06:33:52.989026,259,Capacity Reduction,46,Security Event near Chicago — severity LOW. Expected delays of up to 46 minutes.
EE00472,Infrastructure Failure,Rail track damage,LOW,Columbus,39.7701,-82.5248,2024-10-25T22:51:13,2024-11-01T17:41:38.437404,392,Inspection Required,36,Infrastructure Failure near Columbus — severity LOW. Expected delays of up to 36 minutes.
EE00473,Geopolitical Event,Border control tightened,HIGH,Los Angeles,34.2274,-118.0105,2025-11-01T05:34:04,2025-11-06T08:51:44.694538,195,Route Closure,366,Geopolitical Event near Los Angeles — severity HIGH. Expected delays of up to 366 minutes.
EE00474,Road Closure,Bridge weight restriction,MEDIUM,Indianapolis,40.682,-86.4984,2025-08-13T18:00:01,2025-08-20T11:29:23.151823,60,Inspection Required,97,Road Closure near Indianapolis — severity MEDIUM. Expected delays of up to 97 minutes.
EE00475,Road Closure,Highway section closed for repairs,LOW,Albuquerque,35.5517,-106.6039,2025-06-07T23:56:49,2025-06-09T09:49:14.510314,151,Capacity Reduction,55,Road Closure near Albuquerque — severity LOW. Expected delays of up to 55 minutes.
EE00476,Geopolitical Event,Border control tightened,MEDIUM,Madison,43.4457,-89.0809,2024-11-19T17:47:10,2024-11-22T09:02:10.010939,441,Delay,106,Geopolitical Event near Madison — severity MEDIUM. Expected delays of up to 106 minutes.
EE00477,Geopolitical Event,Border control tightened,MEDIUM,Albany,43.4585,-74.0655,2026-04-12T21:03:48,2026-04-14T06:40:03.594188,128,Delay,122,Geopolitical Event near Albany — severity MEDIUM. Expected delays of up to 122 minutes.
EE00478,Security Event,Security inspection delays,MEDIUM,Oakland,37.4272,-122.6887,2024-01-21T19:55:34,2024-01-27T13:50:59.701757,325,Inspection Required,82,Security Event near Oakland — severity MEDIUM. Expected delays of up to 82 minutes.
EE00479,Labor Strike,Warehouse staff walkout,MEDIUM,Charlotte,35.346,-81.5293,2024-10-04T19:33:08,2024-10-10T12:23:45.032747,320,Capacity Reduction,114,Labor Strike near Charlotte — severity MEDIUM. Expected delays of up to 114 minutes.
EE00480,Security Event,Heightened screening,MEDIUM,Albuquerque,34.6766,-107.1979,2025-12-08T08:25:36,2025-12-12T01:10:59.460755,64,Route Closure,158,Security Event near Albuquerque — severity MEDIUM. Expected delays of up to 158 minutes.
EE00481,Geopolitical Event,Tariff increase announced,MEDIUM,Baltimore,40.1833,-76.4544,2025-04-13T07:26:09,2025-04-17T16:57:57.469147,213,Capacity Reduction,137,Geopolitical Event near Baltimore — severity MEDIUM. Expected delays of up to 137 minutes.
EE00482,Labor Strike,Port workers strike,MEDIUM,Jackson,32.1363,-90.3425,2026-03-20T08:00:58,2026-03-24T04:11:23.876551,268,Capacity Reduction,125,Labor Strike near Jackson — severity MEDIUM. Expected delays of up to 125 minutes.
EE00483,Road Closure,Emergency road closure,LOW,Wichita,37.8609,-97.9452,2024-06-09T23:35:25,2024-06-16T07:01:36.904429,323,Inspection Required,56,Road Closure near Wichita — severity LOW. Expected delays of up to 56 minutes.
EE00484,Public Event,Festival road closures,HIGH,Sioux Falls,44.2676,-96.1438,2024-08-20T10:40:36,2024-08-26T16:26:43.928643,399,Route Closure,346,Public Event near Sioux Falls — severity HIGH. Expected delays of up to 346 minutes.
EE00485,Customs Delay,Increased customs inspections,MEDIUM,Columbus,40.9394,-82.1601,2025-03-14T03:23:57,2025-03-15T15:27:05.256018,64,Inspection Required,142,Customs Delay near Columbus — severity MEDIUM. Expected delays of up to 142 minutes.
EE00486,Infrastructure Failure,Power outage at facility,HIGH,Indianapolis,39.681,-85.305,2024-09-30T14:52:10,2024-10-02T19:40:16.225131,312,Inspection Required,378,Infrastructure Failure near Indianapolis — severity HIGH. Expected delays of up to 378 minutes.
EE00487,Geopolitical Event,Tariff increase announced,MEDIUM,Springfield,36.3121,-94.1,2024-06-05T01:22:15,2024-06-09T09:36:40.580423,144,Route Closure,135,Geopolitical Event near Springfield — severity MEDIUM. Expected delays of up to 135 minutes.
EE00488,Port Disruption,Vessel backlog,HIGH,Houston,29.0582,-96.0028,2024-05-19T23:11:19,2024-05-25T21:05:17.961193,99,Capacity Reduction,450,Port Disruption near Houston — severity HIGH. Expected delays of up to 450 minutes.
EE00489,Security Event,Facility lockdown,LOW,Albuquerque,35.0746,-105.7793,2025-03-17T21:04:51,2025-03-21T09:24:39.728382,416,Delay,47,Security Event near Albuquerque — severity LOW. Expected delays of up to 47 minutes.
EE00490,Customs Delay,System outage at customs,HIGH,Springfield,36.3784,-93.4383,2024-02-05T06:40:08,2024-02-07T17:48:29.576139,109,Route Closure,423,Customs Delay near Springfield — severity HIGH. Expected delays of up to 423 minutes.
EE00491,Geopolitical Event,Tariff increase announced,HIGH,Phoenix,33.7556,-113.0534,2026-05-17T10:09:41,2026-05-22T07:16:19.080000,231,Inspection Required,184,Geopolitical Event near Phoenix — severity HIGH. Expected delays of up to 184 minutes.
EE00492,Customs Delay,Increased customs inspections,HIGH,Atlanta,32.8543,-84.2145,2025-09-05T06:36:11,2025-09-10T22:07:30.470246,246,Delay,466,Customs Delay near Atlanta — severity HIGH. Expected delays of up to 466 minutes.
EE00493,Customs Delay,Documentation backlog,MEDIUM,Baltimore,39.5074,-76.5441,2026-03-26T06:34:22,2026-03-31T05:17:08.771035,282,Delay,128,Customs Delay near Baltimore — severity MEDIUM. Expected delays of up to 128 minutes.
EE00494,Security Event,Security inspection delays,MEDIUM,Albuquerque,34.5678,-107.6024,2024-08-06T10:21:57,2024-08-07T03:59:54.123238,86,Capacity Reduction,144,Security Event near Albuquerque — severity MEDIUM. Expected delays of up to 144 minutes.
EE00495,Security Event,Heightened screening,LOW,San Diego,33.2821,-116.8136,2025-06-07T18:04:21,2025-06-08T06:45:41.919952,97,Capacity Reduction,15,Security Event near San Diego — severity LOW. Expected delays of up to 15 minutes.
EE00496,Labor Strike,Truck drivers work stoppage,MEDIUM,Madison,42.3071,-89.5841,2024-01-14T13:55:52,2024-01-18T06:13:52.668022,378,Capacity Reduction,172,Labor Strike near Madison — severity MEDIUM. Expected delays of up to 172 minutes.
EE00497,Infrastructure Failure,Rail track damage,HIGH,Sacramento,38.5097,-122.2059,2026-06-14T10:51:04,2026-06-17T23:56:43.142332,465,Inspection Required,476,Infrastructure Failure near Sacramento — severity HIGH. Expected delays of up to 476 minutes.
EE00498,Security Event,Security inspection delays,HIGH,San Antonio,28.8097,-98.7866,2025-05-22T09:59:40,2025-05-23T12:27:10.266230,315,Inspection Required,235,Security Event near San Antonio — severity HIGH. Expected delays of up to 235 minutes.
EE00499,Road Closure,Emergency road closure,LOW,Indianapolis,39.5309,-86.3907,2024-07-28T03:31:43,2024-07-28T18:05:57.714182,178,Delay,24,Road Closure near Indianapolis — severity LOW. Expected delays of up to 24 minutes.
EE00500,Customs Delay,Increased customs inspections,CRITICAL,El Paso,32.2832,-106.6732,2024-08-21T05:10:49,2024-08-22T23:09:57.647913,114,Capacity Reduction,1024,Customs Delay near El Paso — severity CRITICAL. Expected delays of up to 1024 minutes.
EE00501,Geopolitical Event,Border control tightened,HIGH,Minneapolis,45.7764,-94.1286,2025-03-21T09:26:02,2025-03-23T03:02:47.908926,496,Route Closure,288,Geopolitical Event near Minneapolis — severity HIGH. Expected delays of up to 288 minutes.
EE00502,Labor Strike,Port workers strike,MEDIUM,Milwaukee,43.1757,-87.8841,2025-08-06T10:31:23,2025-08-08T08:22:13.602894,392,Capacity Reduction,75,Labor Strike near Milwaukee — severity MEDIUM. Expected delays of up to 75 minutes.
EE00503,Public Event,Major sporting event causing traffic,CRITICAL,Philadelphia,39.0936,-75.7594,2024-07-19T02:17:18,2024-07-23T07:15:39.155019,389,Route Closure,789,Public Event near Philadelphia — severity CRITICAL. Expected delays of up to 789 minutes.
EE00504,Labor Strike,Warehouse staff walkout,LOW,Phoenix,34.2423,-112.9272,2024-01-27T14:05:22,2024-02-03T12:20:21.292767,156,Delay,37,Labor Strike near Phoenix — severity LOW. Expected delays of up to 37 minutes.
EE00505,Security Event,Facility lockdown,CRITICAL,Oklahoma City,35.1551,-97.5189,2024-10-27T19:56:25,2024-11-03T05:47:35.846104,199,Delay,895,Security Event near Oklahoma City — severity CRITICAL. Expected delays of up to 895 minutes.
EE00506,Infrastructure Failure,Bridge structural issue,MEDIUM,El Paso,32.6639,-105.5979,2025-07-23T16:34:50,2025-07-28T06:40:32.521970,207,Route Closure,122,Infrastructure Failure near El Paso — severity MEDIUM. Expected delays of up to 122 minutes.
EE00507,Road Closure,Emergency road closure,LOW,Tampa,28.3049,-81.9065,2025-06-27T16:01:33,2025-07-01T01:12:56.850501,192,Delay,43,Road Closure near Tampa — severity LOW. Expected delays of up to 43 minutes.
EE00508,Security Event,Security inspection delays,LOW,Cincinnati,39.9814,-85.4713,2025-08-14T01:54:17,2025-08-19T02:48:44.877746,290,Capacity Reduction,55,Security Event near Cincinnati — severity LOW. Expected delays of up to 55 minutes.
EE00509,Infrastructure Failure,Bridge structural issue,MEDIUM,St Louis,37.9694,-89.2924,2024-04-12T13:18:48,2024-04-19T00:40:18.608888,381,Inspection Required,128,Infrastructure Failure near St Louis — severity MEDIUM. Expected delays of up to 128 minutes.
EE00510,Customs Delay,Documentation backlog,LOW,Little Rock,35.0383,-92.3651,2024-01-02T22:05:03,2024-01-07T03:45:50.969819,409,Delay,18,Customs Delay near Little Rock — severity LOW. Expected delays of up to 18 minutes.
EE00511,Infrastructure Failure,Bridge structural issue,LOW,Baltimore,38.6708,-77.4232,2024-11-29T09:32:42,2024-12-02T08:26:35.073967,294,Inspection Required,27,Infrastructure Failure near Baltimore — severity LOW. Expected delays of up to 27 minutes.
EE00512,Labor Strike,Warehouse staff walkout,MEDIUM,Tucson,31.3646,-111.6795,2026-06-02T17:00:50,2026-06-06T14:57:39.615921,212,Inspection Required,116,Labor Strike near Tucson — severity MEDIUM. Expected delays of up to 116 minutes.
EE00513,Customs Delay,Increased customs inspections,MEDIUM,Salt Lake City,41.2227,-111.5745,2025-06-20T07:26:04,2025-06-21T22:48:04.118528,231,Route Closure,139,Customs Delay near Salt Lake City — severity MEDIUM. Expected delays of up to 139 minutes.
EE00514,Security Event,Security inspection delays,MEDIUM,Louisville,37.4668,-85.2063,2024-07-18T03:45:59,2024-07-20T21:59:37.104899,409,Delay,145,Security Event near Louisville — severity MEDIUM. Expected delays of up to 145 minutes.
EE00515,Road Closure,Highway section closed for repairs,HIGH,Austin,30.279,-98.0794,2026-06-25T08:55:24,2026-06-25T19:56:37.973192,328,Inspection Required,365,Road Closure near Austin — severity HIGH. Expected delays of up to 365 minutes.
EE00516,Port Disruption,Port congestion surge,MEDIUM,Los Angeles,33.5147,-118.0432,2026-02-10T09:01:34,2026-02-14T14:25:07.649619,327,Delay,169,Port Disruption near Los Angeles — severity MEDIUM. Expected delays of up to 169 minutes.
EE00517,Port Disruption,Equipment malfunction at terminal,LOW,Birmingham,34.2904,-87.3977,2024-01-27T13:06:24,2024-01-31T04:29:52.352288,479,Route Closure,16,Port Disruption near Birmingham — severity LOW. Expected delays of up to 16 minutes.
EE00518,Infrastructure Failure,Power outage at facility,HIGH,Seattle,48.2932,-123.166,2024-05-30T22:41:16,2024-06-02T14:21:06.969317,74,Route Closure,342,Infrastructure Failure near Seattle — severity HIGH. Expected delays of up to 342 minutes.
EE00519,Customs Delay,Documentation backlog,LOW,Chattanooga,34.9188,-85.351,2024-12-21T12:38:23,2024-12-24T00:57:11.441231,184,Capacity Reduction,53,Customs Delay near Chattanooga — severity LOW. Expected delays of up to 53 minutes.
EE00520,Public Event,Festival road closures,MEDIUM,Pittsburgh,40.9486,-80.1073,2025-12-05T20:26:31,2025-12-12T20:13:05.619696,291,Route Closure,158,Public Event near Pittsburgh — severity MEDIUM. Expected delays of up to 158 minutes.
EE00521,Public Event,Political rally road closures,MEDIUM,Orlando,28.7156,-81.3274,2024-07-03T07:36:18,2024-07-08T10:27:11.473687,198,Delay,118,Public Event near Orlando — severity MEDIUM. Expected delays of up to 118 minutes.
EE00522,Road Closure,Emergency road closure,CRITICAL,Billings,44.7888,-109.0142,2024-08-08T09:37:59,2024-08-10T03:36:48.748784,86,Inspection Required,680,Road Closure near Billings — severity CRITICAL. Expected delays of up to 680 minutes.
EE00523,Port Disruption,Port congestion surge,HIGH,San Diego,32.0872,-117.5093,2025-03-03T21:57:55,2025-03-08T19:15:40.937464,247,Inspection Required,421,Port Disruption near San Diego — severity HIGH. Expected delays of up to 421 minutes.
EE00524,Road Closure,Bridge weight restriction,MEDIUM,San Antonio,29.0181,-97.8963,2024-10-23T07:54:55,2024-10-27T18:05:28.467248,266,Delay,110,Road Closure near San Antonio — severity MEDIUM. Expected delays of up to 110 minutes.
EE00525,Security Event,Heightened screening,HIGH,Knoxville,35.8036,-83.3299,2025-10-20T10:43:30,2025-10-24T02:01:20.498248,294,Capacity Reduction,477,Security Event near Knoxville — severity HIGH. Expected delays of up to 477 minutes.
EE00526,Public Event,Major sporting event causing traffic,HIGH,Fargo,46.3844,-97.6618,2025-07-11T17:05:21,2025-07-18T11:34:32.054560,283,Route Closure,422,Public Event near Fargo — severity HIGH. Expected delays of up to 422 minutes.
EE00527,Port Disruption,Vessel backlog,CRITICAL,Oakland,38.4439,-121.4828,2026-05-03T22:06:50,2026-05-08T21:54:52.210744,265,Delay,566,Port Disruption near Oakland — severity CRITICAL. Expected delays of up to 566 minutes.
EE00528,Infrastructure Failure,Rail track damage,MEDIUM,Sacramento,39.252,-122.023,2025-05-22T09:58:56,2025-05-25T14:17:12.078247,211,Capacity Reduction,136,Infrastructure Failure near Sacramento — severity MEDIUM. Expected delays of up to 136 minutes.
EE00529,Geopolitical Event,Border control tightened,CRITICAL,Minneapolis,44.3922,-94.1895,2026-04-18T07:12:44,2026-04-25T04:57:15.552242,147,Delay,1058,Geopolitical Event near Minneapolis — severity CRITICAL. Expected delays of up to 1058 minutes.
EE00530,Public Event,Political rally road closures,LOW,Nashville,36.5398,-86.9683,2025-07-23T15:13:00,2025-07-30T01:03:59.532284,238,Capacity Reduction,21,Public Event near Nashville — severity LOW. Expected delays of up to 21 minutes.
EE00531,Public Event,Festival road closures,MEDIUM,Phoenix,33.237,-112.7328,2025-08-24T18:09:13,2025-08-27T22:56:49.563819,424,Inspection Required,62,Public Event near Phoenix — severity MEDIUM. Expected delays of up to 62 minutes.
EE00532,Infrastructure Failure,Power outage at facility,HIGH,Topeka,38.287,-95.0121,2025-04-21T19:44:41,2025-04-27T17:08:34.448045,477,Capacity Reduction,469,Infrastructure Failure near Topeka — severity HIGH. Expected delays of up to 469 minutes.
EE00533,Road Closure,Bridge weight restriction,LOW,Baton Rouge,29.5498,-91.1681,2024-07-21T11:11:20,2024-07-26T12:55:23.944225,74,Capacity Reduction,46,Road Closure near Baton Rouge — severity LOW. Expected delays of up to 46 minutes.
EE00534,Infrastructure Failure,Power outage at facility,MEDIUM,Boise,43.9094,-115.5232,2024-11-25T08:24:10,2024-11-26T14:25:00.545586,462,Inspection Required,117,Infrastructure Failure near Boise — severity MEDIUM. Expected delays of up to 117 minutes.
EE00535,Port Disruption,Port congestion surge,HIGH,Topeka,38.2096,-95.5498,2024-02-12T00:12:16,2024-02-16T09:42:12.416216,385,Route Closure,479,Port Disruption near Topeka — severity HIGH. Expected delays of up to 479 minutes.
EE00536,Geopolitical Event,Trade restrictions imposed,MEDIUM,Raleigh,36.1279,-78.3424,2025-02-06T21:32:22,2025-02-07T07:29:03.731530,64,Capacity Reduction,160,Geopolitical Event near Raleigh — severity MEDIUM. Expected delays of up to 160 minutes.
EE00537,Geopolitical Event,Trade restrictions imposed,MEDIUM,Dallas,33.5974,-97.5393,2024-04-26T10:18:05,2024-05-02T05:18:10.022389,101,Route Closure,164,Geopolitical Event near Dallas — severity MEDIUM. Expected delays of up to 164 minutes.
EE00538,Geopolitical Event,Tariff increase announced,LOW,Montgomery,32.2749,-85.586,2024-08-30T14:27:38,2024-09-05T00:50:48.061720,158,Inspection Required,21,Geopolitical Event near Montgomery — severity LOW. Expected delays of up to 21 minutes.
EE00539,Public Event,Political rally road closures,LOW,Lexington,38.1345,-84.7835,2024-02-09T20:08:07,2024-02-10T01:55:52.995319,353,Route Closure,28,Public Event near Lexington — severity LOW. Expected delays of up to 28 minutes.
EE00540,Customs Delay,Increased customs inspections,MEDIUM,Cincinnati,40.0968,-83.8212,2024-08-06T19:06:46,2024-08-07T16:57:09.881329,179,Delay,84,Customs Delay near Cincinnati — severity MEDIUM. Expected delays of up to 84 minutes.
EE00541,Infrastructure Failure,Rail track damage,LOW,Wichita,37.8001,-97.186,2026-01-18T12:45:41,2026-01-20T03:05:36.064984,54,Route Closure,45,Infrastructure Failure near Wichita — severity LOW. Expected delays of up to 45 minutes.
EE00542,Labor Strike,Warehouse staff walkout,MEDIUM,Topeka,39.1211,-96.5168,2024-03-24T14:23:00,2024-03-26T04:35:57.539923,92,Capacity Reduction,157,Labor Strike near Topeka — severity MEDIUM. Expected delays of up to 157 minutes.
EE00543,Public Event,Political rally road closures,LOW,Hartford,42.6307,-73.3417,2025-10-18T06:26:33,2025-10-21T08:28:38.683425,276,Delay,41,Public Event near Hartford — severity LOW. Expected delays of up to 41 minutes.
EE00544,Customs Delay,Documentation backlog,HIGH,Fargo,46.6744,-96.2144,2024-07-10T05:58:47,2024-07-15T18:25:22.742386,394,Inspection Required,285,Customs Delay near Fargo — severity HIGH. Expected delays of up to 285 minutes.
EE00545,Road Closure,Highway section closed for repairs,LOW,Tampa,28.6345,-81.71,2025-07-16T01:43:24,2025-07-22T21:07:19.520394,489,Capacity Reduction,29,Road Closure near Tampa — severity LOW. Expected delays of up to 29 minutes.
EE00546,Road Closure,Highway section closed for repairs,HIGH,Jackson,31.828,-90.7894,2024-09-08T14:04:39,2024-09-09T02:35:47.929672,80,Inspection Required,408,Road Closure near Jackson — severity HIGH. Expected delays of up to 408 minutes.
EE00547,Public Event,Festival road closures,LOW,Memphis,35.2607,-89.8175,2026-01-14T13:59:26,2026-01-19T19:20:06.828217,358,Capacity Reduction,41,Public Event near Memphis — severity LOW. Expected delays of up to 41 minutes.
EE00548,Security Event,Security inspection delays,HIGH,Chattanooga,34.7642,-85.1748,2024-12-24T13:06:03,2024-12-27T23:09:28.715134,353,Route Closure,445,Security Event near Chattanooga — severity HIGH. Expected delays of up to 445 minutes.
EE00549,Port Disruption,Vessel backlog,MEDIUM,Salt Lake City,40.8511,-111.365,2026-05-16T02:09:55,2026-05-16T13:42:13.166158,124,Route Closure,76,Port Disruption near Salt Lake City — severity MEDIUM. Expected delays of up to 76 minutes.
EE00550,Labor Strike,Warehouse staff walkout,MEDIUM,Buffalo,41.9683,-79.1486,2026-02-07T17:36:34,2026-02-09T00:32:41.962220,228,Capacity Reduction,83,Labor Strike near Buffalo — severity MEDIUM. Expected delays of up to 83 minutes.
EE00551,Port Disruption,Vessel backlog,MEDIUM,Wichita,37.7011,-96.6432,2025-03-07T18:00:37,2025-03-13T15:08:33.136537,178,Route Closure,89,Port Disruption near Wichita — severity MEDIUM. Expected delays of up to 89 minutes.
EE00552,Port Disruption,Port congestion surge,HIGH,Fargo,47.1255,-97.7846,2024-04-03T16:28:52,2024-04-04T04:47:31.556028,192,Inspection Required,306,Port Disruption near Fargo — severity HIGH. Expected delays of up to 306 minutes.
EE00553,Customs Delay,Increased customs inspections,HIGH,Raleigh,36.4551,-78.9655,2024-09-15T10:02:45,2024-09-16T11:01:10.342094,487,Route Closure,433,Customs Delay near Raleigh — severity HIGH. Expected delays of up to 433 minutes.
EE00554,Infrastructure Failure,Bridge structural issue,LOW,Orlando,28.3252,-80.484,2024-04-05T13:34:41,2024-04-06T11:40:02.757594,376,Delay,56,Infrastructure Failure near Orlando — severity LOW. Expected delays of up to 56 minutes.
EE00555,Security Event,Security inspection delays,MEDIUM,Denver,40.1029,-105.3509,2025-11-19T08:30:31,2025-11-25T00:22:52.672522,456,Inspection Required,82,Security Event near Denver — severity MEDIUM. Expected delays of up to 82 minutes.
EE00556,Security Event,Heightened screening,LOW,Tampa,27.4751,-83.0364,2024-05-12T14:57:29,2024-05-19T06:49:53.342742,73,Inspection Required,30,Security Event near Tampa — severity LOW. Expected delays of up to 30 minutes.
EE00557,Infrastructure Failure,Bridge structural issue,HIGH,Portland ME,43.9074,-69.5373,2025-10-31T21:07:02,2025-11-05T23:25:43.233708,62,Capacity Reduction,304,Infrastructure Failure near Portland ME — severity HIGH. Expected delays of up to 304 minutes.
EE00558,Road Closure,Emergency road closure,HIGH,St Louis,38.8533,-90.7794,2025-10-24T01:50:44,2025-10-27T22:20:54.984901,363,Capacity Reduction,435,Road Closure near St Louis — severity HIGH. Expected delays of up to 435 minutes.
EE00559,Geopolitical Event,Trade restrictions imposed,MEDIUM,Tampa,28.6861,-81.6229,2024-02-04T18:24:05,2024-02-05T14:32:50.557166,140,Delay,147,Geopolitical Event near Tampa — severity MEDIUM. Expected delays of up to 147 minutes.
EE00560,Road Closure,Bridge weight restriction,MEDIUM,Spokane,48.0352,-118.2048,2025-10-02T13:11:31,2025-10-08T02:35:03.130486,494,Inspection Required,135,Road Closure near Spokane — severity MEDIUM. Expected delays of up to 135 minutes.
EE00561,Public Event,Major sporting event causing traffic,LOW,Providence,41.2607,-71.3937,2024-12-20T11:57:33,2024-12-21T14:37:08.551379,278,Capacity Reduction,58,Public Event near Providence — severity LOW. Expected delays of up to 58 minutes.
EE00562,Customs Delay,Increased customs inspections,LOW,Chicago,41.4178,-88.5658,2024-07-20T22:17:21,2024-07-22T12:40:34.637635,267,Route Closure,51,Customs Delay near Chicago — severity LOW. Expected delays of up to 51 minutes.
EE00563,Infrastructure Failure,Bridge structural issue,MEDIUM,Hartford,40.8354,-71.8886,2024-07-15T11:37:10,2024-07-22T10:41:14.470574,130,Capacity Reduction,129,Infrastructure Failure near Hartford — severity MEDIUM. Expected delays of up to 129 minutes.
EE00564,Customs Delay,Increased customs inspections,LOW,Minneapolis,45.0888,-92.9517,2025-03-13T03:18:25,2025-03-14T02:13:29.377771,248,Route Closure,52,Customs Delay near Minneapolis — severity LOW. Expected delays of up to 52 minutes.
EE00565,Geopolitical Event,Tariff increase announced,HIGH,San Antonio,29.9853,-98.9419,2026-04-04T22:52:28,2026-04-10T05:34:05.493616,325,Route Closure,478,Geopolitical Event near San Antonio — severity HIGH. Expected delays of up to 478 minutes.
EE00566,Road Closure,Emergency road closure,HIGH,Billings,45.6146,-109.1349,2024-06-15T06:43:42,2024-06-18T02:36:50.423218,287,Route Closure,477,Road Closure near Billings — severity HIGH. Expected delays of up to 477 minutes.
EE00567,Customs Delay,Documentation backlog,HIGH,Boise,44.1095,-116.1798,2025-06-15T21:14:11,2025-06-21T17:58:41.361723,206,Delay,408,Customs Delay near Boise — severity HIGH. Expected delays of up to 408 minutes.
EE00568,Road Closure,Emergency road closure,HIGH,Albuquerque,35.7896,-107.5305,2025-05-11T05:24:22,2025-05-15T07:17:36.825195,445,Route Closure,287,Road Closure near Albuquerque — severity HIGH. Expected delays of up to 287 minutes.
EE00569,Security Event,Facility lockdown,LOW,Chattanooga,35.9913,-85.5952,2025-02-09T13:05:28,2025-02-10T13:10:35.771499,106,Route Closure,31,Security Event near Chattanooga — severity LOW. Expected delays of up to 31 minutes.
EE00570,Port Disruption,Vessel backlog,CRITICAL,Oklahoma City,35.1861,-98.3839,2024-09-03T08:58:42,2024-09-06T05:03:22.074771,287,Route Closure,626,Port Disruption near Oklahoma City — severity CRITICAL. Expected delays of up to 626 minutes.
EE00571,Infrastructure Failure,Rail track damage,LOW,Hartford,42.5941,-73.1906,2024-01-12T18:30:31,2024-01-15T20:02:00.718545,303,Inspection Required,28,Infrastructure Failure near Hartford — severity LOW. Expected delays of up to 28 minutes.
EE00572,Customs Delay,Increased customs inspections,LOW,Orlando,28.8717,-81.9427,2024-12-10T14:40:45,2024-12-11T20:08:41.081951,423,Route Closure,27,Customs Delay near Orlando — severity LOW. Expected delays of up to 27 minutes.
EE00573,Port Disruption,Port congestion surge,HIGH,Kansas City,39.3388,-93.6053,2025-03-19T10:33:48,2025-03-22T08:05:48.129683,290,Route Closure,341,Port Disruption near Kansas City — severity HIGH. Expected delays of up to 341 minutes.
EE00574,Road Closure,Highway section closed for repairs,HIGH,Topeka,39.1544,-95.8412,2024-02-20T07:19:30,2024-02-23T00:34:57.918507,350,Delay,197,Road Closure near Topeka — severity HIGH. Expected delays of up to 197 minutes.
EE00575,Labor Strike,Port workers strike,MEDIUM,Salt Lake City,40.7001,-111.8626,2025-01-22T21:23:43,2025-01-26T20:31:13.535483,287,Delay,79,Labor Strike near Salt Lake City — severity MEDIUM. Expected delays of up to 79 minutes.
EE00576,Labor Strike,Truck drivers work stoppage,LOW,Sioux Falls,44.5085,-96.1371,2024-04-01T02:32:53,2024-04-03T21:01:47.752694,400,Inspection Required,57,Labor Strike near Sioux Falls — severity LOW. Expected delays of up to 57 minutes.
EE00577,Port Disruption,Vessel backlog,MEDIUM,Knoxville,36.1677,-83.3531,2024-07-12T16:57:17,2024-07-17T22:29:08.469874,172,Capacity Reduction,150,Port Disruption near Knoxville — severity MEDIUM. Expected delays of up to 150 minutes.
EE00578,Infrastructure Failure,Bridge structural issue,LOW,Rochester,44.1382,-77.7254,2024-01-27T04:35:29,2024-02-02T06:18:40.406009,430,Delay,20,Infrastructure Failure near Rochester — severity LOW. Expected delays of up to 20 minutes.
EE00579,Port Disruption,Port congestion surge,MEDIUM,Billings,44.8436,-109.4298,2025-07-18T04:35:03,2025-07-24T16:55:24.429729,363,Delay,109,Port Disruption near Billings — severity MEDIUM. Expected delays of up to 109 minutes.
EE00580,Port Disruption,Vessel backlog,MEDIUM,Nashville,36.269,-86.1724,2025-09-21T23:37:37,2025-09-28T18:29:21.572517,404,Route Closure,130,Port Disruption near Nashville — severity MEDIUM. Expected delays of up to 130 minutes.
EE00581,Road Closure,Highway section closed for repairs,LOW,Austin,29.8285,-98.2615,2026-02-10T02:38:59,2026-02-14T18:08:21.744918,345,Route Closure,29,Road Closure near Austin — severity LOW. Expected delays of up to 29 minutes.
EE00582,Labor Strike,Warehouse staff walkout,MEDIUM,Columbus,39.3967,-82.4963,2026-05-26T19:24:41,2026-05-31T08:45:23.139378,140,Delay,138,Labor Strike near Columbus — severity MEDIUM. Expected delays of up to 138 minutes.
EE00583,Road Closure,Highway section closed for repairs,MEDIUM,Wichita,37.8491,-96.8956,2025-12-02T08:09:23,2025-12-05T21:13:43.347729,378,Capacity Reduction,80,Road Closure near Wichita — severity MEDIUM. Expected delays of up to 80 minutes.
EE00584,Port Disruption,Equipment malfunction at terminal,MEDIUM,Providence,41.7046,-72.1669,2025-07-26T13:08:24,2025-08-02T04:53:32.262032,92,Delay,79,Port Disruption near Providence — severity MEDIUM. Expected delays of up to 79 minutes.
EE00585,Security Event,Facility lockdown,MEDIUM,Denver,39.6574,-104.6235,2025-10-19T09:38:03,2025-10-21T05:38:17.900955,420,Route Closure,154,Security Event near Denver — severity MEDIUM. Expected delays of up to 154 minutes.
EE00586,Infrastructure Failure,Rail track damage,LOW,Orlando,28.1891,-81.0259,2025-04-23T20:44:26,2025-04-27T13:35:56.952198,117,Route Closure,39,Infrastructure Failure near Orlando — severity LOW. Expected delays of up to 39 minutes.
EE00587,Road Closure,Bridge weight restriction,MEDIUM,Billings,45.0049,-109.0015,2024-04-10T18:59:26,2024-04-14T00:56:59.613470,140,Inspection Required,65,Road Closure near Billings — severity MEDIUM. Expected delays of up to 65 minutes.
EE00588,Public Event,Festival road closures,MEDIUM,Oakland,37.3606,-122.9679,2025-07-30T03:42:25,2025-08-02T09:31:52.679625,402,Delay,179,Public Event near Oakland — severity MEDIUM. Expected delays of up to 179 minutes.
EE00589,Labor Strike,Warehouse staff walkout,MEDIUM,Kansas City,39.8802,-93.8078,2025-11-18T21:14:16,2025-11-20T08:57:17.656733,466,Capacity Reduction,114,Labor Strike near Kansas City — severity MEDIUM. Expected delays of up to 114 minutes.
EE00590,Security Event,Facility lockdown,HIGH,Fargo,47.1631,-97.6235,2025-06-24T15:34:41,2025-07-01T14:21:15.533860,145,Capacity Reduction,208,Security Event near Fargo — severity HIGH. Expected delays of up to 208 minutes.
EE00591,Infrastructure Failure,Rail track damage,HIGH,Baltimore,40.1767,-77.3016,2025-07-31T20:02:21,2025-08-05T16:48:31.219429,154,Capacity Reduction,207,Infrastructure Failure near Baltimore — severity HIGH. Expected delays of up to 207 minutes.
EE00592,Road Closure,Emergency road closure,LOW,Fresno,35.8618,-120.4836,2025-03-18T19:11:45,2025-03-25T12:52:18.898266,346,Delay,35,Road Closure near Fresno — severity LOW. Expected delays of up to 35 minutes.
EE00593,Labor Strike,Port workers strike,HIGH,Oakland,37.8696,-121.4561,2025-10-22T11:29:25,2025-10-22T23:51:57.883608,318,Delay,445,Labor Strike near Oakland — severity HIGH. Expected delays of up to 445 minutes.
EE00594,Infrastructure Failure,Power outage at facility,LOW,Jackson,33.2194,-89.6872,2024-09-24T22:36:49,2024-09-25T21:23:26.009329,182,Route Closure,14,Infrastructure Failure near Jackson — severity LOW. Expected delays of up to 14 minutes.
EE00595,Infrastructure Failure,Power outage at facility,MEDIUM,Portland ME,44.6205,-70.6294,2025-01-17T07:10:52,2025-01-21T15:22:09.478572,213,Delay,178,Infrastructure Failure near Portland ME — severity MEDIUM. Expected delays of up to 178 minutes.
EE00596,Geopolitical Event,Trade restrictions imposed,MEDIUM,Milwaukee,43.4324,-88.8279,2025-01-25T08:26:34,2025-02-01T04:24:46.944747,415,Inspection Required,155,Geopolitical Event near Milwaukee — severity MEDIUM. Expected delays of up to 155 minutes.
EE00597,Infrastructure Failure,Bridge structural issue,HIGH,Philadelphia,40.4455,-75.1032,2026-01-14T23:43:16,2026-01-20T10:44:10.082134,446,Delay,234,Infrastructure Failure near Philadelphia — severity HIGH. Expected delays of up to 234 minutes.
EE00598,Customs Delay,Documentation backlog,MEDIUM,Oakland,38.3188,-122.3693,2024-06-14T07:48:45,2024-06-20T15:59:38.232638,448,Inspection Required,175,Customs Delay near Oakland — severity MEDIUM. Expected delays of up to 175 minutes.
EE00599,Geopolitical Event,Border control tightened,MEDIUM,Lexington,38.924,-83.8657,2024-07-31T14:28:45,2024-08-07T04:25:58.520822,172,Capacity Reduction,93,Geopolitical Event near Lexington — severity MEDIUM. Expected delays of up to 93 minutes.
EE00600,Infrastructure Failure,Power outage at facility,LOW,Birmingham,33.8648,-87.0479,2025-01-25T01:40:11,2025-01-25T15:39:07.661028,185,Delay,30,Infrastructure Failure near Birmingham — severity LOW. Expected delays of up to 30 minutes.
EE00601,Security Event,Security inspection delays,MEDIUM,Cleveland,41.6939,-81.7086,2025-12-18T07:08:02,2025-12-20T12:39:40.488794,67,Delay,98,Security Event near Cleveland — severity MEDIUM. Expected delays of up to 98 minutes.
EE00602,Labor Strike,Warehouse staff walkout,HIGH,Montgomery,31.683,-87.1067,2025-11-05T11:35:07,2025-11-09T07:26:35.483619,148,Capacity Reduction,357,Labor Strike near Montgomery — severity HIGH. Expected delays of up to 357 minutes.
EE00603,Road Closure,Highway section closed for repairs,MEDIUM,Springfield,37.6127,-94.0713,2024-01-05T05:51:26,2024-01-06T04:41:11.215076,128,Inspection Required,107,Road Closure near Springfield — severity MEDIUM. Expected delays of up to 107 minutes.
EE00604,Public Event,Political rally road closures,HIGH,Tucson,31.9527,-111.0781,2024-06-20T17:59:03,2024-06-26T15:17:54.675827,264,Capacity Reduction,264,Public Event near Tucson — severity HIGH. Expected delays of up to 264 minutes.
EE00605,Public Event,Festival road closures,HIGH,Washington,39.5189,-77.0625,2024-03-09T13:02:49,2024-03-15T17:54:27.282936,440,Route Closure,225,Public Event near Washington — severity HIGH. Expected delays of up to 225 minutes.
EE00606,Customs Delay,Documentation backlog,MEDIUM,Atlanta,34.505,-84.1698,2026-05-12T01:42:54,2026-05-18T08:47:57.473645,201,Delay,142,Customs Delay near Atlanta — severity MEDIUM. Expected delays of up to 142 minutes.
EE00607,Port Disruption,Port congestion surge,CRITICAL,Orlando,29.3984,-81.0427,2024-04-02T06:32:08,2024-04-06T23:19:52.287035,78,Delay,764,Port Disruption near Orlando — severity CRITICAL. Expected delays of up to 764 minutes.
EE00608,Infrastructure Failure,Bridge structural issue,CRITICAL,Miami,25.4953,-80.3089,2024-07-03T02:21:27,2024-07-05T23:48:54.018857,277,Delay,1401,Infrastructure Failure near Miami — severity CRITICAL. Expected delays of up to 1401 minutes.
EE00609,Security Event,Security inspection delays,HIGH,New Orleans,29.2213,-89.1645,2026-03-09T18:07:57,2026-03-11T08:03:25.813651,463,Capacity Reduction,410,Security Event near New Orleans — severity HIGH. Expected delays of up to 410 minutes.
EE00610,Port Disruption,Vessel backlog,MEDIUM,Manchester,42.7181,-71.9665,2024-07-09T12:13:55,2024-07-14T13:38:31.999216,401,Inspection Required,123,Port Disruption near Manchester — severity MEDIUM. Expected delays of up to 123 minutes.
EE00611,Public Event,Festival road closures,MEDIUM,Washington,39.5263,-76.9552,2024-03-01T03:58:25,2024-03-05T20:23:50.137690,136,Route Closure,93,Public Event near Washington — severity MEDIUM. Expected delays of up to 93 minutes.
EE00612,Geopolitical Event,Trade restrictions imposed,MEDIUM,Charlotte,34.7209,-80.6244,2024-11-17T21:42:04,2024-11-23T11:52:13.897934,355,Route Closure,179,Geopolitical Event near Charlotte — severity MEDIUM. Expected delays of up to 179 minutes.
EE00613,Geopolitical Event,Trade restrictions imposed,MEDIUM,Miami,25.1976,-79.824,2024-02-11T09:24:46,2024-02-14T23:09:12.704702,421,Delay,140,Geopolitical Event near Miami — severity MEDIUM. Expected delays of up to 140 minutes.
EE00614,Public Event,Festival road closures,MEDIUM,Houston,30.6746,-94.9199,2025-10-02T21:49:34,2025-10-05T16:40:26.489869,366,Capacity Reduction,130,Public Event near Houston — severity MEDIUM. Expected delays of up to 130 minutes.
EE00615,Security Event,Security inspection delays,HIGH,Newark,41.5513,-73.2413,2026-05-10T08:46:36,2026-05-16T23:43:45.398537,330,Inspection Required,449,Security Event near Newark — severity HIGH. Expected delays of up to 449 minutes.
EE00616,Infrastructure Failure,Power outage at facility,MEDIUM,Rochester,43.1276,-77.4148,2024-12-23T01:27:50,2024-12-24T08:09:20.768319,348,Inspection Required,63,Infrastructure Failure near Rochester — severity MEDIUM. Expected delays of up to 63 minutes.
EE00617,Road Closure,Bridge weight restriction,LOW,Albuquerque,35.2051,-107.1551,2024-06-04T22:19:58,2024-06-07T23:00:09.469148,432,Route Closure,40,Road Closure near Albuquerque — severity LOW. Expected delays of up to 40 minutes.
EE00618,Infrastructure Failure,Rail track damage,LOW,Fresno,35.8335,-119.9906,2025-11-29T00:04:44,2025-12-05T19:10:07.024607,383,Inspection Required,51,Infrastructure Failure near Fresno — severity LOW. Expected delays of up to 51 minutes.
EE00619,Labor Strike,Warehouse staff walkout,CRITICAL,Louisville,38.6918,-86.4759,2025-09-11T06:18:52,2025-09-15T11:05:25.275816,397,Inspection Required,1049,Labor Strike near Louisville — severity CRITICAL. Expected delays of up to 1049 minutes.
EE00620,Road Closure,Emergency road closure,LOW,Chattanooga,35.536,-85.0256,2025-03-05T00:21:48,2025-03-10T02:38:05.478730,485,Delay,44,Road Closure near Chattanooga — severity LOW. Expected delays of up to 44 minutes.
EE00621,Security Event,Facility lockdown,MEDIUM,Montgomery,32.7034,-86.2252,2024-05-19T18:43:23,2024-05-23T07:47:52.328738,471,Inspection Required,77,Security Event near Montgomery — severity MEDIUM. Expected delays of up to 77 minutes.
EE00622,Road Closure,Highway section closed for repairs,MEDIUM,Phoenix,34.0452,-112.8233,2026-01-29T14:39:09,2026-02-03T03:29:15.611406,218,Inspection Required,166,Road Closure near Phoenix — severity MEDIUM. Expected delays of up to 166 minutes.
EE00623,Road Closure,Bridge weight restriction,MEDIUM,Washington,38.6789,-76.2573,2024-09-08T11:06:48,2024-09-15T02:31:02.229723,278,Inspection Required,103,Road Closure near Washington — severity MEDIUM. Expected delays of up to 103 minutes.
EE00624,Infrastructure Failure,Power outage at facility,MEDIUM,Des Moines,42.0948,-93.1112,2025-10-20T08:36:21,2025-10-25T14:43:24.675425,416,Capacity Reduction,163,Infrastructure Failure near Des Moines — severity MEDIUM. Expected delays of up to 163 minutes.
EE00625,Geopolitical Event,Border control tightened,LOW,Sacramento,38.4132,-121.1615,2026-03-13T00:18:37,2026-03-15T19:09:11.749738,372,Route Closure,15,Geopolitical Event near Sacramento — severity LOW. Expected delays of up to 15 minutes.
EE00626,Customs Delay,Increased customs inspections,HIGH,Kansas City,39.1564,-94.6444,2024-03-07T05:07:01,2024-03-13T02:56:12.749113,347,Inspection Required,356,Customs Delay near Kansas City — severity HIGH. Expected delays of up to 356 minutes.
EE00627,Road Closure,Highway section closed for repairs,MEDIUM,Rochester,43.8881,-78.1756,2026-04-25T15:40:58,2026-04-26T22:54:40.963920,71,Delay,110,Road Closure near Rochester — severity MEDIUM. Expected delays of up to 110 minutes.
EE00628,Port Disruption,Port congestion surge,LOW,Philadelphia,39.4301,-74.4398,2024-01-21T09:29:06,2024-01-24T06:21:32.565447,219,Inspection Required,11,Port Disruption near Philadelphia — severity LOW. Expected delays of up to 11 minutes.
EE00629,Public Event,Political rally road closures,MEDIUM,Springfield,36.2363,-93.3433,2026-03-13T21:38:11,2026-03-19T06:05:10.409474,424,Delay,130,Public Event near Springfield — severity MEDIUM. Expected delays of up to 130 minutes.
EE00630,Port Disruption,Equipment malfunction at terminal,LOW,Houston,29.1658,-95.082,2024-05-31T08:23:28,2024-06-05T16:23:05.418102,139,Delay,46,Port Disruption near Houston — severity LOW. Expected delays of up to 46 minutes.
EE00631,Security Event,Facility lockdown,LOW,Portland ME,43.8287,-70.7994,2025-07-22T22:33:42,2025-07-26T14:02:56.154617,63,Delay,43,Security Event near Portland ME — severity LOW. Expected delays of up to 43 minutes.
EE00632,Public Event,Political rally road closures,MEDIUM,Jackson,32.3182,-89.2917,2025-11-26T13:44:52,2025-11-26T21:35:05.452788,123,Inspection Required,143,Public Event near Jackson — severity MEDIUM. Expected delays of up to 143 minutes.
EE00633,Port Disruption,Equipment malfunction at terminal,MEDIUM,Birmingham,32.9952,-87.5924,2024-06-15T20:14:33,2024-06-22T07:33:09.150557,449,Delay,128,Port Disruption near Birmingham — severity MEDIUM. Expected delays of up to 128 minutes.
EE00634,Geopolitical Event,Trade restrictions imposed,MEDIUM,Buffalo,42.5047,-79.2639,2024-08-18T02:45:59,2024-08-20T06:27:00.260841,494,Capacity Reduction,151,Geopolitical Event near Buffalo — severity MEDIUM. Expected delays of up to 151 minutes.
EE00635,Public Event,Political rally road closures,LOW,Detroit,43.0614,-83.0883,2024-02-17T08:27:11,2024-02-24T02:27:10.999282,70,Inspection Required,54,Public Event near Detroit — severity LOW. Expected delays of up to 54 minutes.
EE00636,Customs Delay,System outage at customs,HIGH,El Paso,31.1162,-105.8819,2024-06-17T01:18:10,2024-06-17T10:47:47.421126,437,Route Closure,245,Customs Delay near El Paso — severity HIGH. Expected delays of up to 245 minutes.
EE00637,Customs Delay,System outage at customs,MEDIUM,Rochester,42.5136,-77.855,2025-06-16T09:29:24,2025-06-19T03:08:53.435739,102,Capacity Reduction,165,Customs Delay near Rochester — severity MEDIUM. Expected delays of up to 165 minutes.
EE00638,Customs Delay,Increased customs inspections,CRITICAL,Salt Lake City,41.4602,-110.9172,2024-04-04T10:52:45,2024-04-09T02:32:11.364393,182,Route Closure,901,Customs Delay near Salt Lake City — severity CRITICAL. Expected delays of up to 901 minutes.
EE00639,Customs Delay,Documentation backlog,MEDIUM,Las Vegas,37.0396,-115.8086,2025-12-20T22:52:02,2025-12-27T11:31:41.852237,166,Inspection Required,161,Customs Delay near Las Vegas — severity MEDIUM. Expected delays of up to 161 minutes.
EE00640,Port Disruption,Equipment malfunction at terminal,MEDIUM,Salt Lake City,39.912,-111.8852,2024-05-11T03:57:52,2024-05-11T18:27:24.755557,472,Inspection Required,170,Port Disruption near Salt Lake City — severity MEDIUM. Expected delays of up to 170 minutes.
EE00641,Port Disruption,Equipment malfunction at terminal,LOW,Atlanta,33.0257,-84.5102,2024-10-30T16:14:13,2024-11-01T07:07:58.861141,259,Capacity Reduction,25,Port Disruption near Atlanta — severity LOW. Expected delays of up to 25 minutes.
EE00642,Customs Delay,System outage at customs,LOW,Providence,42.2438,-70.9041,2026-02-28T17:08:57,2026-03-06T10:12:41.973708,276,Delay,30,Customs Delay near Providence — severity LOW. Expected delays of up to 30 minutes.
EE00643,Labor Strike,Port workers strike,HIGH,Boise,44.2692,-116.5056,2024-03-06T22:40:26,2024-03-09T08:50:48.856357,374,Route Closure,446,Labor Strike near Boise — severity HIGH. Expected delays of up to 446 minutes.
EE00644,Road Closure,Bridge weight restriction,HIGH,San Diego,32.6244,-118.0907,2025-09-26T17:13:16,2025-09-28T04:17:24.748809,105,Capacity Reduction,277,Road Closure near San Diego — severity HIGH. Expected delays of up to 277 minutes.
EE00645,Infrastructure Failure,Power outage at facility,MEDIUM,New York,41.5296,-73.6692,2025-12-04T15:41:22,2025-12-11T00:11:02.909768,451,Route Closure,140,Infrastructure Failure near New York — severity MEDIUM. Expected delays of up to 140 minutes.
EE00646,Customs Delay,Documentation backlog,HIGH,New York,40.9855,-73.6592,2024-06-06T22:23:59,2024-06-08T08:50:05.296954,83,Capacity Reduction,351,Customs Delay near New York — severity HIGH. Expected delays of up to 351 minutes.
EE00647,Security Event,Security inspection delays,LOW,Phoenix,33.8473,-112.3802,2025-01-17T22:17:53,2025-01-23T16:08:14.310802,365,Route Closure,18,Security Event near Phoenix — severity LOW. Expected delays of up to 18 minutes.
EE00648,Public Event,Major sporting event causing traffic,LOW,San Diego,31.7716,-116.6771,2024-03-24T16:54:24,2024-03-27T15:55:10.647968,51,Capacity Reduction,38,Public Event near San Diego — severity LOW. Expected delays of up to 38 minutes.
EE00649,Customs Delay,Documentation backlog,CRITICAL,Tampa,28.7452,-81.7247,2025-12-18T14:36:04,2025-12-24T07:42:40.067723,368,Route Closure,729,Customs Delay near Tampa — severity CRITICAL. Expected delays of up to 729 minutes.
EE00650,Labor Strike,Truck drivers work stoppage,LOW,Seattle,47.7978,-122.4459,2024-12-22T00:47:07,2024-12-26T21:20:13.678602,248,Inspection Required,23,Labor Strike near Seattle — severity LOW. Expected delays of up to 23 minutes.
EE00651,Security Event,Facility lockdown,HIGH,Oklahoma City,36.1784,-98.0733,2025-05-30T23:03:01,2025-05-31T19:35:22.291723,274,Delay,430,Security Event near Oklahoma City — severity HIGH. Expected delays of up to 430 minutes.
EE00652,Port Disruption,Vessel backlog,MEDIUM,Austin,30.9493,-98.5846,2024-05-03T19:42:49,2024-05-08T04:34:19.680034,122,Route Closure,70,Port Disruption near Austin — severity MEDIUM. Expected delays of up to 70 minutes.
EE00653,Labor Strike,Truck drivers work stoppage,LOW,Jacksonville,30.8087,-82.1521,2024-03-15T06:03:10,2024-03-19T23:21:03.625477,442,Route Closure,52,Labor Strike near Jacksonville — severity LOW. Expected delays of up to 52 minutes.
EE00654,Port Disruption,Port congestion surge,LOW,Miami,26.1076,-81.0476,2025-03-22T23:10:36,2025-03-29T17:34:51.700795,481,Route Closure,56,Port Disruption near Miami — severity LOW. Expected delays of up to 56 minutes.
EE00655,Public Event,Major sporting event causing traffic,MEDIUM,Philadelphia,40.3851,-74.8648,2025-07-14T23:34:17,2025-07-16T11:15:15.477012,224,Inspection Required,70,Public Event near Philadelphia — severity MEDIUM. Expected delays of up to 70 minutes.
EE00656,Infrastructure Failure,Bridge structural issue,LOW,Phoenix,32.926,-112.1093,2026-04-04T09:42:40,2026-04-10T03:05:03.130005,142,Capacity Reduction,32,Infrastructure Failure near Phoenix — severity LOW. Expected delays of up to 32 minutes.
EE00657,Port Disruption,Port congestion surge,CRITICAL,Seattle,48.4417,-122.8769,2025-03-04T01:09:58,2025-03-09T03:05:21.798038,237,Route Closure,1152,Port Disruption near Seattle — severity CRITICAL. Expected delays of up to 1152 minutes.
EE00658,Road Closure,Highway section closed for repairs,MEDIUM,Atlanta,34.6878,-84.8486,2026-02-03T08:19:28,2026-02-08T20:12:17.730562,412,Delay,65,Road Closure near Atlanta — severity MEDIUM. Expected delays of up to 65 minutes.
EE00659,Labor Strike,Truck drivers work stoppage,HIGH,Providence,41.8317,-72.3859,2025-04-11T09:37:50,2025-04-11T18:37:57.322467,66,Route Closure,399,Labor Strike near Providence — severity HIGH. Expected delays of up to 399 minutes.
EE00660,Security Event,Security inspection delays,LOW,Baton Rouge,30.2613,-90.7992,2024-11-05T21:41:42,2024-11-11T00:02:51.475213,58,Capacity Reduction,38,Security Event near Baton Rouge — severity LOW. Expected delays of up to 38 minutes.
EE00661,Public Event,Major sporting event causing traffic,MEDIUM,Salt Lake City,41.0255,-111.9758,2025-09-14T08:05:21,2025-09-19T22:49:52.422609,376,Inspection Required,138,Public Event near Salt Lake City — severity MEDIUM. Expected delays of up to 138 minutes.
EE00662,Public Event,Political rally road closures,MEDIUM,Houston,28.9462,-94.8239,2024-09-28T19:45:02,2024-10-01T01:52:39.801876,479,Inspection Required,75,Public Event near Houston — severity MEDIUM. Expected delays of up to 75 minutes.
EE00663,Customs Delay,Increased customs inspections,MEDIUM,Washington,38.9411,-77.0962,2024-06-26T09:54:10,2024-07-02T07:57:46.893636,96,Delay,164,Customs Delay near Washington — severity MEDIUM. Expected delays of up to 164 minutes.
EE00664,Security Event,Heightened screening,LOW,Detroit,41.4632,-83.2686,2024-11-01T08:02:56,2024-11-07T09:50:25.747868,356,Delay,40,Security Event near Detroit — severity LOW. Expected delays of up to 40 minutes.
EE00665,Public Event,Festival road closures,LOW,Birmingham,32.8024,-86.4814,2024-02-08T12:14:37,2024-02-10T14:51:50.433441,379,Delay,29,Public Event near Birmingham — severity LOW. Expected delays of up to 29 minutes.
EE00666,Road Closure,Highway section closed for repairs,MEDIUM,Raleigh,35.1896,-78.1011,2024-01-28T01:49:22,2024-01-30T18:21:05.707823,461,Capacity Reduction,157,Road Closure near Raleigh — severity MEDIUM. Expected delays of up to 157 minutes.
EE00667,Geopolitical Event,Border control tightened,HIGH,Columbus,40.8345,-83.4455,2026-05-27T21:37:07,2026-06-01T14:07:57.882137,232,Delay,320,Geopolitical Event near Columbus — severity HIGH. Expected delays of up to 320 minutes.
EE00668,Geopolitical Event,Trade restrictions imposed,MEDIUM,Atlanta,33.1952,-83.6603,2025-11-06T21:33:29,2025-11-07T02:11:26.376071,146,Capacity Reduction,111,Geopolitical Event near Atlanta — severity MEDIUM. Expected delays of up to 111 minutes.
EE00669,Security Event,Security inspection delays,MEDIUM,San Francisco,37.7398,-122.7664,2024-10-09T07:13:52,2024-10-14T15:14:28.330397,312,Delay,139,Security Event near San Francisco — severity MEDIUM. Expected delays of up to 139 minutes.
EE00670,Public Event,Major sporting event causing traffic,MEDIUM,Albuquerque,36.0682,-106.1809,2025-06-26T01:11:10,2025-06-29T16:37:01.871435,494,Route Closure,175,Public Event near Albuquerque — severity MEDIUM. Expected delays of up to 175 minutes.
EE00671,Labor Strike,Port workers strike,LOW,Indianapolis,40.5834,-85.9336,2026-04-05T22:54:10,2026-04-07T19:54:37.942142,495,Route Closure,49,Labor Strike near Indianapolis — severity LOW. Expected delays of up to 49 minutes.
EE00672,Infrastructure Failure,Bridge structural issue,LOW,Boise,43.0281,-115.5998,2026-03-31T09:49:38,2026-04-02T15:53:38.716448,497,Inspection Required,39,Infrastructure Failure near Boise — severity LOW. Expected delays of up to 39 minutes.
EE00673,Security Event,Security inspection delays,LOW,Memphis,35.8421,-90.7125,2025-07-05T23:47:37,2025-07-12T18:24:01.672882,296,Route Closure,17,Security Event near Memphis — severity LOW. Expected delays of up to 17 minutes.
EE00674,Port Disruption,Vessel backlog,MEDIUM,Birmingham,33.4768,-86.1803,2025-11-25T02:39:02,2025-11-29T19:38:12.889412,491,Route Closure,96,Port Disruption near Birmingham — severity MEDIUM. Expected delays of up to 96 minutes.
EE00675,Port Disruption,Port congestion surge,LOW,Providence,41.4718,-71.3623,2025-10-23T15:00:56,2025-10-23T19:57:14.950492,335,Delay,14,Port Disruption near Providence — severity LOW. Expected delays of up to 14 minutes.
EE00676,Road Closure,Bridge weight restriction,MEDIUM,Los Angeles,34.1227,-118.9632,2025-10-29T04:21:29,2025-10-30T19:37:04.108935,444,Route Closure,74,Road Closure near Los Angeles — severity MEDIUM. Expected delays of up to 74 minutes.
EE00677,Road Closure,Highway section closed for repairs,LOW,Philadelphia,39.6454,-76.081,2025-01-29T04:52:58,2025-02-02T08:27:23.941202,312,Delay,14,Road Closure near Philadelphia — severity LOW. Expected delays of up to 14 minutes.
EE00678,Road Closure,Emergency road closure,MEDIUM,Chattanooga,35.7526,-85.9681,2026-02-09T18:42:46,2026-02-10T00:05:25.649012,276,Capacity Reduction,106,Road Closure near Chattanooga — severity MEDIUM. Expected delays of up to 106 minutes.
EE00679,Security Event,Heightened screening,LOW,Orlando,29.3674,-81.1064,2024-02-16T02:42:05,2024-02-20T12:32:49.559379,434,Delay,56,Security Event near Orlando — severity LOW. Expected delays of up to 56 minutes.
EE00680,Port Disruption,Vessel backlog,HIGH,Cincinnati,38.3103,-84.616,2024-11-13T18:37:13,2024-11-16T05:44:02.320775,323,Route Closure,446,Port Disruption near Cincinnati — severity HIGH. Expected delays of up to 446 minutes.
EE00681,Labor Strike,Warehouse staff walkout,CRITICAL,Pittsburgh,40.4937,-79.8904,2024-07-06T04:25:49,2024-07-08T07:38:17.879290,338,Inspection Required,1071,Labor Strike near Pittsburgh — severity CRITICAL. Expected delays of up to 1071 minutes.
EE00682,Infrastructure Failure,Rail track damage,HIGH,Minneapolis,44.149,-93.4434,2026-05-21T21:12:35,2026-05-23T06:09:28.047073,301,Capacity Reduction,281,Infrastructure Failure near Minneapolis — severity HIGH. Expected delays of up to 281 minutes.
EE00683,Customs Delay,System outage at customs,MEDIUM,St Louis,39.2591,-89.8376,2024-01-09T11:48:45,2024-01-14T13:29:16.375504,210,Capacity Reduction,165,Customs Delay near St Louis — severity MEDIUM. Expected delays of up to 165 minutes.
EE00684,Public Event,Political rally road closures,LOW,Raleigh,36.0745,-78.7124,2025-06-02T11:34:32,2025-06-06T11:16:03.270177,393,Capacity Reduction,59,Public Event near Raleigh — severity LOW. Expected delays of up to 59 minutes.
EE00685,Security Event,Security inspection delays,MEDIUM,Atlanta,34.7105,-83.6606,2024-11-05T01:56:42,2024-11-10T09:38:51.308178,437,Delay,163,Security Event near Atlanta — severity MEDIUM. Expected delays of up to 163 minutes.
EE00686,Geopolitical Event,Tariff increase announced,HIGH,Topeka,38.7378,-96.6033,2024-11-07T06:10:17,2024-11-07T18:52:28.452337,194,Route Closure,250,Geopolitical Event near Topeka — severity HIGH. Expected delays of up to 250 minutes.
EE00687,Security Event,Heightened screening,HIGH,Houston,29.0084,-95.6984,2025-09-17T09:15:53,2025-09-20T19:20:38.730810,130,Capacity Reduction,337,Security Event near Houston — severity HIGH. Expected delays of up to 337 minutes.
EE00688,Public Event,Festival road closures,HIGH,San Antonio,30.1304,-97.8096,2024-08-31T05:53:31,2024-09-03T10:47:34.115982,398,Capacity Reduction,398,Public Event near San Antonio — severity HIGH. Expected delays of up to 398 minutes.
EE00689,Public Event,Festival road closures,HIGH,Louisville,38.5596,-85.1123,2025-11-13T16:51:41,2025-11-17T15:27:01.624071,209,Delay,271,Public Event near Louisville — severity HIGH. Expected delays of up to 271 minutes.
EE00690,Labor Strike,Warehouse staff walkout,MEDIUM,San Francisco,37.6655,-121.7334,2025-01-29T22:03:02,2025-02-04T04:22:19.049310,421,Route Closure,77,Labor Strike near San Francisco — severity MEDIUM. Expected delays of up to 77 minutes.
EE00691,Port Disruption,Equipment malfunction at terminal,MEDIUM,Oakland,38.256,-122.576,2025-11-10T14:14:43,2025-11-16T14:11:46.051390,218,Delay,147,Port Disruption near Oakland — severity MEDIUM. Expected delays of up to 147 minutes.
EE00692,Labor Strike,Truck drivers work stoppage,CRITICAL,Phoenix,33.0802,-112.2844,2025-09-03T11:22:08,2025-09-06T14:53:41.061913,362,Route Closure,1373,Labor Strike near Phoenix — severity CRITICAL. Expected delays of up to 1373 minutes.
EE00693,Infrastructure Failure,Rail track damage,HIGH,Rochester,42.8325,-76.7799,2025-11-09T13:24:51,2025-11-14T01:22:18.875942,388,Delay,180,Infrastructure Failure near Rochester — severity HIGH. Expected delays of up to 180 minutes.
EE00694,Port Disruption,Port congestion surge,CRITICAL,Boston,41.534,-71.4941,2024-08-19T07:53:59,2024-08-20T15:48:11.912068,335,Delay,1427,Port Disruption near Boston — severity CRITICAL. Expected delays of up to 1427 minutes.
EE00695,Geopolitical Event,Tariff increase announced,LOW,Phoenix,33.5625,-112.8987,2024-05-02T14:51:03,2024-05-04T05:14:28.525100,118,Capacity Reduction,51,Geopolitical Event near Phoenix — severity LOW. Expected delays of up to 51 minutes.
EE00696,Road Closure,Bridge weight restriction,HIGH,Hartford,41.858,-72.2175,2025-07-02T17:30:29,2025-07-07T07:09:23.512579,90,Route Closure,184,Road Closure near Hartford — severity HIGH. Expected delays of up to 184 minutes.
EE00697,Port Disruption,Equipment malfunction at terminal,LOW,Manchester,42.0539,-70.6958,2024-04-09T12:52:20,2024-04-12T21:36:38.785253,129,Capacity Reduction,29,Port Disruption near Manchester — severity LOW. Expected delays of up to 29 minutes.
EE00698,Road Closure,Emergency road closure,LOW,Portland,44.5554,-122.4214,2026-03-25T23:05:56,2026-04-01T05:20:52.709918,350,Capacity Reduction,44,Road Closure near Portland — severity LOW. Expected delays of up to 44 minutes.
EE00699,Security Event,Facility lockdown,HIGH,Atlanta,33.0323,-84.3929,2025-01-08T16:16:23,2025-01-14T11:13:35.660131,373,Capacity Reduction,425,Security Event near Atlanta — severity HIGH. Expected delays of up to 425 minutes.
EE00700,Infrastructure Failure,Bridge structural issue,LOW,Cleveland,41.8528,-81.3116,2024-08-02T17:17:25,2024-08-03T23:50:10.891102,320,Delay,24,Infrastructure Failure near Cleveland — severity LOW. Expected delays of up to 24 minutes.
EE00701,Road Closure,Bridge weight restriction,MEDIUM,New York,41.1461,-74.3125,2026-01-07T21:24:36,2026-01-08T07:44:57.935636,267,Delay,123,Road Closure near New York — severity MEDIUM. Expected delays of up to 123 minutes.
EE00702,Port Disruption,Port congestion surge,HIGH,Buffalo,43.4766,-78.1589,2024-01-30T11:38:53,2024-01-30T23:01:12.704243,342,Delay,457,Port Disruption near Buffalo — severity HIGH. Expected delays of up to 457 minutes.
EE00703,Port Disruption,Vessel backlog,MEDIUM,Little Rock,34.5452,-93.0411,2024-02-19T20:12:06,2024-02-20T06:17:46.875515,267,Capacity Reduction,147,Port Disruption near Little Rock — severity MEDIUM. Expected delays of up to 147 minutes.
EE00704,Customs Delay,Increased customs inspections,LOW,Portland ME,42.7072,-69.8241,2024-03-30T10:46:15,2024-04-01T09:33:40.266983,417,Inspection Required,31,Customs Delay near Portland ME — severity LOW. Expected delays of up to 31 minutes.
EE00705,Geopolitical Event,Border control tightened,HIGH,Minneapolis,44.7526,-92.947,2025-02-17T05:21:43,2025-02-23T18:28:39.949656,406,Inspection Required,353,Geopolitical Event near Minneapolis — severity HIGH. Expected delays of up to 353 minutes.
EE00706,Infrastructure Failure,Power outage at facility,CRITICAL,Cincinnati,39.3794,-84.2085,2025-09-18T00:20:42,2025-09-19T22:11:18.945889,412,Capacity Reduction,810,Infrastructure Failure near Cincinnati — severity CRITICAL. Expected delays of up to 810 minutes.
EE00707,Security Event,Facility lockdown,MEDIUM,Little Rock,34.5341,-92.5728,2025-10-06T09:00:53,2025-10-11T10:38:40.026376,299,Route Closure,173,Security Event near Little Rock — severity MEDIUM. Expected delays of up to 173 minutes.
EE00708,Labor Strike,Port workers strike,LOW,Boise,44.5728,-116.4376,2025-10-23T02:09:32,2025-10-28T03:44:33.106814,495,Capacity Reduction,47,Labor Strike near Boise — severity LOW. Expected delays of up to 47 minutes.
EE00709,Port Disruption,Vessel backlog,HIGH,Dallas,33.2176,-97.1511,2024-06-04T14:30:10,2024-06-11T09:30:19.593988,422,Capacity Reduction,310,Port Disruption near Dallas — severity HIGH. Expected delays of up to 310 minutes.
EE00710,Geopolitical Event,Border control tightened,HIGH,Milwaukee,42.7307,-87.6719,2025-04-27T12:03:18,2025-05-02T14:55:49.862057,178,Delay,321,Geopolitical Event near Milwaukee — severity HIGH. Expected delays of up to 321 minutes.
EE00711,Customs Delay,System outage at customs,MEDIUM,Oakland,38.5655,-122.8846,2025-05-28T03:39:36,2025-06-02T04:26:20.978001,428,Inspection Required,148,Customs Delay near Oakland — severity MEDIUM. Expected delays of up to 148 minutes.
EE00712,Geopolitical Event,Trade restrictions imposed,HIGH,Spokane,48.6011,-116.8166,2024-02-08T17:35:01,2024-02-09T09:23:46.677394,184,Delay,378,Geopolitical Event near Spokane — severity HIGH. Expected delays of up to 378 minutes.
EE00713,Road Closure,Emergency road closure,HIGH,St Louis,38.7903,-90.4252,2024-04-15T08:11:10,2024-04-18T04:54:05.060773,308,Delay,192,Road Closure near St Louis — severity HIGH. Expected delays of up to 192 minutes.
EE00714,Customs Delay,Increased customs inspections,MEDIUM,Houston,29.4269,-95.6387,2024-06-29T22:40:18,2024-07-02T16:29:19.414079,75,Delay,60,Customs Delay near Houston — severity MEDIUM. Expected delays of up to 60 minutes.
EE00715,Labor Strike,Warehouse staff walkout,MEDIUM,Austin,31.1686,-97.8855,2024-03-19T13:40:04,2024-03-24T22:41:08.702422,256,Inspection Required,148,Labor Strike near Austin — severity MEDIUM. Expected delays of up to 148 minutes.
EE00716,Labor Strike,Port workers strike,CRITICAL,Oklahoma City,35.861,-98.3729,2025-11-25T06:48:34,2025-11-30T19:01:04.738041,369,Route Closure,556,Labor Strike near Oklahoma City — severity CRITICAL. Expected delays of up to 556 minutes.
EE00717,Geopolitical Event,Tariff increase announced,LOW,Chattanooga,35.258,-84.7452,2026-01-24T10:28:53,2026-01-28T17:58:44.712226,485,Capacity Reduction,45,Geopolitical Event near Chattanooga — severity LOW. Expected delays of up to 45 minutes.
EE00718,Road Closure,Bridge weight restriction,MEDIUM,Austin,30.7764,-96.9061,2025-12-27T00:23:32,2026-01-02T23:08:11.307558,158,Capacity Reduction,107,Road Closure near Austin — severity MEDIUM. Expected delays of up to 107 minutes.
EE00719,Infrastructure Failure,Rail track damage,LOW,Houston,30.0129,-95.9017,2024-07-12T03:06:46,2024-07-14T15:05:28.357329,335,Route Closure,38,Infrastructure Failure near Houston — severity LOW. Expected delays of up to 38 minutes.
EE00720,Port Disruption,Port congestion surge,CRITICAL,Miami,26.324,-80.5231,2025-01-26T23:02:44,2025-02-02T09:10:33.305847,84,Inspection Required,937,Port Disruption near Miami — severity CRITICAL. Expected delays of up to 937 minutes.
EE00721,Road Closure,Bridge weight restriction,LOW,Denver,39.0899,-104.7704,2024-02-28T00:32:11,2024-03-05T12:40:19.950456,285,Capacity Reduction,14,Road Closure near Denver — severity LOW. Expected delays of up to 14 minutes.
EE00722,Labor Strike,Warehouse staff walkout,HIGH,Spokane,47.2362,-117.2665,2024-01-31T12:31:30,2024-02-02T09:39:02.561628,418,Capacity Reduction,343,Labor Strike near Spokane — severity HIGH. Expected delays of up to 343 minutes.
EE00723,Labor Strike,Warehouse staff walkout,MEDIUM,Raleigh,36.5197,-79.0259,2025-02-12T01:56:57,2025-02-16T17:37:22.944048,262,Capacity Reduction,163,Labor Strike near Raleigh — severity MEDIUM. Expected delays of up to 163 minutes.
EE00724,Geopolitical Event,Border control tightened,LOW,Springfield,37.7196,-94.1678,2025-01-01T12:55:37,2025-01-05T03:32:22.892482,327,Capacity Reduction,37,Geopolitical Event near Springfield — severity LOW. Expected delays of up to 37 minutes.
EE00725,Customs Delay,Documentation backlog,LOW,Portland,44.5342,-122.2708,2026-04-24T21:14:27,2026-04-26T16:52:54.443313,128,Capacity Reduction,16,Customs Delay near Portland — severity LOW. Expected delays of up to 16 minutes.
EE00726,Port Disruption,Vessel backlog,MEDIUM,Baton Rouge,30.2037,-90.6841,2026-05-07T13:20:34,2026-05-14T00:30:07.782801,463,Delay,129,Port Disruption near Baton Rouge — severity MEDIUM. Expected delays of up to 129 minutes.
EE00727,Infrastructure Failure,Bridge structural issue,LOW,Orlando,28.5598,-80.9593,2024-04-15T13:09:43,2024-04-18T00:36:51.756321,115,Delay,58,Infrastructure Failure near Orlando — severity LOW. Expected delays of up to 58 minutes.
EE00728,Security Event,Heightened screening,HIGH,Birmingham,33.3148,-86.8833,2026-05-24T11:12:28,2026-05-25T23:58:07.872004,298,Route Closure,263,Security Event near Birmingham — severity HIGH. Expected delays of up to 263 minutes.
EE00729,Public Event,Festival road closures,MEDIUM,Springfield,36.5333,-92.5964,2025-02-22T17:47:08,2025-02-27T12:48:32.848064,255,Delay,162,Public Event near Springfield — severity MEDIUM. Expected delays of up to 162 minutes.
EE00730,Customs Delay,System outage at customs,LOW,Albany,41.9531,-73.8971,2026-06-10T22:33:59,2026-06-16T20:51:38.717664,311,Inspection Required,56,Customs Delay near Albany — severity LOW. Expected delays of up to 56 minutes.
EE00731,Labor Strike,Port workers strike,LOW,Hartford,41.9208,-71.7446,2024-01-05T16:51:02,2024-01-11T00:17:24.819910,260,Inspection Required,14,Labor Strike near Hartford — severity LOW. Expected delays of up to 14 minutes.
EE00732,Road Closure,Bridge weight restriction,MEDIUM,Austin,29.4012,-97.6499,2025-05-04T09:48:09,2025-05-05T10:23:01.561020,385,Route Closure,178,Road Closure near Austin — severity MEDIUM. Expected delays of up to 178 minutes.
EE00733,Customs Delay,Increased customs inspections,HIGH,Atlanta,33.137,-83.99,2025-01-22T06:13:27,2025-01-25T13:34:09.566165,350,Inspection Required,395,Customs Delay near Atlanta — severity HIGH. Expected delays of up to 395 minutes.
EE00734,Port Disruption,Equipment malfunction at terminal,HIGH,Portland,44.8168,-122.5518,2024-04-12T04:24:44,2024-04-18T00:03:59.539276,378,Route Closure,271,Port Disruption near Portland — severity HIGH. Expected delays of up to 271 minutes.
EE00735,Public Event,Festival road closures,HIGH,Boise,43.3157,-116.5108,2025-05-06T22:09:38,2025-05-08T04:38:48.120603,416,Inspection Required,234,Public Event near Boise — severity HIGH. Expected delays of up to 234 minutes.
EE00736,Road Closure,Bridge weight restriction,MEDIUM,Little Rock,35.7065,-92.0737,2024-09-24T09:07:12,2024-09-30T20:01:14.917803,119,Inspection Required,86,Road Closure near Little Rock — severity MEDIUM. Expected delays of up to 86 minutes.
EE00737,Labor Strike,Truck drivers work stoppage,MEDIUM,Milwaukee,43.8348,-87.8543,2024-03-06T16:56:37,2024-03-09T00:43:40.440077,346,Inspection Required,80,Labor Strike near Milwaukee — severity MEDIUM. Expected delays of up to 80 minutes.
EE00738,Public Event,Political rally road closures,MEDIUM,Spokane,47.1497,-117.7322,2025-01-31T22:32:20,2025-02-01T02:56:19.007722,293,Inspection Required,129,Public Event near Spokane — severity MEDIUM. Expected delays of up to 129 minutes.
EE00739,Labor Strike,Truck drivers work stoppage,HIGH,Kansas City,39.0706,-93.7828,2026-02-18T13:48:12,2026-02-24T15:35:14.988212,436,Capacity Reduction,451,Labor Strike near Kansas City — severity HIGH. Expected delays of up to 451 minutes.
EE00740,Infrastructure Failure,Power outage at facility,HIGH,Detroit,42.8282,-82.6239,2024-02-28T20:55:57,2024-02-29T19:15:26.368959,246,Delay,240,Infrastructure Failure near Detroit — severity HIGH. Expected delays of up to 240 minutes.
EE00741,Geopolitical Event,Tariff increase announced,MEDIUM,St Louis,39.1825,-90.0908,2025-04-07T08:24:29,2025-04-08T14:57:04.414367,149,Delay,165,Geopolitical Event near St Louis — severity MEDIUM. Expected delays of up to 165 minutes.
EE00742,Geopolitical Event,Trade restrictions imposed,MEDIUM,Houston,29.9596,-95.0653,2026-02-10T21:59:30,2026-02-11T14:19:32.522963,306,Inspection Required,108,Geopolitical Event near Houston — severity MEDIUM. Expected delays of up to 108 minutes.
EE00743,Public Event,Political rally road closures,MEDIUM,Los Angeles,33.8013,-117.8323,2025-09-05T14:40:30,2025-09-11T09:52:50.473878,498,Capacity Reduction,149,Public Event near Los Angeles — severity MEDIUM. Expected delays of up to 149 minutes.
EE00744,Road Closure,Emergency road closure,HIGH,Seattle,47.1556,-121.6616,2026-04-02T01:33:19,2026-04-02T19:49:19.894972,210,Route Closure,210,Road Closure near Seattle — severity HIGH. Expected delays of up to 210 minutes.
EE00745,Customs Delay,System outage at customs,LOW,San Diego,31.9782,-116.5448,2026-02-04T13:49:34,2026-02-06T20:48:31.228743,257,Inspection Required,31,Customs Delay near San Diego — severity LOW. Expected delays of up to 31 minutes.
EE00746,Public Event,Major sporting event causing traffic,HIGH,Montgomery,32.1125,-86.8684,2024-12-13T11:25:18,2024-12-16T12:56:21.372579,57,Route Closure,308,Public Event near Montgomery — severity HIGH. Expected delays of up to 308 minutes.
EE00747,Labor Strike,Port workers strike,HIGH,Knoxville,34.998,-84.1875,2024-04-11T03:47:57,2024-04-14T18:30:33.905200,385,Route Closure,404,Labor Strike near Knoxville — severity HIGH. Expected delays of up to 404 minutes.
EE00748,Road Closure,Emergency road closure,HIGH,St Louis,39.3551,-89.6551,2024-11-04T14:43:21,2024-11-06T12:31:10.915344,260,Route Closure,453,Road Closure near St Louis — severity HIGH. Expected delays of up to 453 minutes.
EE00749,Security Event,Facility lockdown,MEDIUM,Miami,25.5132,-80.0042,2025-12-20T15:07:41,2025-12-27T12:11:24.990265,337,Route Closure,61,Security Event near Miami — severity MEDIUM. Expected delays of up to 61 minutes.
EE00750,Road Closure,Bridge weight restriction,LOW,Albany,42.4731,-73.0015,2025-11-12T23:45:10,2025-11-15T02:04:44.841184,238,Delay,58,Road Closure near Albany — severity LOW. Expected delays of up to 58 minutes.
EE00751,Road Closure,Highway section closed for repairs,MEDIUM,Tucson,31.6124,-110.5566,2024-07-05T20:17:10,2024-07-10T14:58:09.929699,179,Delay,98,Road Closure near Tucson — severity MEDIUM. Expected delays of up to 98 minutes.
EE00752,Infrastructure Failure,Power outage at facility,HIGH,Oklahoma City,34.5833,-97.2324,2025-10-06T00:31:24,2025-10-10T19:59:05.471920,306,Inspection Required,406,Infrastructure Failure near Oklahoma City — severity HIGH. Expected delays of up to 406 minutes.
EE00753,Road Closure,Bridge weight restriction,LOW,Richmond,38.4393,-77.0804,2025-08-16T18:14:27,2025-08-20T18:41:36.270015,239,Capacity Reduction,18,Road Closure near Richmond — severity LOW. Expected delays of up to 18 minutes.
EE00754,Port Disruption,Equipment malfunction at terminal,HIGH,Fresno,35.9964,-119.1992,2026-05-14T13:23:24,2026-05-17T01:09:04.377837,67,Inspection Required,207,Port Disruption near Fresno — severity HIGH. Expected delays of up to 207 minutes.
EE00755,Customs Delay,System outage at customs,CRITICAL,Little Rock,34.0115,-92.1347,2025-03-30T13:30:57,2025-04-02T18:47:48.308270,68,Route Closure,818,Customs Delay near Little Rock — severity CRITICAL. Expected delays of up to 818 minutes.
EE00756,Public Event,Political rally road closures,HIGH,Austin,29.7522,-97.9603,2024-06-07T12:54:06,2024-06-09T20:34:09.570063,201,Inspection Required,397,Public Event near Austin — severity HIGH. Expected delays of up to 397 minutes.
EE00757,Customs Delay,Increased customs inspections,LOW,San Antonio,29.5809,-99.1116,2025-09-30T06:59:07,2025-10-04T18:24:55.504096,401,Delay,54,Customs Delay near San Antonio — severity LOW. Expected delays of up to 54 minutes.
EE00758,Road Closure,Highway section closed for repairs,LOW,Dallas,32.3174,-96.7768,2025-08-16T10:08:31,2025-08-19T21:52:40.817396,183,Capacity Reduction,13,Road Closure near Dallas — severity LOW. Expected delays of up to 13 minutes.
EE00759,Geopolitical Event,Border control tightened,LOW,Minneapolis,44.6262,-94.0629,2024-06-03T16:29:27,2024-06-03T20:42:23.972058,247,Route Closure,10,Geopolitical Event near Minneapolis — severity LOW. Expected delays of up to 10 minutes.
EE00760,Port Disruption,Port congestion surge,CRITICAL,San Francisco,38.4946,-121.7264,2024-08-18T14:14:21,2024-08-24T09:14:30.354220,264,Capacity Reduction,899,Port Disruption near San Francisco — severity CRITICAL. Expected delays of up to 899 minutes.
EE00761,Security Event,Heightened screening,LOW,Columbus,40.5653,-83.7377,2024-12-01T23:38:11,2024-12-06T14:49:30.390482,361,Capacity Reduction,49,Security Event near Columbus — severity LOW. Expected delays of up to 49 minutes.
EE00762,Geopolitical Event,Tariff increase announced,CRITICAL,Albuquerque,34.2121,-105.9215,2026-01-23T08:26:55,2026-01-28T22:07:33.263781,399,Route Closure,1165,Geopolitical Event near Albuquerque — severity CRITICAL. Expected delays of up to 1165 minutes.
EE00763,Infrastructure Failure,Power outage at facility,MEDIUM,Orlando,28.0795,-81.1008,2025-03-21T07:16:26,2025-03-26T23:28:37.106840,147,Inspection Required,63,Infrastructure Failure near Orlando — severity MEDIUM. Expected delays of up to 63 minutes.
EE00764,Labor Strike,Warehouse staff walkout,MEDIUM,Memphis,34.5128,-90.9602,2024-03-17T06:44:10,2024-03-19T20:00:44.409685,193,Delay,70,Labor Strike near Memphis — severity MEDIUM. Expected delays of up to 70 minutes.
EE00765,Customs Delay,Documentation backlog,LOW,Albany,42.4016,-74.7546,2026-01-23T10:54:29,2026-01-25T14:43:50.226793,84,Route Closure,51,Customs Delay near Albany — severity LOW. Expected delays of up to 51 minutes.
EE00766,Road Closure,Bridge weight restriction,CRITICAL,Washington,38.5749,-77.4456,2026-01-15T11:39:57,2026-01-17T08:01:47.897356,102,Inspection Required,520,Road Closure near Washington — severity CRITICAL. Expected delays of up to 520 minutes.
EE00767,Customs Delay,Documentation backlog,HIGH,Wichita,37.2631,-98.0424,2026-06-06T01:05:25,2026-06-10T15:31:57.774850,480,Delay,475,Customs Delay near Wichita — severity HIGH. Expected delays of up to 475 minutes.
EE00768,Road Closure,Bridge weight restriction,MEDIUM,Billings,44.867,-109.0798,2025-02-17T11:41:26,2025-02-21T09:43:20.453298,462,Route Closure,132,Road Closure near Billings — severity MEDIUM. Expected delays of up to 132 minutes.
EE00769,Port Disruption,Port congestion surge,HIGH,Albuquerque,35.3578,-106.3673,2025-01-20T15:07:31,2025-01-26T22:54:18.010372,207,Delay,218,Port Disruption near Albuquerque — severity HIGH. Expected delays of up to 218 minutes.
EE00770,Road Closure,Bridge weight restriction,LOW,Lexington,37.2553,-84.4623,2024-12-28T10:00:45,2025-01-02T12:28:44.226083,382,Capacity Reduction,37,Road Closure near Lexington — severity LOW. Expected delays of up to 37 minutes.
EE00771,Geopolitical Event,Border control tightened,LOW,Oklahoma City,34.8025,-97.9708,2024-09-27T14:28:33,2024-09-28T23:17:53.389399,391,Capacity Reduction,36,Geopolitical Event near Oklahoma City — severity LOW. Expected delays of up to 36 minutes.
EE00772,Labor Strike,Port workers strike,MEDIUM,Fargo,46.426,-96.3616,2025-05-15T16:56:36,2025-05-21T15:05:34.002810,114,Delay,118,Labor Strike near Fargo — severity MEDIUM. Expected delays of up to 118 minutes.
EE00773,Security Event,Heightened screening,HIGH,San Francisco,36.8987,-121.6896,2025-11-09T16:34:40,2025-11-14T11:12:51.341848,390,Delay,394,Security Event near San Francisco — severity HIGH. Expected delays of up to 394 minutes.
EE00774,Customs Delay,Increased customs inspections,MEDIUM,Manchester,43.9877,-71.3596,2024-10-11T07:18:22,2024-10-17T08:34:52.700665,375,Capacity Reduction,73,Customs Delay near Manchester — severity MEDIUM. Expected delays of up to 73 minutes.
EE00775,Security Event,Security inspection delays,MEDIUM,Boston,41.4669,-70.4931,2024-11-23T16:14:32,2024-11-28T02:00:25.885923,302,Inspection Required,68,Security Event near Boston — severity MEDIUM. Expected delays of up to 68 minutes.
EE00776,Customs Delay,Documentation backlog,LOW,Fargo,46.1223,-96.0296,2026-03-11T15:03:41,2026-03-16T13:59:44.761313,197,Route Closure,56,Customs Delay near Fargo — severity LOW. Expected delays of up to 56 minutes.
EE00777,Labor Strike,Truck drivers work stoppage,MEDIUM,Springfield,36.9183,-92.643,2025-03-25T02:38:54,2025-03-25T12:21:58.787946,491,Delay,128,Labor Strike near Springfield — severity MEDIUM. Expected delays of up to 128 minutes.
EE00778,Road Closure,Bridge weight restriction,LOW,Jackson,32.835,-90.3533,2026-06-02T01:49:09,2026-06-07T19:39:42.664852,146,Delay,49,Road Closure near Jackson — severity LOW. Expected delays of up to 49 minutes.
EE00779,Security Event,Security inspection delays,LOW,San Francisco,38.4814,-122.7187,2024-06-25T23:55:58,2024-06-29T04:01:41.741447,201,Capacity Reduction,35,Security Event near San Francisco — severity LOW. Expected delays of up to 35 minutes.
EE00780,Infrastructure Failure,Rail track damage,LOW,Seattle,48.5017,-122.8871,2025-11-23T22:37:10,2025-11-25T08:57:14.642792,51,Route Closure,12,Infrastructure Failure near Seattle — severity LOW. Expected delays of up to 12 minutes.
EE00781,Labor Strike,Truck drivers work stoppage,LOW,Wichita,36.847,-98.221,2024-01-23T18:34:56,2024-01-30T13:07:08.041176,225,Capacity Reduction,51,Labor Strike near Wichita — severity LOW. Expected delays of up to 51 minutes.
EE00782,Geopolitical Event,Trade restrictions imposed,LOW,Lexington,37.9549,-84.1534,2024-04-14T01:46:36,2024-04-18T00:54:37.855721,177,Inspection Required,49,Geopolitical Event near Lexington — severity LOW. Expected delays of up to 49 minutes.
EE00783,Port Disruption,Port congestion surge,MEDIUM,Topeka,39.073,-96.6037,2025-02-14T06:52:23,2025-02-19T11:40:46.184634,380,Inspection Required,121,Port Disruption near Topeka — severity MEDIUM. Expected delays of up to 121 minutes.
EE00784,Geopolitical Event,Tariff increase announced,MEDIUM,Milwaukee,42.6561,-87.3339,2024-09-13T12:58:01,2024-09-20T10:08:01.144161,469,Delay,109,Geopolitical Event near Milwaukee — severity MEDIUM. Expected delays of up to 109 minutes.
EE00785,Labor Strike,Truck drivers work stoppage,MEDIUM,Knoxville,35.8664,-83.0204,2025-10-31T04:54:12,2025-11-06T20:21:00.852567,166,Capacity Reduction,82,Labor Strike near Knoxville — severity MEDIUM. Expected delays of up to 82 minutes.
EE00786,Road Closure,Bridge weight restriction,LOW,Columbus,39.74,-83.6301,2024-08-04T19:25:10,2024-08-09T12:08:57.898604,418,Delay,23,Road Closure near Columbus — severity LOW. Expected delays of up to 23 minutes.
EE00787,Public Event,Political rally road closures,MEDIUM,San Diego,31.9295,-116.6291,2024-02-10T20:47:39,2024-02-13T03:38:15.861995,185,Capacity Reduction,164,Public Event near San Diego — severity MEDIUM. Expected delays of up to 164 minutes.
EE00788,Infrastructure Failure,Power outage at facility,MEDIUM,Tampa,27.2705,-82.916,2024-11-28T23:15:29,2024-12-02T11:33:45.794846,482,Route Closure,104,Infrastructure Failure near Tampa — severity MEDIUM. Expected delays of up to 104 minutes.
EE00789,Customs Delay,Documentation backlog,HIGH,Jacksonville,30.6505,-80.7214,2025-12-26T21:01:53,2025-12-28T07:22:31.588921,205,Capacity Reduction,372,Customs Delay near Jacksonville — severity HIGH. Expected delays of up to 372 minutes.
EE00790,Labor Strike,Port workers strike,MEDIUM,Fresno,36.4037,-120.6474,2024-03-20T04:42:06,2024-03-26T18:02:53.165137,50,Inspection Required,88,Labor Strike near Fresno — severity MEDIUM. Expected delays of up to 88 minutes.
EE00791,Public Event,Major sporting event causing traffic,MEDIUM,San Antonio,28.6564,-98.4993,2026-03-11T21:53:21,2026-03-14T00:32:03.831816,74,Capacity Reduction,140,Public Event near San Antonio — severity MEDIUM. Expected delays of up to 140 minutes.
EE00792,Port Disruption,Vessel backlog,MEDIUM,Atlanta,33.4233,-84.8676,2025-12-16T17:41:56,2025-12-23T02:02:58.860391,354,Route Closure,150,Port Disruption near Atlanta — severity MEDIUM. Expected delays of up to 150 minutes.
EE00793,Security Event,Heightened screening,LOW,Cincinnati,39.5098,-84.8126,2026-04-19T17:10:37,2026-04-23T10:34:08.558341,210,Route Closure,59,Security Event near Cincinnati — severity LOW. Expected delays of up to 59 minutes.
EE00794,Road Closure,Bridge weight restriction,HIGH,Portland ME,43.9097,-71.0415,2024-09-23T11:02:03,2024-09-30T10:03:19.566872,183,Inspection Required,449,Road Closure near Portland ME — severity HIGH. Expected delays of up to 449 minutes.
EE00795,Road Closure,Emergency road closure,LOW,Springfield,37.1997,-93.2396,2024-06-13T04:27:11,2024-06-20T04:20:07.145383,243,Capacity Reduction,51,Road Closure near Springfield — severity LOW. Expected delays of up to 51 minutes.
EE00796,Labor Strike,Truck drivers work stoppage,HIGH,Oklahoma City,35.4212,-96.8673,2024-05-18T07:00:40,2024-05-25T01:10:31.840083,472,Capacity Reduction,292,Labor Strike near Oklahoma City — severity HIGH. Expected delays of up to 292 minutes.
EE00797,Infrastructure Failure,Power outage at facility,MEDIUM,Memphis,34.2919,-89.849,2025-09-30T01:34:07,2025-10-05T00:17:53.354719,279,Capacity Reduction,61,Infrastructure Failure near Memphis — severity MEDIUM. Expected delays of up to 61 minutes.
EE00798,Geopolitical Event,Border control tightened,HIGH,Nashville,36.4813,-87.5156,2024-03-26T07:39:28,2024-03-29T06:24:59.420357,473,Capacity Reduction,240,Geopolitical Event near Nashville — severity HIGH. Expected delays of up to 240 minutes.
EE00799,Labor Strike,Warehouse staff walkout,LOW,Salt Lake City,40.5735,-112.3893,2024-09-03T00:01:54,2024-09-06T20:31:18.403639,117,Inspection Required,16,Labor Strike near Salt Lake City — severity LOW. Expected delays of up to 16 minutes.
EE00800,Labor Strike,Port workers strike,MEDIUM,Billings,46.7713,-108.0625,2024-02-12T14:38:32,2024-02-13T02:11:36.232374,373,Route Closure,153,Labor Strike near Billings — severity MEDIUM. Expected delays of up to 153 minutes.
EE00801,Customs Delay,Increased customs inspections,MEDIUM,Seattle,47.8989,-121.349,2025-02-07T02:32:37,2025-02-11T06:03:46.850309,188,Delay,158,Customs Delay near Seattle — severity MEDIUM. Expected delays of up to 158 minutes.
EE00802,Labor Strike,Truck drivers work stoppage,HIGH,Omaha,42.09,-95.2131,2024-05-27T16:45:59,2024-06-01T02:59:31.330023,450,Route Closure,444,Labor Strike near Omaha — severity HIGH. Expected delays of up to 444 minutes.
EE00803,Security Event,Heightened screening,LOW,Spokane,47.8112,-117.8895,2026-04-27T18:56:51,2026-05-01T19:27:25.557321,349,Delay,26,Security Event near Spokane — severity LOW. Expected delays of up to 26 minutes.
EE00804,Public Event,Festival road closures,CRITICAL,Sioux Falls,43.6804,-97.1346,2024-05-10T00:07:37,2024-05-14T01:59:02.299654,168,Delay,1102,Public Event near Sioux Falls — severity CRITICAL. Expected delays of up to 1102 minutes.
EE00805,Port Disruption,Port congestion surge,LOW,New York,40.3897,-73.4885,2024-12-31T09:17:30,2025-01-06T23:40:20.862376,159,Inspection Required,51,Port Disruption near New York — severity LOW. Expected delays of up to 51 minutes.
EE00806,Labor Strike,Warehouse staff walkout,LOW,Des Moines,42.0586,-94.0786,2025-07-27T19:22:19,2025-08-02T19:39:28.694783,397,Route Closure,59,Labor Strike near Des Moines — severity LOW. Expected delays of up to 59 minutes.
EE00807,Public Event,Festival road closures,CRITICAL,Boston,43.2742,-70.9681,2026-06-06T21:23:35,2026-06-09T11:14:06.281014,318,Delay,788,Public Event near Boston — severity CRITICAL. Expected delays of up to 788 minutes.
EE00808,Infrastructure Failure,Bridge structural issue,MEDIUM,Orlando,27.9881,-82.3744,2026-03-07T20:21:26,2026-03-08T22:03:52.213972,299,Inspection Required,174,Infrastructure Failure near Orlando — severity MEDIUM. Expected delays of up to 174 minutes.
EE00809,Infrastructure Failure,Rail track damage,LOW,Albany,43.6024,-73.3474,2026-02-22T15:30:40,2026-03-01T13:19:01.235471,464,Inspection Required,56,Infrastructure Failure near Albany — severity LOW. Expected delays of up to 56 minutes.
EE00810,Infrastructure Failure,Rail track damage,MEDIUM,Fresno,37.5108,-120.2059,2025-11-27T20:17:03,2025-12-01T10:21:06.420376,67,Capacity Reduction,148,Infrastructure Failure near Fresno — severity MEDIUM. Expected delays of up to 148 minutes.
EE00811,Security Event,Facility lockdown,LOW,Fargo,47.2983,-96.6307,2024-08-15T17:51:49,2024-08-21T22:43:36.622573,418,Delay,21,Security Event near Fargo — severity LOW. Expected delays of up to 21 minutes.
EE00812,Labor Strike,Truck drivers work stoppage,HIGH,Providence,42.4707,-70.519,2024-06-22T22:02:54,2024-06-23T22:47:59.782083,350,Route Closure,478,Labor Strike near Providence — severity HIGH. Expected delays of up to 478 minutes.
EE00813,Infrastructure Failure,Rail track damage,LOW,Jacksonville,31.0902,-82.2969,2024-05-09T17:08:06,2024-05-15T23:20:42.756677,319,Route Closure,59,Infrastructure Failure near Jacksonville — severity LOW. Expected delays of up to 59 minutes.
EE00814,Port Disruption,Port congestion surge,MEDIUM,Atlanta,33.2842,-84.6918,2025-11-21T10:33:03,2025-11-23T20:32:08.442157,382,Capacity Reduction,148,Port Disruption near Atlanta — severity MEDIUM. Expected delays of up to 148 minutes.
EE00815,Customs Delay,Increased customs inspections,HIGH,Des Moines,41.9196,-92.7681,2024-02-04T19:37:23,2024-02-08T07:26:28.345278,324,Route Closure,363,Customs Delay near Des Moines — severity HIGH. Expected delays of up to 363 minutes.
EE00816,Customs Delay,Documentation backlog,MEDIUM,Charlotte,36.2219,-80.9621,2026-04-14T23:31:12,2026-04-18T06:30:04.334557,442,Route Closure,82,Customs Delay near Charlotte — severity MEDIUM. Expected delays of up to 82 minutes.
EE00817,Geopolitical Event,Trade restrictions imposed,LOW,Des Moines,42.2908,-94.237,2026-02-21T09:24:54,2026-02-24T10:11:44.293092,257,Delay,11,Geopolitical Event near Des Moines — severity LOW. Expected delays of up to 11 minutes.
EE00818,Public Event,Festival road closures,HIGH,Buffalo,42.7918,-79.2435,2025-03-26T03:17:01,2025-03-29T09:04:27.760111,198,Delay,422,Public Event near Buffalo — severity HIGH. Expected delays of up to 422 minutes.
EE00819,Port Disruption,Vessel backlog,LOW,Fresno,37.4111,-120.5704,2026-02-28T11:43:18,2026-03-01T00:39:11.877119,130,Capacity Reduction,28,Port Disruption near Fresno — severity LOW. Expected delays of up to 28 minutes.
EE00820,Security Event,Security inspection delays,MEDIUM,Birmingham,33.8549,-86.3606,2024-02-17T10:27:23,2024-02-18T14:21:30.514350,446,Capacity Reduction,164,Security Event near Birmingham — severity MEDIUM. Expected delays of up to 164 minutes.
EE00821,Customs Delay,Increased customs inspections,HIGH,Detroit,42.5343,-82.5172,2024-04-19T16:30:31,2024-04-21T03:52:46.129811,306,Delay,379,Customs Delay near Detroit — severity HIGH. Expected delays of up to 379 minutes.
EE00822,Public Event,Major sporting event causing traffic,LOW,Memphis,35.239,-90.5072,2026-04-29T03:24:07,2026-04-30T18:39:28.870413,434,Inspection Required,27,Public Event near Memphis — severity LOW. Expected delays of up to 27 minutes.
EE00823,Customs Delay,System outage at customs,HIGH,Las Vegas,35.5606,-116.1124,2025-09-11T19:51:35,2025-09-17T05:34:53.578395,329,Inspection Required,356,Customs Delay near Las Vegas — severity HIGH. Expected delays of up to 356 minutes.
EE00824,Customs Delay,Increased customs inspections,LOW,Tampa,28.6446,-82.6608,2025-02-07T22:50:04,2025-02-08T08:28:54.956432,211,Capacity Reduction,54,Customs Delay near Tampa — severity LOW. Expected delays of up to 54 minutes.
EE00825,Infrastructure Failure,Rail track damage,MEDIUM,Los Angeles,33.9814,-118.4381,2025-04-17T10:11:40,2025-04-24T05:40:50.954401,372,Inspection Required,117,Infrastructure Failure near Los Angeles — severity MEDIUM. Expected delays of up to 117 minutes.
EE00826,Public Event,Major sporting event causing traffic,MEDIUM,Madison,42.1038,-88.4421,2026-04-11T06:07:16,2026-04-17T13:50:53.446995,425,Route Closure,143,Public Event near Madison — severity MEDIUM. Expected delays of up to 143 minutes.
EE00827,Labor Strike,Warehouse staff walkout,LOW,Houston,29.9976,-94.5329,2024-08-02T17:59:05,2024-08-04T08:14:15.462482,138,Route Closure,20,Labor Strike near Houston — severity LOW. Expected delays of up to 20 minutes.
EE00828,Geopolitical Event,Trade restrictions imposed,MEDIUM,El Paso,32.6773,-105.7455,2024-09-06T15:56:19,2024-09-11T00:56:46.046576,149,Route Closure,88,Geopolitical Event near El Paso — severity MEDIUM. Expected delays of up to 88 minutes.
EE00829,Public Event,Festival road closures,CRITICAL,Charlotte,35.2563,-80.4068,2024-07-05T18:58:47,2024-07-07T23:12:32.642759,476,Capacity Reduction,852,Public Event near Charlotte — severity CRITICAL. Expected delays of up to 852 minutes.
EE00830,Road Closure,Emergency road closure,CRITICAL,Spokane,47.0613,-117.5499,2025-12-02T01:21:38,2025-12-03T19:36:38.488624,195,Route Closure,1169,Road Closure near Spokane — severity CRITICAL. Expected delays of up to 1169 minutes.
EE00831,Geopolitical Event,Tariff increase announced,MEDIUM,Louisville,38.8324,-85.8417,2025-07-07T02:32:17,2025-07-13T00:21:03.110085,345,Inspection Required,68,Geopolitical Event near Louisville — severity MEDIUM. Expected delays of up to 68 minutes.
EE00832,Public Event,Festival road closures,HIGH,Orlando,29.0586,-81.9259,2026-03-21T19:34:05,2026-03-27T05:08:36.810412,246,Inspection Required,423,Public Event near Orlando — severity HIGH. Expected delays of up to 423 minutes.
EE00833,Port Disruption,Port congestion surge,HIGH,Newark,39.7695,-74.8103,2026-03-08T03:26:41,2026-03-12T19:00:21.801932,255,Capacity Reduction,456,Port Disruption near Newark — severity HIGH. Expected delays of up to 456 minutes.
EE00834,Geopolitical Event,Border control tightened,LOW,Boise,43.1942,-115.432,2024-12-28T04:00:28,2024-12-30T08:33:15.952980,199,Inspection Required,57,Geopolitical Event near Boise — severity LOW. Expected delays of up to 57 minutes.
EE00835,Security Event,Security inspection delays,HIGH,Milwaukee,42.8118,-87.244,2026-06-06T03:41:23,2026-06-10T23:28:18.439746,234,Capacity Reduction,289,Security Event near Milwaukee — severity HIGH. Expected delays of up to 289 minutes.
EE00836,Port Disruption,Port congestion surge,MEDIUM,Buffalo,43.6586,-78.9892,2025-11-15T01:34:18,2025-11-16T02:44:48.999466,328,Delay,157,Port Disruption near Buffalo — severity MEDIUM. Expected delays of up to 157 minutes.
EE00837,Port Disruption,Port congestion surge,LOW,Cleveland,40.7398,-81.1428,2026-02-26T08:39:45,2026-02-26T18:19:13.658755,357,Capacity Reduction,25,Port Disruption near Cleveland — severity LOW. Expected delays of up to 25 minutes.
EE00838,Geopolitical Event,Border control tightened,MEDIUM,Richmond,37.3066,-76.7506,2025-08-03T16:14:50,2025-08-07T04:24:27.275613,392,Route Closure,155,Geopolitical Event near Richmond — severity MEDIUM. Expected delays of up to 155 minutes.
EE00839,Port Disruption,Equipment malfunction at terminal,MEDIUM,Boise,43.5504,-116.4689,2025-11-10T21:26:23,2025-11-15T14:01:02.003649,315,Capacity Reduction,110,Port Disruption near Boise — severity MEDIUM. Expected delays of up to 110 minutes.
EE00840,Infrastructure Failure,Bridge structural issue,MEDIUM,Rochester,43.3409,-78.3242,2024-01-18T22:01:10,2024-01-23T22:01:01.009735,384,Delay,76,Infrastructure Failure near Rochester — severity MEDIUM. Expected delays of up to 76 minutes.
EE00841,Public Event,Festival road closures,HIGH,Buffalo,42.1659,-79.4873,2026-04-17T11:05:44,2026-04-20T17:50:17.966219,445,Delay,192,Public Event near Buffalo — severity HIGH. Expected delays of up to 192 minutes.
EE00842,Customs Delay,Increased customs inspections,MEDIUM,Madison,42.5839,-89.1921,2024-09-25T02:03:49,2024-09-25T07:07:12.825542,110,Capacity Reduction,88,Customs Delay near Madison — severity MEDIUM. Expected delays of up to 88 minutes.
EE00843,Port Disruption,Port congestion surge,LOW,St Louis,37.6434,-90.6517,2024-04-05T20:52:57,2024-04-11T10:06:42.379724,76,Capacity Reduction,49,Port Disruption near St Louis — severity LOW. Expected delays of up to 49 minutes.
EE00844,Infrastructure Failure,Power outage at facility,HIGH,Miami,25.9739,-80.7344,2024-02-09T21:54:08,2024-02-14T09:37:16.856101,226,Route Closure,231,Infrastructure Failure near Miami — severity HIGH. Expected delays of up to 231 minutes.
EE00845,Public Event,Political rally road closures,MEDIUM,Des Moines,42.0121,-94.1695,2025-02-07T02:53:11,2025-02-08T14:37:18.065748,404,Delay,111,Public Event near Des Moines — severity MEDIUM. Expected delays of up to 111 minutes.
EE00846,Labor Strike,Port workers strike,MEDIUM,Portland ME,44.6484,-70.7961,2026-04-19T00:12:01,2026-04-19T06:48:49.128607,333,Capacity Reduction,153,Labor Strike near Portland ME — severity MEDIUM. Expected delays of up to 153 minutes.
EE00847,Port Disruption,Vessel backlog,MEDIUM,Columbus,40.0068,-82.2304,2024-03-13T17:39:46,2024-03-20T00:50:52.940819,88,Inspection Required,98,Port Disruption near Columbus — severity MEDIUM. Expected delays of up to 98 minutes.
EE00848,Security Event,Heightened screening,HIGH,Chicago,41.9759,-87.0476,2025-10-12T13:31:57,2025-10-16T06:17:48.164805,206,Capacity Reduction,433,Security Event near Chicago — severity HIGH. Expected delays of up to 433 minutes.
EE00849,Labor Strike,Warehouse staff walkout,CRITICAL,Newark,40.8822,-74.2884,2026-01-06T19:28:13,2026-01-07T14:31:02.535363,141,Capacity Reduction,823,Labor Strike near Newark — severity CRITICAL. Expected delays of up to 823 minutes.
EE00850,Public Event,Major sporting event causing traffic,LOW,Newark,40.7168,-74.0998,2025-05-12T09:51:07,2025-05-16T20:24:48.715722,215,Delay,53,Public Event near Newark — severity LOW. Expected delays of up to 53 minutes.
EE00851,Labor Strike,Warehouse staff walkout,LOW,Boston,42.7663,-70.8237,2026-01-05T04:58:49,2026-01-11T14:42:55.858711,406,Delay,16,Labor Strike near Boston — severity LOW. Expected delays of up to 16 minutes.
EE00852,Geopolitical Event,Border control tightened,MEDIUM,New Orleans,30.5695,-89.6156,2024-05-25T13:16:47,2024-05-31T17:05:49.755112,318,Capacity Reduction,80,Geopolitical Event near New Orleans — severity MEDIUM. Expected delays of up to 80 minutes.
EE00853,Customs Delay,System outage at customs,HIGH,Washington,38.4063,-77.775,2024-10-06T08:32:49,2024-10-08T20:30:53.236974,275,Delay,354,Customs Delay near Washington — severity HIGH. Expected delays of up to 354 minutes.
EE00854,Customs Delay,Documentation backlog,MEDIUM,San Diego,32.651,-118.1327,2024-10-20T11:14:13,2024-10-26T11:23:07.398851,305,Capacity Reduction,142,Customs Delay near San Diego — severity MEDIUM. Expected delays of up to 142 minutes.
EE00855,Port Disruption,Equipment malfunction at terminal,LOW,Jackson,33.1206,-89.7651,2025-08-13T16:44:38,2025-08-20T04:00:07.401307,372,Route Closure,18,Port Disruption near Jackson — severity LOW. Expected delays of up to 18 minutes.
EE00856,Security Event,Security inspection delays,HIGH,Atlanta,33.7868,-83.5082,2026-05-25T06:09:33,2026-05-28T10:01:09.948498,267,Capacity Reduction,318,Security Event near Atlanta — severity HIGH. Expected delays of up to 318 minutes.
EE00857,Customs Delay,System outage at customs,HIGH,Miami,26.4202,-80.497,2024-05-12T05:48:11,2024-05-19T04:29:10.805789,410,Delay,397,Customs Delay near Miami — severity HIGH. Expected delays of up to 397 minutes.
EE00858,Road Closure,Highway section closed for repairs,MEDIUM,Oklahoma City,35.259,-97.1885,2025-04-10T08:14:41,2025-04-16T12:24:49.887395,163,Delay,144,Road Closure near Oklahoma City — severity MEDIUM. Expected delays of up to 144 minutes.
EE00859,Security Event,Facility lockdown,HIGH,Newark,40.9699,-73.2815,2025-09-18T09:29:08,2025-09-23T13:36:44.087444,260,Capacity Reduction,306,Security Event near Newark — severity HIGH. Expected delays of up to 306 minutes.
EE00860,Customs Delay,Documentation backlog,MEDIUM,Sioux Falls,44.1634,-97.0844,2024-05-22T03:30:19,2024-05-23T23:35:17.758914,471,Inspection Required,111,Customs Delay near Sioux Falls — severity MEDIUM. Expected delays of up to 111 minutes.
EE00861,Road Closure,Highway section closed for repairs,MEDIUM,Newark,41.3222,-74.2132,2024-05-10T12:57:33,2024-05-14T13:04:35.500450,261,Inspection Required,165,Road Closure near Newark — severity MEDIUM. Expected delays of up to 165 minutes.
EE00862,Road Closure,Emergency road closure,LOW,Chicago,42.366,-86.8402,2024-09-02T04:21:55,2024-09-07T06:47:22.173824,91,Route Closure,14,Road Closure near Chicago — severity LOW. Expected delays of up to 14 minutes.
EE00863,Infrastructure Failure,Rail track damage,HIGH,Chattanooga,35.5341,-86.1451,2026-03-04T15:40:06,2026-03-04T20:49:19.983695,85,Route Closure,205,Infrastructure Failure near Chattanooga — severity HIGH. Expected delays of up to 205 minutes.
EE00864,Security Event,Security inspection delays,MEDIUM,Topeka,39.4896,-95.8672,2026-02-15T05:34:57,2026-02-20T07:34:24.900860,245,Inspection Required,178,Security Event near Topeka — severity MEDIUM. Expected delays of up to 178 minutes.
EE00865,Customs Delay,System outage at customs,CRITICAL,New York,40.3681,-73.7303,2025-02-24T01:50:36,2025-03-02T08:01:25.588671,117,Inspection Required,1365,Customs Delay near New York — severity CRITICAL. Expected delays of up to 1365 minutes.
EE00866,Public Event,Political rally road closures,HIGH,New York,41.4073,-74.5873,2024-09-13T20:40:25,2024-09-18T14:09:28.791488,301,Delay,193,Public Event near New York — severity HIGH. Expected delays of up to 193 minutes.
EE00867,Labor Strike,Warehouse staff walkout,MEDIUM,Boise,43.5244,-115.4474,2025-10-19T20:16:27,2025-10-20T10:07:51.158709,382,Inspection Required,60,Labor Strike near Boise — severity MEDIUM. Expected delays of up to 60 minutes.
EE00868,Labor Strike,Port workers strike,HIGH,Cincinnati,39.8345,-84.0254,2026-05-19T10:42:53,2026-05-25T08:26:50.507393,120,Route Closure,338,Labor Strike near Cincinnati — severity HIGH. Expected delays of up to 338 minutes.
EE00869,Road Closure,Highway section closed for repairs,LOW,Philadelphia,39.0525,-74.3204,2026-02-23T00:05:03,2026-02-26T21:32:34.089800,65,Delay,52,Road Closure near Philadelphia — severity LOW. Expected delays of up to 52 minutes.
EE00870,Security Event,Security inspection delays,MEDIUM,Los Angeles,35.0012,-118.4265,2024-08-21T16:41:54,2024-08-24T21:48:39.051542,262,Inspection Required,156,Security Event near Los Angeles — severity MEDIUM. Expected delays of up to 156 minutes.
EE00871,Customs Delay,Documentation backlog,HIGH,Omaha,40.3939,-95.6138,2025-12-20T19:16:40,2025-12-25T08:22:19.312428,352,Inspection Required,340,Customs Delay near Omaha — severity HIGH. Expected delays of up to 340 minutes.
EE00872,Security Event,Heightened screening,HIGH,Billings,46.4424,-108.7995,2025-09-01T02:42:59,2025-09-07T09:19:46.284092,362,Inspection Required,255,Security Event near Billings — severity HIGH. Expected delays of up to 255 minutes.
EE00873,Security Event,Security inspection delays,LOW,Billings,45.2189,-109.0635,2026-06-17T19:37:19,2026-06-18T07:48:45.588170,474,Route Closure,42,Security Event near Billings — severity LOW. Expected delays of up to 42 minutes.
EE00874,Port Disruption,Equipment malfunction at terminal,MEDIUM,Madison,42.6038,-89.8717,2026-01-11T04:54:31,2026-01-11T15:03:36.491289,250,Route Closure,114,Port Disruption near Madison — severity MEDIUM. Expected delays of up to 114 minutes.
EE00875,Security Event,Facility lockdown,MEDIUM,Seattle,47.2102,-123.1411,2024-03-18T17:04:52,2024-03-25T08:52:24.528417,217,Capacity Reduction,114,Security Event near Seattle — severity MEDIUM. Expected delays of up to 114 minutes.
EE00876,Geopolitical Event,Trade restrictions imposed,MEDIUM,Pittsburgh,41.1187,-79.0869,2025-02-18T23:29:41,2025-02-23T16:38:51.801986,80,Delay,132,Geopolitical Event near Pittsburgh — severity MEDIUM. Expected delays of up to 132 minutes.
EE00877,Public Event,Major sporting event causing traffic,LOW,Richmond,37.5536,-77.4277,2024-03-08T00:10:40,2024-03-08T23:38:47.311738,242,Inspection Required,44,Public Event near Richmond — severity LOW. Expected delays of up to 44 minutes.
EE00878,Geopolitical Event,Tariff increase announced,CRITICAL,Manchester,42.1607,-70.6554,2025-07-04T21:59:02,2025-07-07T23:06:23.779037,123,Delay,1208,Geopolitical Event near Manchester — severity CRITICAL. Expected delays of up to 1208 minutes.
EE00879,Labor Strike,Warehouse staff walkout,HIGH,Birmingham,32.6185,-86.09,2024-12-22T06:18:46,2024-12-22T12:39:58.943405,479,Route Closure,315,Labor Strike near Birmingham — severity HIGH. Expected delays of up to 315 minutes.
EE00880,Geopolitical Event,Tariff increase announced,HIGH,Dallas,32.2857,-97.1884,2024-07-02T04:09:07,2024-07-05T06:34:15.041768,178,Delay,383,Geopolitical Event near Dallas — severity HIGH. Expected delays of up to 383 minutes.
EE00881,Port Disruption,Port congestion surge,MEDIUM,Jackson,31.5274,-91.0411,2025-02-05T19:13:28,2025-02-12T09:55:25.641057,51,Capacity Reduction,80,Port Disruption near Jackson — severity MEDIUM. Expected delays of up to 80 minutes.
EE00882,Geopolitical Event,Trade restrictions imposed,LOW,Lexington,38.9985,-85.5032,2024-05-17T09:10:10,2024-05-23T00:45:55.922479,413,Delay,23,Geopolitical Event near Lexington — severity LOW. Expected delays of up to 23 minutes.
EE00883,Public Event,Festival road closures,HIGH,St Louis,37.9585,-89.649,2026-06-21T12:18:29,2026-06-27T09:57:16.758013,443,Route Closure,275,Public Event near St Louis — severity HIGH. Expected delays of up to 275 minutes.
EE00884,Labor Strike,Warehouse staff walkout,HIGH,Louisville,37.5878,-85.2867,2025-10-19T22:04:27,2025-10-24T21:04:05.109601,216,Inspection Required,410,Labor Strike near Louisville — severity HIGH. Expected delays of up to 410 minutes.
EE00885,Road Closure,Highway section closed for repairs,HIGH,Cincinnati,38.7254,-84.4947,2024-06-23T18:02:34,2024-06-30T00:23:54.118805,127,Inspection Required,294,Road Closure near Cincinnati — severity HIGH. Expected delays of up to 294 minutes.
EE00886,Public Event,Major sporting event causing traffic,MEDIUM,Baton Rouge,30.5608,-91.2024,2025-07-04T20:49:14,2025-07-05T20:32:15.162885,458,Route Closure,161,Public Event near Baton Rouge — severity MEDIUM. Expected delays of up to 161 minutes.
EE00887,Public Event,Political rally road closures,HIGH,Austin,31.0906,-98.6727,2025-10-25T13:17:36,2025-10-31T00:40:04.556647,223,Delay,471,Public Event near Austin — severity HIGH. Expected delays of up to 471 minutes.
EE00888,Road Closure,Bridge weight restriction,LOW,Indianapolis,39.5033,-85.9263,2024-03-09T09:13:44,2024-03-09T22:18:11.349092,95,Route Closure,30,Road Closure near Indianapolis — severity LOW. Expected delays of up to 30 minutes.
EE00889,Infrastructure Failure,Bridge structural issue,MEDIUM,Sioux Falls,43.7826,-97.3679,2026-02-06T22:54:28,2026-02-13T12:26:09.658841,404,Inspection Required,144,Infrastructure Failure near Sioux Falls — severity MEDIUM. Expected delays of up to 144 minutes.
EE00890,Road Closure,Emergency road closure,LOW,Dallas,32.8724,-97.2725,2026-05-07T06:23:05,2026-05-09T16:16:14.769984,87,Capacity Reduction,20,Road Closure near Dallas — severity LOW. Expected delays of up to 20 minutes.
EE00891,Port Disruption,Port congestion surge,HIGH,Seattle,47.1924,-121.6845,2025-01-20T10:16:04,2025-01-25T13:48:21.721365,279,Capacity Reduction,305,Port Disruption near Seattle — severity HIGH. Expected delays of up to 305 minutes.
EE00892,Geopolitical Event,Border control tightened,MEDIUM,Memphis,35.6638,-89.9285,2024-10-02T00:07:48,2024-10-03T10:56:56.812493,372,Capacity Reduction,78,Geopolitical Event near Memphis — severity MEDIUM. Expected delays of up to 78 minutes.
EE00893,Port Disruption,Equipment malfunction at terminal,HIGH,Las Vegas,35.6125,-114.7204,2026-01-27T07:34:13,2026-01-29T10:29:02.922078,109,Capacity Reduction,313,Port Disruption near Las Vegas — severity HIGH. Expected delays of up to 313 minutes.
EE00894,Security Event,Security inspection delays,MEDIUM,Minneapolis,45.3004,-93.9217,2025-03-17T08:40:00,2025-03-23T00:02:32.021349,489,Capacity Reduction,82,Security Event near Minneapolis — severity MEDIUM. Expected delays of up to 82 minutes.
EE00895,Customs Delay,Documentation backlog,MEDIUM,Denver,39.7821,-105.6228,2026-05-09T09:12:53,2026-05-11T14:16:11.675809,482,Route Closure,172,Customs Delay near Denver — severity MEDIUM. Expected delays of up to 172 minutes.
EE00896,Public Event,Major sporting event causing traffic,LOW,Houston,29.0712,-94.9851,2026-05-17T02:44:34,2026-05-21T21:51:29.922667,489,Route Closure,33,Public Event near Houston — severity LOW. Expected delays of up to 33 minutes.
EE00897,Security Event,Heightened screening,CRITICAL,Topeka,39.5862,-95.6718,2024-12-14T04:11:52,2024-12-20T03:33:05.172878,287,Delay,1336,Security Event near Topeka — severity CRITICAL. Expected delays of up to 1336 minutes.
EE00898,Port Disruption,Vessel backlog,MEDIUM,Buffalo,42.6949,-78.6155,2025-06-01T18:34:56,2025-06-08T15:13:18.476164,263,Inspection Required,71,Port Disruption near Buffalo — severity MEDIUM. Expected delays of up to 71 minutes.
EE00899,Security Event,Heightened screening,HIGH,San Antonio,28.7374,-99.003,2025-08-09T06:00:04,2025-08-12T07:37:24.476865,488,Inspection Required,357,Security Event near San Antonio — severity HIGH. Expected delays of up to 357 minutes.
EE00900,Labor Strike,Port workers strike,MEDIUM,Tampa,27.8089,-82.4343,2025-07-03T23:39:51,2025-07-09T10:43:25.225230,410,Inspection Required,150,Labor Strike near Tampa — severity MEDIUM. Expected delays of up to 150 minutes.
EE00901,Port Disruption,Port congestion surge,LOW,Milwaukee,42.6464,-87.5844,2024-06-15T05:34:49,2024-06-17T12:14:36.918937,145,Delay,12,Port Disruption near Milwaukee — severity LOW. Expected delays of up to 12 minutes.
EE00902,Public Event,Political rally road closures,LOW,Montgomery,32.4981,-86.7602,2025-12-15T22:58:19,2025-12-20T15:59:05.518102,268,Delay,48,Public Event near Montgomery — severity LOW. Expected delays of up to 48 minutes.
EE00903,Labor Strike,Truck drivers work stoppage,MEDIUM,Billings,45.6205,-108.7869,2026-06-21T14:30:29,2026-06-22T03:00:16.016322,107,Delay,126,Labor Strike near Billings — severity MEDIUM. Expected delays of up to 126 minutes.
EE00904,Port Disruption,Vessel backlog,HIGH,Portland,45.5894,-123.3389,2025-09-10T12:24:46,2025-09-13T06:13:19.019270,271,Inspection Required,461,Port Disruption near Portland — severity HIGH. Expected delays of up to 461 minutes.
EE00905,Public Event,Political rally road closures,HIGH,Las Vegas,36.2605,-115.714,2024-10-09T07:12:30,2024-10-10T15:01:05.904994,178,Capacity Reduction,347,Public Event near Las Vegas — severity HIGH. Expected delays of up to 347 minutes.
EE00906,Infrastructure Failure,Bridge structural issue,LOW,Seattle,46.7311,-121.8602,2025-03-30T22:14:04,2025-04-06T15:33:20.718194,151,Delay,58,Infrastructure Failure near Seattle — severity LOW. Expected delays of up to 58 minutes.
EE00907,Public Event,Major sporting event causing traffic,HIGH,Wichita,37.6003,-98.1956,2024-03-11T03:58:09,2024-03-14T11:11:21.950312,64,Inspection Required,430,Public Event near Wichita — severity HIGH. Expected delays of up to 430 minutes.
EE00908,Port Disruption,Equipment malfunction at terminal,MEDIUM,Las Vegas,36.4847,-115.1792,2025-10-16T23:35:57,2025-10-23T08:35:45.975372,55,Delay,112,Port Disruption near Las Vegas — severity MEDIUM. Expected delays of up to 112 minutes.
EE00909,Port Disruption,Vessel backlog,HIGH,Washington,39.7302,-77.164,2025-03-15T16:29:43,2025-03-18T00:13:41.611673,336,Route Closure,271,Port Disruption near Washington — severity HIGH. Expected delays of up to 271 minutes.
EE00910,Infrastructure Failure,Bridge structural issue,MEDIUM,Las Vegas,36.102,-114.6542,2025-08-07T14:01:31,2025-08-09T11:06:11.728779,383,Inspection Required,160,Infrastructure Failure near Las Vegas — severity MEDIUM. Expected delays of up to 160 minutes.
EE00911,Infrastructure Failure,Rail track damage,MEDIUM,Oklahoma City,35.9548,-96.9649,2025-08-19T02:30:59,2025-08-21T04:26:29.792924,51,Route Closure,100,Infrastructure Failure near Oklahoma City — severity MEDIUM. Expected delays of up to 100 minutes.
EE00912,Security Event,Security inspection delays,HIGH,Oklahoma City,35.0593,-97.3549,2026-04-29T10:07:24,2026-05-04T05:19:39.641064,128,Route Closure,452,Security Event near Oklahoma City — severity HIGH. Expected delays of up to 452 minutes.
EE00913,Geopolitical Event,Border control tightened,CRITICAL,Phoenix,32.6003,-111.8189,2025-01-21T06:31:38,2025-01-22T13:49:59.920683,203,Delay,841,Geopolitical Event near Phoenix — severity CRITICAL. Expected delays of up to 841 minutes.
EE00914,Labor Strike,Warehouse staff walkout,LOW,Portland,44.858,-122.6677,2025-02-15T09:37:44,2025-02-22T08:18:49.972391,426,Capacity Reduction,57,Labor Strike near Portland — severity LOW. Expected delays of up to 57 minutes.
EE00915,Labor Strike,Warehouse staff walkout,HIGH,Baton Rouge,31.3946,-91.1912,2025-10-28T21:46:17,2025-11-03T21:52:43.732501,326,Route Closure,451,Labor Strike near Baton Rouge — severity HIGH. Expected delays of up to 451 minutes.
EE00916,Labor Strike,Port workers strike,HIGH,Washington,38.8514,-77.1181,2024-02-09T19:13:17,2024-02-12T02:55:29.617928,475,Route Closure,214,Labor Strike near Washington — severity HIGH. Expected delays of up to 214 minutes.
EE00917,Infrastructure Failure,Rail track damage,LOW,Spokane,47.3989,-116.9259,2025-02-16T15:57:07,2025-02-20T11:24:14.803586,231,Inspection Required,40,Infrastructure Failure near Spokane — severity LOW. Expected delays of up to 40 minutes.
EE00918,Public Event,Major sporting event causing traffic,CRITICAL,Knoxville,35.0709,-84.2002,2025-12-04T19:17:32,2025-12-05T16:27:16.789898,81,Route Closure,719,Public Event near Knoxville — severity CRITICAL. Expected delays of up to 719 minutes.
EE00919,Labor Strike,Warehouse staff walkout,MEDIUM,Chattanooga,35.7327,-84.546,2026-03-05T21:34:54,2026-03-06T18:10:47.210144,88,Capacity Reduction,169,Labor Strike near Chattanooga — severity MEDIUM. Expected delays of up to 169 minutes.
EE00920,Road Closure,Bridge weight restriction,MEDIUM,Newark,41.1146,-74.6987,2025-04-30T06:52:49,2025-05-02T23:25:16.318150,154,Delay,113,Road Closure near Newark — severity MEDIUM. Expected delays of up to 113 minutes.
EE00921,Public Event,Political rally road closures,LOW,Boise,42.6723,-116.6214,2024-08-23T15:23:26,2024-08-30T03:26:16.309795,100,Delay,10,Public Event near Boise — severity LOW. Expected delays of up to 10 minutes.
EE00922,Port Disruption,Port congestion surge,LOW,Dallas,33.6554,-96.3353,2024-04-10T14:25:30,2024-04-15T11:26:41.609662,176,Route Closure,34,Port Disruption near Dallas — severity LOW. Expected delays of up to 34 minutes.
EE00923,Security Event,Security inspection delays,HIGH,St Louis,38.7904,-89.2383,2025-11-20T15:31:21,2025-11-23T22:51:21.141046,305,Delay,205,Security Event near St Louis — severity HIGH. Expected delays of up to 205 minutes.
EE00924,Infrastructure Failure,Power outage at facility,CRITICAL,Minneapolis,44.4973,-93.511,2024-01-19T01:02:52,2024-01-24T03:49:44.678270,285,Capacity Reduction,691,Infrastructure Failure near Minneapolis — severity CRITICAL. Expected delays of up to 691 minutes.
EE00925,Road Closure,Highway section closed for repairs,LOW,Atlanta,32.762,-83.9158,2024-08-25T14:21:41,2024-08-28T04:54:18.560174,271,Capacity Reduction,29,Road Closure near Atlanta — severity LOW. Expected delays of up to 29 minutes.
EE00926,Road Closure,Highway section closed for repairs,MEDIUM,Newark,40.9306,-73.8626,2026-05-21T05:22:30,2026-05-27T23:09:28.096209,236,Capacity Reduction,165,Road Closure near Newark — severity MEDIUM. Expected delays of up to 165 minutes.
EE00927,Customs Delay,Increased customs inspections,MEDIUM,Fresno,37.4272,-120.0257,2025-06-09T02:13:16,2025-06-15T02:16:11.100301,197,Delay,144,Customs Delay near Fresno — severity MEDIUM. Expected delays of up to 144 minutes.
EE00928,Road Closure,Highway section closed for repairs,HIGH,Phoenix,34.4423,-112.636,2024-06-07T18:39:10,2024-06-10T16:58:16.364460,406,Capacity Reduction,366,Road Closure near Phoenix — severity HIGH. Expected delays of up to 366 minutes.
EE00929,Infrastructure Failure,Power outage at facility,LOW,Minneapolis,43.9984,-92.765,2025-08-22T12:42:27,2025-08-28T13:10:23.057749,231,Delay,53,Infrastructure Failure near Minneapolis — severity LOW. Expected delays of up to 53 minutes.
EE00930,Port Disruption,Port congestion surge,CRITICAL,Fargo,46.5939,-96.0117,2024-08-09T02:48:30,2024-08-10T05:10:46.290769,424,Route Closure,894,Port Disruption near Fargo — severity CRITICAL. Expected delays of up to 894 minutes.
EE00931,Public Event,Major sporting event causing traffic,LOW,Springfield,36.6386,-93.3384,2024-09-05T06:02:44,2024-09-10T13:45:34.801642,177,Inspection Required,13,Public Event near Springfield — severity LOW. Expected delays of up to 13 minutes.
EE00932,Public Event,Festival road closures,LOW,Atlanta,33.2228,-84.7682,2025-07-06T08:39:40,2025-07-12T08:35:36.810221,195,Route Closure,58,Public Event near Atlanta — severity LOW. Expected delays of up to 58 minutes.
EE00933,Road Closure,Bridge weight restriction,MEDIUM,Topeka,38.3008,-96.2434,2026-06-19T23:52:12,2026-06-26T23:19:58.926863,436,Capacity Reduction,89,Road Closure near Topeka — severity MEDIUM. Expected delays of up to 89 minutes.
EE00934,Infrastructure Failure,Rail track damage,MEDIUM,Washington,39.4714,-77.7198,2025-01-12T17:35:20,2025-01-15T08:06:46.362509,463,Capacity Reduction,84,Infrastructure Failure near Washington — severity MEDIUM. Expected delays of up to 84 minutes.
EE00935,Public Event,Political rally road closures,HIGH,Portland,44.6565,-123.4607,2025-09-23T16:18:03,2025-09-25T07:39:16.351992,245,Capacity Reduction,435,Public Event near Portland — severity HIGH. Expected delays of up to 435 minutes.
EE00936,Geopolitical Event,Trade restrictions imposed,MEDIUM,Omaha,41.599,-94.9351,2025-03-03T12:50:31,2025-03-05T20:02:37.187173,318,Route Closure,142,Geopolitical Event near Omaha — severity MEDIUM. Expected delays of up to 142 minutes.
EE00937,Public Event,Political rally road closures,CRITICAL,Memphis,34.358,-89.1928,2026-04-22T22:19:37,2026-04-24T00:15:51.523394,172,Delay,681,Public Event near Memphis — severity CRITICAL. Expected delays of up to 681 minutes.
EE00938,Geopolitical Event,Border control tightened,MEDIUM,New York,39.7878,-74.4699,2026-04-29T06:53:49,2026-05-01T04:03:11.770835,166,Delay,87,Geopolitical Event near New York — severity MEDIUM. Expected delays of up to 87 minutes.
EE00939,Geopolitical Event,Tariff increase announced,LOW,Los Angeles,34.1305,-117.5924,2024-07-13T06:29:20,2024-07-15T18:05:16.049190,390,Delay,47,Geopolitical Event near Los Angeles — severity LOW. Expected delays of up to 47 minutes.
EE00940,Security Event,Security inspection delays,LOW,Nashville,35.6971,-86.4234,2024-01-01T12:47:57,2024-01-06T16:31:30.881849,157,Delay,58,Security Event near Nashville — severity LOW. Expected delays of up to 58 minutes.
EE00941,Road Closure,Highway section closed for repairs,CRITICAL,Kansas City,39.1372,-94.6547,2026-02-19T15:46:56,2026-02-23T12:29:53.290335,348,Delay,1350,Road Closure near Kansas City — severity CRITICAL. Expected delays of up to 1350 minutes.
EE00942,Customs Delay,Documentation backlog,MEDIUM,Newark,41.6681,-74.471,2026-06-10T11:26:13,2026-06-15T04:03:19.179456,342,Capacity Reduction,168,Customs Delay near Newark — severity MEDIUM. Expected delays of up to 168 minutes.
EE00943,Road Closure,Emergency road closure,LOW,Houston,30.6473,-95.5083,2024-12-10T20:51:22,2024-12-12T14:33:44.896784,137,Inspection Required,36,Road Closure near Houston — severity LOW. Expected delays of up to 36 minutes.
EE00944,Security Event,Security inspection delays,LOW,Louisville,39.0989,-86.4244,2025-02-17T02:08:59,2025-02-19T18:07:31.932105,470,Delay,18,Security Event near Louisville — severity LOW. Expected delays of up to 18 minutes.
EE00945,Port Disruption,Equipment malfunction at terminal,MEDIUM,Baton Rouge,30.1872,-91.2459,2026-04-10T12:09:20,2026-04-13T17:29:57.679317,361,Inspection Required,67,Port Disruption near Baton Rouge — severity MEDIUM. Expected delays of up to 67 minutes.
EE00946,Labor Strike,Port workers strike,LOW,Baltimore,38.842,-77.5732,2025-09-13T13:56:52,2025-09-18T21:52:20.812084,169,Capacity Reduction,18,Labor Strike near Baltimore — severity LOW. Expected delays of up to 18 minutes.
EE00947,Security Event,Facility lockdown,HIGH,El Paso,31.3678,-106.6603,2026-04-07T12:37:25,2026-04-12T07:44:06.460189,397,Inspection Required,405,Security Event near El Paso — severity HIGH. Expected delays of up to 405 minutes.
EE00948,Road Closure,Emergency road closure,MEDIUM,Orlando,29.3519,-81.5137,2026-02-18T12:47:15,2026-02-24T03:25:06.408363,345,Delay,116,Road Closure near Orlando — severity MEDIUM. Expected delays of up to 116 minutes.
EE00949,Road Closure,Bridge weight restriction,HIGH,Newark,41.1668,-74.4662,2024-12-20T02:40:07,2024-12-21T19:15:13.464473,215,Route Closure,236,Road Closure near Newark — severity HIGH. Expected delays of up to 236 minutes.
EE00950,Public Event,Political rally road closures,HIGH,Providence,42.3072,-71.7506,2024-03-04T19:52:09,2024-03-10T13:17:50.596128,335,Delay,338,Public Event near Providence — severity HIGH. Expected delays of up to 338 minutes.
EE00951,Infrastructure Failure,Rail track damage,CRITICAL,Jacksonville,30.6816,-82.5832,2025-11-08T03:50:13,2025-11-10T04:40:41.045425,294,Route Closure,1290,Infrastructure Failure near Jacksonville — severity CRITICAL. Expected delays of up to 1290 minutes.
EE00952,Infrastructure Failure,Bridge structural issue,LOW,Tampa,27.6088,-82.1597,2024-08-01T12:51:26,2024-08-03T03:02:24.422315,68,Capacity Reduction,14,Infrastructure Failure near Tampa — severity LOW. Expected delays of up to 14 minutes.
EE00953,Security Event,Facility lockdown,CRITICAL,Baton Rouge,29.91,-91.2602,2025-02-05T14:45:21,2025-02-08T01:01:09.813001,247,Route Closure,854,Security Event near Baton Rouge — severity CRITICAL. Expected delays of up to 854 minutes.
EE00954,Labor Strike,Warehouse staff walkout,LOW,Seattle,47.1969,-122.0579,2025-09-05T21:41:45,2025-09-12T12:05:55.603274,337,Delay,37,Labor Strike near Seattle — severity LOW. Expected delays of up to 37 minutes.
EE00955,Infrastructure Failure,Power outage at facility,HIGH,Albany,42.7519,-74.7342,2026-01-14T21:56:08,2026-01-16T00:00:25.472625,375,Capacity Reduction,453,Infrastructure Failure near Albany — severity HIGH. Expected delays of up to 453 minutes.
EE00956,Geopolitical Event,Tariff increase announced,HIGH,Sacramento,38.3619,-122.086,2024-08-23T02:18:55,2024-08-24T23:39:25.836075,126,Capacity Reduction,471,Geopolitical Event near Sacramento — severity HIGH. Expected delays of up to 471 minutes.
EE00957,Security Event,Security inspection delays,MEDIUM,Indianapolis,39.9991,-86.1519,2026-03-29T23:47:14,2026-04-03T20:01:43.538683,270,Route Closure,91,Security Event near Indianapolis — severity MEDIUM. Expected delays of up to 91 minutes.
EE00958,Labor Strike,Truck drivers work stoppage,HIGH,Billings,46.3937,-108.903,2025-11-22T13:18:05,2025-11-28T00:17:23.649307,145,Inspection Required,239,Labor Strike near Billings — severity HIGH. Expected delays of up to 239 minutes.
EE00959,Public Event,Festival road closures,MEDIUM,Albuquerque,35.2789,-106.1998,2026-06-13T09:31:30,2026-06-18T02:43:22.756261,479,Delay,160,Public Event near Albuquerque — severity MEDIUM. Expected delays of up to 160 minutes.
EE00960,Customs Delay,Increased customs inspections,LOW,Springfield,36.9132,-93.2885,2024-04-15T20:48:39,2024-04-18T21:01:49.944251,141,Inspection Required,45,Customs Delay near Springfield — severity LOW. Expected delays of up to 45 minutes.
EE00961,Labor Strike,Port workers strike,MEDIUM,Las Vegas,35.9459,-114.5021,2025-10-22T01:57:30,2025-10-23T00:06:25.838797,346,Delay,63,Labor Strike near Las Vegas — severity MEDIUM. Expected delays of up to 63 minutes.
EE00962,Infrastructure Failure,Power outage at facility,MEDIUM,Houston,29.5094,-94.4747,2024-02-04T06:15:49,2024-02-05T10:45:36.986907,236,Delay,88,Infrastructure Failure near Houston — severity MEDIUM. Expected delays of up to 88 minutes.
EE00963,Public Event,Political rally road closures,MEDIUM,Jackson,31.6684,-89.265,2024-04-08T12:05:43,2024-04-09T09:03:51.336195,266,Delay,172,Public Event near Jackson — severity MEDIUM. Expected delays of up to 172 minutes.
EE00964,Security Event,Security inspection delays,MEDIUM,Miami,26.2507,-80.8215,2024-05-18T12:56:25,2024-05-20T18:02:54.386570,367,Delay,74,Security Event near Miami — severity MEDIUM. Expected delays of up to 74 minutes.
EE00965,Labor Strike,Warehouse staff walkout,LOW,Lexington,38.3889,-84.5633,2025-04-10T21:04:14,2025-04-16T14:42:51.045493,425,Route Closure,45,Labor Strike near Lexington — severity LOW. Expected delays of up to 45 minutes.
EE00966,Public Event,Festival road closures,HIGH,Manchester,42.2573,-71.3377,2024-04-24T17:26:28,2024-04-30T00:21:55.317823,481,Delay,413,Public Event near Manchester — severity HIGH. Expected delays of up to 413 minutes.
EE00967,Road Closure,Bridge weight restriction,LOW,El Paso,30.9782,-106.7511,2024-11-29T03:20:32,2024-12-02T12:21:12.967896,414,Delay,57,Road Closure near El Paso — severity LOW. Expected delays of up to 57 minutes.
EE00968,Infrastructure Failure,Power outage at facility,MEDIUM,Baltimore,39.6348,-77.1587,2024-06-24T10:56:22,2024-06-27T02:10:31.325812,442,Delay,159,Infrastructure Failure near Baltimore — severity MEDIUM. Expected delays of up to 159 minutes.
EE00969,Customs Delay,Documentation backlog,HIGH,San Diego,32.8463,-117.2819,2025-01-20T16:44:29,2025-01-23T13:21:23.093974,111,Capacity Reduction,294,Customs Delay near San Diego — severity HIGH. Expected delays of up to 294 minutes.
EE00970,Road Closure,Emergency road closure,HIGH,Spokane,48.3372,-116.7363,2025-07-09T17:46:44,2025-07-13T21:18:55.012871,67,Delay,370,Road Closure near Spokane — severity HIGH. Expected delays of up to 370 minutes.
EE00971,Port Disruption,Vessel backlog,LOW,El Paso,32.3628,-105.56,2024-09-10T14:13:06,2024-09-14T12:39:28.070788,52,Capacity Reduction,55,Port Disruption near El Paso — severity LOW. Expected delays of up to 55 minutes.
EE00972,Security Event,Heightened screening,MEDIUM,Indianapolis,40.062,-87.0139,2024-11-13T18:57:44,2024-11-18T01:45:24.146204,233,Route Closure,104,Security Event near Indianapolis — severity MEDIUM. Expected delays of up to 104 minutes.
EE00973,Public Event,Festival road closures,LOW,Salt Lake City,40.6631,-112.6719,2025-09-24T20:12:30,2025-09-26T20:17:26.211095,291,Route Closure,33,Public Event near Salt Lake City — severity LOW. Expected delays of up to 33 minutes.
EE00974,Road Closure,Bridge weight restriction,MEDIUM,Newark,41.1481,-73.2607,2024-06-16T17:03:28,2024-06-20T14:54:55.150119,436,Capacity Reduction,144,Road Closure near Newark — severity MEDIUM. Expected delays of up to 144 minutes.
EE00975,Public Event,Festival road closures,HIGH,Sacramento,38.1272,-122.1099,2024-12-27T09:46:47,2025-01-02T17:58:09.069485,89,Route Closure,433,Public Event near Sacramento — severity HIGH. Expected delays of up to 433 minutes.
EE00976,Port Disruption,Equipment malfunction at terminal,MEDIUM,Rochester,42.7341,-77.213,2024-11-27T10:01:59,2024-12-02T21:56:37.637226,409,Route Closure,153,Port Disruption near Rochester — severity MEDIUM. Expected delays of up to 153 minutes.
EE00977,Labor Strike,Truck drivers work stoppage,HIGH,Boise,44.5244,-117.1707,2026-01-08T01:23:56,2026-01-14T02:12:10.304194,251,Inspection Required,410,Labor Strike near Boise — severity HIGH. Expected delays of up to 410 minutes.
EE00978,Labor Strike,Truck drivers work stoppage,MEDIUM,Salt Lake City,39.8253,-111.8149,2025-09-25T05:38:27,2025-09-29T04:40:03.369525,459,Route Closure,77,Labor Strike near Salt Lake City — severity MEDIUM. Expected delays of up to 77 minutes.
EE00979,Public Event,Festival road closures,LOW,Fresno,35.7958,-119.2576,2024-01-01T15:49:24,2024-01-03T11:27:20.225434,189,Inspection Required,14,Public Event near Fresno — severity LOW. Expected delays of up to 14 minutes.
EE00980,Security Event,Security inspection delays,HIGH,Madison,42.1361,-89.0741,2025-06-14T20:34:52,2025-06-21T06:54:41.223213,309,Delay,184,Security Event near Madison — severity HIGH. Expected delays of up to 184 minutes.
EE00981,Road Closure,Bridge weight restriction,MEDIUM,New Orleans,29.5215,-89.1915,2024-10-16T20:13:12,2024-10-18T05:34:15.552159,271,Delay,148,Road Closure near New Orleans — severity MEDIUM. Expected delays of up to 148 minutes.
EE00982,Customs Delay,System outage at customs,CRITICAL,Dallas,33.6625,-96.4507,2025-01-21T05:25:32,2025-01-24T07:24:07.737286,210,Inspection Required,781,Customs Delay near Dallas — severity CRITICAL. Expected delays of up to 781 minutes.
EE00983,Public Event,Major sporting event causing traffic,LOW,New York,41.1345,-73.1893,2024-03-09T00:38:29,2024-03-11T12:22:00.240363,195,Capacity Reduction,38,Public Event near New York — severity LOW. Expected delays of up to 38 minutes.
EE00984,Infrastructure Failure,Bridge structural issue,HIGH,San Francisco,38.2587,-122.5982,2025-01-30T08:54:53,2025-02-01T06:07:12.697047,459,Route Closure,241,Infrastructure Failure near San Francisco — severity HIGH. Expected delays of up to 241 minutes.
EE00985,Labor Strike,Warehouse staff walkout,MEDIUM,Spokane,48.5437,-118.1921,2025-05-13T23:51:30,2025-05-17T22:49:15.190067,213,Route Closure,86,Labor Strike near Spokane — severity MEDIUM. Expected delays of up to 86 minutes.
EE00986,Security Event,Heightened screening,LOW,San Diego,31.7809,-116.5736,2026-05-14T04:08:06,2026-05-17T07:21:59.353854,176,Inspection Required,36,Security Event near San Diego — severity LOW. Expected delays of up to 36 minutes.
EE00987,Infrastructure Failure,Bridge structural issue,LOW,Fargo,46.2181,-96.9752,2026-03-04T21:05:06,2026-03-11T00:10:44.619296,418,Inspection Required,25,Infrastructure Failure near Fargo — severity LOW. Expected delays of up to 25 minutes.
EE00988,Security Event,Heightened screening,MEDIUM,Baton Rouge,29.5579,-91.2924,2024-05-26T15:19:17,2024-05-29T09:19:12.119096,459,Route Closure,121,Security Event near Baton Rouge — severity MEDIUM. Expected delays of up to 121 minutes.
EE00989,Customs Delay,Increased customs inspections,HIGH,El Paso,31.3678,-105.7647,2025-09-14T07:45:35,2025-09-15T16:28:20.058955,99,Inspection Required,213,Customs Delay near El Paso — severity HIGH. Expected delays of up to 213 minutes.
EE00990,Road Closure,Highway section closed for repairs,MEDIUM,Knoxville,36.1784,-84.0075,2025-05-31T10:39:39,2025-06-01T15:45:13.306100,191,Inspection Required,86,Road Closure near Knoxville — severity MEDIUM. Expected delays of up to 86 minutes.
EE00991,Road Closure,Highway section closed for repairs,HIGH,New Orleans,29.4351,-90.5687,2024-02-04T01:38:31,2024-02-08T05:56:03.506331,384,Delay,311,Road Closure near New Orleans — severity HIGH. Expected delays of up to 311 minutes.
EE00992,Labor Strike,Port workers strike,LOW,Tampa,27.7025,-82.8659,2024-09-14T05:01:20,2024-09-20T22:55:53.430316,85,Capacity Reduction,51,Labor Strike near Tampa — severity LOW. Expected delays of up to 51 minutes.
EE00993,Port Disruption,Port congestion surge,HIGH,Seattle,46.9529,-122.4692,2025-07-13T17:33:39,2025-07-18T20:51:17.010963,414,Route Closure,470,Port Disruption near Seattle — severity HIGH. Expected delays of up to 470 minutes.
EE00994,Infrastructure Failure,Rail track damage,MEDIUM,Orlando,28.0475,-80.8302,2025-03-08T12:07:31,2025-03-10T07:56:06.196162,130,Capacity Reduction,98,Infrastructure Failure near Orlando — severity MEDIUM. Expected delays of up to 98 minutes.
EE00995,Customs Delay,System outage at customs,CRITICAL,Raleigh,36.5407,-77.7146,2025-04-14T06:39:47,2025-04-15T13:31:46.418363,192,Capacity Reduction,1415,Customs Delay near Raleigh — severity CRITICAL. Expected delays of up to 1415 minutes.
EE00996,Port Disruption,Vessel backlog,MEDIUM,Hartford,41.4307,-73.3051,2026-02-08T21:00:27,2026-02-15T03:32:20.102137,414,Capacity Reduction,76,Port Disruption near Hartford — severity MEDIUM. Expected delays of up to 76 minutes.
EE00997,Road Closure,Highway section closed for repairs,HIGH,Topeka,38.8169,-96.5868,2024-08-12T16:44:24,2024-08-16T14:24:04.932026,371,Capacity Reduction,312,Road Closure near Topeka — severity HIGH. Expected delays of up to 312 minutes.
EE00998,Port Disruption,Vessel backlog,HIGH,Orlando,29.1543,-80.9995,2025-02-11T06:52:51,2025-02-13T21:04:39.647203,53,Capacity Reduction,260,Port Disruption near Orlando — severity HIGH. Expected delays of up to 260 minutes.
EE00999,Road Closure,Emergency road closure,MEDIUM,Indianapolis,39.3814,-85.6272,2024-07-12T12:16:52,2024-07-16T07:58:57.373016,314,Route Closure,126,Road Closure near Indianapolis — severity MEDIUM. Expected delays of up to 126 minutes.
EE01000,Public Event,Political rally road closures,MEDIUM,New York,40.8706,-73.4497,2024-05-31T05:53:52,2024-06-03T06:08:58.220000,280,Route Closure,90,Public Event near New York — severity MEDIUM. Expected delays of up to 90 minutes.
EE01001,Public Event,Festival road closures,CRITICAL,Jackson,33.2794,-91.0959,2025-10-28T07:12:42,2025-11-01T11:20:18.838866,352,Route Closure,835,Public Event near Jackson — severity CRITICAL. Expected delays of up to 835 minutes.
EE01002,Port Disruption,Equipment malfunction at terminal,CRITICAL,Portland,44.8807,-122.6279,2025-05-08T19:33:44,2025-05-13T14:55:22.057385,245,Delay,1062,Port Disruption near Portland — severity CRITICAL. Expected delays of up to 1062 minutes.
EE01003,Infrastructure Failure,Rail track damage,CRITICAL,Richmond,37.5626,-77.0433,2024-02-19T00:51:29,2024-02-21T02:35:34.111217,379,Capacity Reduction,847,Infrastructure Failure near Richmond — severity CRITICAL. Expected delays of up to 847 minutes.
EE01004,Labor Strike,Port workers strike,LOW,Baltimore,39.9326,-76.2064,2024-10-27T04:49:49,2024-11-02T05:03:05.250436,180,Delay,25,Labor Strike near Baltimore — severity LOW. Expected delays of up to 25 minutes.
EE01005,Road Closure,Bridge weight restriction,MEDIUM,San Francisco,37.112,-121.8765,2025-03-25T04:22:27,2025-03-27T23:26:25.349361,465,Route Closure,61,Road Closure near San Francisco — severity MEDIUM. Expected delays of up to 61 minutes.
EE01006,Geopolitical Event,Border control tightened,LOW,Indianapolis,40.4435,-86.4298,2025-03-01T00:33:03,2025-03-05T17:35:07.022288,86,Route Closure,45,Geopolitical Event near Indianapolis — severity LOW. Expected delays of up to 45 minutes.
EE01007,Infrastructure Failure,Rail track damage,MEDIUM,Washington,39.6399,-77.1205,2024-02-13T21:25:16,2024-02-17T23:46:24.140271,202,Route Closure,96,Infrastructure Failure near Washington — severity MEDIUM. Expected delays of up to 96 minutes.
EE01008,Security Event,Facility lockdown,HIGH,Jacksonville,30.6183,-82.2832,2026-05-31T03:28:10,2026-05-31T13:58:07.779480,241,Delay,240,Security Event near Jacksonville — severity HIGH. Expected delays of up to 240 minutes.
EE01009,Customs Delay,Increased customs inspections,MEDIUM,Dallas,32.2919,-96.588,2025-10-08T20:10:36,2025-10-09T10:14:46.350969,303,Capacity Reduction,101,Customs Delay near Dallas — severity MEDIUM. Expected delays of up to 101 minutes.
EE01010,Public Event,Political rally road closures,LOW,Lexington,38.5745,-83.9969,2025-09-16T14:03:36,2025-09-22T07:27:36.303723,54,Delay,12,Public Event near Lexington — severity LOW. Expected delays of up to 12 minutes.
EE01011,Security Event,Security inspection delays,HIGH,Lexington,37.5344,-84.9062,2024-04-08T03:30:21,2024-04-13T13:12:21.082555,408,Inspection Required,326,Security Event near Lexington — severity HIGH. Expected delays of up to 326 minutes.
EE01012,Geopolitical Event,Tariff increase announced,MEDIUM,Oklahoma City,36.4354,-96.8489,2025-12-31T04:35:34,2026-01-02T19:48:42.598382,424,Inspection Required,176,Geopolitical Event near Oklahoma City — severity MEDIUM. Expected delays of up to 176 minutes.
EE01013,Security Event,Security inspection delays,LOW,Albany,42.5633,-73.0846,2026-01-22T05:45:37,2026-01-22T19:55:11.879195,168,Capacity Reduction,11,Security Event near Albany — severity LOW. Expected delays of up to 11 minutes.
EE01014,Labor Strike,Warehouse staff walkout,HIGH,Atlanta,33.8015,-83.8836,2024-04-11T11:48:44,2024-04-16T07:05:34.828731,66,Route Closure,309,Labor Strike near Atlanta — severity HIGH. Expected delays of up to 309 minutes.
EE01015,Port Disruption,Equipment malfunction at terminal,HIGH,San Diego,33.6872,-116.6732,2026-03-12T05:56:28,2026-03-12T14:19:36.787277,140,Delay,358,Port Disruption near San Diego — severity HIGH. Expected delays of up to 358 minutes.
EE01016,Customs Delay,Increased customs inspections,CRITICAL,Chicago,41.0913,-86.6749,2024-07-15T22:35:58,2024-07-22T06:38:04.058142,414,Capacity Reduction,1091,Customs Delay near Chicago — severity CRITICAL. Expected delays of up to 1091 minutes.
EE01017,Road Closure,Emergency road closure,CRITICAL,Seattle,47.8054,-122.2914,2025-02-05T20:43:53,2025-02-07T11:26:10.010849,217,Capacity Reduction,883,Road Closure near Seattle — severity CRITICAL. Expected delays of up to 883 minutes.
EE01018,Road Closure,Bridge weight restriction,LOW,Hartford,40.8856,-71.9748,2026-04-16T03:02:49,2026-04-17T07:18:26.506632,430,Inspection Required,47,Road Closure near Hartford — severity LOW. Expected delays of up to 47 minutes.
EE01019,Infrastructure Failure,Bridge structural issue,LOW,Richmond,36.8372,-77.4082,2026-06-09T11:44:02,2026-06-11T20:27:23.379452,67,Delay,33,Infrastructure Failure near Richmond — severity LOW. Expected delays of up to 33 minutes.
EE01020,Labor Strike,Port workers strike,HIGH,Boston,43.3499,-71.0591,2026-04-29T03:30:50,2026-05-03T16:45:36.023982,224,Delay,250,Labor Strike near Boston — severity HIGH. Expected delays of up to 250 minutes.
EE01021,Security Event,Security inspection delays,LOW,Dallas,32.0394,-96.0358,2024-03-05T23:34:08,2024-03-12T23:29:07.348500,407,Route Closure,48,Security Event near Dallas — severity LOW. Expected delays of up to 48 minutes.
EE01022,Labor Strike,Truck drivers work stoppage,LOW,Los Angeles,33.4665,-117.3535,2026-04-29T06:36:59,2026-05-02T17:37:20.587127,178,Inspection Required,12,Labor Strike near Los Angeles — severity LOW. Expected delays of up to 12 minutes.
EE01023,Infrastructure Failure,Power outage at facility,MEDIUM,Little Rock,34.0749,-92.7211,2026-04-20T11:30:03,2026-04-25T16:56:11.844989,272,Inspection Required,145,Infrastructure Failure near Little Rock — severity MEDIUM. Expected delays of up to 145 minutes.
EE01024,Customs Delay,Documentation backlog,LOW,Rochester,43.808,-78.411,2024-01-05T10:18:49,2024-01-09T22:58:03.821098,369,Route Closure,58,Customs Delay near Rochester — severity LOW. Expected delays of up to 58 minutes.
EE01025,Geopolitical Event,Tariff increase announced,CRITICAL,Orlando,28.7469,-81.4644,2025-09-14T11:21:04,2025-09-20T20:08:02.502067,290,Delay,992,Geopolitical Event near Orlando — severity CRITICAL. Expected delays of up to 992 minutes.
EE01026,Labor Strike,Truck drivers work stoppage,MEDIUM,Houston,30.5243,-95.8293,2025-12-18T06:21:28,2025-12-23T01:07:17.052414,367,Capacity Reduction,165,Labor Strike near Houston — severity MEDIUM. Expected delays of up to 165 minutes.
EE01027,Road Closure,Highway section closed for repairs,MEDIUM,Spokane,47.1298,-117.6519,2026-05-06T04:28:17,2026-05-12T05:16:41.616044,228,Capacity Reduction,101,Road Closure near Spokane — severity MEDIUM. Expected delays of up to 101 minutes.
EE01028,Infrastructure Failure,Bridge structural issue,LOW,Seattle,46.7544,-123.1206,2024-08-13T23:08:56,2024-08-14T10:39:12.757415,301,Delay,36,Infrastructure Failure near Seattle — severity LOW. Expected delays of up to 36 minutes.
EE01029,Port Disruption,Port congestion surge,HIGH,Springfield,37.757,-93.0192,2024-05-30T12:37:24,2024-06-05T17:01:26.794128,227,Route Closure,411,Port Disruption near Springfield — severity HIGH. Expected delays of up to 411 minutes.
EE01030,Public Event,Festival road closures,MEDIUM,Albany,43.4452,-74.4867,2025-02-25T18:12:04,2025-02-28T20:58:21.578859,394,Delay,75,Public Event near Albany — severity MEDIUM. Expected delays of up to 75 minutes.
EE01031,Road Closure,Emergency road closure,HIGH,Fresno,35.8056,-119.0221,2024-05-03T16:25:42,2024-05-04T09:59:31.153175,352,Delay,287,Road Closure near Fresno — severity HIGH. Expected delays of up to 287 minutes.
EE01032,Geopolitical Event,Tariff increase announced,HIGH,San Francisco,37.3722,-123.4144,2025-11-18T22:40:50,2025-11-19T21:18:29.919809,206,Inspection Required,306,Geopolitical Event near San Francisco — severity HIGH. Expected delays of up to 306 minutes.
EE01033,Public Event,Festival road closures,MEDIUM,El Paso,31.6799,-106.3862,2025-02-24T18:46:06,2025-03-03T14:41:59.931284,266,Delay,60,Public Event near El Paso — severity MEDIUM. Expected delays of up to 60 minutes.
EE01034,Geopolitical Event,Border control tightened,MEDIUM,New Orleans,30.9402,-90.2419,2025-10-04T15:50:03,2025-10-08T07:04:41.932834,282,Route Closure,159,Geopolitical Event near New Orleans — severity MEDIUM. Expected delays of up to 159 minutes.
EE01035,Public Event,Major sporting event causing traffic,HIGH,Cincinnati,38.8823,-83.7116,2026-03-14T02:05:52,2026-03-15T23:51:59.241797,303,Route Closure,195,Public Event near Cincinnati — severity HIGH. Expected delays of up to 195 minutes.
EE01036,Road Closure,Highway section closed for repairs,MEDIUM,Raleigh,35.8356,-78.2885,2024-06-11T11:15:31,2024-06-15T10:27:55.949302,125,Capacity Reduction,164,Road Closure near Raleigh — severity MEDIUM. Expected delays of up to 164 minutes.
EE01037,Port Disruption,Equipment malfunction at terminal,LOW,Kansas City,39.4229,-94.199,2024-12-17T19:34:07,2024-12-23T13:45:53.690068,496,Capacity Reduction,15,Port Disruption near Kansas City — severity LOW. Expected delays of up to 15 minutes.
EE01038,Geopolitical Event,Border control tightened,LOW,San Francisco,36.9209,-123.4118,2025-05-22T02:51:53,2025-05-24T12:32:11.281193,365,Delay,59,Geopolitical Event near San Francisco — severity LOW. Expected delays of up to 59 minutes.
EE01039,Public Event,Festival road closures,LOW,San Francisco,38.6046,-122.1265,2024-10-13T22:24:43,2024-10-16T12:08:23.396473,194,Inspection Required,13,Public Event near San Francisco — severity LOW. Expected delays of up to 13 minutes.
EE01040,Infrastructure Failure,Bridge structural issue,CRITICAL,Madison,42.7369,-90.0074,2025-09-04T20:45:30,2025-09-07T01:23:58.644870,390,Inspection Required,639,Infrastructure Failure near Madison — severity CRITICAL. Expected delays of up to 639 minutes.
EE01041,Customs Delay,Documentation backlog,MEDIUM,Birmingham,34.3314,-87.1797,2025-08-07T22:07:17,2025-08-09T06:17:01.349461,290,Route Closure,166,Customs Delay near Birmingham — severity MEDIUM. Expected delays of up to 166 minutes.
EE01042,Infrastructure Failure,Power outage at facility,LOW,New York,41.2789,-74.3247,2025-02-15T16:54:08,2025-02-22T13:43:09.665277,388,Inspection Required,28,Infrastructure Failure near New York — severity LOW. Expected delays of up to 28 minutes.
EE01043,Public Event,Festival road closures,MEDIUM,Sacramento,38.6613,-121.7351,2026-04-28T01:11:13,2026-04-29T22:16:44.237643,119,Capacity Reduction,163,Public Event near Sacramento — severity MEDIUM. Expected delays of up to 163 minutes.
EE01044,Geopolitical Event,Trade restrictions imposed,LOW,Detroit,42.5821,-82.0892,2025-10-17T20:12:05,2025-10-22T15:21:09.956041,467,Delay,24,Geopolitical Event near Detroit — severity LOW. Expected delays of up to 24 minutes.
EE01045,Labor Strike,Port workers strike,LOW,Fargo,46.5235,-96.0695,2026-04-16T09:08:48,2026-04-22T07:21:11.196793,137,Capacity Reduction,22,Labor Strike near Fargo — severity LOW. Expected delays of up to 22 minutes.
EE01046,Customs Delay,System outage at customs,MEDIUM,Houston,28.7963,-96.0363,2025-01-21T18:29:23,2025-01-25T01:48:54.382315,187,Delay,67,Customs Delay near Houston — severity MEDIUM. Expected delays of up to 67 minutes.
EE01047,Geopolitical Event,Border control tightened,LOW,Portland ME,43.4763,-70.1959,2026-06-22T17:56:32,2026-06-26T03:58:43.060139,189,Route Closure,15,Geopolitical Event near Portland ME — severity LOW. Expected delays of up to 15 minutes.
EE01048,Public Event,Major sporting event causing traffic,MEDIUM,Pittsburgh,41.3783,-79.4053,2025-09-06T21:31:16,2025-09-13T12:10:59.738977,147,Route Closure,147,Public Event near Pittsburgh — severity MEDIUM. Expected delays of up to 147 minutes.
EE01049,Customs Delay,Documentation backlog,MEDIUM,Washington,39.0905,-77.2172,2026-05-03T16:47:16,2026-05-05T20:53:18.249940,389,Delay,150,Customs Delay near Washington — severity MEDIUM. Expected delays of up to 150 minutes.
EE01050,Security Event,Heightened screening,MEDIUM,San Diego,33.7075,-117.5812,2025-11-15T01:18:44,2025-11-18T04:11:26.777343,64,Delay,96,Security Event near San Diego — severity MEDIUM. Expected delays of up to 96 minutes.
EE01051,Road Closure,Emergency road closure,CRITICAL,Providence,41.1978,-72.3999,2025-04-29T01:52:42,2025-05-01T06:19:35.178318,126,Delay,603,Road Closure near Providence — severity CRITICAL. Expected delays of up to 603 minutes.
EE01052,Labor Strike,Warehouse staff walkout,HIGH,San Francisco,38.1614,-123.2972,2026-02-26T04:00:34,2026-02-26T20:51:29.583076,404,Inspection Required,339,Labor Strike near San Francisco — severity HIGH. Expected delays of up to 339 minutes.
EE01053,Security Event,Security inspection delays,MEDIUM,Tucson,32.694,-110.572,2025-08-15T02:45:53,2025-08-21T06:28:06.059146,380,Inspection Required,83,Security Event near Tucson — severity MEDIUM. Expected delays of up to 83 minutes.
EE01054,Infrastructure Failure,Power outage at facility,MEDIUM,Billings,45.387,-108.4587,2026-05-31T03:32:47,2026-06-05T21:30:35.273709,111,Route Closure,116,Infrastructure Failure near Billings — severity MEDIUM. Expected delays of up to 116 minutes.
EE01055,Customs Delay,System outage at customs,HIGH,Orlando,29.2251,-81.4862,2025-04-30T05:15:48,2025-05-04T13:49:29.145649,277,Inspection Required,372,Customs Delay near Orlando — severity HIGH. Expected delays of up to 372 minutes.
EE01056,Labor Strike,Warehouse staff walkout,LOW,Madison,42.8084,-90.1415,2024-05-20T06:28:26,2024-05-25T07:56:27.898572,493,Inspection Required,52,Labor Strike near Madison — severity LOW. Expected delays of up to 52 minutes.
EE01057,Public Event,Festival road closures,LOW,St Louis,37.7014,-89.9906,2025-05-23T11:37:15,2025-05-25T13:23:35.482142,389,Capacity Reduction,16,Public Event near St Louis — severity LOW. Expected delays of up to 16 minutes.
EE01058,Road Closure,Highway section closed for repairs,HIGH,Omaha,41.6144,-96.4149,2025-06-12T14:44:38,2025-06-18T02:58:31.147613,374,Capacity Reduction,460,Road Closure near Omaha — severity HIGH. Expected delays of up to 460 minutes.
EE01059,Public Event,Major sporting event causing traffic,HIGH,Philadelphia,40.3112,-75.0229,2025-02-09T18:56:43,2025-02-14T21:20:23.776321,395,Capacity Reduction,466,Public Event near Philadelphia — severity HIGH. Expected delays of up to 466 minutes.
EE01060,Port Disruption,Equipment malfunction at terminal,HIGH,Kansas City,39.0377,-94.7249,2025-05-02T02:12:09,2025-05-04T08:13:30.713609,200,Delay,352,Port Disruption near Kansas City — severity HIGH. Expected delays of up to 352 minutes.
EE01061,Security Event,Facility lockdown,MEDIUM,San Diego,32.3874,-117.6282,2024-03-17T14:03:25,2024-03-23T10:36:11.732221,374,Capacity Reduction,146,Security Event near San Diego — severity MEDIUM. Expected delays of up to 146 minutes.
EE01062,Customs Delay,System outage at customs,LOW,Madison,42.9285,-89.8145,2024-06-20T21:10:52,2024-06-24T07:14:22.138426,244,Route Closure,31,Customs Delay near Madison — severity LOW. Expected delays of up to 31 minutes.
EE01063,Geopolitical Event,Tariff increase announced,LOW,Oakland,38.711,-122.8775,2024-07-11T19:24:37,2024-07-13T22:04:43.556116,97,Delay,23,Geopolitical Event near Oakland — severity LOW. Expected delays of up to 23 minutes.
EE01064,Infrastructure Failure,Rail track damage,LOW,Boise,43.3182,-115.5641,2024-07-28T08:30:12,2024-07-31T18:11:16.028716,145,Inspection Required,24,Infrastructure Failure near Boise — severity LOW. Expected delays of up to 24 minutes.
EE01065,Customs Delay,System outage at customs,CRITICAL,Atlanta,33.5622,-83.9535,2024-10-07T12:33:48,2024-10-14T11:57:51.301383,461,Inspection Required,1092,Customs Delay near Atlanta — severity CRITICAL. Expected delays of up to 1092 minutes.
EE01066,Labor Strike,Truck drivers work stoppage,HIGH,Albany,43.6502,-73.5116,2024-04-01T00:19:18,2024-04-02T11:13:50.921370,81,Capacity Reduction,438,Labor Strike near Albany — severity HIGH. Expected delays of up to 438 minutes.
EE01067,Geopolitical Event,Border control tightened,LOW,Birmingham,33.446,-86.0594,2026-01-12T04:03:40,2026-01-16T09:28:23.598311,85,Route Closure,50,Geopolitical Event near Birmingham — severity LOW. Expected delays of up to 50 minutes.
EE01068,Infrastructure Failure,Bridge structural issue,LOW,Nashville,35.5298,-87.3932,2025-07-15T06:50:22,2025-07-18T12:30:50.465730,399,Delay,17,Infrastructure Failure near Nashville — severity LOW. Expected delays of up to 17 minutes.
EE01069,Customs Delay,System outage at customs,LOW,San Diego,33.6958,-117.3442,2025-01-17T18:19:38,2025-01-23T14:18:28.010431,239,Capacity Reduction,42,Customs Delay near San Diego — severity LOW. Expected delays of up to 42 minutes.
EE01070,Security Event,Security inspection delays,HIGH,Seattle,47.0296,-123.0005,2025-08-15T14:58:28,2025-08-19T19:55:31.955359,52,Inspection Required,479,Security Event near Seattle — severity HIGH. Expected delays of up to 479 minutes.
EE01071,Road Closure,Bridge weight restriction,LOW,Fresno,36.5391,-120.6788,2024-03-10T02:38:56,2024-03-14T16:10:24.228687,244,Delay,46,Road Closure near Fresno — severity LOW. Expected delays of up to 46 minutes.
EE01072,Labor Strike,Truck drivers work stoppage,MEDIUM,Chattanooga,35.8866,-84.8532,2025-06-29T15:57:39,2025-07-01T09:28:34.968794,278,Inspection Required,179,Labor Strike near Chattanooga — severity MEDIUM. Expected delays of up to 179 minutes.
EE01073,Geopolitical Event,Trade restrictions imposed,HIGH,New York,40.282,-74.3894,2024-06-25T03:25:49,2024-06-28T23:39:34.244233,478,Capacity Reduction,276,Geopolitical Event near New York — severity HIGH. Expected delays of up to 276 minutes.
EE01074,Labor Strike,Port workers strike,MEDIUM,Raleigh,36.7736,-78.4681,2024-04-19T08:05:34,2024-04-23T09:38:45.381176,455,Route Closure,141,Labor Strike near Raleigh — severity MEDIUM. Expected delays of up to 141 minutes.
EE01075,Labor Strike,Port workers strike,HIGH,Austin,29.6659,-96.7503,2026-01-07T01:55:39,2026-01-09T17:11:24.641206,480,Capacity Reduction,449,Labor Strike near Austin — severity HIGH. Expected delays of up to 449 minutes.
EE01076,Port Disruption,Port congestion surge,HIGH,Phoenix,32.5056,-111.4261,2024-05-02T02:39:22,2024-05-04T23:11:07.937310,133,Delay,200,Port Disruption near Phoenix — severity HIGH. Expected delays of up to 200 minutes.
EE01077,Labor Strike,Truck drivers work stoppage,MEDIUM,Oklahoma City,35.9356,-97.8867,2025-10-18T07:16:35,2025-10-19T19:17:48.596932,106,Delay,126,Labor Strike near Oklahoma City — severity MEDIUM. Expected delays of up to 126 minutes.
EE01078,Labor Strike,Truck drivers work stoppage,HIGH,Rochester,42.7286,-78.0187,2024-04-06T02:34:24,2024-04-10T07:26:28.906237,55,Delay,422,Labor Strike near Rochester — severity HIGH. Expected delays of up to 422 minutes.
EE01079,Port Disruption,Vessel backlog,LOW,Raleigh,36.5736,-79.4406,2024-12-18T17:45:15,2024-12-21T18:31:54.443636,213,Inspection Required,47,Port Disruption near Raleigh — severity LOW. Expected delays of up to 47 minutes.
EE01080,Security Event,Heightened screening,HIGH,Kansas City,39.6083,-93.612,2026-04-15T11:17:18,2026-04-19T10:16:49.079713,285,Route Closure,474,Security Event near Kansas City — severity HIGH. Expected delays of up to 474 minutes.
EE01081,Infrastructure Failure,Power outage at facility,HIGH,Oakland,37.2788,-122.385,2026-05-12T12:49:28,2026-05-16T00:13:09.731807,385,Delay,212,Infrastructure Failure near Oakland — severity HIGH. Expected delays of up to 212 minutes.
EE01082,Customs Delay,Increased customs inspections,MEDIUM,Albuquerque,35.4352,-107.088,2025-09-05T10:24:30,2025-09-09T12:06:25.527168,432,Inspection Required,116,Customs Delay near Albuquerque — severity MEDIUM. Expected delays of up to 116 minutes.
EE01083,Public Event,Major sporting event causing traffic,LOW,Las Vegas,36.6574,-115.0852,2024-11-17T18:47:46,2024-11-24T07:48:48.739543,208,Capacity Reduction,38,Public Event near Las Vegas — severity LOW. Expected delays of up to 38 minutes.
EE01084,Public Event,Political rally road closures,LOW,Denver,38.8019,-104.4412,2025-10-16T09:17:40,2025-10-17T20:33:39.831575,475,Inspection Required,20,Public Event near Denver — severity LOW. Expected delays of up to 20 minutes.
EE01085,Public Event,Major sporting event causing traffic,LOW,Salt Lake City,39.8799,-112.0649,2025-05-03T09:14:04,2025-05-04T00:39:28.767937,373,Route Closure,33,Public Event near Salt Lake City — severity LOW. Expected delays of up to 33 minutes.
EE01086,Road Closure,Highway section closed for repairs,HIGH,Billings,45.4532,-108.0579,2025-01-21T02:43:21,2025-01-27T23:48:55.243985,113,Capacity Reduction,426,Road Closure near Billings — severity HIGH. Expected delays of up to 426 minutes.
EE01087,Customs Delay,Increased customs inspections,MEDIUM,Billings,44.819,-108.4191,2025-09-30T03:20:45,2025-10-05T23:21:00.414671,369,Route Closure,112,Customs Delay near Billings — severity MEDIUM. Expected delays of up to 112 minutes.
EE01088,Labor Strike,Truck drivers work stoppage,HIGH,Memphis,36.1139,-89.0605,2024-07-14T08:47:09,2024-07-18T18:28:26.786904,460,Inspection Required,322,Labor Strike near Memphis — severity HIGH. Expected delays of up to 322 minutes.
EE01089,Port Disruption,Port congestion surge,LOW,Columbus,40.3086,-82.3171,2024-06-04T08:34:48,2024-06-06T00:09:57.110029,195,Inspection Required,53,Port Disruption near Columbus — severity LOW. Expected delays of up to 53 minutes.
EE01090,Security Event,Heightened screening,MEDIUM,Jackson,32.3681,-90.498,2026-03-10T12:12:20,2026-03-11T20:06:27.400897,401,Delay,72,Security Event near Jackson — severity MEDIUM. Expected delays of up to 72 minutes.
EE01091,Port Disruption,Port congestion surge,LOW,Minneapolis,44.2417,-93.6436,2026-06-18T20:42:29,2026-06-22T01:07:44.444519,94,Inspection Required,53,Port Disruption near Minneapolis — severity LOW. Expected delays of up to 53 minutes.
EE01092,Customs Delay,Increased customs inspections,LOW,Los Angeles,34.828,-117.6627,2025-02-07T17:58:24,2025-02-14T11:17:29.759779,486,Capacity Reduction,10,Customs Delay near Los Angeles — severity LOW. Expected delays of up to 10 minutes.
EE01093,Labor Strike,Truck drivers work stoppage,LOW,Atlanta,33.7104,-83.5984,2025-05-23T23:49:14,2025-05-24T07:42:49.846082,175,Inspection Required,38,Labor Strike near Atlanta — severity LOW. Expected delays of up to 38 minutes.
EE01094,Port Disruption,Vessel backlog,MEDIUM,Albany,41.7243,-74.1047,2025-08-01T11:38:41,2025-08-06T07:41:43.892579,443,Delay,170,Port Disruption near Albany — severity MEDIUM. Expected delays of up to 170 minutes.
EE01095,Road Closure,Highway section closed for repairs,HIGH,Louisville,37.472,-85.2957,2024-03-27T16:47:54,2024-04-03T13:55:15.586367,174,Capacity Reduction,215,Road Closure near Louisville — severity HIGH. Expected delays of up to 215 minutes.
EE01096,Labor Strike,Port workers strike,LOW,Richmond,37.0439,-77.1931,2025-08-11T17:30:27,2025-08-18T10:37:16.205116,434,Delay,38,Labor Strike near Richmond — severity LOW. Expected delays of up to 38 minutes.
EE01097,Infrastructure Failure,Rail track damage,MEDIUM,Milwaukee,43.3692,-87.5369,2026-01-24T05:03:18,2026-01-25T04:55:45.001157,173,Delay,98,Infrastructure Failure near Milwaukee — severity MEDIUM. Expected delays of up to 98 minutes.
EE01098,Public Event,Political rally road closures,MEDIUM,Columbus,40.9398,-82.5058,2024-01-12T22:16:08,2024-01-14T01:50:11.097404,418,Capacity Reduction,135,Public Event near Columbus — severity MEDIUM. Expected delays of up to 135 minutes.
EE01099,Labor Strike,Warehouse staff walkout,CRITICAL,Boise,43.8544,-116.1821,2024-03-17T08:30:33,2024-03-17T19:14:00.449330,71,Route Closure,1414,Labor Strike near Boise — severity CRITICAL. Expected delays of up to 1414 minutes.
EE01100,Road Closure,Highway section closed for repairs,CRITICAL,Denver,39.4467,-104.0513,2024-02-08T11:36:42,2024-02-13T20:19:39.504231,479,Inspection Required,1102,Road Closure near Denver — severity CRITICAL. Expected delays of up to 1102 minutes.
EE01101,Geopolitical Event,Trade restrictions imposed,MEDIUM,San Diego,31.8808,-116.6834,2026-06-08T04:36:47,2026-06-11T22:35:21.087558,263,Route Closure,162,Geopolitical Event near San Diego — severity MEDIUM. Expected delays of up to 162 minutes.
EE01102,Port Disruption,Port congestion surge,MEDIUM,Baltimore,39.0642,-76.1681,2025-04-12T19:02:34,2025-04-18T03:54:34.081283,480,Inspection Required,81,Port Disruption near Baltimore — severity MEDIUM. Expected delays of up to 81 minutes.
EE01103,Public Event,Major sporting event causing traffic,LOW,Providence,41.3142,-70.6885,2024-07-30T02:13:30,2024-07-31T01:35:25.057788,415,Inspection Required,51,Public Event near Providence — severity LOW. Expected delays of up to 51 minutes.
EE01104,Port Disruption,Equipment malfunction at terminal,MEDIUM,Sacramento,39.0916,-121.7703,2025-04-09T00:50:30,2025-04-14T20:09:07.825882,296,Delay,88,Port Disruption near Sacramento — severity MEDIUM. Expected delays of up to 88 minutes.
EE01105,Public Event,Political rally road closures,LOW,New Orleans,29.748,-89.4638,2026-04-03T20:59:14,2026-04-06T11:42:59.368146,439,Delay,26,Public Event near New Orleans — severity LOW. Expected delays of up to 26 minutes.
EE01106,Geopolitical Event,Tariff increase announced,LOW,Oakland,38.2961,-121.6743,2026-06-20T13:32:03,2026-06-21T16:56:06.293430,173,Inspection Required,45,Geopolitical Event near Oakland — severity LOW. Expected delays of up to 45 minutes.
EE01107,Public Event,Festival road closures,LOW,Nashville,36.1451,-85.9789,2025-01-23T16:47:38,2025-01-24T10:10:57.642014,221,Capacity Reduction,53,Public Event near Nashville — severity LOW. Expected delays of up to 53 minutes.
EE01108,Customs Delay,System outage at customs,LOW,Richmond,38.1284,-76.5538,2024-10-04T22:54:08,2024-10-07T17:56:12.841830,433,Inspection Required,13,Customs Delay near Richmond — severity LOW. Expected delays of up to 13 minutes.
EE01109,Security Event,Facility lockdown,LOW,Spokane,47.2066,-117.7183,2024-03-13T22:43:57,2024-03-16T00:09:00.287722,364,Route Closure,43,Security Event near Spokane — severity LOW. Expected delays of up to 43 minutes.
EE01110,Labor Strike,Port workers strike,LOW,Montgomery,33.2736,-86.8314,2025-03-31T15:39:49,2025-04-02T21:23:48.742121,210,Route Closure,31,Labor Strike near Montgomery — severity LOW. Expected delays of up to 31 minutes.
EE01111,Public Event,Political rally road closures,MEDIUM,Jackson,32.4048,-89.8167,2025-08-07T14:48:17,2025-08-08T04:20:11.700146,116,Inspection Required,157,Public Event near Jackson — severity MEDIUM. Expected delays of up to 157 minutes.
EE01112,Road Closure,Emergency road closure,HIGH,Orlando,28.1792,-82.092,2025-08-05T14:40:43,2025-08-10T05:17:35.079863,393,Delay,323,Road Closure near Orlando — severity HIGH. Expected delays of up to 323 minutes.
EE01113,Port Disruption,Port congestion surge,MEDIUM,El Paso,32.65,-106.4612,2025-03-01T14:24:18,2025-03-02T11:43:21.223908,178,Inspection Required,106,Port Disruption near El Paso — severity MEDIUM. Expected delays of up to 106 minutes.
EE01114,Infrastructure Failure,Bridge structural issue,CRITICAL,Nashville,36.2386,-87.0995,2026-05-14T21:13:58,2026-05-18T21:28:16.462048,91,Route Closure,1169,Infrastructure Failure near Nashville — severity CRITICAL. Expected delays of up to 1169 minutes.
EE01115,Road Closure,Bridge weight restriction,CRITICAL,Orlando,29.5176,-80.5761,2025-11-06T14:32:45,2025-11-11T23:17:10.954151,409,Inspection Required,695,Road Closure near Orlando — severity CRITICAL. Expected delays of up to 695 minutes.
EE01116,Security Event,Facility lockdown,HIGH,Spokane,48.4938,-117.4234,2025-11-01T01:31:15,2025-11-06T07:11:39.294973,402,Delay,242,Security Event near Spokane — severity HIGH. Expected delays of up to 242 minutes.
EE01117,Geopolitical Event,Trade restrictions imposed,LOW,Jackson,32.492,-89.7308,2026-02-11T20:16:22,2026-02-14T00:49:52.605087,361,Inspection Required,37,Geopolitical Event near Jackson — severity LOW. Expected delays of up to 37 minutes.
EE01118,Infrastructure Failure,Rail track damage,MEDIUM,Albany,42.3904,-74.2006,2025-09-29T15:04:09,2025-10-02T16:06:00.471695,80,Capacity Reduction,165,Infrastructure Failure near Albany — severity MEDIUM. Expected delays of up to 165 minutes.
EE01119,Labor Strike,Port workers strike,HIGH,Des Moines,42.0519,-94.3113,2024-03-18T16:13:21,2024-03-24T08:11:45.895712,175,Capacity Reduction,353,Labor Strike near Des Moines — severity HIGH. Expected delays of up to 353 minutes.
EE01120,Geopolitical Event,Trade restrictions imposed,MEDIUM,Las Vegas,37.0902,-115.4628,2025-05-22T18:45:50,2025-05-29T01:56:59.888720,244,Delay,76,Geopolitical Event near Las Vegas — severity MEDIUM. Expected delays of up to 76 minutes.
EE01121,Customs Delay,Increased customs inspections,HIGH,Topeka,39.2513,-96.4259,2025-11-07T23:57:01,2025-11-13T03:08:22.431702,439,Delay,313,Customs Delay near Topeka — severity HIGH. Expected delays of up to 313 minutes.
EE01122,Port Disruption,Equipment malfunction at terminal,MEDIUM,Boston,42.0256,-71.4496,2025-02-11T04:56:40,2025-02-14T10:33:42.563401,255,Route Closure,124,Port Disruption near Boston — severity MEDIUM. Expected delays of up to 124 minutes.
EE01123,Labor Strike,Warehouse staff walkout,LOW,Milwaukee,43.8612,-87.2476,2024-09-08T09:25:58,2024-09-11T02:26:11.594996,310,Capacity Reduction,58,Labor Strike near Milwaukee — severity LOW. Expected delays of up to 58 minutes.
EE01124,Public Event,Major sporting event causing traffic,MEDIUM,Manchester,41.9974,-71.9049,2024-01-23T07:11:45,2024-01-24T03:54:54.664661,262,Route Closure,61,Public Event near Manchester — severity MEDIUM. Expected delays of up to 61 minutes.
EE01125,Security Event,Heightened screening,MEDIUM,Seattle,46.9348,-122.0478,2025-04-27T17:18:16,2025-05-03T05:40:35.094572,139,Delay,82,Security Event near Seattle — severity MEDIUM. Expected delays of up to 82 minutes.
EE01126,Road Closure,Highway section closed for repairs,HIGH,Fresno,36.1171,-119.0109,2025-05-03T22:38:28,2025-05-10T16:17:21.168271,321,Route Closure,247,Road Closure near Fresno — severity HIGH. Expected delays of up to 247 minutes.
EE01127,Customs Delay,Documentation backlog,MEDIUM,Billings,46.4163,-108.6481,2025-10-20T00:36:18,2025-10-24T02:19:00.709026,74,Capacity Reduction,68,Customs Delay near Billings — severity MEDIUM. Expected delays of up to 68 minutes.
EE01128,Port Disruption,Vessel backlog,MEDIUM,Columbus,40.8732,-83.7346,2025-07-19T17:53:41,2025-07-23T20:26:32.804859,361,Delay,81,Port Disruption near Columbus — severity MEDIUM. Expected delays of up to 81 minutes.
EE01129,Labor Strike,Port workers strike,LOW,Atlanta,34.7034,-84.9356,2026-01-31T05:36:59,2026-02-06T20:17:15.117033,100,Delay,51,Labor Strike near Atlanta — severity LOW. Expected delays of up to 51 minutes.
EE01130,Geopolitical Event,Trade restrictions imposed,MEDIUM,Oklahoma City,34.8618,-97.5706,2025-11-19T07:49:06,2025-11-23T06:17:03.735396,81,Delay,111,Geopolitical Event near Oklahoma City — severity MEDIUM. Expected delays of up to 111 minutes.
EE01131,Infrastructure Failure,Rail track damage,MEDIUM,Denver,40.463,-104.8748,2025-06-12T01:00:52,2025-06-15T04:08:16.684169,241,Delay,152,Infrastructure Failure near Denver — severity MEDIUM. Expected delays of up to 152 minutes.
EE01132,Port Disruption,Vessel backlog,LOW,Sacramento,38.0221,-122.0968,2026-04-15T00:07:18,2026-04-20T05:01:26.333695,351,Route Closure,10,Port Disruption near Sacramento — severity LOW. Expected delays of up to 10 minutes.
EE01133,Port Disruption,Vessel backlog,HIGH,Memphis,34.5728,-91.0427,2024-02-15T08:03:57,2024-02-20T18:56:24.956731,88,Capacity Reduction,377,Port Disruption near Memphis — severity HIGH. Expected delays of up to 377 minutes.
EE01134,Security Event,Heightened screening,MEDIUM,El Paso,32.4756,-106.1079,2026-06-06T08:15:28,2026-06-09T02:12:57.609888,488,Delay,136,Security Event near El Paso — severity MEDIUM. Expected delays of up to 136 minutes.
EE01135,Road Closure,Bridge weight restriction,HIGH,Minneapolis,44.6109,-93.2148,2025-12-01T00:22:44,2025-12-01T15:38:52.955164,443,Inspection Required,190,Road Closure near Minneapolis — severity HIGH. Expected delays of up to 190 minutes.
EE01136,Geopolitical Event,Tariff increase announced,CRITICAL,Oklahoma City,36.1122,-96.5473,2025-04-24T06:30:41,2025-04-27T18:19:35.300745,432,Capacity Reduction,1289,Geopolitical Event near Oklahoma City — severity CRITICAL. Expected delays of up to 1289 minutes.
EE01137,Security Event,Heightened screening,MEDIUM,Billings,46.6969,-107.9534,2025-05-10T10:39:22,2025-05-16T14:20:51.834900,281,Delay,103,Security Event near Billings — severity MEDIUM. Expected delays of up to 103 minutes.
EE01138,Road Closure,Emergency road closure,MEDIUM,Spokane,46.8778,-116.5386,2024-12-08T21:30:38,2024-12-13T08:30:20.959011,195,Capacity Reduction,102,Road Closure near Spokane — severity MEDIUM. Expected delays of up to 102 minutes.
EE01139,Labor Strike,Port workers strike,LOW,Springfield,37.231,-93.9342,2024-10-25T16:59:53,2024-10-31T12:03:40.299706,57,Inspection Required,16,Labor Strike near Springfield — severity LOW. Expected delays of up to 16 minutes.
EE01140,Security Event,Security inspection delays,LOW,Chicago,42.2263,-87.3646,2026-02-25T16:46:31,2026-02-26T15:28:31.402613,73,Capacity Reduction,43,Security Event near Chicago — severity LOW. Expected delays of up to 43 minutes.
EE01141,Port Disruption,Port congestion surge,HIGH,Oklahoma City,35.94,-97.0182,2024-02-14T21:08:49,2024-02-18T20:02:34.123175,319,Capacity Reduction,444,Port Disruption near Oklahoma City — severity HIGH. Expected delays of up to 444 minutes.
EE01142,Geopolitical Event,Trade restrictions imposed,MEDIUM,Baton Rouge,29.8469,-91.7947,2025-10-22T10:47:43,2025-10-25T13:40:31.831827,234,Inspection Required,111,Geopolitical Event near Baton Rouge — severity MEDIUM. Expected delays of up to 111 minutes.
EE01143,Port Disruption,Vessel backlog,MEDIUM,Kansas City,38.5035,-94.9373,2024-07-22T06:39:32,2024-07-25T07:10:34.889798,311,Capacity Reduction,88,Port Disruption near Kansas City — severity MEDIUM. Expected delays of up to 88 minutes.
EE01144,Road Closure,Bridge weight restriction,MEDIUM,Sioux Falls,43.961,-96.3028,2025-01-11T17:40:31,2025-01-17T22:56:32.078445,84,Delay,174,Road Closure near Sioux Falls — severity MEDIUM. Expected delays of up to 174 minutes.
EE01145,Security Event,Facility lockdown,LOW,Pittsburgh,40.6246,-79.3433,2025-07-28T01:03:52,2025-08-02T06:53:02.169809,386,Capacity Reduction,43,Security Event near Pittsburgh — severity LOW. Expected delays of up to 43 minutes.
EE01146,Port Disruption,Vessel backlog,LOW,Newark,41.2919,-74.978,2025-02-04T22:14:17,2025-02-08T16:27:57.737823,458,Capacity Reduction,33,Port Disruption near Newark — severity LOW. Expected delays of up to 33 minutes.
EE01147,Labor Strike,Truck drivers work stoppage,LOW,Oakland,37.0042,-122.2912,2025-09-20T06:29:16,2025-09-26T09:20:52.939079,290,Route Closure,46,Labor Strike near Oakland — severity LOW. Expected delays of up to 46 minutes.
EE01148,Customs Delay,System outage at customs,LOW,Columbus,39.1001,-83.0473,2025-08-15T06:25:04,2025-08-17T05:12:55.437696,293,Delay,16,Customs Delay near Columbus — severity LOW. Expected delays of up to 16 minutes.
EE01149,Road Closure,Highway section closed for repairs,MEDIUM,Baltimore,40.223,-77.0465,2024-07-22T04:48:21,2024-07-28T10:25:55.348501,249,Capacity Reduction,100,Road Closure near Baltimore — severity MEDIUM. Expected delays of up to 100 minutes.
EE01150,Customs Delay,System outage at customs,MEDIUM,Knoxville,36.7561,-84.4768,2024-10-13T08:08:50,2024-10-18T20:49:47.377867,357,Route Closure,100,Customs Delay near Knoxville — severity MEDIUM. Expected delays of up to 100 minutes.
EE01151,Geopolitical Event,Trade restrictions imposed,HIGH,Orlando,29.4557,-81.8795,2025-10-12T11:32:02,2025-10-13T16:51:20.297070,144,Inspection Required,398,Geopolitical Event near Orlando — severity HIGH. Expected delays of up to 398 minutes.
EE01152,Labor Strike,Port workers strike,LOW,Baton Rouge,30.1068,-91.3196,2025-06-06T17:54:09,2025-06-10T07:08:02.768557,244,Route Closure,15,Labor Strike near Baton Rouge — severity LOW. Expected delays of up to 15 minutes.
EE01153,Security Event,Heightened screening,MEDIUM,Rochester,42.2563,-77.6268,2025-03-25T05:48:04,2025-03-26T09:49:51.934460,169,Route Closure,87,Security Event near Rochester — severity MEDIUM. Expected delays of up to 87 minutes.
EE01154,Port Disruption,Vessel backlog,LOW,Los Angeles,34.3273,-117.5373,2024-03-25T04:26:21,2024-03-26T21:53:06.590199,330,Inspection Required,47,Port Disruption near Los Angeles — severity LOW. Expected delays of up to 47 minutes.
EE01155,Geopolitical Event,Trade restrictions imposed,MEDIUM,Dallas,32.0615,-96.3393,2024-06-17T09:23:46,2024-06-24T07:28:49.490860,450,Inspection Required,134,Geopolitical Event near Dallas — severity MEDIUM. Expected delays of up to 134 minutes.
EE01156,Customs Delay,Increased customs inspections,HIGH,Albany,42.4488,-73.4714,2025-09-07T22:13:58,2025-09-11T15:37:43.154269,169,Route Closure,415,Customs Delay near Albany — severity HIGH. Expected delays of up to 415 minutes.
EE01157,Road Closure,Bridge weight restriction,MEDIUM,Fargo,47.4394,-95.9079,2025-06-02T20:30:00,2025-06-04T18:17:32.160033,482,Route Closure,118,Road Closure near Fargo — severity MEDIUM. Expected delays of up to 118 minutes.
EE01158,Geopolitical Event,Tariff increase announced,CRITICAL,Providence,41.5725,-70.5575,2025-06-23T01:58:23,2025-06-29T07:19:46.571216,295,Inspection Required,735,Geopolitical Event near Providence — severity CRITICAL. Expected delays of up to 735 minutes.
EE01159,Public Event,Festival road closures,HIGH,Miami,24.9249,-80.2782,2024-12-21T14:05:21,2024-12-22T00:44:52.720233,123,Inspection Required,219,Public Event near Miami — severity HIGH. Expected delays of up to 219 minutes.
EE01160,Infrastructure Failure,Rail track damage,HIGH,Indianapolis,39.2641,-85.1689,2024-03-24T10:02:47,2024-03-29T11:37:46.108118,136,Capacity Reduction,334,Infrastructure Failure near Indianapolis — severity HIGH. Expected delays of up to 334 minutes.
EE01161,Labor Strike,Port workers strike,MEDIUM,Boise,42.9987,-116.5057,2024-01-15T05:21:50,2024-01-18T19:33:21.991763,265,Route Closure,117,Labor Strike near Boise — severity MEDIUM. Expected delays of up to 117 minutes.
EE01162,Geopolitical Event,Border control tightened,HIGH,Little Rock,35.5436,-92.1376,2025-10-22T23:37:38,2025-10-25T09:36:21.791856,185,Route Closure,326,Geopolitical Event near Little Rock — severity HIGH. Expected delays of up to 326 minutes.
EE01163,Customs Delay,Documentation backlog,HIGH,Chattanooga,35.3819,-85.4978,2024-09-05T23:04:48,2024-09-11T17:44:43.886711,393,Delay,281,Customs Delay near Chattanooga — severity HIGH. Expected delays of up to 281 minutes.
EE01164,Customs Delay,System outage at customs,CRITICAL,Fresno,37.4612,-118.8858,2024-10-17T02:05:57,2024-10-21T04:30:19.749143,214,Route Closure,1279,Customs Delay near Fresno — severity CRITICAL. Expected delays of up to 1279 minutes.
EE01165,Infrastructure Failure,Power outage at facility,HIGH,Hartford,41.375,-71.7502,2024-07-02T22:48:16,2024-07-03T15:24:37.778971,462,Capacity Reduction,313,Infrastructure Failure near Hartford — severity HIGH. Expected delays of up to 313 minutes.
EE01166,Port Disruption,Vessel backlog,MEDIUM,Sacramento,38.9785,-120.6402,2024-09-28T17:02:22,2024-10-04T10:06:31.340375,297,Delay,128,Port Disruption near Sacramento — severity MEDIUM. Expected delays of up to 128 minutes.
EE01167,Labor Strike,Warehouse staff walkout,HIGH,Fargo,46.5489,-96.9066,2024-08-24T08:46:49,2024-08-30T02:29:20.129817,195,Route Closure,334,Labor Strike near Fargo — severity HIGH. Expected delays of up to 334 minutes.
EE01168,Port Disruption,Vessel backlog,LOW,Tucson,31.4102,-110.3553,2025-04-01T21:18:08,2025-04-07T07:52:30.923405,129,Delay,20,Port Disruption near Tucson — severity LOW. Expected delays of up to 20 minutes.
EE01169,Geopolitical Event,Border control tightened,MEDIUM,Portland,44.7362,-123.618,2024-10-08T05:48:27,2024-10-09T14:34:03.777525,393,Route Closure,74,Geopolitical Event near Portland — severity MEDIUM. Expected delays of up to 74 minutes.
EE01170,Port Disruption,Port congestion surge,MEDIUM,Salt Lake City,41.5123,-111.7199,2025-12-03T01:02:07,2025-12-09T20:58:23.951439,477,Route Closure,141,Port Disruption near Salt Lake City — severity MEDIUM. Expected delays of up to 141 minutes.
EE01171,Port Disruption,Equipment malfunction at terminal,HIGH,Fresno,35.7996,-119.7399,2025-10-27T03:46:52,2025-10-29T02:47:44.003895,117,Capacity Reduction,425,Port Disruption near Fresno — severity HIGH. Expected delays of up to 425 minutes.
EE01172,Road Closure,Bridge weight restriction,MEDIUM,Boise,43.7651,-115.2263,2026-01-13T02:44:09,2026-01-17T11:28:46.413619,53,Capacity Reduction,173,Road Closure near Boise — severity MEDIUM. Expected delays of up to 173 minutes.
EE01173,Customs Delay,System outage at customs,MEDIUM,Nashville,35.2359,-86.1693,2026-01-06T06:04:41,2026-01-08T17:55:01.268565,443,Inspection Required,68,Customs Delay near Nashville — severity MEDIUM. Expected delays of up to 68 minutes.
EE01174,Road Closure,Bridge weight restriction,HIGH,San Diego,32.6931,-118.1456,2025-04-27T12:36:49,2025-05-03T02:27:23.411490,94,Capacity Reduction,329,Road Closure near San Diego — severity HIGH. Expected delays of up to 329 minutes.
EE01175,Geopolitical Event,Trade restrictions imposed,HIGH,Newark,41.4616,-73.2458,2025-09-15T07:09:57,2025-09-16T11:01:27.585341,264,Capacity Reduction,403,Geopolitical Event near Newark — severity HIGH. Expected delays of up to 403 minutes.
EE01176,Port Disruption,Equipment malfunction at terminal,MEDIUM,Sioux Falls,44.2951,-96.447,2024-07-27T16:25:47,2024-07-30T08:00:14.118737,316,Capacity Reduction,87,Port Disruption near Sioux Falls — severity MEDIUM. Expected delays of up to 87 minutes.
EE01177,Labor Strike,Truck drivers work stoppage,MEDIUM,Portland,45.5058,-121.9144,2025-05-05T21:31:45,2025-05-12T15:43:48.854908,366,Inspection Required,149,Labor Strike near Portland — severity MEDIUM. Expected delays of up to 149 minutes.
EE01178,Security Event,Facility lockdown,LOW,Houston,29.7169,-95.0165,2024-04-14T14:19:44,2024-04-18T15:40:05.024383,135,Delay,51,Security Event near Houston — severity LOW. Expected delays of up to 51 minutes.
EE01179,Geopolitical Event,Trade restrictions imposed,MEDIUM,Montgomery,32.339,-86.4502,2025-08-29T01:36:16,2025-08-30T03:22:03.297468,334,Inspection Required,91,Geopolitical Event near Montgomery — severity MEDIUM. Expected delays of up to 91 minutes.
EE01180,Road Closure,Bridge weight restriction,MEDIUM,Jackson,33.1202,-90.39,2024-02-13T02:33:14,2024-02-19T08:22:20.093949,324,Delay,152,Road Closure near Jackson — severity MEDIUM. Expected delays of up to 152 minutes.
EE01181,Geopolitical Event,Border control tightened,MEDIUM,Lexington,37.7714,-83.8315,2024-06-10T00:35:13,2024-06-15T12:44:36.299191,264,Delay,121,Geopolitical Event near Lexington — severity MEDIUM. Expected delays of up to 121 minutes.
EE01182,Geopolitical Event,Tariff increase announced,LOW,Los Angeles,34.5579,-118.8348,2024-05-02T19:45:35,2024-05-09T00:23:33.277161,410,Route Closure,25,Geopolitical Event near Los Angeles — severity LOW. Expected delays of up to 25 minutes.
EE01183,Security Event,Facility lockdown,CRITICAL,New Orleans,30.2054,-91.0206,2024-10-01T18:28:18,2024-10-07T00:19:19.910280,447,Inspection Required,874,Security Event near New Orleans — severity CRITICAL. Expected delays of up to 874 minutes.
EE01184,Port Disruption,Vessel backlog,HIGH,Louisville,37.9486,-86.1012,2025-03-12T09:51:07,2025-03-15T17:25:43.750334,435,Inspection Required,237,Port Disruption near Louisville — severity HIGH. Expected delays of up to 237 minutes.
EE01185,Geopolitical Event,Tariff increase announced,MEDIUM,Baton Rouge,30.2711,-91.2822,2024-06-04T05:05:24,2024-06-10T03:45:56.474787,220,Capacity Reduction,114,Geopolitical Event near Baton Rouge — severity MEDIUM. Expected delays of up to 114 minutes.
EE01186,Port Disruption,Port congestion surge,HIGH,Boston,42.6694,-71.3027,2024-05-23T09:11:57,2024-05-25T14:41:57.861104,408,Route Closure,290,Port Disruption near Boston — severity HIGH. Expected delays of up to 290 minutes.
EE01187,Public Event,Festival road closures,MEDIUM,Louisville,38.0085,-86.3313,2025-08-01T16:09:07,2025-08-02T02:34:39.830226,285,Route Closure,118,Public Event near Louisville — severity MEDIUM. Expected delays of up to 118 minutes.
EE01188,Port Disruption,Port congestion surge,LOW,Buffalo,42.0582,-78.9984,2026-02-20T22:38:21,2026-02-23T14:32:27.935363,194,Inspection Required,44,Port Disruption near Buffalo — severity LOW. Expected delays of up to 44 minutes.
EE01189,Customs Delay,Documentation backlog,MEDIUM,Billings,46.4512,-108.9763,2025-01-25T05:27:13,2025-01-27T07:02:41.916020,127,Capacity Reduction,137,Customs Delay near Billings — severity MEDIUM. Expected delays of up to 137 minutes.
EE01190,Infrastructure Failure,Rail track damage,MEDIUM,Manchester,42.5036,-71.5111,2026-04-08T14:55:30,2026-04-13T03:12:58.749198,372,Inspection Required,97,Infrastructure Failure near Manchester — severity MEDIUM. Expected delays of up to 97 minutes.
EE01191,Security Event,Facility lockdown,LOW,Omaha,42.0462,-95.6503,2026-03-14T05:44:53,2026-03-18T08:44:38.589614,180,Delay,54,Security Event near Omaha — severity LOW. Expected delays of up to 54 minutes.
EE01192,Labor Strike,Warehouse staff walkout,LOW,Rochester,43.6341,-77.9182,2025-08-26T02:49:11,2025-08-31T23:56:20.981740,368,Capacity Reduction,46,Labor Strike near Rochester — severity LOW. Expected delays of up to 46 minutes.
EE01193,Customs Delay,Increased customs inspections,LOW,Columbus,40.9306,-83.2141,2024-04-03T03:47:31,2024-04-07T13:34:54.529272,100,Capacity Reduction,20,Customs Delay near Columbus — severity LOW. Expected delays of up to 20 minutes.
EE01194,Port Disruption,Vessel backlog,MEDIUM,Orlando,27.9499,-81.1224,2024-01-10T12:08:36,2024-01-17T10:07:47.259892,140,Inspection Required,158,Port Disruption near Orlando — severity MEDIUM. Expected delays of up to 158 minutes.
EE01195,Customs Delay,System outage at customs,HIGH,Portland,45.7638,-122.8026,2026-04-13T23:14:07,2026-04-14T13:56:38.028448,201,Route Closure,334,Customs Delay near Portland — severity HIGH. Expected delays of up to 334 minutes.
EE01196,Infrastructure Failure,Power outage at facility,CRITICAL,Birmingham,32.5414,-86.2021,2024-01-24T07:45:46,2024-01-24T21:37:14.124922,108,Delay,778,Infrastructure Failure near Birmingham — severity CRITICAL. Expected delays of up to 778 minutes.
EE01197,Customs Delay,System outage at customs,MEDIUM,Oakland,37.0418,-121.9581,2024-06-17T07:30:02,2024-06-18T14:45:43.056152,286,Delay,79,Customs Delay near Oakland — severity MEDIUM. Expected delays of up to 79 minutes.
EE01198,Geopolitical Event,Border control tightened,MEDIUM,San Diego,32.5889,-117.9141,2026-01-07T05:49:24,2026-01-08T03:03:25.664736,453,Delay,139,Geopolitical Event near San Diego — severity MEDIUM. Expected delays of up to 139 minutes.
EE01199,Infrastructure Failure,Rail track damage,MEDIUM,Oakland,38.582,-121.7923,2026-03-12T23:57:16,2026-03-18T11:47:02.690219,118,Capacity Reduction,79,Infrastructure Failure near Oakland — severity MEDIUM. Expected delays of up to 79 minutes.
EE01200,Geopolitical Event,Border control tightened,HIGH,Birmingham,32.6403,-87.1159,2025-09-07T06:58:06,2025-09-13T03:16:59.326805,102,Route Closure,429,Geopolitical Event near Birmingham — severity HIGH. Expected delays of up to 429 minutes.
