risk_id,shipment_id,weather_score,traffic_score,congestion_score,transport_score,external_event_score,historical_score,shipment_characteristics_score,overall_risk_score,risk_level,sla_breach_probability,expected_delay_minutes,created_at
RISK00001,CURR00001,8.63,4.1,5.78,1.0,3.16,10.0,1,5.06,HIGH,0.671,181,2026-07-01T00:00:00
RISK00002,CURR00002,6.25,6.06,6.47,1.25,3.65,10.0,1,5.11,HIGH,0.773,121,2026-07-01T00:00:00
RISK00003,CURR00003,5.7,5.42,1.15,1.25,1.0,7.9,1,3.36,MEDIUM,0.581,73,2026-07-01T00:00:00
RISK00004,CURR00004,6.49,5.63,6.9,1.0,2.04,10.0,3,5.18,HIGH,0.672,64,2026-07-01T00:00:00
RISK00005,CURR00005,1.48,5.33,2.54,1.0,1.39,9.1,1,2.9,LOW,0.346,63,2026-07-01T00:00:00
RISK00006,CURR00006,2.51,7.0,4.58,1.0,1.38,10.0,1,3.86,MEDIUM,0.461,76,2026-07-01T00:00:00
RISK00007,CURR00007,6.48,4.78,4.11,1.0,2.37,9.1,1,4.23,MEDIUM,0.619,121,2026-07-01T00:00:00
RISK00008,CURR00008,4.86,3.56,1.64,1.25,1.0,10.0,3,3.42,MEDIUM,0.525,159,2026-07-01T00:00:00
RISK00009,CURR00009,3.37,4.64,2.94,1.0,3.62,8.8,1,3.45,MEDIUM,0.502,90,2026-07-01T00:00:00
RISK00010,CURR00010,1.0,7.82,5.33,1.0,3.6,10.0,1,4.05,MEDIUM,0.455,63,2026-07-01T00:00:00
RISK00011,CURR00011,5.86,1.0,5.37,1.0,1.0,8.75,1,3.62,MEDIUM,0.438,35,2026-07-01T00:00:00
RISK00012,CURR00012,2.41,3.38,1.04,1.0,1.31,8.75,1,2.45,LOW,0.307,43,2026-07-01T00:00:00
RISK00013,CURR00013,2.88,1.0,6.52,1.25,1.0,10.0,1,3.42,MEDIUM,0.503,141,2026-07-01T00:00:00
RISK00014,CURR00014,3.04,3.67,1.0,2.5,2.5,10.0,1,3.08,MEDIUM,0.614,148,2026-07-01T00:00:00
RISK00015,CURR00015,2.41,1.0,4.75,1.25,2.77,7.58,1,2.9,LOW,0.464,127,2026-07-01T00:00:00
RISK00016,CURR00016,5.88,1.62,1.0,1.0,1.31,9.53,1,2.95,LOW,0.456,87,2026-07-01T00:00:00
RISK00017,CURR00017,1.79,4.49,2.03,1.0,2.06,10.0,1,2.89,LOW,0.354,62,2026-07-01T00:00:00
RISK00018,CURR00018,5.63,5.03,1.0,1.0,1.0,10.0,1,3.43,MEDIUM,0.442,26,2026-07-01T00:00:00
RISK00019,CURR00019,4.6,1.0,4.49,1.0,1.69,10.0,1,3.39,MEDIUM,0.413,82,2026-07-01T00:00:00
RISK00020,CURR00020,3.15,2.35,3.19,1.0,3.23,6.25,1,2.82,LOW,0.374,43,2026-07-01T00:00:00
RISK00021,CURR00021,5.63,6.26,3.94,1.0,1.0,10.0,1,4.2,MEDIUM,0.529,130,2026-07-01T00:00:00
RISK00022,CURR00022,2.22,7.59,3.07,1.0,2.33,10.0,3,3.88,MEDIUM,0.45,95,2026-07-01T00:00:00
RISK00023,CURR00023,1.0,7.97,3.75,1.25,1.0,10.0,1,3.53,MEDIUM,0.508,101,2026-07-01T00:00:00
RISK00024,CURR00024,1.0,1.0,1.0,1.25,3.72,10.0,1,2.21,LOW,0.334,64,2026-07-01T00:00:00
RISK00025,CURR00025,7.4,1.0,1.0,1.0,1.0,10.0,1,3.18,MEDIUM,0.426,9,2026-07-01T00:00:00
RISK00026,CURR00026,7.5,5.48,2.55,1.0,2.76,10.0,1,4.36,MEDIUM,0.595,50,2026-07-01T00:00:00
RISK00027,CURR00027,3.27,7.94,3.02,1.0,1.0,1.0,1,2.9,LOW,0.425,83,2026-07-01T00:00:00
RISK00028,CURR00028,6.19,1.18,1.25,1.0,1.0,10.0,3,3.21,MEDIUM,0.399,104,2026-07-01T00:00:00
RISK00029,CURR00029,3.98,5.63,1.0,1.0,2.86,5.0,1,2.88,LOW,0.401,67,2026-07-01T00:00:00
RISK00030,CURR00030,2.51,4.1,1.34,1.25,3.45,10.0,3,3.22,MEDIUM,0.512,108,2026-07-01T00:00:00
RISK00031,CURR00031,7.33,1.5,4.7,1.0,3.36,10.0,1,4.22,MEDIUM,0.557,117,2026-07-01T00:00:00
RISK00032,CURR00032,4.27,1.51,6.21,1.0,1.71,9.57,1,3.7,MEDIUM,0.448,75,2026-07-01T00:00:00
RISK00033,CURR00033,6.86,2.36,5.51,1.0,3.4,10.0,1,4.42,MEDIUM,0.575,84,2026-07-01T00:00:00
RISK00034,CURR00034,6.56,2.88,6.45,2.5,1.0,10.0,1,4.61,MEDIUM,0.791,247,2026-07-01T00:00:00
RISK00035,CURR00035,2.72,3.82,1.0,1.0,1.0,10.0,1,2.67,LOW,0.315,61,2026-07-01T00:00:00
RISK00036,CURR00036,8.25,3.79,2.37,1.0,2.59,10.0,1,4.2,MEDIUM,0.583,78,2026-07-01T00:00:00
RISK00037,CURR00037,3.16,5.54,5.48,1.0,3.42,10.0,1,4.15,MEDIUM,0.502,78,2026-07-01T00:00:00
RISK00038,CURR00038,1.0,3.92,1.0,1.0,2.56,10.0,1,2.49,LOW,0.28,30,2026-07-01T00:00:00
RISK00039,CURR00039,7.88,3.07,5.02,1.0,1.72,10.0,1,4.46,MEDIUM,0.591,124,2026-07-01T00:00:00
RISK00040,CURR00040,8.91,7.43,1.84,1.0,1.78,10.0,3,4.89,MEDIUM,0.657,139,2026-07-01T00:00:00
RISK00041,CURR00041,1.0,2.72,1.0,1.0,2.41,10.0,1,2.3,LOW,0.242,7,2026-07-01T00:00:00
RISK00042,CURR00042,6.05,7.43,6.46,2.5,3.42,10.0,1,5.43,HIGH,0.911,278,2026-07-01T00:00:00
RISK00043,CURR00043,1.0,4.34,1.0,1.0,3.55,10.0,1,2.66,LOW,0.282,25,2026-07-01T00:00:00
RISK00044,CURR00044,3.64,1.0,6.86,1.0,1.81,10.0,3,3.88,MEDIUM,0.418,103,2026-07-01T00:00:00
RISK00045,CURR00045,5.22,4.98,3.74,1.0,2.96,10.0,1,4.08,MEDIUM,0.528,84,2026-07-01T00:00:00
RISK00046,CURR00046,6.73,5.88,6.01,1.0,1.0,1.0,1,3.88,MEDIUM,0.567,133,2026-07-01T00:00:00
RISK00047,CURR00047,3.16,7.3,4.09,1.0,2.17,10.0,3,4.21,MEDIUM,0.559,93,2026-07-01T00:00:00
RISK00048,CURR00048,3.49,5.32,4.86,1.0,2.79,10.0,1,4.0,MEDIUM,0.507,97,2026-07-01T00:00:00
RISK00049,CURR00049,1.0,4.02,3.48,1.0,1.0,10.0,1,2.85,LOW,0.284,63,2026-07-01T00:00:00
RISK00050,CURR00050,2.1,6.99,3.38,1.25,1.0,10.0,1,3.53,MEDIUM,0.563,102,2026-07-01T00:00:00
RISK00051,CURR00051,2.32,1.0,4.78,1.0,2.89,10.0,1,3.11,MEDIUM,0.36,52,2026-07-01T00:00:00
RISK00052,CURR00052,6.12,3.1,3.21,1.0,1.0,10.0,1,3.68,MEDIUM,0.529,113,2026-07-01T00:00:00
RISK00053,CURR00053,8.69,1.46,4.24,1.0,1.0,10.0,1,4.15,MEDIUM,0.621,108,2026-07-01T00:00:00
RISK00054,CURR00054,3.51,6.67,5.23,2.5,1.0,10.0,1,4.32,MEDIUM,0.741,240,2026-07-01T00:00:00
RISK00055,CURR00055,1.0,1.0,3.95,1.0,3.31,10.0,1,2.72,LOW,0.272,9,2026-07-01T00:00:00
RISK00056,CURR00056,3.17,5.47,5.68,1.0,1.0,10.0,1,3.94,MEDIUM,0.472,96,2026-07-01T00:00:00
RISK00057,CURR00057,3.35,1.71,4.53,1.0,2.9,10.0,1,3.37,MEDIUM,0.407,39,2026-07-01T00:00:00
RISK00058,CURR00058,8.88,4.64,6.29,1.0,1.57,10.0,1,5.14,HIGH,0.679,135,2026-07-01T00:00:00
RISK00059,CURR00059,1.23,3.84,3.06,1.0,3.9,10.0,1,3.07,MEDIUM,0.367,62,2026-07-01T00:00:00
RISK00060,CURR00060,4.98,1.47,4.55,1.0,1.0,10.0,1,3.48,MEDIUM,0.418,67,2026-07-01T00:00:00
RISK00061,CURR00061,2.85,1.46,1.0,1.0,1.0,10.0,1,2.34,LOW,0.264,30,2026-07-01T00:00:00
RISK00062,CURR00062,1.0,7.66,5.78,1.0,2.31,8.48,3,4.03,MEDIUM,0.431,67,2026-07-01T00:00:00
RISK00063,CURR00063,5.7,5.33,3.48,1.0,1.0,10.0,1,3.99,MEDIUM,0.509,68,2026-07-01T00:00:00
RISK00064,CURR00064,1.89,7.63,5.44,1.25,3.55,10.0,1,4.25,MEDIUM,0.629,192,2026-07-01T00:00:00
RISK00065,CURR00065,7.75,7.13,1.67,1.0,1.8,10.0,1,4.38,MEDIUM,0.598,157,2026-07-01T00:00:00
RISK00066,CURR00066,5.63,1.93,2.47,1.0,1.0,10.0,1,3.26,MEDIUM,0.414,90,2026-07-01T00:00:00
RISK00067,CURR00067,1.8,4.38,4.68,1.0,3.28,9.53,3,3.68,MEDIUM,0.474,100,2026-07-01T00:00:00
RISK00068,CURR00068,6.63,3.62,1.0,1.25,1.42,10.0,3,3.7,MEDIUM,0.578,151,2026-07-01T00:00:00
RISK00069,CURR00069,8.41,2.18,3.61,1.0,3.0,10.0,1,4.28,MEDIUM,0.577,105,2026-07-01T00:00:00
RISK00070,CURR00070,2.88,5.45,3.12,1.0,3.29,10.0,3,3.8,MEDIUM,0.514,122,2026-07-01T00:00:00
RISK00071,CURR00071,3.72,1.0,4.01,1.0,2.15,9.1,1,3.07,MEDIUM,0.375,94,2026-07-01T00:00:00
RISK00072,CURR00072,8.81,2.47,6.69,1.0,3.38,10.0,3,5.26,HIGH,0.665,178,2026-07-01T00:00:00
RISK00073,CURR00073,7.62,6.78,5.75,1.0,3.37,10.0,1,5.28,HIGH,0.756,235,2026-07-01T00:00:00
RISK00074,CURR00074,6.33,7.53,1.95,1.0,1.0,8.8,1,4.02,MEDIUM,0.531,84,2026-07-01T00:00:00
RISK00075,CURR00075,5.36,1.0,1.5,1.25,1.14,10.0,1,2.92,LOW,0.502,125,2026-07-01T00:00:00
RISK00076,CURR00076,3.84,4.9,4.85,1.0,3.62,10.0,1,4.08,MEDIUM,0.509,137,2026-07-01T00:00:00
RISK00077,CURR00077,8.23,1.0,5.68,1.0,3.49,10.0,1,4.53,MEDIUM,0.576,126,2026-07-01T00:00:00
RISK00078,CURR00078,2.43,5.88,2.99,1.0,2.92,10.0,3,3.71,MEDIUM,0.439,15,2026-07-01T00:00:00
RISK00079,CURR00079,3.12,1.0,5.34,1.0,1.0,10.0,1,3.19,MEDIUM,0.358,65,2026-07-01T00:00:00
RISK00080,CURR00080,1.43,4.6,1.0,1.25,3.82,10.0,1,2.85,LOW,0.464,92,2026-07-01T00:00:00
RISK00081,CURR00081,2.07,6.19,6.75,1.0,1.0,10.0,3,4.24,MEDIUM,0.452,99,2026-07-01T00:00:00
RISK00082,CURR00082,1.81,7.39,2.57,1.0,3.94,10.0,1,3.63,MEDIUM,0.448,40,2026-07-01T00:00:00
RISK00083,CURR00083,1.0,2.59,2.4,1.0,1.98,10.0,3,2.72,LOW,0.254,30,2026-07-01T00:00:00
RISK00084,CURR00084,8.07,4.06,1.37,1.0,3.83,9.7,1,4.1,MEDIUM,0.567,24,2026-07-01T00:00:00
RISK00085,CURR00085,1.04,7.06,4.98,1.0,1.78,10.0,1,3.69,MEDIUM,0.429,68,2026-07-01T00:00:00
RISK00086,CURR00086,4.89,1.0,5.37,1.0,3.59,10.0,1,3.81,MEDIUM,0.465,65,2026-07-01T00:00:00
RISK00087,CURR00087,5.27,3.17,4.8,1.0,1.85,10.0,3,4.12,MEDIUM,0.56,123,2026-07-01T00:00:00
RISK00088,CURR00088,6.24,1.0,2.97,1.0,1.67,10.0,1,3.41,MEDIUM,0.43,40,2026-07-01T00:00:00
RISK00089,CURR00089,1.12,2.95,1.05,1.25,1.0,7.15,1,1.98,LOW,0.368,98,2026-07-01T00:00:00
RISK00090,CURR00090,2.44,2.13,3.0,1.0,1.0,10.0,1,2.76,LOW,0.329,64,2026-07-01T00:00:00
RISK00091,CURR00091,1.4,4.46,1.0,1.0,1.88,10.0,3,2.79,LOW,0.308,38,2026-07-01T00:00:00
RISK00092,CURR00092,4.72,3.27,2.58,1.0,2.32,10.0,1,3.43,MEDIUM,0.448,42,2026-07-01T00:00:00
RISK00093,CURR00093,5.43,7.68,1.26,1.0,1.0,10.0,1,3.84,MEDIUM,0.508,154,2026-07-01T00:00:00
RISK00094,CURR00094,6.09,2.77,4.2,1.0,3.71,10.0,1,4.09,MEDIUM,0.541,130,2026-07-01T00:00:00
RISK00095,CURR00095,5.57,1.24,1.74,1.0,3.41,10.0,1,3.24,MEDIUM,0.437,74,2026-07-01T00:00:00
RISK00096,CURR00096,1.25,5.75,6.73,1.0,1.0,5.78,1,3.39,MEDIUM,0.411,74,2026-07-01T00:00:00
RISK00097,CURR00097,2.35,1.0,6.46,1.0,1.0,9.38,1,3.2,MEDIUM,0.359,47,2026-07-01T00:00:00
RISK00098,CURR00098,6.27,1.22,4.5,1.0,1.73,10.0,1,3.76,MEDIUM,0.489,117,2026-07-01T00:00:00
RISK00099,CURR00099,5.73,2.15,3.27,1.0,1.68,10.0,3,3.74,MEDIUM,0.468,37,2026-07-01T00:00:00
RISK00100,CURR00100,5.4,1.0,3.62,1.0,3.79,8.33,1,3.42,MEDIUM,0.446,76,2026-07-01T00:00:00
RISK00101,CURR00101,3.32,3.47,3.89,1.0,3.91,7.2,1,3.32,MEDIUM,0.431,73,2026-07-01T00:00:00
RISK00102,CURR00102,8.05,2.81,6.45,1.0,3.07,10.0,1,4.88,MEDIUM,0.641,155,2026-07-01T00:00:00
RISK00103,CURR00103,1.76,4.72,1.79,1.0,2.58,10.0,1,2.93,LOW,0.362,43,2026-07-01T00:00:00
RISK00104,CURR00104,5.96,2.29,5.35,1.0,1.19,7.58,1,3.73,MEDIUM,0.552,171,2026-07-01T00:00:00
RISK00105,CURR00105,1.38,1.0,3.46,1.0,1.93,10.0,1,2.56,LOW,0.339,80,2026-07-01T00:00:00
RISK00106,CURR00106,4.87,4.36,2.9,1.25,1.0,10.0,1,3.6,MEDIUM,0.572,172,2026-07-01T00:00:00
RISK00107,CURR00107,6.42,4.32,4.5,1.0,2.67,10.0,3,4.55,MEDIUM,0.593,147,2026-07-01T00:00:00
RISK00108,CURR00108,3.26,6.4,3.54,1.0,3.61,10.0,3,4.13,MEDIUM,0.492,52,2026-07-01T00:00:00
RISK00109,CURR00109,1.7,6.38,1.0,1.0,1.17,7.92,3,2.86,LOW,0.328,58,2026-07-01T00:00:00
RISK00110,CURR00110,5.26,6.04,1.0,1.0,2.69,8.03,1,3.48,MEDIUM,0.472,104,2026-07-01T00:00:00
RISK00111,CURR00111,1.0,7.33,2.5,1.0,1.45,10.0,1,3.19,MEDIUM,0.367,66,2026-07-01T00:00:00
RISK00112,CURR00112,8.51,1.91,3.1,1.0,1.98,10.0,1,4.06,MEDIUM,0.552,66,2026-07-01T00:00:00
RISK00113,CURR00113,5.51,5.38,1.0,1.0,1.39,8.85,3,3.58,MEDIUM,0.453,71,2026-07-01T00:00:00
RISK00114,CURR00114,5.39,5.66,1.1,1.0,1.94,10.0,1,3.59,MEDIUM,0.545,139,2026-07-01T00:00:00
RISK00115,CURR00115,2.17,5.64,1.0,1.25,3.29,10.0,1,3.1,MEDIUM,0.497,76,2026-07-01T00:00:00
RISK00116,CURR00116,8.25,3.15,6.92,1.0,2.98,9.03,1,4.96,MEDIUM,0.651,119,2026-07-01T00:00:00
RISK00117,CURR00117,8.64,1.0,3.38,1.0,1.0,10.0,3,4.1,MEDIUM,0.577,149,2026-07-01T00:00:00
RISK00118,CURR00118,1.0,6.93,2.12,1.0,1.0,7.98,1,2.81,LOW,0.32,16,2026-07-01T00:00:00
RISK00119,CURR00119,6.81,1.25,1.71,2.5,2.77,10.0,1,3.64,MEDIUM,0.716,180,2026-07-01T00:00:00
RISK00120,CURR00120,1.0,6.39,6.5,1.0,2.22,10.0,1,3.93,MEDIUM,0.44,16,2026-07-01T00:00:00
RISK00121,CURR00121,4.93,5.34,5.27,1.0,3.54,10.0,1,4.45,MEDIUM,0.561,89,2026-07-01T00:00:00
RISK00122,CURR00122,3.67,4.25,3.67,1.0,3.12,10.0,1,3.67,MEDIUM,0.465,95,2026-07-01T00:00:00
RISK00123,CURR00123,6.88,4.54,1.0,1.0,1.0,7.15,3,3.52,MEDIUM,0.513,100,2026-07-01T00:00:00
RISK00124,CURR00124,5.57,3.7,1.0,1.0,1.01,10.0,3,3.42,MEDIUM,0.421,74,2026-07-01T00:00:00
RISK00125,CURR00125,1.0,4.57,1.0,1.0,1.12,10.0,3,2.65,LOW,0.277,19,2026-07-01T00:00:00
RISK00126,CURR00126,8.76,4.26,3.23,1.0,3.32,10.0,1,4.62,MEDIUM,0.632,120,2026-07-01T00:00:00
RISK00127,CURR00127,3.46,3.12,4.99,1.0,1.0,10.0,1,3.51,MEDIUM,0.473,64,2026-07-01T00:00:00
RISK00128,CURR00128,3.86,1.4,4.63,1.0,2.69,10.0,1,3.43,MEDIUM,0.42,51,2026-07-01T00:00:00
RISK00129,CURR00129,5.99,7.26,5.54,1.0,3.43,7.98,1,4.79,MEDIUM,0.629,141,2026-07-01T00:00:00
RISK00130,CURR00130,5.65,3.0,5.69,1.0,1.0,10.0,1,4.07,MEDIUM,0.513,131,2026-07-01T00:00:00
RISK00131,CURR00131,7.55,5.03,3.84,1.25,3.81,10.0,1,4.7,MEDIUM,0.751,207,2026-07-01T00:00:00
RISK00132,CURR00132,6.82,2.95,1.9,1.25,1.0,9.57,1,3.53,MEDIUM,0.587,144,2026-07-01T00:00:00
RISK00133,CURR00133,1.0,7.41,1.94,1.0,1.73,10.0,1,3.12,MEDIUM,0.346,41,2026-07-01T00:00:00
RISK00134,CURR00134,3.62,7.49,1.0,1.0,3.3,10.0,1,3.63,MEDIUM,0.454,87,2026-07-01T00:00:00
RISK00135,CURR00135,5.59,5.44,5.36,1.0,3.41,10.0,1,4.6,MEDIUM,0.584,130,2026-07-01T00:00:00
RISK00136,CURR00136,8.05,4.28,5.92,1.0,1.54,10.0,1,4.84,MEDIUM,0.695,227,2026-07-01T00:00:00
RISK00137,CURR00137,1.26,2.51,1.0,1.0,2.16,7.15,1,2.01,LOW,0.312,52,2026-07-01T00:00:00
RISK00138,CURR00138,6.79,1.0,1.28,1.0,1.3,10.0,1,3.14,MEDIUM,0.428,23,2026-07-01T00:00:00
RISK00139,CURR00139,8.33,2.08,5.7,1.0,1.0,10.0,1,4.47,MEDIUM,0.645,165,2026-07-01T00:00:00
RISK00140,CURR00140,1.0,6.35,3.9,1.0,3.62,1.0,1,2.64,LOW,0.356,67,2026-07-01T00:00:00
RISK00141,CURR00141,1.47,5.22,2.11,1.0,1.19,10.0,1,2.87,LOW,0.355,52,2026-07-01T00:00:00
RISK00142,CURR00142,3.25,6.94,6.4,1.0,1.85,10.0,3,4.61,MEDIUM,0.534,128,2026-07-01T00:00:00
RISK00143,CURR00143,6.85,7.06,2.47,1.0,1.81,8.33,1,4.19,MEDIUM,0.571,138,2026-07-01T00:00:00
RISK00144,CURR00144,3.25,1.0,6.34,1.0,3.1,7.65,1,3.39,MEDIUM,0.413,94,2026-07-01T00:00:00
RISK00145,CURR00145,3.88,1.0,4.41,1.0,3.98,10.0,1,3.46,MEDIUM,0.498,60,2026-07-01T00:00:00
RISK00146,CURR00146,8.61,3.02,3.18,1.0,2.57,10.0,1,4.32,MEDIUM,0.591,153,2026-07-01T00:00:00
RISK00147,CURR00147,4.48,1.0,3.8,1.0,3.34,10.0,3,3.59,MEDIUM,0.418,105,2026-07-01T00:00:00
RISK00148,CURR00148,4.52,5.23,1.19,1.0,2.37,8.75,1,3.29,MEDIUM,0.437,76,2026-07-01T00:00:00
RISK00149,CURR00149,7.68,5.02,5.6,1.0,2.03,7.65,1,4.63,MEDIUM,0.622,110,2026-07-01T00:00:00
RISK00150,CURR00150,1.25,6.66,2.13,1.0,2.07,10.0,1,3.13,MEDIUM,0.38,95,2026-07-01T00:00:00
RISK00151,CURR00151,4.05,5.12,6.1,1.0,3.89,10.0,3,4.64,MEDIUM,0.545,86,2026-07-01T00:00:00
RISK00152,CURR00152,4.97,5.44,3.8,1.25,1.37,9.55,1,3.95,MEDIUM,0.622,207,2026-07-01T00:00:00
RISK00153,CURR00153,5.77,1.12,1.0,1.0,1.6,10.0,3,3.13,MEDIUM,0.397,22,2026-07-01T00:00:00
RISK00154,CURR00154,2.26,1.45,6.34,1.0,2.61,10.0,1,3.45,MEDIUM,0.402,40,2026-07-01T00:00:00
RISK00155,CURR00155,1.0,1.16,1.15,1.0,2.78,10.0,1,2.13,LOW,0.232,10,2026-07-01T00:00:00
RISK00156,CURR00156,1.61,1.0,3.02,1.0,1.0,10.0,1,2.43,LOW,0.324,65,2026-07-01T00:00:00
RISK00157,CURR00157,8.35,5.35,4.83,2.5,1.28,10.0,3,5.24,HIGH,0.898,201,2026-07-01T00:00:00
RISK00158,CURR00158,7.76,1.0,1.0,1.25,1.78,6.25,3,3.19,MEDIUM,0.551,134,2026-07-01T00:00:00
RISK00159,CURR00159,6.74,2.1,4.07,1.0,3.98,10.0,1,4.12,MEDIUM,0.544,53,2026-07-01T00:00:00
RISK00160,CURR00160,2.17,6.21,4.66,1.0,1.0,10.0,1,3.65,MEDIUM,0.431,70,2026-07-01T00:00:00
RISK00161,CURR00161,1.0,7.13,6.74,1.0,3.02,10.0,1,4.17,MEDIUM,0.462,88,2026-07-01T00:00:00
RISK00162,CURR00162,1.33,5.27,4.84,1.0,3.48,10.0,1,3.62,MEDIUM,0.425,76,2026-07-01T00:00:00
RISK00163,CURR00163,6.43,6.06,3.19,1.0,3.82,10.0,1,4.46,MEDIUM,0.597,126,2026-07-01T00:00:00
RISK00164,CURR00164,1.0,4.89,6.09,1.0,2.55,10.0,1,3.66,MEDIUM,0.388,38,2026-07-01T00:00:00
RISK00165,CURR00165,1.0,4.2,6.39,1.0,1.86,10.0,1,3.54,MEDIUM,0.371,45,2026-07-01T00:00:00
RISK00166,CURR00166,8.65,2.37,6.33,1.0,2.89,10.0,1,4.89,MEDIUM,0.652,178,2026-07-01T00:00:00
RISK00167,CURR00167,2.88,4.69,5.57,1.0,3.38,10.0,1,3.98,MEDIUM,0.482,104,2026-07-01T00:00:00
RISK00168,CURR00168,2.68,1.49,6.48,1.0,1.52,10.0,3,3.66,MEDIUM,0.4,58,2026-07-01T00:00:00
RISK00169,CURR00169,1.8,1.98,3.7,1.0,2.98,9.43,1,2.89,LOW,0.402,75,2026-07-01T00:00:00
RISK00170,CURR00170,1.0,2.56,1.0,1.0,3.59,10.0,1,2.39,LOW,0.281,20,2026-07-01T00:00:00
RISK00171,CURR00171,1.0,1.23,1.0,1.0,3.82,10.0,1,2.22,LOW,0.242,16,2026-07-01T00:00:00
RISK00172,CURR00172,3.38,4.47,1.52,2.5,2.79,10.0,1,3.4,MEDIUM,0.659,173,2026-07-01T00:00:00
RISK00173,CURR00173,7.46,1.99,4.72,1.0,1.93,10.0,1,4.18,MEDIUM,0.561,139,2026-07-01T00:00:00
RISK00174,CURR00174,6.96,1.9,4.55,1.0,1.0,10.0,3,4.14,MEDIUM,0.569,184,2026-07-01T00:00:00
RISK00175,CURR00175,7.55,1.21,5.78,1.0,1.99,9.6,1,4.26,MEDIUM,0.615,43,2026-07-01T00:00:00
RISK00176,CURR00176,8.47,6.64,1.7,1.0,1.0,10.0,1,4.38,MEDIUM,0.601,51,2026-07-01T00:00:00
RISK00177,CURR00177,3.15,7.02,1.0,1.0,1.45,10.0,1,3.28,MEDIUM,0.417,79,2026-07-01T00:00:00
RISK00178,CURR00178,2.0,1.0,6.27,1.0,1.0,10.0,1,3.15,MEDIUM,0.409,115,2026-07-01T00:00:00
RISK00179,CURR00179,7.3,6.26,1.19,1.0,1.44,10.0,1,4.03,MEDIUM,0.558,126,2026-07-01T00:00:00
RISK00180,CURR00180,4.63,2.94,1.0,1.0,1.0,10.0,1,2.92,LOW,0.433,74,2026-07-01T00:00:00
RISK00181,CURR00181,7.86,1.11,2.55,1.0,1.0,10.0,1,3.6,MEDIUM,0.484,49,2026-07-01T00:00:00
RISK00182,CURR00182,8.58,6.9,3.23,1.0,3.63,10.0,1,5.01,HIGH,0.686,73,2026-07-01T00:00:00
RISK00183,CURR00183,1.0,5.71,6.06,1.0,3.63,10.0,3,4.08,MEDIUM,0.443,86,2026-07-01T00:00:00
RISK00184,CURR00184,1.0,2.65,1.96,1.0,1.01,10.0,3,2.54,LOW,0.271,35,2026-07-01T00:00:00
RISK00185,CURR00185,1.08,6.08,3.86,1.0,1.6,10.0,1,3.31,MEDIUM,0.381,34,2026-07-01T00:00:00
RISK00186,CURR00186,1.42,5.18,1.0,1.0,2.63,10.0,1,2.77,LOW,0.33,60,2026-07-01T00:00:00
RISK00187,CURR00187,4.94,4.39,2.98,1.0,1.71,10.0,1,3.66,MEDIUM,0.471,86,2026-07-01T00:00:00
RISK00188,CURR00188,1.96,1.0,1.0,1.0,2.75,10.0,1,2.27,LOW,0.317,48,2026-07-01T00:00:00
RISK00189,CURR00189,7.2,1.0,1.0,1.0,1.0,10.0,1,3.14,MEDIUM,0.474,157,2026-07-01T00:00:00
RISK00190,CURR00190,4.29,1.51,6.04,1.0,1.0,7.32,1,3.38,MEDIUM,0.416,149,2026-07-01T00:00:00
RISK00191,CURR00191,1.27,7.3,4.26,1.25,2.58,10.0,1,3.75,MEDIUM,0.563,95,2026-07-01T00:00:00
RISK00192,CURR00192,2.56,7.07,4.12,1.0,2.44,10.0,1,3.89,MEDIUM,0.48,22,2026-07-01T00:00:00
RISK00193,CURR00193,4.48,4.39,6.07,1.0,1.8,10.0,1,4.2,MEDIUM,0.583,47,2026-07-01T00:00:00
RISK00194,CURR00194,3.35,3.14,5.42,1.0,1.0,10.0,1,3.58,MEDIUM,0.428,62,2026-07-01T00:00:00
RISK00195,CURR00195,1.39,7.75,4.17,1.0,1.27,10.0,1,3.65,MEDIUM,0.497,46,2026-07-01T00:00:00
RISK00196,CURR00196,7.51,4.43,6.04,2.5,1.0,10.0,1,4.95,MEDIUM,0.858,242,2026-07-01T00:00:00
RISK00197,CURR00197,5.94,3.59,3.08,1.0,3.12,10.0,1,3.9,MEDIUM,0.516,75,2026-07-01T00:00:00
RISK00198,CURR00198,1.02,3.1,4.69,1.0,1.33,10.0,1,2.99,LOW,0.4,85,2026-07-01T00:00:00
RISK00199,CURR00199,2.57,4.12,5.66,2.5,2.61,10.0,1,4.0,MEDIUM,0.712,194,2026-07-01T00:00:00
RISK00200,CURR00200,3.82,7.65,2.42,1.0,1.57,10.0,1,3.8,MEDIUM,0.485,85,2026-07-01T00:00:00
RISK00201,CURR00201,4.12,1.7,5.57,1.0,1.0,10.0,1,3.54,MEDIUM,0.427,86,2026-07-01T00:00:00
RISK00202,CURR00202,5.76,4.19,2.17,1.0,1.15,10.0,1,3.58,MEDIUM,0.48,131,2026-07-01T00:00:00
RISK00203,CURR00203,7.23,1.82,2.91,1.0,1.0,7.98,1,3.45,MEDIUM,0.536,142,2026-07-01T00:00:00
RISK00204,CURR00204,6.95,6.99,1.54,1.0,3.46,10.0,1,4.34,MEDIUM,0.59,117,2026-07-01T00:00:00
RISK00205,CURR00205,5.64,3.81,1.77,1.0,3.94,10.0,3,3.9,MEDIUM,0.494,75,2026-07-01T00:00:00
RISK00206,CURR00206,3.19,1.0,1.37,1.0,1.19,10.0,3,2.63,LOW,0.296,60,2026-07-01T00:00:00
RISK00207,CURR00207,4.14,4.19,4.07,1.0,3.1,10.0,1,3.83,MEDIUM,0.479,111,2026-07-01T00:00:00
RISK00208,CURR00208,5.55,6.24,4.55,1.25,1.0,10.0,1,4.34,MEDIUM,0.676,208,2026-07-01T00:00:00
RISK00209,CURR00209,8.5,1.81,2.86,1.0,1.0,10.0,1,3.89,MEDIUM,0.522,94,2026-07-01T00:00:00
RISK00210,CURR00210,5.73,5.76,2.21,1.0,1.87,10.0,1,3.89,MEDIUM,0.58,133,2026-07-01T00:00:00
RISK00211,CURR00211,7.33,2.11,4.68,1.0,3.26,10.0,1,4.29,MEDIUM,0.563,125,2026-07-01T00:00:00
RISK00212,CURR00212,2.05,4.43,1.0,1.0,1.2,9.6,1,2.6,LOW,0.306,37,2026-07-01T00:00:00
RISK00213,CURR00213,1.0,1.36,4.97,1.0,1.22,10.0,1,2.77,LOW,0.363,84,2026-07-01T00:00:00
RISK00214,CURR00214,1.0,1.53,2.19,1.0,3.48,10.0,1,2.47,LOW,0.276,16,2026-07-01T00:00:00
RISK00215,CURR00215,1.5,6.09,4.0,1.0,1.17,10.0,1,3.38,MEDIUM,0.395,19,2026-07-01T00:00:00
RISK00216,CURR00216,8.29,7.2,1.0,1.0,2.06,8.33,1,4.23,MEDIUM,0.594,121,2026-07-01T00:00:00
RISK00217,CURR00217,8.95,1.0,3.33,1.0,2.0,10.0,1,4.06,MEDIUM,0.554,63,2026-07-01T00:00:00
RISK00218,CURR00218,3.4,6.98,5.81,1.0,1.0,10.0,1,4.24,MEDIUM,0.512,80,2026-07-01T00:00:00
RISK00219,CURR00219,3.35,5.38,6.72,1.0,2.35,10.0,1,4.31,MEDIUM,0.525,136,2026-07-01T00:00:00
RISK00220,CURR00220,2.04,7.0,2.06,1.0,1.43,10.0,1,3.26,MEDIUM,0.463,117,2026-07-01T00:00:00
RISK00221,CURR00221,1.86,5.66,4.7,1.0,2.96,10.0,1,3.71,MEDIUM,0.44,115,2026-07-01T00:00:00
RISK00222,CURR00222,1.0,1.0,1.88,1.0,2.04,10.0,3,2.38,LOW,0.232,13,2026-07-01T00:00:00
RISK00223,CURR00223,3.65,5.45,4.08,1.0,1.95,7.9,1,3.6,MEDIUM,0.459,125,2026-07-01T00:00:00
RISK00224,CURR00224,8.39,2.59,2.56,1.25,1.0,8.48,1,3.81,MEDIUM,0.647,190,2026-07-01T00:00:00
RISK00225,CURR00225,1.0,1.0,6.26,1.0,2.87,10.0,1,3.14,MEDIUM,0.324,14,2026-07-01T00:00:00
RISK00226,CURR00226,7.78,1.35,1.0,1.0,3.49,10.0,1,3.56,MEDIUM,0.482,106,2026-07-01T00:00:00
RISK00227,CURR00227,1.0,5.99,2.17,1.0,2.26,10.0,1,3.01,MEDIUM,0.338,32,2026-07-01T00:00:00
RISK00228,CURR00228,3.93,5.21,1.8,1.0,1.4,10.0,1,3.32,MEDIUM,0.485,64,2026-07-01T00:00:00
RISK00229,CURR00229,1.0,3.57,3.3,1.0,1.0,10.0,1,2.75,LOW,0.284,30,2026-07-01T00:00:00
RISK00230,CURR00230,1.13,3.61,6.39,1.0,1.0,10.0,1,3.4,MEDIUM,0.376,19,2026-07-01T00:00:00
RISK00231,CURR00231,5.3,3.17,1.0,1.25,3.6,10.0,3,3.58,MEDIUM,0.575,116,2026-07-01T00:00:00
RISK00232,CURR00232,1.26,1.6,6.54,1.0,1.0,10.0,1,3.15,MEDIUM,0.349,61,2026-07-01T00:00:00
RISK00233,CURR00233,3.89,1.0,1.18,1.0,3.5,10.0,1,2.76,LOW,0.344,63,2026-07-01T00:00:00
RISK00234,CURR00234,3.18,7.3,6.93,1.0,3.03,10.0,1,4.67,MEDIUM,0.566,114,2026-07-01T00:00:00
RISK00235,CURR00235,2.81,7.36,6.26,1.0,3.86,7.32,1,4.29,MEDIUM,0.538,140,2026-07-01T00:00:00
RISK00236,CURR00236,3.91,4.81,3.54,1.25,1.0,10.0,1,3.6,MEDIUM,0.57,148,2026-07-01T00:00:00
RISK00237,CURR00237,5.03,2.15,1.43,1.25,1.0,10.0,1,3.0,LOW,0.504,89,2026-07-01T00:00:00
RISK00238,CURR00238,6.85,6.84,6.42,1.0,3.76,10.0,1,5.31,HIGH,0.683,116,2026-07-01T00:00:00
RISK00239,CURR00239,5.83,1.0,1.67,1.0,1.96,10.0,1,3.1,MEDIUM,0.423,28,2026-07-01T00:00:00
RISK00240,CURR00240,3.0,3.2,1.0,1.0,1.51,10.0,3,2.88,LOW,0.324,52,2026-07-01T00:00:00
RISK00241,CURR00241,8.95,7.16,3.59,1.0,2.28,10.0,1,5.06,HIGH,0.746,138,2026-07-01T00:00:00
RISK00242,CURR00242,7.55,7.14,3.82,1.0,2.77,10.0,1,4.87,MEDIUM,0.718,238,2026-07-01T00:00:00
RISK00243,CURR00243,1.0,2.05,4.6,1.0,3.79,10.0,1,3.06,MEDIUM,0.325,16,2026-07-01T00:00:00
RISK00244,CURR00244,3.59,2.01,2.98,1.0,2.97,10.0,1,3.16,MEDIUM,0.466,94,2026-07-01T00:00:00
RISK00245,CURR00245,6.09,3.17,2.88,1.0,1.93,10.0,1,3.71,MEDIUM,0.489,119,2026-07-01T00:00:00
RISK00246,CURR00246,4.51,1.79,2.94,1.25,2.25,10.0,1,3.27,MEDIUM,0.537,111,2026-07-01T00:00:00
RISK00247,CURR00247,7.38,1.0,1.0,1.0,1.0,10.0,1,3.18,MEDIUM,0.466,41,2026-07-01T00:00:00
RISK00248,CURR00248,1.0,6.6,2.51,1.0,1.87,10.0,1,3.13,MEDIUM,0.373,23,2026-07-01T00:00:00
RISK00249,CURR00249,6.26,7.98,2.7,1.0,3.92,10.0,1,4.63,MEDIUM,0.625,65,2026-07-01T00:00:00
RISK00250,CURR00250,8.85,3.94,4.47,1.0,1.85,10.0,3,4.89,MEDIUM,0.631,155,2026-07-01T00:00:00
RISK00251,CURR00251,2.26,5.84,5.8,1.0,1.0,10.0,1,3.84,MEDIUM,0.449,82,2026-07-01T00:00:00
RISK00252,CURR00252,7.31,3.72,1.96,1.0,3.33,10.0,1,4.0,MEDIUM,0.543,45,2026-07-01T00:00:00
RISK00253,CURR00253,6.59,7.25,2.54,1.0,1.24,10.0,1,4.29,MEDIUM,0.573,77,2026-07-01T00:00:00
RISK00254,CURR00254,1.0,7.2,4.32,1.0,2.03,7.9,1,3.39,MEDIUM,0.395,41,2026-07-01T00:00:00
RISK00255,CURR00255,3.54,2.91,5.09,1.0,1.0,10.0,1,3.51,MEDIUM,0.429,109,2026-07-01T00:00:00
RISK00256,CURR00256,2.07,7.03,1.0,1.0,3.63,10.0,1,3.28,MEDIUM,0.392,41,2026-07-01T00:00:00
RISK00257,CURR00257,7.61,6.52,1.68,2.5,2.84,10.0,1,4.59,MEDIUM,0.843,304,2026-07-01T00:00:00
RISK00258,CURR00258,1.79,1.19,3.57,1.0,3.84,10.0,1,2.88,LOW,0.403,55,2026-07-01T00:00:00
RISK00259,CURR00259,6.03,2.79,2.45,1.25,2.44,10.0,1,3.65,MEDIUM,0.605,181,2026-07-01T00:00:00
RISK00260,CURR00260,7.22,2.18,5.97,1.0,1.0,9.62,1,4.28,MEDIUM,0.535,160,2026-07-01T00:00:00
RISK00261,CURR00261,6.41,7.62,1.0,1.25,2.44,10.0,1,4.16,MEDIUM,0.671,67,2026-07-01T00:00:00
RISK00262,CURR00262,6.06,1.0,3.53,1.0,3.48,10.0,1,3.67,MEDIUM,0.468,98,2026-07-01T00:00:00
RISK00263,CURR00263,8.87,4.08,2.08,1.0,1.0,10.0,3,4.35,MEDIUM,0.57,65,2026-07-01T00:00:00
RISK00264,CURR00264,2.1,2.13,2.46,1.0,1.0,10.0,1,2.58,LOW,0.308,36,2026-07-01T00:00:00
RISK00265,CURR00265,6.83,1.83,1.0,1.0,2.76,10.0,1,3.37,MEDIUM,0.453,88,2026-07-01T00:00:00
RISK00266,CURR00266,6.83,3.52,4.03,1.0,1.18,10.0,1,4.07,MEDIUM,0.535,105,2026-07-01T00:00:00
RISK00267,CURR00267,5.46,4.38,2.51,2.5,4.0,10.0,1,4.13,MEDIUM,0.767,246,2026-07-01T00:00:00
RISK00268,CURR00268,3.68,3.74,1.78,1.0,1.0,10.0,1,3.0,LOW,0.376,58,2026-07-01T00:00:00
RISK00269,CURR00269,8.01,4.05,3.6,1.0,1.19,10.0,1,4.3,MEDIUM,0.575,63,2026-07-01T00:00:00
RISK00270,CURR00270,7.46,5.2,1.0,1.0,1.12,10.0,1,3.83,MEDIUM,0.515,56,2026-07-01T00:00:00
RISK00271,CURR00271,4.24,6.2,6.34,1.0,3.89,10.0,1,4.68,MEDIUM,0.582,88,2026-07-01T00:00:00
RISK00272,CURR00272,6.1,7.29,4.84,1.0,3.1,10.0,1,4.84,MEDIUM,0.627,185,2026-07-01T00:00:00
RISK00273,CURR00273,6.99,5.8,2.24,1.0,1.0,10.0,1,4.07,MEDIUM,0.545,68,2026-07-01T00:00:00
RISK00274,CURR00274,7.43,6.52,6.5,1.0,1.0,10.0,1,5.11,HIGH,0.652,125,2026-07-01T00:00:00
RISK00275,CURR00275,7.52,6.34,1.0,1.0,3.68,8.33,1,4.11,MEDIUM,0.573,80,2026-07-01T00:00:00
RISK00276,CURR00276,8.74,1.31,1.0,1.0,3.04,10.0,1,3.7,MEDIUM,0.513,104,2026-07-01T00:00:00
RISK00277,CURR00277,3.52,6.67,5.58,1.0,1.0,10.0,1,4.17,MEDIUM,0.506,60,2026-07-01T00:00:00
RISK00278,CURR00278,5.29,3.35,5.06,1.0,1.0,10.0,1,3.92,MEDIUM,0.489,93,2026-07-01T00:00:00
RISK00279,CURR00279,3.89,4.28,6.17,1.0,1.11,10.0,1,4.01,MEDIUM,0.482,37,2026-07-01T00:00:00
RISK00280,CURR00280,2.2,1.29,1.79,1.25,3.94,10.0,1,2.67,LOW,0.446,98,2026-07-01T00:00:00
RISK00281,CURR00281,3.94,5.14,3.38,1.0,3.99,10.0,1,3.88,MEDIUM,0.495,39,2026-07-01T00:00:00
RISK00282,CURR00282,8.45,1.66,1.56,1.0,3.31,10.0,1,3.83,MEDIUM,0.595,180,2026-07-01T00:00:00
RISK00283,CURR00283,3.9,5.07,3.87,1.0,1.0,10.0,1,3.66,MEDIUM,0.48,88,2026-07-01T00:00:00
RISK00284,CURR00284,4.94,1.0,3.06,1.0,2.55,10.0,1,3.25,MEDIUM,0.466,79,2026-07-01T00:00:00
RISK00285,CURR00285,4.29,1.09,6.96,1.0,2.06,10.0,1,3.87,MEDIUM,0.47,85,2026-07-01T00:00:00
RISK00286,CURR00286,4.16,2.79,3.37,1.0,1.0,10.0,3,3.47,MEDIUM,0.395,84,2026-07-01T00:00:00
RISK00287,CURR00287,3.26,1.0,3.46,1.0,1.7,8.33,1,2.75,LOW,0.399,86,2026-07-01T00:00:00
RISK00288,CURR00288,4.29,7.6,6.9,1.0,1.0,10.0,1,4.73,MEDIUM,0.57,153,2026-07-01T00:00:00
RISK00289,CURR00289,2.06,3.35,1.0,1.25,1.68,10.0,1,2.57,LOW,0.434,83,2026-07-01T00:00:00
RISK00290,CURR00290,2.07,1.0,3.11,2.5,1.61,10.0,1,2.82,LOW,0.547,168,2026-07-01T00:00:00
RISK00291,CURR00291,8.39,7.58,4.79,1.0,1.0,10.0,1,5.12,HIGH,0.741,264,2026-07-01T00:00:00
RISK00292,CURR00292,5.61,3.56,5.67,1.0,1.0,7.92,1,3.93,MEDIUM,0.498,109,2026-07-01T00:00:00
RISK00293,CURR00293,8.32,6.1,6.44,1.0,1.0,7.67,3,5.18,HIGH,0.663,139,2026-07-01T00:00:00
RISK00294,CURR00294,8.9,1.45,6.89,1.0,1.49,10.0,1,4.77,MEDIUM,0.626,49,2026-07-01T00:00:00
RISK00295,CURR00295,2.2,1.0,3.66,1.0,1.01,10.0,1,2.67,LOW,0.296,42,2026-07-01T00:00:00
RISK00296,CURR00296,7.52,2.54,1.0,1.0,1.03,9.6,1,3.4,MEDIUM,0.528,70,2026-07-01T00:00:00
RISK00297,CURR00297,1.0,5.36,3.49,1.0,1.0,10.0,3,3.25,MEDIUM,0.334,89,2026-07-01T00:00:00
RISK00298,CURR00298,6.6,4.24,5.59,1.0,1.01,10.0,1,4.43,MEDIUM,0.631,55,2026-07-01T00:00:00
RISK00299,CURR00299,4.52,7.47,6.29,1.0,3.75,10.0,1,4.91,MEDIUM,0.612,204,2026-07-01T00:00:00
RISK00300,CURR00300,1.93,4.52,4.44,2.5,1.46,10.0,1,3.57,MEDIUM,0.646,216,2026-07-01T00:00:00
RISK00301,CURR00301,5.65,1.84,1.11,1.0,3.44,10.0,3,3.42,MEDIUM,0.43,102,2026-07-01T00:00:00
RISK00302,CURR00302,3.14,5.61,1.0,1.0,1.7,10.0,3,3.29,MEDIUM,0.392,72,2026-07-01T00:00:00
RISK00303,CURR00303,6.2,3.02,5.12,1.0,1.68,10.0,1,4.13,MEDIUM,0.529,107,2026-07-01T00:00:00
RISK00304,CURR00304,3.1,5.51,3.34,1.0,1.0,10.0,1,3.46,MEDIUM,0.407,36,2026-07-01T00:00:00
RISK00305,CURR00305,7.07,7.05,4.64,1.0,2.72,10.0,1,4.92,MEDIUM,0.649,95,2026-07-01T00:00:00
RISK00306,CURR00306,7.83,1.13,2.77,1.0,1.78,10.0,1,3.72,MEDIUM,0.504,20,2026-07-01T00:00:00
RISK00307,CURR00307,5.39,4.6,1.0,1.0,3.61,10.0,1,3.58,MEDIUM,0.466,102,2026-07-01T00:00:00
RISK00308,CURR00308,3.9,1.56,1.0,1.0,1.53,10.0,1,2.62,LOW,0.399,93,2026-07-01T00:00:00
RISK00309,CURR00309,5.95,5.11,2.07,1.0,1.0,10.0,3,3.92,MEDIUM,0.493,131,2026-07-01T00:00:00
RISK00310,CURR00310,8.66,3.35,1.04,1.0,1.0,8.25,3,3.82,MEDIUM,0.509,27,2026-07-01T00:00:00
RISK00311,CURR00311,4.89,5.31,1.4,1.0,3.08,10.0,1,3.61,MEDIUM,0.474,19,2026-07-01T00:00:00
RISK00312,CURR00312,8.61,5.12,5.82,1.0,1.37,10.0,1,5.04,HIGH,0.663,113,2026-07-01T00:00:00
RISK00313,CURR00313,8.9,3.25,5.64,1.0,2.11,10.0,3,5.06,HIGH,0.643,176,2026-07-01T00:00:00
RISK00314,CURR00314,1.89,3.35,2.14,1.0,3.24,10.0,1,2.88,LOW,0.356,52,2026-07-01T00:00:00
RISK00315,CURR00315,2.27,7.7,6.2,1.0,2.68,9.6,1,4.33,MEDIUM,0.516,96,2026-07-01T00:00:00
RISK00316,CURR00316,3.24,1.0,4.35,1.0,1.0,10.0,1,3.02,MEDIUM,0.349,38,2026-07-01T00:00:00
RISK00317,CURR00317,4.36,5.34,1.19,1.0,1.08,10.0,1,3.27,MEDIUM,0.422,53,2026-07-01T00:00:00
RISK00318,CURR00318,8.74,7.02,3.57,1.25,2.7,10.0,1,5.07,HIGH,0.809,268,2026-07-01T00:00:00
RISK00319,CURR00319,1.0,3.78,6.25,1.0,1.67,10.0,1,3.43,MEDIUM,0.356,71,2026-07-01T00:00:00
RISK00320,CURR00320,6.32,1.0,1.0,1.0,3.49,10.0,1,3.21,MEDIUM,0.428,123,2026-07-01T00:00:00
RISK00321,CURR00321,5.27,4.85,1.0,1.0,1.34,9.1,1,3.28,MEDIUM,0.432,43,2026-07-01T00:00:00
RISK00322,CURR00322,1.22,1.0,1.0,1.0,1.0,10.0,1,1.94,LOW,0.177,17,2026-07-01T00:00:00
RISK00323,CURR00323,2.47,2.5,3.33,1.0,1.55,10.0,1,2.94,LOW,0.36,42,2026-07-01T00:00:00
RISK00324,CURR00324,5.84,4.86,5.72,1.0,3.67,10.0,1,4.66,MEDIUM,0.597,69,2026-07-01T00:00:00
RISK00325,CURR00325,1.16,5.07,5.79,1.0,1.0,10.0,1,3.5,MEDIUM,0.393,29,2026-07-01T00:00:00
RISK00326,CURR00326,1.0,5.1,6.54,1.0,2.58,10.0,1,3.78,MEDIUM,0.432,34,2026-07-01T00:00:00
RISK00327,CURR00327,7.19,7.4,4.5,1.0,3.06,10.0,1,5.0,MEDIUM,0.662,93,2026-07-01T00:00:00
RISK00328,CURR00328,5.44,2.43,3.96,1.0,1.0,10.0,1,3.59,MEDIUM,0.445,74,2026-07-01T00:00:00
RISK00329,CURR00329,5.18,1.0,6.14,1.0,3.4,9.57,1,3.96,MEDIUM,0.482,97,2026-07-01T00:00:00
RISK00330,CURR00330,5.25,3.28,6.8,1.0,2.13,10.0,1,4.37,MEDIUM,0.542,88,2026-07-01T00:00:00
RISK00331,CURR00331,7.97,4.58,7.0,1.0,1.0,10.0,1,5.03,HIGH,0.652,82,2026-07-01T00:00:00
RISK00332,CURR00332,8.91,7.19,1.0,1.0,1.0,10.0,1,4.41,MEDIUM,0.611,144,2026-07-01T00:00:00
RISK00333,CURR00333,5.81,1.28,1.13,1.0,2.49,10.0,1,3.08,MEDIUM,0.421,36,2026-07-01T00:00:00
RISK00334,CURR00334,6.64,2.23,1.16,1.0,1.0,10.0,3,3.44,MEDIUM,0.437,47,2026-07-01T00:00:00
RISK00335,CURR00335,3.63,6.64,1.11,1.0,1.83,10.0,1,3.38,MEDIUM,0.497,92,2026-07-01T00:00:00
RISK00336,CURR00336,5.81,3.4,4.09,1.0,1.0,10.0,3,4.04,MEDIUM,0.482,109,2026-07-01T00:00:00
RISK00337,CURR00337,8.13,4.96,5.9,1.0,3.99,10.0,1,5.2,HIGH,0.682,181,2026-07-01T00:00:00
RISK00338,CURR00338,1.53,5.2,2.35,1.0,1.0,9.53,1,2.86,LOW,0.323,55,2026-07-01T00:00:00
RISK00339,CURR00339,7.29,7.79,5.45,1.0,2.66,10.0,1,5.23,HIGH,0.689,102,2026-07-01T00:00:00
RISK00340,CURR00340,8.81,7.33,6.04,1.0,1.0,10.0,1,5.42,HIGH,0.717,101,2026-07-01T00:00:00
RISK00341,CURR00341,8.07,1.0,2.99,1.0,2.59,9.53,1,3.82,MEDIUM,0.504,48,2026-07-01T00:00:00
RISK00342,CURR00342,7.1,5.89,6.52,1.0,2.77,10.0,1,5.13,HIGH,0.662,165,2026-07-01T00:00:00
RISK00343,CURR00343,1.18,1.0,5.16,1.0,3.21,6.98,3,2.89,LOW,0.306,73,2026-07-01T00:00:00
RISK00344,CURR00344,5.85,5.21,5.01,1.0,3.86,10.0,1,4.59,MEDIUM,0.589,52,2026-07-01T00:00:00
RISK00345,CURR00345,5.1,4.92,2.52,1.0,2.59,10.0,1,3.77,MEDIUM,0.494,114,2026-07-01T00:00:00
RISK00346,CURR00346,1.28,5.19,2.11,2.5,2.66,8.48,1,3.05,MEDIUM,0.595,151,2026-07-01T00:00:00
RISK00347,CURR00347,3.0,2.98,4.08,1.0,1.79,10.0,1,3.29,MEDIUM,0.403,86,2026-07-01T00:00:00
RISK00348,CURR00348,7.82,7.55,6.62,1.0,1.79,10.0,1,5.45,HIGH,0.708,102,2026-07-01T00:00:00
RISK00349,CURR00349,4.59,3.58,4.22,1.0,3.33,10.0,1,3.88,MEDIUM,0.498,92,2026-07-01T00:00:00
RISK00350,CURR00350,7.56,1.0,2.58,1.25,2.38,9.22,1,3.63,MEDIUM,0.612,142,2026-07-01T00:00:00
RISK00351,CURR00351,3.1,1.0,6.07,1.0,2.31,10.0,3,3.67,MEDIUM,0.414,67,2026-07-01T00:00:00
RISK00352,CURR00352,1.0,1.0,5.54,1.0,2.44,10.0,1,2.95,LOW,0.326,63,2026-07-01T00:00:00
RISK00353,CURR00353,2.13,2.67,4.95,1.0,2.47,10.0,1,3.31,MEDIUM,0.385,69,2026-07-01T00:00:00
RISK00354,CURR00354,5.66,2.06,4.25,1.0,1.42,10.0,1,3.68,MEDIUM,0.474,33,2026-07-01T00:00:00
RISK00355,CURR00355,7.33,4.04,4.6,1.0,1.0,10.0,1,4.34,MEDIUM,0.561,129,2026-07-01T00:00:00
RISK00356,CURR00356,7.96,1.0,3.93,1.0,3.65,10.0,1,4.14,MEDIUM,0.61,103,2026-07-01T00:00:00
RISK00357,CURR00357,1.0,1.52,4.0,1.0,1.0,10.0,1,2.58,LOW,0.273,24,2026-07-01T00:00:00
RISK00358,CURR00358,1.0,6.82,6.82,1.0,1.47,10.0,1,3.98,MEDIUM,0.521,70,2026-07-01T00:00:00
RISK00359,CURR00359,2.42,7.97,1.0,1.0,1.0,10.0,1,3.23,MEDIUM,0.409,82,2026-07-01T00:00:00
RISK00360,CURR00360,2.44,1.82,1.0,1.0,2.82,10.0,3,2.69,LOW,0.356,73,2026-07-01T00:00:00
RISK00361,CURR00361,1.0,3.12,6.06,1.25,1.22,10.0,1,3.29,MEDIUM,0.467,93,2026-07-01T00:00:00
RISK00362,CURR00362,5.93,1.16,4.73,1.25,3.12,10.0,1,3.91,MEDIUM,0.624,207,2026-07-01T00:00:00
RISK00363,CURR00363,2.71,5.01,5.83,1.0,1.36,10.0,1,3.85,MEDIUM,0.452,118,2026-07-01T00:00:00
RISK00364,CURR00364,5.1,6.86,5.32,1.0,2.43,1.0,3,3.91,MEDIUM,0.539,113,2026-07-01T00:00:00
RISK00365,CURR00365,5.73,1.0,4.19,1.0,2.64,9.6,1,3.61,MEDIUM,0.444,135,2026-07-01T00:00:00
RISK00366,CURR00366,6.36,4.94,3.76,1.0,2.03,10.0,1,4.22,MEDIUM,0.551,82,2026-07-01T00:00:00
RISK00367,CURR00367,1.31,6.98,1.14,1.0,3.31,10.0,1,3.12,MEDIUM,0.389,40,2026-07-01T00:00:00
RISK00368,CURR00368,3.85,3.31,6.94,1.0,1.86,10.0,1,4.09,MEDIUM,0.498,36,2026-07-01T00:00:00
RISK00369,CURR00369,8.34,7.82,1.0,1.0,2.76,10.0,1,4.57,MEDIUM,0.625,168,2026-07-01T00:00:00
RISK00370,CURR00370,1.0,6.34,6.99,1.0,3.4,10.0,1,4.14,MEDIUM,0.528,91,2026-07-01T00:00:00
RISK00371,CURR00371,4.1,7.6,6.61,2.5,1.0,10.0,1,4.86,MEDIUM,0.817,164,2026-07-01T00:00:00
RISK00372,CURR00372,6.59,2.14,6.82,1.0,2.62,10.0,1,4.51,MEDIUM,0.573,22,2026-07-01T00:00:00
RISK00373,CURR00373,6.2,3.35,1.0,1.0,3.11,9.53,1,3.46,MEDIUM,0.465,142,2026-07-01T00:00:00
RISK00374,CURR00374,8.36,5.1,4.51,1.0,2.56,10.0,1,4.84,MEDIUM,0.651,214,2026-07-01T00:00:00
RISK00375,CURR00375,7.71,7.08,2.09,1.25,2.9,10.0,1,4.6,MEDIUM,0.752,199,2026-07-01T00:00:00
RISK00376,CURR00376,5.94,2.59,5.76,1.25,3.41,10.0,1,4.36,MEDIUM,0.683,135,2026-07-01T00:00:00
RISK00377,CURR00377,2.05,7.18,2.07,1.0,1.0,10.0,1,3.25,MEDIUM,0.398,30,2026-07-01T00:00:00
RISK00378,CURR00378,8.94,3.01,6.3,1.25,1.13,10.0,1,4.9,MEDIUM,0.765,191,2026-07-01T00:00:00
RISK00379,CURR00379,1.31,5.7,2.16,1.0,1.41,10.0,1,2.94,LOW,0.345,39,2026-07-01T00:00:00
RISK00380,CURR00380,4.6,2.81,6.53,1.0,3.27,10.0,1,4.22,MEDIUM,0.523,123,2026-07-01T00:00:00
RISK00381,CURR00381,1.0,5.51,3.26,1.0,2.12,10.0,1,3.14,MEDIUM,0.348,58,2026-07-01T00:00:00
RISK00382,CURR00382,7.35,7.77,6.03,1.0,1.0,10.0,1,5.19,HIGH,0.664,86,2026-07-01T00:00:00
RISK00383,CURR00383,2.69,5.7,3.54,1.0,1.35,10.0,1,3.49,MEDIUM,0.425,41,2026-07-01T00:00:00
RISK00384,CURR00384,1.0,1.0,2.41,2.5,3.31,10.0,1,2.64,LOW,0.517,140,2026-07-01T00:00:00
RISK00385,CURR00385,1.0,4.34,3.07,1.0,3.43,10.0,1,3.06,MEDIUM,0.364,47,2026-07-01T00:00:00
RISK00386,CURR00386,6.13,6.23,2.86,1.0,2.36,10.0,1,4.22,MEDIUM,0.575,91,2026-07-01T00:00:00
RISK00387,CURR00387,5.64,7.71,4.7,1.0,2.12,10.0,3,4.89,MEDIUM,0.664,201,2026-07-01T00:00:00
RISK00388,CURR00388,2.48,7.21,3.78,1.25,2.58,10.0,1,3.88,MEDIUM,0.597,123,2026-07-01T00:00:00
RISK00389,CURR00389,2.36,4.25,1.55,1.0,1.87,10.0,3,3.06,MEDIUM,0.368,14,2026-07-01T00:00:00
RISK00390,CURR00390,7.34,7.79,5.35,1.0,3.15,10.0,1,5.27,HIGH,0.688,86,2026-07-01T00:00:00
RISK00391,CURR00391,6.4,6.81,6.34,1.0,1.0,6.25,1,4.54,MEDIUM,0.593,73,2026-07-01T00:00:00
RISK00392,CURR00392,7.17,3.99,4.08,1.0,2.71,10.0,1,4.37,MEDIUM,0.578,74,2026-07-01T00:00:00
RISK00393,CURR00393,2.64,1.0,4.54,1.0,1.04,10.0,1,2.94,LOW,0.338,63,2026-07-01T00:00:00
RISK00394,CURR00394,5.95,1.0,6.71,1.0,3.0,9.03,1,4.13,MEDIUM,0.504,133,2026-07-01T00:00:00
RISK00395,CURR00395,1.98,4.99,2.91,1.0,1.0,7.67,1,2.84,LOW,0.35,69,2026-07-01T00:00:00
RISK00396,CURR00396,7.32,6.57,6.13,1.0,1.16,10.0,1,5.04,HIGH,0.653,113,2026-07-01T00:00:00
RISK00397,CURR00397,7.04,1.0,1.85,1.0,1.0,10.0,3,3.48,MEDIUM,0.423,47,2026-07-01T00:00:00
RISK00398,CURR00398,1.0,1.0,3.47,1.0,1.45,10.0,1,2.44,LOW,0.229,30,2026-07-01T00:00:00
RISK00399,CURR00399,6.59,3.38,3.96,1.0,1.0,10.0,1,3.97,MEDIUM,0.514,77,2026-07-01T00:00:00
RISK00400,CURR00400,1.41,6.76,6.74,1.0,1.0,7.92,1,3.79,MEDIUM,0.507,70,2026-07-01T00:00:00
RISK00401,CURR00401,1.85,1.0,5.46,1.0,1.56,10.0,1,3.02,MEDIUM,0.343,61,2026-07-01T00:00:00
RISK00402,CURR00402,7.17,2.15,3.34,1.0,1.0,10.0,1,3.77,MEDIUM,0.494,93,2026-07-01T00:00:00
RISK00403,CURR00403,8.07,1.04,1.0,1.0,3.76,10.0,1,3.6,MEDIUM,0.556,156,2026-07-01T00:00:00
RISK00404,CURR00404,2.08,3.86,2.11,2.5,1.0,10.0,1,2.99,LOW,0.583,163,2026-07-01T00:00:00
RISK00405,CURR00405,6.8,6.56,3.82,1.25,1.0,10.0,3,4.7,MEDIUM,0.711,140,2026-07-01T00:00:00
RISK00406,CURR00406,7.96,4.82,6.46,1.0,2.58,10.0,1,5.12,HIGH,0.667,130,2026-07-01T00:00:00
RISK00407,CURR00407,2.58,1.0,2.74,1.25,1.0,10.0,1,2.6,LOW,0.402,84,2026-07-01T00:00:00
RISK00408,CURR00408,1.84,4.41,1.0,1.0,1.2,10.0,3,2.8,LOW,0.306,51,2026-07-01T00:00:00
RISK00409,CURR00409,4.67,7.92,5.49,1.0,1.11,10.0,1,4.58,MEDIUM,0.574,34,2026-07-01T00:00:00
RISK00410,CURR00410,2.93,2.73,5.44,1.25,3.57,10.0,1,3.73,MEDIUM,0.57,116,2026-07-01T00:00:00
RISK00411,CURR00411,8.31,6.21,1.0,1.0,1.0,9.03,3,4.25,MEDIUM,0.542,46,2026-07-01T00:00:00
RISK00412,CURR00412,6.42,7.0,2.83,1.25,2.97,10.0,3,4.68,MEDIUM,0.718,146,2026-07-01T00:00:00
RISK00413,CURR00413,7.84,4.36,3.23,1.25,1.0,10.0,1,4.26,MEDIUM,0.684,116,2026-07-01T00:00:00
RISK00414,CURR00414,1.02,5.27,6.89,1.0,3.45,10.0,1,3.97,MEDIUM,0.455,55,2026-07-01T00:00:00
RISK00415,CURR00415,1.73,3.32,1.0,2.5,1.0,10.0,1,2.62,LOW,0.546,154,2026-07-01T00:00:00
RISK00416,CURR00416,4.38,5.05,5.63,1.0,3.35,9.57,1,4.3,MEDIUM,0.535,104,2026-07-01T00:00:00
RISK00417,CURR00417,2.78,1.0,2.27,1.0,2.07,10.0,1,2.62,LOW,0.313,55,2026-07-01T00:00:00
RISK00418,CURR00418,1.0,2.69,5.06,1.0,3.21,10.0,1,3.19,MEDIUM,0.359,52,2026-07-01T00:00:00
RISK00419,CURR00419,7.67,3.39,2.2,1.0,1.7,10.0,3,4.1,MEDIUM,0.538,68,2026-07-01T00:00:00
RISK00420,CURR00420,4.16,4.5,2.36,1.0,2.96,10.0,1,3.52,MEDIUM,0.453,119,2026-07-01T00:00:00
RISK00421,CURR00421,4.92,1.05,1.41,1.0,1.0,10.0,1,2.77,LOW,0.36,83,2026-07-01T00:00:00
RISK00422,CURR00422,7.41,2.93,1.0,1.0,3.71,10.0,1,3.74,MEDIUM,0.504,25,2026-07-01T00:00:00
RISK00423,CURR00423,6.94,3.77,1.0,1.0,1.0,10.0,1,3.5,MEDIUM,0.454,68,2026-07-01T00:00:00
RISK00424,CURR00424,1.0,3.46,4.84,1.0,3.24,10.0,3,3.46,MEDIUM,0.354,29,2026-07-01T00:00:00
RISK00425,CURR00425,1.0,2.94,1.0,1.0,1.88,10.0,1,2.28,LOW,0.247,25,2026-07-01T00:00:00
RISK00426,CURR00426,7.83,1.0,4.81,1.0,1.82,10.0,1,4.11,MEDIUM,0.547,83,2026-07-01T00:00:00
RISK00427,CURR00427,5.0,1.75,3.28,1.0,1.93,10.0,1,3.36,MEDIUM,0.435,43,2026-07-01T00:00:00
RISK00428,CURR00428,2.34,3.32,5.21,1.0,3.58,10.0,1,3.62,MEDIUM,0.44,47,2026-07-01T00:00:00
RISK00429,CURR00429,1.0,1.0,5.7,1.0,2.62,8.85,1,2.89,LOW,0.288,59,2026-07-01T00:00:00
RISK00430,CURR00430,6.27,1.8,1.0,1.0,1.02,10.0,1,3.08,MEDIUM,0.397,25,2026-07-01T00:00:00
RISK00431,CURR00431,3.19,6.73,3.66,1.0,3.6,10.0,3,4.19,MEDIUM,0.495,78,2026-07-01T00:00:00
RISK00432,CURR00432,6.92,1.58,2.08,1.0,3.81,10.0,1,3.67,MEDIUM,0.501,101,2026-07-01T00:00:00
RISK00433,CURR00433,5.96,1.0,3.82,1.0,3.46,10.0,1,3.7,MEDIUM,0.466,113,2026-07-01T00:00:00
RISK00434,CURR00434,6.58,3.93,4.1,1.0,3.69,10.0,3,4.54,MEDIUM,0.578,38,2026-07-01T00:00:00
RISK00435,CURR00435,3.64,6.07,1.0,1.0,3.95,10.0,1,3.48,MEDIUM,0.433,48,2026-07-01T00:00:00
RISK00436,CURR00436,2.61,3.26,3.73,1.0,1.81,10.0,1,3.19,MEDIUM,0.383,79,2026-07-01T00:00:00
RISK00437,CURR00437,4.96,1.0,6.84,1.0,2.83,10.0,1,4.04,MEDIUM,0.482,49,2026-07-01T00:00:00
RISK00438,CURR00438,3.68,1.55,4.63,1.0,1.0,10.0,3,3.44,MEDIUM,0.39,117,2026-07-01T00:00:00
RISK00439,CURR00439,2.43,1.96,2.3,1.0,1.0,9.1,1,2.5,LOW,0.29,15,2026-07-01T00:00:00
RISK00440,CURR00440,7.11,5.11,1.0,1.0,3.15,10.0,1,3.95,MEDIUM,0.602,86,2026-07-01T00:00:00
RISK00441,CURR00441,1.8,1.0,6.95,1.25,2.73,10.0,1,3.46,MEDIUM,0.504,79,2026-07-01T00:00:00
RISK00442,CURR00442,1.24,1.63,3.33,1.0,2.65,10.0,1,2.67,LOW,0.303,43,2026-07-01T00:00:00
RISK00443,CURR00443,8.23,5.85,5.33,1.0,1.09,10.0,1,4.95,MEDIUM,0.651,19,2026-07-01T00:00:00
RISK00444,CURR00444,4.5,1.3,1.0,1.0,2.7,8.85,1,2.7,LOW,0.34,81,2026-07-01T00:00:00
RISK00445,CURR00445,3.59,1.43,2.35,1.0,1.0,10.0,1,2.75,LOW,0.388,104,2026-07-01T00:00:00
RISK00446,CURR00446,6.36,4.45,4.82,1.0,3.56,10.0,1,4.51,MEDIUM,0.649,144,2026-07-01T00:00:00
RISK00447,CURR00447,1.24,5.64,3.8,1.25,3.54,10.0,1,3.5,MEDIUM,0.532,102,2026-07-01T00:00:00
RISK00448,CURR00448,6.08,1.0,4.66,1.0,1.81,10.0,1,3.73,MEDIUM,0.461,76,2026-07-01T00:00:00
RISK00449,CURR00449,5.43,5.44,1.9,1.25,1.63,10.0,1,3.73,MEDIUM,0.666,175,2026-07-01T00:00:00
RISK00450,CURR00450,3.95,2.8,3.86,1.0,3.82,10.0,1,3.61,MEDIUM,0.456,42,2026-07-01T00:00:00
RISK00451,CURR00451,4.47,3.41,4.43,1.0,1.75,7.15,3,3.63,MEDIUM,0.448,88,2026-07-01T00:00:00
RISK00452,CURR00452,7.92,6.84,3.94,1.0,1.64,10.0,1,4.81,MEDIUM,0.644,116,2026-07-01T00:00:00
RISK00453,CURR00453,8.42,2.02,1.57,1.0,2.0,10.0,1,3.75,MEDIUM,0.583,163,2026-07-01T00:00:00
RISK00454,CURR00454,1.0,3.46,2.4,1.0,2.98,10.0,1,2.75,LOW,0.298,23,2026-07-01T00:00:00
RISK00455,CURR00455,3.18,7.32,3.97,1.0,3.59,10.0,1,4.14,MEDIUM,0.581,133,2026-07-01T00:00:00
RISK00456,CURR00456,7.17,2.39,1.0,1.0,1.0,10.0,1,3.34,MEDIUM,0.518,37,2026-07-01T00:00:00
RISK00457,CURR00457,3.07,1.62,6.09,1.0,3.92,10.0,1,3.72,MEDIUM,0.444,56,2026-07-01T00:00:00
RISK00458,CURR00458,7.95,7.36,6.0,1.0,2.12,8.1,1,5.17,HIGH,0.69,180,2026-07-01T00:00:00
RISK00459,CURR00459,2.02,7.54,3.31,1.0,1.62,10.0,1,3.61,MEDIUM,0.508,117,2026-07-01T00:00:00
RISK00460,CURR00460,1.0,6.02,5.62,1.0,3.94,10.0,1,3.87,MEDIUM,0.487,68,2026-07-01T00:00:00
RISK00461,CURR00461,5.32,3.95,1.0,1.0,1.0,10.0,3,3.41,MEDIUM,0.42,45,2026-07-01T00:00:00
RISK00462,CURR00462,3.74,7.66,4.66,2.5,3.52,10.0,1,4.66,MEDIUM,0.805,275,2026-07-01T00:00:00
RISK00463,CURR00463,1.06,1.0,6.05,1.0,2.62,10.0,1,3.08,MEDIUM,0.331,25,2026-07-01T00:00:00
RISK00464,CURR00464,4.93,3.18,5.09,1.0,1.0,10.0,1,3.83,MEDIUM,0.469,62,2026-07-01T00:00:00
RISK00465,CURR00465,8.47,2.12,1.0,1.25,1.14,10.0,1,3.61,MEDIUM,0.631,160,2026-07-01T00:00:00
RISK00466,CURR00466,6.1,2.01,4.05,1.25,1.12,10.0,1,3.73,MEDIUM,0.607,145,2026-07-01T00:00:00
RISK00467,CURR00467,8.49,4.46,6.76,1.0,1.15,10.0,1,5.08,HIGH,0.725,180,2026-07-01T00:00:00
RISK00468,CURR00468,4.57,1.91,6.71,1.0,2.72,10.0,1,4.06,MEDIUM,0.513,25,2026-07-01T00:00:00
RISK00469,CURR00469,4.27,1.26,1.83,1.0,3.73,10.0,1,3.03,MEDIUM,0.46,113,2026-07-01T00:00:00
RISK00470,CURR00470,3.53,3.64,5.1,1.0,1.61,10.0,1,3.68,MEDIUM,0.506,117,2026-07-01T00:00:00
RISK00471,CURR00471,1.94,2.88,3.6,1.0,1.41,10.0,3,3.13,MEDIUM,0.347,71,2026-07-01T00:00:00
RISK00472,CURR00472,2.81,6.95,3.08,1.0,3.97,7.9,1,3.66,MEDIUM,0.47,75,2026-07-01T00:00:00
RISK00473,CURR00473,5.37,4.52,5.74,1.0,1.0,10.0,1,4.25,MEDIUM,0.598,167,2026-07-01T00:00:00
RISK00474,CURR00474,6.21,7.82,1.85,1.0,2.55,10.0,1,4.29,MEDIUM,0.573,117,2026-07-01T00:00:00
RISK00475,CURR00475,6.49,3.07,6.28,1.0,1.0,10.0,3,4.56,MEDIUM,0.546,105,2026-07-01T00:00:00
RISK00476,CURR00476,6.25,7.97,1.0,1.0,2.29,10.0,1,4.12,MEDIUM,0.558,101,2026-07-01T00:00:00
RISK00477,CURR00477,4.79,1.0,5.92,1.0,1.0,10.0,1,3.64,MEDIUM,0.433,121,2026-07-01T00:00:00
RISK00478,CURR00478,7.34,6.48,4.71,1.25,1.0,10.0,1,4.77,MEDIUM,0.747,208,2026-07-01T00:00:00
RISK00479,CURR00479,1.18,1.87,1.64,1.0,2.39,10.0,3,2.53,LOW,0.277,40,2026-07-01T00:00:00
RISK00480,CURR00480,1.83,5.91,1.64,1.0,1.0,1.0,1,2.03,LOW,0.362,58,2026-07-01T00:00:00
RISK00481,CURR00481,4.1,1.0,4.43,1.0,2.8,9.18,1,3.3,MEDIUM,0.405,45,2026-07-01T00:00:00
RISK00482,CURR00482,6.16,1.43,1.81,1.0,2.9,10.0,1,3.35,MEDIUM,0.512,57,2026-07-01T00:00:00
RISK00483,CURR00483,5.67,1.26,4.53,1.0,3.01,10.0,1,3.78,MEDIUM,0.494,123,2026-07-01T00:00:00
RISK00484,CURR00484,5.34,5.6,3.13,1.0,1.0,9.55,1,3.84,MEDIUM,0.555,100,2026-07-01T00:00:00
RISK00485,CURR00485,2.15,6.88,2.43,1.0,1.23,10.0,1,3.32,MEDIUM,0.408,86,2026-07-01T00:00:00
RISK00486,CURR00486,4.66,3.39,6.31,1.0,1.0,5.78,3,3.83,MEDIUM,0.472,119,2026-07-01T00:00:00
RISK00487,CURR00487,1.98,4.47,1.0,1.25,2.42,10.0,1,2.8,LOW,0.447,102,2026-07-01T00:00:00
RISK00488,CURR00488,8.22,2.91,1.0,1.0,1.0,10.0,1,3.63,MEDIUM,0.475,22,2026-07-01T00:00:00
RISK00489,CURR00489,6.37,2.77,2.89,1.0,1.1,10.0,1,3.63,MEDIUM,0.48,42,2026-07-01T00:00:00
RISK00490,CURR00490,6.54,5.53,1.0,1.0,3.32,4.55,1,3.37,MEDIUM,0.505,152,2026-07-01T00:00:00
RISK00491,CURR00491,7.4,5.41,5.98,1.0,3.99,10.0,1,5.14,HIGH,0.732,207,2026-07-01T00:00:00
RISK00492,CURR00492,1.8,7.27,3.43,1.0,3.47,10.0,1,3.73,MEDIUM,0.452,46,2026-07-01T00:00:00
RISK00493,CURR00493,4.93,4.38,5.55,1.0,1.52,10.0,1,4.15,MEDIUM,0.58,156,2026-07-01T00:00:00
RISK00494,CURR00494,6.42,5.03,6.59,1.0,2.31,10.0,3,5.04,HIGH,0.734,189,2026-07-01T00:00:00
RISK00495,CURR00495,6.57,7.26,3.49,1.0,1.0,10.0,1,4.45,MEDIUM,0.585,98,2026-07-01T00:00:00
RISK00496,CURR00496,3.94,5.1,3.5,1.0,1.79,10.0,1,3.68,MEDIUM,0.468,50,2026-07-01T00:00:00
RISK00497,CURR00497,4.03,5.32,3.22,1.0,3.74,10.0,1,3.87,MEDIUM,0.556,100,2026-07-01T00:00:00
RISK00498,CURR00498,6.94,4.45,5.9,1.0,2.78,10.0,1,4.76,MEDIUM,0.621,149,2026-07-01T00:00:00
RISK00499,CURR00499,8.46,2.88,4.13,2.5,2.54,10.0,1,4.68,MEDIUM,0.85,194,2026-07-01T00:00:00
RISK00500,CURR00500,1.0,3.79,4.47,1.0,1.0,10.0,1,3.01,MEDIUM,0.306,41,2026-07-01T00:00:00
RISK00501,CURR00501,4.6,6.92,1.0,1.0,1.29,9.4,1,3.48,MEDIUM,0.446,111,2026-07-01T00:00:00
RISK00502,CURR00502,6.38,6.42,1.0,1.0,2.56,10.0,1,3.94,MEDIUM,0.524,36,2026-07-01T00:00:00
RISK00503,CURR00503,6.91,7.94,2.37,1.0,1.29,10.0,1,4.43,MEDIUM,0.592,176,2026-07-01T00:00:00
RISK00504,CURR00504,8.91,3.24,1.93,2.5,2.17,10.0,1,4.35,MEDIUM,0.826,226,2026-07-01T00:00:00
RISK00505,CURR00505,5.87,4.04,6.03,1.0,2.58,10.0,1,4.49,MEDIUM,0.569,165,2026-07-01T00:00:00
RISK00506,CURR00506,3.98,7.77,2.46,1.0,1.0,9.95,1,3.8,MEDIUM,0.533,140,2026-07-01T00:00:00
RISK00507,CURR00507,6.47,1.87,1.7,1.0,3.25,10.0,1,3.49,MEDIUM,0.472,27,2026-07-01T00:00:00
RISK00508,CURR00508,1.0,7.95,1.0,1.0,2.14,10.0,1,3.06,MEDIUM,0.343,20,2026-07-01T00:00:00
RISK00509,CURR00509,1.0,1.45,1.0,1.0,1.38,10.0,1,2.01,LOW,0.212,16,2026-07-01T00:00:00
RISK00510,CURR00510,5.87,7.77,1.0,1.0,1.0,10.0,3,4.09,MEDIUM,0.574,184,2026-07-01T00:00:00
RISK00511,CURR00511,2.6,6.4,1.08,1.0,1.62,10.0,1,3.11,MEDIUM,0.394,69,2026-07-01T00:00:00
RISK00512,CURR00512,3.44,2.92,5.71,1.25,1.0,10.0,1,3.66,MEDIUM,0.558,146,2026-07-01T00:00:00
RISK00513,CURR00513,5.35,3.48,4.44,1.0,1.0,9.62,1,3.79,MEDIUM,0.475,71,2026-07-01T00:00:00
RISK00514,CURR00514,6.51,7.06,2.27,1.0,1.61,7.67,1,3.99,MEDIUM,0.549,118,2026-07-01T00:00:00
RISK00515,CURR00515,6.68,5.61,1.0,1.0,1.0,10.0,3,3.93,MEDIUM,0.554,110,2026-07-01T00:00:00
RISK00516,CURR00516,5.25,1.0,2.7,1.0,2.81,10.0,1,3.27,MEDIUM,0.429,40,2026-07-01T00:00:00
RISK00517,CURR00517,5.16,7.19,3.21,1.0,1.0,10.0,1,4.1,MEDIUM,0.527,87,2026-07-01T00:00:00
RISK00518,CURR00518,8.56,4.64,2.3,1.0,3.75,10.0,1,4.49,MEDIUM,0.68,142,2026-07-01T00:00:00
RISK00519,CURR00519,1.0,6.68,3.4,1.0,1.21,10.0,1,3.25,MEDIUM,0.381,87,2026-07-01T00:00:00
RISK00520,CURR00520,6.59,1.86,1.0,1.0,3.21,9.1,1,3.28,MEDIUM,0.435,130,2026-07-01T00:00:00
RISK00521,CURR00521,4.1,1.0,3.38,1.0,3.01,10.0,1,3.2,MEDIUM,0.392,32,2026-07-01T00:00:00
RISK00522,CURR00522,1.0,2.19,1.69,1.0,1.0,10.0,1,2.22,LOW,0.23,11,2026-07-01T00:00:00
RISK00523,CURR00523,3.08,1.0,6.23,1.0,3.3,10.0,1,3.59,MEDIUM,0.426,51,2026-07-01T00:00:00
RISK00524,CURR00524,2.78,1.45,3.48,1.0,1.14,10.0,1,2.83,LOW,0.346,11,2026-07-01T00:00:00
RISK00525,CURR00525,3.95,1.5,5.07,1.0,1.06,10.0,1,3.38,MEDIUM,0.41,58,2026-07-01T00:00:00
RISK00526,CURR00526,5.07,5.14,3.31,1.0,3.89,7.67,3,4.05,MEDIUM,0.515,86,2026-07-01T00:00:00
RISK00527,CURR00527,5.77,7.99,3.25,1.0,3.57,8.75,1,4.48,MEDIUM,0.595,60,2026-07-01T00:00:00
RISK00528,CURR00528,4.87,6.95,3.24,2.5,1.0,8.33,1,4.07,MEDIUM,0.741,209,2026-07-01T00:00:00
RISK00529,CURR00529,4.01,1.0,4.5,1.0,2.48,9.03,1,3.25,MEDIUM,0.388,43,2026-07-01T00:00:00
RISK00530,CURR00530,1.0,7.0,1.0,1.0,1.0,10.0,1,2.8,LOW,0.294,31,2026-07-01T00:00:00
RISK00531,CURR00531,2.47,7.67,3.41,1.25,1.75,9.18,1,3.71,MEDIUM,0.576,144,2026-07-01T00:00:00
RISK00532,CURR00532,7.28,4.03,1.0,1.0,2.1,10.0,1,3.72,MEDIUM,0.516,65,2026-07-01T00:00:00
RISK00533,CURR00533,1.0,1.0,1.0,1.0,3.07,10.0,1,2.11,LOW,0.227,6,2026-07-01T00:00:00
RISK00534,CURR00534,2.78,1.0,4.06,1.0,1.52,10.0,3,3.12,MEDIUM,0.405,93,2026-07-01T00:00:00
RISK00535,CURR00535,3.28,6.15,5.82,1.0,3.78,10.0,1,4.37,MEDIUM,0.537,164,2026-07-01T00:00:00
RISK00536,CURR00536,8.59,7.32,3.14,1.0,2.67,10.0,1,4.96,MEDIUM,0.676,119,2026-07-01T00:00:00
RISK00537,CURR00537,6.6,1.0,1.04,1.25,3.91,10.0,1,3.36,MEDIUM,0.574,127,2026-07-01T00:00:00
RISK00538,CURR00538,8.83,7.23,1.0,1.0,1.0,6.98,3,4.3,MEDIUM,0.565,192,2026-07-01T00:00:00
RISK00539,CURR00539,4.97,4.2,6.8,1.0,2.45,10.0,1,4.48,MEDIUM,0.621,140,2026-07-01T00:00:00
RISK00540,CURR00540,4.39,1.0,1.0,1.0,3.04,10.0,1,2.78,LOW,0.346,33,2026-07-01T00:00:00
RISK00541,CURR00541,1.0,1.0,1.41,1.0,2.52,10.0,1,2.13,LOW,0.214,23,2026-07-01T00:00:00
RISK00542,CURR00542,1.0,4.74,1.37,1.0,3.92,10.0,1,2.83,LOW,0.328,21,2026-07-01T00:00:00
RISK00543,CURR00543,4.64,5.77,4.49,1.0,1.81,10.0,1,4.12,MEDIUM,0.524,86,2026-07-01T00:00:00
RISK00544,CURR00544,4.12,1.0,2.9,1.25,2.34,10.0,3,3.28,MEDIUM,0.545,131,2026-07-01T00:00:00
RISK00545,CURR00545,4.43,7.64,1.0,1.0,1.0,10.0,1,3.58,MEDIUM,0.524,147,2026-07-01T00:00:00
RISK00546,CURR00546,5.67,7.88,6.43,1.0,2.49,10.0,3,5.3,HIGH,0.642,68,2026-07-01T00:00:00
RISK00547,CURR00547,2.42,6.41,3.51,1.0,1.02,8.33,3,3.53,MEDIUM,0.412,56,2026-07-01T00:00:00
RISK00548,CURR00548,6.28,7.02,6.93,1.0,1.0,10.0,1,5.04,HIGH,0.638,104,2026-07-01T00:00:00
RISK00549,CURR00549,5.53,5.88,2.97,1.0,1.0,10.0,1,3.93,MEDIUM,0.497,117,2026-07-01T00:00:00
RISK00550,CURR00550,3.22,5.18,1.0,1.0,1.0,10.0,1,2.97,LOW,0.422,89,2026-07-01T00:00:00
RISK00551,CURR00551,8.78,2.1,4.12,1.0,1.0,10.0,1,4.25,MEDIUM,0.574,44,2026-07-01T00:00:00
RISK00552,CURR00552,3.34,5.54,1.0,1.0,3.96,10.0,1,3.35,MEDIUM,0.419,103,2026-07-01T00:00:00
RISK00553,CURR00553,1.26,3.49,4.01,1.0,1.0,9.03,1,2.83,LOW,0.388,77,2026-07-01T00:00:00
RISK00554,CURR00554,4.9,3.02,6.8,1.0,3.73,10.0,1,4.42,MEDIUM,0.557,107,2026-07-01T00:00:00
RISK00555,CURR00555,7.74,1.0,2.73,1.0,1.49,10.0,1,3.64,MEDIUM,0.473,70,2026-07-01T00:00:00
RISK00556,CURR00556,3.86,4.17,1.39,1.0,1.0,10.0,1,3.03,MEDIUM,0.376,22,2026-07-01T00:00:00
RISK00557,CURR00557,7.63,6.13,1.0,1.0,1.0,10.0,1,4.0,MEDIUM,0.549,68,2026-07-01T00:00:00
RISK00558,CURR00558,8.11,4.56,4.42,1.0,1.0,10.0,1,4.54,MEDIUM,0.659,154,2026-07-01T00:00:00
RISK00559,CURR00559,3.01,7.79,2.56,1.0,2.32,10.0,1,3.76,MEDIUM,0.468,88,2026-07-01T00:00:00
RISK00560,CURR00560,8.75,3.21,6.13,1.0,3.83,8.33,1,4.92,MEDIUM,0.664,85,2026-07-01T00:00:00
RISK00561,CURR00561,8.61,4.41,1.0,1.0,2.21,9.95,1,4.05,MEDIUM,0.608,138,2026-07-01T00:00:00
RISK00562,CURR00562,6.28,3.62,6.75,1.0,1.0,10.0,1,4.5,MEDIUM,0.558,90,2026-07-01T00:00:00
RISK00563,CURR00563,6.71,6.27,6.47,1.25,3.41,10.0,1,5.21,HIGH,0.79,170,2026-07-01T00:00:00
RISK00564,CURR00564,5.78,6.47,1.0,1.0,1.92,10.0,1,3.77,MEDIUM,0.495,105,2026-07-01T00:00:00
RISK00565,CURR00565,4.18,1.28,6.65,1.0,2.21,10.0,3,4.03,MEDIUM,0.526,153,2026-07-01T00:00:00
RISK00566,CURR00566,4.6,3.31,5.97,1.0,3.09,10.0,1,4.17,MEDIUM,0.52,79,2026-07-01T00:00:00
RISK00567,CURR00567,4.36,7.16,6.8,1.0,1.0,7.67,3,4.62,MEDIUM,0.543,176,2026-07-01T00:00:00
RISK00568,CURR00568,3.29,1.0,5.5,1.25,1.0,10.0,1,3.3,MEDIUM,0.488,134,2026-07-01T00:00:00
RISK00569,CURR00569,6.33,4.08,4.08,1.0,2.19,10.0,1,4.16,MEDIUM,0.541,97,2026-07-01T00:00:00
RISK00570,CURR00570,7.5,3.53,6.37,1.0,3.74,10.0,1,4.93,MEDIUM,0.7,181,2026-07-01T00:00:00
RISK00571,CURR00571,2.47,2.08,1.0,1.0,1.0,10.0,1,2.36,LOW,0.277,31,2026-07-01T00:00:00
RISK00572,CURR00572,1.0,3.2,1.0,1.0,1.0,10.0,1,2.23,LOW,0.256,17,2026-07-01T00:00:00
RISK00573,CURR00573,1.84,4.39,1.08,1.0,2.71,10.0,1,2.76,LOW,0.338,45,2026-07-01T00:00:00
RISK00574,CURR00574,3.73,1.0,4.48,1.0,1.0,10.0,1,3.14,MEDIUM,0.421,98,2026-07-01T00:00:00
RISK00575,CURR00575,8.68,6.5,1.0,1.0,3.04,10.0,1,4.46,MEDIUM,0.62,89,2026-07-01T00:00:00
RISK00576,CURR00576,2.5,7.0,2.73,1.0,1.93,10.0,1,3.54,MEDIUM,0.432,85,2026-07-01T00:00:00
RISK00577,CURR00577,3.21,6.41,2.01,1.25,1.09,7.98,1,3.2,MEDIUM,0.534,147,2026-07-01T00:00:00
RISK00578,CURR00578,5.45,6.72,3.68,1.0,1.67,10.0,1,4.25,MEDIUM,0.548,65,2026-07-01T00:00:00
RISK00579,CURR00579,5.21,2.87,3.92,1.0,1.0,10.0,1,3.61,MEDIUM,0.454,52,2026-07-01T00:00:00
RISK00580,CURR00580,4.76,5.77,4.31,1.0,1.0,10.0,3,4.23,MEDIUM,0.504,122,2026-07-01T00:00:00
RISK00581,CURR00581,8.75,3.01,2.71,1.0,1.59,10.0,1,4.15,MEDIUM,0.569,82,2026-07-01T00:00:00
RISK00582,CURR00582,2.68,6.0,5.4,2.5,1.16,10.0,3,4.31,MEDIUM,0.769,199,2026-07-01T00:00:00
RISK00583,CURR00583,7.06,1.6,3.03,1.0,1.0,10.0,1,3.61,MEDIUM,0.474,70,2026-07-01T00:00:00
RISK00584,CURR00584,1.56,6.04,1.0,2.5,1.0,10.0,1,2.99,LOW,0.574,166,2026-07-01T00:00:00
RISK00585,CURR00585,1.3,3.28,4.66,1.0,1.68,10.0,1,3.1,MEDIUM,0.353,86,2026-07-01T00:00:00
RISK00586,CURR00586,1.0,1.0,5.3,1.0,2.27,10.0,1,2.89,LOW,0.311,18,2026-07-01T00:00:00
RISK00587,CURR00587,4.32,5.14,4.24,1.0,3.9,10.0,1,4.12,MEDIUM,0.521,89,2026-07-01T00:00:00
RISK00588,CURR00588,7.84,4.83,6.89,1.25,1.0,10.0,3,5.26,HIGH,0.77,245,2026-07-01T00:00:00
RISK00589,CURR00589,3.28,1.58,1.05,1.0,2.96,10.0,1,2.65,LOW,0.337,54,2026-07-01T00:00:00
RISK00590,CURR00590,4.82,7.0,2.5,1.0,1.4,9.57,1,3.86,MEDIUM,0.56,111,2026-07-01T00:00:00
RISK00591,CURR00591,1.84,1.0,5.85,1.0,1.65,10.0,1,3.1,MEDIUM,0.333,54,2026-07-01T00:00:00
RISK00592,CURR00592,4.75,4.93,2.21,1.0,1.0,10.0,1,3.48,MEDIUM,0.473,45,2026-07-01T00:00:00
RISK00593,CURR00593,6.07,6.57,1.37,1.0,1.0,7.32,1,3.56,MEDIUM,0.485,100,2026-07-01T00:00:00
RISK00594,CURR00594,2.23,2.33,3.68,2.5,1.38,8.03,3,3.15,MEDIUM,0.581,203,2026-07-01T00:00:00
RISK00595,CURR00595,1.0,7.3,2.41,1.0,1.14,10.0,3,3.34,MEDIUM,0.365,57,2026-07-01T00:00:00
RISK00596,CURR00596,3.2,3.32,1.0,1.0,1.0,9.53,1,2.64,LOW,0.307,73,2026-07-01T00:00:00
RISK00597,CURR00597,2.29,6.97,3.7,1.0,2.94,10.0,1,3.79,MEDIUM,0.476,15,2026-07-01T00:00:00
RISK00598,CURR00598,5.15,1.0,2.79,1.0,1.07,6.25,1,2.72,LOW,0.43,81,2026-07-01T00:00:00
RISK00599,CURR00599,1.7,2.55,5.69,1.25,2.02,10.0,1,3.35,MEDIUM,0.505,104,2026-07-01T00:00:00
RISK00600,CURR00600,2.92,7.79,5.08,1.0,1.0,10.0,1,4.12,MEDIUM,0.5,56,2026-07-01T00:00:00
RISK00601,CURR00601,3.47,2.35,6.29,1.0,1.91,10.0,1,3.75,MEDIUM,0.452,36,2026-07-01T00:00:00
RISK00602,CURR00602,5.38,1.37,1.2,1.0,3.67,10.0,1,3.14,MEDIUM,0.489,125,2026-07-01T00:00:00
RISK00603,CURR00603,6.66,3.92,4.59,1.0,2.01,10.0,1,4.29,MEDIUM,0.555,176,2026-07-01T00:00:00
RISK00604,CURR00604,3.11,4.69,5.3,1.25,1.0,10.0,3,3.97,MEDIUM,0.568,193,2026-07-01T00:00:00
RISK00605,CURR00605,2.42,3.33,4.94,1.25,3.06,10.0,1,3.56,MEDIUM,0.543,134,2026-07-01T00:00:00
RISK00606,CURR00606,6.21,2.97,2.74,1.0,1.0,10.0,1,3.59,MEDIUM,0.456,31,2026-07-01T00:00:00
RISK00607,CURR00607,5.47,5.79,2.46,1.0,2.29,10.0,1,3.93,MEDIUM,0.518,108,2026-07-01T00:00:00
RISK00608,CURR00608,6.1,1.47,4.55,1.0,2.95,10.0,1,3.9,MEDIUM,0.501,112,2026-07-01T00:00:00
RISK00609,CURR00609,5.58,2.11,6.8,1.0,1.73,10.0,1,4.22,MEDIUM,0.519,121,2026-07-01T00:00:00
RISK00610,CURR00610,5.97,6.78,4.82,1.0,1.57,10.0,3,4.78,MEDIUM,0.591,74,2026-07-01T00:00:00
RISK00611,CURR00611,3.77,1.0,4.71,1.0,1.49,10.0,3,3.45,MEDIUM,0.451,85,2026-07-01T00:00:00
RISK00612,CURR00612,8.01,6.97,6.52,1.0,3.63,10.0,3,5.76,HIGH,0.798,109,2026-07-01T00:00:00
RISK00613,CURR00613,1.87,4.77,3.37,1.0,3.22,10.0,1,3.34,MEDIUM,0.404,73,2026-07-01T00:00:00
RISK00614,CURR00614,7.88,2.79,3.02,1.0,2.19,10.0,1,4.07,MEDIUM,0.548,179,2026-07-01T00:00:00
RISK00615,CURR00615,8.57,7.15,5.02,1.0,2.7,10.0,1,5.31,HIGH,0.709,155,2026-07-01T00:00:00
RISK00616,CURR00616,8.24,5.25,2.38,1.25,1.56,10.0,1,4.36,MEDIUM,0.713,228,2026-07-01T00:00:00
RISK00617,CURR00617,4.06,3.97,4.95,1.0,1.7,10.0,1,3.82,MEDIUM,0.472,77,2026-07-01T00:00:00
RISK00618,CURR00618,1.23,7.78,6.22,1.0,2.06,10.0,1,4.11,MEDIUM,0.487,99,2026-07-01T00:00:00
RISK00619,CURR00619,6.24,3.57,6.49,1.25,3.88,10.0,1,4.76,MEDIUM,0.728,185,2026-07-01T00:00:00
RISK00620,CURR00620,1.0,5.81,1.63,1.0,1.97,10.0,1,2.84,LOW,0.376,84,2026-07-01T00:00:00
RISK00621,CURR00621,6.52,4.35,4.73,1.0,1.13,10.0,1,4.27,MEDIUM,0.55,185,2026-07-01T00:00:00
RISK00622,CURR00622,2.05,3.31,1.0,1.25,1.02,10.0,1,2.5,LOW,0.421,104,2026-07-01T00:00:00
RISK00623,CURR00623,5.89,6.3,5.97,1.0,1.32,10.0,1,4.7,MEDIUM,0.665,158,2026-07-01T00:00:00
RISK00624,CURR00624,6.9,1.05,3.89,1.0,3.59,10.0,1,3.92,MEDIUM,0.589,60,2026-07-01T00:00:00
RISK00625,CURR00625,4.66,2.72,2.29,1.0,3.36,10.0,1,3.38,MEDIUM,0.438,71,2026-07-01T00:00:00
RISK00626,CURR00626,6.87,3.06,6.5,1.0,3.57,9.62,1,4.7,MEDIUM,0.666,161,2026-07-01T00:00:00
RISK00627,CURR00627,5.07,5.92,4.79,1.0,1.0,10.0,1,4.21,MEDIUM,0.591,124,2026-07-01T00:00:00
RISK00628,CURR00628,6.3,1.81,3.55,1.0,1.96,10.0,1,3.69,MEDIUM,0.547,111,2026-07-01T00:00:00
RISK00629,CURR00629,5.07,1.0,2.18,1.0,1.0,10.0,1,2.95,LOW,0.369,103,2026-07-01T00:00:00
RISK00630,CURR00630,1.0,1.0,4.66,1.0,1.0,10.0,1,2.63,LOW,0.265,57,2026-07-01T00:00:00
RISK00631,CURR00631,1.0,7.26,1.0,1.0,1.0,10.0,1,2.84,LOW,0.292,65,2026-07-01T00:00:00
RISK00632,CURR00632,1.52,1.0,1.95,1.0,2.98,10.0,1,2.39,LOW,0.263,43,2026-07-01T00:00:00
RISK00633,CURR00633,3.21,7.57,5.94,1.0,2.9,10.0,1,4.51,MEDIUM,0.563,64,2026-07-01T00:00:00
RISK00634,CURR00634,3.83,3.18,6.0,1.0,2.48,9.03,1,3.84,MEDIUM,0.471,113,2026-07-01T00:00:00
RISK00635,CURR00635,8.9,2.0,6.94,1.0,1.0,10.0,1,4.82,MEDIUM,0.63,185,2026-07-01T00:00:00
RISK00636,CURR00636,1.26,5.1,3.5,2.5,1.0,10.0,1,3.29,MEDIUM,0.599,156,2026-07-01T00:00:00
RISK00637,CURR00637,2.46,2.75,2.06,1.0,2.23,10.0,1,2.79,LOW,0.403,68,2026-07-01T00:00:00
RISK00638,CURR00638,2.99,4.67,1.0,1.0,3.68,10.0,1,3.12,MEDIUM,0.39,57,2026-07-01T00:00:00
RISK00639,CURR00639,3.44,3.11,1.57,1.0,3.22,10.0,1,3.04,MEDIUM,0.387,61,2026-07-01T00:00:00
RISK00640,CURR00640,8.14,4.82,5.85,1.0,3.44,10.0,1,5.11,HIGH,0.674,197,2026-07-01T00:00:00
RISK00641,CURR00641,7.41,4.7,1.95,1.0,1.0,10.0,3,4.13,MEDIUM,0.525,70,2026-07-01T00:00:00
RISK00642,CURR00642,3.44,1.66,5.85,1.0,3.54,10.0,1,3.71,MEDIUM,0.456,129,2026-07-01T00:00:00
RISK00643,CURR00643,5.89,3.93,1.97,1.0,1.73,10.0,1,3.58,MEDIUM,0.473,121,2026-07-01T00:00:00
RISK00644,CURR00644,7.84,1.0,3.12,1.0,2.68,10.0,3,4.06,MEDIUM,0.512,125,2026-07-01T00:00:00
RISK00645,CURR00645,7.85,2.18,3.94,1.0,1.0,10.0,1,4.04,MEDIUM,0.584,135,2026-07-01T00:00:00
RISK00646,CURR00646,6.02,5.63,1.58,1.0,1.0,10.0,1,3.71,MEDIUM,0.492,63,2026-07-01T00:00:00
RISK00647,CURR00647,3.14,7.63,4.51,1.0,2.53,10.0,1,4.18,MEDIUM,0.525,114,2026-07-01T00:00:00
RISK00648,CURR00648,1.53,1.0,6.45,1.0,2.89,10.0,1,3.29,MEDIUM,0.355,41,2026-07-01T00:00:00
RISK00649,CURR00649,5.16,4.39,3.08,1.0,2.59,10.0,3,4.02,MEDIUM,0.501,64,2026-07-01T00:00:00
RISK00650,CURR00650,2.77,5.35,2.52,1.0,3.94,10.0,1,3.5,MEDIUM,0.435,82,2026-07-01T00:00:00
RISK00651,CURR00651,7.16,7.22,1.0,1.0,2.7,10.0,1,4.23,MEDIUM,0.575,127,2026-07-01T00:00:00
RISK00652,CURR00652,1.0,1.88,1.41,1.0,2.9,8.53,1,2.16,LOW,0.234,7,2026-07-01T00:00:00
RISK00653,CURR00653,2.57,3.31,4.6,1.0,1.49,10.0,1,3.33,MEDIUM,0.459,98,2026-07-01T00:00:00
RISK00654,CURR00654,2.08,2.59,1.75,1.0,2.27,10.0,1,2.63,LOW,0.318,65,2026-07-01T00:00:00
RISK00655,CURR00655,3.91,3.86,6.04,1.0,1.0,10.0,1,3.92,MEDIUM,0.464,65,2026-07-01T00:00:00
RISK00656,CURR00656,3.64,7.09,1.0,1.25,2.25,10.0,1,3.5,MEDIUM,0.562,141,2026-07-01T00:00:00
RISK00657,CURR00657,5.86,3.29,2.81,1.0,1.48,10.0,1,3.63,MEDIUM,0.532,68,2026-07-01T00:00:00
RISK00658,CURR00658,1.0,4.72,6.19,1.0,2.98,9.03,1,3.6,MEDIUM,0.389,44,2026-07-01T00:00:00
RISK00659,CURR00659,5.54,3.93,4.42,2.5,2.98,10.0,1,4.35,MEDIUM,0.776,170,2026-07-01T00:00:00
RISK00660,CURR00660,7.58,1.0,6.57,1.0,2.78,10.0,1,4.51,MEDIUM,0.568,114,2026-07-01T00:00:00
RISK00661,CURR00661,1.0,5.68,1.97,1.25,3.92,10.0,1,3.13,MEDIUM,0.49,109,2026-07-01T00:00:00
RISK00662,CURR00662,7.41,5.71,2.34,1.0,1.16,10.0,1,4.17,MEDIUM,0.569,164,2026-07-01T00:00:00
RISK00663,CURR00663,3.52,6.01,3.33,1.0,2.56,7.98,1,3.58,MEDIUM,0.46,69,2026-07-01T00:00:00
RISK00664,CURR00664,5.28,3.85,4.96,1.0,3.41,10.0,1,4.22,MEDIUM,0.534,89,2026-07-01T00:00:00
RISK00665,CURR00665,5.18,3.05,1.0,1.0,3.44,7.15,1,3.0,LOW,0.41,40,2026-07-01T00:00:00
RISK00666,CURR00666,4.14,2.0,4.36,1.0,1.0,10.0,1,3.35,MEDIUM,0.406,99,2026-07-01T00:00:00
RISK00667,CURR00667,5.84,7.48,4.59,1.0,1.19,10.0,1,4.58,MEDIUM,0.586,73,2026-07-01T00:00:00
RISK00668,CURR00668,2.07,6.73,1.0,1.0,1.36,10.0,3,3.21,MEDIUM,0.374,53,2026-07-01T00:00:00
RISK00669,CURR00669,2.17,1.0,1.0,1.0,1.0,8.75,1,2.01,LOW,0.218,9,2026-07-01T00:00:00
RISK00670,CURR00670,4.03,1.0,1.0,1.0,3.49,10.0,1,2.76,LOW,0.332,67,2026-07-01T00:00:00
RISK00671,CURR00671,7.81,7.71,5.5,1.0,1.0,9.6,3,5.33,HIGH,0.661,163,2026-07-01T00:00:00
RISK00672,CURR00672,5.95,6.9,1.17,1.0,1.96,10.0,1,3.9,MEDIUM,0.525,80,2026-07-01T00:00:00
RISK00673,CURR00673,1.6,1.95,2.83,1.0,3.57,10.0,1,2.79,LOW,0.332,50,2026-07-01T00:00:00
RISK00674,CURR00674,1.0,4.17,5.38,1.0,1.52,10.0,1,3.3,MEDIUM,0.364,12,2026-07-01T00:00:00
RISK00675,CURR00675,1.0,1.19,1.0,1.0,1.54,10.0,1,1.98,LOW,0.227,5,2026-07-01T00:00:00
RISK00676,CURR00676,8.16,2.97,5.81,1.0,2.68,10.0,1,4.76,MEDIUM,0.629,66,2026-07-01T00:00:00
RISK00677,CURR00677,1.14,3.77,4.75,1.0,1.0,10.0,1,3.09,MEDIUM,0.348,67,2026-07-01T00:00:00
RISK00678,CURR00678,2.51,2.09,3.73,1.0,1.0,10.0,3,3.11,MEDIUM,0.333,44,2026-07-01T00:00:00
RISK00679,CURR00679,1.16,3.46,4.41,1.0,3.93,10.0,1,3.28,MEDIUM,0.389,46,2026-07-01T00:00:00
RISK00680,CURR00680,1.0,3.7,3.47,1.0,3.52,10.0,1,3.05,MEDIUM,0.347,30,2026-07-01T00:00:00
RISK00681,CURR00681,4.15,4.12,1.19,2.5,1.22,10.0,1,3.28,MEDIUM,0.647,133,2026-07-01T00:00:00
RISK00682,CURR00682,7.59,1.01,1.0,1.0,1.48,10.0,1,3.27,MEDIUM,0.454,103,2026-07-01T00:00:00
RISK00683,CURR00683,8.88,1.49,3.98,1.0,1.45,10.0,1,4.19,MEDIUM,0.634,153,2026-07-01T00:00:00
RISK00684,CURR00684,8.86,6.74,2.02,1.0,2.29,10.0,1,4.67,MEDIUM,0.641,210,2026-07-01T00:00:00
RISK00685,CURR00685,8.85,2.26,5.91,1.0,1.85,10.0,1,4.73,MEDIUM,0.687,247,2026-07-01T00:00:00
RISK00686,CURR00686,1.0,4.66,2.14,1.0,3.65,10.0,1,2.94,LOW,0.321,32,2026-07-01T00:00:00
RISK00687,CURR00687,8.95,1.0,4.79,1.0,1.0,10.0,1,4.25,MEDIUM,0.628,77,2026-07-01T00:00:00
RISK00688,CURR00688,7.82,7.66,2.65,1.0,2.22,10.0,1,4.71,MEDIUM,0.639,202,2026-07-01T00:00:00
RISK00689,CURR00689,7.76,1.0,5.04,1.0,3.53,4.55,3,3.97,MEDIUM,0.533,55,2026-07-01T00:00:00
RISK00690,CURR00690,6.93,2.27,2.85,1.0,1.0,10.0,1,3.65,MEDIUM,0.488,35,2026-07-01T00:00:00
RISK00691,CURR00691,1.0,2.58,6.04,1.0,1.0,10.0,1,3.15,MEDIUM,0.43,124,2026-07-01T00:00:00
RISK00692,CURR00692,2.65,4.95,5.84,1.0,1.0,8.85,1,3.68,MEDIUM,0.425,93,2026-07-01T00:00:00
RISK00693,CURR00693,8.26,7.87,1.0,1.0,3.8,10.0,1,4.66,MEDIUM,0.643,55,2026-07-01T00:00:00
RISK00694,CURR00694,4.66,5.23,1.0,1.0,2.87,10.0,1,3.45,MEDIUM,0.448,83,2026-07-01T00:00:00
RISK00695,CURR00695,8.85,7.41,1.9,1.0,1.0,7.65,1,4.38,MEDIUM,0.613,111,2026-07-01T00:00:00
RISK00696,CURR00696,7.7,3.28,5.45,1.0,2.19,10.0,1,4.59,MEDIUM,0.607,89,2026-07-01T00:00:00
RISK00697,CURR00697,3.29,2.7,4.07,1.0,3.61,10.0,1,3.49,MEDIUM,0.43,84,2026-07-01T00:00:00
RISK00698,CURR00698,6.64,7.94,1.0,1.0,2.37,10.0,1,4.21,MEDIUM,0.56,61,2026-07-01T00:00:00
RISK00699,CURR00699,3.33,5.92,2.2,1.25,1.5,10.0,1,3.43,MEDIUM,0.549,104,2026-07-01T00:00:00
RISK00700,CURR00700,1.0,5.92,4.37,2.5,3.99,10.0,1,3.84,MEDIUM,0.656,168,2026-07-01T00:00:00
RISK00701,CURR00701,7.34,1.0,4.57,1.0,1.26,10.0,1,3.91,MEDIUM,0.503,140,2026-07-01T00:00:00
RISK00702,CURR00702,7.65,7.33,1.0,1.0,1.0,9.57,1,4.14,MEDIUM,0.562,149,2026-07-01T00:00:00
RISK00703,CURR00703,4.38,7.51,5.84,1.0,1.0,10.0,1,4.52,MEDIUM,0.619,140,2026-07-01T00:00:00
RISK00704,CURR00704,8.19,6.93,3.72,1.0,3.23,10.0,1,4.99,MEDIUM,0.68,146,2026-07-01T00:00:00
RISK00705,CURR00705,3.27,1.0,6.31,1.0,1.0,8.85,1,3.3,MEDIUM,0.362,91,2026-07-01T00:00:00
RISK00706,CURR00706,5.87,1.02,5.75,1.0,1.0,10.0,1,3.83,MEDIUM,0.488,91,2026-07-01T00:00:00
RISK00707,CURR00707,7.95,5.45,3.16,1.25,3.54,10.0,3,4.88,MEDIUM,0.753,95,2026-07-01T00:00:00
RISK00708,CURR00708,3.88,7.19,4.28,1.0,3.39,10.0,1,4.3,MEDIUM,0.543,153,2026-07-01T00:00:00
RISK00709,CURR00709,3.07,1.13,1.0,1.0,3.33,10.0,1,2.57,LOW,0.347,62,2026-07-01T00:00:00
RISK00710,CURR00710,8.12,1.0,5.03,1.0,1.29,10.0,1,4.16,MEDIUM,0.531,68,2026-07-01T00:00:00
RISK00711,CURR00711,1.46,2.44,4.53,1.0,3.83,10.0,1,3.2,MEDIUM,0.379,34,2026-07-01T00:00:00
RISK00712,CURR00712,5.53,1.0,3.88,1.0,2.5,10.0,3,3.73,MEDIUM,0.446,84,2026-07-01T00:00:00
RISK00713,CURR00713,7.46,6.3,1.0,1.0,1.0,10.0,1,3.99,MEDIUM,0.539,18,2026-07-01T00:00:00
RISK00714,CURR00714,1.0,4.64,2.67,1.0,1.73,10.0,3,3.05,MEDIUM,0.375,70,2026-07-01T00:00:00
RISK00715,CURR00715,2.82,1.55,5.91,1.0,1.65,10.0,1,3.39,MEDIUM,0.396,37,2026-07-01T00:00:00
RISK00716,CURR00716,6.64,5.7,4.71,1.0,2.89,7.2,3,4.58,MEDIUM,0.593,128,2026-07-01T00:00:00
RISK00717,CURR00717,2.09,4.81,2.12,1.0,3.93,10.0,1,3.21,MEDIUM,0.396,29,2026-07-01T00:00:00
RISK00718,CURR00718,8.12,1.93,3.08,1.0,2.71,10.0,1,4.05,MEDIUM,0.553,72,2026-07-01T00:00:00
RISK00719,CURR00719,4.07,6.78,1.0,1.0,1.04,10.0,1,3.39,MEDIUM,0.424,98,2026-07-01T00:00:00
RISK00720,CURR00720,8.54,5.09,3.26,1.0,1.0,10.0,1,4.47,MEDIUM,0.598,110,2026-07-01T00:00:00
RISK00721,CURR00721,1.0,6.71,2.24,1.0,1.74,10.0,1,3.08,MEDIUM,0.355,28,2026-07-01T00:00:00
RISK00722,CURR00722,8.53,2.26,4.91,1.0,2.97,10.0,1,4.57,MEDIUM,0.615,37,2026-07-01T00:00:00
RISK00723,CURR00723,1.98,5.39,4.53,1.25,2.25,9.6,1,3.58,MEDIUM,0.545,148,2026-07-01T00:00:00
RISK00724,CURR00724,4.02,5.03,3.16,1.0,1.8,10.0,1,3.62,MEDIUM,0.457,51,2026-07-01T00:00:00
RISK00725,CURR00725,8.34,6.51,2.38,1.0,2.49,10.0,1,4.62,MEDIUM,0.627,110,2026-07-01T00:00:00
RISK00726,CURR00726,3.38,6.87,6.87,1.0,1.94,10.0,3,4.72,MEDIUM,0.608,108,2026-07-01T00:00:00
RISK00727,CURR00727,2.82,5.23,1.43,1.0,1.0,10.0,1,2.98,LOW,0.433,56,2026-07-01T00:00:00
RISK00728,CURR00728,8.16,6.36,5.55,1.0,3.15,10.0,3,5.46,HIGH,0.695,175,2026-07-01T00:00:00
RISK00729,CURR00729,7.37,2.94,3.93,2.5,2.32,10.0,1,4.41,MEDIUM,0.801,140,2026-07-01T00:00:00
RISK00730,CURR00730,1.0,5.28,1.93,1.0,1.12,10.0,3,2.94,LOW,0.31,13,2026-07-01T00:00:00
RISK00731,CURR00731,1.99,2.33,1.76,1.0,3.05,10.0,1,2.65,LOW,0.324,20,2026-07-01T00:00:00
RISK00732,CURR00732,1.64,5.06,1.0,1.0,3.46,10.0,1,2.88,LOW,0.368,41,2026-07-01T00:00:00
RISK00733,CURR00733,3.15,1.0,1.0,1.0,1.32,10.0,1,2.36,LOW,0.338,70,2026-07-01T00:00:00
RISK00734,CURR00734,8.44,4.77,3.23,1.0,2.16,10.0,1,4.52,MEDIUM,0.681,115,2026-07-01T00:00:00
RISK00735,CURR00735,3.88,7.11,3.09,1.0,1.13,10.0,1,3.82,MEDIUM,0.483,71,2026-07-01T00:00:00
RISK00736,CURR00736,1.66,6.86,1.0,1.0,1.0,7.8,1,2.69,LOW,0.378,81,2026-07-01T00:00:00
RISK00737,CURR00737,5.48,7.22,2.32,1.25,1.08,10.0,1,4.04,MEDIUM,0.645,180,2026-07-01T00:00:00
RISK00738,CURR00738,8.03,6.07,1.43,1.0,2.43,10.0,1,4.3,MEDIUM,0.594,37,2026-07-01T00:00:00
RISK00739,CURR00739,1.0,7.51,1.0,1.0,2.12,10.0,1,2.99,LOW,0.36,21,2026-07-01T00:00:00
RISK00740,CURR00740,5.85,7.98,4.21,1.25,2.87,10.0,1,4.78,MEDIUM,0.744,154,2026-07-01T00:00:00
RISK00741,CURR00741,4.71,1.32,2.95,1.0,2.53,10.0,1,3.23,MEDIUM,0.413,52,2026-07-01T00:00:00
RISK00742,CURR00742,1.78,3.64,4.54,1.0,1.13,10.0,3,3.37,MEDIUM,0.39,62,2026-07-01T00:00:00
RISK00743,CURR00743,6.81,1.0,3.0,1.0,1.0,10.0,1,3.46,MEDIUM,0.45,5,2026-07-01T00:00:00
RISK00744,CURR00744,4.87,4.72,6.43,1.0,3.81,10.0,1,4.6,MEDIUM,0.574,86,2026-07-01T00:00:00
RISK00745,CURR00745,4.56,4.36,1.0,1.0,1.56,10.0,3,3.37,MEDIUM,0.414,100,2026-07-01T00:00:00
RISK00746,CURR00746,3.16,3.79,5.21,1.0,1.71,7.9,1,3.45,MEDIUM,0.49,95,2026-07-01T00:00:00
RISK00747,CURR00747,5.97,7.69,4.13,2.5,2.21,10.0,1,4.87,MEDIUM,0.86,257,2026-07-01T00:00:00
RISK00748,CURR00748,8.32,5.94,3.58,1.0,2.03,10.0,1,4.72,MEDIUM,0.633,169,2026-07-01T00:00:00
RISK00749,CURR00749,1.97,1.27,6.58,1.0,1.0,10.0,1,3.25,MEDIUM,0.364,27,2026-07-01T00:00:00
RISK00750,CURR00750,7.97,4.04,2.88,1.0,1.0,10.0,3,4.33,MEDIUM,0.54,128,2026-07-01T00:00:00
RISK00751,CURR00751,5.21,2.86,1.0,1.0,3.72,10.0,1,3.29,MEDIUM,0.436,58,2026-07-01T00:00:00
RISK00752,CURR00752,6.54,1.0,2.06,1.0,3.13,10.0,1,3.43,MEDIUM,0.44,130,2026-07-01T00:00:00
RISK00753,CURR00753,8.3,5.94,1.0,1.0,2.68,10.0,1,4.27,MEDIUM,0.58,156,2026-07-01T00:00:00
RISK00754,CURR00754,8.47,3.4,6.74,1.0,1.0,9.53,3,5.05,HIGH,0.624,46,2026-07-01T00:00:00
RISK00755,CURR00755,1.0,4.18,1.0,1.0,3.2,10.0,1,2.6,LOW,0.284,24,2026-07-01T00:00:00
RISK00756,CURR00756,8.96,6.62,3.02,1.0,1.0,10.0,1,4.74,MEDIUM,0.634,112,2026-07-01T00:00:00
RISK00757,CURR00757,7.03,1.0,5.78,1.0,3.62,10.0,1,4.32,MEDIUM,0.618,129,2026-07-01T00:00:00
RISK00758,CURR00758,4.46,1.0,1.1,1.0,2.33,9.53,1,2.7,LOW,0.339,16,2026-07-01T00:00:00
RISK00759,CURR00759,7.54,5.5,1.0,2.5,3.08,10.0,1,4.32,MEDIUM,0.822,247,2026-07-01T00:00:00
RISK00760,CURR00760,2.4,1.0,1.0,1.0,1.57,9.38,1,2.17,LOW,0.246,11,2026-07-01T00:00:00
RISK00761,CURR00761,5.76,5.36,2.2,1.0,1.18,10.0,1,3.76,MEDIUM,0.559,133,2026-07-01T00:00:00
RISK00762,CURR00762,1.0,3.33,6.01,1.0,2.08,10.0,3,3.56,MEDIUM,0.356,24,2026-07-01T00:00:00
RISK00763,CURR00763,1.94,3.08,3.48,1.0,1.0,8.1,1,2.71,LOW,0.385,66,2026-07-01T00:00:00
RISK00764,CURR00764,5.46,4.96,4.62,1.0,1.0,10.0,1,4.11,MEDIUM,0.509,91,2026-07-01T00:00:00
RISK00765,CURR00765,1.0,2.84,5.17,1.0,1.95,10.0,3,3.3,MEDIUM,0.334,82,2026-07-01T00:00:00
RISK00766,CURR00766,2.26,3.68,2.03,1.0,3.52,8.1,1,2.82,LOW,0.359,48,2026-07-01T00:00:00
RISK00767,CURR00767,1.82,1.0,3.28,1.0,2.71,10.0,1,2.69,LOW,0.367,38,2026-07-01T00:00:00
RISK00768,CURR00768,2.58,1.0,1.0,1.0,2.96,10.0,1,2.41,LOW,0.301,29,2026-07-01T00:00:00
RISK00769,CURR00769,1.0,5.7,4.77,1.0,1.0,10.0,1,3.36,MEDIUM,0.367,100,2026-07-01T00:00:00
RISK00770,CURR00770,1.0,3.61,1.0,1.0,3.82,10.0,1,2.57,LOW,0.294,8,2026-07-01T00:00:00
RISK00771,CURR00771,8.13,7.76,5.58,1.0,3.64,10.0,1,5.52,HIGH,0.733,132,2026-07-01T00:00:00
RISK00772,CURR00772,8.58,2.72,1.02,1.0,3.9,10.0,1,3.97,MEDIUM,0.56,189,2026-07-01T00:00:00
RISK00773,CURR00773,1.41,7.96,3.77,1.0,1.0,10.0,1,3.58,MEDIUM,0.418,74,2026-07-01T00:00:00
RISK00774,CURR00774,5.82,1.34,1.84,1.0,3.85,10.0,1,3.37,MEDIUM,0.451,35,2026-07-01T00:00:00
RISK00775,CURR00775,2.31,1.0,5.91,1.0,3.82,10.0,1,3.43,MEDIUM,0.405,103,2026-07-01T00:00:00
RISK00776,CURR00776,4.77,3.29,6.34,1.0,3.68,10.0,3,4.53,MEDIUM,0.537,152,2026-07-01T00:00:00
RISK00777,CURR00777,4.07,5.35,4.06,1.0,2.01,10.0,1,3.88,MEDIUM,0.482,46,2026-07-01T00:00:00
RISK00778,CURR00778,2.22,1.78,4.23,1.0,1.0,10.0,1,2.91,LOW,0.334,25,2026-07-01T00:00:00
RISK00779,CURR00779,1.85,6.98,1.0,2.5,1.0,10.0,1,3.19,MEDIUM,0.643,172,2026-07-01T00:00:00
RISK00780,CURR00780,8.34,3.29,1.0,1.0,2.99,10.0,1,3.91,MEDIUM,0.533,97,2026-07-01T00:00:00
RISK00781,CURR00781,8.52,1.36,1.66,1.0,1.0,10.0,3,3.79,MEDIUM,0.498,103,2026-07-01T00:00:00
RISK00782,CURR00782,1.0,6.2,2.91,1.0,3.51,9.6,1,3.27,MEDIUM,0.446,62,2026-07-01T00:00:00
RISK00783,CURR00783,3.69,2.41,1.0,1.0,1.55,10.0,1,2.7,LOW,0.332,57,2026-07-01T00:00:00
RISK00784,CURR00784,2.83,1.0,2.1,1.0,4.0,10.0,1,2.79,LOW,0.329,13,2026-07-01T00:00:00
RISK00785,CURR00785,2.19,4.88,1.0,1.25,2.41,10.0,1,2.9,LOW,0.466,101,2026-07-01T00:00:00
RISK00786,CURR00786,7.03,6.18,1.0,1.0,1.14,9.0,1,3.8,MEDIUM,0.571,77,2026-07-01T00:00:00
RISK00787,CURR00787,6.78,4.75,1.0,1.0,3.05,10.0,3,4.02,MEDIUM,0.511,137,2026-07-01T00:00:00
RISK00788,CURR00788,2.72,3.87,6.51,1.25,1.83,10.0,1,3.9,MEDIUM,0.575,128,2026-07-01T00:00:00
RISK00789,CURR00789,2.92,2.13,2.44,1.0,3.03,10.0,1,2.94,LOW,0.365,64,2026-07-01T00:00:00
RISK00790,CURR00790,4.95,6.25,2.18,1.0,2.12,10.0,3,4.03,MEDIUM,0.513,114,2026-07-01T00:00:00
RISK00791,CURR00791,1.14,2.85,6.78,1.0,2.93,10.0,1,3.55,MEDIUM,0.403,61,2026-07-01T00:00:00
RISK00792,CURR00792,1.75,2.7,6.28,1.25,3.9,10.0,1,3.69,MEDIUM,0.558,139,2026-07-01T00:00:00
RISK00793,CURR00793,2.85,1.0,5.22,1.0,2.81,9.6,1,3.26,MEDIUM,0.447,73,2026-07-01T00:00:00
RISK00794,CURR00794,1.0,2.85,1.0,1.0,3.03,6.83,1,2.06,LOW,0.22,12,2026-07-01T00:00:00
RISK00795,CURR00795,1.03,6.05,1.0,1.0,1.0,10.0,1,2.66,LOW,0.292,30,2026-07-01T00:00:00
RISK00796,CURR00796,3.71,5.9,1.0,2.5,1.0,10.0,1,3.4,MEDIUM,0.638,182,2026-07-01T00:00:00
RISK00797,CURR00797,5.56,6.32,1.0,1.0,1.58,9.4,1,3.61,MEDIUM,0.543,70,2026-07-01T00:00:00
RISK00798,CURR00798,3.21,4.88,1.0,1.0,1.0,9.38,1,2.86,LOW,0.344,59,2026-07-01T00:00:00
RISK00799,CURR00799,5.76,3.97,1.0,1.25,1.0,10.0,1,3.33,MEDIUM,0.541,87,2026-07-01T00:00:00
RISK00800,CURR00800,1.0,5.89,1.19,1.25,3.78,8.03,1,2.79,LOW,0.442,103,2026-07-01T00:00:00
RISK00801,CURR00801,1.08,3.07,4.31,1.0,1.0,10.0,1,2.89,LOW,0.383,68,2026-07-01T00:00:00
RISK00802,CURR00802,1.0,1.52,3.88,1.0,3.22,10.0,3,2.98,LOW,0.292,14,2026-07-01T00:00:00
RISK00803,CURR00803,6.38,1.37,4.26,1.0,3.96,9.38,3,4.12,MEDIUM,0.513,125,2026-07-01T00:00:00
RISK00804,CURR00804,3.73,1.0,5.25,1.0,3.29,10.0,3,3.73,MEDIUM,0.426,43,2026-07-01T00:00:00
RISK00805,CURR00805,7.07,6.8,3.39,1.25,1.0,10.0,1,4.5,MEDIUM,0.714,156,2026-07-01T00:00:00
RISK00806,CURR00806,4.59,6.93,4.02,1.0,1.0,9.1,1,4.02,MEDIUM,0.501,79,2026-07-01T00:00:00
RISK00807,CURR00807,7.25,4.63,6.95,1.0,2.57,10.0,1,5.04,HIGH,0.655,165,2026-07-01T00:00:00
RISK00808,CURR00808,5.96,5.1,5.62,1.0,2.92,10.0,1,4.62,MEDIUM,0.594,129,2026-07-01T00:00:00
RISK00809,CURR00809,1.0,4.77,1.0,1.0,3.35,10.0,1,2.7,LOW,0.31,24,2026-07-01T00:00:00
RISK00810,CURR00810,1.57,5.38,1.0,1.0,1.03,10.0,1,2.67,LOW,0.318,55,2026-07-01T00:00:00
RISK00811,CURR00811,8.28,1.34,1.0,1.0,3.64,10.0,1,3.67,MEDIUM,0.514,115,2026-07-01T00:00:00
RISK00812,CURR00812,8.71,2.81,6.31,1.0,3.33,10.0,1,5.01,HIGH,0.664,197,2026-07-01T00:00:00
RISK00813,CURR00813,5.4,7.85,6.3,1.0,1.0,10.0,1,4.87,MEDIUM,0.671,162,2026-07-01T00:00:00
RISK00814,CURR00814,7.5,7.05,4.9,2.5,2.36,10.0,1,5.25,HIGH,0.917,178,2026-07-01T00:00:00
RISK00815,CURR00815,6.61,2.03,3.6,1.0,1.64,10.0,1,3.76,MEDIUM,0.494,104,2026-07-01T00:00:00
RISK00816,CURR00816,7.9,6.13,4.69,1.0,1.0,10.0,1,4.79,MEDIUM,0.625,105,2026-07-01T00:00:00
RISK00817,CURR00817,7.54,6.68,1.0,1.0,3.14,10.0,1,4.27,MEDIUM,0.578,48,2026-07-01T00:00:00
RISK00818,CURR00818,6.18,1.0,1.42,1.0,1.9,9.95,1,3.1,MEDIUM,0.466,60,2026-07-01T00:00:00
RISK00819,CURR00819,1.0,1.0,1.69,1.0,2.92,10.0,1,2.23,LOW,0.294,58,2026-07-01T00:00:00
RISK00820,CURR00820,4.81,5.9,1.43,1.0,2.11,10.0,3,3.79,MEDIUM,0.47,57,2026-07-01T00:00:00
RISK00821,CURR00821,7.74,7.73,1.0,1.0,1.06,7.65,3,4.23,MEDIUM,0.626,182,2026-07-01T00:00:00
RISK00822,CURR00822,1.82,7.96,2.44,1.0,1.2,10.0,1,3.42,MEDIUM,0.472,103,2026-07-01T00:00:00
RISK00823,CURR00823,5.25,6.22,1.0,1.0,1.67,10.0,1,3.6,MEDIUM,0.527,174,2026-07-01T00:00:00
RISK00824,CURR00824,3.7,3.4,3.97,1.0,1.0,10.0,1,3.39,MEDIUM,0.477,152,2026-07-01T00:00:00
RISK00825,CURR00825,8.18,2.04,2.22,1.0,1.66,10.0,1,3.8,MEDIUM,0.522,141,2026-07-01T00:00:00
RISK00826,CURR00826,1.0,1.81,1.99,1.0,2.19,10.0,1,2.34,LOW,0.241,21,2026-07-01T00:00:00
RISK00827,CURR00827,3.9,2.99,1.0,1.0,1.71,1.0,1,1.95,LOW,0.32,63,2026-07-01T00:00:00
RISK00828,CURR00828,4.23,2.64,4.78,1.25,1.0,10.0,1,3.59,MEDIUM,0.549,130,2026-07-01T00:00:00
RISK00829,CURR00829,6.28,4.62,1.66,1.0,1.0,10.0,1,3.63,MEDIUM,0.466,52,2026-07-01T00:00:00
RISK00830,CURR00830,6.96,5.84,5.4,1.0,1.0,10.0,1,4.7,MEDIUM,0.595,94,2026-07-01T00:00:00
RISK00831,CURR00831,7.16,4.25,6.08,1.0,1.53,10.0,1,4.69,MEDIUM,0.605,98,2026-07-01T00:00:00
RISK00832,CURR00832,3.42,2.17,6.23,1.0,3.12,8.25,1,3.64,MEDIUM,0.51,104,2026-07-01T00:00:00
RISK00833,CURR00833,2.46,1.0,5.99,1.25,1.76,9.22,1,3.23,MEDIUM,0.491,143,2026-07-01T00:00:00
RISK00834,CURR00834,1.0,7.33,6.44,1.25,3.24,10.0,1,4.2,MEDIUM,0.582,78,2026-07-01T00:00:00
RISK00835,CURR00835,7.16,1.0,1.03,1.0,1.04,10.0,1,3.14,MEDIUM,0.418,51,2026-07-01T00:00:00
RISK00836,CURR00836,3.43,8.0,3.9,1.0,3.65,8.48,1,4.13,MEDIUM,0.527,96,2026-07-01T00:00:00
RISK00837,CURR00837,3.13,4.61,3.21,1.25,3.34,10.0,1,3.58,MEDIUM,0.566,113,2026-07-01T00:00:00
RISK00838,CURR00838,8.84,6.39,2.18,1.0,2.56,9.95,1,4.66,MEDIUM,0.639,96,2026-07-01T00:00:00
RISK00839,CURR00839,5.76,5.28,2.31,1.0,1.42,10.0,1,3.8,MEDIUM,0.495,124,2026-07-01T00:00:00
RISK00840,CURR00840,1.96,5.32,6.38,1.0,2.65,10.0,1,3.98,MEDIUM,0.463,94,2026-07-01T00:00:00
RISK00841,CURR00841,6.07,6.89,2.62,1.0,1.0,10.0,1,4.12,MEDIUM,0.596,83,2026-07-01T00:00:00
RISK00842,CURR00842,1.0,1.4,4.31,1.0,2.23,10.0,3,2.95,LOW,0.292,33,2026-07-01T00:00:00
RISK00843,CURR00843,5.9,4.61,4.11,1.0,1.28,8.1,1,3.88,MEDIUM,0.512,74,2026-07-01T00:00:00
RISK00844,CURR00844,6.28,5.87,2.46,1.25,3.79,10.0,1,4.29,MEDIUM,0.692,171,2026-07-01T00:00:00
RISK00845,CURR00845,6.6,3.96,1.33,1.0,2.12,10.0,1,3.64,MEDIUM,0.495,85,2026-07-01T00:00:00
RISK00846,CURR00846,5.04,7.17,5.46,1.0,3.61,10.0,1,4.79,MEDIUM,0.669,141,2026-07-01T00:00:00
RISK00847,CURR00847,3.81,3.97,1.75,1.0,2.26,10.0,1,3.18,MEDIUM,0.421,77,2026-07-01T00:00:00
RISK00848,CURR00848,5.62,5.3,1.0,1.0,1.45,9.95,1,3.51,MEDIUM,0.446,87,2026-07-01T00:00:00
RISK00849,CURR00849,1.31,7.5,3.0,1.0,2.3,10.0,1,3.47,MEDIUM,0.41,59,2026-07-01T00:00:00
RISK00850,CURR00850,4.8,4.7,5.62,1.25,3.76,10.0,1,4.45,MEDIUM,0.683,91,2026-07-01T00:00:00
RISK00851,CURR00851,1.81,4.81,1.09,1.25,2.39,10.0,1,2.83,LOW,0.478,128,2026-07-01T00:00:00
RISK00852,CURR00852,5.63,3.52,3.54,1.0,1.34,10.0,1,3.75,MEDIUM,0.555,154,2026-07-01T00:00:00
RISK00853,CURR00853,4.01,7.81,6.64,1.0,3.08,10.0,1,4.86,MEDIUM,0.602,98,2026-07-01T00:00:00
RISK00854,CURR00854,1.0,1.0,1.73,1.0,2.23,8.6,3,2.23,LOW,0.214,17,2026-07-01T00:00:00
RISK00855,CURR00855,2.75,2.92,3.63,1.0,3.94,10.0,1,3.36,MEDIUM,0.425,98,2026-07-01T00:00:00
RISK00856,CURR00856,3.66,1.73,1.0,2.5,1.0,10.0,1,2.77,LOW,0.562,168,2026-07-01T00:00:00
RISK00857,CURR00857,1.0,1.0,1.0,1.0,2.74,10.0,1,2.07,LOW,0.236,21,2026-07-01T00:00:00
RISK00858,CURR00858,1.79,6.84,5.41,1.0,1.14,10.0,1,3.83,MEDIUM,0.451,94,2026-07-01T00:00:00
RISK00859,CURR00859,5.79,1.26,3.41,1.0,1.0,10.0,1,3.38,MEDIUM,0.434,45,2026-07-01T00:00:00
RISK00860,CURR00860,8.09,3.04,2.44,1.25,1.81,10.0,1,4.03,MEDIUM,0.679,114,2026-07-01T00:00:00
RISK00861,CURR00861,7.89,7.29,4.18,1.0,2.4,8.6,1,4.86,MEDIUM,0.656,205,2026-07-01T00:00:00
RISK00862,CURR00862,3.2,1.05,1.0,1.0,3.6,7.92,1,2.4,LOW,0.309,37,2026-07-01T00:00:00
RISK00863,CURR00863,1.0,1.0,1.0,1.0,1.0,10.0,1,1.9,LOW,0.183,7,2026-07-01T00:00:00
RISK00864,CURR00864,4.34,5.47,2.3,1.0,1.0,7.92,1,3.29,MEDIUM,0.423,129,2026-07-01T00:00:00
RISK00865,CURR00865,5.25,1.69,3.48,1.0,1.09,10.0,1,3.36,MEDIUM,0.483,94,2026-07-01T00:00:00
RISK00866,CURR00866,4.23,4.49,3.52,1.0,3.11,10.0,1,3.78,MEDIUM,0.48,54,2026-07-01T00:00:00
RISK00867,CURR00867,2.87,1.0,2.02,1.0,3.65,10.0,1,2.74,LOW,0.338,65,2026-07-01T00:00:00
RISK00868,CURR00868,5.48,4.24,4.29,1.0,3.59,10.0,1,4.2,MEDIUM,0.543,156,2026-07-01T00:00:00
RISK00869,CURR00869,6.25,1.02,1.0,1.0,3.12,10.0,1,3.17,MEDIUM,0.422,92,2026-07-01T00:00:00
RISK00870,CURR00870,3.84,1.63,3.54,1.0,1.08,10.0,1,3.08,MEDIUM,0.439,129,2026-07-01T00:00:00
RISK00871,CURR00871,1.8,4.18,1.62,1.0,3.52,10.0,1,2.91,LOW,0.419,89,2026-07-01T00:00:00
RISK00872,CURR00872,2.0,1.0,3.39,1.25,1.57,10.0,3,2.87,LOW,0.415,124,2026-07-01T00:00:00
RISK00873,CURR00873,2.35,1.76,1.91,1.25,1.0,10.0,3,2.7,LOW,0.421,118,2026-07-01T00:00:00
RISK00874,CURR00874,1.95,4.03,5.58,1.0,2.51,10.0,1,3.61,MEDIUM,0.422,42,2026-07-01T00:00:00
RISK00875,CURR00875,6.01,7.0,4.76,2.5,1.0,10.0,1,4.78,MEDIUM,0.83,225,2026-07-01T00:00:00
RISK00876,CURR00876,4.66,4.82,6.02,1.0,1.0,10.0,1,4.21,MEDIUM,0.574,144,2026-07-01T00:00:00
RISK00877,CURR00877,8.65,3.06,6.64,1.0,1.71,10.0,1,4.94,MEDIUM,0.654,141,2026-07-01T00:00:00
RISK00878,CURR00878,3.93,6.25,6.96,1.0,1.0,10.0,1,4.47,MEDIUM,0.532,123,2026-07-01T00:00:00
RISK00879,CURR00879,4.65,7.14,2.5,1.0,2.38,10.0,1,3.99,MEDIUM,0.517,55,2026-07-01T00:00:00
RISK00880,CURR00880,4.83,6.37,1.85,1.0,2.24,10.0,1,3.77,MEDIUM,0.487,69,2026-07-01T00:00:00
RISK00881,CURR00881,1.81,6.21,2.1,1.0,2.92,10.0,1,3.26,MEDIUM,0.397,49,2026-07-01T00:00:00
RISK00882,CURR00882,1.0,1.0,5.63,1.0,3.63,10.0,3,3.29,MEDIUM,0.337,29,2026-07-01T00:00:00
RISK00883,CURR00883,1.0,1.66,4.06,1.0,2.75,10.0,1,2.79,LOW,0.297,42,2026-07-01T00:00:00
RISK00884,CURR00884,7.47,1.68,1.22,1.0,1.0,10.0,3,3.54,MEDIUM,0.454,104,2026-07-01T00:00:00
RISK00885,CURR00885,4.59,1.0,1.0,1.0,1.56,6.98,1,2.37,LOW,0.309,19,2026-07-01T00:00:00
RISK00886,CURR00886,5.84,5.78,6.67,1.0,1.05,10.0,1,4.72,MEDIUM,0.601,51,2026-07-01T00:00:00
RISK00887,CURR00887,3.51,1.62,4.26,1.25,1.0,10.0,1,3.18,MEDIUM,0.499,129,2026-07-01T00:00:00
RISK00888,CURR00888,7.78,4.74,5.65,1.0,1.73,10.0,1,4.82,MEDIUM,0.634,214,2026-07-01T00:00:00
RISK00889,CURR00889,2.04,4.81,6.4,1.0,1.0,10.0,1,3.76,MEDIUM,0.43,128,2026-07-01T00:00:00
RISK00890,CURR00890,6.45,2.18,3.41,1.0,1.5,10.0,1,3.7,MEDIUM,0.551,40,2026-07-01T00:00:00
RISK00891,CURR00891,5.14,1.29,1.59,1.0,2.19,7.9,1,2.8,LOW,0.382,62,2026-07-01T00:00:00
RISK00892,CURR00892,2.62,1.0,1.68,1.0,2.32,9.4,1,2.43,LOW,0.279,58,2026-07-01T00:00:00
RISK00893,CURR00893,2.81,5.58,4.62,1.0,2.12,7.58,1,3.54,MEDIUM,0.444,111,2026-07-01T00:00:00
RISK00894,CURR00894,3.66,4.74,1.0,1.0,1.6,10.0,1,3.05,MEDIUM,0.377,59,2026-07-01T00:00:00
RISK00895,CURR00895,1.41,2.56,2.31,1.0,3.01,10.0,1,2.68,LOW,0.316,28,2026-07-01T00:00:00
RISK00896,CURR00896,3.0,6.88,3.69,1.0,3.93,10.0,3,4.21,MEDIUM,0.515,132,2026-07-01T00:00:00
RISK00897,CURR00897,6.73,6.21,5.23,1.0,2.63,10.0,1,4.84,MEDIUM,0.626,91,2026-07-01T00:00:00
RISK00898,CURR00898,7.14,7.26,1.71,1.0,2.79,10.0,1,4.39,MEDIUM,0.594,124,2026-07-01T00:00:00
RISK00899,CURR00899,7.49,5.67,1.0,1.0,1.0,10.0,3,4.1,MEDIUM,0.528,73,2026-07-01T00:00:00
RISK00900,CURR00900,2.66,5.71,3.97,1.0,1.64,10.0,1,3.6,MEDIUM,0.441,104,2026-07-01T00:00:00
RISK00901,CURR00901,2.43,1.01,5.37,2.5,1.47,10.0,3,3.53,MEDIUM,0.611,211,2026-07-01T00:00:00
RISK00902,CURR00902,7.19,3.32,6.84,1.0,1.13,10.0,1,4.67,MEDIUM,0.592,144,2026-07-01T00:00:00
RISK00903,CURR00903,6.02,3.15,4.59,1.0,2.57,10.0,1,4.1,MEDIUM,0.57,35,2026-07-01T00:00:00
RISK00904,CURR00904,1.0,6.62,4.11,1.0,3.09,10.0,1,3.57,MEDIUM,0.414,92,2026-07-01T00:00:00
RISK00905,CURR00905,8.17,4.35,2.34,1.0,3.23,10.0,1,4.33,MEDIUM,0.592,63,2026-07-01T00:00:00
RISK00906,CURR00906,1.36,7.94,1.0,1.0,2.53,10.0,1,3.17,MEDIUM,0.457,64,2026-07-01T00:00:00
RISK00907,CURR00907,8.41,2.42,1.0,1.0,1.0,10.0,1,3.6,MEDIUM,0.476,35,2026-07-01T00:00:00
RISK00908,CURR00908,5.45,1.52,1.0,1.0,3.46,9.03,1,3.02,MEDIUM,0.399,93,2026-07-01T00:00:00
RISK00909,CURR00909,2.74,2.53,5.89,1.0,2.5,10.0,1,3.61,MEDIUM,0.499,58,2026-07-01T00:00:00
RISK00910,CURR00910,8.47,5.05,1.0,1.0,1.0,10.0,1,4.0,MEDIUM,0.558,32,2026-07-01T00:00:00
RISK00911,CURR00911,2.14,7.76,4.43,1.0,1.0,10.0,1,3.83,MEDIUM,0.456,76,2026-07-01T00:00:00
RISK00912,CURR00912,1.0,6.64,6.19,1.0,3.8,10.0,1,4.06,MEDIUM,0.506,68,2026-07-01T00:00:00
RISK00913,CURR00913,3.91,5.94,4.49,1.0,1.36,10.0,1,3.96,MEDIUM,0.488,72,2026-07-01T00:00:00
RISK00914,CURR00914,5.75,1.0,1.32,1.0,3.4,10.0,1,3.15,MEDIUM,0.462,46,2026-07-01T00:00:00
RISK00915,CURR00915,6.59,5.12,1.41,1.0,2.24,10.0,1,3.84,MEDIUM,0.522,59,2026-07-01T00:00:00
RISK00916,CURR00916,1.61,4.71,5.61,1.0,2.17,9.4,1,3.56,MEDIUM,0.475,92,2026-07-01T00:00:00
RISK00917,CURR00917,6.49,7.98,1.0,1.0,2.63,10.0,1,4.21,MEDIUM,0.616,100,2026-07-01T00:00:00
RISK00918,CURR00918,4.03,1.37,4.87,1.0,1.0,10.0,1,3.34,MEDIUM,0.405,57,2026-07-01T00:00:00
RISK00919,CURR00919,8.11,7.16,1.0,1.0,2.5,10.0,1,4.4,MEDIUM,0.613,197,2026-07-01T00:00:00
RISK00920,CURR00920,7.92,6.22,2.9,1.0,1.56,10.0,1,4.5,MEDIUM,0.615,76,2026-07-01T00:00:00
RISK00921,CURR00921,8.56,6.53,3.79,1.0,2.37,10.0,1,4.94,MEDIUM,0.665,124,2026-07-01T00:00:00
RISK00922,CURR00922,8.63,6.04,6.1,1.0,1.0,10.0,1,5.2,HIGH,0.694,151,2026-07-01T00:00:00
RISK00923,CURR00923,3.25,6.56,3.39,1.0,3.28,10.0,1,3.89,MEDIUM,0.499,57,2026-07-01T00:00:00
RISK00924,CURR00924,1.0,4.47,1.54,1.0,3.4,10.0,3,2.97,LOW,0.324,46,2026-07-01T00:00:00
RISK00925,CURR00925,5.97,2.67,2.66,1.0,2.26,10.0,3,3.8,MEDIUM,0.475,61,2026-07-01T00:00:00
RISK00926,CURR00926,2.18,2.55,1.0,1.0,1.56,10.0,1,2.42,LOW,0.281,40,2026-07-01T00:00:00
RISK00927,CURR00927,4.26,6.23,2.06,1.0,1.0,10.0,1,3.55,MEDIUM,0.442,58,2026-07-01T00:00:00
RISK00928,CURR00928,6.11,3.89,6.63,1.0,1.0,5.0,1,3.98,MEDIUM,0.537,132,2026-07-01T00:00:00
RISK00929,CURR00929,5.07,4.39,6.77,1.0,1.0,10.0,1,4.38,MEDIUM,0.534,94,2026-07-01T00:00:00
RISK00930,CURR00930,3.26,1.0,4.36,1.25,3.2,10.0,1,3.28,MEDIUM,0.509,118,2026-07-01T00:00:00
RISK00931,CURR00931,8.24,1.0,4.95,1.0,1.73,10.0,1,4.21,MEDIUM,0.539,75,2026-07-01T00:00:00
RISK00932,CURR00932,1.0,6.14,6.68,1.0,3.77,9.38,3,4.22,MEDIUM,0.446,112,2026-07-01T00:00:00
RISK00933,CURR00933,1.0,3.33,3.21,1.0,3.72,1.0,1,2.06,LOW,0.286,50,2026-07-01T00:00:00
RISK00934,CURR00934,8.93,6.65,3.97,1.25,1.43,10.0,1,5.01,HIGH,0.794,230,2026-07-01T00:00:00
RISK00935,CURR00935,7.99,5.6,1.71,1.0,1.48,9.22,1,4.1,MEDIUM,0.565,107,2026-07-01T00:00:00
RISK00936,CURR00936,7.46,1.68,1.96,1.0,3.74,10.0,3,3.96,MEDIUM,0.517,18,2026-07-01T00:00:00
RISK00937,CURR00937,2.98,1.0,3.98,1.0,3.42,10.0,1,3.13,MEDIUM,0.374,50,2026-07-01T00:00:00
RISK00938,CURR00938,4.82,1.0,5.59,1.0,1.0,10.0,3,3.78,MEDIUM,0.429,149,2026-07-01T00:00:00
RISK00939,CURR00939,3.23,1.14,1.9,1.0,3.11,1.0,1,1.86,LOW,0.3,49,2026-07-01T00:00:00
RISK00940,CURR00940,2.32,7.16,2.99,1.0,1.61,10.0,1,3.55,MEDIUM,0.494,102,2026-07-01T00:00:00
RISK00941,CURR00941,1.05,1.21,6.91,1.25,3.87,10.0,1,3.45,MEDIUM,0.522,148,2026-07-01T00:00:00
RISK00942,CURR00942,7.96,6.25,3.42,1.0,2.72,10.0,1,4.74,MEDIUM,0.64,187,2026-07-01T00:00:00
RISK00943,CURR00943,7.81,3.11,6.89,1.0,2.6,9.03,1,4.82,MEDIUM,0.691,167,2026-07-01T00:00:00
RISK00944,CURR00944,6.29,6.98,1.0,1.0,1.8,10.0,1,3.94,MEDIUM,0.583,139,2026-07-01T00:00:00
RISK00945,CURR00945,6.13,4.82,5.64,1.25,1.64,10.0,1,4.53,MEDIUM,0.699,147,2026-07-01T00:00:00
RISK00946,CURR00946,2.29,1.58,1.41,1.0,1.0,7.2,1,2.05,LOW,0.263,43,2026-07-01T00:00:00
RISK00947,CURR00947,3.94,2.57,5.48,1.0,2.5,10.0,1,3.77,MEDIUM,0.459,68,2026-07-01T00:00:00
RISK00948,CURR00948,7.92,7.77,6.02,1.0,1.0,10.0,1,5.3,HIGH,0.744,82,2026-07-01T00:00:00
RISK00949,CURR00949,5.43,5.66,1.0,1.0,3.45,10.0,1,3.73,MEDIUM,0.554,67,2026-07-01T00:00:00
RISK00950,CURR00950,1.01,2.86,4.44,1.0,3.7,10.0,1,3.14,MEDIUM,0.37,36,2026-07-01T00:00:00
RISK00951,CURR00951,5.7,5.65,1.0,1.0,2.97,10.0,1,3.73,MEDIUM,0.488,113,2026-07-01T00:00:00
RISK00952,CURR00952,3.59,6.02,4.93,1.0,1.68,10.0,1,4.03,MEDIUM,0.501,61,2026-07-01T00:00:00
RISK00953,CURR00953,5.62,7.88,1.71,1.0,1.0,10.0,1,4.0,MEDIUM,0.522,110,2026-07-01T00:00:00
RISK00954,CURR00954,7.48,6.45,4.3,1.0,1.0,10.0,1,4.67,MEDIUM,0.618,129,2026-07-01T00:00:00
RISK00955,CURR00955,2.05,3.92,4.18,1.0,1.01,10.0,1,3.19,MEDIUM,0.373,67,2026-07-01T00:00:00
RISK00956,CURR00956,1.17,3.52,3.38,1.0,1.0,10.0,1,2.79,LOW,0.318,62,2026-07-01T00:00:00
RISK00957,CURR00957,2.03,3.71,1.51,1.0,1.0,10.0,1,2.61,LOW,0.31,51,2026-07-01T00:00:00
RISK00958,CURR00958,8.33,5.87,1.31,1.0,2.08,10.0,3,4.47,MEDIUM,0.591,144,2026-07-01T00:00:00
RISK00959,CURR00959,1.0,4.89,6.39,1.0,2.57,10.0,3,3.92,MEDIUM,0.403,108,2026-07-01T00:00:00
RISK00960,CURR00960,3.03,1.43,2.84,2.5,3.1,10.0,1,3.17,MEDIUM,0.616,184,2026-07-01T00:00:00
RISK00961,CURR00961,2.33,3.94,4.39,1.0,1.0,10.0,1,3.29,MEDIUM,0.458,109,2026-07-01T00:00:00
RISK00962,CURR00962,6.21,4.61,6.19,1.0,2.66,10.0,3,4.89,MEDIUM,0.597,220,2026-07-01T00:00:00
RISK00963,CURR00963,4.11,2.27,4.19,1.0,1.87,10.0,1,3.44,MEDIUM,0.497,91,2026-07-01T00:00:00
RISK00964,CURR00964,8.11,1.02,5.06,1.0,1.08,10.0,3,4.35,MEDIUM,0.544,53,2026-07-01T00:00:00
RISK00965,CURR00965,3.45,6.26,5.57,1.0,3.9,10.0,1,4.38,MEDIUM,0.603,156,2026-07-01T00:00:00
RISK00966,CURR00966,1.0,5.89,5.76,1.0,1.0,10.0,3,3.79,MEDIUM,0.441,38,2026-07-01T00:00:00
RISK00967,CURR00967,8.05,3.27,4.46,1.0,1.0,10.0,3,4.54,MEDIUM,0.566,134,2026-07-01T00:00:00
RISK00968,CURR00968,5.54,6.42,1.4,2.5,1.86,10.0,1,4.01,MEDIUM,0.758,264,2026-07-01T00:00:00
RISK00969,CURR00969,6.22,2.28,5.03,1.25,1.3,10.0,3,4.21,MEDIUM,0.64,118,2026-07-01T00:00:00
RISK00970,CURR00970,6.27,1.0,1.0,1.25,1.51,10.0,1,3.04,MEDIUM,0.526,82,2026-07-01T00:00:00
RISK00971,CURR00971,6.58,6.18,2.43,1.25,1.02,8.1,1,3.93,MEDIUM,0.655,210,2026-07-01T00:00:00
RISK00972,CURR00972,1.0,4.14,1.0,1.0,2.58,10.0,1,2.53,LOW,0.271,14,2026-07-01T00:00:00
RISK00973,CURR00973,8.89,7.35,4.9,1.0,1.0,10.0,1,5.21,HIGH,0.687,170,2026-07-01T00:00:00
RISK00974,CURR00974,6.36,4.33,4.39,1.0,1.0,10.0,1,4.15,MEDIUM,0.549,77,2026-07-01T00:00:00
RISK00975,CURR00975,3.37,6.32,5.56,1.0,1.0,10.0,1,4.08,MEDIUM,0.494,78,2026-07-01T00:00:00
RISK00976,CURR00976,5.79,2.27,2.86,1.0,1.0,10.0,1,3.42,MEDIUM,0.494,143,2026-07-01T00:00:00
RISK00977,CURR00977,4.91,4.18,1.25,1.0,1.0,8.03,1,3.01,MEDIUM,0.395,20,2026-07-01T00:00:00
RISK00978,CURR00978,2.57,5.59,6.61,2.5,3.69,7.95,1,4.31,MEDIUM,0.751,187,2026-07-01T00:00:00
RISK00979,CURR00979,8.2,3.01,1.94,1.0,3.67,10.0,1,4.1,MEDIUM,0.573,56,2026-07-01T00:00:00
RISK00980,CURR00980,4.87,3.79,5.35,1.0,1.0,10.0,1,3.96,MEDIUM,0.491,98,2026-07-01T00:00:00
RISK00981,CURR00981,1.0,7.56,6.79,1.0,2.53,8.33,1,4.03,MEDIUM,0.521,77,2026-07-01T00:00:00
RISK00982,CURR00982,6.83,6.23,2.56,1.0,2.63,10.0,1,4.33,MEDIUM,0.578,117,2026-07-01T00:00:00
RISK00983,CURR00983,1.95,4.02,1.07,1.25,1.0,8.33,1,2.43,LOW,0.42,120,2026-07-01T00:00:00
RISK00984,CURR00984,4.48,7.94,5.77,1.0,1.8,10.0,1,4.67,MEDIUM,0.641,131,2026-07-01T00:00:00
RISK00985,CURR00985,3.06,3.52,2.95,1.0,1.48,10.0,1,3.13,MEDIUM,0.384,66,2026-07-01T00:00:00
RISK00986,CURR00986,1.0,5.96,3.68,1.0,3.37,10.0,3,3.62,MEDIUM,0.395,42,2026-07-01T00:00:00
RISK00987,CURR00987,1.6,1.0,4.07,1.0,1.77,10.0,1,2.71,LOW,0.305,17,2026-07-01T00:00:00
RISK00988,CURR00988,7.81,1.8,2.37,1.0,1.78,6.83,3,3.62,MEDIUM,0.491,63,2026-07-01T00:00:00
RISK00989,CURR00989,3.08,7.5,1.0,1.0,1.0,10.0,1,3.29,MEDIUM,0.408,67,2026-07-01T00:00:00
RISK00990,CURR00990,1.05,1.0,1.0,1.0,1.0,9.18,1,1.83,LOW,0.185,5,2026-07-01T00:00:00
RISK00991,CURR00991,5.33,3.82,3.43,1.0,3.44,10.0,1,3.92,MEDIUM,0.575,169,2026-07-01T00:00:00
RISK00992,CURR00992,6.85,2.19,1.0,1.0,1.0,10.0,1,3.25,MEDIUM,0.429,24,2026-07-01T00:00:00
RISK00993,CURR00993,7.25,5.94,1.47,1.0,2.73,10.0,1,4.16,MEDIUM,0.63,145,2026-07-01T00:00:00
RISK00994,CURR00994,3.62,1.49,4.92,1.0,1.03,10.0,3,3.48,MEDIUM,0.396,68,2026-07-01T00:00:00
RISK00995,CURR00995,7.5,5.02,3.71,1.0,1.0,10.0,3,4.54,MEDIUM,0.564,46,2026-07-01T00:00:00
RISK00996,CURR00996,8.57,3.82,2.87,1.0,1.0,10.0,1,4.21,MEDIUM,0.566,132,2026-07-01T00:00:00
RISK00997,CURR00997,1.87,7.63,2.61,1.0,1.11,10.0,1,3.4,MEDIUM,0.421,71,2026-07-01T00:00:00
RISK00998,CURR00998,1.22,1.81,6.96,1.0,1.38,10.0,1,3.3,MEDIUM,0.369,31,2026-07-01T00:00:00
RISK00999,CURR00999,1.85,2.89,3.84,1.0,2.71,10.0,1,3.09,MEDIUM,0.369,60,2026-07-01T00:00:00
RISK01000,CURR01000,3.5,6.91,6.89,2.5,1.12,10.0,1,4.7,MEDIUM,0.795,284,2026-07-01T00:00:00
RISK01001,CURR01001,5.96,3.14,1.8,1.0,1.58,10.0,3,3.63,MEDIUM,0.452,134,2026-07-01T00:00:00
RISK01002,CURR01002,7.52,2.9,1.67,1.0,2.02,10.0,1,3.73,MEDIUM,0.513,32,2026-07-01T00:00:00
RISK01003,CURR01003,1.98,5.71,5.36,1.0,3.32,10.0,1,3.91,MEDIUM,0.469,98,2026-07-01T00:00:00
RISK01004,CURR01004,4.67,5.6,2.68,1.0,1.04,10.0,1,3.66,MEDIUM,0.481,71,2026-07-01T00:00:00
RISK01005,CURR01005,1.0,2.58,1.91,1.25,3.41,10.0,1,2.6,LOW,0.403,81,2026-07-01T00:00:00
RISK01006,CURR01006,8.5,6.16,3.05,1.0,1.0,10.0,1,4.58,MEDIUM,0.611,86,2026-07-01T00:00:00
RISK01007,CURR01007,2.19,1.0,4.29,1.0,1.67,10.0,1,2.86,LOW,0.324,22,2026-07-01T00:00:00
RISK01008,CURR01008,2.02,2.23,1.97,1.0,1.0,9.4,1,2.42,LOW,0.277,43,2026-07-01T00:00:00
RISK01009,CURR01009,6.4,6.68,4.12,1.0,1.2,10.0,3,4.68,MEDIUM,0.58,105,2026-07-01T00:00:00
RISK01010,CURR01010,7.7,5.17,5.11,1.0,2.6,10.0,1,4.85,MEDIUM,0.637,135,2026-07-01T00:00:00
RISK01011,CURR01011,1.53,4.87,5.56,1.0,3.5,1.0,1,2.85,LOW,0.395,93,2026-07-01T00:00:00
RISK01012,CURR01012,5.62,3.81,4.83,1.0,1.0,10.0,1,4.01,MEDIUM,0.509,45,2026-07-01T00:00:00
RISK01013,CURR01013,2.49,1.98,5.65,1.0,2.26,10.0,1,3.4,MEDIUM,0.407,65,2026-07-01T00:00:00
RISK01014,CURR01014,8.69,7.01,5.63,1.0,1.85,10.0,1,5.35,HIGH,0.71,129,2026-07-01T00:00:00
RISK01015,CURR01015,1.0,5.24,5.13,1.0,2.43,10.0,1,3.5,MEDIUM,0.398,61,2026-07-01T00:00:00
RISK01016,CURR01016,3.27,7.19,4.2,1.0,1.98,10.0,1,4.02,MEDIUM,0.497,88,2026-07-01T00:00:00
RISK01017,CURR01017,3.31,1.45,1.35,1.0,1.89,10.0,1,2.59,LOW,0.323,64,2026-07-01T00:00:00
RISK01018,CURR01018,2.46,1.0,4.14,1.25,2.37,10.0,1,2.99,LOW,0.463,98,2026-07-01T00:00:00
RISK01019,CURR01019,6.45,1.53,3.54,1.0,3.37,10.0,1,3.81,MEDIUM,0.513,143,2026-07-01T00:00:00
RISK01020,CURR01020,2.32,1.63,3.66,1.0,1.0,10.0,1,2.79,LOW,0.313,37,2026-07-01T00:00:00
RISK01021,CURR01021,2.36,1.23,4.9,1.0,1.42,10.0,1,3.03,MEDIUM,0.352,60,2026-07-01T00:00:00
RISK01022,CURR01022,8.54,7.42,2.26,1.0,3.49,7.9,1,4.66,MEDIUM,0.656,115,2026-07-01T00:00:00
RISK01023,CURR01023,1.0,4.94,1.0,1.0,1.41,10.0,3,2.73,LOW,0.324,74,2026-07-01T00:00:00
RISK01024,CURR01024,1.0,3.27,4.58,1.0,2.9,10.0,1,3.15,MEDIUM,0.361,65,2026-07-01T00:00:00
RISK01025,CURR01025,8.76,5.31,1.0,1.0,1.7,7.67,1,3.94,MEDIUM,0.555,146,2026-07-01T00:00:00
RISK01026,CURR01026,6.8,7.81,4.85,2.5,1.0,7.15,1,4.79,MEDIUM,0.859,212,2026-07-01T00:00:00
RISK01027,CURR01027,1.99,1.0,5.4,1.0,1.86,10.0,1,3.06,MEDIUM,0.345,55,2026-07-01T00:00:00
RISK01028,CURR01028,1.68,1.0,2.46,1.0,1.0,10.0,3,2.53,LOW,0.316,51,2026-07-01T00:00:00
RISK01029,CURR01029,3.45,1.66,3.32,1.0,2.7,10.0,3,3.32,MEDIUM,0.384,61,2026-07-01T00:00:00
RISK01030,CURR01030,1.0,6.56,6.48,1.0,1.0,10.0,1,3.83,MEDIUM,0.42,127,2026-07-01T00:00:00
RISK01031,CURR01031,1.0,5.49,1.0,1.0,1.0,10.0,1,2.57,LOW,0.288,41,2026-07-01T00:00:00
RISK01032,CURR01032,7.85,6.22,1.0,1.0,1.0,8.33,1,3.89,MEDIUM,0.537,110,2026-07-01T00:00:00
RISK01033,CURR01033,5.3,1.0,4.95,1.25,2.63,10.0,3,3.95,MEDIUM,0.594,155,2026-07-01T00:00:00
RISK01034,CURR01034,5.8,3.4,6.12,1.0,1.0,10.0,1,4.24,MEDIUM,0.531,147,2026-07-01T00:00:00
RISK01035,CURR01035,8.99,3.74,5.39,1.0,3.99,10.0,1,5.09,HIGH,0.74,238,2026-07-01T00:00:00
RISK01036,CURR01036,1.0,6.62,2.91,1.0,1.0,10.0,1,3.12,MEDIUM,0.343,55,2026-07-01T00:00:00
RISK01037,CURR01037,1.98,5.8,6.12,1.0,1.0,10.0,1,3.84,MEDIUM,0.446,118,2026-07-01T00:00:00
RISK01038,CURR01038,4.83,3.99,5.79,1.0,1.56,10.0,1,4.13,MEDIUM,0.515,66,2026-07-01T00:00:00
RISK01039,CURR01039,5.89,7.02,1.0,1.0,3.9,10.0,1,4.07,MEDIUM,0.533,41,2026-07-01T00:00:00
RISK01040,CURR01040,1.0,4.47,3.9,1.0,1.0,10.0,1,3.0,LOW,0.319,19,2026-07-01T00:00:00
RISK01041,CURR01041,8.56,4.9,4.55,1.0,1.0,10.0,1,4.71,MEDIUM,0.622,135,2026-07-01T00:00:00
RISK01042,CURR01042,8.48,4.04,1.0,1.0,1.06,9.0,1,3.76,MEDIUM,0.518,56,2026-07-01T00:00:00
RISK01043,CURR01043,8.11,3.77,1.2,1.0,3.5,10.0,1,4.03,MEDIUM,0.637,142,2026-07-01T00:00:00
RISK01044,CURR01044,1.0,5.66,2.29,1.0,3.38,9.2,3,3.21,MEDIUM,0.337,39,2026-07-01T00:00:00
RISK01045,CURR01045,5.44,1.0,1.0,1.0,2.01,10.0,1,2.89,LOW,0.453,115,2026-07-01T00:00:00
RISK01046,CURR01046,8.73,3.55,2.7,2.5,1.0,10.0,1,4.39,MEDIUM,0.82,249,2026-07-01T00:00:00
RISK01047,CURR01047,7.84,1.24,5.3,1.0,2.33,10.0,1,4.3,MEDIUM,0.564,86,2026-07-01T00:00:00
RISK01048,CURR01048,8.32,4.52,1.0,1.0,3.95,10.0,1,4.19,MEDIUM,0.579,161,2026-07-01T00:00:00
RISK01049,CURR01049,4.92,6.27,2.04,1.0,1.0,10.0,1,3.68,MEDIUM,0.475,87,2026-07-01T00:00:00
RISK01050,CURR01050,4.6,6.87,2.0,1.0,3.87,10.0,1,3.99,MEDIUM,0.585,76,2026-07-01T00:00:00
RISK01051,CURR01051,1.9,1.95,1.19,1.0,2.61,10.0,1,2.42,LOW,0.292,32,2026-07-01T00:00:00
RISK01052,CURR01052,4.11,3.82,3.47,1.0,1.0,9.03,1,3.34,MEDIUM,0.41,65,2026-07-01T00:00:00
RISK01053,CURR01053,7.67,5.76,1.0,1.0,1.47,10.0,1,4.0,MEDIUM,0.538,122,2026-07-01T00:00:00
RISK01054,CURR01054,1.0,4.11,2.28,1.0,3.09,10.0,1,2.83,LOW,0.299,47,2026-07-01T00:00:00
RISK01055,CURR01055,3.47,5.05,5.07,2.5,3.88,10.0,1,4.33,MEDIUM,0.787,239,2026-07-01T00:00:00
RISK01056,CURR01056,1.7,1.56,1.0,1.0,1.0,10.0,1,2.12,LOW,0.23,26,2026-07-01T00:00:00
RISK01057,CURR01057,4.86,6.28,1.28,1.0,3.7,5.0,3,3.49,MEDIUM,0.477,64,2026-07-01T00:00:00
RISK01058,CURR01058,3.19,1.0,5.92,1.0,3.96,10.0,1,3.62,MEDIUM,0.421,25,2026-07-01T00:00:00
RISK01059,CURR01059,6.34,4.87,6.45,1.0,1.0,10.0,1,4.64,MEDIUM,0.588,79,2026-07-01T00:00:00
RISK01060,CURR01060,5.58,3.07,3.99,1.0,1.0,10.0,1,3.72,MEDIUM,0.48,43,2026-07-01T00:00:00
RISK01061,CURR01061,1.0,4.44,1.0,1.0,3.22,10.0,1,2.64,LOW,0.312,40,2026-07-01T00:00:00
RISK01062,CURR01062,6.14,1.0,6.91,1.0,3.32,10.0,1,4.34,MEDIUM,0.542,74,2026-07-01T00:00:00
RISK01063,CURR01063,5.52,6.67,3.04,1.0,1.16,10.0,1,4.08,MEDIUM,0.565,77,2026-07-01T00:00:00
RISK01064,CURR01064,7.53,2.79,4.84,1.0,2.5,10.0,1,4.39,MEDIUM,0.577,40,2026-07-01T00:00:00
RISK01065,CURR01065,2.85,7.72,1.0,1.0,2.06,10.0,1,3.38,MEDIUM,0.415,71,2026-07-01T00:00:00
RISK01066,CURR01066,2.72,4.09,4.11,1.0,2.49,10.0,1,3.48,MEDIUM,0.477,75,2026-07-01T00:00:00
RISK01067,CURR01067,1.9,1.0,4.74,1.0,1.19,10.0,1,2.85,LOW,0.308,61,2026-07-01T00:00:00
RISK01068,CURR01068,3.0,1.8,2.42,1.0,1.0,10.0,3,2.9,LOW,0.323,58,2026-07-01T00:00:00
RISK01069,CURR01069,1.31,1.0,5.21,1.0,1.0,10.0,1,2.8,LOW,0.286,55,2026-07-01T00:00:00
RISK01070,CURR01070,7.2,3.68,6.87,1.0,1.94,10.0,1,4.81,MEDIUM,0.613,193,2026-07-01T00:00:00
RISK01071,CURR01071,1.0,1.09,5.56,1.25,1.0,10.0,1,2.86,LOW,0.408,77,2026-07-01T00:00:00
RISK01072,CURR01072,7.34,4.66,1.1,1.0,2.31,9.38,3,4.01,MEDIUM,0.524,161,2026-07-01T00:00:00
RISK01073,CURR01073,2.04,1.97,4.79,1.0,3.51,10.0,1,3.26,MEDIUM,0.389,64,2026-07-01T00:00:00
RISK01074,CURR01074,2.25,4.6,3.26,1.0,3.58,10.0,1,3.4,MEDIUM,0.421,86,2026-07-01T00:00:00
RISK01075,CURR01075,5.58,5.09,3.18,1.0,3.68,10.0,1,4.13,MEDIUM,0.546,67,2026-07-01T00:00:00
RISK01076,CURR01076,8.14,1.99,1.2,1.0,1.54,10.0,1,3.57,MEDIUM,0.503,71,2026-07-01T00:00:00
RISK01077,CURR01077,3.58,5.06,6.81,1.0,2.82,7.32,1,4.1,MEDIUM,0.514,121,2026-07-01T00:00:00
RISK01078,CURR01078,2.95,2.34,1.0,2.5,3.09,10.0,3,3.12,MEDIUM,0.591,157,2026-07-01T00:00:00
RISK01079,CURR01079,1.0,2.16,6.56,2.5,1.04,10.0,1,3.42,MEDIUM,0.605,219,2026-07-01T00:00:00
RISK01080,CURR01080,1.98,5.61,6.23,1.0,1.22,10.0,3,4.06,MEDIUM,0.451,98,2026-07-01T00:00:00
RISK01081,CURR01081,4.76,7.44,5.43,1.0,3.17,10.0,1,4.72,MEDIUM,0.597,122,2026-07-01T00:00:00
RISK01082,CURR01082,4.4,7.77,4.67,1.0,1.31,10.0,1,4.36,MEDIUM,0.607,175,2026-07-01T00:00:00
RISK01083,CURR01083,7.2,6.16,6.3,1.0,2.11,10.0,1,5.08,HIGH,0.656,98,2026-07-01T00:00:00
RISK01084,CURR01084,2.89,5.05,2.1,1.0,3.42,10.0,3,3.55,MEDIUM,0.421,47,2026-07-01T00:00:00
RISK01085,CURR01085,4.63,5.19,1.0,1.0,1.58,10.0,1,3.31,MEDIUM,0.428,16,2026-07-01T00:00:00
RISK01086,CURR01086,4.39,1.32,6.53,1.0,3.8,10.0,1,4.01,MEDIUM,0.494,65,2026-07-01T00:00:00
RISK01087,CURR01087,7.62,7.02,1.0,1.0,1.19,10.0,1,4.15,MEDIUM,0.567,142,2026-07-01T00:00:00
RISK01088,CURR01088,8.02,1.99,6.57,1.25,3.46,10.0,1,4.85,MEDIUM,0.755,243,2026-07-01T00:00:00
RISK01089,CURR01089,4.63,2.97,1.0,1.0,2.56,10.0,1,3.08,MEDIUM,0.405,88,2026-07-01T00:00:00
RISK01090,CURR01090,7.6,1.0,2.39,1.25,3.84,10.0,1,3.82,MEDIUM,0.64,124,2026-07-01T00:00:00
RISK01091,CURR01091,6.44,1.2,6.18,1.0,1.5,10.0,1,4.1,MEDIUM,0.517,112,2026-07-01T00:00:00
RISK01092,CURR01092,2.99,1.61,2.09,1.0,1.28,10.0,1,2.64,LOW,0.322,53,2026-07-01T00:00:00
RISK01093,CURR01093,1.81,7.76,2.94,1.0,3.26,10.0,3,3.89,MEDIUM,0.453,95,2026-07-01T00:00:00
RISK01094,CURR01094,4.61,1.0,1.0,2.5,1.0,10.0,1,2.85,LOW,0.55,131,2026-07-01T00:00:00
RISK01095,CURR01095,4.33,7.19,3.19,1.0,1.0,1.0,3,3.23,MEDIUM,0.444,53,2026-07-01T00:00:00
RISK01096,CURR01096,6.99,7.27,1.0,1.25,1.67,10.0,1,4.14,MEDIUM,0.676,127,2026-07-01T00:00:00
RISK01097,CURR01097,4.86,1.53,6.7,1.25,3.22,10.0,1,4.15,MEDIUM,0.632,114,2026-07-01T00:00:00
RISK01098,CURR01098,7.27,6.91,1.0,1.25,1.97,10.0,1,4.17,MEDIUM,0.698,187,2026-07-01T00:00:00
RISK01099,CURR01099,4.03,4.3,1.85,1.0,3.67,10.0,1,3.44,MEDIUM,0.451,18,2026-07-01T00:00:00
RISK01100,CURR01100,7.35,3.94,5.88,1.0,1.0,10.0,1,4.59,MEDIUM,0.65,168,2026-07-01T00:00:00
RISK01101,CURR01101,5.46,7.28,4.82,1.0,1.44,10.0,1,4.54,MEDIUM,0.577,91,2026-07-01T00:00:00
RISK01102,CURR01102,4.76,2.66,6.01,1.0,3.61,10.0,1,4.16,MEDIUM,0.519,83,2026-07-01T00:00:00
RISK01103,CURR01103,3.07,2.95,6.76,1.0,2.32,10.0,1,3.89,MEDIUM,0.473,90,2026-07-01T00:00:00
RISK01104,CURR01104,3.05,1.0,1.62,2.5,3.7,10.0,1,2.93,LOW,0.574,142,2026-07-01T00:00:00
RISK01105,CURR01105,4.93,7.85,3.4,1.25,3.52,10.0,1,4.48,MEDIUM,0.702,94,2026-07-01T00:00:00
RISK01106,CURR01106,6.84,6.33,6.06,1.0,1.0,10.0,1,4.88,MEDIUM,0.616,77,2026-07-01T00:00:00
RISK01107,CURR01107,1.0,4.3,4.1,1.0,2.4,9.57,1,3.11,MEDIUM,0.347,36,2026-07-01T00:00:00
RISK01108,CURR01108,6.69,3.91,6.78,1.0,1.0,7.2,1,4.35,MEDIUM,0.564,102,2026-07-01T00:00:00
RISK01109,CURR01109,3.81,2.48,1.0,1.0,2.9,10.0,1,2.87,LOW,0.364,22,2026-07-01T00:00:00
RISK01110,CURR01110,2.47,5.59,1.31,1.0,1.32,10.0,1,2.98,LOW,0.372,86,2026-07-01T00:00:00
RISK01111,CURR01111,2.41,5.54,1.0,1.0,3.02,10.0,1,3.06,MEDIUM,0.442,63,2026-07-01T00:00:00
RISK01112,CURR01112,2.56,2.77,4.4,1.0,2.38,10.0,1,3.3,MEDIUM,0.408,61,2026-07-01T00:00:00
RISK01113,CURR01113,4.27,2.55,3.69,1.0,1.98,10.0,1,3.42,MEDIUM,0.43,44,2026-07-01T00:00:00
RISK01114,CURR01114,1.38,4.78,4.1,1.0,1.1,10.0,1,3.17,MEDIUM,0.374,43,2026-07-01T00:00:00
RISK01115,CURR01115,3.28,5.48,2.0,1.0,1.0,10.0,1,3.23,MEDIUM,0.458,66,2026-07-01T00:00:00
RISK01116,CURR01116,7.83,7.19,4.2,1.0,1.56,10.0,1,4.89,MEDIUM,0.649,190,2026-07-01T00:00:00
RISK01117,CURR01117,1.3,4.42,1.0,1.0,2.13,10.0,1,2.59,LOW,0.296,23,2026-07-01T00:00:00
RISK01118,CURR01118,1.0,5.91,1.47,1.0,3.21,10.0,1,2.95,LOW,0.321,49,2026-07-01T00:00:00
RISK01119,CURR01119,7.51,3.58,1.0,1.0,2.68,10.0,3,3.96,MEDIUM,0.514,29,2026-07-01T00:00:00
RISK01120,CURR01120,3.65,6.99,5.94,2.5,1.53,10.0,1,4.59,MEDIUM,0.786,251,2026-07-01T00:00:00
RISK01121,CURR01121,4.82,1.0,5.18,1.0,1.23,10.0,1,3.52,MEDIUM,0.433,16,2026-07-01T00:00:00
RISK01122,CURR01122,5.04,3.38,1.09,1.0,1.0,10.0,1,3.08,MEDIUM,0.392,93,2026-07-01T00:00:00
RISK01123,CURR01123,1.69,6.57,4.87,1.0,3.01,10.0,1,3.85,MEDIUM,0.456,57,2026-07-01T00:00:00
RISK01124,CURR01124,4.73,8.0,1.85,1.0,2.24,10.0,1,3.99,MEDIUM,0.531,61,2026-07-01T00:00:00
RISK01125,CURR01125,5.82,2.85,5.63,1.0,2.63,7.58,1,3.99,MEDIUM,0.586,148,2026-07-01T00:00:00
RISK01126,CURR01126,8.78,1.0,5.12,1.0,1.98,10.0,1,4.38,MEDIUM,0.582,179,2026-07-01T00:00:00
RISK01127,CURR01127,1.0,1.14,3.1,1.0,3.22,9.55,1,2.52,LOW,0.284,53,2026-07-01T00:00:00
RISK01128,CURR01128,7.72,2.88,1.77,1.0,1.0,5.0,1,3.18,MEDIUM,0.465,45,2026-07-01T00:00:00
RISK01129,CURR01129,8.11,7.28,1.56,1.0,2.29,10.0,1,4.51,MEDIUM,0.678,108,2026-07-01T00:00:00
RISK01130,CURR01130,5.31,4.5,1.36,1.25,2.39,10.0,1,3.54,MEDIUM,0.6,127,2026-07-01T00:00:00
RISK01131,CURR01131,2.85,1.43,2.26,1.0,1.61,7.8,1,2.43,LOW,0.309,55,2026-07-01T00:00:00
RISK01132,CURR01132,8.18,5.09,4.5,1.0,1.43,10.0,1,4.69,MEDIUM,0.646,198,2026-07-01T00:00:00
RISK01133,CURR01133,5.1,1.71,6.91,1.0,1.0,10.0,1,4.01,MEDIUM,0.488,131,2026-07-01T00:00:00
RISK01134,CURR01134,4.78,7.4,1.86,1.0,1.0,8.97,1,3.69,MEDIUM,0.475,99,2026-07-01T00:00:00
RISK01135,CURR01135,6.95,1.0,1.57,1.0,2.43,10.0,1,3.35,MEDIUM,0.451,37,2026-07-01T00:00:00
RISK01136,CURR01136,7.89,4.47,5.76,1.0,1.24,10.0,1,4.77,MEDIUM,0.62,146,2026-07-01T00:00:00
RISK01137,CURR01137,8.0,6.03,1.26,1.0,1.28,10.0,3,4.33,MEDIUM,0.569,39,2026-07-01T00:00:00
RISK01138,CURR01138,6.38,3.1,1.0,1.0,1.0,9.1,1,3.2,MEDIUM,0.412,48,2026-07-01T00:00:00
RISK01139,CURR01139,3.66,7.49,4.46,1.0,1.08,8.88,1,3.99,MEDIUM,0.499,80,2026-07-01T00:00:00
RISK01140,CURR01140,8.74,2.2,3.56,1.25,3.47,10.0,1,4.42,MEDIUM,0.723,104,2026-07-01T00:00:00
RISK01141,CURR01141,6.88,1.0,6.64,1.0,1.34,10.0,1,4.24,MEDIUM,0.535,142,2026-07-01T00:00:00
RISK01142,CURR01142,8.4,1.1,4.79,1.0,3.14,10.0,1,4.37,MEDIUM,0.585,103,2026-07-01T00:00:00
RISK01143,CURR01143,1.0,6.06,5.91,1.0,1.0,10.0,1,3.64,MEDIUM,0.399,37,2026-07-01T00:00:00
RISK01144,CURR01144,7.99,4.78,5.89,1.0,1.0,10.0,1,4.84,MEDIUM,0.63,144,2026-07-01T00:00:00
RISK01145,CURR01145,3.41,4.3,6.22,1.0,1.0,10.0,1,3.92,MEDIUM,0.461,53,2026-07-01T00:00:00
RISK01146,CURR01146,8.65,3.73,4.53,1.0,1.55,10.0,3,4.8,MEDIUM,0.624,72,2026-07-01T00:00:00
RISK01147,CURR01147,7.13,5.42,6.93,1.0,2.69,10.0,1,5.14,HIGH,0.66,168,2026-07-01T00:00:00
RISK01148,CURR01148,7.33,2.06,6.44,1.0,1.0,9.7,3,4.58,MEDIUM,0.547,174,2026-07-01T00:00:00
RISK01149,CURR01149,1.0,7.84,5.56,1.0,2.19,10.0,1,3.96,MEDIUM,0.453,113,2026-07-01T00:00:00
RISK01150,CURR01150,6.05,6.42,5.9,1.0,3.73,10.0,1,4.98,MEDIUM,0.639,92,2026-07-01T00:00:00
RISK01151,CURR01151,5.82,6.34,5.7,1.0,1.25,10.0,1,4.63,MEDIUM,0.589,85,2026-07-01T00:00:00
RISK01152,CURR01152,2.21,6.55,2.42,2.5,3.28,8.75,1,3.59,MEDIUM,0.671,165,2026-07-01T00:00:00
RISK01153,CURR01153,2.61,7.81,3.46,1.0,1.0,10.0,1,3.74,MEDIUM,0.447,33,2026-07-01T00:00:00
RISK01154,CURR01154,5.34,4.96,2.03,1.25,3.14,8.53,1,3.67,MEDIUM,0.613,99,2026-07-01T00:00:00
RISK01155,CURR01155,1.0,7.48,5.65,1.0,1.0,10.0,1,3.8,MEDIUM,0.411,58,2026-07-01T00:00:00
RISK01156,CURR01156,5.89,7.93,5.3,2.5,2.28,10.0,1,5.13,HIGH,0.886,272,2026-07-01T00:00:00
RISK01157,CURR01157,6.48,7.49,4.66,1.0,1.71,10.0,1,4.77,MEDIUM,0.621,37,2026-07-01T00:00:00
RISK01158,CURR01158,1.0,2.83,5.82,1.0,3.37,10.0,1,3.38,MEDIUM,0.369,62,2026-07-01T00:00:00
RISK01159,CURR01159,2.74,7.45,2.35,1.0,1.8,10.0,1,3.57,MEDIUM,0.507,67,2026-07-01T00:00:00
RISK01160,CURR01160,1.77,1.49,3.32,1.0,2.11,10.0,1,2.7,LOW,0.313,38,2026-07-01T00:00:00
RISK01161,CURR01161,7.06,7.94,1.81,1.0,1.18,10.0,1,4.33,MEDIUM,0.594,191,2026-07-01T00:00:00
RISK01162,CURR01162,5.07,2.08,2.58,1.0,2.96,10.0,1,3.39,MEDIUM,0.44,24,2026-07-01T00:00:00
RISK01163,CURR01163,8.92,7.78,5.48,1.0,3.92,8.75,3,5.76,HIGH,0.751,185,2026-07-01T00:00:00
RISK01164,CURR01164,7.98,1.0,1.42,1.0,1.83,10.0,1,3.46,MEDIUM,0.461,42,2026-07-01T00:00:00
RISK01165,CURR01165,1.0,2.57,4.65,1.25,3.43,8.75,1,3.02,MEDIUM,0.438,94,2026-07-01T00:00:00
RISK01166,CURR01166,3.33,2.14,1.64,2.5,2.67,10.0,1,3.06,MEDIUM,0.608,149,2026-07-01T00:00:00
RISK01167,CURR01167,4.83,1.0,1.0,1.0,1.0,10.0,1,2.67,LOW,0.315,88,2026-07-01T00:00:00
RISK01168,CURR01168,1.0,3.94,6.55,1.25,1.43,10.0,1,3.53,MEDIUM,0.516,126,2026-07-01T00:00:00
RISK01169,CURR01169,7.04,6.25,1.33,1.0,1.07,10.0,1,3.97,MEDIUM,0.537,91,2026-07-01T00:00:00
RISK01170,CURR01170,6.08,3.98,1.62,2.5,1.63,10.0,1,3.78,MEDIUM,0.723,243,2026-07-01T00:00:00
RISK01171,CURR01171,4.27,1.0,3.04,1.0,3.05,10.0,3,3.37,MEDIUM,0.398,40,2026-07-01T00:00:00
RISK01172,CURR01172,2.03,7.01,2.25,1.25,2.73,10.0,1,3.47,MEDIUM,0.546,115,2026-07-01T00:00:00
RISK01173,CURR01173,6.38,1.13,2.98,1.0,1.0,10.0,3,3.59,MEDIUM,0.451,52,2026-07-01T00:00:00
RISK01174,CURR01174,6.33,2.42,2.12,1.0,3.32,10.0,1,3.64,MEDIUM,0.55,57,2026-07-01T00:00:00
RISK01175,CURR01175,4.07,2.87,6.22,1.0,2.15,10.0,3,4.15,MEDIUM,0.487,102,2026-07-01T00:00:00
RISK01176,CURR01176,8.93,2.84,5.1,1.25,2.66,10.0,1,4.79,MEDIUM,0.769,232,2026-07-01T00:00:00
RISK01177,CURR01177,5.95,3.92,2.79,2.5,1.18,6.58,1,3.59,MEDIUM,0.716,207,2026-07-01T00:00:00
RISK01178,CURR01178,3.52,1.52,6.68,1.0,2.23,10.0,1,3.74,MEDIUM,0.444,57,2026-07-01T00:00:00
RISK01179,CURR01179,1.96,1.92,1.0,1.0,1.0,10.0,3,2.43,LOW,0.261,25,2026-07-01T00:00:00
RISK01180,CURR01180,2.1,3.66,2.1,1.0,3.08,9.0,3,3.05,MEDIUM,0.351,48,2026-07-01T00:00:00
RISK01181,CURR01181,3.45,1.2,1.01,1.0,1.41,10.0,3,2.66,LOW,0.309,61,2026-07-01T00:00:00
RISK01182,CURR01182,1.79,2.22,4.21,1.0,2.43,8.03,1,2.83,LOW,0.34,76,2026-07-01T00:00:00
RISK01183,CURR01183,1.78,1.0,1.82,1.0,2.65,10.0,1,2.39,LOW,0.35,55,2026-07-01T00:00:00
RISK01184,CURR01184,2.02,1.0,3.49,2.5,3.32,8.33,1,2.89,LOW,0.569,182,2026-07-01T00:00:00
RISK01185,CURR01185,4.69,1.13,1.0,1.0,3.04,9.1,1,2.77,LOW,0.362,30,2026-07-01T00:00:00
RISK01186,CURR01186,1.0,2.53,2.69,1.0,1.0,10.0,1,2.47,LOW,0.257,23,2026-07-01T00:00:00
RISK01187,CURR01187,2.74,6.64,1.49,1.0,1.0,10.0,1,3.19,MEDIUM,0.392,54,2026-07-01T00:00:00
RISK01188,CURR01188,1.16,7.04,1.0,1.0,1.0,8.33,1,2.67,LOW,0.297,71,2026-07-01T00:00:00
RISK01189,CURR01189,8.03,4.96,4.76,1.0,2.45,9.6,1,4.76,MEDIUM,0.631,64,2026-07-01T00:00:00
RISK01190,CURR01190,7.5,7.38,2.1,1.0,2.55,10.0,1,4.53,MEDIUM,0.613,40,2026-07-01T00:00:00
RISK01191,CURR01191,3.51,5.35,4.71,1.25,2.05,10.0,1,3.94,MEDIUM,0.606,136,2026-07-01T00:00:00
RISK01192,CURR01192,9.0,6.35,3.09,1.0,1.0,7.98,1,4.52,MEDIUM,0.627,204,2026-07-01T00:00:00
RISK01193,CURR01193,1.0,7.45,4.69,1.0,2.15,10.0,3,3.92,MEDIUM,0.406,48,2026-07-01T00:00:00
RISK01194,CURR01194,4.12,4.51,1.0,1.0,3.26,10.0,1,3.28,MEDIUM,0.479,77,2026-07-01T00:00:00
RISK01195,CURR01195,1.0,5.99,4.53,1.0,3.49,10.0,1,3.6,MEDIUM,0.487,80,2026-07-01T00:00:00
RISK01196,CURR01196,6.29,1.92,6.85,1.0,3.24,10.0,1,4.49,MEDIUM,0.575,174,2026-07-01T00:00:00
RISK01197,CURR01197,8.15,1.83,1.0,1.0,1.32,4.04,1,2.89,LOW,0.457,12,2026-07-01T00:00:00
RISK01198,CURR01198,5.43,5.16,1.15,1.25,1.78,10.0,1,3.56,MEDIUM,0.591,98,2026-07-01T00:00:00
RISK01199,CURR01199,3.79,1.0,2.71,1.0,1.0,2.77,1,2.08,LOW,0.287,74,2026-07-01T00:00:00
RISK01200,CURR01200,1.66,7.33,1.0,1.0,3.23,10.0,3,3.4,MEDIUM,0.38,90,2026-07-01T00:00:00
RISK01201,CURR01201,5.01,3.55,4.9,1.0,3.17,10.0,1,4.08,MEDIUM,0.519,48,2026-07-01T00:00:00
RISK01202,CURR01202,1.0,1.0,3.77,1.0,3.7,9.03,1,2.63,LOW,0.28,39,2026-07-01T00:00:00
RISK01203,CURR01203,1.56,2.68,4.57,1.0,2.74,10.0,1,3.15,MEDIUM,0.369,35,2026-07-01T00:00:00
RISK01204,CURR01204,1.0,4.34,2.41,1.0,1.0,10.0,1,2.68,LOW,0.307,14,2026-07-01T00:00:00
RISK01205,CURR01205,5.7,1.0,1.65,1.0,3.64,10.0,1,3.23,MEDIUM,0.425,110,2026-07-01T00:00:00
RISK01206,CURR01206,3.0,6.14,2.45,1.0,2.12,10.0,1,3.47,MEDIUM,0.439,54,2026-07-01T00:00:00
RISK01207,CURR01207,1.0,1.75,6.8,1.0,1.0,10.0,3,3.37,MEDIUM,0.342,92,2026-07-01T00:00:00
RISK01208,CURR01208,4.98,1.0,2.15,1.0,3.43,10.0,3,3.37,MEDIUM,0.42,103,2026-07-01T00:00:00
RISK01209,CURR01209,7.0,1.92,2.96,1.0,2.93,10.0,1,3.82,MEDIUM,0.512,65,2026-07-01T00:00:00
RISK01210,CURR01210,4.49,1.0,6.19,1.25,3.7,9.55,1,3.9,MEDIUM,0.597,137,2026-07-01T00:00:00
RISK01211,CURR01211,3.63,4.03,1.0,1.25,1.62,10.0,3,3.18,MEDIUM,0.486,99,2026-07-01T00:00:00
RISK01212,CURR01212,3.3,5.55,1.18,2.5,3.82,10.0,1,3.59,MEDIUM,0.681,204,2026-07-01T00:00:00
RISK01213,CURR01213,3.36,3.89,2.46,1.0,1.32,10.0,1,3.13,MEDIUM,0.398,41,2026-07-01T00:00:00
RISK01214,CURR01214,1.22,1.3,2.35,1.0,1.39,10.0,1,2.3,LOW,0.323,41,2026-07-01T00:00:00
RISK01215,CURR01215,5.52,6.01,5.12,1.0,1.0,10.0,1,4.38,MEDIUM,0.543,128,2026-07-01T00:00:00
RISK01216,CURR01216,3.75,5.54,2.68,1.0,1.0,7.98,1,3.26,MEDIUM,0.483,125,2026-07-01T00:00:00
RISK01217,CURR01217,5.11,1.93,2.8,1.0,1.78,9.55,3,3.45,MEDIUM,0.418,95,2026-07-01T00:00:00
RISK01218,CURR01218,3.43,4.95,4.35,1.0,2.97,10.0,1,3.85,MEDIUM,0.474,29,2026-07-01T00:00:00
RISK01219,CURR01219,8.15,7.18,1.0,1.0,1.0,10.0,1,4.26,MEDIUM,0.641,166,2026-07-01T00:00:00
RISK01220,CURR01220,2.3,2.2,1.0,1.0,3.89,10.0,1,2.63,LOW,0.314,31,2026-07-01T00:00:00
RISK01221,CURR01221,1.0,1.56,3.34,1.25,3.67,10.0,1,2.76,LOW,0.432,90,2026-07-01T00:00:00
RISK01222,CURR01222,2.39,7.52,2.44,1.0,1.0,10.0,3,3.64,MEDIUM,0.41,127,2026-07-01T00:00:00
RISK01223,CURR01223,1.96,4.06,5.94,1.0,2.76,10.0,1,3.72,MEDIUM,0.434,50,2026-07-01T00:00:00
RISK01224,CURR01224,1.0,4.42,4.89,1.0,2.56,10.0,1,3.35,MEDIUM,0.368,12,2026-07-01T00:00:00
RISK01225,CURR01225,3.26,5.68,4.09,1.0,2.13,10.0,1,3.79,MEDIUM,0.462,73,2026-07-01T00:00:00
RISK01226,CURR01226,3.08,2.63,3.74,1.0,1.0,10.0,1,3.11,MEDIUM,0.376,58,2026-07-01T00:00:00
RISK01227,CURR01227,3.61,1.0,1.0,1.25,1.0,10.0,1,2.46,LOW,0.4,78,2026-07-01T00:00:00
RISK01228,CURR01228,1.56,1.0,1.03,1.0,3.42,10.0,1,2.26,LOW,0.271,21,2026-07-01T00:00:00
RISK01229,CURR01229,7.26,1.88,4.45,1.0,1.0,10.0,1,3.97,MEDIUM,0.514,117,2026-07-01T00:00:00
RISK01230,CURR01230,4.42,6.0,4.96,1.0,1.29,10.0,3,4.35,MEDIUM,0.582,90,2026-07-01T00:00:00
RISK01231,CURR01231,8.77,6.44,4.94,2.5,3.77,10.0,3,5.76,HIGH,0.95,198,2026-07-01T00:00:00
RISK01232,CURR01232,1.6,1.0,1.0,1.25,2.23,10.0,1,2.18,LOW,0.369,81,2026-07-01T00:00:00
RISK01233,CURR01233,6.11,3.35,3.29,1.25,3.46,10.0,1,4.02,MEDIUM,0.651,156,2026-07-01T00:00:00
RISK01234,CURR01234,1.02,1.0,2.65,1.0,1.0,9.53,1,2.19,LOW,0.291,42,2026-07-01T00:00:00
RISK01235,CURR01235,1.25,1.0,6.52,1.0,1.43,10.0,1,3.1,MEDIUM,0.35,29,2026-07-01T00:00:00
RISK01236,CURR01236,1.63,1.46,1.0,1.0,1.0,10.0,1,2.1,LOW,0.224,6,2026-07-01T00:00:00
RISK01237,CURR01237,5.8,2.62,4.69,1.0,1.0,10.0,1,3.84,MEDIUM,0.474,146,2026-07-01T00:00:00
RISK01238,CURR01238,4.42,5.0,2.93,1.0,1.0,10.0,1,3.57,MEDIUM,0.451,61,2026-07-01T00:00:00
RISK01239,CURR01239,5.4,7.16,6.89,2.5,1.0,10.0,1,5.11,HIGH,0.852,220,2026-07-01T00:00:00
RISK01240,CURR01240,2.08,2.67,3.56,1.0,2.69,10.0,1,3.05,MEDIUM,0.364,36,2026-07-01T00:00:00
RISK01241,CURR01241,7.85,7.67,4.58,1.0,3.97,5.0,1,4.78,MEDIUM,0.679,118,2026-07-01T00:00:00
RISK01242,CURR01242,1.0,1.63,2.47,1.0,3.95,10.0,1,2.58,LOW,0.281,8,2026-07-01T00:00:00
RISK01243,CURR01243,1.41,3.02,2.29,1.0,1.76,10.0,1,2.62,LOW,0.307,18,2026-07-01T00:00:00
RISK01244,CURR01244,8.69,1.0,1.0,1.0,1.0,10.0,1,3.44,MEDIUM,0.459,106,2026-07-01T00:00:00
RISK01245,CURR01245,2.59,4.85,4.64,1.0,1.13,10.0,1,3.54,MEDIUM,0.422,78,2026-07-01T00:00:00
RISK01246,CURR01246,2.83,5.62,1.18,1.0,1.0,10.0,1,3.0,LOW,0.364,61,2026-07-01T00:00:00
RISK01247,CURR01247,4.76,3.41,1.0,1.0,1.82,10.0,1,3.1,MEDIUM,0.399,68,2026-07-01T00:00:00
RISK01248,CURR01248,1.32,1.0,1.36,1.0,3.95,10.0,1,2.33,LOW,0.274,28,2026-07-01T00:00:00
RISK01249,CURR01249,6.89,2.11,1.41,1.0,2.48,8.6,1,3.33,MEDIUM,0.463,14,2026-07-01T00:00:00
RISK01250,CURR01250,5.07,2.92,2.86,2.5,1.0,10.0,1,3.6,MEDIUM,0.672,211,2026-07-01T00:00:00
RISK01251,CURR01251,7.2,6.39,6.49,1.25,2.0,9.38,3,5.32,HIGH,0.782,211,2026-07-01T00:00:00
RISK01252,CURR01252,4.31,4.04,1.0,1.0,1.0,10.0,1,3.02,MEDIUM,0.36,64,2026-07-01T00:00:00
RISK01253,CURR01253,4.1,5.97,4.68,1.0,2.17,10.0,1,4.12,MEDIUM,0.58,79,2026-07-01T00:00:00
RISK01254,CURR01254,2.9,1.36,3.45,1.0,1.0,10.0,3,3.02,MEDIUM,0.328,67,2026-07-01T00:00:00
RISK01255,CURR01255,6.9,1.0,1.0,1.25,1.92,1.0,1,2.31,LOW,0.495,164,2026-07-01T00:00:00
RISK01256,CURR01256,8.16,5.38,5.58,1.0,1.0,10.0,1,4.9,MEDIUM,0.633,77,2026-07-01T00:00:00
RISK01257,CURR01257,8.92,2.01,2.62,1.0,3.95,10.0,1,4.25,MEDIUM,0.611,106,2026-07-01T00:00:00
RISK01258,CURR01258,3.84,1.05,4.83,1.25,1.0,10.0,3,3.48,MEDIUM,0.524,116,2026-07-01T00:00:00
RISK01259,CURR01259,1.0,1.0,6.87,1.0,3.42,10.0,1,3.32,MEDIUM,0.345,76,2026-07-01T00:00:00
RISK01260,CURR01260,6.49,6.04,2.97,1.0,3.11,10.0,1,4.36,MEDIUM,0.584,138,2026-07-01T00:00:00
RISK01261,CURR01261,2.25,6.53,1.63,1.0,1.34,10.0,1,3.14,MEDIUM,0.386,36,2026-07-01T00:00:00
RISK01262,CURR01262,4.96,7.25,1.36,1.0,2.41,10.0,1,3.84,MEDIUM,0.504,46,2026-07-01T00:00:00
RISK01263,CURR01263,1.72,3.76,1.9,1.0,1.82,10.0,3,2.92,LOW,0.341,38,2026-07-01T00:00:00
RISK01264,CURR01264,7.26,1.0,4.43,1.0,3.78,7.32,1,3.85,MEDIUM,0.573,197,2026-07-01T00:00:00
RISK01265,CURR01265,6.1,5.15,6.46,1.0,1.0,9.95,1,4.63,MEDIUM,0.57,173,2026-07-01T00:00:00
RISK01266,CURR01266,7.36,7.45,6.17,1.0,2.97,9.4,1,5.31,HIGH,0.692,89,2026-07-01T00:00:00
RISK01267,CURR01267,1.0,2.69,1.32,1.0,2.8,9.0,1,2.3,LOW,0.263,20,2026-07-01T00:00:00
RISK01268,CURR01268,3.53,3.37,5.51,1.0,1.0,10.0,1,3.66,MEDIUM,0.439,46,2026-07-01T00:00:00
RISK01269,CURR01269,4.74,7.92,6.5,1.0,2.24,10.0,1,4.91,MEDIUM,0.615,121,2026-07-01T00:00:00
RISK01270,CURR01270,1.0,4.4,3.97,1.0,2.04,10.0,1,3.11,MEDIUM,0.334,65,2026-07-01T00:00:00
RISK01271,CURR01271,8.03,5.79,1.0,1.0,2.4,8.8,1,4.04,MEDIUM,0.623,163,2026-07-01T00:00:00
RISK01272,CURR01272,1.0,4.47,1.0,1.0,3.34,8.53,3,2.71,LOW,0.282,15,2026-07-01T00:00:00
RISK01273,CURR01273,7.38,5.49,1.36,1.0,2.63,8.85,1,3.97,MEDIUM,0.55,31,2026-07-01T00:00:00
RISK01274,CURR01274,2.96,3.82,6.08,1.0,2.78,10.0,1,3.91,MEDIUM,0.533,105,2026-07-01T00:00:00
RISK01275,CURR01275,2.49,3.89,2.73,1.0,3.29,10.0,1,3.21,MEDIUM,0.392,69,2026-07-01T00:00:00
RISK01276,CURR01276,1.0,6.64,1.0,1.0,2.29,10.0,1,2.88,LOW,0.306,56,2026-07-01T00:00:00
RISK01277,CURR01277,1.0,7.44,4.12,1.25,2.49,10.0,3,3.88,MEDIUM,0.524,129,2026-07-01T00:00:00
RISK01278,CURR01278,4.42,4.91,1.1,1.0,1.33,10.0,1,3.22,MEDIUM,0.42,37,2026-07-01T00:00:00
RISK01279,CURR01279,3.29,4.38,3.13,1.25,1.09,10.0,1,3.34,MEDIUM,0.527,131,2026-07-01T00:00:00
RISK01280,CURR01280,1.55,1.0,3.01,1.0,2.35,10.0,1,2.55,LOW,0.282,39,2026-07-01T00:00:00
RISK01281,CURR01281,7.02,3.7,5.66,1.0,1.0,10.0,3,4.64,MEDIUM,0.561,174,2026-07-01T00:00:00
RISK01282,CURR01282,3.75,7.6,1.0,1.0,3.73,10.0,1,3.71,MEDIUM,0.468,99,2026-07-01T00:00:00
RISK01283,CURR01283,3.3,1.3,1.0,1.0,3.23,10.0,1,2.63,LOW,0.331,52,2026-07-01T00:00:00
RISK01284,CURR01284,4.45,3.89,2.98,1.0,1.4,10.0,1,3.46,MEDIUM,0.438,100,2026-07-01T00:00:00
RISK01285,CURR01285,1.39,4.48,5.54,1.25,1.0,10.0,1,3.45,MEDIUM,0.511,162,2026-07-01T00:00:00
RISK01286,CURR01286,2.5,2.74,1.0,1.0,3.22,7.9,3,2.67,LOW,0.311,23,2026-07-01T00:00:00
RISK01287,CURR01287,6.24,1.0,4.72,1.0,3.18,10.0,1,3.91,MEDIUM,0.489,105,2026-07-01T00:00:00
RISK01288,CURR01288,7.43,7.06,4.43,1.0,1.0,10.0,1,4.78,MEDIUM,0.616,107,2026-07-01T00:00:00
RISK01289,CURR01289,5.38,2.41,3.7,1.0,1.0,10.0,1,3.53,MEDIUM,0.457,112,2026-07-01T00:00:00
RISK01290,CURR01290,6.11,7.54,1.46,1.0,2.02,10.0,1,4.1,MEDIUM,0.612,66,2026-07-01T00:00:00
RISK01291,CURR01291,7.11,5.89,5.91,1.0,3.06,10.0,1,5.04,HIGH,0.651,135,2026-07-01T00:00:00
RISK01292,CURR01292,1.0,3.07,1.0,1.0,1.0,10.0,1,2.21,LOW,0.249,13,2026-07-01T00:00:00
RISK01293,CURR01293,6.27,6.15,5.11,1.0,1.52,10.0,1,4.6,MEDIUM,0.593,55,2026-07-01T00:00:00
RISK01294,CURR01294,1.98,2.14,6.62,1.0,2.12,10.0,1,3.5,MEDIUM,0.412,55,2026-07-01T00:00:00
RISK01295,CURR01295,5.39,7.52,1.0,1.0,2.92,10.0,1,3.95,MEDIUM,0.519,38,2026-07-01T00:00:00
RISK01296,CURR01296,1.0,1.88,3.18,1.0,2.95,10.0,1,2.66,LOW,0.275,21,2026-07-01T00:00:00
RISK01297,CURR01297,2.52,1.61,1.0,1.0,1.7,10.0,1,2.37,LOW,0.289,32,2026-07-01T00:00:00
RISK01298,CURR01298,1.05,3.37,4.49,1.0,3.85,10.0,1,3.25,MEDIUM,0.374,78,2026-07-01T00:00:00
RISK01299,CURR01299,1.16,1.15,6.39,2.5,2.87,7.7,1,3.21,MEDIUM,0.595,168,2026-07-01T00:00:00
RISK01300,CURR01300,5.73,1.0,5.08,1.0,3.0,10.0,1,3.86,MEDIUM,0.501,72,2026-07-01T00:00:00
RISK01301,CURR01301,5.31,1.73,3.57,1.0,1.17,10.0,1,3.4,MEDIUM,0.441,120,2026-07-01T00:00:00
RISK01302,CURR01302,5.12,7.5,1.0,1.0,2.12,10.0,1,3.81,MEDIUM,0.498,66,2026-07-01T00:00:00
RISK01303,CURR01303,5.55,1.0,2.02,1.0,1.84,10.0,1,3.1,MEDIUM,0.391,34,2026-07-01T00:00:00
RISK01304,CURR01304,6.5,1.38,3.26,1.0,3.32,10.0,3,3.94,MEDIUM,0.491,80,2026-07-01T00:00:00
RISK01305,CURR01305,5.5,2.62,1.0,1.0,1.0,10.0,3,3.24,MEDIUM,0.397,29,2026-07-01T00:00:00
RISK01306,CURR01306,1.0,5.04,4.09,1.0,3.21,10.0,1,3.35,MEDIUM,0.385,49,2026-07-01T00:00:00
RISK01307,CURR01307,1.78,6.05,4.99,1.0,3.57,10.0,1,3.87,MEDIUM,0.524,97,2026-07-01T00:00:00
RISK01308,CURR01308,4.67,5.01,2.76,1.0,1.09,10.0,1,3.6,MEDIUM,0.458,48,2026-07-01T00:00:00
RISK01309,CURR01309,1.0,6.9,5.35,1.0,2.97,10.0,1,3.85,MEDIUM,0.483,105,2026-07-01T00:00:00
RISK01310,CURR01310,8.43,4.66,1.0,2.5,1.39,10.0,1,4.2,MEDIUM,0.798,170,2026-07-01T00:00:00
RISK01311,CURR01311,8.19,7.79,4.27,1.0,1.21,10.0,1,5.03,HIGH,0.668,158,2026-07-01T00:00:00
RISK01312,CURR01312,7.98,7.32,6.16,1.0,2.13,10.0,1,5.39,HIGH,0.705,158,2026-07-01T00:00:00
RISK01313,CURR01313,2.5,1.0,4.51,1.0,2.75,10.0,1,3.08,MEDIUM,0.361,36,2026-07-01T00:00:00
RISK01314,CURR01314,1.17,3.18,3.74,1.0,2.14,10.0,1,2.92,LOW,0.398,78,2026-07-01T00:00:00
RISK01315,CURR01315,1.24,7.08,6.05,2.5,1.41,1.0,3,3.44,MEDIUM,0.657,166,2026-07-01T00:00:00
RISK01316,CURR01316,7.74,3.36,3.32,1.0,1.0,8.25,1,3.89,MEDIUM,0.582,82,2026-07-01T00:00:00
RISK01317,CURR01317,6.0,5.44,2.02,1.0,3.8,10.0,1,4.05,MEDIUM,0.544,68,2026-07-01T00:00:00
RISK01318,CURR01318,1.0,5.94,3.42,1.0,3.73,8.03,1,3.2,MEDIUM,0.365,80,2026-07-01T00:00:00
RISK01319,CURR01319,1.0,1.0,4.78,1.0,2.89,10.0,1,2.85,LOW,0.291,56,2026-07-01T00:00:00
RISK01320,CURR01320,7.02,4.56,4.7,1.0,1.76,10.0,3,4.65,MEDIUM,0.65,148,2026-07-01T00:00:00
RISK01321,CURR01321,3.22,1.0,6.21,1.0,1.0,10.0,1,3.39,MEDIUM,0.374,23,2026-07-01T00:00:00
RISK01322,CURR01322,1.0,1.62,1.0,2.5,1.0,10.0,1,2.22,LOW,0.443,126,2026-07-01T00:00:00
RISK01323,CURR01323,5.9,1.0,1.0,1.0,1.0,10.0,1,2.88,LOW,0.354,68,2026-07-01T00:00:00
RISK01324,CURR01324,1.29,7.55,2.6,1.0,3.83,10.0,1,3.54,MEDIUM,0.439,71,2026-07-01T00:00:00
RISK01325,CURR01325,1.0,5.6,2.1,1.25,1.0,10.0,3,3.05,MEDIUM,0.415,96,2026-07-01T00:00:00
RISK01326,CURR01326,4.59,1.12,5.79,1.0,1.67,10.0,1,3.66,MEDIUM,0.452,99,2026-07-01T00:00:00
RISK01327,CURR01327,2.35,5.5,5.22,2.5,2.54,10.0,3,4.27,MEDIUM,0.715,186,2026-07-01T00:00:00
RISK01328,CURR01328,4.87,2.77,5.56,1.0,2.62,8.33,1,3.85,MEDIUM,0.49,130,2026-07-01T00:00:00
RISK01329,CURR01329,6.57,1.41,5.45,1.0,2.82,10.0,1,4.15,MEDIUM,0.541,60,2026-07-01T00:00:00
RISK01330,CURR01330,4.75,2.34,4.59,1.0,3.07,10.0,1,3.78,MEDIUM,0.54,88,2026-07-01T00:00:00
RISK01331,CURR01331,2.99,2.75,6.55,1.0,2.87,10.0,1,3.86,MEDIUM,0.456,59,2026-07-01T00:00:00
RISK01332,CURR01332,5.21,1.0,3.89,1.25,1.0,10.0,1,3.36,MEDIUM,0.525,109,2026-07-01T00:00:00
RISK01333,CURR01333,5.24,4.5,6.01,1.0,2.57,10.0,1,4.43,MEDIUM,0.56,132,2026-07-01T00:00:00
RISK01334,CURR01334,8.01,1.0,4.52,1.0,3.13,10.0,1,4.22,MEDIUM,0.545,145,2026-07-01T00:00:00
RISK01335,CURR01335,7.84,1.27,3.86,1.0,3.29,10.0,1,4.11,MEDIUM,0.55,123,2026-07-01T00:00:00
RISK01336,CURR01336,3.39,5.86,4.68,1.0,1.64,10.0,1,3.91,MEDIUM,0.493,90,2026-07-01T00:00:00
RISK01337,CURR01337,1.18,3.88,4.96,1.0,3.28,6.98,1,3.09,MEDIUM,0.375,47,2026-07-01T00:00:00
RISK01338,CURR01338,3.3,1.45,3.42,1.0,2.49,10.0,3,3.26,MEDIUM,0.375,58,2026-07-01T00:00:00
RISK01339,CURR01339,3.94,1.0,2.06,1.0,2.52,10.0,1,2.85,LOW,0.422,62,2026-07-01T00:00:00
RISK01340,CURR01340,5.62,6.74,2.34,1.0,1.0,9.22,1,3.88,MEDIUM,0.504,97,2026-07-01T00:00:00
RISK01341,CURR01341,3.73,1.0,1.19,1.0,1.0,10.0,1,2.48,LOW,0.307,73,2026-07-01T00:00:00
RISK01342,CURR01342,3.49,5.01,2.26,1.0,1.0,10.0,1,3.25,MEDIUM,0.405,52,2026-07-01T00:00:00
RISK01343,CURR01343,1.17,5.17,5.42,1.0,1.79,10.0,1,3.52,MEDIUM,0.4,38,2026-07-01T00:00:00
RISK01344,CURR01344,7.61,2.79,5.27,1.0,2.43,10.0,1,4.49,MEDIUM,0.592,55,2026-07-01T00:00:00
RISK01345,CURR01345,1.5,4.21,3.3,1.0,1.84,10.0,3,3.23,MEDIUM,0.356,50,2026-07-01T00:00:00
RISK01346,CURR01346,6.72,1.82,5.15,1.0,1.0,10.0,1,4.0,MEDIUM,0.505,50,2026-07-01T00:00:00
RISK01347,CURR01347,7.74,6.74,4.98,1.0,3.93,10.0,1,5.2,HIGH,0.687,98,2026-07-01T00:00:00
RISK01348,CURR01348,4.04,4.37,1.0,1.0,1.55,10.0,1,3.07,MEDIUM,0.387,99,2026-07-01T00:00:00
RISK01349,CURR01349,5.56,3.28,6.84,1.0,1.31,9.2,1,4.27,MEDIUM,0.533,93,2026-07-01T00:00:00
RISK01350,CURR01350,1.0,2.44,2.28,2.5,2.5,7.58,1,2.5,LOW,0.523,156,2026-07-01T00:00:00
RISK01351,CURR01351,6.33,6.8,3.54,1.0,3.16,10.0,1,4.56,MEDIUM,0.605,125,2026-07-01T00:00:00
RISK01352,CURR01352,6.31,5.04,1.15,1.0,1.76,8.33,1,3.51,MEDIUM,0.547,91,2026-07-01T00:00:00
RISK01353,CURR01353,1.0,4.64,1.22,1.0,3.01,10.0,1,2.69,LOW,0.295,49,2026-07-01T00:00:00
RISK01354,CURR01354,8.71,3.11,1.0,1.0,3.39,10.0,1,4.0,MEDIUM,0.606,96,2026-07-01T00:00:00
RISK01355,CURR01355,6.66,1.63,1.83,1.0,2.99,10.0,3,3.69,MEDIUM,0.475,88,2026-07-01T00:00:00
RISK01356,CURR01356,7.31,3.1,1.0,1.0,1.0,10.0,1,3.48,MEDIUM,0.527,107,2026-07-01T00:00:00
RISK01357,CURR01357,2.75,7.31,1.36,1.0,1.0,9.53,1,3.22,MEDIUM,0.39,69,2026-07-01T00:00:00
RISK01358,CURR01358,1.0,3.86,1.21,1.25,2.9,10.0,3,2.8,LOW,0.412,86,2026-07-01T00:00:00
RISK01359,CURR01359,7.34,5.95,4.59,1.0,3.6,10.0,1,4.89,MEDIUM,0.653,70,2026-07-01T00:00:00
RISK01360,CURR01360,6.38,3.51,1.0,1.25,3.77,10.0,1,3.67,MEDIUM,0.626,92,2026-07-01T00:00:00
RISK01361,CURR01361,7.76,3.53,2.43,1.0,2.15,10.0,1,4.03,MEDIUM,0.549,90,2026-07-01T00:00:00
RISK01362,CURR01362,8.46,2.62,5.5,1.0,1.0,7.15,1,4.25,MEDIUM,0.568,185,2026-07-01T00:00:00
RISK01363,CURR01363,7.52,3.03,6.99,1.0,2.1,10.0,1,4.82,MEDIUM,0.627,145,2026-07-01T00:00:00
RISK01364,CURR01364,1.08,5.59,6.75,1.0,1.0,10.0,1,3.75,MEDIUM,0.415,66,2026-07-01T00:00:00
RISK01365,CURR01365,5.89,1.34,5.74,1.0,2.72,10.0,1,4.05,MEDIUM,0.518,28,2026-07-01T00:00:00
RISK01366,CURR01366,6.83,1.85,3.38,1.0,1.82,10.0,3,3.95,MEDIUM,0.497,66,2026-07-01T00:00:00
RISK01367,CURR01367,2.4,2.24,6.27,1.0,3.45,10.0,1,3.67,MEDIUM,0.428,82,2026-07-01T00:00:00
RISK01368,CURR01368,7.52,1.0,4.39,1.0,1.0,10.0,3,4.08,MEDIUM,0.488,114,2026-07-01T00:00:00
RISK01369,CURR01369,4.72,5.36,3.15,1.0,1.03,10.0,1,3.73,MEDIUM,0.474,149,2026-07-01T00:00:00
RISK01370,CURR01370,3.0,7.03,1.0,1.0,2.71,7.67,1,3.14,MEDIUM,0.4,52,2026-07-01T00:00:00
RISK01371,CURR01371,1.0,1.92,1.88,1.25,1.88,10.0,1,2.34,LOW,0.384,77,2026-07-01T00:00:00
RISK01372,CURR01372,7.75,1.1,2.64,1.0,2.03,10.0,1,3.7,MEDIUM,0.5,74,2026-07-01T00:00:00
RISK01373,CURR01373,1.83,4.59,4.71,1.25,1.3,10.0,1,3.41,MEDIUM,0.518,110,2026-07-01T00:00:00
RISK01374,CURR01374,2.25,7.09,2.02,1.0,1.0,10.0,1,3.27,MEDIUM,0.393,63,2026-07-01T00:00:00
RISK01375,CURR01375,6.65,1.83,1.96,1.0,2.07,10.0,1,3.45,MEDIUM,0.472,102,2026-07-01T00:00:00
RISK01376,CURR01376,8.09,6.98,2.87,1.0,1.86,10.0,1,4.67,MEDIUM,0.691,175,2026-07-01T00:00:00
RISK01377,CURR01377,8.49,2.94,3.32,1.0,3.48,10.0,1,4.4,MEDIUM,0.606,45,2026-07-01T00:00:00
RISK01378,CURR01378,6.69,3.84,1.26,2.5,3.01,10.0,1,3.94,MEDIUM,0.757,245,2026-07-01T00:00:00
RISK01379,CURR01379,1.0,3.95,4.06,1.0,1.0,10.0,1,2.95,LOW,0.292,39,2026-07-01T00:00:00
RISK01380,CURR01380,1.0,6.36,3.97,1.0,3.16,10.0,1,3.51,MEDIUM,0.413,39,2026-07-01T00:00:00
RISK01381,CURR01381,8.43,7.12,1.0,1.25,2.79,10.0,1,4.52,MEDIUM,0.742,111,2026-07-01T00:00:00
RISK01382,CURR01382,1.0,1.59,6.52,1.0,3.49,7.32,1,3.07,MEDIUM,0.345,4,2026-07-01T00:00:00
RISK01383,CURR01383,1.17,5.68,2.68,1.0,2.43,10.0,1,3.12,MEDIUM,0.376,95,2026-07-01T00:00:00
RISK01384,CURR01384,7.64,1.0,6.71,1.0,3.89,8.85,1,4.54,MEDIUM,0.589,136,2026-07-01T00:00:00
RISK01385,CURR01385,8.46,2.74,1.45,1.0,2.57,10.0,1,3.9,MEDIUM,0.546,125,2026-07-01T00:00:00
RISK01386,CURR01386,5.67,6.02,1.0,1.0,3.3,10.0,1,3.82,MEDIUM,0.508,87,2026-07-01T00:00:00
RISK01387,CURR01387,7.26,1.0,4.45,1.0,2.13,10.0,3,4.16,MEDIUM,0.516,84,2026-07-01T00:00:00
RISK01388,CURR01388,1.17,6.25,3.04,1.0,1.0,8.33,1,2.96,LOW,0.341,88,2026-07-01T00:00:00
RISK01389,CURR01389,3.14,5.84,3.32,1.0,1.0,10.0,1,3.52,MEDIUM,0.423,85,2026-07-01T00:00:00
RISK01390,CURR01390,5.12,5.54,1.0,1.0,3.86,10.0,1,3.69,MEDIUM,0.486,31,2026-07-01T00:00:00
RISK01391,CURR01391,8.46,1.0,5.83,1.0,1.0,10.0,1,4.36,MEDIUM,0.551,67,2026-07-01T00:00:00
RISK01392,CURR01392,3.4,5.65,1.26,1.0,1.27,10.0,1,3.16,MEDIUM,0.406,46,2026-07-01T00:00:00
RISK01393,CURR01393,5.86,3.83,4.24,1.25,1.0,10.0,1,3.98,MEDIUM,0.63,124,2026-07-01T00:00:00
RISK01394,CURR01394,5.42,3.15,1.09,1.0,3.39,10.0,1,3.36,MEDIUM,0.455,78,2026-07-01T00:00:00
RISK01395,CURR01395,6.84,1.0,2.57,1.0,2.3,10.0,1,3.51,MEDIUM,0.458,128,2026-07-01T00:00:00
RISK01396,CURR01396,3.5,5.1,1.05,1.25,1.0,10.0,1,3.06,MEDIUM,0.499,71,2026-07-01T00:00:00
RISK01397,CURR01397,1.0,4.59,5.71,1.0,2.18,10.0,1,3.5,MEDIUM,0.388,48,2026-07-01T00:00:00
RISK01398,CURR01398,6.93,3.52,6.12,1.0,1.0,10.0,1,4.49,MEDIUM,0.579,110,2026-07-01T00:00:00
RISK01399,CURR01399,7.58,6.53,1.0,1.0,1.0,10.0,1,4.05,MEDIUM,0.593,89,2026-07-01T00:00:00
RISK01400,CURR01400,5.6,5.53,2.5,1.0,1.05,10.0,1,3.8,MEDIUM,0.496,66,2026-07-01T00:00:00
RISK01401,CURR01401,8.99,1.0,1.73,1.0,1.0,10.0,1,3.64,MEDIUM,0.554,165,2026-07-01T00:00:00
RISK01402,CURR01402,5.81,2.36,2.86,1.0,1.19,10.0,3,3.66,MEDIUM,0.453,81,2026-07-01T00:00:00
RISK01403,CURR01403,7.3,7.39,5.32,1.25,2.92,9.18,1,5.13,HIGH,0.795,224,2026-07-01T00:00:00
RISK01404,CURR01404,1.78,4.67,5.73,1.0,1.0,9.1,1,3.46,MEDIUM,0.396,20,2026-07-01T00:00:00
RISK01405,CURR01405,1.0,7.4,1.47,1.0,1.0,8.03,1,2.76,LOW,0.331,76,2026-07-01T00:00:00
RISK01406,CURR01406,4.17,1.06,3.88,1.0,3.87,10.0,3,3.61,MEDIUM,0.423,65,2026-07-01T00:00:00
RISK01407,CURR01407,5.78,1.0,3.1,1.25,1.0,10.0,1,3.31,MEDIUM,0.531,117,2026-07-01T00:00:00
RISK01408,CURR01408,1.0,3.95,1.0,1.0,1.0,10.0,1,2.34,LOW,0.238,34,2026-07-01T00:00:00
RISK01409,CURR01409,7.31,2.94,1.6,1.0,2.48,10.0,1,3.72,MEDIUM,0.515,160,2026-07-01T00:00:00
RISK01410,CURR01410,8.6,7.96,4.87,1.0,3.1,10.0,1,5.45,HIGH,0.73,199,2026-07-01T00:00:00
RISK01411,CURR01411,6.51,3.46,3.95,1.0,1.69,10.0,1,4.03,MEDIUM,0.526,131,2026-07-01T00:00:00
RISK01412,CURR01412,1.0,3.58,5.49,1.25,1.2,8.33,3,3.28,MEDIUM,0.445,95,2026-07-01T00:00:00
RISK01413,CURR01413,1.0,1.44,5.61,1.0,2.03,10.0,3,3.19,MEDIUM,0.319,55,2026-07-01T00:00:00
RISK01414,CURR01414,8.36,4.12,1.0,2.5,1.0,10.0,1,4.07,MEDIUM,0.839,148,2026-07-01T00:00:00
RISK01415,CURR01415,3.93,5.65,3.25,1.0,3.98,10.0,1,3.93,MEDIUM,0.53,50,2026-07-01T00:00:00
RISK01416,CURR01416,7.79,6.45,1.0,1.0,3.0,10.0,3,4.48,MEDIUM,0.572,129,2026-07-01T00:00:00
RISK01417,CURR01417,3.68,7.95,4.8,1.0,2.15,10.0,1,4.35,MEDIUM,0.538,46,2026-07-01T00:00:00
RISK01418,CURR01418,1.0,2.46,1.0,1.0,3.08,10.0,1,2.33,LOW,0.322,55,2026-07-01T00:00:00
RISK01419,CURR01419,6.66,4.12,4.8,1.25,1.0,10.0,1,4.3,MEDIUM,0.666,214,2026-07-01T00:00:00
RISK01420,CURR01420,7.46,4.68,1.0,1.0,2.58,10.0,3,4.1,MEDIUM,0.535,98,2026-07-01T00:00:00
RISK01421,CURR01421,8.96,3.07,2.47,1.0,2.15,10.0,1,4.21,MEDIUM,0.583,145,2026-07-01T00:00:00
RISK01422,CURR01422,3.23,2.51,1.13,1.0,1.0,10.0,1,2.6,LOW,0.32,62,2026-07-01T00:00:00
RISK01423,CURR01423,7.75,4.49,6.06,1.0,3.59,7.15,3,4.96,MEDIUM,0.645,112,2026-07-01T00:00:00
RISK01424,CURR01424,7.33,3.04,4.99,1.25,1.0,9.22,1,4.23,MEDIUM,0.661,179,2026-07-01T00:00:00
RISK01425,CURR01425,4.51,6.4,3.93,1.0,1.59,10.0,1,4.06,MEDIUM,0.583,137,2026-07-01T00:00:00
RISK01426,CURR01426,5.1,4.26,1.32,1.0,1.0,10.0,1,3.27,MEDIUM,0.426,55,2026-07-01T00:00:00
RISK01427,CURR01427,3.37,5.3,6.85,2.5,1.63,10.0,1,4.48,MEDIUM,0.772,240,2026-07-01T00:00:00
RISK01428,CURR01428,6.21,2.66,6.9,1.0,2.91,10.0,1,4.56,MEDIUM,0.582,139,2026-07-01T00:00:00
RISK01429,CURR01429,2.22,1.0,2.56,1.25,1.0,10.0,1,2.49,LOW,0.398,93,2026-07-01T00:00:00
RISK01430,CURR01430,8.48,2.68,4.05,1.0,3.58,10.0,1,4.52,MEDIUM,0.618,162,2026-07-01T00:00:00
RISK01431,CURR01431,4.94,2.69,4.42,1.0,2.86,10.0,1,3.81,MEDIUM,0.521,32,2026-07-01T00:00:00
RISK01432,CURR01432,2.6,7.72,1.0,1.0,1.64,8.75,1,3.17,MEDIUM,0.386,27,2026-07-01T00:00:00
RISK01433,CURR01433,5.3,7.2,3.53,1.0,3.81,10.0,3,4.68,MEDIUM,0.587,110,2026-07-01T00:00:00
RISK01434,CURR01434,7.67,1.83,3.13,2.5,3.02,10.0,3,4.41,MEDIUM,0.785,185,2026-07-01T00:00:00
RISK01435,CURR01435,2.45,7.91,5.01,1.0,1.77,10.0,3,4.31,MEDIUM,0.5,93,2026-07-01T00:00:00
RISK01436,CURR01436,1.0,4.15,2.88,1.0,1.0,10.0,1,2.75,LOW,0.3,48,2026-07-01T00:00:00
RISK01437,CURR01437,4.99,1.0,2.49,1.0,2.16,9.95,1,3.11,MEDIUM,0.38,23,2026-07-01T00:00:00
RISK01438,CURR01438,2.51,3.27,1.47,1.25,1.79,10.0,1,2.75,LOW,0.469,141,2026-07-01T00:00:00
RISK01439,CURR01439,7.56,3.19,1.0,1.0,3.61,7.5,1,3.55,MEDIUM,0.495,113,2026-07-01T00:00:00
RISK01440,CURR01440,1.97,5.54,1.49,1.0,1.6,10.0,1,2.93,LOW,0.424,88,2026-07-01T00:00:00
RISK01441,CURR01441,2.66,5.72,4.88,1.0,2.62,10.0,1,3.88,MEDIUM,0.53,71,2026-07-01T00:00:00
RISK01442,CURR01442,7.39,1.0,3.08,1.0,1.0,10.0,1,3.59,MEDIUM,0.464,104,2026-07-01T00:00:00
RISK01443,CURR01443,6.74,1.0,5.38,1.0,3.02,10.0,1,4.13,MEDIUM,0.518,119,2026-07-01T00:00:00
RISK01444,CURR01444,8.33,7.64,1.13,1.0,1.42,8.75,1,4.3,MEDIUM,0.603,175,2026-07-01T00:00:00
RISK01445,CURR01445,2.33,1.72,6.58,1.0,3.89,9.38,1,3.62,MEDIUM,0.423,96,2026-07-01T00:00:00
RISK01446,CURR01446,5.42,6.42,4.51,1.0,2.54,9.95,1,4.45,MEDIUM,0.566,100,2026-07-01T00:00:00
RISK01447,CURR01447,4.34,4.65,1.26,1.25,1.0,10.0,1,3.21,MEDIUM,0.525,131,2026-07-01T00:00:00
RISK01448,CURR01448,7.05,2.63,6.59,1.25,3.47,10.0,1,4.76,MEDIUM,0.733,238,2026-07-01T00:00:00
RISK01449,CURR01449,1.94,6.34,6.74,1.25,1.0,10.0,1,4.07,MEDIUM,0.591,137,2026-07-01T00:00:00
RISK01450,CURR01450,8.58,2.27,1.7,1.0,1.88,10.0,1,3.83,MEDIUM,0.534,65,2026-07-01T00:00:00
RISK01451,CURR01451,8.22,1.0,1.0,1.0,1.2,10.0,1,3.36,MEDIUM,0.464,42,2026-07-01T00:00:00
RISK01452,CURR01452,1.38,5.56,6.4,1.0,2.72,10.0,3,4.11,MEDIUM,0.45,76,2026-07-01T00:00:00
RISK01453,CURR01453,3.48,6.2,2.03,1.0,2.18,10.0,1,3.5,MEDIUM,0.513,83,2026-07-01T00:00:00
RISK01454,CURR01454,6.77,1.0,2.67,1.0,3.58,10.0,1,3.65,MEDIUM,0.489,17,2026-07-01T00:00:00
RISK01455,CURR01455,4.03,7.29,1.0,1.0,1.0,7.15,1,3.16,MEDIUM,0.417,71,2026-07-01T00:00:00
RISK01456,CURR01456,8.13,2.21,3.58,1.0,1.0,10.0,1,4.02,MEDIUM,0.536,63,2026-07-01T00:00:00
RISK01457,CURR01457,1.0,7.87,1.93,1.0,1.51,10.0,1,3.17,MEDIUM,0.374,21,2026-07-01T00:00:00
RISK01458,CURR01458,4.79,2.76,3.14,1.0,2.52,10.0,1,3.5,MEDIUM,0.513,102,2026-07-01T00:00:00
RISK01459,CURR01459,2.93,2.53,2.48,1.0,1.0,8.33,1,2.64,LOW,0.319,49,2026-07-01T00:00:00
RISK01460,CURR01460,4.01,1.0,4.13,1.0,2.17,9.53,1,3.2,MEDIUM,0.389,100,2026-07-01T00:00:00
RISK01461,CURR01461,5.72,2.53,1.0,1.25,1.0,10.0,1,3.11,MEDIUM,0.517,113,2026-07-01T00:00:00
RISK01462,CURR01462,5.94,1.96,1.36,1.25,3.46,10.0,1,3.39,MEDIUM,0.575,120,2026-07-01T00:00:00
RISK01463,CURR01463,2.62,3.6,1.0,1.0,2.84,10.0,3,3.0,LOW,0.349,62,2026-07-01T00:00:00
RISK01464,CURR01464,6.63,6.1,6.4,1.0,1.0,10.0,1,4.87,MEDIUM,0.612,196,2026-07-01T00:00:00
RISK01465,CURR01465,7.06,7.18,1.0,1.0,3.88,8.33,1,4.16,MEDIUM,0.565,123,2026-07-01T00:00:00
RISK01466,CURR01466,8.94,4.04,3.32,1.0,2.37,10.0,1,4.54,MEDIUM,0.628,202,2026-07-01T00:00:00
RISK01467,CURR01467,7.87,6.56,3.97,1.0,1.73,10.0,3,4.97,MEDIUM,0.703,138,2026-07-01T00:00:00
RISK01468,CURR01468,4.49,1.0,4.82,1.25,1.0,10.0,1,3.4,MEDIUM,0.515,112,2026-07-01T00:00:00
RISK01469,CURR01469,6.16,6.84,6.52,1.0,1.04,10.0,3,5.12,HIGH,0.621,96,2026-07-01T00:00:00
RISK01470,CURR01470,3.41,6.06,6.84,1.25,3.87,10.0,1,4.63,MEDIUM,0.692,96,2026-07-01T00:00:00
RISK01471,CURR01471,7.56,5.95,2.37,1.0,1.42,10.0,3,4.47,MEDIUM,0.637,187,2026-07-01T00:00:00
RISK01472,CURR01472,2.65,8.0,2.87,1.0,1.0,10.0,1,3.65,MEDIUM,0.453,126,2026-07-01T00:00:00
RISK01473,CURR01473,6.66,2.98,6.33,1.0,1.73,10.0,1,4.47,MEDIUM,0.566,98,2026-07-01T00:00:00
RISK01474,CURR01474,6.77,1.0,6.75,1.0,2.83,10.0,1,4.39,MEDIUM,0.553,128,2026-07-01T00:00:00
RISK01475,CURR01475,4.12,1.0,2.73,1.0,3.02,10.0,1,3.07,MEDIUM,0.373,28,2026-07-01T00:00:00
RISK01476,CURR01476,5.43,5.19,2.99,1.0,3.06,10.0,1,4.02,MEDIUM,0.523,64,2026-07-01T00:00:00
RISK01477,CURR01477,2.95,7.59,1.0,1.0,3.81,10.0,1,3.56,MEDIUM,0.453,30,2026-07-01T00:00:00
RISK01478,CURR01478,8.2,3.04,2.78,1.0,1.0,10.0,1,4.0,MEDIUM,0.533,136,2026-07-01T00:00:00
RISK01479,CURR01479,4.85,1.7,3.96,1.0,3.82,10.0,1,3.65,MEDIUM,0.471,35,2026-07-01T00:00:00
RISK01480,CURR01480,4.16,3.89,1.0,1.0,1.45,10.0,3,3.21,MEDIUM,0.378,39,2026-07-01T00:00:00
RISK01481,CURR01481,7.77,7.06,3.86,1.0,1.0,10.0,1,4.74,MEDIUM,0.695,176,2026-07-01T00:00:00
RISK01482,CURR01482,8.92,2.72,1.0,1.0,1.55,10.0,1,3.8,MEDIUM,0.525,135,2026-07-01T00:00:00
RISK01483,CURR01483,2.95,3.99,4.6,1.0,3.57,10.0,3,3.92,MEDIUM,0.453,90,2026-07-01T00:00:00
RISK01484,CURR01484,2.24,2.77,3.11,1.0,1.0,9.57,1,2.79,LOW,0.328,62,2026-07-01T00:00:00
RISK01485,CURR01485,5.5,2.8,4.2,1.25,3.43,10.0,1,3.99,MEDIUM,0.643,167,2026-07-01T00:00:00
RISK01486,CURR01486,1.0,1.0,6.11,1.0,3.84,10.0,1,3.21,MEDIUM,0.408,58,2026-07-01T00:00:00
RISK01487,CURR01487,1.33,7.44,4.52,1.0,3.5,10.0,1,3.89,MEDIUM,0.462,72,2026-07-01T00:00:00
RISK01488,CURR01488,7.65,2.31,1.85,1.0,1.0,10.0,1,3.6,MEDIUM,0.491,29,2026-07-01T00:00:00
RISK01489,CURR01489,1.0,1.67,3.59,1.0,3.33,8.55,1,2.61,LOW,0.28,32,2026-07-01T00:00:00
RISK01490,CURR01490,2.46,5.24,4.43,1.0,2.4,10.0,1,3.65,MEDIUM,0.441,67,2026-07-01T00:00:00
RISK01491,CURR01491,2.19,4.82,5.98,1.0,3.3,10.0,1,3.94,MEDIUM,0.463,103,2026-07-01T00:00:00
RISK01492,CURR01492,1.0,1.0,1.68,1.0,1.0,10.0,3,2.24,LOW,0.177,5,2026-07-01T00:00:00
RISK01493,CURR01493,3.87,4.99,4.97,1.0,1.84,9.38,1,3.89,MEDIUM,0.48,105,2026-07-01T00:00:00
RISK01494,CURR01494,4.85,1.57,2.3,1.0,2.57,10.0,1,3.17,MEDIUM,0.406,15,2026-07-01T00:00:00
RISK01495,CURR01495,1.0,2.13,2.59,1.0,1.28,7.32,1,2.15,LOW,0.292,50,2026-07-01T00:00:00
RISK01496,CURR01496,5.75,1.0,4.17,1.0,1.0,10.0,1,3.48,MEDIUM,0.483,55,2026-07-01T00:00:00
RISK01497,CURR01497,4.64,3.34,5.54,1.0,1.0,10.0,1,3.89,MEDIUM,0.54,120,2026-07-01T00:00:00
RISK01498,CURR01498,1.63,1.0,3.67,1.0,2.95,10.0,1,2.75,LOW,0.311,52,2026-07-01T00:00:00
RISK01499,CURR01499,1.5,1.0,1.0,1.0,2.47,10.0,1,2.15,LOW,0.241,17,2026-07-01T00:00:00
RISK01500,CURR01500,6.53,1.04,1.0,1.0,3.19,10.0,1,3.23,MEDIUM,0.435,101,2026-07-01T00:00:00
RISK01501,CURR01501,6.36,6.74,6.49,1.0,3.33,10.0,1,5.16,HIGH,0.665,188,2026-07-01T00:00:00
RISK01502,CURR01502,6.16,2.29,4.48,1.0,3.39,10.0,3,4.26,MEDIUM,0.524,116,2026-07-01T00:00:00
RISK01503,CURR01503,7.95,6.27,5.36,1.0,1.0,10.0,1,4.95,MEDIUM,0.637,95,2026-07-01T00:00:00
RISK01504,CURR01504,1.0,7.63,5.32,1.0,1.74,10.0,1,3.83,MEDIUM,0.439,62,2026-07-01T00:00:00
RISK01505,CURR01505,4.47,6.35,5.55,1.25,1.0,10.0,1,4.34,MEDIUM,0.645,131,2026-07-01T00:00:00
RISK01506,CURR01506,1.57,2.98,6.85,1.25,2.89,10.0,1,3.71,MEDIUM,0.546,177,2026-07-01T00:00:00
RISK01507,CURR01507,1.53,6.34,1.0,1.0,1.0,10.0,1,2.81,LOW,0.322,69,2026-07-01T00:00:00
RISK01508,CURR01508,4.61,6.02,3.9,1.0,1.62,10.0,1,4.02,MEDIUM,0.514,87,2026-07-01T00:00:00
RISK01509,CURR01509,6.77,2.07,5.17,1.0,2.3,10.0,1,4.18,MEDIUM,0.601,76,2026-07-01T00:00:00
RISK01510,CURR01510,4.37,5.81,1.0,1.0,1.0,10.0,3,3.5,MEDIUM,0.417,57,2026-07-01T00:00:00
RISK01511,CURR01511,7.1,1.52,5.03,1.0,1.12,10.0,1,4.02,MEDIUM,0.517,154,2026-07-01T00:00:00
RISK01512,CURR01512,5.53,2.26,3.14,1.0,3.84,1.0,3,3.01,MEDIUM,0.502,147,2026-07-01T00:00:00
RISK01513,CURR01513,1.0,6.51,1.85,1.0,3.49,10.0,3,3.35,MEDIUM,0.422,43,2026-07-01T00:00:00
RISK01514,CURR01514,5.37,1.0,5.43,1.0,3.21,10.0,1,3.88,MEDIUM,0.548,123,2026-07-01T00:00:00
RISK01515,CURR01515,2.92,7.1,5.35,1.0,1.0,10.0,1,4.07,MEDIUM,0.541,159,2026-07-01T00:00:00
RISK01516,CURR01516,3.95,7.24,2.59,1.0,1.01,10.0,1,3.75,MEDIUM,0.486,79,2026-07-01T00:00:00
RISK01517,CURR01517,1.0,5.61,5.63,1.0,1.0,10.0,1,3.52,MEDIUM,0.377,33,2026-07-01T00:00:00
RISK01518,CURR01518,5.5,4.89,6.04,1.0,3.48,10.0,1,4.64,MEDIUM,0.586,143,2026-07-01T00:00:00
RISK01519,CURR01519,5.42,7.05,1.76,1.0,3.71,7.92,3,4.11,MEDIUM,0.533,78,2026-07-01T00:00:00
RISK01520,CURR01520,8.9,4.58,6.68,1.0,3.37,10.0,1,5.39,HIGH,0.713,80,2026-07-01T00:00:00
RISK01521,CURR01521,6.26,1.0,5.51,1.25,1.0,3.57,1,3.25,MEDIUM,0.563,143,2026-07-01T00:00:00
RISK01522,CURR01522,3.06,4.5,1.66,1.0,2.45,8.33,1,2.95,LOW,0.38,109,2026-07-01T00:00:00
RISK01523,CURR01523,6.23,4.01,3.97,1.0,3.52,10.0,1,4.24,MEDIUM,0.564,103,2026-07-01T00:00:00
RISK01524,CURR01524,3.01,1.0,6.92,1.0,1.0,10.0,1,3.49,MEDIUM,0.447,101,2026-07-01T00:00:00
RISK01525,CURR01525,2.88,2.28,2.3,1.0,3.42,10.0,1,2.97,LOW,0.37,70,2026-07-01T00:00:00
RISK01526,CURR01526,8.32,1.0,5.54,2.5,3.83,10.0,1,4.78,MEDIUM,0.842,147,2026-07-01T00:00:00
RISK01527,CURR01527,5.01,4.87,2.22,1.0,1.81,10.0,1,3.61,MEDIUM,0.466,54,2026-07-01T00:00:00
RISK01528,CURR01528,4.42,1.3,1.0,1.0,1.32,7.32,3,2.59,LOW,0.314,51,2026-07-01T00:00:00
RISK01529,CURR01529,2.43,1.0,5.98,1.0,2.18,6.98,1,3.0,LOW,0.426,84,2026-07-01T00:00:00
RISK01530,CURR01530,6.75,1.0,1.04,1.0,2.98,10.0,3,3.46,MEDIUM,0.445,74,2026-07-01T00:00:00
RISK01531,CURR01531,4.53,5.3,1.22,1.0,3.86,10.0,1,3.58,MEDIUM,0.472,60,2026-07-01T00:00:00
RISK01532,CURR01532,6.21,2.75,1.0,1.0,1.0,10.0,1,3.2,MEDIUM,0.423,100,2026-07-01T00:00:00
RISK01533,CURR01533,7.42,7.96,1.69,2.5,1.15,10.0,1,4.61,MEDIUM,0.845,203,2026-07-01T00:00:00
RISK01534,CURR01534,8.9,3.64,4.02,1.0,2.64,10.0,1,4.64,MEDIUM,0.654,200,2026-07-01T00:00:00
RISK01535,CURR01535,1.94,4.14,5.47,1.0,3.62,10.0,1,3.71,MEDIUM,0.454,27,2026-07-01T00:00:00
RISK01536,CURR01536,2.82,4.79,6.79,1.25,3.02,7.32,1,3.96,MEDIUM,0.61,178,2026-07-01T00:00:00
RISK01537,CURR01537,5.07,3.89,2.88,1.0,2.99,10.0,1,3.72,MEDIUM,0.483,74,2026-07-01T00:00:00
RISK01538,CURR01538,2.08,5.53,3.55,1.0,1.0,10.0,1,3.31,MEDIUM,0.386,82,2026-07-01T00:00:00
RISK01539,CURR01539,2.96,7.18,2.54,1.0,2.32,10.0,1,3.66,MEDIUM,0.465,115,2026-07-01T00:00:00
RISK01540,CURR01540,4.98,6.8,4.25,1.0,2.07,10.0,1,4.32,MEDIUM,0.553,100,2026-07-01T00:00:00
RISK01541,CURR01541,6.37,2.04,1.0,1.0,3.63,10.0,1,3.39,MEDIUM,0.441,9,2026-07-01T00:00:00
RISK01542,CURR01542,6.63,6.04,1.12,1.0,1.0,10.0,1,3.81,MEDIUM,0.517,41,2026-07-01T00:00:00
RISK01543,CURR01543,7.22,6.68,5.39,1.0,1.66,10.0,1,4.94,MEDIUM,0.651,134,2026-07-01T00:00:00
RISK01544,CURR01544,5.92,5.39,1.0,1.0,3.42,10.0,1,3.78,MEDIUM,0.561,182,2026-07-01T00:00:00
RISK01545,CURR01545,5.11,1.75,2.55,1.0,3.06,10.0,1,3.35,MEDIUM,0.437,70,2026-07-01T00:00:00
RISK01546,CURR01546,3.49,5.15,6.98,1.0,3.66,10.0,1,4.48,MEDIUM,0.54,93,2026-07-01T00:00:00
RISK01547,CURR01547,2.98,7.38,1.0,1.0,2.01,10.0,1,3.35,MEDIUM,0.468,121,2026-07-01T00:00:00
RISK01548,CURR01548,5.12,2.26,6.25,1.0,1.0,10.0,1,3.96,MEDIUM,0.475,67,2026-07-01T00:00:00
RISK01549,CURR01549,8.31,1.6,3.7,1.0,1.0,9.22,1,3.91,MEDIUM,0.521,12,2026-07-01T00:00:00
RISK01550,CURR01550,5.73,5.19,5.08,1.0,1.21,10.0,1,4.31,MEDIUM,0.614,73,2026-07-01T00:00:00
RISK01551,CURR01551,1.68,4.61,1.0,1.0,2.86,10.0,1,2.76,LOW,0.321,31,2026-07-01T00:00:00
RISK01552,CURR01552,2.62,6.29,1.73,2.5,1.51,10.0,1,3.44,MEDIUM,0.659,179,2026-07-01T00:00:00
RISK01553,CURR01553,5.87,5.42,6.86,1.0,2.58,1.0,1,3.97,MEDIUM,0.57,98,2026-07-01T00:00:00
RISK01554,CURR01554,2.88,6.98,2.8,1.0,3.9,9.7,1,3.79,MEDIUM,0.474,32,2026-07-01T00:00:00
RISK01555,CURR01555,7.58,6.27,4.84,1.0,1.06,10.0,1,4.78,MEDIUM,0.688,206,2026-07-01T00:00:00
RISK01556,CURR01556,8.84,1.0,2.94,1.0,1.94,10.0,1,3.95,MEDIUM,0.611,148,2026-07-01T00:00:00
RISK01557,CURR01557,8.32,2.27,1.0,1.0,1.19,10.0,1,3.57,MEDIUM,0.481,56,2026-07-01T00:00:00
RISK01558,CURR01558,1.0,6.4,3.22,1.0,2.12,10.0,1,3.27,MEDIUM,0.372,60,2026-07-01T00:00:00
RISK01559,CURR01559,3.2,7.1,1.0,1.0,1.95,10.0,1,3.35,MEDIUM,0.473,50,2026-07-01T00:00:00
RISK01560,CURR01560,1.31,7.4,2.14,1.0,1.0,10.0,1,3.15,MEDIUM,0.378,70,2026-07-01T00:00:00
RISK01561,CURR01561,1.54,1.22,4.27,1.0,3.72,10.0,1,2.97,LOW,0.345,44,2026-07-01T00:00:00
RISK01562,CURR01562,3.38,1.12,5.92,1.0,2.74,9.53,1,3.5,MEDIUM,0.418,49,2026-07-01T00:00:00
RISK01563,CURR01563,8.85,2.94,5.68,1.0,1.0,10.0,3,4.9,MEDIUM,0.616,130,2026-07-01T00:00:00
RISK01564,CURR01564,1.0,2.1,4.82,1.0,2.54,10.0,1,2.98,LOW,0.316,31,2026-07-01T00:00:00
RISK01565,CURR01565,1.74,1.0,1.0,1.0,2.34,10.0,3,2.38,LOW,0.321,61,2026-07-01T00:00:00
RISK01566,CURR01566,6.16,1.0,4.5,1.0,2.5,10.0,1,3.78,MEDIUM,0.493,49,2026-07-01T00:00:00
RISK01567,CURR01567,1.0,1.18,5.52,1.0,1.0,10.0,1,2.83,LOW,0.339,72,2026-07-01T00:00:00
RISK01568,CURR01568,1.42,6.18,4.13,1.25,3.92,9.4,1,3.66,MEDIUM,0.557,117,2026-07-01T00:00:00
RISK01569,CURR01569,6.68,2.61,1.0,1.0,3.41,10.0,1,3.52,MEDIUM,0.491,14,2026-07-01T00:00:00
RISK01570,CURR01570,8.44,2.07,6.24,1.0,2.74,10.0,1,4.77,MEDIUM,0.628,132,2026-07-01T00:00:00
RISK01571,CURR01571,2.39,7.14,4.38,1.0,1.02,10.0,3,3.98,MEDIUM,0.514,106,2026-07-01T00:00:00
RISK01572,CURR01572,8.31,2.25,6.16,1.0,2.51,10.0,1,4.73,MEDIUM,0.696,141,2026-07-01T00:00:00
RISK01573,CURR01573,2.46,7.64,4.01,1.0,1.0,9.38,1,3.73,MEDIUM,0.501,120,2026-07-01T00:00:00
RISK01574,CURR01574,2.69,4.16,6.66,1.0,2.28,10.0,1,3.97,MEDIUM,0.47,111,2026-07-01T00:00:00
RISK01575,CURR01575,3.91,1.73,5.96,1.0,1.0,10.0,1,3.58,MEDIUM,0.422,75,2026-07-01T00:00:00
RISK01576,CURR01576,3.07,2.25,4.19,1.25,1.0,10.0,1,3.18,MEDIUM,0.494,84,2026-07-01T00:00:00
RISK01577,CURR01577,7.4,7.74,2.77,1.0,2.73,10.0,1,4.72,MEDIUM,0.638,93,2026-07-01T00:00:00
RISK01578,CURR01578,6.72,3.42,2.68,1.25,1.55,7.67,1,3.6,MEDIUM,0.616,106,2026-07-01T00:00:00
RISK01579,CURR01579,1.0,1.0,5.66,1.0,1.0,10.0,1,2.83,LOW,0.288,73,2026-07-01T00:00:00
RISK01580,CURR01580,3.84,1.92,5.6,1.0,1.0,10.0,1,3.53,MEDIUM,0.422,67,2026-07-01T00:00:00
RISK01581,CURR01581,8.79,2.72,1.19,1.0,2.02,10.0,1,3.86,MEDIUM,0.546,178,2026-07-01T00:00:00
RISK01582,CURR01582,8.59,1.0,6.23,1.0,3.29,10.0,3,4.89,MEDIUM,0.616,32,2026-07-01T00:00:00
RISK01583,CURR01583,5.26,1.94,5.29,1.0,1.47,10.0,1,3.8,MEDIUM,0.471,109,2026-07-01T00:00:00
RISK01584,CURR01584,2.69,7.59,1.0,1.0,1.08,10.0,3,3.43,MEDIUM,0.395,67,2026-07-01T00:00:00
RISK01585,CURR01585,1.0,4.07,1.39,1.0,1.0,6.25,3,2.26,LOW,0.257,44,2026-07-01T00:00:00
RISK01586,CURR01586,7.97,2.01,6.17,1.0,1.0,10.0,1,4.48,MEDIUM,0.64,93,2026-07-01T00:00:00
RISK01587,CURR01587,2.19,5.0,1.0,1.0,1.0,10.0,1,2.74,LOW,0.322,17,2026-07-01T00:00:00
RISK01588,CURR01588,8.38,3.6,1.0,1.0,1.39,10.0,1,3.81,MEDIUM,0.579,132,2026-07-01T00:00:00
RISK01589,CURR01589,5.88,2.8,5.97,1.0,3.48,10.0,1,4.39,MEDIUM,0.556,74,2026-07-01T00:00:00
RISK01590,CURR01590,1.07,1.55,6.29,1.0,2.38,10.0,1,3.19,MEDIUM,0.368,66,2026-07-01T00:00:00
RISK01591,CURR01591,8.63,1.06,6.68,1.0,1.0,5.0,1,4.07,MEDIUM,0.571,184,2026-07-01T00:00:00
RISK01592,CURR01592,1.47,6.16,4.86,1.0,1.4,10.0,1,3.58,MEDIUM,0.426,69,2026-07-01T00:00:00
RISK01593,CURR01593,3.83,3.21,2.12,1.0,1.0,10.0,1,3.02,MEDIUM,0.38,21,2026-07-01T00:00:00
RISK01594,CURR01594,5.33,2.61,4.56,1.0,1.44,10.0,1,3.76,MEDIUM,0.491,150,2026-07-01T00:00:00
RISK01595,CURR01595,5.96,1.0,2.19,1.0,1.0,9.53,1,3.08,MEDIUM,0.391,120,2026-07-01T00:00:00
RISK01596,CURR01596,8.35,2.1,4.54,1.0,2.93,10.0,1,4.44,MEDIUM,0.658,164,2026-07-01T00:00:00
RISK01597,CURR01597,3.68,1.75,1.0,1.0,1.0,10.0,1,2.55,LOW,0.293,70,2026-07-01T00:00:00
RISK01598,CURR01598,1.0,2.16,6.39,1.0,3.99,7.92,1,3.24,MEDIUM,0.409,48,2026-07-01T00:00:00
RISK01599,CURR01599,3.81,2.96,1.0,1.0,2.42,10.0,3,3.1,MEDIUM,0.366,73,2026-07-01T00:00:00
RISK01600,CURR01600,8.86,7.91,1.0,1.0,1.0,9.38,1,4.45,MEDIUM,0.606,107,2026-07-01T00:00:00
RISK01601,CURR01601,8.26,4.28,6.52,1.0,3.15,10.0,1,5.16,HIGH,0.68,67,2026-07-01T00:00:00
RISK01602,CURR01602,7.08,3.07,4.7,1.0,1.43,10.0,1,4.21,MEDIUM,0.615,145,2026-07-01T00:00:00
RISK01603,CURR01603,8.39,6.3,1.16,2.5,1.0,9.2,1,4.35,MEDIUM,0.818,155,2026-07-01T00:00:00
RISK01604,CURR01604,6.49,7.5,1.0,1.0,2.19,10.0,3,4.29,MEDIUM,0.541,105,2026-07-01T00:00:00
RISK01605,CURR01605,8.74,7.91,6.29,1.25,1.0,10.0,1,5.58,HIGH,0.838,248,2026-07-01T00:00:00
RISK01606,CURR01606,8.99,1.0,1.0,1.0,1.95,7.65,1,3.36,MEDIUM,0.47,113,2026-07-01T00:00:00
RISK01607,CURR01607,7.06,5.89,6.59,1.0,3.12,10.0,1,5.18,HIGH,0.729,209,2026-07-01T00:00:00
RISK01608,CURR01608,6.03,5.97,5.63,1.0,4.0,10.0,1,4.88,MEDIUM,0.631,179,2026-07-01T00:00:00
RISK01609,CURR01609,3.67,3.21,5.9,1.0,1.0,10.0,1,3.75,MEDIUM,0.443,68,2026-07-01T00:00:00
RISK01610,CURR01610,7.56,6.82,1.68,1.0,1.05,10.0,1,4.23,MEDIUM,0.574,113,2026-07-01T00:00:00
RISK01611,CURR01611,1.0,1.73,1.11,1.0,3.81,8.03,1,2.12,LOW,0.302,50,2026-07-01T00:00:00
RISK01612,CURR01612,2.63,5.74,4.76,1.0,3.33,9.62,1,3.88,MEDIUM,0.471,45,2026-07-01T00:00:00
RISK01613,CURR01613,1.0,4.82,6.74,1.25,1.37,10.0,3,3.9,MEDIUM,0.516,132,2026-07-01T00:00:00
RISK01614,CURR01614,5.3,1.61,6.5,1.0,2.09,10.0,3,4.26,MEDIUM,0.504,88,2026-07-01T00:00:00
RISK01615,CURR01615,6.09,1.0,2.15,1.0,1.08,10.0,1,3.16,MEDIUM,0.411,70,2026-07-01T00:00:00
RISK01616,CURR01616,3.96,5.82,1.0,1.0,2.95,10.0,3,3.61,MEDIUM,0.439,37,2026-07-01T00:00:00
RISK01617,CURR01617,6.9,7.86,1.0,1.0,1.0,10.0,1,4.11,MEDIUM,0.609,204,2026-07-01T00:00:00
RISK01618,CURR01618,5.72,6.72,4.31,1.0,1.0,10.0,1,4.36,MEDIUM,0.57,86,2026-07-01T00:00:00
RISK01619,CURR01619,7.32,1.95,2.41,1.0,1.0,10.0,1,3.59,MEDIUM,0.488,103,2026-07-01T00:00:00
RISK01620,CURR01620,1.0,1.0,6.62,1.0,2.78,10.0,1,3.2,MEDIUM,0.317,82,2026-07-01T00:00:00
RISK01621,CURR01621,1.0,4.89,2.77,1.0,1.85,10.0,1,2.92,LOW,0.331,28,2026-07-01T00:00:00
RISK01622,CURR01622,1.28,5.98,6.64,1.0,1.0,10.0,1,3.83,MEDIUM,0.439,141,2026-07-01T00:00:00
RISK01623,CURR01623,4.2,6.57,4.31,1.0,3.34,10.0,1,4.27,MEDIUM,0.535,53,2026-07-01T00:00:00
RISK01624,CURR01624,4.47,2.49,1.0,1.0,1.79,10.0,1,2.9,LOW,0.375,68,2026-07-01T00:00:00
RISK01625,CURR01625,8.17,1.0,3.82,1.0,1.75,10.0,1,3.97,MEDIUM,0.528,167,2026-07-01T00:00:00
RISK01626,CURR01626,6.16,1.0,1.32,1.0,1.04,8.75,3,3.08,MEDIUM,0.444,125,2026-07-01T00:00:00
RISK01627,CURR01627,3.45,7.13,4.52,1.0,1.63,10.0,1,4.08,MEDIUM,0.5,73,2026-07-01T00:00:00
RISK01628,CURR01628,2.53,4.28,5.76,1.0,1.3,10.0,1,3.68,MEDIUM,0.435,68,2026-07-01T00:00:00
RISK01629,CURR01629,2.08,5.55,2.79,1.0,1.39,10.0,1,3.2,MEDIUM,0.384,35,2026-07-01T00:00:00
RISK01630,CURR01630,5.59,2.63,3.38,1.0,1.05,10.0,1,3.54,MEDIUM,0.456,111,2026-07-01T00:00:00
RISK01631,CURR01631,2.61,6.72,6.55,2.5,3.98,9.38,1,4.65,MEDIUM,0.784,203,2026-07-01T00:00:00
RISK01632,CURR01632,2.44,6.2,6.77,1.25,3.68,10.0,1,4.43,MEDIUM,0.657,109,2026-07-01T00:00:00
RISK01633,CURR01633,7.8,4.64,1.86,1.0,1.0,10.0,1,3.98,MEDIUM,0.535,168,2026-07-01T00:00:00
RISK01634,CURR01634,1.0,4.24,1.84,1.0,2.02,10.0,1,2.66,LOW,0.291,53,2026-07-01T00:00:00
RISK01635,CURR01635,2.53,1.0,1.05,1.0,1.0,10.0,1,2.22,LOW,0.259,57,2026-07-01T00:00:00
RISK01636,CURR01636,3.17,2.72,3.45,1.0,3.85,10.0,1,3.37,MEDIUM,0.478,64,2026-07-01T00:00:00
RISK01637,CURR01637,4.61,1.0,5.13,1.0,1.93,10.0,3,3.74,MEDIUM,0.436,50,2026-07-01T00:00:00
RISK01638,CURR01638,8.58,3.75,3.26,1.0,1.0,10.0,1,4.28,MEDIUM,0.578,36,2026-07-01T00:00:00
RISK01639,CURR01639,1.0,5.5,4.92,1.0,1.0,10.0,1,3.36,MEDIUM,0.348,58,2026-07-01T00:00:00
RISK01640,CURR01640,2.65,7.21,5.88,1.25,1.0,9.55,3,4.33,MEDIUM,0.606,144,2026-07-01T00:00:00
RISK01641,CURR01641,1.0,4.22,3.29,1.0,2.96,10.0,1,3.04,MEDIUM,0.318,39,2026-07-01T00:00:00
RISK01642,CURR01642,2.34,1.61,2.96,1.0,1.6,10.0,3,2.91,LOW,0.324,27,2026-07-01T00:00:00
RISK01643,CURR01643,1.54,7.99,6.51,1.0,1.04,10.0,1,4.16,MEDIUM,0.49,171,2026-07-01T00:00:00
RISK01644,CURR01644,8.27,4.57,1.3,1.0,1.0,9.1,1,3.86,MEDIUM,0.534,70,2026-07-01T00:00:00
RISK01645,CURR01645,6.99,6.52,6.15,1.0,1.0,10.0,1,4.96,MEDIUM,0.635,135,2026-07-01T00:00:00
RISK01646,CURR01646,1.0,2.03,3.31,1.0,3.94,9.57,1,2.77,LOW,0.378,60,2026-07-01T00:00:00
RISK01647,CURR01647,8.25,2.49,4.64,1.0,3.75,10.0,1,4.58,MEDIUM,0.615,188,2026-07-01T00:00:00
RISK01648,CURR01648,6.99,1.32,2.19,1.0,2.95,8.48,1,3.43,MEDIUM,0.535,91,2026-07-01T00:00:00
RISK01649,CURR01649,5.84,6.61,5.81,1.25,1.0,7.58,1,4.47,MEDIUM,0.693,223,2026-07-01T00:00:00
RISK01650,CURR01650,5.93,2.9,3.98,1.0,2.01,10.0,1,3.87,MEDIUM,0.505,33,2026-07-01T00:00:00
RISK01651,CURR01651,1.0,2.98,6.69,1.0,1.0,8.33,1,3.17,MEDIUM,0.396,115,2026-07-01T00:00:00
RISK01652,CURR01652,6.1,2.17,1.0,1.0,3.45,10.0,1,3.34,MEDIUM,0.439,44,2026-07-01T00:00:00
RISK01653,CURR01653,6.06,7.49,2.14,1.0,1.45,8.92,1,4.05,MEDIUM,0.542,137,2026-07-01T00:00:00
RISK01654,CURR01654,4.04,5.43,6.69,1.0,3.56,10.0,3,4.77,MEDIUM,0.563,48,2026-07-01T00:00:00
RISK01655,CURR01655,4.92,1.29,4.49,1.0,3.54,1.0,1,2.78,LOW,0.421,46,2026-07-01T00:00:00
RISK01656,CURR01656,1.27,6.33,5.4,1.0,2.61,10.0,1,3.79,MEDIUM,0.444,60,2026-07-01T00:00:00
RISK01657,CURR01657,1.0,4.5,2.82,1.0,1.0,10.0,1,2.79,LOW,0.293,57,2026-07-01T00:00:00
RISK01658,CURR01658,1.05,4.3,3.97,1.0,1.0,9.95,1,2.99,LOW,0.328,56,2026-07-01T00:00:00
RISK01659,CURR01659,2.77,1.0,1.83,1.0,3.88,1.0,1,1.81,LOW,0.289,57,2026-07-01T00:00:00
RISK01660,CURR01660,4.39,6.82,3.58,2.5,2.02,10.0,1,4.29,MEDIUM,0.768,200,2026-07-01T00:00:00
RISK01661,CURR01661,1.0,3.03,1.14,1.25,1.0,10.0,1,2.27,LOW,0.377,77,2026-07-01T00:00:00
RISK01662,CURR01662,6.32,7.53,2.67,1.25,3.2,9.2,1,4.46,MEDIUM,0.715,107,2026-07-01T00:00:00
RISK01663,CURR01663,2.16,2.73,5.54,1.0,3.43,10.0,1,3.54,MEDIUM,0.418,77,2026-07-01T00:00:00
RISK01664,CURR01664,1.0,2.67,3.18,1.0,3.12,10.0,3,3.0,LOW,0.329,37,2026-07-01T00:00:00
RISK01665,CURR01665,7.03,4.68,5.96,1.0,2.45,8.8,1,4.67,MEDIUM,0.673,154,2026-07-01T00:00:00
RISK01666,CURR01666,6.54,3.89,4.61,1.0,1.58,10.0,1,4.22,MEDIUM,0.554,92,2026-07-01T00:00:00
RISK01667,CURR01667,6.09,5.08,3.77,1.0,2.66,10.0,1,4.25,MEDIUM,0.558,37,2026-07-01T00:00:00
RISK01668,CURR01668,5.99,6.19,3.48,1.0,2.87,10.0,1,4.36,MEDIUM,0.569,132,2026-07-01T00:00:00
RISK01669,CURR01669,8.84,6.88,4.33,1.25,3.71,10.0,1,5.32,HIGH,0.835,264,2026-07-01T00:00:00
RISK01670,CURR01670,5.49,1.0,1.0,1.0,3.61,10.0,1,3.06,MEDIUM,0.389,37,2026-07-01T00:00:00
RISK01671,CURR01671,4.46,1.0,1.0,1.25,1.0,10.0,1,2.63,LOW,0.461,73,2026-07-01T00:00:00
RISK01672,CURR01672,7.91,6.07,1.89,1.0,1.14,10.0,1,4.23,MEDIUM,0.587,150,2026-07-01T00:00:00
RISK01673,CURR01673,6.51,6.71,4.34,1.0,1.47,10.0,3,4.77,MEDIUM,0.593,120,2026-07-01T00:00:00
RISK01674,CURR01674,6.14,1.02,2.63,1.0,1.0,10.0,1,3.26,MEDIUM,0.425,34,2026-07-01T00:00:00
RISK01675,CURR01675,6.26,6.49,2.68,1.0,3.22,10.0,1,4.33,MEDIUM,0.571,107,2026-07-01T00:00:00
RISK01676,CURR01676,7.78,1.0,2.65,1.0,1.62,8.85,1,3.53,MEDIUM,0.466,63,2026-07-01T00:00:00
RISK01677,CURR01677,3.51,1.0,3.85,1.0,1.5,10.0,1,3.02,MEDIUM,0.362,20,2026-07-01T00:00:00
RISK01678,CURR01678,5.86,7.42,5.28,1.0,2.7,10.0,1,4.86,MEDIUM,0.696,183,2026-07-01T00:00:00
RISK01679,CURR01679,6.18,6.1,3.27,1.0,1.0,10.0,1,4.15,MEDIUM,0.535,85,2026-07-01T00:00:00
RISK01680,CURR01680,1.0,2.76,3.32,1.0,2.69,10.0,1,2.8,LOW,0.344,49,2026-07-01T00:00:00
RISK01681,CURR01681,8.19,1.59,3.35,1.25,2.42,10.0,1,4.08,MEDIUM,0.671,82,2026-07-01T00:00:00
RISK01682,CURR01682,8.39,3.39,3.22,1.0,1.55,10.0,1,4.24,MEDIUM,0.575,167,2026-07-01T00:00:00
RISK01683,CURR01683,7.47,6.19,2.27,1.0,1.18,10.0,1,4.24,MEDIUM,0.575,175,2026-07-01T00:00:00
RISK01684,CURR01684,5.13,1.0,4.67,1.0,2.39,8.6,1,3.46,MEDIUM,0.499,67,2026-07-01T00:00:00
RISK01685,CURR01685,5.56,7.44,6.57,1.25,2.3,10.0,1,5.06,HIGH,0.755,227,2026-07-01T00:00:00
RISK01686,CURR01686,5.7,7.33,3.0,1.0,1.0,10.0,3,4.39,MEDIUM,0.544,90,2026-07-01T00:00:00
RISK01687,CURR01687,4.54,3.78,6.74,1.25,1.99,10.0,1,4.31,MEDIUM,0.65,120,2026-07-01T00:00:00
RISK01688,CURR01688,8.99,1.0,6.7,1.0,2.07,10.0,1,4.74,MEDIUM,0.622,157,2026-07-01T00:00:00
RISK01689,CURR01689,8.93,5.97,1.34,1.25,1.0,10.0,1,4.34,MEDIUM,0.731,206,2026-07-01T00:00:00
RISK01690,CURR01690,5.84,7.67,1.0,1.0,3.01,10.0,1,4.07,MEDIUM,0.538,81,2026-07-01T00:00:00
RISK01691,CURR01691,2.85,6.6,1.76,2.5,2.55,7.15,1,3.36,MEDIUM,0.664,121,2026-07-01T00:00:00
RISK01692,CURR01692,3.47,1.0,5.52,1.0,1.0,10.0,3,3.5,MEDIUM,0.367,28,2026-07-01T00:00:00
RISK01693,CURR01693,1.0,1.0,1.0,1.0,1.0,10.0,1,1.9,LOW,0.264,44,2026-07-01T00:00:00
RISK01694,CURR01694,5.66,7.47,5.93,1.0,1.0,1.0,1,3.89,MEDIUM,0.622,162,2026-07-01T00:00:00
RISK01695,CURR01695,2.55,4.22,5.28,1.0,1.0,10.0,1,3.55,MEDIUM,0.472,119,2026-07-01T00:00:00
RISK01696,CURR01696,3.35,2.26,6.68,1.0,3.46,10.0,1,3.94,MEDIUM,0.47,71,2026-07-01T00:00:00
RISK01697,CURR01697,6.25,1.0,1.77,1.0,1.0,9.38,3,3.24,MEDIUM,0.402,49,2026-07-01T00:00:00
RISK01698,CURR01698,8.07,6.27,6.29,1.0,1.0,10.0,1,5.16,HIGH,0.722,215,2026-07-01T00:00:00
RISK01699,CURR01699,4.5,6.43,1.57,2.5,3.34,10.0,1,3.99,MEDIUM,0.738,195,2026-07-01T00:00:00
RISK01700,CURR01700,8.28,7.98,2.73,1.0,1.99,10.0,1,4.85,MEDIUM,0.656,228,2026-07-01T00:00:00
RISK01701,CURR01701,8.19,5.06,3.11,1.0,1.59,10.0,3,4.63,MEDIUM,0.602,164,2026-07-01T00:00:00
RISK01702,CURR01702,5.49,1.0,2.91,1.0,2.08,10.0,1,3.29,MEDIUM,0.496,94,2026-07-01T00:00:00
RISK01703,CURR01703,3.31,6.85,4.69,1.0,1.0,10.0,1,3.98,MEDIUM,0.48,73,2026-07-01T00:00:00
RISK01704,CURR01704,1.28,4.13,3.16,1.0,2.72,10.0,1,3.03,MEDIUM,0.355,58,2026-07-01T00:00:00
RISK01705,CURR01705,3.29,3.77,2.82,1.25,3.04,10.0,1,3.38,MEDIUM,0.543,115,2026-07-01T00:00:00
RISK01706,CURR01706,8.39,4.55,5.37,1.0,3.53,10.0,1,5.04,HIGH,0.669,165,2026-07-01T00:00:00
RISK01707,CURR01707,2.79,3.77,6.1,1.0,1.9,10.0,1,3.78,MEDIUM,0.453,72,2026-07-01T00:00:00
RISK01708,CURR01708,7.49,6.39,2.96,1.0,3.17,10.0,1,4.62,MEDIUM,0.627,173,2026-07-01T00:00:00
RISK01709,CURR01709,4.23,4.05,2.54,1.0,2.85,9.57,1,3.45,MEDIUM,0.441,73,2026-07-01T00:00:00
RISK01710,CURR01710,2.19,2.88,1.0,1.0,1.9,10.0,1,2.51,LOW,0.292,41,2026-07-01T00:00:00
RISK01711,CURR01711,4.7,7.23,1.04,1.0,1.44,10.0,1,3.63,MEDIUM,0.546,86,2026-07-01T00:00:00
RISK01712,CURR01712,3.46,7.24,2.38,1.0,1.0,8.03,1,3.41,MEDIUM,0.426,83,2026-07-01T00:00:00
RISK01713,CURR01713,8.49,5.05,6.45,1.0,2.01,10.0,1,5.2,HIGH,0.681,189,2026-07-01T00:00:00
RISK01714,CURR01714,1.79,5.44,1.97,1.0,1.31,10.0,1,2.95,LOW,0.356,53,2026-07-01T00:00:00
RISK01715,CURR01715,1.89,1.62,3.75,1.0,1.0,10.0,3,2.92,LOW,0.313,52,2026-07-01T00:00:00
RISK01716,CURR01716,7.3,1.0,1.0,1.0,1.0,10.0,1,3.16,MEDIUM,0.409,10,2026-07-01T00:00:00
RISK01717,CURR01717,5.09,6.86,5.09,1.0,1.0,10.0,1,4.41,MEDIUM,0.544,169,2026-07-01T00:00:00
RISK01718,CURR01718,3.02,3.29,2.42,2.5,1.63,10.0,1,3.22,MEDIUM,0.621,168,2026-07-01T00:00:00
RISK01719,CURR01719,7.43,4.75,2.58,1.0,1.63,10.0,1,4.13,MEDIUM,0.557,94,2026-07-01T00:00:00
RISK01720,CURR01720,8.93,7.63,1.11,1.0,1.0,10.0,1,4.5,MEDIUM,0.62,194,2026-07-01T00:00:00
RISK01721,CURR01721,8.74,2.41,6.19,1.0,1.0,10.0,1,4.7,MEDIUM,0.616,125,2026-07-01T00:00:00
RISK01722,CURR01722,1.0,4.91,5.12,1.0,3.57,10.0,1,3.57,MEDIUM,0.402,48,2026-07-01T00:00:00
RISK01723,CURR01723,1.62,2.41,5.87,1.0,2.32,10.0,1,3.34,MEDIUM,0.385,11,2026-07-01T00:00:00
RISK01724,CURR01724,8.72,6.49,1.81,1.0,3.76,10.0,1,4.71,MEDIUM,0.648,137,2026-07-01T00:00:00
RISK01725,CURR01725,1.81,2.62,1.75,1.0,1.04,10.0,1,2.46,LOW,0.293,12,2026-07-01T00:00:00
RISK01726,CURR01726,4.73,4.94,6.03,1.0,3.62,10.0,1,4.5,MEDIUM,0.567,151,2026-07-01T00:00:00
RISK01727,CURR01727,5.48,6.86,1.0,1.25,3.06,9.0,1,3.82,MEDIUM,0.619,94,2026-07-01T00:00:00
RISK01728,CURR01728,6.57,3.99,1.0,1.25,1.0,10.0,3,3.7,MEDIUM,0.572,91,2026-07-01T00:00:00
RISK01729,CURR01729,4.36,7.94,5.12,1.0,3.46,10.0,1,4.68,MEDIUM,0.59,100,2026-07-01T00:00:00
RISK01730,CURR01730,5.14,3.88,4.21,1.0,1.15,10.0,1,3.82,MEDIUM,0.548,123,2026-07-01T00:00:00
RISK01731,CURR01731,2.06,1.85,4.0,1.0,3.26,10.0,1,3.07,MEDIUM,0.427,100,2026-07-01T00:00:00
RISK01732,CURR01732,2.28,1.15,1.0,1.0,1.0,10.0,1,2.18,LOW,0.232,11,2026-07-01T00:00:00
RISK01733,CURR01733,8.49,6.59,6.09,1.0,1.14,8.48,1,5.12,HIGH,0.682,208,2026-07-01T00:00:00
RISK01734,CURR01734,5.1,1.21,5.39,2.5,1.08,10.0,1,3.86,MEDIUM,0.701,181,2026-07-01T00:00:00
RISK01735,CURR01735,8.86,3.8,4.58,1.0,2.69,10.0,1,4.78,MEDIUM,0.647,235,2026-07-01T00:00:00
RISK01736,CURR01736,1.3,5.87,4.32,1.0,1.0,10.0,3,3.55,MEDIUM,0.383,45,2026-07-01T00:00:00
RISK01737,CURR01737,1.0,3.31,3.88,2.5,2.41,9.38,1,3.13,MEDIUM,0.554,171,2026-07-01T00:00:00
RISK01738,CURR01738,5.36,3.21,1.0,1.0,1.97,10.0,1,3.2,MEDIUM,0.426,52,2026-07-01T00:00:00
RISK01739,CURR01739,1.0,1.0,6.92,1.25,3.97,10.0,1,3.42,MEDIUM,0.477,87,2026-07-01T00:00:00
RISK01740,CURR01740,6.91,1.0,6.68,1.0,3.36,10.0,1,4.45,MEDIUM,0.561,44,2026-07-01T00:00:00
RISK01741,CURR01741,4.15,3.83,1.0,1.0,1.0,10.0,1,2.95,LOW,0.371,18,2026-07-01T00:00:00
RISK01742,CURR01742,8.58,1.0,6.05,1.0,1.37,10.0,1,4.46,MEDIUM,0.584,92,2026-07-01T00:00:00
RISK01743,CURR01743,1.6,4.22,1.86,1.25,3.74,10.0,1,2.99,LOW,0.484,103,2026-07-01T00:00:00
RISK01744,CURR01744,1.28,2.84,5.63,1.0,3.45,10.0,1,3.4,MEDIUM,0.46,83,2026-07-01T00:00:00
RISK01745,CURR01745,5.37,1.64,2.31,2.5,1.0,10.0,1,3.36,MEDIUM,0.652,206,2026-07-01T00:00:00
RISK01746,CURR01746,5.77,2.13,6.2,2.5,1.0,10.0,1,4.29,MEDIUM,0.76,227,2026-07-01T00:00:00
RISK01747,CURR01747,2.05,1.0,5.41,1.0,2.43,9.53,1,3.09,MEDIUM,0.339,56,2026-07-01T00:00:00
RISK01748,CURR01748,7.79,5.07,4.48,1.0,1.0,10.0,1,4.56,MEDIUM,0.59,102,2026-07-01T00:00:00
RISK01749,CURR01749,8.14,1.56,5.12,1.0,1.19,10.0,1,4.25,MEDIUM,0.562,105,2026-07-01T00:00:00
RISK01750,CURR01750,5.35,4.22,2.87,1.0,3.53,10.0,1,3.88,MEDIUM,0.512,63,2026-07-01T00:00:00
RISK01751,CURR01751,6.07,6.2,4.94,1.0,1.0,10.0,1,4.48,MEDIUM,0.566,90,2026-07-01T00:00:00
RISK01752,CURR01752,3.53,5.55,4.98,1.0,1.63,10.0,1,3.95,MEDIUM,0.485,118,2026-07-01T00:00:00
RISK01753,CURR01753,3.94,4.6,4.18,1.25,3.04,10.0,1,3.91,MEDIUM,0.611,96,2026-07-01T00:00:00
RISK01754,CURR01754,5.85,5.09,2.49,1.0,2.12,10.0,1,3.89,MEDIUM,0.514,68,2026-07-01T00:00:00
RISK01755,CURR01755,3.75,3.32,4.47,2.5,1.4,10.0,1,3.76,MEDIUM,0.688,154,2026-07-01T00:00:00
RISK01756,CURR01756,2.52,1.0,4.04,1.0,1.7,10.0,1,2.88,LOW,0.401,97,2026-07-01T00:00:00
RISK01757,CURR01757,7.25,1.99,2.68,1.0,1.0,10.0,1,3.63,MEDIUM,0.482,148,2026-07-01T00:00:00
RISK01758,CURR01758,1.49,4.76,3.51,1.0,3.19,10.0,1,3.28,MEDIUM,0.388,51,2026-07-01T00:00:00
RISK01759,CURR01759,5.77,7.3,5.84,1.25,3.89,10.0,1,5.09,HIGH,0.771,119,2026-07-01T00:00:00
RISK01760,CURR01760,5.71,2.43,3.61,1.0,2.22,10.0,1,3.7,MEDIUM,0.542,129,2026-07-01T00:00:00
RISK01761,CURR01761,1.0,6.14,6.11,1.25,1.76,10.0,3,4.01,MEDIUM,0.547,98,2026-07-01T00:00:00
RISK01762,CURR01762,6.35,1.4,4.99,1.0,3.16,10.0,1,4.04,MEDIUM,0.531,35,2026-07-01T00:00:00
RISK01763,CURR01763,6.78,4.15,1.38,1.0,1.31,10.0,3,3.84,MEDIUM,0.498,48,2026-07-01T00:00:00
RISK01764,CURR01764,6.62,4.77,2.9,1.0,1.02,7.15,1,3.69,MEDIUM,0.509,103,2026-07-01T00:00:00
RISK01765,CURR01765,7.29,1.12,5.41,1.0,1.32,10.0,1,4.09,MEDIUM,0.535,77,2026-07-01T00:00:00
RISK01766,CURR01766,8.76,7.45,1.0,1.25,1.63,10.0,1,4.52,MEDIUM,0.754,188,2026-07-01T00:00:00
RISK01767,CURR01767,3.31,2.04,2.77,1.0,3.31,10.0,1,3.1,MEDIUM,0.396,20,2026-07-01T00:00:00
RISK01768,CURR01768,5.3,1.0,1.0,1.0,3.53,10.0,3,3.21,MEDIUM,0.455,38,2026-07-01T00:00:00
RISK01769,CURR01769,3.25,2.65,4.92,1.0,2.39,10.0,1,3.52,MEDIUM,0.433,108,2026-07-01T00:00:00
RISK01770,CURR01770,7.72,2.77,1.0,1.25,2.44,10.0,3,3.89,MEDIUM,0.619,110,2026-07-01T00:00:00
RISK01771,CURR01771,3.07,7.89,6.84,1.0,3.38,10.0,1,4.75,MEDIUM,0.59,105,2026-07-01T00:00:00
RISK01772,CURR01772,2.09,4.01,6.18,1.0,2.77,10.0,1,3.78,MEDIUM,0.444,86,2026-07-01T00:00:00
RISK01773,CURR01773,6.9,5.83,2.56,1.0,1.0,10.0,1,4.12,MEDIUM,0.546,100,2026-07-01T00:00:00
RISK01774,CURR01774,4.46,2.05,1.0,1.0,3.98,10.0,1,3.05,MEDIUM,0.392,46,2026-07-01T00:00:00
RISK01775,CURR01775,4.05,4.37,1.0,1.0,1.0,10.0,1,3.02,MEDIUM,0.407,28,2026-07-01T00:00:00
RISK01776,CURR01776,4.73,6.75,6.71,1.0,3.6,8.88,1,4.8,MEDIUM,0.604,136,2026-07-01T00:00:00
RISK01777,CURR01777,1.41,5.28,1.24,1.0,1.0,10.0,1,2.67,LOW,0.327,28,2026-07-01T00:00:00
RISK01778,CURR01778,2.88,1.99,1.43,1.0,2.51,10.0,1,2.66,LOW,0.397,57,2026-07-01T00:00:00
RISK01779,CURR01779,1.82,2.77,3.17,1.0,2.06,8.97,1,2.77,LOW,0.329,57,2026-07-01T00:00:00
RISK01780,CURR01780,8.33,4.67,3.2,1.0,2.12,10.0,1,4.47,MEDIUM,0.606,103,2026-07-01T00:00:00
RISK01781,CURR01781,1.7,2.33,1.06,1.0,1.97,10.0,1,2.35,LOW,0.282,24,2026-07-01T00:00:00
RISK01782,CURR01782,8.67,4.7,4.72,1.0,1.6,9.38,1,4.73,MEDIUM,0.633,171,2026-07-01T00:00:00
RISK01783,CURR01783,1.0,1.0,1.0,1.0,2.95,10.0,1,2.1,LOW,0.22,7,2026-07-01T00:00:00
RISK01784,CURR01784,5.28,6.99,4.19,1.0,1.95,8.75,1,4.26,MEDIUM,0.553,134,2026-07-01T00:00:00
RISK01785,CURR01785,8.5,7.35,2.87,1.0,1.0,10.0,1,4.73,MEDIUM,0.633,111,2026-07-01T00:00:00
RISK01786,CURR01786,1.13,1.2,6.17,1.0,3.72,10.0,1,3.26,MEDIUM,0.373,86,2026-07-01T00:00:00
RISK01787,CURR01787,3.45,2.93,1.58,1.0,3.54,10.0,1,3.05,MEDIUM,0.47,62,2026-07-01T00:00:00
RISK01788,CURR01788,8.33,5.4,3.65,1.0,3.88,10.0,1,4.84,MEDIUM,0.654,46,2026-07-01T00:00:00
RISK01789,CURR01789,7.32,1.0,2.9,1.0,2.2,10.0,1,3.66,MEDIUM,0.487,106,2026-07-01T00:00:00
RISK01790,CURR01790,5.0,1.0,6.96,1.0,1.78,10.0,1,3.97,MEDIUM,0.484,31,2026-07-01T00:00:00
RISK01791,CURR01791,2.14,1.0,4.21,1.0,1.0,10.0,3,2.97,LOW,0.301,49,2026-07-01T00:00:00
RISK01792,CURR01792,2.95,2.99,5.47,1.0,1.0,9.53,1,3.44,MEDIUM,0.397,77,2026-07-01T00:00:00
RISK01793,CURR01793,1.0,6.78,3.13,1.0,1.0,8.33,1,3.03,MEDIUM,0.332,80,2026-07-01T00:00:00
RISK01794,CURR01794,6.34,7.46,3.09,1.0,1.0,10.0,1,4.35,MEDIUM,0.628,168,2026-07-01T00:00:00
RISK01795,CURR01795,5.76,6.21,3.9,1.0,3.64,8.6,1,4.34,MEDIUM,0.635,92,2026-07-01T00:00:00
RISK01796,CURR01796,4.17,1.0,4.31,1.0,1.0,10.0,1,3.2,MEDIUM,0.384,27,2026-07-01T00:00:00
RISK01797,CURR01797,3.48,2.59,2.15,1.0,3.2,10.0,1,3.08,MEDIUM,0.45,105,2026-07-01T00:00:00
RISK01798,CURR01798,8.33,5.06,1.99,1.0,1.79,10.0,1,4.25,MEDIUM,0.646,167,2026-07-01T00:00:00
RISK01799,CURR01799,1.49,1.0,6.0,1.0,1.0,10.0,1,3.0,LOW,0.309,46,2026-07-01T00:00:00
RISK01800,CURR01800,1.0,3.98,5.02,1.0,1.0,8.03,1,2.95,LOW,0.299,76,2026-07-01T00:00:00
RISK01801,CURR01801,1.0,1.99,6.28,1.0,2.89,7.2,1,3.01,MEDIUM,0.33,71,2026-07-01T00:00:00
RISK01802,CURR01802,6.66,4.88,5.25,1.0,2.22,10.0,1,4.59,MEDIUM,0.589,50,2026-07-01T00:00:00
RISK01803,CURR01803,2.13,5.21,3.73,1.0,3.61,10.0,1,3.56,MEDIUM,0.437,88,2026-07-01T00:00:00
RISK01804,CURR01804,1.0,6.83,4.83,1.0,2.34,10.0,1,3.67,MEDIUM,0.479,96,2026-07-01T00:00:00
RISK01805,CURR01805,5.29,4.45,3.33,1.0,1.0,8.03,1,3.54,MEDIUM,0.46,95,2026-07-01T00:00:00
RISK01806,CURR01806,8.98,7.95,1.01,1.0,1.0,10.0,3,4.74,MEDIUM,0.628,25,2026-07-01T00:00:00
RISK01807,CURR01807,3.04,5.29,1.54,1.0,3.9,10.0,1,3.35,MEDIUM,0.433,91,2026-07-01T00:00:00
RISK01808,CURR01808,3.8,6.53,3.75,1.25,1.0,10.0,1,3.88,MEDIUM,0.602,166,2026-07-01T00:00:00
RISK01809,CURR01809,3.3,1.23,6.77,1.0,1.0,10.0,1,3.55,MEDIUM,0.41,78,2026-07-01T00:00:00
RISK01810,CURR01810,7.23,4.53,3.27,1.0,2.63,10.0,3,4.49,MEDIUM,0.58,109,2026-07-01T00:00:00
RISK01811,CURR01811,4.87,7.86,6.19,1.0,2.88,10.0,3,5.13,HIGH,0.628,106,2026-07-01T00:00:00
RISK01812,CURR01812,4.55,1.02,4.73,1.0,2.23,10.0,3,3.68,MEDIUM,0.431,91,2026-07-01T00:00:00
RISK01813,CURR01813,1.51,7.18,6.32,1.0,1.18,10.0,1,4.01,MEDIUM,0.468,92,2026-07-01T00:00:00
RISK01814,CURR01814,2.01,6.62,3.19,1.0,1.0,10.0,1,3.38,MEDIUM,0.394,57,2026-07-01T00:00:00
RISK01815,CURR01815,1.0,5.48,3.75,1.25,2.45,10.0,3,3.5,MEDIUM,0.486,156,2026-07-01T00:00:00
RISK01816,CURR01816,2.86,1.92,5.57,1.0,1.0,10.0,1,3.32,MEDIUM,0.391,87,2026-07-01T00:00:00
RISK01817,CURR01817,5.05,3.86,6.67,1.0,1.0,7.32,1,4.01,MEDIUM,0.501,127,2026-07-01T00:00:00
RISK01818,CURR01818,8.89,5.14,6.51,1.25,1.62,10.0,1,5.3,HIGH,0.813,193,2026-07-01T00:00:00
RISK01819,CURR01819,8.27,4.09,3.08,1.0,1.0,10.0,3,4.43,MEDIUM,0.562,185,2026-07-01T00:00:00
RISK01820,CURR01820,1.0,6.11,4.51,1.0,1.0,10.0,1,3.37,MEDIUM,0.363,24,2026-07-01T00:00:00
RISK01821,CURR01821,1.0,4.82,3.42,1.0,3.03,10.0,1,3.16,MEDIUM,0.36,47,2026-07-01T00:00:00
RISK01822,CURR01822,5.73,3.11,4.15,1.0,1.31,10.0,1,3.82,MEDIUM,0.492,114,2026-07-01T00:00:00
RISK01823,CURR01823,6.36,4.97,1.22,2.5,1.69,10.0,1,3.91,MEDIUM,0.753,203,2026-07-01T00:00:00
RISK01824,CURR01824,1.0,7.71,6.3,1.0,2.35,10.0,1,4.1,MEDIUM,0.458,32,2026-07-01T00:00:00
RISK01825,CURR01825,8.42,7.27,4.67,1.25,2.7,10.0,1,5.27,HIGH,0.825,286,2026-07-01T00:00:00
RISK01826,CURR01826,6.47,1.0,5.93,1.0,1.0,10.0,1,3.98,MEDIUM,0.555,206,2026-07-01T00:00:00
RISK01827,CURR01827,5.74,6.21,1.5,1.0,1.0,8.03,1,3.53,MEDIUM,0.479,77,2026-07-01T00:00:00
RISK01828,CURR01828,1.0,7.3,4.36,1.0,3.08,10.0,3,3.92,MEDIUM,0.439,63,2026-07-01T00:00:00
RISK01829,CURR01829,8.82,3.62,4.16,1.0,1.0,10.0,1,4.49,MEDIUM,0.605,146,2026-07-01T00:00:00
RISK01830,CURR01830,3.03,3.28,5.76,1.0,1.08,10.0,1,3.61,MEDIUM,0.434,92,2026-07-01T00:00:00
RISK01831,CURR01831,4.83,7.04,1.32,1.0,3.73,7.2,1,3.63,MEDIUM,0.564,148,2026-07-01T00:00:00
RISK01832,CURR01832,6.76,4.61,6.63,1.25,1.0,9.55,1,4.71,MEDIUM,0.716,219,2026-07-01T00:00:00
RISK01833,CURR01833,8.99,6.35,2.28,1.0,2.88,10.0,1,4.74,MEDIUM,0.66,147,2026-07-01T00:00:00
RISK01834,CURR01834,1.0,6.69,1.0,2.5,1.0,10.0,1,2.98,LOW,0.536,180,2026-07-01T00:00:00
RISK01835,CURR01835,6.92,5.14,4.27,1.0,2.0,10.0,1,4.46,MEDIUM,0.586,89,2026-07-01T00:00:00
RISK01836,CURR01836,3.98,6.24,1.0,1.0,1.85,7.92,1,3.16,MEDIUM,0.406,79,2026-07-01T00:00:00
RISK01837,CURR01837,1.51,1.0,2.12,1.0,2.61,10.0,1,2.39,LOW,0.272,35,2026-07-01T00:00:00
RISK01838,CURR01838,6.05,6.76,6.0,1.0,1.0,10.0,1,4.77,MEDIUM,0.66,124,2026-07-01T00:00:00
RISK01839,CURR01839,2.91,4.65,1.19,1.0,3.25,10.0,1,3.09,MEDIUM,0.392,32,2026-07-01T00:00:00
RISK01840,CURR01840,7.93,3.33,4.48,1.25,3.37,10.0,1,4.61,MEDIUM,0.735,174,2026-07-01T00:00:00
RISK01841,CURR01841,1.91,2.03,3.06,1.0,2.34,9.57,3,2.94,LOW,0.322,25,2026-07-01T00:00:00
RISK01842,CURR01842,5.17,2.87,2.03,1.0,1.98,10.0,1,3.32,MEDIUM,0.445,100,2026-07-01T00:00:00
RISK01843,CURR01843,1.0,6.38,6.17,1.0,3.26,8.75,1,3.84,MEDIUM,0.441,40,2026-07-01T00:00:00
RISK01844,CURR01844,4.3,1.09,5.56,1.0,1.0,10.0,1,3.49,MEDIUM,0.424,121,2026-07-01T00:00:00
RISK01845,CURR01845,4.95,5.1,1.7,1.0,1.53,9.57,1,3.46,MEDIUM,0.451,114,2026-07-01T00:00:00
RISK01846,CURR01846,6.56,4.36,1.34,2.5,3.56,8.33,1,3.9,MEDIUM,0.76,172,2026-07-01T00:00:00
RISK01847,CURR01847,1.12,7.32,3.0,1.0,2.45,10.0,1,3.42,MEDIUM,0.412,71,2026-07-01T00:00:00
RISK01848,CURR01848,2.13,5.06,2.14,1.25,3.35,9.18,1,3.15,MEDIUM,0.511,145,2026-07-01T00:00:00
RISK01849,CURR01849,6.72,2.77,4.3,1.0,3.43,10.0,3,4.41,MEDIUM,0.556,141,2026-07-01T00:00:00
RISK01850,CURR01850,8.48,1.0,3.09,1.0,1.5,10.0,3,4.06,MEDIUM,0.509,38,2026-07-01T00:00:00
RISK01851,CURR01851,6.69,4.56,5.24,1.25,1.0,6.25,1,4.08,MEDIUM,0.668,181,2026-07-01T00:00:00
RISK01852,CURR01852,1.48,2.4,1.0,1.0,3.77,10.0,1,2.48,LOW,0.303,25,2026-07-01T00:00:00
RISK01853,CURR01853,2.19,4.17,6.15,1.0,1.1,10.0,1,3.65,MEDIUM,0.438,35,2026-07-01T00:00:00
RISK01854,CURR01854,1.0,2.51,3.09,2.5,2.95,10.0,3,3.16,MEDIUM,0.559,167,2026-07-01T00:00:00
RISK01855,CURR01855,1.06,7.57,4.47,1.0,3.41,10.0,1,3.83,MEDIUM,0.452,102,2026-07-01T00:00:00
RISK01856,CURR01856,5.02,1.0,5.99,1.0,3.71,10.0,1,3.97,MEDIUM,0.49,23,2026-07-01T00:00:00
RISK01857,CURR01857,1.0,4.42,1.0,1.0,1.01,10.0,3,2.61,LOW,0.261,38,2026-07-01T00:00:00
RISK01858,CURR01858,2.52,3.55,5.52,1.0,1.0,10.0,1,3.49,MEDIUM,0.405,72,2026-07-01T00:00:00
RISK01859,CURR01859,2.48,3.69,3.43,1.0,2.48,10.0,3,3.43,MEDIUM,0.396,63,2026-07-01T00:00:00
RISK01860,CURR01860,7.11,7.89,2.75,1.0,1.56,8.75,1,4.44,MEDIUM,0.663,220,2026-07-01T00:00:00
RISK01861,CURR01861,1.26,3.56,6.17,1.0,3.53,10.0,1,3.62,MEDIUM,0.472,117,2026-07-01T00:00:00
RISK01862,CURR01862,1.0,1.0,4.97,1.0,1.15,10.0,3,2.91,LOW,0.316,58,2026-07-01T00:00:00
RISK01863,CURR01863,3.94,1.6,2.73,1.0,3.91,10.0,1,3.22,MEDIUM,0.409,48,2026-07-01T00:00:00
RISK01864,CURR01864,7.95,5.18,2.09,1.0,2.02,10.0,1,4.24,MEDIUM,0.581,31,2026-07-01T00:00:00
RISK01865,CURR01865,2.85,1.0,6.45,1.0,1.0,10.0,1,3.36,MEDIUM,0.375,30,2026-07-01T00:00:00
RISK01866,CURR01866,5.71,3.43,5.84,1.0,1.0,10.0,1,4.17,MEDIUM,0.57,172,2026-07-01T00:00:00
RISK01867,CURR01867,2.93,4.84,6.77,1.0,2.03,10.0,1,4.12,MEDIUM,0.492,61,2026-07-01T00:00:00
RISK01868,CURR01868,6.33,6.05,1.11,1.0,3.89,9.7,1,4.0,MEDIUM,0.542,123,2026-07-01T00:00:00
RISK01869,CURR01869,8.53,1.0,3.04,1.0,1.71,10.0,3,4.08,MEDIUM,0.525,37,2026-07-01T00:00:00
RISK01870,CURR01870,3.92,7.32,1.09,1.0,1.0,10.0,1,3.45,MEDIUM,0.442,62,2026-07-01T00:00:00
RISK01871,CURR01871,8.02,2.62,2.56,1.0,2.66,10.0,1,4.03,MEDIUM,0.556,135,2026-07-01T00:00:00
RISK01872,CURR01872,1.14,5.0,1.02,1.0,3.3,10.0,1,2.76,LOW,0.337,57,2026-07-01T00:00:00
RISK01873,CURR01873,4.87,1.35,1.5,1.0,2.23,10.0,1,2.95,LOW,0.446,116,2026-07-01T00:00:00
RISK01874,CURR01874,8.82,1.99,1.83,1.0,1.18,10.0,1,3.8,MEDIUM,0.592,171,2026-07-01T00:00:00
RISK01875,CURR01875,3.99,7.84,1.0,1.0,2.11,7.58,1,3.39,MEDIUM,0.455,5,2026-07-01T00:00:00
RISK01876,CURR01876,4.59,2.57,6.43,1.25,1.0,10.0,1,3.98,MEDIUM,0.608,141,2026-07-01T00:00:00
RISK01877,CURR01877,5.76,7.03,6.58,1.0,1.0,10.0,1,4.87,MEDIUM,0.669,148,2026-07-01T00:00:00
RISK01878,CURR01878,1.45,3.11,1.56,1.0,3.74,10.0,1,2.69,LOW,0.4,87,2026-07-01T00:00:00
RISK01879,CURR01879,1.0,1.0,1.3,1.0,2.61,10.0,3,2.32,LOW,0.243,24,2026-07-01T00:00:00
RISK01880,CURR01880,6.12,1.0,6.26,1.0,1.0,8.75,1,3.85,MEDIUM,0.469,41,2026-07-01T00:00:00
RISK01881,CURR01881,6.73,3.03,6.89,1.0,2.08,10.0,1,4.64,MEDIUM,0.598,47,2026-07-01T00:00:00
RISK01882,CURR01882,7.0,7.2,4.17,1.0,1.0,10.0,1,4.66,MEDIUM,0.6,95,2026-07-01T00:00:00
RISK01883,CURR01883,5.59,5.45,1.54,1.0,3.82,10.0,1,3.88,MEDIUM,0.58,39,2026-07-01T00:00:00
RISK01884,CURR01884,5.34,7.56,1.0,1.0,1.1,8.33,3,3.79,MEDIUM,0.538,171,2026-07-01T00:00:00
RISK01885,CURR01885,6.91,3.19,1.0,1.0,1.43,10.0,1,3.45,MEDIUM,0.474,95,2026-07-01T00:00:00
RISK01886,CURR01886,2.18,4.05,1.0,1.0,3.14,10.0,1,2.81,LOW,0.337,51,2026-07-01T00:00:00
RISK01887,CURR01887,8.13,3.15,5.78,1.25,1.87,10.0,1,4.73,MEDIUM,0.745,181,2026-07-01T00:00:00
RISK01888,CURR01888,3.72,3.67,1.24,1.0,1.0,10.0,1,2.89,LOW,0.42,63,2026-07-01T00:00:00
RISK01889,CURR01889,2.55,4.02,4.13,1.0,2.88,10.0,1,3.48,MEDIUM,0.419,76,2026-07-01T00:00:00
RISK01890,CURR01890,2.55,6.25,1.21,1.0,3.58,10.0,1,3.3,MEDIUM,0.419,85,2026-07-01T00:00:00
RISK01891,CURR01891,7.34,1.0,1.07,1.0,2.65,7.67,1,3.11,MEDIUM,0.429,10,2026-07-01T00:00:00
RISK01892,CURR01892,4.9,1.0,3.61,1.0,1.38,10.0,1,3.24,MEDIUM,0.399,93,2026-07-01T00:00:00
RISK01893,CURR01893,1.0,5.45,2.57,1.0,3.07,1.0,1,2.19,LOW,0.307,11,2026-07-01T00:00:00
RISK01894,CURR01894,5.2,6.41,3.22,1.0,1.96,10.0,3,4.29,MEDIUM,0.525,39,2026-07-01T00:00:00
RISK01895,CURR01895,2.68,1.16,6.58,1.0,1.54,10.0,1,3.43,MEDIUM,0.415,128,2026-07-01T00:00:00
RISK01896,CURR01896,6.86,1.0,4.74,1.0,3.93,8.92,3,4.21,MEDIUM,0.511,65,2026-07-01T00:00:00
RISK01897,CURR01897,6.58,4.02,2.42,1.0,1.27,10.0,1,3.78,MEDIUM,0.504,57,2026-07-01T00:00:00
RISK01898,CURR01898,3.77,5.12,6.59,1.25,1.78,10.0,1,4.31,MEDIUM,0.645,123,2026-07-01T00:00:00
RISK01899,CURR01899,8.08,2.32,1.0,1.0,2.84,10.0,1,3.7,MEDIUM,0.509,135,2026-07-01T00:00:00
RISK01900,CURR01900,1.0,2.99,4.55,1.0,3.13,10.0,1,3.12,MEDIUM,0.354,33,2026-07-01T00:00:00
RISK01901,CURR01901,6.5,3.16,3.86,1.0,1.0,10.0,3,4.1,MEDIUM,0.498,153,2026-07-01T00:00:00
RISK01902,CURR01902,3.4,4.93,1.84,1.0,1.0,10.0,1,3.14,MEDIUM,0.448,68,2026-07-01T00:00:00
RISK01903,CURR01903,3.6,4.82,4.49,1.0,2.11,10.0,1,3.8,MEDIUM,0.476,94,2026-07-01T00:00:00
RISK01904,CURR01904,5.92,1.0,3.36,1.25,2.48,10.0,1,3.54,MEDIUM,0.564,104,2026-07-01T00:00:00
RISK01905,CURR01905,1.29,1.0,5.74,1.0,1.92,10.0,1,3.0,LOW,0.381,45,2026-07-01T00:00:00
RISK01906,CURR01906,1.0,5.53,5.29,1.0,1.65,10.0,1,3.5,MEDIUM,0.461,78,2026-07-01T00:00:00
RISK01907,CURR01907,1.48,6.07,3.77,1.0,2.98,10.0,3,3.71,MEDIUM,0.479,62,2026-07-01T00:00:00
RISK01908,CURR01908,3.04,7.51,4.16,1.25,1.68,10.0,1,4.02,MEDIUM,0.611,117,2026-07-01T00:00:00
RISK01909,CURR01909,4.08,4.15,1.3,1.0,1.92,10.0,1,3.14,MEDIUM,0.413,28,2026-07-01T00:00:00
RISK01910,CURR01910,5.17,1.0,4.55,1.0,1.0,10.0,3,3.64,MEDIUM,0.418,83,2026-07-01T00:00:00
RISK01911,CURR01911,7.06,3.7,1.23,1.0,3.04,10.0,3,3.97,MEDIUM,0.521,132,2026-07-01T00:00:00
RISK01912,CURR01912,7.25,3.93,5.04,1.25,1.88,8.1,1,4.33,MEDIUM,0.699,169,2026-07-01T00:00:00
RISK01913,CURR01913,6.13,7.98,2.99,1.0,3.54,10.0,1,4.62,MEDIUM,0.68,132,2026-07-01T00:00:00
RISK01914,CURR01914,5.55,1.2,1.89,1.25,1.0,10.0,1,3.06,MEDIUM,0.515,119,2026-07-01T00:00:00
RISK01915,CURR01915,7.23,5.06,5.99,1.0,3.45,10.0,1,5.0,MEDIUM,0.653,140,2026-07-01T00:00:00
RISK01916,CURR01916,1.61,3.09,4.99,1.0,1.76,10.0,1,3.21,MEDIUM,0.368,60,2026-07-01T00:00:00
RISK01917,CURR01917,6.29,4.43,5.78,1.0,1.73,10.0,1,4.5,MEDIUM,0.58,70,2026-07-01T00:00:00
RISK01918,CURR01918,2.69,5.99,2.89,1.0,1.0,10.0,1,3.36,MEDIUM,0.403,72,2026-07-01T00:00:00
RISK01919,CURR01919,3.37,5.08,5.64,1.0,3.72,10.0,1,4.19,MEDIUM,0.508,137,2026-07-01T00:00:00
RISK01920,CURR01920,2.0,6.72,4.64,1.0,1.0,10.0,1,3.69,MEDIUM,0.427,112,2026-07-01T00:00:00
RISK01921,CURR01921,8.57,5.64,6.86,1.0,1.77,10.0,1,5.36,HIGH,0.704,133,2026-07-01T00:00:00
RISK01922,CURR01922,8.43,4.18,4.86,1.0,1.0,9.2,1,4.55,MEDIUM,0.602,13,2026-07-01T00:00:00
RISK01923,CURR01923,2.73,2.26,6.08,1.0,1.0,10.0,1,3.45,MEDIUM,0.39,76,2026-07-01T00:00:00
RISK01924,CURR01924,6.22,7.91,4.4,1.0,1.26,10.0,3,4.89,MEDIUM,0.609,206,2026-07-01T00:00:00
RISK01925,CURR01925,8.59,6.68,3.34,1.0,1.0,10.0,1,4.74,MEDIUM,0.63,81,2026-07-01T00:00:00
RISK01926,CURR01926,4.82,6.22,5.0,1.0,1.66,10.0,1,4.31,MEDIUM,0.61,143,2026-07-01T00:00:00
RISK01927,CURR01927,1.0,6.99,1.0,1.0,2.81,10.0,1,2.98,LOW,0.402,75,2026-07-01T00:00:00
RISK01928,CURR01928,4.82,1.86,2.77,1.0,1.59,7.58,1,2.96,LOW,0.395,81,2026-07-01T00:00:00
RISK01929,CURR01929,8.95,5.82,4.24,1.0,2.59,9.95,3,5.21,HIGH,0.736,198,2026-07-01T00:00:00
RISK01930,CURR01930,1.0,1.12,4.86,1.0,1.26,10.0,1,2.72,LOW,0.278,17,2026-07-01T00:00:00
RISK01931,CURR01931,5.72,1.7,5.86,1.25,1.4,9.28,1,3.93,MEDIUM,0.614,132,2026-07-01T00:00:00
RISK01932,CURR01932,4.73,4.58,5.43,1.0,1.52,10.0,3,4.32,MEDIUM,0.52,59,2026-07-01T00:00:00
RISK01933,CURR01933,7.36,4.02,1.0,1.0,3.65,10.0,1,3.89,MEDIUM,0.529,126,2026-07-01T00:00:00
RISK01934,CURR01934,5.21,5.35,5.24,1.0,2.17,10.0,1,4.36,MEDIUM,0.547,85,2026-07-01T00:00:00
RISK01935,CURR01935,2.61,6.82,5.32,1.0,1.75,10.0,1,4.03,MEDIUM,0.488,72,2026-07-01T00:00:00
RISK01936,CURR01936,1.69,3.07,2.43,1.0,3.88,10.0,1,2.92,LOW,0.355,20,2026-07-01T00:00:00
RISK01937,CURR01937,4.29,5.29,3.53,1.0,3.77,9.95,1,3.98,MEDIUM,0.503,123,2026-07-01T00:00:00
RISK01938,CURR01938,1.36,7.83,4.92,1.0,1.47,10.0,1,3.83,MEDIUM,0.511,80,2026-07-01T00:00:00
RISK01939,CURR01939,1.86,2.64,5.75,1.0,1.0,10.0,1,3.27,MEDIUM,0.36,50,2026-07-01T00:00:00
RISK01940,CURR01940,2.35,3.14,4.18,1.25,1.0,10.0,1,3.16,MEDIUM,0.49,139,2026-07-01T00:00:00
RISK01941,CURR01941,6.33,2.43,1.23,1.0,2.66,10.0,1,3.39,MEDIUM,0.461,113,2026-07-01T00:00:00
RISK01942,CURR01942,3.97,3.53,2.75,1.0,1.87,10.0,1,3.31,MEDIUM,0.478,138,2026-07-01T00:00:00
RISK01943,CURR01943,3.54,1.0,1.53,1.25,3.53,10.0,3,3.0,LOW,0.484,126,2026-07-01T00:00:00
RISK01944,CURR01944,2.08,6.54,3.13,1.0,3.3,10.0,1,3.6,MEDIUM,0.438,74,2026-07-01T00:00:00
RISK01945,CURR01945,3.69,7.85,5.65,1.0,1.0,10.0,1,4.4,MEDIUM,0.538,142,2026-07-01T00:00:00
RISK01946,CURR01946,7.99,5.48,5.63,1.0,1.0,10.0,1,4.9,MEDIUM,0.697,223,2026-07-01T00:00:00
RISK01947,CURR01947,6.62,7.03,5.47,1.0,3.63,10.0,1,5.09,HIGH,0.663,172,2026-07-01T00:00:00
RISK01948,CURR01948,2.68,3.15,1.76,1.0,1.04,10.0,1,2.71,LOW,0.363,32,2026-07-01T00:00:00
RISK01949,CURR01949,1.0,3.81,6.9,1.25,1.0,10.0,1,3.54,MEDIUM,0.486,144,2026-07-01T00:00:00
RISK01950,CURR01950,5.34,6.21,1.0,1.0,3.72,9.03,1,3.72,MEDIUM,0.499,57,2026-07-01T00:00:00
RISK01951,CURR01951,1.0,1.66,3.41,1.25,2.27,10.0,1,2.65,LOW,0.406,98,2026-07-01T00:00:00
RISK01952,CURR01952,1.83,2.02,3.54,1.0,1.0,10.0,1,2.73,LOW,0.312,47,2026-07-01T00:00:00
RISK01953,CURR01953,1.0,6.47,1.0,1.25,2.01,10.0,1,2.86,LOW,0.441,78,2026-07-01T00:00:00
RISK01954,CURR01954,1.0,3.22,3.41,1.0,2.81,10.0,1,2.9,LOW,0.398,98,2026-07-01T00:00:00
RISK01955,CURR01955,7.55,3.52,4.08,1.0,1.0,8.82,3,4.29,MEDIUM,0.544,193,2026-07-01T00:00:00
RISK01956,CURR01956,8.58,2.62,2.69,1.25,1.72,10.0,1,4.11,MEDIUM,0.685,124,2026-07-01T00:00:00
RISK01957,CURR01957,5.75,1.0,5.88,1.0,1.0,10.0,1,3.83,MEDIUM,0.466,72,2026-07-01T00:00:00
RISK01958,CURR01958,1.82,6.82,1.0,1.0,1.85,10.0,1,3.02,MEDIUM,0.367,65,2026-07-01T00:00:00
RISK01959,CURR01959,7.36,2.88,1.44,1.0,1.36,10.0,3,3.78,MEDIUM,0.491,147,2026-07-01T00:00:00
RISK01960,CURR01960,4.38,2.15,2.76,1.0,3.72,10.0,1,3.37,MEDIUM,0.444,92,2026-07-01T00:00:00
RISK01961,CURR01961,7.97,6.6,6.64,2.5,2.27,7.67,1,5.38,HIGH,0.939,170,2026-07-01T00:00:00
RISK01962,CURR01962,8.59,1.58,1.0,1.0,1.0,10.0,1,3.51,MEDIUM,0.476,113,2026-07-01T00:00:00
RISK01963,CURR01963,6.38,6.69,2.04,1.0,2.93,5.0,3,3.93,MEDIUM,0.542,112,2026-07-01T00:00:00
RISK01964,CURR01964,8.92,1.0,6.21,1.0,3.73,10.0,1,4.8,MEDIUM,0.689,139,2026-07-01T00:00:00
RISK01965,CURR01965,6.85,7.89,3.65,2.5,1.0,10.0,1,4.86,MEDIUM,0.847,182,2026-07-01T00:00:00
RISK01966,CURR01966,4.95,4.53,6.77,1.0,1.0,9.95,1,4.37,MEDIUM,0.53,89,2026-07-01T00:00:00
RISK01967,CURR01967,4.55,5.89,2.96,2.5,3.27,10.0,1,4.19,MEDIUM,0.758,214,2026-07-01T00:00:00
RISK01968,CURR01968,7.3,1.39,5.61,1.0,2.9,9.38,1,4.27,MEDIUM,0.556,165,2026-07-01T00:00:00
RISK01969,CURR01969,1.08,2.6,3.41,1.0,1.0,10.0,1,2.64,LOW,0.353,68,2026-07-01T00:00:00
RISK01970,CURR01970,7.13,1.0,1.95,1.0,3.54,10.0,1,3.57,MEDIUM,0.547,104,2026-07-01T00:00:00
RISK01971,CURR01971,1.04,7.62,6.42,1.25,1.72,10.0,1,4.09,MEDIUM,0.604,160,2026-07-01T00:00:00
RISK01972,CURR01972,1.43,6.04,1.27,1.0,1.2,10.0,1,2.82,LOW,0.34,44,2026-07-01T00:00:00
RISK01973,CURR01973,6.35,4.34,5.21,1.0,1.2,10.0,3,4.53,MEDIUM,0.552,62,2026-07-01T00:00:00
RISK01974,CURR01974,6.97,5.08,6.19,1.0,1.0,10.0,1,4.74,MEDIUM,0.607,77,2026-07-01T00:00:00
RISK01975,CURR01975,4.49,3.53,2.19,1.0,1.8,10.0,1,3.3,MEDIUM,0.423,34,2026-07-01T00:00:00
RISK01976,CURR01976,8.87,1.91,6.5,1.0,1.51,10.0,3,4.96,MEDIUM,0.687,271,2026-07-01T00:00:00
RISK01977,CURR01977,3.22,4.62,6.1,1.0,3.74,7.15,1,3.9,MEDIUM,0.554,74,2026-07-01T00:00:00
RISK01978,CURR01978,8.01,2.51,5.67,1.25,2.78,10.0,3,4.88,MEDIUM,0.739,164,2026-07-01T00:00:00
RISK01979,CURR01979,6.81,3.28,3.59,1.25,2.59,10.0,1,4.12,MEDIUM,0.666,175,2026-07-01T00:00:00
RISK01980,CURR01980,5.47,6.85,5.97,1.0,3.88,10.0,3,5.15,HIGH,0.696,159,2026-07-01T00:00:00
RISK01981,CURR01981,5.38,4.88,1.0,1.0,3.13,10.0,1,3.57,MEDIUM,0.478,70,2026-07-01T00:00:00
RISK01982,CURR01982,4.23,6.89,5.93,1.0,1.59,8.25,1,4.3,MEDIUM,0.541,83,2026-07-01T00:00:00
RISK01983,CURR01983,8.26,1.0,4.61,1.0,2.74,10.0,1,4.25,MEDIUM,0.553,105,2026-07-01T00:00:00
RISK01984,CURR01984,8.36,2.31,6.68,1.0,3.63,10.0,1,4.97,MEDIUM,0.651,187,2026-07-01T00:00:00
RISK01985,CURR01985,6.34,4.32,3.64,1.0,1.09,9.18,1,3.92,MEDIUM,0.514,94,2026-07-01T00:00:00
RISK01986,CURR01986,1.54,6.48,4.05,1.0,2.99,10.0,1,3.64,MEDIUM,0.433,114,2026-07-01T00:00:00
RISK01987,CURR01987,6.3,4.94,7.0,1.0,2.21,1.0,1,3.97,MEDIUM,0.572,144,2026-07-01T00:00:00
RISK01988,CURR01988,7.15,1.0,5.52,1.0,3.21,10.0,3,4.46,MEDIUM,0.536,107,2026-07-01T00:00:00
RISK01989,CURR01989,1.0,1.0,1.24,1.0,1.77,10.0,1,2.02,LOW,0.188,7,2026-07-01T00:00:00
RISK01990,CURR01990,4.36,7.71,6.54,1.0,2.13,10.0,1,4.8,MEDIUM,0.601,98,2026-07-01T00:00:00
RISK01991,CURR01991,1.97,1.03,6.35,1.0,3.21,10.0,1,3.39,MEDIUM,0.449,74,2026-07-01T00:00:00
RISK01992,CURR01992,8.77,7.37,4.74,1.0,2.84,10.0,1,5.34,HIGH,0.716,128,2026-07-01T00:00:00
RISK01993,CURR01993,1.01,7.6,2.09,1.0,1.18,10.0,1,3.13,MEDIUM,0.367,42,2026-07-01T00:00:00
RISK01994,CURR01994,4.55,1.57,1.81,1.0,1.0,10.0,1,2.86,LOW,0.357,111,2026-07-01T00:00:00
RISK01995,CURR01995,6.25,7.33,4.18,1.0,1.0,10.0,1,4.54,MEDIUM,0.588,53,2026-07-01T00:00:00
RISK01996,CURR01996,7.19,1.05,1.0,1.0,1.0,6.25,1,2.77,LOW,0.41,74,2026-07-01T00:00:00
RISK01997,CURR01997,6.88,2.24,3.93,1.0,1.31,10.0,3,4.08,MEDIUM,0.504,117,2026-07-01T00:00:00
RISK01998,CURR01998,5.05,5.1,1.0,1.0,1.37,10.0,1,3.36,MEDIUM,0.42,60,2026-07-01T00:00:00
RISK01999,CURR01999,1.16,4.36,1.0,1.0,2.56,10.0,1,2.59,LOW,0.297,45,2026-07-01T00:00:00
RISK02000,CURR02000,8.94,1.5,1.72,1.0,3.83,10.0,1,3.99,MEDIUM,0.567,47,2026-07-01T00:00:00
