event_id,route_edge_id,location_id,timestamp,congestion_level,average_speed_kmh,normal_speed_kmh,traffic_index,incident_type,expected_delay_minutes
TE00001,EDGE0132,LOC033,2025-07-13T13:46:33,High,28,45,75,Rush Hour,135
TE00002,EDGE0121,LOC016,2025-04-30T18:33:57,High,29,45,68,Construction,122
TE00003,EDGE0310,LOC058,2025-10-23T18:15:08,Low,83,90,14,Accident,25
TE00004,EDGE0303,LOC009,2024-06-29T01:06:16,Severe,11,20,87,Weather-related,156
TE00005,EDGE0025,LOC013,2024-05-27T13:47:58,Moderate,58,70,34,Construction,61
TE00006,EDGE0111,LOC031,2024-03-12T06:52:09,High,29,45,68,Accident,122
TE00007,EDGE0037,LOC032,2024-01-16T00:36:37,Low,83,90,14,Weather-related,25
TE00008,EDGE0190,LOC018,2024-08-02T23:43:07,Moderate,50,70,57,Weather-related,102
TE00009,EDGE0012,LOC009,2024-09-21T21:09:30,Moderate,55,70,42,Construction,75
TE00010,EDGE0204,LOC064,2025-05-25T13:21:49,High,27,45,77,Event,138
TE00011,EDGE0245,LOC025,2025-07-09T09:35:15,Moderate,51,70,54,Accident,97
TE00012,EDGE0320,LOC023,2025-11-10T23:10:47,Severe,10,20,95,Rush Hour,171
TE00013,EDGE0204,LOC059,2025-02-20T19:17:57,Moderate,58,70,32,Event,57
TE00014,EDGE0106,LOC055,2024-05-24T09:28:34,Moderate,49,70,60,Accident,108
TE00015,EDGE0161,LOC017,2025-08-01T20:21:38,High,29,45,70,Rush Hour,126
TE00016,EDGE0312,LOC006,2025-06-16T09:37:45,Severe,10,20,92,Rush Hour,165
TE00017,EDGE0056,LOC061,2024-10-11T01:51:58,Severe,11,20,81,Construction,145
TE00018,EDGE0028,LOC019,2024-06-25T19:57:52,Severe,11,20,83,Weather-related,149
TE00019,EDGE0010,LOC074,2025-09-14T14:04:07,Low,85,90,9,Rush Hour,16
TE00020,EDGE0248,LOC051,2025-09-13T18:24:35,Moderate,50,70,57,Construction,102
TE00021,EDGE0325,LOC024,2025-12-10T04:59:45,High,27,45,78,Rush Hour,140
TE00022,EDGE0168,LOC071,2025-02-26T06:40:19,Moderate,55,70,41,Event,73
TE00023,EDGE0284,LOC048,2025-08-22T04:30:56,High,29,45,71,Rush Hour,127
TE00024,EDGE0305,LOC015,2026-01-12T22:15:58,Low,87,90,6,Weather-related,10
TE00025,EDGE0309,LOC052,2025-10-17T03:36:00,Moderate,50,70,55,Event,99
TE00026,EDGE0148,LOC022,2024-09-16T01:57:42,Low,86,90,7,Construction,12
TE00027,EDGE0115,LOC028,2024-06-24T15:03:14,Moderate,53,70,48,Construction,86
TE00028,EDGE0044,LOC010,2024-07-24T20:23:22,Low,76,90,30,Weather-related,54
TE00029,EDGE0206,LOC020,2024-04-01T02:29:45,Severe,11,20,90,Construction,162
TE00030,EDGE0052,LOC055,2024-09-04T14:41:28,Severe,11,20,86,Construction,154
TE00031,EDGE0104,LOC017,2024-06-10T02:42:17,Severe,11,20,81,Event,145
TE00032,EDGE0050,LOC061,2025-10-08T06:38:14,High,30,45,66,Construction,118
TE00033,EDGE0091,LOC035,2026-01-19T19:25:21,High,29,45,68,Rush Hour,122
TE00034,EDGE0099,LOC060,2026-06-02T19:44:54,Severe,11,20,82,Rush Hour,147
TE00035,EDGE0183,LOC032,2025-11-11T15:53:36,Low,81,90,19,Weather-related,34
TE00036,EDGE0030,LOC072,2024-10-08T13:53:00,High,27,45,78,Event,140
TE00037,EDGE0163,LOC013,2025-08-12T22:08:06,Moderate,59,70,31,Construction,55
TE00038,EDGE0093,LOC069,2025-07-11T01:32:11,Low,87,90,6,Rush Hour,10
TE00039,EDGE0252,LOC059,2024-02-14T18:20:48,High,31,45,61,Weather-related,109
TE00040,EDGE0200,LOC044,2024-07-21T23:11:01,High,30,45,65,Weather-related,117
TE00041,EDGE0055,LOC022,2026-01-20T10:30:53,High,30,45,64,Event,115
TE00042,EDGE0256,LOC044,2026-01-28T06:32:10,Severe,10,20,92,Weather-related,165
TE00043,EDGE0271,LOC049,2024-06-24T10:36:51,High,28,45,74,Construction,133
TE00044,EDGE0099,LOC069,2025-09-30T21:47:19,High,31,45,62,Weather-related,111
TE00045,EDGE0131,LOC057,2025-11-15T14:02:06,Moderate,53,70,48,Construction,86
TE00046,EDGE0246,LOC037,2024-03-12T09:58:21,Moderate,50,70,55,Weather-related,99
TE00047,EDGE0027,LOC060,2024-04-08T09:20:20,Moderate,57,70,35,Rush Hour,63
TE00048,EDGE0323,LOC054,2025-02-10T09:38:04,Moderate,55,70,41,Accident,73
TE00049,EDGE0297,LOC032,2025-05-03T03:38:23,High,30,45,64,Event,115
TE00050,EDGE0187,LOC027,2024-01-20T04:49:19,Low,81,90,18,Rush Hour,32
TE00051,EDGE0098,LOC051,2026-03-26T06:37:47,Moderate,52,70,50,Rush Hour,90
TE00052,EDGE0334,LOC017,2026-06-14T19:01:59,High,30,45,64,Event,115
TE00053,EDGE0281,LOC045,2026-05-27T17:10:57,Moderate,56,70,40,Rush Hour,72
TE00054,EDGE0284,LOC025,2024-12-13T22:45:46,Low,80,90,22,Event,39
TE00055,EDGE0115,LOC019,2025-06-09T12:45:43,Low,85,90,9,Accident,16
TE00056,EDGE0154,LOC018,2026-03-17T09:26:19,Low,86,90,8,Event,14
TE00057,EDGE0293,LOC042,2026-03-23T14:41:59,Moderate,54,70,44,Construction,79
TE00058,EDGE0250,LOC052,2024-05-27T22:53:03,Low,84,90,12,Accident,21
TE00059,EDGE0245,LOC075,2025-11-03T09:44:22,Severe,11,20,85,Accident,153
TE00060,EDGE0253,LOC023,2025-01-21T03:37:19,High,30,45,66,Construction,118
TE00061,EDGE0357,LOC017,2026-01-18T15:38:26,Moderate,55,70,42,Construction,75
TE00062,EDGE0013,LOC017,2025-06-21T02:28:30,Severe,11,20,83,Construction,149
TE00063,EDGE0208,LOC047,2025-08-20T21:14:25,Low,84,90,12,Rush Hour,21
TE00064,EDGE0331,LOC020,2024-08-18T22:14:22,Low,77,90,27,Construction,48
TE00065,EDGE0116,LOC012,2026-05-17T08:34:54,Moderate,49,70,58,Rush Hour,104
TE00066,EDGE0158,LOC061,2024-03-25T18:22:20,Low,84,90,13,Weather-related,23
TE00067,EDGE0178,LOC033,2024-01-19T02:09:07,High,27,45,80,Weather-related,144
TE00068,EDGE0216,LOC018,2024-08-31T18:40:35,Moderate,49,70,58,Event,104
TE00069,EDGE0280,LOC023,2026-02-24T08:55:30,High,30,45,65,Rush Hour,117
TE00070,EDGE0069,LOC065,2025-12-30T00:21:34,Low,76,90,30,Weather-related,54
TE00071,EDGE0110,LOC001,2026-02-09T06:03:57,Low,85,90,11,Construction,19
TE00072,EDGE0056,LOC009,2024-09-13T22:42:12,Severe,10,20,91,Event,163
TE00073,EDGE0297,LOC014,2024-04-26T07:10:42,Severe,11,20,88,Rush Hour,158
TE00074,EDGE0022,LOC024,2026-02-02T17:57:52,Moderate,55,70,42,Rush Hour,75
TE00075,EDGE0118,LOC037,2025-05-13T02:05:42,Moderate,53,70,46,Accident,82
TE00076,EDGE0272,LOC032,2025-01-09T05:05:52,Moderate,59,70,31,Construction,55
TE00077,EDGE0096,LOC040,2025-05-29T00:39:13,Severe,10,20,96,Accident,172
TE00078,EDGE0113,LOC016,2025-03-08T02:26:58,Moderate,52,70,49,Accident,88
TE00079,EDGE0073,LOC067,2024-03-19T05:12:38,Severe,11,20,81,Rush Hour,145
TE00080,EDGE0071,LOC048,2026-02-26T11:41:43,Low,82,90,17,Rush Hour,30
TE00081,EDGE0347,LOC060,2024-12-11T23:06:03,Low,81,90,18,Accident,32
TE00082,EDGE0004,LOC003,2026-05-05T03:57:44,High,30,45,63,Accident,113
TE00083,EDGE0046,LOC067,2025-08-11T04:37:57,High,28,45,72,Construction,129
TE00084,EDGE0095,LOC034,2025-09-18T11:15:21,Severe,10,20,96,Construction,172
TE00085,EDGE0029,LOC048,2024-12-31T01:26:06,Moderate,57,70,35,Event,63
TE00086,EDGE0178,LOC052,2024-05-02T11:01:03,Low,76,90,29,Accident,52
TE00087,EDGE0223,LOC029,2025-12-14T04:17:13,Severe,11,20,82,Event,147
TE00088,EDGE0054,LOC054,2025-11-21T00:33:41,Low,81,90,20,Accident,36
TE00089,EDGE0047,LOC017,2026-06-09T04:17:26,Severe,10,20,95,Construction,171
TE00090,EDGE0084,LOC025,2025-11-27T02:19:34,Moderate,51,70,54,Weather-related,97
TE00091,EDGE0206,LOC021,2024-05-16T17:37:05,Low,89,90,1,Accident,1
TE00092,EDGE0048,LOC030,2026-02-13T07:47:31,Severe,11,20,87,Weather-related,156
TE00093,EDGE0279,LOC068,2025-11-25T11:54:27,Moderate,50,70,56,Weather-related,100
TE00094,EDGE0353,LOC069,2025-05-05T23:37:40,Moderate,50,70,56,Weather-related,100
TE00095,EDGE0074,LOC070,2024-07-03T09:42:43,Moderate,52,70,51,Construction,91
TE00096,EDGE0280,LOC031,2026-02-11T15:25:20,High,27,45,79,Accident,142
TE00097,EDGE0294,LOC072,2024-01-28T14:28:52,Severe,10,20,94,Accident,169
TE00098,EDGE0026,LOC036,2024-06-08T10:49:13,Severe,10,20,92,Weather-related,165
TE00099,EDGE0346,LOC009,2025-09-18T17:19:14,Low,79,90,23,Weather-related,41
TE00100,EDGE0029,LOC011,2025-10-02T13:05:43,High,27,45,79,Rush Hour,142
TE00101,EDGE0157,LOC053,2024-02-25T15:54:40,Moderate,50,70,57,Event,102
TE00102,EDGE0021,LOC054,2026-05-15T11:20:58,Moderate,57,70,36,Rush Hour,64
TE00103,EDGE0111,LOC015,2026-05-02T23:53:12,High,29,45,67,Construction,120
TE00104,EDGE0160,LOC021,2024-01-01T06:19:38,Low,76,90,29,Rush Hour,52
TE00105,EDGE0323,LOC054,2024-05-21T04:49:53,High,27,45,77,Construction,138
TE00106,EDGE0094,LOC074,2025-04-18T04:14:05,High,29,45,67,Weather-related,120
TE00107,EDGE0339,LOC060,2026-02-28T16:12:16,Moderate,50,70,56,Accident,100
TE00108,EDGE0105,LOC048,2026-05-23T13:16:40,Moderate,50,70,56,Weather-related,100
TE00109,EDGE0222,LOC073,2024-11-17T07:58:24,Low,80,90,22,Weather-related,39
TE00110,EDGE0264,LOC074,2025-12-09T16:39:50,Moderate,49,70,60,Event,108
TE00111,EDGE0283,LOC028,2025-06-13T11:57:56,Low,81,90,19,Accident,34
TE00112,EDGE0203,LOC051,2025-07-18T10:23:21,Low,81,90,18,Weather-related,32
TE00113,EDGE0114,LOC059,2024-03-25T07:31:35,Severe,10,20,94,Construction,169
TE00114,EDGE0109,LOC023,2024-12-12T06:59:22,Low,83,90,14,Rush Hour,25
TE00115,EDGE0184,LOC072,2025-12-06T23:29:46,Moderate,52,70,51,Accident,91
TE00116,EDGE0164,LOC041,2025-05-30T16:50:11,Low,86,90,8,Weather-related,14
TE00117,EDGE0300,LOC054,2026-05-20T03:56:13,High,27,45,80,Rush Hour,144
TE00118,EDGE0319,LOC059,2026-01-04T23:42:07,Low,86,90,7,Event,12
TE00119,EDGE0252,LOC066,2025-07-18T08:36:08,Low,88,90,4,Accident,7
TE00120,EDGE0075,LOC007,2025-12-03T23:37:58,Low,78,90,26,Accident,46
TE00121,EDGE0367,LOC004,2024-06-26T03:05:56,Moderate,49,70,60,Rush Hour,108
TE00122,EDGE0285,LOC051,2024-05-31T08:42:55,High,29,45,70,Construction,126
TE00123,EDGE0329,LOC074,2024-12-10T11:19:53,Low,86,90,7,Event,12
TE00124,EDGE0083,LOC075,2024-01-04T09:54:29,Moderate,49,70,58,Weather-related,104
TE00125,EDGE0072,LOC051,2025-06-14T06:42:56,Severe,11,20,88,Weather-related,158
TE00126,EDGE0319,LOC054,2025-07-05T16:32:26,Moderate,50,70,57,Rush Hour,102
TE00127,EDGE0284,LOC018,2025-03-29T13:56:10,Moderate,58,70,34,Event,61
TE00128,EDGE0023,LOC011,2026-04-30T19:23:05,Severe,10,20,97,Accident,174
TE00129,EDGE0311,LOC028,2026-03-21T21:00:52,Low,78,90,25,Accident,45
TE00130,EDGE0191,LOC028,2025-08-03T19:38:34,Moderate,58,70,33,Weather-related,59
TE00131,EDGE0176,LOC022,2024-06-14T03:58:48,Low,88,90,3,Rush Hour,5
TE00132,EDGE0186,LOC025,2024-03-12T02:43:53,Moderate,49,70,59,Rush Hour,106
TE00133,EDGE0301,LOC058,2024-09-12T00:09:20,Low,77,90,27,Construction,48
TE00134,EDGE0365,LOC003,2026-02-03T22:49:41,Moderate,57,70,35,Rush Hour,63
TE00135,EDGE0214,LOC008,2024-08-06T04:19:30,Moderate,52,70,51,Accident,91
TE00136,EDGE0124,LOC050,2025-09-27T16:28:58,High,27,45,78,Accident,140
TE00137,EDGE0037,LOC052,2024-06-15T03:48:50,High,29,45,69,Rush Hour,124
TE00138,EDGE0248,LOC047,2025-01-30T00:35:33,Low,85,90,11,Weather-related,19
TE00139,EDGE0230,LOC019,2024-10-31T08:28:54,Severe,10,20,96,Rush Hour,172
TE00140,EDGE0321,LOC022,2024-10-18T08:07:29,Moderate,56,70,38,Rush Hour,68
TE00141,EDGE0119,LOC062,2024-07-06T13:43:47,Low,81,90,18,Construction,32
TE00142,EDGE0240,LOC012,2025-09-02T08:14:34,Severe,10,20,91,Construction,163
TE00143,EDGE0060,LOC045,2024-11-30T21:45:33,Low,77,90,28,Rush Hour,50
TE00144,EDGE0080,LOC030,2025-12-10T23:54:36,High,27,45,77,Weather-related,138
TE00145,EDGE0183,LOC030,2024-10-23T01:17:28,High,27,45,79,Event,142
TE00146,EDGE0182,LOC059,2025-06-08T23:04:33,Severe,11,20,86,Accident,154
TE00147,EDGE0279,LOC074,2024-06-16T09:47:53,Low,82,90,17,Event,30
TE00148,EDGE0081,LOC063,2025-10-05T20:34:28,Moderate,58,70,32,Accident,57
TE00149,EDGE0320,LOC003,2024-03-13T05:39:32,Severe,11,20,88,Weather-related,158
TE00150,EDGE0177,LOC040,2024-07-10T09:56:39,Low,79,90,24,Event,43
TE00151,EDGE0047,LOC055,2025-11-30T20:01:43,Severe,10,20,98,Construction,176
TE00152,EDGE0343,LOC007,2025-12-11T12:39:21,Moderate,52,70,50,Construction,90
TE00153,EDGE0091,LOC019,2026-02-22T05:50:53,Severe,11,20,89,Event,160
TE00154,EDGE0309,LOC019,2024-07-28T03:35:39,Severe,11,20,85,Accident,153
TE00155,EDGE0273,LOC037,2026-02-13T21:40:47,Moderate,49,70,58,Construction,104
TE00156,EDGE0074,LOC013,2024-01-07T17:43:06,Low,84,90,12,Weather-related,21
TE00157,EDGE0157,LOC050,2026-04-03T21:24:57,Moderate,50,70,55,Construction,99
TE00158,EDGE0140,LOC030,2024-03-16T10:52:50,Severe,10,20,98,Weather-related,176
TE00159,EDGE0214,LOC044,2026-05-09T09:46:20,High,28,45,72,Construction,129
TE00160,EDGE0321,LOC054,2025-11-03T08:20:25,Moderate,50,70,55,Construction,99
TE00161,EDGE0060,LOC049,2026-06-27T22:52:52,Moderate,51,70,52,Weather-related,93
TE00162,EDGE0021,LOC018,2026-01-20T05:00:30,Moderate,59,70,31,Construction,55
TE00163,EDGE0302,LOC003,2026-02-28T16:01:26,Severe,11,20,88,Event,158
TE00164,EDGE0334,LOC054,2024-10-02T06:35:08,Moderate,53,70,46,Weather-related,82
TE00165,EDGE0345,LOC003,2026-06-17T18:04:15,Moderate,57,70,37,Event,66
TE00166,EDGE0307,LOC073,2024-09-26T18:09:04,Severe,11,20,85,Event,153
TE00167,EDGE0025,LOC028,2024-07-18T10:25:11,Moderate,57,70,37,Weather-related,66
TE00168,EDGE0210,LOC034,2024-06-09T20:46:17,Low,85,90,10,Construction,18
TE00169,EDGE0029,LOC075,2025-08-24T19:31:36,Low,79,90,23,Construction,41
TE00170,EDGE0363,LOC072,2025-05-14T23:12:18,Moderate,51,70,53,Rush Hour,95
TE00171,EDGE0337,LOC020,2026-02-22T02:35:14,Low,81,90,19,Rush Hour,34
TE00172,EDGE0055,LOC029,2025-08-20T13:15:45,Moderate,59,70,31,Weather-related,55
TE00173,EDGE0349,LOC046,2025-10-12T08:57:10,Moderate,49,70,60,Rush Hour,108
TE00174,EDGE0024,LOC003,2025-01-20T15:00:46,Severe,10,20,94,Weather-related,169
TE00175,EDGE0154,LOC045,2025-03-01T00:23:37,Severe,11,20,87,Event,156
TE00176,EDGE0009,LOC039,2025-09-10T01:40:06,Severe,10,20,100,Rush Hour,180
TE00177,EDGE0228,LOC055,2025-06-16T14:42:09,High,29,45,71,Construction,127
TE00178,EDGE0090,LOC057,2025-04-01T23:35:04,Severe,10,20,100,Event,180
TE00179,EDGE0236,LOC071,2025-12-04T11:18:41,Low,88,90,4,Accident,7
TE00180,EDGE0010,LOC061,2024-07-26T04:27:44,Low,81,90,18,Rush Hour,32
TE00181,EDGE0139,LOC055,2024-08-02T15:43:26,Moderate,56,70,39,Accident,70
TE00182,EDGE0052,LOC062,2025-10-03T04:15:59,Low,77,90,28,Accident,50
TE00183,EDGE0122,LOC050,2026-03-06T19:43:40,Moderate,58,70,34,Construction,61
TE00184,EDGE0273,LOC012,2025-04-09T08:17:21,Severe,11,20,84,Accident,151
TE00185,EDGE0267,LOC049,2026-04-30T23:41:12,High,31,45,61,Construction,109
TE00186,EDGE0149,LOC013,2025-05-02T15:26:33,Moderate,52,70,51,Weather-related,91
TE00187,EDGE0205,LOC017,2026-05-09T23:00:59,High,28,45,75,Accident,135
TE00188,EDGE0209,LOC024,2024-12-03T15:07:04,High,28,45,72,Accident,129
TE00189,EDGE0027,LOC020,2024-11-08T01:41:16,High,27,45,77,Construction,138
TE00190,EDGE0022,LOC018,2024-11-21T18:39:21,Severe,11,20,85,Event,153
TE00191,EDGE0039,LOC010,2025-03-27T09:35:19,Moderate,58,70,34,Accident,61
TE00192,EDGE0029,LOC052,2025-06-20T09:28:39,High,27,45,77,Weather-related,138
TE00193,EDGE0030,LOC043,2024-07-25T02:21:37,Low,85,90,9,Rush Hour,16
TE00194,EDGE0282,LOC005,2024-10-03T05:20:16,Moderate,58,70,34,Event,61
TE00195,EDGE0224,LOC074,2026-02-21T18:30:32,Severe,10,20,93,Construction,167
TE00196,EDGE0020,LOC012,2026-04-22T17:32:53,Low,78,90,25,Event,45
TE00197,EDGE0042,LOC042,2025-05-15T19:14:58,High,29,45,70,Weather-related,126
TE00198,EDGE0072,LOC027,2024-06-28T06:37:10,Low,79,90,23,Rush Hour,41
TE00199,EDGE0114,LOC069,2025-07-01T04:22:37,Severe,10,20,95,Event,171
TE00200,EDGE0226,LOC068,2026-05-23T11:19:32,Severe,10,20,100,Construction,180
TE00201,EDGE0157,LOC049,2026-01-16T05:29:19,High,31,45,62,Accident,111
TE00202,EDGE0334,LOC013,2026-06-24T08:35:33,Low,78,90,25,Event,45
TE00203,EDGE0214,LOC019,2026-06-05T10:56:01,Low,78,90,25,Accident,45
TE00204,EDGE0365,LOC002,2025-10-10T12:42:19,High,27,45,76,Event,136
TE00205,EDGE0065,LOC043,2026-04-09T09:20:21,Low,88,90,3,Accident,5
TE00206,EDGE0238,LOC048,2025-03-20T04:10:03,Severe,11,20,86,Weather-related,154
TE00207,EDGE0052,LOC044,2025-10-18T03:42:18,Severe,11,20,81,Event,145
TE00208,EDGE0013,LOC061,2024-01-20T20:07:09,Severe,10,20,100,Construction,180
TE00209,EDGE0066,LOC002,2026-03-23T00:47:11,Severe,10,20,96,Construction,172
TE00210,EDGE0349,LOC008,2024-06-14T09:30:24,High,30,45,63,Weather-related,113
TE00211,EDGE0180,LOC056,2024-02-09T06:12:49,Moderate,53,70,47,Event,84
TE00212,EDGE0178,LOC013,2025-08-14T15:52:28,High,27,45,76,Rush Hour,136
TE00213,EDGE0191,LOC049,2024-08-13T18:10:21,Moderate,53,70,48,Rush Hour,86
TE00214,EDGE0271,LOC009,2024-03-23T10:24:23,High,29,45,71,Construction,127
TE00215,EDGE0354,LOC066,2024-03-28T22:22:44,Moderate,57,70,36,Weather-related,64
TE00216,EDGE0205,LOC008,2024-11-06T12:54:08,Moderate,57,70,37,Weather-related,66
TE00217,EDGE0028,LOC065,2025-02-18T17:40:16,Low,89,90,1,Rush Hour,1
TE00218,EDGE0144,LOC008,2024-09-07T00:06:22,Low,77,90,28,Rush Hour,50
TE00219,EDGE0077,LOC027,2025-03-21T05:48:07,High,27,45,76,Event,136
TE00220,EDGE0137,LOC001,2025-01-24T05:35:29,Low,82,90,16,Accident,28
TE00221,EDGE0018,LOC049,2024-08-15T11:14:45,Severe,11,20,89,Event,160
TE00222,EDGE0092,LOC066,2024-04-06T08:45:04,Low,83,90,15,Rush Hour,27
TE00223,EDGE0284,LOC072,2025-04-03T11:38:16,High,29,45,67,Event,120
TE00224,EDGE0360,LOC022,2024-11-12T21:42:17,Severe,10,20,98,Rush Hour,176
TE00225,EDGE0152,LOC020,2026-04-20T16:21:28,Severe,11,20,87,Weather-related,156
TE00226,EDGE0260,LOC045,2024-02-20T04:28:09,Severe,10,20,94,Construction,169
TE00227,EDGE0355,LOC062,2025-07-11T04:39:01,Severe,10,20,95,Rush Hour,171
TE00228,EDGE0018,LOC056,2025-12-04T01:56:46,Low,83,90,14,Construction,25
TE00229,EDGE0313,LOC035,2024-06-08T04:43:53,Low,81,90,20,Construction,36
TE00230,EDGE0135,LOC001,2026-05-22T20:35:25,Severe,11,20,87,Rush Hour,156
TE00231,EDGE0199,LOC022,2024-12-14T10:47:07,Low,78,90,25,Weather-related,45
TE00232,EDGE0054,LOC045,2026-05-21T21:40:58,Moderate,57,70,37,Weather-related,66
TE00233,EDGE0174,LOC072,2025-08-27T02:44:44,High,29,45,67,Weather-related,120
TE00234,EDGE0202,LOC045,2025-01-04T02:12:04,Low,85,90,9,Accident,16
TE00235,EDGE0096,LOC042,2026-03-04T16:33:50,Low,89,90,2,Event,3
TE00236,EDGE0163,LOC005,2025-03-22T19:56:46,Moderate,57,70,35,Event,63
TE00237,EDGE0142,LOC050,2024-03-13T23:32:12,Low,88,90,3,Construction,5
TE00238,EDGE0023,LOC050,2025-08-15T18:25:53,Moderate,56,70,38,Construction,68
TE00239,EDGE0300,LOC015,2025-08-25T01:05:04,High,27,45,77,Construction,138
TE00240,EDGE0049,LOC036,2025-10-09T02:42:53,High,29,45,68,Accident,122
TE00241,EDGE0315,LOC025,2025-04-30T16:35:06,Moderate,49,70,58,Weather-related,104
TE00242,EDGE0092,LOC065,2026-05-07T16:41:49,Moderate,52,70,51,Accident,91
TE00243,EDGE0133,LOC002,2024-03-24T13:53:28,High,28,45,73,Construction,131
TE00244,EDGE0364,LOC034,2024-01-21T03:22:44,Low,77,90,27,Event,48
TE00245,EDGE0173,LOC042,2025-01-25T10:40:35,Low,85,90,10,Accident,18
TE00246,EDGE0253,LOC071,2024-11-11T11:38:25,Moderate,50,70,57,Accident,102
TE00247,EDGE0275,LOC073,2025-11-19T06:37:03,Moderate,50,70,55,Weather-related,99
TE00248,EDGE0263,LOC013,2024-12-16T09:03:26,Moderate,52,70,50,Construction,90
TE00249,EDGE0176,LOC053,2025-07-25T06:22:57,High,30,45,63,Accident,113
TE00250,EDGE0092,LOC052,2026-04-29T03:17:21,High,27,45,78,Rush Hour,140
TE00251,EDGE0153,LOC033,2024-11-01T04:53:53,Moderate,51,70,52,Construction,93
TE00252,EDGE0072,LOC028,2024-10-27T14:07:03,Low,83,90,15,Accident,27
TE00253,EDGE0361,LOC032,2025-04-01T23:44:25,Low,76,90,29,Accident,52
TE00254,EDGE0360,LOC018,2025-11-28T05:01:59,Severe,10,20,95,Event,171
TE00255,EDGE0177,LOC020,2024-10-02T14:55:00,Moderate,49,70,60,Event,108
TE00256,EDGE0265,LOC074,2024-04-25T16:24:19,Severe,10,20,92,Construction,165
TE00257,EDGE0115,LOC037,2024-10-17T10:59:31,Low,87,90,6,Construction,10
TE00258,EDGE0078,LOC028,2024-09-26T23:33:07,High,28,45,73,Weather-related,131
TE00259,EDGE0117,LOC045,2026-03-09T05:35:57,Low,85,90,9,Weather-related,16
TE00260,EDGE0292,LOC065,2024-07-04T09:49:57,Low,77,90,27,Accident,48
TE00261,EDGE0222,LOC065,2025-08-08T22:58:09,Moderate,54,70,45,Weather-related,81
TE00262,EDGE0138,LOC010,2024-03-04T02:57:14,Moderate,51,70,52,Accident,93
TE00263,EDGE0139,LOC044,2025-10-27T15:55:45,Moderate,56,70,40,Accident,72
TE00264,EDGE0012,LOC060,2025-03-09T14:03:31,Low,85,90,10,Accident,18
TE00265,EDGE0181,LOC004,2026-05-14T15:30:02,Moderate,56,70,38,Event,68
TE00266,EDGE0290,LOC074,2025-02-14T11:33:58,Low,83,90,15,Event,27
TE00267,EDGE0022,LOC011,2024-07-21T01:13:54,Moderate,58,70,34,Accident,61
TE00268,EDGE0178,LOC038,2024-09-06T23:51:44,High,31,45,61,Construction,109
TE00269,EDGE0327,LOC056,2026-06-26T04:34:41,Low,88,90,3,Weather-related,5
TE00270,EDGE0244,LOC029,2025-01-31T03:41:28,High,29,45,67,Event,120
TE00271,EDGE0088,LOC020,2024-01-09T18:27:57,Severe,11,20,90,Weather-related,162
TE00272,EDGE0277,LOC060,2025-05-28T12:16:26,Severe,10,20,91,Construction,163
TE00273,EDGE0181,LOC035,2025-12-25T10:05:32,Moderate,51,70,53,Event,95
TE00274,EDGE0190,LOC001,2024-08-28T11:34:29,Moderate,50,70,56,Accident,100
TE00275,EDGE0270,LOC039,2024-03-03T01:05:35,Moderate,51,70,52,Event,93
TE00276,EDGE0048,LOC031,2024-08-26T18:28:38,Low,83,90,14,Weather-related,25
TE00277,EDGE0184,LOC012,2025-05-16T04:31:09,High,27,45,76,Accident,136
TE00278,EDGE0107,LOC036,2024-03-20T00:01:41,Severe,10,20,91,Event,163
TE00279,EDGE0165,LOC043,2025-04-12T19:51:55,Severe,10,20,98,Weather-related,176
TE00280,EDGE0368,LOC023,2026-02-01T01:03:52,Moderate,58,70,34,Accident,61
TE00281,EDGE0208,LOC045,2026-06-08T14:56:44,Moderate,58,70,33,Rush Hour,59
TE00282,EDGE0022,LOC066,2026-05-04T15:27:29,Severe,10,20,98,Accident,176
TE00283,EDGE0112,LOC012,2025-07-10T06:23:54,Moderate,52,70,49,Weather-related,88
TE00284,EDGE0302,LOC022,2024-04-23T05:11:34,Low,85,90,9,Weather-related,16
TE00285,EDGE0324,LOC031,2025-05-08T18:38:33,High,31,45,61,Rush Hour,109
TE00286,EDGE0178,LOC075,2026-03-27T04:08:52,Severe,10,20,99,Event,178
TE00287,EDGE0322,LOC041,2024-12-07T16:46:41,Low,87,90,6,Weather-related,10
TE00288,EDGE0056,LOC012,2024-10-12T15:08:12,Low,78,90,26,Weather-related,46
TE00289,EDGE0083,LOC071,2026-03-19T17:36:33,Severe,11,20,88,Construction,158
TE00290,EDGE0279,LOC069,2024-04-15T21:48:10,Moderate,59,70,31,Event,55
TE00291,EDGE0183,LOC068,2026-02-23T16:59:50,Severe,11,20,83,Rush Hour,149
TE00292,EDGE0271,LOC021,2024-09-04T13:45:45,Severe,11,20,81,Rush Hour,145
TE00293,EDGE0305,LOC012,2025-10-08T03:02:26,Low,84,90,12,Accident,21
TE00294,EDGE0153,LOC061,2026-04-23T15:29:44,Low,78,90,26,Event,46
TE00295,EDGE0162,LOC046,2026-04-14T06:09:05,High,27,45,77,Rush Hour,138
TE00296,EDGE0275,LOC003,2025-09-18T16:28:42,High,28,45,75,Rush Hour,135
TE00297,EDGE0194,LOC014,2024-05-22T19:58:43,Severe,11,20,81,Event,145
TE00298,EDGE0057,LOC052,2025-06-26T18:41:10,Moderate,53,70,48,Rush Hour,86
TE00299,EDGE0276,LOC066,2024-12-09T14:51:43,Low,89,90,2,Event,3
TE00300,EDGE0096,LOC039,2024-11-27T10:24:23,Low,88,90,3,Accident,5
TE00301,EDGE0296,LOC039,2025-05-30T13:30:51,Low,87,90,5,Rush Hour,9
TE00302,EDGE0219,LOC030,2025-05-29T07:03:18,Low,76,90,29,Weather-related,52
TE00303,EDGE0277,LOC048,2025-07-14T11:31:04,Moderate,50,70,56,Weather-related,100
TE00304,EDGE0037,LOC013,2025-04-01T01:14:43,Low,81,90,19,Construction,34
TE00305,EDGE0033,LOC043,2024-12-05T08:13:49,Low,81,90,18,Weather-related,32
TE00306,EDGE0071,LOC042,2026-04-04T02:25:56,High,27,45,77,Weather-related,138
TE00307,EDGE0080,LOC004,2026-01-07T15:57:32,Moderate,52,70,51,Weather-related,91
TE00308,EDGE0198,LOC002,2026-05-22T00:04:25,High,29,45,70,Accident,126
TE00309,EDGE0264,LOC047,2024-01-14T16:13:32,Moderate,52,70,50,Weather-related,90
TE00310,EDGE0240,LOC002,2024-06-27T05:08:39,Low,83,90,15,Construction,27
TE00311,EDGE0200,LOC036,2025-06-21T12:05:12,Severe,11,20,84,Rush Hour,151
TE00312,EDGE0010,LOC069,2025-11-23T07:40:45,Moderate,59,70,31,Rush Hour,55
TE00313,EDGE0046,LOC055,2025-01-08T08:49:05,Severe,10,20,95,Accident,171
TE00314,EDGE0325,LOC034,2025-01-13T18:32:07,Low,85,90,11,Event,19
TE00315,EDGE0274,LOC075,2024-03-02T22:43:53,Low,81,90,18,Construction,32
TE00316,EDGE0292,LOC003,2025-05-13T13:23:56,Severe,11,20,87,Rush Hour,156
TE00317,EDGE0088,LOC015,2025-08-15T10:36:04,Severe,11,20,83,Rush Hour,149
TE00318,EDGE0062,LOC061,2024-06-25T02:53:24,Moderate,56,70,39,Accident,70
TE00319,EDGE0150,LOC014,2025-08-22T10:29:51,High,27,45,80,Construction,144
TE00320,EDGE0128,LOC058,2025-02-02T14:23:21,Moderate,52,70,49,Event,88
TE00321,EDGE0364,LOC047,2026-04-19T05:30:24,Low,80,90,21,Event,37
TE00322,EDGE0207,LOC006,2025-03-15T08:37:45,Low,76,90,30,Accident,54
TE00323,EDGE0147,LOC009,2024-02-08T09:05:46,High,28,45,73,Weather-related,131
TE00324,EDGE0147,LOC044,2026-03-13T22:13:44,High,27,45,78,Accident,140
TE00325,EDGE0224,LOC030,2025-08-05T11:26:56,Moderate,52,70,49,Construction,88
TE00326,EDGE0164,LOC052,2026-03-09T22:49:53,Severe,10,20,92,Accident,165
TE00327,EDGE0199,LOC068,2026-03-01T07:02:15,Low,86,90,7,Weather-related,12
TE00328,EDGE0267,LOC046,2025-11-23T03:33:54,Moderate,53,70,47,Accident,84
TE00329,EDGE0229,LOC042,2026-01-26T05:23:42,Moderate,50,70,55,Event,99
TE00330,EDGE0005,LOC025,2024-03-09T02:54:30,Severe,11,20,86,Rush Hour,154
TE00331,EDGE0243,LOC065,2025-04-05T11:51:33,Severe,11,20,88,Accident,158
TE00332,EDGE0224,LOC002,2024-10-26T01:22:55,Moderate,50,70,56,Rush Hour,100
TE00333,EDGE0192,LOC022,2025-05-12T14:07:30,Moderate,54,70,45,Construction,81
TE00334,EDGE0241,LOC009,2026-03-09T07:22:59,Low,83,90,14,Event,25
TE00335,EDGE0249,LOC037,2024-05-07T22:03:38,Severe,11,20,83,Rush Hour,149
TE00336,EDGE0241,LOC025,2024-05-29T01:30:54,Moderate,57,70,35,Weather-related,63
TE00337,EDGE0328,LOC072,2024-09-17T00:55:50,Low,88,90,3,Construction,5
TE00338,EDGE0350,LOC042,2026-04-15T17:09:19,Severe,10,20,95,Rush Hour,171
TE00339,EDGE0283,LOC032,2026-04-08T07:21:14,High,27,45,77,Event,138
TE00340,EDGE0266,LOC033,2024-01-12T09:18:14,Low,79,90,24,Construction,43
TE00341,EDGE0040,LOC007,2024-04-11T16:57:59,High,30,45,63,Accident,113
TE00342,EDGE0060,LOC025,2024-11-23T10:30:10,Low,78,90,25,Event,45
TE00343,EDGE0342,LOC020,2024-11-27T03:44:41,Moderate,56,70,39,Accident,70
TE00344,EDGE0166,LOC023,2025-10-20T23:40:28,Moderate,57,70,37,Event,66
TE00345,EDGE0298,LOC064,2024-06-10T10:40:20,Low,85,90,11,Rush Hour,19
TE00346,EDGE0353,LOC026,2024-11-15T08:33:42,Low,83,90,15,Rush Hour,27
TE00347,EDGE0102,LOC047,2026-04-15T08:55:48,Severe,10,20,92,Weather-related,165
TE00348,EDGE0287,LOC055,2025-11-07T02:50:23,High,30,45,64,Accident,115
TE00349,EDGE0033,LOC075,2024-04-22T00:50:48,High,28,45,75,Construction,135
TE00350,EDGE0077,LOC066,2024-08-26T20:23:10,Moderate,49,70,60,Construction,108
TE00351,EDGE0310,LOC015,2024-02-06T21:34:26,Severe,11,20,87,Rush Hour,156
TE00352,EDGE0138,LOC061,2025-12-14T09:09:27,High,30,45,65,Accident,117
TE00353,EDGE0167,LOC064,2025-05-30T07:14:44,Moderate,52,70,49,Weather-related,88
TE00354,EDGE0321,LOC032,2024-02-28T20:30:15,Low,84,90,12,Rush Hour,21
TE00355,EDGE0137,LOC074,2024-05-15T23:00:56,Low,90,90,0,Accident,0
TE00356,EDGE0129,LOC059,2024-04-23T18:53:04,Moderate,54,70,45,Event,81
TE00357,EDGE0039,LOC059,2024-03-25T07:15:37,High,27,45,80,Construction,144
TE00358,EDGE0074,LOC065,2024-10-03T12:01:43,High,30,45,64,Rush Hour,115
TE00359,EDGE0021,LOC006,2025-01-26T07:48:39,High,30,45,66,Accident,118
TE00360,EDGE0253,LOC061,2026-05-16T22:53:14,Moderate,49,70,59,Rush Hour,106
TE00361,EDGE0271,LOC025,2024-04-19T10:16:17,Low,81,90,18,Weather-related,32
TE00362,EDGE0371,LOC049,2026-06-12T04:08:52,Severe,11,20,86,Rush Hour,154
TE00363,EDGE0119,LOC063,2024-12-19T15:14:39,Moderate,50,70,57,Rush Hour,102
TE00364,EDGE0327,LOC002,2025-02-05T19:05:41,Low,82,90,17,Event,30
TE00365,EDGE0156,LOC009,2025-09-25T05:39:05,Moderate,50,70,56,Construction,100
TE00366,EDGE0212,LOC026,2025-08-25T18:54:14,Severe,11,20,90,Weather-related,162
TE00367,EDGE0236,LOC055,2025-12-01T19:11:01,Low,89,90,1,Construction,1
TE00368,EDGE0298,LOC028,2025-09-20T06:54:54,Moderate,59,70,31,Weather-related,55
TE00369,EDGE0321,LOC052,2025-11-03T16:20:36,Severe,10,20,99,Accident,178
TE00370,EDGE0313,LOC043,2025-05-06T12:24:19,Low,86,90,7,Rush Hour,12
TE00371,EDGE0209,LOC012,2024-01-27T05:44:27,High,27,45,78,Rush Hour,140
TE00372,EDGE0024,LOC052,2025-08-28T01:40:55,Low,81,90,18,Event,32
TE00373,EDGE0278,LOC024,2024-07-02T18:45:30,Low,84,90,13,Event,23
TE00374,EDGE0333,LOC025,2026-04-10T20:04:14,High,28,45,74,Event,133
TE00375,EDGE0009,LOC051,2024-01-10T03:55:40,Moderate,51,70,53,Weather-related,95
TE00376,EDGE0341,LOC002,2024-04-08T05:40:05,Low,89,90,2,Accident,3
TE00377,EDGE0303,LOC026,2026-06-28T17:02:57,High,27,45,79,Weather-related,142
TE00378,EDGE0366,LOC020,2024-03-11T16:59:28,Low,89,90,2,Event,3
TE00379,EDGE0098,LOC060,2024-04-22T18:19:50,Low,81,90,18,Accident,32
TE00380,EDGE0329,LOC026,2025-07-09T16:01:39,Moderate,53,70,47,Rush Hour,84
TE00381,EDGE0201,LOC048,2026-02-20T03:07:13,Moderate,50,70,57,Rush Hour,102
TE00382,EDGE0111,LOC070,2024-06-13T21:01:11,Moderate,53,70,48,Rush Hour,86
TE00383,EDGE0053,LOC023,2025-03-26T05:53:29,High,29,45,71,Weather-related,127
TE00384,EDGE0025,LOC055,2025-04-13T03:10:07,High,29,45,67,Event,120
TE00385,EDGE0271,LOC057,2024-05-14T09:08:54,High,29,45,68,Event,122
TE00386,EDGE0339,LOC013,2025-03-13T07:43:51,High,27,45,77,Event,138
TE00387,EDGE0153,LOC016,2025-11-10T21:44:58,Moderate,50,70,57,Event,102
TE00388,EDGE0020,LOC005,2025-08-15T12:07:43,Low,79,90,24,Event,43
TE00389,EDGE0102,LOC002,2025-09-05T18:53:23,Severe,11,20,89,Rush Hour,160
TE00390,EDGE0225,LOC052,2024-02-17T21:01:16,Low,78,90,26,Event,46
TE00391,EDGE0006,LOC066,2026-01-06T07:32:29,Severe,11,20,90,Rush Hour,162
TE00392,EDGE0017,LOC051,2024-08-30T20:09:41,Low,81,90,18,Accident,32
TE00393,EDGE0155,LOC032,2026-04-08T17:07:11,High,27,45,80,Event,144
TE00394,EDGE0313,LOC021,2024-12-07T13:11:18,Low,86,90,8,Rush Hour,14
TE00395,EDGE0232,LOC020,2024-07-30T20:40:09,Moderate,54,70,45,Weather-related,81
TE00396,EDGE0073,LOC024,2025-08-30T09:15:33,High,27,45,78,Weather-related,140
TE00397,EDGE0326,LOC058,2026-04-27T18:04:58,High,28,45,74,Event,133
TE00398,EDGE0068,LOC002,2025-04-03T05:35:39,High,30,45,66,Rush Hour,118
TE00399,EDGE0100,LOC013,2024-08-11T19:31:31,Low,79,90,23,Rush Hour,41
TE00400,EDGE0368,LOC010,2025-04-08T00:21:06,Severe,11,20,90,Accident,162
TE00401,EDGE0325,LOC062,2025-08-02T15:18:49,Low,83,90,14,Construction,25
TE00402,EDGE0254,LOC006,2024-01-18T07:42:35,Low,84,90,13,Event,23
TE00403,EDGE0343,LOC058,2026-05-09T20:52:38,Low,87,90,5,Construction,9
TE00404,EDGE0117,LOC026,2026-05-12T06:30:00,Low,82,90,16,Event,28
TE00405,EDGE0218,LOC021,2024-08-07T14:47:59,Low,87,90,5,Accident,9
TE00406,EDGE0190,LOC049,2024-07-10T10:32:23,Severe,11,20,86,Event,154
TE00407,EDGE0100,LOC047,2024-03-05T21:24:56,High,31,45,61,Weather-related,109
TE00408,EDGE0310,LOC020,2024-01-08T19:31:33,Moderate,54,70,44,Event,79
TE00409,EDGE0327,LOC054,2026-06-08T16:29:48,Low,80,90,22,Rush Hour,39
TE00410,EDGE0058,LOC024,2025-09-04T04:25:50,Low,84,90,13,Rush Hour,23
TE00411,EDGE0254,LOC009,2026-04-14T10:28:47,Moderate,59,70,31,Accident,55
TE00412,EDGE0286,LOC063,2026-04-30T13:13:41,High,28,45,74,Accident,133
TE00413,EDGE0246,LOC020,2024-05-12T05:45:33,Moderate,51,70,53,Rush Hour,95
TE00414,EDGE0059,LOC036,2025-04-18T07:42:34,Moderate,52,70,51,Accident,91
TE00415,EDGE0170,LOC002,2024-11-22T07:20:21,Low,89,90,1,Weather-related,1
TE00416,EDGE0232,LOC063,2025-06-18T03:43:07,High,27,45,76,Weather-related,136
TE00417,EDGE0248,LOC016,2024-11-24T22:07:31,Moderate,54,70,44,Rush Hour,79
TE00418,EDGE0125,LOC019,2025-10-03T00:52:28,Moderate,58,70,34,Construction,61
TE00419,EDGE0337,LOC057,2026-03-07T05:20:58,Low,87,90,6,Event,10
TE00420,EDGE0241,LOC065,2024-08-09T07:06:42,Severe,11,20,83,Rush Hour,149
TE00421,EDGE0120,LOC071,2024-09-07T00:48:48,Low,84,90,13,Construction,23
TE00422,EDGE0322,LOC023,2024-10-12T19:44:45,Moderate,51,70,54,Rush Hour,97
TE00423,EDGE0155,LOC036,2024-12-08T23:34:19,High,29,45,67,Construction,120
TE00424,EDGE0370,LOC009,2025-01-27T14:53:47,Low,78,90,26,Event,46
TE00425,EDGE0207,LOC062,2024-10-28T21:00:23,Low,83,90,15,Construction,27
TE00426,EDGE0026,LOC012,2024-06-27T01:26:17,High,28,45,75,Rush Hour,135
TE00427,EDGE0100,LOC065,2024-10-08T17:30:56,Severe,11,20,90,Accident,162
TE00428,EDGE0088,LOC018,2026-05-31T06:12:09,Severe,11,20,90,Accident,162
TE00429,EDGE0113,LOC025,2024-03-25T11:44:34,Low,81,90,20,Event,36
TE00430,EDGE0346,LOC069,2026-05-02T14:39:09,Severe,10,20,93,Event,167
TE00431,EDGE0072,LOC006,2025-12-17T13:12:47,Moderate,51,70,52,Accident,93
TE00432,EDGE0074,LOC071,2026-05-03T20:58:55,Severe,10,20,99,Event,178
TE00433,EDGE0073,LOC037,2024-04-23T15:01:38,Severe,10,20,100,Weather-related,180
TE00434,EDGE0326,LOC031,2025-03-27T12:19:00,Low,79,90,24,Event,43
TE00435,EDGE0227,LOC062,2024-04-14T15:27:56,High,29,45,71,Weather-related,127
TE00436,EDGE0280,LOC068,2025-01-24T10:18:42,Severe,10,20,97,Rush Hour,174
TE00437,EDGE0263,LOC050,2024-06-01T13:15:03,Severe,11,20,85,Event,153
TE00438,EDGE0216,LOC068,2024-11-02T16:15:40,Moderate,54,70,45,Accident,81
TE00439,EDGE0270,LOC027,2026-06-20T22:10:29,Low,85,90,10,Rush Hour,18
TE00440,EDGE0253,LOC034,2026-01-26T19:46:29,Low,85,90,10,Event,18
TE00441,EDGE0217,LOC002,2025-05-28T23:01:00,High,30,45,63,Rush Hour,113
TE00442,EDGE0117,LOC013,2025-07-08T19:04:59,Moderate,49,70,58,Accident,104
TE00443,EDGE0256,LOC062,2024-07-18T04:12:25,Moderate,53,70,48,Rush Hour,86
TE00444,EDGE0203,LOC022,2024-12-30T08:01:06,Low,81,90,20,Weather-related,36
TE00445,EDGE0251,LOC054,2024-06-04T09:57:00,Severe,10,20,96,Rush Hour,172
TE00446,EDGE0050,LOC058,2025-03-18T22:40:59,Moderate,54,70,45,Event,81
TE00447,EDGE0149,LOC031,2024-04-18T10:39:49,High,30,45,65,Accident,117
TE00448,EDGE0033,LOC043,2024-10-27T14:08:58,Moderate,52,70,50,Construction,90
TE00449,EDGE0101,LOC006,2025-05-08T15:55:06,Severe,10,20,99,Rush Hour,178
TE00450,EDGE0338,LOC031,2026-01-24T18:13:10,High,30,45,66,Event,118
TE00451,EDGE0034,LOC052,2025-12-01T01:17:59,Low,78,90,26,Rush Hour,46
TE00452,EDGE0354,LOC026,2025-05-25T01:37:44,Severe,10,20,99,Construction,178
TE00453,EDGE0050,LOC053,2025-04-19T20:24:29,High,27,45,80,Construction,144
TE00454,EDGE0025,LOC002,2026-06-26T11:26:01,Moderate,53,70,48,Weather-related,86
TE00455,EDGE0150,LOC011,2024-08-24T17:41:45,Severe,10,20,100,Accident,180
TE00456,EDGE0083,LOC054,2026-05-28T13:18:25,Severe,10,20,94,Event,169
TE00457,EDGE0286,LOC071,2026-05-30T14:08:35,Moderate,54,70,43,Rush Hour,77
TE00458,EDGE0084,LOC040,2025-07-20T05:18:00,Low,81,90,19,Construction,34
TE00459,EDGE0078,LOC023,2025-05-06T09:45:17,Moderate,58,70,33,Construction,59
TE00460,EDGE0185,LOC031,2025-10-27T08:27:25,Severe,10,20,98,Weather-related,176
TE00461,EDGE0092,LOC012,2024-09-18T23:20:12,Moderate,56,70,38,Construction,68
TE00462,EDGE0261,LOC065,2024-01-08T12:08:44,High,28,45,72,Event,129
TE00463,EDGE0021,LOC017,2025-05-01T13:29:36,Severe,11,20,84,Construction,151
TE00464,EDGE0110,LOC050,2025-01-17T10:04:27,High,27,45,76,Weather-related,136
TE00465,EDGE0281,LOC015,2024-12-10T03:04:36,Moderate,49,70,59,Accident,106
TE00466,EDGE0126,LOC057,2025-11-08T11:53:01,Severe,11,20,89,Weather-related,160
TE00467,EDGE0041,LOC028,2025-03-05T19:22:18,Low,81,90,20,Event,36
TE00468,EDGE0183,LOC048,2025-07-12T10:36:34,High,30,45,64,Rush Hour,115
TE00469,EDGE0304,LOC029,2024-07-27T15:17:03,Moderate,49,70,59,Weather-related,106
TE00470,EDGE0316,LOC033,2025-05-30T01:33:45,Low,85,90,11,Weather-related,19
TE00471,EDGE0143,LOC057,2026-01-15T13:58:51,Severe,11,20,88,Rush Hour,158
TE00472,EDGE0207,LOC072,2025-12-20T00:14:17,Moderate,49,70,60,Rush Hour,108
TE00473,EDGE0168,LOC001,2025-11-22T20:08:55,Low,86,90,7,Event,12
TE00474,EDGE0059,LOC038,2025-07-11T06:51:22,Moderate,57,70,37,Accident,66
TE00475,EDGE0316,LOC018,2025-04-19T12:48:50,Low,85,90,11,Weather-related,19
TE00476,EDGE0334,LOC040,2026-01-26T11:36:32,Low,89,90,1,Construction,1
TE00477,EDGE0276,LOC060,2026-05-06T23:48:59,Low,82,90,16,Rush Hour,28
TE00478,EDGE0185,LOC022,2024-06-18T01:34:29,Moderate,51,70,54,Accident,97
TE00479,EDGE0245,LOC012,2024-09-30T01:11:11,High,29,45,67,Event,120
TE00480,EDGE0070,LOC070,2024-05-07T08:12:02,Moderate,56,70,38,Event,68
TE00481,EDGE0268,LOC028,2025-03-11T22:07:13,Low,85,90,9,Accident,16
TE00482,EDGE0356,LOC004,2024-08-05T11:38:25,High,29,45,71,Accident,127
TE00483,EDGE0328,LOC074,2026-04-16T17:08:09,Moderate,57,70,36,Event,64
TE00484,EDGE0027,LOC034,2024-11-01T03:30:47,High,29,45,70,Weather-related,126
TE00485,EDGE0008,LOC060,2025-02-12T22:05:56,Low,79,90,23,Construction,41
TE00486,EDGE0316,LOC049,2024-04-28T18:43:26,Moderate,58,70,33,Rush Hour,59
TE00487,EDGE0245,LOC060,2024-04-27T03:06:50,Low,77,90,27,Event,48
TE00488,EDGE0175,LOC025,2024-01-29T22:35:15,Moderate,55,70,42,Event,75
TE00489,EDGE0038,LOC056,2026-02-26T20:58:40,Severe,11,20,88,Event,158
TE00490,EDGE0338,LOC011,2024-02-18T11:00:18,Low,89,90,2,Construction,3
TE00491,EDGE0267,LOC051,2026-06-22T22:26:59,Severe,11,20,89,Weather-related,160
TE00492,EDGE0293,LOC060,2026-06-18T06:59:08,Moderate,53,70,48,Weather-related,86
TE00493,EDGE0199,LOC029,2025-09-21T08:30:27,Moderate,57,70,36,Weather-related,64
TE00494,EDGE0169,LOC064,2024-11-26T12:17:35,Low,88,90,4,Event,7
TE00495,EDGE0315,LOC033,2024-02-26T22:38:46,Low,85,90,11,Rush Hour,19
TE00496,EDGE0237,LOC020,2026-05-06T20:54:53,Low,88,90,3,Rush Hour,5
TE00497,EDGE0053,LOC064,2025-02-08T20:28:50,Low,87,90,6,Weather-related,10
TE00498,EDGE0121,LOC007,2026-04-24T06:00:17,Low,77,90,28,Rush Hour,50
TE00499,EDGE0359,LOC032,2026-04-18T08:37:16,Severe,10,20,95,Weather-related,171
TE00500,EDGE0267,LOC031,2026-01-03T09:18:39,Moderate,49,70,60,Rush Hour,108
TE00501,EDGE0210,LOC067,2024-08-18T21:26:21,Moderate,56,70,40,Rush Hour,72
TE00502,EDGE0155,LOC057,2025-07-22T06:42:25,Low,88,90,3,Weather-related,5
TE00503,EDGE0232,LOC039,2025-09-01T17:23:56,Severe,11,20,84,Event,151
TE00504,EDGE0225,LOC057,2024-12-12T21:28:30,Moderate,50,70,56,Construction,100
TE00505,EDGE0313,LOC046,2025-03-28T01:14:06,Severe,11,20,87,Rush Hour,156
TE00506,EDGE0170,LOC062,2024-07-26T23:27:18,Severe,10,20,97,Weather-related,174
TE00507,EDGE0163,LOC053,2025-12-22T21:18:51,High,28,45,74,Event,133
TE00508,EDGE0254,LOC017,2026-02-17T11:13:33,Moderate,49,70,58,Accident,104
TE00509,EDGE0212,LOC027,2026-03-03T21:32:18,Low,81,90,19,Event,34
TE00510,EDGE0097,LOC069,2024-05-20T16:05:55,High,29,45,70,Construction,126
TE00511,EDGE0049,LOC058,2025-09-08T09:13:22,Moderate,50,70,56,Accident,100
TE00512,EDGE0089,LOC057,2025-07-19T05:53:28,High,28,45,73,Weather-related,131
TE00513,EDGE0127,LOC005,2026-02-19T02:09:10,Severe,11,20,81,Rush Hour,145
TE00514,EDGE0049,LOC007,2024-01-17T10:53:11,Moderate,50,70,56,Weather-related,100
TE00515,EDGE0048,LOC047,2025-01-06T02:07:18,Low,83,90,15,Construction,27
TE00516,EDGE0317,LOC003,2024-09-14T15:05:44,Severe,11,20,88,Construction,158
TE00517,EDGE0237,LOC068,2026-03-09T16:24:17,Low,81,90,18,Event,32
TE00518,EDGE0062,LOC034,2024-08-06T01:23:55,High,30,45,63,Accident,113
TE00519,EDGE0358,LOC044,2025-11-24T04:18:14,Severe,10,20,97,Accident,174
TE00520,EDGE0315,LOC044,2024-09-04T08:14:31,Severe,11,20,82,Rush Hour,147
TE00521,EDGE0068,LOC003,2024-10-05T07:00:59,Moderate,54,70,44,Weather-related,79
TE00522,EDGE0081,LOC035,2026-05-29T19:19:43,High,30,45,66,Accident,118
TE00523,EDGE0067,LOC025,2026-05-28T23:01:12,Severe,11,20,83,Accident,149
TE00524,EDGE0323,LOC056,2024-08-15T02:41:44,Moderate,55,70,41,Event,73
TE00525,EDGE0188,LOC050,2026-01-21T02:18:49,Severe,11,20,81,Accident,145
TE00526,EDGE0238,LOC073,2025-07-11T08:52:02,Low,90,90,0,Construction,0
TE00527,EDGE0350,LOC039,2024-03-03T18:57:37,High,31,45,61,Rush Hour,109
TE00528,EDGE0252,LOC020,2024-12-05T22:10:04,Moderate,52,70,50,Accident,90
TE00529,EDGE0026,LOC033,2026-01-27T12:37:01,High,27,45,79,Accident,142
TE00530,EDGE0303,LOC020,2024-12-26T00:15:46,Low,86,90,7,Weather-related,12
TE00531,EDGE0022,LOC035,2024-04-07T15:38:02,High,27,45,80,Rush Hour,144
TE00532,EDGE0332,LOC033,2025-02-14T15:56:51,Moderate,52,70,50,Weather-related,90
TE00533,EDGE0229,LOC024,2025-07-27T21:32:31,Low,80,90,22,Weather-related,39
TE00534,EDGE0062,LOC075,2024-12-29T12:50:54,Moderate,53,70,48,Weather-related,86
TE00535,EDGE0001,LOC045,2024-03-07T12:00:51,Severe,10,20,98,Event,176
TE00536,EDGE0108,LOC062,2024-11-17T05:05:46,Low,85,90,11,Construction,19
TE00537,EDGE0207,LOC041,2026-03-15T12:09:38,Moderate,51,70,53,Construction,95
TE00538,EDGE0162,LOC030,2025-07-15T04:25:37,Low,89,90,1,Event,1
TE00539,EDGE0254,LOC004,2025-08-25T21:09:35,Moderate,51,70,52,Accident,93
TE00540,EDGE0338,LOC067,2025-12-30T14:43:27,High,29,45,69,Rush Hour,124
TE00541,EDGE0070,LOC074,2025-12-07T06:20:10,Moderate,49,70,60,Rush Hour,108
TE00542,EDGE0278,LOC016,2024-03-13T03:18:50,Low,88,90,4,Accident,7
TE00543,EDGE0154,LOC049,2024-03-02T23:45:17,High,30,45,66,Accident,118
TE00544,EDGE0146,LOC023,2025-05-18T10:14:48,Low,76,90,29,Weather-related,52
TE00545,EDGE0019,LOC040,2024-06-09T08:30:26,High,31,45,62,Accident,111
TE00546,EDGE0156,LOC065,2026-03-20T22:11:26,Severe,11,20,87,Rush Hour,156
TE00547,EDGE0263,LOC049,2025-02-28T20:38:39,High,28,45,74,Weather-related,133
TE00548,EDGE0319,LOC008,2025-02-13T01:08:04,Moderate,58,70,33,Construction,59
TE00549,EDGE0072,LOC064,2026-06-17T20:56:36,Low,78,90,25,Construction,45
TE00550,EDGE0133,LOC013,2026-04-25T14:50:28,High,30,45,64,Weather-related,115
TE00551,EDGE0029,LOC007,2026-06-04T17:06:40,Low,79,90,23,Construction,41
TE00552,EDGE0294,LOC056,2024-09-27T01:35:27,High,27,45,78,Accident,140
TE00553,EDGE0076,LOC053,2025-08-08T02:53:11,Moderate,58,70,32,Weather-related,57
TE00554,EDGE0106,LOC006,2025-08-11T00:11:35,Moderate,58,70,34,Rush Hour,61
TE00555,EDGE0351,LOC061,2025-07-21T11:15:03,Low,77,90,28,Accident,50
TE00556,EDGE0248,LOC061,2024-04-30T21:59:28,High,30,45,66,Construction,118
TE00557,EDGE0268,LOC015,2026-03-13T14:35:20,Moderate,57,70,36,Rush Hour,64
TE00558,EDGE0004,LOC063,2025-01-25T19:49:16,High,29,45,67,Event,120
TE00559,EDGE0164,LOC014,2025-08-07T14:33:13,Moderate,59,70,31,Accident,55
TE00560,EDGE0096,LOC034,2024-12-12T06:17:11,Low,81,90,20,Rush Hour,36
TE00561,EDGE0178,LOC005,2026-03-13T03:44:07,Low,78,90,25,Rush Hour,45
TE00562,EDGE0187,LOC074,2025-09-22T10:53:38,Low,82,90,17,Construction,30
TE00563,EDGE0107,LOC004,2025-07-02T04:59:28,Moderate,51,70,52,Construction,93
TE00564,EDGE0161,LOC049,2025-06-19T23:44:14,Moderate,50,70,55,Accident,99
TE00565,EDGE0184,LOC041,2026-01-26T07:30:52,Moderate,56,70,40,Rush Hour,72
TE00566,EDGE0229,LOC029,2026-01-18T22:22:00,Moderate,58,70,33,Construction,59
TE00567,EDGE0276,LOC046,2024-01-11T05:58:46,Low,76,90,29,Rush Hour,52
TE00568,EDGE0233,LOC021,2026-02-18T13:50:19,High,30,45,65,Construction,117
TE00569,EDGE0055,LOC067,2024-08-03T21:06:50,Severe,11,20,87,Construction,156
TE00570,EDGE0264,LOC034,2025-11-14T08:36:44,Moderate,57,70,35,Rush Hour,63
TE00571,EDGE0238,LOC062,2024-09-14T06:13:57,Low,83,90,15,Accident,27
TE00572,EDGE0227,LOC060,2024-12-23T06:40:38,Low,80,90,22,Rush Hour,39
TE00573,EDGE0054,LOC067,2024-04-29T18:03:26,Moderate,49,70,58,Construction,104
TE00574,EDGE0068,LOC069,2026-03-10T07:29:20,High,30,45,66,Construction,118
TE00575,EDGE0184,LOC035,2025-03-12T05:20:14,Low,78,90,25,Accident,45
TE00576,EDGE0223,LOC037,2024-11-24T13:55:45,Moderate,57,70,37,Accident,66
TE00577,EDGE0345,LOC060,2024-08-21T09:22:06,Severe,10,20,96,Construction,172
TE00578,EDGE0141,LOC054,2024-10-17T08:20:55,Severe,11,20,81,Construction,145
TE00579,EDGE0122,LOC039,2024-09-01T10:42:26,Moderate,53,70,46,Construction,82
TE00580,EDGE0053,LOC055,2025-07-16T16:39:00,Severe,11,20,89,Event,160
TE00581,EDGE0023,LOC023,2024-07-02T19:40:13,Severe,11,20,83,Construction,149
TE00582,EDGE0184,LOC032,2024-12-23T19:56:01,Severe,11,20,90,Accident,162
TE00583,EDGE0031,LOC040,2025-10-06T01:55:06,Low,79,90,24,Rush Hour,43
TE00584,EDGE0319,LOC073,2025-05-27T23:40:17,Severe,10,20,96,Construction,172
TE00585,EDGE0022,LOC035,2024-06-25T01:34:22,Severe,10,20,99,Rush Hour,178
TE00586,EDGE0010,LOC025,2026-01-18T00:14:30,High,31,45,62,Weather-related,111
TE00587,EDGE0256,LOC052,2026-01-13T19:30:13,Severe,11,20,83,Construction,149
TE00588,EDGE0276,LOC031,2026-01-14T03:12:12,Moderate,54,70,44,Event,79
TE00589,EDGE0113,LOC066,2024-11-23T07:36:45,Severe,11,20,83,Construction,149
TE00590,EDGE0209,LOC070,2024-09-07T11:41:46,Moderate,56,70,40,Accident,72
TE00591,EDGE0140,LOC043,2025-09-30T07:25:58,Moderate,51,70,53,Event,95
TE00592,EDGE0215,LOC048,2024-02-04T20:50:56,Low,79,90,23,Construction,41
TE00593,EDGE0162,LOC001,2025-01-13T12:41:15,High,28,45,74,Accident,133
TE00594,EDGE0193,LOC066,2024-03-08T00:32:14,Moderate,49,70,59,Weather-related,106
TE00595,EDGE0009,LOC075,2024-07-17T15:54:09,Low,77,90,27,Weather-related,48
TE00596,EDGE0340,LOC024,2026-06-09T21:07:36,Moderate,58,70,34,Weather-related,61
TE00597,EDGE0068,LOC060,2024-09-07T07:19:47,Low,79,90,24,Weather-related,43
TE00598,EDGE0305,LOC040,2024-07-28T06:52:35,Moderate,50,70,56,Construction,100
TE00599,EDGE0223,LOC047,2026-03-07T08:42:34,Low,78,90,25,Event,45
TE00600,EDGE0346,LOC056,2024-03-01T21:08:28,Low,85,90,9,Rush Hour,16
TE00601,EDGE0328,LOC072,2026-06-07T23:44:45,Low,85,90,10,Accident,18
TE00602,EDGE0174,LOC059,2024-08-16T03:31:40,Low,77,90,28,Weather-related,50
TE00603,EDGE0319,LOC067,2024-03-27T20:33:02,Moderate,53,70,47,Construction,84
TE00604,EDGE0368,LOC024,2024-09-15T09:39:20,Low,77,90,28,Accident,50
TE00605,EDGE0140,LOC051,2025-02-05T04:37:02,Moderate,59,70,31,Event,55
TE00606,EDGE0063,LOC025,2024-10-06T16:17:09,Moderate,58,70,34,Accident,61
TE00607,EDGE0332,LOC001,2026-03-13T13:45:39,Low,82,90,17,Weather-related,30
TE00608,EDGE0322,LOC072,2025-09-21T20:30:25,Moderate,52,70,51,Rush Hour,91
TE00609,EDGE0289,LOC047,2026-05-25T12:42:22,Low,81,90,19,Construction,34
TE00610,EDGE0011,LOC023,2024-01-29T22:12:18,Low,82,90,17,Weather-related,30
TE00611,EDGE0273,LOC013,2025-03-16T07:57:15,Low,80,90,22,Accident,39
TE00612,EDGE0033,LOC065,2024-05-13T04:56:09,Severe,11,20,85,Event,153
TE00613,EDGE0113,LOC037,2024-12-02T11:11:16,Moderate,52,70,49,Accident,88
TE00614,EDGE0038,LOC065,2025-11-28T19:30:54,Moderate,52,70,51,Construction,91
TE00615,EDGE0189,LOC056,2026-01-02T07:34:02,High,27,45,77,Rush Hour,138
TE00616,EDGE0307,LOC010,2026-01-18T05:53:58,High,27,45,78,Construction,140
TE00617,EDGE0033,LOC053,2024-09-21T23:11:26,Moderate,49,70,60,Weather-related,108
TE00618,EDGE0051,LOC034,2024-12-06T18:28:32,Low,77,90,27,Weather-related,48
TE00619,EDGE0214,LOC024,2025-09-30T02:29:53,Severe,10,20,98,Event,176
TE00620,EDGE0022,LOC034,2024-08-09T16:41:38,Severe,11,20,86,Accident,154
TE00621,EDGE0319,LOC035,2026-06-24T02:37:20,Low,81,90,19,Construction,34
TE00622,EDGE0139,LOC033,2024-10-09T13:07:57,High,29,45,70,Event,126
TE00623,EDGE0241,LOC038,2026-03-04T12:11:14,Moderate,58,70,33,Event,59
TE00624,EDGE0051,LOC015,2025-02-14T22:02:47,Severe,11,20,87,Rush Hour,156
TE00625,EDGE0026,LOC056,2024-09-17T13:07:05,Low,85,90,10,Weather-related,18
TE00626,EDGE0084,LOC032,2025-06-16T07:42:39,Severe,11,20,88,Construction,158
TE00627,EDGE0223,LOC038,2025-12-05T10:35:32,High,29,45,67,Construction,120
TE00628,EDGE0065,LOC037,2024-04-16T22:38:57,Severe,10,20,100,Event,180
TE00629,EDGE0246,LOC003,2024-12-23T00:04:44,Moderate,49,70,60,Rush Hour,108
TE00630,EDGE0106,LOC007,2025-08-10T12:44:28,Severe,11,20,83,Construction,149
TE00631,EDGE0015,LOC015,2025-08-21T19:03:38,Severe,11,20,86,Weather-related,154
TE00632,EDGE0211,LOC011,2024-07-24T09:15:55,Severe,10,20,94,Weather-related,169
TE00633,EDGE0032,LOC004,2024-06-17T15:47:14,Moderate,49,70,58,Weather-related,104
TE00634,EDGE0106,LOC026,2024-01-26T17:29:58,Moderate,50,70,56,Accident,100
TE00635,EDGE0319,LOC002,2024-11-10T08:06:02,Severe,11,20,81,Rush Hour,145
TE00636,EDGE0080,LOC054,2026-03-23T00:05:28,High,27,45,78,Rush Hour,140
TE00637,EDGE0076,LOC050,2026-02-22T11:53:09,Severe,11,20,89,Construction,160
TE00638,EDGE0261,LOC036,2025-10-14T03:05:32,Severe,10,20,91,Construction,163
TE00639,EDGE0155,LOC069,2024-08-20T08:02:43,Severe,10,20,98,Rush Hour,176
TE00640,EDGE0360,LOC025,2024-05-29T14:16:16,Severe,11,20,88,Event,158
TE00641,EDGE0114,LOC053,2024-10-02T14:46:42,High,27,45,77,Accident,138
TE00642,EDGE0202,LOC015,2026-01-09T05:41:20,Low,85,90,10,Rush Hour,18
TE00643,EDGE0015,LOC045,2024-03-01T15:23:18,Low,88,90,4,Weather-related,7
TE00644,EDGE0341,LOC043,2026-04-05T13:08:40,Moderate,56,70,38,Rush Hour,68
TE00645,EDGE0006,LOC064,2026-02-20T21:28:22,High,29,45,70,Weather-related,126
TE00646,EDGE0344,LOC048,2024-07-01T13:19:45,Moderate,51,70,54,Rush Hour,97
TE00647,EDGE0032,LOC002,2024-05-24T18:22:25,Severe,10,20,96,Weather-related,172
TE00648,EDGE0019,LOC053,2026-01-19T03:14:42,High,27,45,80,Event,144
TE00649,EDGE0170,LOC024,2024-07-21T11:00:40,Severe,11,20,84,Event,151
TE00650,EDGE0016,LOC069,2026-04-17T18:02:19,Moderate,58,70,33,Rush Hour,59
TE00651,EDGE0309,LOC073,2024-01-02T20:44:48,Moderate,57,70,36,Event,64
TE00652,EDGE0331,LOC046,2025-11-01T07:22:03,Low,83,90,15,Weather-related,27
TE00653,EDGE0234,LOC038,2026-03-21T23:13:10,Moderate,57,70,37,Accident,66
TE00654,EDGE0098,LOC035,2025-10-15T12:14:13,High,27,45,80,Accident,144
TE00655,EDGE0138,LOC009,2025-07-29T08:40:19,Moderate,49,70,60,Rush Hour,108
TE00656,EDGE0299,LOC033,2024-03-08T11:29:47,Low,89,90,2,Construction,3
TE00657,EDGE0305,LOC052,2026-04-03T00:59:29,High,29,45,68,Event,122
TE00658,EDGE0098,LOC058,2025-10-28T08:38:55,Moderate,58,70,34,Rush Hour,61
TE00659,EDGE0181,LOC050,2024-12-22T11:52:03,Moderate,52,70,51,Event,91
TE00660,EDGE0212,LOC035,2026-01-18T22:51:53,Moderate,51,70,54,Construction,97
TE00661,EDGE0040,LOC014,2025-08-15T05:31:36,Moderate,58,70,34,Rush Hour,61
TE00662,EDGE0362,LOC052,2025-06-28T12:15:04,Low,80,90,22,Weather-related,39
TE00663,EDGE0022,LOC067,2026-06-13T23:20:27,Moderate,50,70,57,Rush Hour,102
TE00664,EDGE0165,LOC044,2024-05-31T19:09:01,High,27,45,77,Weather-related,138
TE00665,EDGE0314,LOC023,2025-10-22T23:23:40,High,27,45,78,Weather-related,140
TE00666,EDGE0349,LOC025,2024-07-26T23:31:26,Low,81,90,18,Weather-related,32
TE00667,EDGE0062,LOC058,2025-01-30T09:07:11,Moderate,52,70,51,Weather-related,91
TE00668,EDGE0288,LOC061,2026-01-11T05:06:52,Severe,10,20,96,Event,172
TE00669,EDGE0043,LOC074,2024-12-27T04:42:31,Moderate,58,70,33,Weather-related,59
TE00670,EDGE0062,LOC054,2024-05-10T04:56:45,High,28,45,73,Rush Hour,131
TE00671,EDGE0217,LOC070,2025-03-16T00:56:48,Low,80,90,21,Event,37
TE00672,EDGE0283,LOC042,2026-04-24T15:45:42,Low,76,90,29,Accident,52
TE00673,EDGE0284,LOC036,2025-09-26T19:27:12,High,30,45,64,Weather-related,115
TE00674,EDGE0309,LOC064,2025-02-04T11:39:58,Severe,11,20,81,Construction,145
TE00675,EDGE0079,LOC032,2024-10-20T15:12:51,Low,78,90,26,Rush Hour,46
TE00676,EDGE0106,LOC014,2024-01-09T11:54:57,Severe,10,20,95,Accident,171
TE00677,EDGE0011,LOC018,2024-01-12T01:13:55,Low,82,90,17,Event,30
TE00678,EDGE0180,LOC044,2026-06-16T20:55:21,Severe,11,20,84,Weather-related,151
TE00679,EDGE0022,LOC055,2026-03-22T17:43:36,High,29,45,71,Accident,127
TE00680,EDGE0042,LOC019,2024-07-02T00:58:07,Moderate,58,70,34,Weather-related,61
TE00681,EDGE0308,LOC065,2026-03-18T10:07:34,Low,76,90,30,Accident,54
TE00682,EDGE0344,LOC047,2024-01-12T04:12:49,Low,85,90,9,Event,16
TE00683,EDGE0321,LOC005,2025-08-05T14:07:38,High,27,45,77,Rush Hour,138
TE00684,EDGE0152,LOC057,2024-11-15T02:33:50,Moderate,54,70,44,Event,79
TE00685,EDGE0242,LOC050,2025-05-05T17:40:10,Moderate,58,70,34,Construction,61
TE00686,EDGE0115,LOC025,2025-09-27T02:50:57,High,29,45,71,Event,127
TE00687,EDGE0068,LOC063,2025-07-16T18:23:48,Moderate,52,70,51,Weather-related,91
TE00688,EDGE0045,LOC009,2024-06-14T13:42:37,Moderate,55,70,41,Weather-related,73
TE00689,EDGE0371,LOC067,2024-08-28T10:33:49,Severe,11,20,85,Construction,153
TE00690,EDGE0183,LOC007,2025-10-23T21:06:00,High,28,45,75,Weather-related,135
TE00691,EDGE0293,LOC070,2026-06-28T08:10:56,Severe,11,20,81,Accident,145
TE00692,EDGE0159,LOC068,2025-01-29T00:06:48,High,27,45,79,Accident,142
TE00693,EDGE0263,LOC034,2025-02-09T22:04:40,Low,86,90,7,Accident,12
TE00694,EDGE0017,LOC034,2026-04-12T19:26:20,Low,86,90,7,Accident,12
TE00695,EDGE0128,LOC030,2025-10-19T23:31:08,Severe,11,20,85,Weather-related,153
TE00696,EDGE0328,LOC043,2026-05-27T04:25:56,Low,81,90,19,Event,34
TE00697,EDGE0206,LOC043,2025-07-22T00:11:59,High,29,45,71,Construction,127
TE00698,EDGE0084,LOC052,2025-03-04T01:38:29,Moderate,51,70,52,Accident,93
TE00699,EDGE0197,LOC071,2025-09-09T10:09:52,High,27,45,79,Event,142
TE00700,EDGE0346,LOC057,2024-11-12T10:15:00,Low,89,90,1,Rush Hour,1
TE00701,EDGE0118,LOC068,2025-10-03T22:15:44,Severe,11,20,85,Event,153
TE00702,EDGE0062,LOC070,2026-05-07T15:57:51,Moderate,56,70,40,Weather-related,72
TE00703,EDGE0132,LOC050,2026-05-16T03:26:35,Moderate,51,70,52,Rush Hour,93
TE00704,EDGE0111,LOC049,2026-01-19T11:42:06,Moderate,54,70,44,Event,79
TE00705,EDGE0077,LOC074,2024-10-04T15:08:58,Severe,10,20,95,Construction,171
TE00706,EDGE0067,LOC020,2025-07-29T02:32:23,Low,76,90,30,Weather-related,54
TE00707,EDGE0106,LOC063,2026-05-18T12:31:43,Severe,11,20,83,Accident,149
TE00708,EDGE0287,LOC020,2026-05-12T00:35:41,High,28,45,73,Rush Hour,131
TE00709,EDGE0359,LOC017,2026-01-21T11:53:09,High,30,45,66,Event,118
TE00710,EDGE0009,LOC005,2025-01-29T05:30:58,Low,87,90,6,Accident,10
TE00711,EDGE0234,LOC019,2025-04-21T08:51:20,High,27,45,79,Construction,142
TE00712,EDGE0272,LOC004,2026-06-16T08:23:45,Moderate,54,70,45,Construction,81
TE00713,EDGE0369,LOC020,2025-06-18T22:32:00,Low,79,90,24,Rush Hour,43
TE00714,EDGE0094,LOC038,2025-09-10T11:21:10,Severe,10,20,100,Rush Hour,180
TE00715,EDGE0236,LOC062,2024-08-02T11:34:02,Severe,10,20,95,Accident,171
TE00716,EDGE0141,LOC002,2024-07-03T23:50:20,Moderate,56,70,39,Accident,70
TE00717,EDGE0222,LOC055,2024-12-22T22:29:42,Moderate,57,70,35,Weather-related,63
TE00718,EDGE0191,LOC002,2025-11-24T18:15:49,High,27,45,77,Event,138
TE00719,EDGE0185,LOC042,2024-09-08T08:09:33,Severe,10,20,100,Accident,180
TE00720,EDGE0023,LOC075,2024-06-04T18:39:28,Moderate,57,70,35,Construction,63
TE00721,EDGE0246,LOC055,2024-11-29T03:34:44,High,30,45,66,Weather-related,118
TE00722,EDGE0318,LOC050,2026-02-28T16:25:15,Low,76,90,29,Construction,52
TE00723,EDGE0026,LOC041,2025-09-14T05:59:34,Moderate,51,70,53,Event,95
TE00724,EDGE0112,LOC025,2025-06-09T17:52:38,Moderate,50,70,55,Weather-related,99
TE00725,EDGE0009,LOC065,2026-05-05T06:58:08,Moderate,50,70,56,Accident,100
TE00726,EDGE0011,LOC018,2024-03-21T20:40:08,Severe,10,20,93,Accident,167
TE00727,EDGE0217,LOC047,2024-09-06T16:44:50,High,28,45,74,Weather-related,133
TE00728,EDGE0227,LOC067,2025-08-27T10:50:11,Moderate,56,70,38,Rush Hour,68
TE00729,EDGE0297,LOC057,2024-01-09T05:14:56,Severe,10,20,97,Event,174
TE00730,EDGE0048,LOC001,2024-05-21T12:01:42,Severe,10,20,94,Weather-related,169
TE00731,EDGE0022,LOC047,2024-08-13T18:14:12,Moderate,50,70,56,Construction,100
TE00732,EDGE0336,LOC051,2026-01-02T17:04:55,Moderate,50,70,57,Construction,102
TE00733,EDGE0055,LOC033,2025-11-07T08:02:50,Moderate,58,70,32,Construction,57
TE00734,EDGE0316,LOC065,2024-05-16T22:07:23,Low,81,90,19,Rush Hour,34
TE00735,EDGE0063,LOC059,2024-04-09T13:05:33,High,31,45,61,Construction,109
TE00736,EDGE0149,LOC067,2025-02-12T16:46:50,Severe,11,20,82,Weather-related,147
TE00737,EDGE0334,LOC058,2024-12-10T12:11:38,Low,80,90,21,Rush Hour,37
TE00738,EDGE0005,LOC006,2025-07-30T01:44:08,Severe,11,20,84,Weather-related,151
TE00739,EDGE0025,LOC059,2024-05-04T08:05:51,Moderate,57,70,37,Accident,66
TE00740,EDGE0043,LOC006,2024-02-28T15:37:15,Low,82,90,17,Weather-related,30
TE00741,EDGE0055,LOC070,2025-08-20T00:42:43,Moderate,53,70,46,Event,82
TE00742,EDGE0145,LOC066,2025-09-14T09:07:22,Low,80,90,22,Construction,39
TE00743,EDGE0278,LOC030,2026-03-20T08:29:40,Severe,10,20,93,Accident,167
TE00744,EDGE0233,LOC041,2025-03-21T00:20:49,Moderate,58,70,33,Rush Hour,59
TE00745,EDGE0257,LOC074,2024-03-30T06:22:37,Low,85,90,11,Event,19
TE00746,EDGE0328,LOC010,2024-09-29T06:34:52,Severe,10,20,100,Weather-related,180
TE00747,EDGE0115,LOC005,2026-02-06T23:23:20,Moderate,54,70,43,Construction,77
TE00748,EDGE0212,LOC052,2025-11-12T22:03:51,Moderate,54,70,43,Accident,77
TE00749,EDGE0071,LOC041,2024-01-17T15:18:45,Low,82,90,17,Event,30
TE00750,EDGE0071,LOC067,2024-11-09T08:11:27,Low,84,90,13,Event,23
TE00751,EDGE0182,LOC035,2026-03-15T22:09:16,Moderate,50,70,56,Rush Hour,100
TE00752,EDGE0205,LOC021,2025-03-20T07:05:44,High,27,45,79,Rush Hour,142
TE00753,EDGE0006,LOC044,2024-10-29T12:40:32,Low,86,90,7,Weather-related,12
TE00754,EDGE0347,LOC026,2024-02-22T05:02:50,High,30,45,63,Construction,113
TE00755,EDGE0055,LOC071,2026-03-04T02:36:12,Low,78,90,26,Construction,46
TE00756,EDGE0169,LOC007,2026-03-12T06:55:33,High,29,45,67,Weather-related,120
TE00757,EDGE0130,LOC025,2024-12-25T21:19:11,High,27,45,80,Weather-related,144
TE00758,EDGE0107,LOC014,2024-09-20T06:46:48,Severe,11,20,90,Weather-related,162
TE00759,EDGE0096,LOC061,2024-02-26T00:27:23,Moderate,54,70,45,Weather-related,81
TE00760,EDGE0214,LOC032,2025-07-12T20:04:45,Moderate,56,70,38,Construction,68
TE00761,EDGE0155,LOC039,2025-01-06T16:08:00,Severe,11,20,81,Event,145
TE00762,EDGE0282,LOC015,2024-01-01T10:42:36,Severe,10,20,93,Event,167
TE00763,EDGE0202,LOC029,2024-09-01T13:57:58,Severe,10,20,93,Event,167
TE00764,EDGE0189,LOC007,2024-05-14T21:44:04,Moderate,55,70,41,Construction,73
TE00765,EDGE0182,LOC062,2025-03-04T15:40:19,Low,81,90,19,Weather-related,34
TE00766,EDGE0298,LOC007,2025-09-12T11:58:02,Low,87,90,5,Rush Hour,9
TE00767,EDGE0304,LOC026,2025-07-02T13:33:12,Low,77,90,27,Construction,48
TE00768,EDGE0025,LOC057,2025-09-05T20:00:11,High,29,45,70,Weather-related,126
TE00769,EDGE0194,LOC030,2025-09-21T20:18:27,Moderate,51,70,54,Accident,97
TE00770,EDGE0099,LOC047,2026-06-29T10:39:08,Severe,11,20,84,Construction,151
TE00771,EDGE0062,LOC044,2024-11-07T04:06:44,Severe,11,20,85,Event,153
TE00772,EDGE0016,LOC021,2026-03-15T06:50:49,Severe,10,20,91,Rush Hour,163
TE00773,EDGE0062,LOC010,2024-01-24T20:54:19,Low,78,90,26,Rush Hour,46
TE00774,EDGE0209,LOC065,2024-04-16T14:14:00,Low,79,90,23,Rush Hour,41
TE00775,EDGE0287,LOC067,2024-05-20T01:37:36,Low,77,90,28,Rush Hour,50
TE00776,EDGE0329,LOC042,2026-05-03T18:17:57,Moderate,58,70,34,Construction,61
TE00777,EDGE0278,LOC068,2025-03-17T22:41:49,Severe,11,20,86,Accident,154
TE00778,EDGE0215,LOC010,2026-05-18T13:16:32,Moderate,51,70,52,Accident,93
TE00779,EDGE0214,LOC061,2026-06-24T13:17:44,High,31,45,62,Weather-related,111
TE00780,EDGE0131,LOC003,2025-06-24T17:55:53,Low,76,90,30,Construction,54
TE00781,EDGE0292,LOC007,2025-06-23T18:48:36,Low,85,90,9,Rush Hour,16
TE00782,EDGE0236,LOC042,2025-03-05T12:57:35,High,27,45,76,Rush Hour,136
TE00783,EDGE0236,LOC054,2024-12-17T12:54:29,Moderate,49,70,58,Construction,104
TE00784,EDGE0295,LOC032,2024-10-29T04:25:29,Moderate,49,70,60,Construction,108
TE00785,EDGE0219,LOC030,2025-12-07T10:38:40,Low,84,90,13,Accident,23
TE00786,EDGE0099,LOC043,2025-09-19T12:35:19,Severe,10,20,95,Event,171
TE00787,EDGE0344,LOC038,2026-06-12T02:04:34,Moderate,57,70,35,Accident,63
TE00788,EDGE0124,LOC072,2024-01-08T05:25:07,Low,77,90,28,Construction,50
TE00789,EDGE0292,LOC022,2025-02-09T14:47:36,Low,83,90,14,Construction,25
TE00790,EDGE0072,LOC055,2024-09-28T21:46:11,Severe,11,20,89,Event,160
TE00791,EDGE0239,LOC033,2025-09-24T11:04:44,Low,81,90,20,Rush Hour,36
TE00792,EDGE0316,LOC058,2026-02-25T09:55:27,Moderate,58,70,34,Rush Hour,61
TE00793,EDGE0075,LOC039,2024-06-14T09:18:04,Severe,11,20,83,Rush Hour,149
TE00794,EDGE0067,LOC001,2026-05-17T19:15:45,High,30,45,64,Accident,115
TE00795,EDGE0093,LOC053,2024-04-22T10:44:40,High,30,45,64,Construction,115
TE00796,EDGE0150,LOC042,2026-02-20T15:30:22,Moderate,53,70,46,Weather-related,82
TE00797,EDGE0172,LOC012,2025-04-02T02:30:11,High,27,45,80,Event,144
TE00798,EDGE0355,LOC004,2025-06-12T02:50:49,High,28,45,73,Accident,131
TE00799,EDGE0229,LOC057,2024-06-30T18:24:41,Low,81,90,19,Rush Hour,34
TE00800,EDGE0197,LOC031,2026-03-08T08:42:52,High,29,45,69,Event,124
TE00801,EDGE0209,LOC030,2025-02-04T07:30:20,Low,88,90,3,Construction,5
TE00802,EDGE0054,LOC057,2026-04-15T14:29:30,Low,88,90,3,Event,5
TE00803,EDGE0288,LOC059,2026-06-12T01:35:50,Low,86,90,7,Event,12
TE00804,EDGE0129,LOC040,2025-01-23T13:57:02,High,29,45,67,Accident,120
TE00805,EDGE0164,LOC053,2025-11-18T19:36:40,High,27,45,77,Event,138
TE00806,EDGE0347,LOC010,2025-08-08T18:34:18,High,29,45,70,Event,126
TE00807,EDGE0213,LOC052,2026-05-24T20:26:50,Low,87,90,5,Accident,9
TE00808,EDGE0181,LOC044,2026-01-21T07:01:45,Low,86,90,8,Weather-related,14
TE00809,EDGE0012,LOC018,2025-01-12T21:53:03,High,27,45,80,Weather-related,144
TE00810,EDGE0253,LOC065,2025-06-11T15:28:15,Severe,11,20,88,Event,158
TE00811,EDGE0128,LOC048,2025-12-13T19:06:33,High,27,45,77,Accident,138
TE00812,EDGE0115,LOC021,2025-12-16T16:54:10,High,29,45,71,Weather-related,127
TE00813,EDGE0025,LOC010,2024-02-12T11:42:28,Low,79,90,23,Rush Hour,41
TE00814,EDGE0321,LOC009,2026-01-18T17:09:00,Low,80,90,21,Construction,37
TE00815,EDGE0106,LOC039,2024-06-29T14:47:47,High,29,45,70,Weather-related,126
TE00816,EDGE0033,LOC033,2025-02-04T12:13:03,Severe,11,20,81,Event,145
TE00817,EDGE0336,LOC015,2024-04-14T22:36:19,Severe,10,20,99,Accident,178
TE00818,EDGE0177,LOC023,2025-08-17T11:05:33,Low,84,90,13,Weather-related,23
TE00819,EDGE0001,LOC043,2024-12-08T08:26:54,Low,86,90,7,Construction,12
TE00820,EDGE0079,LOC058,2024-12-23T04:25:00,Moderate,54,70,44,Weather-related,79
TE00821,EDGE0079,LOC050,2025-05-05T11:17:36,Low,83,90,14,Rush Hour,25
TE00822,EDGE0001,LOC069,2025-10-02T16:21:16,Low,83,90,14,Weather-related,25
TE00823,EDGE0343,LOC015,2025-07-02T12:22:58,Severe,10,20,100,Accident,180
TE00824,EDGE0154,LOC001,2026-03-13T08:40:22,Low,87,90,6,Rush Hour,10
TE00825,EDGE0084,LOC023,2026-04-12T02:33:02,Low,81,90,18,Rush Hour,32
TE00826,EDGE0321,LOC039,2024-01-16T02:30:24,Severe,10,20,92,Weather-related,165
TE00827,EDGE0265,LOC069,2025-02-13T02:23:17,Severe,10,20,93,Rush Hour,167
TE00828,EDGE0259,LOC056,2025-01-20T15:42:52,Moderate,55,70,41,Construction,73
TE00829,EDGE0257,LOC044,2025-03-22T06:55:55,Moderate,49,70,60,Accident,108
TE00830,EDGE0020,LOC040,2024-05-24T11:38:34,High,29,45,71,Rush Hour,127
TE00831,EDGE0125,LOC035,2025-09-11T17:12:43,Moderate,49,70,59,Event,106
TE00832,EDGE0295,LOC038,2025-06-15T06:25:07,Low,83,90,14,Event,25
TE00833,EDGE0219,LOC048,2024-04-28T02:33:35,Low,80,90,21,Rush Hour,37
TE00834,EDGE0022,LOC056,2026-05-11T11:10:42,Moderate,55,70,42,Weather-related,75
TE00835,EDGE0155,LOC013,2024-10-04T06:25:51,Moderate,52,70,49,Accident,88
TE00836,EDGE0277,LOC010,2026-01-10T07:16:30,High,27,45,76,Event,136
TE00837,EDGE0001,LOC059,2025-05-02T14:01:31,Moderate,51,70,53,Construction,95
TE00838,EDGE0096,LOC032,2025-07-03T04:50:57,Moderate,51,70,52,Construction,93
TE00839,EDGE0038,LOC007,2024-12-05T12:44:09,High,31,45,61,Rush Hour,109
TE00840,EDGE0177,LOC013,2026-06-10T05:33:24,Low,85,90,11,Weather-related,19
TE00841,EDGE0346,LOC023,2025-02-21T23:52:20,High,31,45,61,Event,109
TE00842,EDGE0013,LOC024,2024-10-10T22:41:53,Moderate,56,70,39,Weather-related,70
TE00843,EDGE0329,LOC049,2024-10-22T09:57:29,Low,86,90,8,Accident,14
TE00844,EDGE0352,LOC067,2026-02-14T04:02:37,Severe,11,20,81,Rush Hour,145
TE00845,EDGE0180,LOC019,2024-11-06T04:06:29,Low,83,90,14,Accident,25
TE00846,EDGE0234,LOC022,2024-12-30T20:15:59,High,29,45,69,Weather-related,124
TE00847,EDGE0318,LOC064,2025-01-11T00:31:15,Moderate,51,70,54,Event,97
TE00848,EDGE0329,LOC046,2025-02-16T07:01:46,High,30,45,65,Weather-related,117
TE00849,EDGE0312,LOC050,2024-11-17T05:15:58,Severe,10,20,97,Weather-related,174
TE00850,EDGE0125,LOC018,2024-12-22T01:28:34,Low,84,90,12,Accident,21
TE00851,EDGE0072,LOC056,2024-11-10T23:41:06,Low,79,90,23,Accident,41
TE00852,EDGE0036,LOC023,2025-01-22T21:19:13,Low,84,90,12,Accident,21
TE00853,EDGE0091,LOC033,2025-07-07T01:39:45,Low,89,90,1,Event,1
TE00854,EDGE0272,LOC062,2024-08-30T07:56:10,High,31,45,62,Weather-related,111
TE00855,EDGE0249,LOC067,2024-06-14T17:39:54,Low,89,90,1,Event,1
TE00856,EDGE0208,LOC061,2024-07-05T05:23:38,Severe,11,20,87,Construction,156
TE00857,EDGE0074,LOC016,2024-05-01T22:13:43,Low,77,90,28,Rush Hour,50
TE00858,EDGE0101,LOC057,2026-02-04T07:52:38,High,30,45,66,Construction,118
TE00859,EDGE0336,LOC032,2024-01-11T06:56:54,Low,83,90,15,Construction,27
TE00860,EDGE0352,LOC054,2026-04-21T03:36:43,Low,81,90,18,Event,32
TE00861,EDGE0236,LOC041,2024-03-06T15:41:00,High,29,45,67,Event,120
TE00862,EDGE0005,LOC067,2026-01-19T05:09:07,Moderate,53,70,46,Construction,82
TE00863,EDGE0155,LOC073,2025-07-30T15:12:35,Low,85,90,10,Accident,18
TE00864,EDGE0083,LOC043,2025-05-04T23:35:40,Moderate,51,70,54,Accident,97
TE00865,EDGE0252,LOC035,2026-02-03T19:46:46,High,30,45,65,Weather-related,117
TE00866,EDGE0233,LOC021,2026-06-11T11:38:05,Low,77,90,28,Construction,50
TE00867,EDGE0089,LOC057,2025-03-02T18:47:23,Severe,11,20,85,Accident,153
TE00868,EDGE0171,LOC018,2026-02-01T10:32:59,Low,79,90,24,Rush Hour,43
TE00869,EDGE0357,LOC038,2024-10-11T01:57:25,High,29,45,71,Event,127
TE00870,EDGE0127,LOC035,2026-03-05T00:26:35,Moderate,49,70,59,Weather-related,106
TE00871,EDGE0057,LOC013,2025-03-11T09:05:49,High,28,45,72,Accident,129
TE00872,EDGE0262,LOC028,2025-09-10T02:01:22,Moderate,53,70,46,Weather-related,82
TE00873,EDGE0260,LOC007,2024-12-11T00:13:08,Moderate,56,70,38,Weather-related,68
TE00874,EDGE0243,LOC021,2026-06-14T19:38:11,High,28,45,75,Construction,135
TE00875,EDGE0113,LOC018,2024-07-18T05:21:20,Severe,10,20,100,Event,180
TE00876,EDGE0142,LOC055,2024-03-25T02:47:24,Low,84,90,12,Construction,21
TE00877,EDGE0165,LOC029,2026-03-27T16:50:16,Moderate,54,70,44,Construction,79
TE00878,EDGE0225,LOC063,2025-10-19T09:08:23,High,28,45,75,Construction,135
TE00879,EDGE0275,LOC063,2026-01-13T01:03:53,High,29,45,68,Rush Hour,122
TE00880,EDGE0260,LOC050,2026-04-20T01:17:25,Moderate,58,70,34,Rush Hour,61
TE00881,EDGE0279,LOC036,2024-02-20T14:01:24,Severe,11,20,90,Accident,162
TE00882,EDGE0197,LOC067,2026-02-19T13:38:01,Severe,11,20,89,Weather-related,160
TE00883,EDGE0231,LOC014,2025-06-23T11:52:15,Low,84,90,13,Accident,23
TE00884,EDGE0280,LOC058,2025-09-03T14:49:50,High,30,45,63,Construction,113
TE00885,EDGE0283,LOC050,2024-09-28T13:01:47,Low,88,90,4,Rush Hour,7
TE00886,EDGE0115,LOC071,2025-12-11T05:30:12,Moderate,58,70,34,Event,61
TE00887,EDGE0071,LOC045,2024-07-05T23:39:03,High,29,45,68,Accident,122
TE00888,EDGE0348,LOC065,2026-03-16T00:05:16,Moderate,58,70,33,Rush Hour,59
TE00889,EDGE0140,LOC030,2025-12-15T16:40:29,Moderate,57,70,35,Weather-related,63
TE00890,EDGE0142,LOC005,2025-05-05T08:19:55,High,29,45,71,Construction,127
TE00891,EDGE0300,LOC058,2024-01-14T01:52:06,Low,81,90,20,Rush Hour,36
TE00892,EDGE0124,LOC064,2024-01-19T08:40:50,Moderate,54,70,43,Weather-related,77
TE00893,EDGE0002,LOC014,2024-11-23T09:25:06,Moderate,50,70,55,Event,99
TE00894,EDGE0335,LOC029,2025-08-12T10:06:04,Severe,11,20,90,Accident,162
TE00895,EDGE0087,LOC046,2026-06-21T13:33:23,Moderate,52,70,50,Construction,90
TE00896,EDGE0083,LOC042,2024-06-05T12:09:04,Moderate,52,70,49,Accident,88
TE00897,EDGE0187,LOC049,2025-05-20T13:08:27,Low,88,90,3,Construction,5
TE00898,EDGE0162,LOC050,2025-07-15T17:30:42,High,27,45,77,Construction,138
TE00899,EDGE0170,LOC024,2025-02-07T10:20:47,Low,81,90,20,Event,36
TE00900,EDGE0046,LOC015,2024-10-17T17:32:55,Severe,11,20,83,Weather-related,149
TE00901,EDGE0029,LOC046,2026-05-02T03:55:33,High,27,45,79,Construction,142
TE00902,EDGE0156,LOC042,2025-02-12T07:43:20,Low,89,90,2,Accident,3
TE00903,EDGE0096,LOC049,2025-01-03T09:11:18,Severe,10,20,91,Accident,163
TE00904,EDGE0020,LOC004,2025-02-22T12:16:00,Low,82,90,17,Event,30
TE00905,EDGE0217,LOC071,2026-01-02T05:01:43,Low,81,90,19,Event,34
TE00906,EDGE0221,LOC041,2025-06-16T23:33:47,Severe,11,20,85,Event,153
TE00907,EDGE0110,LOC072,2025-07-22T10:38:28,Severe,10,20,95,Accident,171
TE00908,EDGE0106,LOC073,2024-10-12T16:47:55,Severe,10,20,99,Event,178
TE00909,EDGE0051,LOC057,2026-02-13T19:29:38,Low,87,90,6,Accident,10
TE00910,EDGE0331,LOC054,2025-10-20T13:44:10,Moderate,56,70,40,Weather-related,72
TE00911,EDGE0054,LOC008,2024-11-23T01:13:11,Severe,10,20,92,Accident,165
TE00912,EDGE0127,LOC032,2025-10-13T00:55:02,Severe,11,20,81,Rush Hour,145
TE00913,EDGE0157,LOC010,2025-08-01T08:42:32,Moderate,56,70,39,Construction,70
TE00914,EDGE0088,LOC022,2025-07-21T03:05:37,Severe,11,20,88,Weather-related,158
TE00915,EDGE0053,LOC037,2025-09-14T07:10:28,Low,78,90,26,Construction,46
TE00916,EDGE0299,LOC062,2025-03-10T09:20:40,Moderate,58,70,33,Rush Hour,59
TE00917,EDGE0329,LOC029,2025-12-01T04:23:41,High,27,45,77,Weather-related,138
TE00918,EDGE0366,LOC014,2024-10-06T10:45:23,High,30,45,63,Event,113
TE00919,EDGE0280,LOC032,2026-06-06T15:41:54,High,30,45,63,Accident,113
TE00920,EDGE0127,LOC051,2024-07-22T17:13:20,Severe,11,20,88,Construction,158
TE00921,EDGE0358,LOC037,2026-06-13T14:50:13,Low,88,90,4,Accident,7
TE00922,EDGE0193,LOC026,2024-12-21T01:35:09,Moderate,54,70,43,Rush Hour,77
TE00923,EDGE0298,LOC005,2024-06-04T03:24:49,Moderate,53,70,47,Construction,84
TE00924,EDGE0053,LOC061,2025-02-23T08:25:55,Low,81,90,20,Construction,36
TE00925,EDGE0127,LOC056,2025-01-01T07:27:14,Moderate,54,70,45,Event,81
TE00926,EDGE0247,LOC018,2026-05-12T16:34:39,Low,87,90,5,Weather-related,9
TE00927,EDGE0119,LOC043,2025-11-02T10:16:58,Low,76,90,29,Event,52
TE00928,EDGE0260,LOC056,2025-08-14T16:21:42,Low,79,90,24,Accident,43
TE00929,EDGE0155,LOC054,2024-10-31T13:45:59,Low,82,90,17,Construction,30
TE00930,EDGE0316,LOC053,2024-08-14T13:26:54,Moderate,59,70,31,Accident,55
TE00931,EDGE0311,LOC020,2024-08-20T07:33:20,Low,79,90,23,Construction,41
TE00932,EDGE0227,LOC053,2026-01-04T18:14:03,Low,79,90,23,Weather-related,41
TE00933,EDGE0044,LOC048,2024-01-16T03:13:08,Severe,10,20,91,Weather-related,163
TE00934,EDGE0111,LOC047,2024-10-01T08:23:47,Severe,11,20,85,Weather-related,153
TE00935,EDGE0369,LOC068,2025-10-16T19:25:46,Moderate,51,70,52,Construction,93
TE00936,EDGE0368,LOC010,2026-02-15T02:21:25,Severe,10,20,91,Event,163
TE00937,EDGE0285,LOC054,2024-07-27T21:28:03,Moderate,54,70,43,Accident,77
TE00938,EDGE0156,LOC063,2026-03-14T03:25:01,Severe,10,20,95,Weather-related,171
TE00939,EDGE0356,LOC048,2026-04-09T12:18:49,Low,82,90,17,Accident,30
TE00940,EDGE0119,LOC046,2025-05-05T11:09:53,High,27,45,77,Construction,138
TE00941,EDGE0179,LOC027,2026-01-25T22:30:57,Low,76,90,30,Rush Hour,54
TE00942,EDGE0088,LOC046,2025-04-11T02:05:06,Low,79,90,24,Rush Hour,43
TE00943,EDGE0218,LOC009,2025-01-24T20:59:24,Low,84,90,12,Event,21
TE00944,EDGE0164,LOC028,2026-05-23T06:02:25,Moderate,58,70,32,Event,57
TE00945,EDGE0362,LOC065,2026-06-01T02:24:19,Low,83,90,14,Event,25
TE00946,EDGE0087,LOC032,2024-03-15T02:43:54,Low,81,90,19,Construction,34
TE00947,EDGE0318,LOC059,2025-09-10T21:29:58,Low,79,90,23,Event,41
TE00948,EDGE0260,LOC005,2024-06-02T18:02:52,Low,83,90,15,Accident,27
TE00949,EDGE0069,LOC005,2024-09-10T17:49:36,Moderate,56,70,40,Accident,72
TE00950,EDGE0014,LOC041,2024-04-03T06:19:06,Low,87,90,6,Weather-related,10
TE00951,EDGE0179,LOC063,2024-11-30T17:12:14,Low,76,90,30,Accident,54
TE00952,EDGE0135,LOC048,2025-01-30T00:36:23,Low,87,90,6,Accident,10
TE00953,EDGE0226,LOC033,2026-01-10T06:40:38,Severe,11,20,88,Construction,158
TE00954,EDGE0284,LOC065,2024-05-29T14:23:40,High,29,45,69,Weather-related,124
TE00955,EDGE0309,LOC017,2025-11-29T19:48:11,Moderate,52,70,49,Accident,88
TE00956,EDGE0347,LOC036,2025-06-03T20:54:00,High,29,45,69,Event,124
TE00957,EDGE0214,LOC017,2025-02-07T12:53:41,Severe,11,20,81,Rush Hour,145
TE00958,EDGE0142,LOC049,2025-07-14T17:38:22,Severe,10,20,93,Accident,167
TE00959,EDGE0095,LOC017,2025-07-13T17:12:10,High,29,45,69,Construction,124
TE00960,EDGE0112,LOC072,2026-05-20T11:21:48,Severe,10,20,97,Accident,174
TE00961,EDGE0245,LOC056,2026-05-16T00:47:20,Low,79,90,24,Accident,43
TE00962,EDGE0015,LOC007,2025-02-04T08:18:18,Low,89,90,1,Rush Hour,1
TE00963,EDGE0195,LOC005,2025-06-18T14:28:46,Low,76,90,29,Rush Hour,52
TE00964,EDGE0303,LOC041,2024-01-31T19:30:53,Moderate,57,70,37,Construction,66
TE00965,EDGE0031,LOC033,2025-10-01T15:33:33,Low,88,90,4,Construction,7
TE00966,EDGE0212,LOC038,2024-07-07T08:03:40,Moderate,57,70,37,Weather-related,66
TE00967,EDGE0226,LOC049,2025-06-29T09:36:07,Severe,10,20,93,Construction,167
TE00968,EDGE0032,LOC037,2024-11-05T01:41:45,Moderate,52,70,49,Accident,88
TE00969,EDGE0103,LOC025,2026-06-15T02:40:00,Moderate,54,70,44,Event,79
TE00970,EDGE0178,LOC006,2026-06-13T14:54:05,High,27,45,77,Accident,138
TE00971,EDGE0096,LOC003,2026-04-16T10:25:59,Low,85,90,11,Rush Hour,19
TE00972,EDGE0296,LOC037,2024-09-28T03:16:45,Moderate,59,70,31,Weather-related,55
TE00973,EDGE0242,LOC075,2025-03-18T02:58:57,Severe,10,20,93,Rush Hour,167
TE00974,EDGE0291,LOC051,2025-07-05T15:25:28,Moderate,54,70,44,Construction,79
TE00975,EDGE0012,LOC046,2025-05-20T00:14:39,Moderate,58,70,32,Rush Hour,57
TE00976,EDGE0143,LOC066,2026-03-03T22:45:04,Moderate,52,70,51,Weather-related,91
TE00977,EDGE0216,LOC067,2026-01-27T07:05:02,Moderate,56,70,39,Accident,70
TE00978,EDGE0333,LOC016,2025-11-25T06:45:44,High,30,45,66,Weather-related,118
TE00979,EDGE0124,LOC030,2024-05-01T19:14:39,High,28,45,75,Accident,135
TE00980,EDGE0006,LOC049,2025-08-14T23:21:23,Low,85,90,10,Accident,18
TE00981,EDGE0352,LOC058,2025-03-21T02:22:23,Low,79,90,23,Rush Hour,41
TE00982,EDGE0294,LOC015,2025-12-21T09:55:50,High,29,45,68,Event,122
TE00983,EDGE0108,LOC015,2024-08-13T00:20:14,High,28,45,74,Event,133
TE00984,EDGE0246,LOC075,2024-09-17T07:40:07,Severe,10,20,100,Weather-related,180
TE00985,EDGE0178,LOC007,2025-06-08T02:44:52,Severe,10,20,96,Accident,172
TE00986,EDGE0279,LOC061,2025-10-17T06:27:30,Severe,11,20,88,Event,158
TE00987,EDGE0250,LOC029,2026-06-07T00:11:36,Severe,11,20,81,Event,145
TE00988,EDGE0086,LOC033,2025-09-20T19:01:14,Low,85,90,10,Event,18
TE00989,EDGE0033,LOC042,2024-04-20T19:54:00,High,30,45,65,Event,117
TE00990,EDGE0263,LOC050,2024-05-02T21:30:23,Moderate,57,70,35,Weather-related,63
TE00991,EDGE0034,LOC069,2024-09-08T15:46:43,Severe,11,20,85,Accident,153
TE00992,EDGE0045,LOC035,2025-06-17T19:17:12,High,29,45,69,Event,124
TE00993,EDGE0033,LOC022,2024-12-20T12:34:53,Moderate,58,70,34,Event,61
TE00994,EDGE0360,LOC066,2025-05-01T23:27:30,Low,88,90,3,Accident,5
TE00995,EDGE0224,LOC061,2025-05-07T06:04:37,High,28,45,74,Accident,133
TE00996,EDGE0250,LOC008,2025-03-28T14:33:07,Moderate,54,70,45,Weather-related,81
TE00997,EDGE0228,LOC019,2025-02-19T12:05:36,Low,79,90,24,Accident,43
TE00998,EDGE0130,LOC025,2025-09-06T07:38:35,High,29,45,70,Weather-related,126
TE00999,EDGE0156,LOC026,2025-02-25T08:51:43,Severe,11,20,85,Construction,153
TE01000,EDGE0187,LOC001,2025-11-22T03:00:50,Moderate,57,70,35,Weather-related,63
TE01001,EDGE0094,LOC020,2025-07-18T03:45:59,Low,76,90,30,Construction,54
TE01002,EDGE0071,LOC072,2026-03-20T05:53:24,Severe,11,20,82,Event,147
TE01003,EDGE0291,LOC049,2025-11-30T11:58:40,High,30,45,66,Weather-related,118
TE01004,EDGE0160,LOC013,2025-10-05T02:37:51,Moderate,52,70,51,Weather-related,91
TE01005,EDGE0297,LOC002,2024-09-16T22:04:16,Low,85,90,11,Construction,19
TE01006,EDGE0111,LOC011,2024-10-12T15:46:27,Low,85,90,10,Construction,18
TE01007,EDGE0094,LOC022,2024-02-05T21:16:16,Moderate,58,70,34,Event,61
TE01008,EDGE0027,LOC073,2024-07-13T05:49:32,Low,77,90,27,Event,48
TE01009,EDGE0037,LOC014,2024-12-30T11:32:08,Moderate,49,70,58,Rush Hour,104
TE01010,EDGE0049,LOC010,2025-01-25T22:04:49,Moderate,50,70,57,Rush Hour,102
TE01011,EDGE0281,LOC023,2024-05-04T09:01:47,Low,83,90,14,Construction,25
TE01012,EDGE0178,LOC039,2024-11-23T02:40:27,Severe,10,20,99,Event,178
TE01013,EDGE0045,LOC041,2024-09-16T06:52:23,Moderate,56,70,40,Accident,72
TE01014,EDGE0320,LOC061,2025-09-08T18:55:56,Moderate,57,70,35,Weather-related,63
TE01015,EDGE0081,LOC069,2024-06-09T00:27:56,Moderate,50,70,56,Construction,100
TE01016,EDGE0252,LOC033,2024-05-28T10:30:03,Low,81,90,18,Weather-related,32
TE01017,EDGE0173,LOC026,2024-04-09T02:21:10,High,28,45,75,Weather-related,135
TE01018,EDGE0060,LOC065,2026-01-05T01:38:42,High,29,45,67,Construction,120
TE01019,EDGE0320,LOC014,2026-05-01T23:05:31,Low,87,90,5,Event,9
TE01020,EDGE0175,LOC068,2024-03-24T14:45:28,Severe,11,20,81,Rush Hour,145
TE01021,EDGE0151,LOC070,2024-02-10T22:57:18,Low,89,90,2,Event,3
TE01022,EDGE0277,LOC055,2025-09-08T17:41:58,High,29,45,71,Accident,127
TE01023,EDGE0093,LOC052,2026-03-24T23:29:39,Moderate,50,70,55,Construction,99
TE01024,EDGE0355,LOC035,2024-05-09T07:49:47,Low,87,90,5,Event,9
TE01025,EDGE0195,LOC046,2024-06-10T10:43:54,Severe,10,20,98,Accident,176
TE01026,EDGE0148,LOC021,2025-02-11T16:55:46,Low,78,90,26,Rush Hour,46
TE01027,EDGE0082,LOC012,2024-08-29T05:02:52,Severe,11,20,89,Rush Hour,160
TE01028,EDGE0348,LOC017,2024-05-10T23:21:06,Severe,11,20,88,Rush Hour,158
TE01029,EDGE0054,LOC054,2025-08-28T14:31:12,Low,79,90,23,Construction,41
TE01030,EDGE0229,LOC013,2025-04-25T14:10:26,High,30,45,64,Event,115
TE01031,EDGE0099,LOC038,2024-12-22T07:00:35,Low,89,90,1,Rush Hour,1
TE01032,EDGE0328,LOC026,2025-01-19T07:36:38,Severe,10,20,97,Event,174
TE01033,EDGE0285,LOC052,2025-03-17T10:49:20,Low,90,90,0,Rush Hour,0
TE01034,EDGE0359,LOC036,2025-11-19T10:13:05,Severe,11,20,81,Construction,145
TE01035,EDGE0006,LOC073,2024-07-15T08:58:12,High,31,45,62,Accident,111
TE01036,EDGE0077,LOC031,2024-07-22T22:21:55,Low,79,90,24,Rush Hour,43
TE01037,EDGE0237,LOC050,2026-03-29T06:22:39,High,29,45,67,Construction,120
TE01038,EDGE0198,LOC038,2024-09-22T00:43:36,Moderate,51,70,54,Event,97
TE01039,EDGE0049,LOC054,2024-02-14T09:12:54,Low,90,90,0,Event,0
TE01040,EDGE0212,LOC050,2024-02-24T14:40:21,Moderate,58,70,34,Rush Hour,61
TE01041,EDGE0040,LOC045,2025-07-08T08:00:20,Moderate,50,70,56,Construction,100
TE01042,EDGE0031,LOC034,2025-05-20T04:23:01,Severe,10,20,93,Weather-related,167
TE01043,EDGE0056,LOC068,2026-01-09T16:20:07,Low,82,90,17,Weather-related,30
TE01044,EDGE0205,LOC022,2025-12-26T18:14:06,Moderate,51,70,53,Rush Hour,95
TE01045,EDGE0056,LOC066,2026-04-19T18:26:17,Moderate,49,70,59,Accident,106
TE01046,EDGE0145,LOC026,2025-02-27T04:20:45,Low,87,90,6,Weather-related,10
TE01047,EDGE0269,LOC066,2026-05-02T03:15:00,High,27,45,78,Event,140
TE01048,EDGE0065,LOC060,2025-11-22T01:01:16,Low,77,90,28,Construction,50
TE01049,EDGE0177,LOC042,2024-07-28T21:26:55,Low,88,90,3,Accident,5
TE01050,EDGE0033,LOC020,2026-04-17T18:05:52,Moderate,55,70,42,Event,75
TE01051,EDGE0217,LOC008,2024-10-02T00:24:15,Moderate,50,70,57,Rush Hour,102
TE01052,EDGE0245,LOC007,2025-12-10T05:10:20,Moderate,56,70,39,Rush Hour,70
TE01053,EDGE0076,LOC070,2026-05-26T02:51:56,Low,90,90,0,Event,0
TE01054,EDGE0107,LOC042,2025-11-06T17:07:54,Severe,10,20,91,Event,163
TE01055,EDGE0046,LOC067,2026-03-24T03:59:45,Moderate,51,70,54,Rush Hour,97
TE01056,EDGE0237,LOC058,2026-04-09T04:54:53,Moderate,53,70,47,Rush Hour,84
TE01057,EDGE0037,LOC044,2025-04-26T01:00:39,High,27,45,76,Construction,136
TE01058,EDGE0149,LOC036,2025-06-23T07:22:20,Low,88,90,3,Construction,5
TE01059,EDGE0013,LOC038,2026-01-18T05:16:34,Moderate,59,70,31,Weather-related,55
TE01060,EDGE0296,LOC031,2026-04-18T08:17:09,Low,81,90,18,Event,32
TE01061,EDGE0165,LOC060,2024-12-18T19:57:43,High,27,45,79,Event,142
TE01062,EDGE0168,LOC048,2024-05-19T02:48:57,Moderate,55,70,41,Construction,73
TE01063,EDGE0280,LOC026,2025-11-17T09:44:46,High,27,45,76,Rush Hour,136
TE01064,EDGE0277,LOC002,2025-04-23T06:09:28,Severe,11,20,87,Rush Hour,156
TE01065,EDGE0312,LOC070,2025-07-22T05:23:26,Severe,10,20,99,Event,178
TE01066,EDGE0195,LOC065,2025-10-02T08:04:18,Low,84,90,12,Accident,21
TE01067,EDGE0320,LOC022,2025-02-07T14:18:31,Moderate,59,70,31,Rush Hour,55
TE01068,EDGE0309,LOC049,2024-08-29T21:34:14,Low,90,90,0,Event,0
TE01069,EDGE0147,LOC065,2025-04-16T14:01:07,Moderate,49,70,58,Accident,104
TE01070,EDGE0206,LOC070,2024-01-17T09:32:58,Low,89,90,2,Construction,3
TE01071,EDGE0136,LOC014,2024-01-01T03:26:34,Low,86,90,8,Rush Hour,14
TE01072,EDGE0270,LOC062,2026-03-23T22:38:36,High,29,45,67,Construction,120
TE01073,EDGE0154,LOC056,2024-07-30T17:38:57,Moderate,50,70,55,Event,99
TE01074,EDGE0015,LOC037,2025-06-18T04:57:32,High,30,45,65,Weather-related,117
TE01075,EDGE0092,LOC065,2025-03-21T11:16:17,Low,81,90,18,Construction,32
TE01076,EDGE0349,LOC032,2025-12-29T20:58:03,Moderate,49,70,58,Event,104
TE01077,EDGE0092,LOC029,2026-04-11T05:55:57,Moderate,49,70,58,Rush Hour,104
TE01078,EDGE0222,LOC039,2024-01-13T22:05:03,High,29,45,68,Weather-related,122
TE01079,EDGE0208,LOC025,2026-02-03T04:32:28,Low,88,90,3,Rush Hour,5
TE01080,EDGE0148,LOC033,2026-01-11T02:20:58,High,30,45,63,Construction,113
TE01081,EDGE0177,LOC032,2025-04-10T10:17:23,Low,79,90,24,Rush Hour,43
TE01082,EDGE0013,LOC058,2024-01-15T04:29:16,High,29,45,67,Accident,120
TE01083,EDGE0141,LOC042,2025-10-30T15:47:29,Low,83,90,15,Construction,27
TE01084,EDGE0295,LOC034,2025-03-31T00:56:47,Severe,11,20,85,Weather-related,153
TE01085,EDGE0098,LOC042,2024-12-25T04:20:04,Severe,11,20,81,Event,145
TE01086,EDGE0131,LOC028,2024-01-12T05:06:21,Low,86,90,8,Weather-related,14
TE01087,EDGE0196,LOC020,2026-05-01T14:49:55,Moderate,58,70,34,Weather-related,61
TE01088,EDGE0204,LOC021,2025-08-03T10:27:12,Severe,11,20,84,Rush Hour,151
TE01089,EDGE0045,LOC030,2024-10-19T22:26:08,Severe,10,20,94,Event,169
TE01090,EDGE0281,LOC013,2025-10-01T14:37:32,Low,85,90,11,Event,19
TE01091,EDGE0187,LOC057,2026-05-20T18:58:52,Moderate,53,70,47,Construction,84
TE01092,EDGE0019,LOC007,2025-11-10T00:30:23,Low,84,90,13,Rush Hour,23
TE01093,EDGE0207,LOC029,2025-09-05T05:25:27,Low,87,90,5,Construction,9
TE01094,EDGE0028,LOC040,2025-01-23T04:48:09,Low,79,90,24,Weather-related,43
TE01095,EDGE0015,LOC067,2024-09-10T15:07:40,Low,85,90,9,Weather-related,16
TE01096,EDGE0052,LOC046,2025-08-28T09:56:11,Moderate,56,70,39,Accident,70
TE01097,EDGE0014,LOC069,2025-08-10T18:12:39,Moderate,52,70,50,Weather-related,90
TE01098,EDGE0171,LOC028,2024-12-08T16:16:54,Moderate,54,70,45,Event,81
TE01099,EDGE0096,LOC066,2025-02-12T12:36:55,High,29,45,71,Construction,127
TE01100,EDGE0231,LOC066,2024-05-03T01:09:10,Moderate,53,70,48,Construction,86
TE01101,EDGE0012,LOC075,2025-10-17T22:13:30,Low,81,90,18,Construction,32
TE01102,EDGE0219,LOC045,2025-01-07T03:30:42,Severe,10,20,98,Weather-related,176
TE01103,EDGE0204,LOC027,2026-03-13T12:37:08,Low,88,90,3,Rush Hour,5
TE01104,EDGE0311,LOC059,2025-02-26T07:51:58,Moderate,51,70,54,Construction,97
TE01105,EDGE0030,LOC039,2025-03-18T05:31:20,High,27,45,79,Rush Hour,142
TE01106,EDGE0089,LOC072,2026-04-06T08:19:10,High,27,45,76,Event,136
TE01107,EDGE0119,LOC060,2025-02-21T14:24:41,Moderate,51,70,52,Construction,93
TE01108,EDGE0017,LOC074,2025-10-03T10:10:20,High,27,45,78,Event,140
TE01109,EDGE0007,LOC058,2024-10-19T01:10:16,Moderate,52,70,49,Event,88
TE01110,EDGE0118,LOC038,2024-04-16T08:31:16,Moderate,52,70,51,Construction,91
TE01111,EDGE0275,LOC006,2024-10-10T08:37:57,High,28,45,75,Construction,135
TE01112,EDGE0025,LOC027,2024-07-31T05:42:47,Moderate,53,70,47,Accident,84
TE01113,EDGE0100,LOC032,2025-03-25T20:53:43,Low,79,90,23,Accident,41
TE01114,EDGE0155,LOC059,2024-06-20T10:22:58,Low,78,90,25,Rush Hour,45
TE01115,EDGE0247,LOC037,2025-12-08T08:25:04,Severe,11,20,88,Rush Hour,158
TE01116,EDGE0014,LOC053,2025-12-04T08:23:09,Severe,10,20,94,Accident,169
TE01117,EDGE0082,LOC037,2025-02-26T17:53:44,Moderate,49,70,58,Event,104
TE01118,EDGE0127,LOC026,2026-02-03T06:56:27,Moderate,49,70,58,Construction,104
TE01119,EDGE0200,LOC067,2024-10-18T17:17:52,Moderate,55,70,42,Rush Hour,75
TE01120,EDGE0157,LOC021,2025-05-13T02:27:52,Severe,10,20,97,Accident,174
TE01121,EDGE0365,LOC003,2024-01-31T03:06:46,Severe,11,20,81,Weather-related,145
TE01122,EDGE0310,LOC050,2024-08-24T08:32:14,Moderate,56,70,39,Rush Hour,70
TE01123,EDGE0128,LOC012,2024-03-18T02:25:03,Low,77,90,27,Rush Hour,48
TE01124,EDGE0081,LOC036,2026-04-11T01:09:19,High,30,45,66,Event,118
TE01125,EDGE0035,LOC056,2024-02-04T09:05:57,Low,78,90,25,Accident,45
TE01126,EDGE0058,LOC007,2024-10-15T20:15:21,High,28,45,75,Construction,135
TE01127,EDGE0150,LOC045,2024-06-07T21:01:55,Severe,10,20,100,Accident,180
TE01128,EDGE0233,LOC022,2025-03-14T05:59:32,Low,76,90,29,Weather-related,52
TE01129,EDGE0304,LOC028,2025-02-22T04:19:19,Severe,11,20,85,Event,153
TE01130,EDGE0138,LOC027,2024-07-13T05:47:57,Moderate,49,70,58,Construction,104
TE01131,EDGE0045,LOC026,2025-11-12T01:21:24,Low,79,90,23,Construction,41
TE01132,EDGE0277,LOC044,2024-01-13T17:52:14,Low,84,90,13,Event,23
TE01133,EDGE0222,LOC005,2024-12-27T15:48:16,Severe,10,20,95,Weather-related,171
TE01134,EDGE0201,LOC062,2024-05-20T02:47:14,Severe,11,20,83,Rush Hour,149
TE01135,EDGE0194,LOC016,2024-08-22T01:53:43,High,31,45,61,Rush Hour,109
TE01136,EDGE0177,LOC046,2024-01-23T20:58:55,High,29,45,68,Accident,122
TE01137,EDGE0156,LOC005,2026-02-05T17:58:46,High,28,45,75,Accident,135
TE01138,EDGE0344,LOC059,2024-12-03T09:21:31,Severe,10,20,96,Event,172
TE01139,EDGE0271,LOC033,2025-06-15T03:26:06,Moderate,57,70,35,Accident,63
TE01140,EDGE0008,LOC055,2025-10-14T19:47:44,High,28,45,74,Event,133
TE01141,EDGE0272,LOC021,2025-04-29T00:25:14,Low,88,90,3,Rush Hour,5
TE01142,EDGE0126,LOC059,2026-02-13T05:32:25,Moderate,55,70,41,Event,73
TE01143,EDGE0108,LOC007,2025-07-30T22:41:12,High,27,45,78,Rush Hour,140
TE01144,EDGE0337,LOC035,2025-12-21T07:24:35,Severe,11,20,89,Weather-related,160
TE01145,EDGE0335,LOC024,2024-02-19T07:14:44,Severe,10,20,92,Accident,165
TE01146,EDGE0138,LOC050,2025-05-28T00:33:43,Severe,11,20,90,Rush Hour,162
TE01147,EDGE0067,LOC022,2024-05-04T14:56:01,Low,85,90,9,Rush Hour,16
TE01148,EDGE0218,LOC067,2024-08-14T22:32:56,Moderate,58,70,32,Rush Hour,57
TE01149,EDGE0152,LOC069,2024-03-28T01:15:39,Moderate,51,70,52,Event,93
TE01150,EDGE0363,LOC050,2025-02-17T23:58:24,Moderate,49,70,59,Rush Hour,106
TE01151,EDGE0059,LOC046,2025-09-01T14:32:39,Moderate,50,70,57,Event,102
TE01152,EDGE0264,LOC030,2024-04-20T21:24:51,Low,88,90,3,Rush Hour,5
TE01153,EDGE0051,LOC073,2026-04-23T19:39:49,Low,76,90,29,Event,52
TE01154,EDGE0185,LOC054,2025-12-31T08:20:32,High,27,45,77,Weather-related,138
TE01155,EDGE0147,LOC018,2024-10-09T02:40:41,High,29,45,70,Construction,126
TE01156,EDGE0253,LOC011,2024-10-25T13:26:52,Low,85,90,9,Event,16
TE01157,EDGE0043,LOC022,2025-01-23T11:38:17,Low,84,90,13,Event,23
TE01158,EDGE0287,LOC020,2025-08-15T18:14:12,High,29,45,69,Accident,124
TE01159,EDGE0175,LOC036,2024-01-20T14:20:22,Low,78,90,26,Event,46
TE01160,EDGE0004,LOC021,2024-07-08T11:03:22,Low,80,90,21,Accident,37
TE01161,EDGE0041,LOC028,2025-01-21T17:59:22,Moderate,51,70,54,Event,97
TE01162,EDGE0196,LOC037,2025-08-20T18:18:19,High,31,45,62,Rush Hour,111
TE01163,EDGE0069,LOC039,2025-11-19T02:46:51,Severe,10,20,94,Rush Hour,169
TE01164,EDGE0357,LOC055,2025-01-18T22:52:27,High,29,45,70,Event,126
TE01165,EDGE0322,LOC048,2024-02-22T01:21:15,Moderate,51,70,53,Accident,95
TE01166,EDGE0013,LOC032,2024-11-05T09:57:50,Moderate,50,70,55,Event,99
TE01167,EDGE0262,LOC035,2025-12-16T21:09:37,Low,84,90,12,Accident,21
TE01168,EDGE0225,LOC063,2024-05-25T23:05:38,Moderate,59,70,31,Event,55
TE01169,EDGE0301,LOC060,2026-03-20T13:28:28,Low,77,90,27,Rush Hour,48
TE01170,EDGE0286,LOC032,2024-11-19T19:28:20,Low,85,90,10,Weather-related,18
TE01171,EDGE0049,LOC062,2026-01-04T12:12:50,High,29,45,68,Construction,122
TE01172,EDGE0112,LOC052,2025-08-27T11:33:19,High,28,45,74,Accident,133
TE01173,EDGE0345,LOC031,2025-04-29T20:16:49,High,31,45,62,Rush Hour,111
TE01174,EDGE0301,LOC052,2025-05-16T20:40:07,Moderate,53,70,47,Accident,84
TE01175,EDGE0153,LOC060,2024-09-03T09:27:46,Low,80,90,22,Weather-related,39
TE01176,EDGE0175,LOC007,2024-03-06T12:48:17,High,27,45,77,Event,138
TE01177,EDGE0024,LOC034,2026-05-03T17:49:31,Severe,10,20,96,Accident,172
TE01178,EDGE0363,LOC052,2026-03-20T05:32:18,Severe,11,20,86,Event,154
TE01179,EDGE0092,LOC016,2024-07-08T17:45:56,High,27,45,76,Construction,136
TE01180,EDGE0152,LOC059,2025-01-28T12:11:00,Low,77,90,28,Rush Hour,50
TE01181,EDGE0041,LOC030,2026-01-17T13:32:22,High,28,45,73,Accident,131
TE01182,EDGE0025,LOC043,2025-04-09T04:33:33,High,28,45,73,Event,131
TE01183,EDGE0167,LOC045,2024-11-04T16:57:14,High,29,45,67,Accident,120
TE01184,EDGE0065,LOC018,2025-07-13T21:40:46,High,31,45,62,Accident,111
TE01185,EDGE0073,LOC072,2024-03-21T21:57:47,High,28,45,74,Construction,133
TE01186,EDGE0333,LOC004,2024-12-04T07:44:03,Low,76,90,29,Weather-related,52
TE01187,EDGE0158,LOC028,2024-06-24T10:16:41,Low,79,90,24,Event,43
TE01188,EDGE0050,LOC041,2025-01-01T13:26:38,Low,76,90,29,Event,52
TE01189,EDGE0083,LOC022,2025-11-05T10:43:10,Severe,10,20,100,Weather-related,180
TE01190,EDGE0182,LOC006,2025-05-19T02:44:23,High,27,45,79,Accident,142
TE01191,EDGE0240,LOC066,2024-01-24T09:45:53,Severe,11,20,88,Construction,158
TE01192,EDGE0246,LOC066,2024-09-16T23:38:46,High,27,45,78,Weather-related,140
TE01193,EDGE0201,LOC034,2025-03-04T21:45:20,Severe,10,20,100,Event,180
TE01194,EDGE0057,LOC003,2026-06-27T07:04:44,Moderate,49,70,58,Event,104
TE01195,EDGE0027,LOC061,2024-07-04T20:51:36,Severe,10,20,98,Weather-related,176
TE01196,EDGE0084,LOC049,2025-09-06T20:48:10,High,29,45,68,Accident,122
TE01197,EDGE0162,LOC066,2025-01-12T15:01:38,Moderate,54,70,43,Event,77
TE01198,EDGE0175,LOC044,2024-01-14T20:55:44,Low,87,90,5,Accident,9
TE01199,EDGE0022,LOC027,2024-03-06T05:37:34,Low,88,90,3,Rush Hour,5
TE01200,EDGE0127,LOC023,2026-06-21T16:07:17,High,29,45,71,Accident,127
TE01201,EDGE0068,LOC065,2026-01-08T07:22:30,Moderate,49,70,59,Rush Hour,106
TE01202,EDGE0343,LOC011,2024-08-28T18:31:06,Low,78,90,26,Construction,46
TE01203,EDGE0255,LOC059,2025-07-30T22:44:44,Moderate,59,70,31,Rush Hour,55
TE01204,EDGE0263,LOC002,2024-05-19T00:03:09,Severe,10,20,99,Weather-related,178
TE01205,EDGE0290,LOC015,2025-01-21T09:02:16,Low,85,90,9,Event,16
TE01206,EDGE0023,LOC065,2024-09-01T23:25:28,Severe,10,20,94,Event,169
TE01207,EDGE0212,LOC015,2026-02-15T14:20:20,Severe,11,20,86,Accident,154
TE01208,EDGE0247,LOC031,2024-05-21T23:41:48,High,27,45,77,Construction,138
TE01209,EDGE0107,LOC001,2025-06-09T17:17:24,Low,88,90,4,Construction,7
TE01210,EDGE0202,LOC062,2024-04-03T06:54:48,Severe,10,20,97,Weather-related,174
TE01211,EDGE0110,LOC037,2024-04-02T20:34:42,Low,89,90,2,Construction,3
TE01212,EDGE0325,LOC031,2025-07-06T06:39:34,Moderate,50,70,55,Event,99
TE01213,EDGE0048,LOC020,2024-08-27T02:29:42,Moderate,58,70,32,Accident,57
TE01214,EDGE0202,LOC005,2026-04-13T04:42:04,Low,86,90,8,Weather-related,14
TE01215,EDGE0156,LOC014,2024-06-15T19:51:04,Low,83,90,15,Weather-related,27
TE01216,EDGE0309,LOC014,2024-07-14T11:11:15,Low,82,90,17,Construction,30
TE01217,EDGE0346,LOC051,2026-01-27T20:06:03,Severe,10,20,91,Event,163
TE01218,EDGE0055,LOC004,2024-12-27T10:44:20,Moderate,49,70,58,Event,104
TE01219,EDGE0292,LOC047,2025-05-07T00:54:23,High,29,45,67,Rush Hour,120
TE01220,EDGE0367,LOC018,2026-05-17T08:48:47,Moderate,51,70,52,Accident,93
TE01221,EDGE0235,LOC046,2025-06-23T12:56:37,High,30,45,63,Accident,113
TE01222,EDGE0348,LOC060,2025-11-12T12:37:33,Low,82,90,16,Event,28
TE01223,EDGE0253,LOC033,2024-10-26T18:16:04,Severe,11,20,88,Construction,158
TE01224,EDGE0229,LOC040,2024-02-03T04:05:28,Low,77,90,28,Weather-related,50
TE01225,EDGE0018,LOC046,2025-08-09T20:14:48,High,29,45,71,Weather-related,127
TE01226,EDGE0338,LOC014,2025-07-10T09:27:07,High,30,45,65,Weather-related,117
TE01227,EDGE0277,LOC026,2024-07-28T07:10:46,Moderate,57,70,35,Accident,63
TE01228,EDGE0344,LOC022,2025-01-24T10:37:59,Severe,10,20,95,Rush Hour,171
TE01229,EDGE0028,LOC060,2024-03-02T08:14:22,Low,88,90,4,Construction,7
TE01230,EDGE0313,LOC061,2026-01-23T21:22:29,Severe,10,20,100,Accident,180
TE01231,EDGE0345,LOC019,2025-11-10T15:10:56,Low,81,90,19,Event,34
TE01232,EDGE0221,LOC040,2026-05-18T09:57:17,Moderate,51,70,54,Event,97
TE01233,EDGE0028,LOC036,2025-04-02T19:45:23,Moderate,50,70,55,Rush Hour,99
TE01234,EDGE0176,LOC052,2026-04-23T02:35:34,High,29,45,70,Construction,126
TE01235,EDGE0137,LOC055,2026-01-31T07:57:14,Low,77,90,27,Accident,48
TE01236,EDGE0317,LOC048,2024-10-21T19:21:21,Severe,10,20,92,Accident,165
TE01237,EDGE0186,LOC021,2026-05-30T08:10:19,Low,84,90,13,Weather-related,23
TE01238,EDGE0229,LOC075,2024-10-16T21:56:55,Moderate,56,70,38,Rush Hour,68
TE01239,EDGE0202,LOC070,2026-04-24T11:38:34,Low,78,90,25,Weather-related,45
TE01240,EDGE0127,LOC024,2025-06-24T01:52:43,Moderate,55,70,42,Rush Hour,75
TE01241,EDGE0268,LOC010,2025-05-17T19:41:51,Moderate,57,70,36,Accident,64
TE01242,EDGE0265,LOC044,2025-12-28T15:01:15,Moderate,56,70,39,Weather-related,70
TE01243,EDGE0138,LOC060,2025-03-03T16:50:23,Low,86,90,7,Weather-related,12
TE01244,EDGE0369,LOC052,2026-05-11T10:00:56,Low,88,90,4,Weather-related,7
TE01245,EDGE0234,LOC060,2024-09-06T02:02:08,Moderate,54,70,44,Weather-related,79
TE01246,EDGE0066,LOC011,2024-04-16T23:54:18,Low,90,90,0,Weather-related,0
TE01247,EDGE0083,LOC056,2026-04-05T02:14:19,Severe,10,20,93,Weather-related,167
TE01248,EDGE0314,LOC045,2024-08-28T19:46:07,Low,86,90,7,Weather-related,12
TE01249,EDGE0108,LOC030,2025-11-29T02:15:26,Moderate,51,70,53,Accident,95
TE01250,EDGE0333,LOC060,2025-04-04T07:28:32,Moderate,58,70,33,Weather-related,59
TE01251,EDGE0181,LOC024,2025-02-13T02:22:20,Moderate,52,70,49,Construction,88
TE01252,EDGE0192,LOC037,2026-04-21T08:32:00,High,27,45,80,Event,144
TE01253,EDGE0269,LOC003,2025-07-24T06:57:13,Moderate,52,70,51,Weather-related,91
TE01254,EDGE0123,LOC044,2025-12-06T09:17:29,Moderate,52,70,50,Accident,90
TE01255,EDGE0345,LOC068,2024-01-02T02:50:13,High,29,45,71,Rush Hour,127
TE01256,EDGE0022,LOC017,2026-02-24T23:28:17,Moderate,50,70,57,Accident,102
TE01257,EDGE0125,LOC044,2025-08-11T19:46:06,Moderate,54,70,44,Rush Hour,79
TE01258,EDGE0159,LOC002,2024-10-15T05:13:10,Low,84,90,13,Weather-related,23
TE01259,EDGE0056,LOC008,2024-01-30T01:55:36,Low,88,90,3,Weather-related,5
TE01260,EDGE0172,LOC017,2025-07-19T13:42:25,Moderate,49,70,60,Construction,108
TE01261,EDGE0060,LOC009,2025-01-05T22:36:29,High,28,45,75,Event,135
TE01262,EDGE0336,LOC014,2025-05-13T04:20:32,Moderate,51,70,52,Accident,93
TE01263,EDGE0240,LOC001,2024-04-08T09:33:06,Low,83,90,15,Rush Hour,27
TE01264,EDGE0271,LOC061,2026-04-17T05:45:19,High,27,45,78,Construction,140
TE01265,EDGE0037,LOC004,2025-08-24T22:42:20,Low,77,90,27,Accident,48
TE01266,EDGE0243,LOC072,2024-10-21T22:50:46,Low,79,90,23,Weather-related,41
TE01267,EDGE0024,LOC027,2026-03-25T02:44:13,Severe,10,20,99,Accident,178
TE01268,EDGE0147,LOC036,2026-02-11T21:58:37,Low,80,90,22,Construction,39
TE01269,EDGE0286,LOC045,2026-05-06T16:12:36,Low,82,90,16,Weather-related,28
TE01270,EDGE0026,LOC066,2024-08-27T10:26:21,Moderate,58,70,34,Event,61
TE01271,EDGE0250,LOC044,2025-03-15T19:49:02,Low,79,90,24,Rush Hour,43
TE01272,EDGE0040,LOC002,2025-05-16T03:24:04,High,27,45,79,Accident,142
TE01273,EDGE0075,LOC066,2025-09-28T14:37:12,Severe,10,20,91,Event,163
TE01274,EDGE0015,LOC036,2025-05-15T05:55:37,High,29,45,70,Event,126
TE01275,EDGE0050,LOC047,2024-06-20T14:24:05,Low,76,90,29,Rush Hour,52
TE01276,EDGE0232,LOC051,2024-05-29T12:41:41,Severe,10,20,93,Event,167
TE01277,EDGE0033,LOC053,2026-03-23T18:19:47,Low,85,90,11,Rush Hour,19
TE01278,EDGE0005,LOC013,2024-04-13T14:00:17,Low,86,90,7,Weather-related,12
TE01279,EDGE0239,LOC043,2024-03-09T00:08:04,Low,87,90,5,Rush Hour,9
TE01280,EDGE0215,LOC006,2024-07-20T14:20:07,Moderate,53,70,46,Accident,82
TE01281,EDGE0124,LOC071,2024-10-04T12:08:13,Severe,11,20,81,Event,145
TE01282,EDGE0111,LOC068,2024-02-18T13:58:12,Moderate,51,70,53,Construction,95
TE01283,EDGE0131,LOC052,2024-11-09T22:03:08,Low,81,90,20,Rush Hour,36
TE01284,EDGE0322,LOC033,2024-06-15T07:18:21,High,27,45,80,Weather-related,144
TE01285,EDGE0304,LOC048,2026-01-23T23:54:57,Moderate,54,70,44,Event,79
TE01286,EDGE0257,LOC060,2024-10-24T15:59:10,Low,76,90,30,Weather-related,54
TE01287,EDGE0134,LOC072,2024-06-02T09:48:02,Severe,11,20,88,Construction,158
TE01288,EDGE0114,LOC044,2024-02-19T10:13:45,Severe,10,20,100,Construction,180
TE01289,EDGE0250,LOC072,2026-06-06T00:52:37,Moderate,54,70,45,Rush Hour,81
TE01290,EDGE0077,LOC028,2025-08-26T16:00:50,High,31,45,61,Accident,109
TE01291,EDGE0235,LOC053,2026-01-31T01:09:18,Moderate,55,70,42,Weather-related,75
TE01292,EDGE0284,LOC039,2026-03-27T20:02:28,Low,85,90,9,Accident,16
TE01293,EDGE0353,LOC052,2025-02-01T14:04:48,Low,78,90,25,Rush Hour,45
TE01294,EDGE0056,LOC028,2024-03-17T06:02:41,Low,78,90,25,Weather-related,45
TE01295,EDGE0058,LOC005,2025-07-23T02:40:04,Severe,10,20,96,Construction,172
TE01296,EDGE0296,LOC074,2024-12-08T21:08:30,Moderate,56,70,39,Rush Hour,70
TE01297,EDGE0247,LOC038,2024-04-20T02:22:22,High,30,45,66,Event,118
TE01298,EDGE0033,LOC030,2024-01-21T07:53:07,Moderate,49,70,59,Event,106
TE01299,EDGE0128,LOC056,2024-11-20T06:19:12,Moderate,55,70,42,Accident,75
TE01300,EDGE0326,LOC043,2026-02-02T08:55:29,Severe,11,20,90,Accident,162
TE01301,EDGE0157,LOC002,2024-05-04T05:00:20,High,27,45,76,Construction,136
TE01302,EDGE0142,LOC053,2025-12-28T02:30:34,Severe,10,20,92,Weather-related,165
TE01303,EDGE0207,LOC051,2024-04-04T07:04:01,Moderate,50,70,55,Event,99
TE01304,EDGE0042,LOC064,2025-07-14T16:17:54,High,30,45,63,Rush Hour,113
TE01305,EDGE0136,LOC030,2026-05-16T20:29:21,Low,77,90,27,Accident,48
TE01306,EDGE0319,LOC004,2025-10-08T03:51:33,Low,83,90,15,Weather-related,27
TE01307,EDGE0020,LOC045,2025-07-27T07:52:35,Low,80,90,22,Event,39
TE01308,EDGE0014,LOC025,2024-03-31T13:34:56,Low,78,90,26,Accident,46
TE01309,EDGE0276,LOC020,2025-02-16T22:19:30,Low,86,90,8,Event,14
TE01310,EDGE0292,LOC057,2026-04-01T19:19:34,High,29,45,68,Rush Hour,122
TE01311,EDGE0337,LOC002,2024-03-04T03:39:33,High,27,45,78,Rush Hour,140
TE01312,EDGE0017,LOC042,2024-04-19T08:15:34,High,30,45,65,Construction,117
TE01313,EDGE0035,LOC072,2025-04-17T02:22:58,Severe,10,20,96,Construction,172
TE01314,EDGE0209,LOC031,2024-05-01T01:38:28,Low,79,90,24,Weather-related,43
TE01315,EDGE0153,LOC010,2024-12-01T09:20:15,Low,89,90,2,Event,3
TE01316,EDGE0109,LOC037,2026-03-17T23:48:53,High,27,45,76,Event,136
TE01317,EDGE0244,LOC025,2024-05-30T20:52:05,High,28,45,75,Rush Hour,135
TE01318,EDGE0174,LOC022,2024-06-06T05:56:45,Low,80,90,22,Weather-related,39
TE01319,EDGE0134,LOC027,2024-12-24T20:58:31,Low,90,90,0,Construction,0
TE01320,EDGE0028,LOC040,2026-04-05T21:45:38,Severe,11,20,90,Weather-related,162
TE01321,EDGE0101,LOC072,2025-08-21T14:11:03,Low,84,90,13,Event,23
TE01322,EDGE0289,LOC048,2024-10-21T07:35:46,High,27,45,80,Construction,144
TE01323,EDGE0001,LOC041,2024-10-27T00:00:53,Low,81,90,18,Weather-related,32
TE01324,EDGE0151,LOC027,2026-03-28T09:51:37,Moderate,49,70,60,Rush Hour,108
TE01325,EDGE0095,LOC050,2025-01-21T10:33:28,Moderate,50,70,55,Rush Hour,99
TE01326,EDGE0039,LOC073,2026-06-04T12:10:18,High,30,45,66,Weather-related,118
TE01327,EDGE0370,LOC029,2024-10-04T21:47:48,High,28,45,75,Construction,135
TE01328,EDGE0064,LOC074,2026-05-17T11:32:10,Moderate,57,70,37,Construction,66
TE01329,EDGE0059,LOC016,2026-05-17T01:01:38,Moderate,49,70,59,Event,106
TE01330,EDGE0049,LOC046,2025-10-06T23:12:13,Severe,11,20,87,Rush Hour,156
TE01331,EDGE0150,LOC054,2024-06-12T21:51:13,Severe,10,20,91,Rush Hour,163
TE01332,EDGE0318,LOC041,2026-06-14T15:51:04,Moderate,57,70,37,Accident,66
TE01333,EDGE0227,LOC006,2025-07-10T01:50:29,Low,77,90,27,Construction,48
TE01334,EDGE0083,LOC006,2025-12-13T14:20:35,Low,78,90,25,Rush Hour,45
TE01335,EDGE0046,LOC033,2025-10-25T10:30:34,Low,89,90,1,Weather-related,1
TE01336,EDGE0027,LOC043,2024-06-10T17:13:07,Severe,11,20,83,Construction,149
TE01337,EDGE0101,LOC007,2024-09-16T03:06:07,Moderate,51,70,52,Construction,93
TE01338,EDGE0083,LOC038,2024-10-07T05:40:13,Low,82,90,17,Event,30
TE01339,EDGE0286,LOC053,2026-05-04T08:11:55,Moderate,54,70,45,Event,81
TE01340,EDGE0319,LOC004,2025-09-15T19:08:11,Severe,11,20,85,Event,153
TE01341,EDGE0045,LOC055,2026-02-23T00:18:38,Moderate,56,70,40,Weather-related,72
TE01342,EDGE0251,LOC003,2025-06-08T07:23:30,Severe,11,20,86,Rush Hour,154
TE01343,EDGE0210,LOC062,2024-09-02T17:14:44,Moderate,58,70,34,Rush Hour,61
TE01344,EDGE0207,LOC066,2026-04-09T09:15:08,Moderate,56,70,39,Accident,70
TE01345,EDGE0165,LOC055,2025-11-19T04:41:26,High,28,45,75,Weather-related,135
TE01346,EDGE0325,LOC067,2025-07-01T07:35:36,Moderate,52,70,50,Event,90
TE01347,EDGE0357,LOC068,2025-05-04T13:49:47,High,31,45,61,Construction,109
TE01348,EDGE0199,LOC052,2026-05-04T12:31:07,Moderate,56,70,38,Construction,68
TE01349,EDGE0366,LOC055,2025-05-19T07:58:56,Low,88,90,4,Rush Hour,7
TE01350,EDGE0258,LOC025,2025-07-31T10:42:28,Moderate,54,70,45,Weather-related,81
TE01351,EDGE0076,LOC020,2025-10-02T13:16:19,Severe,10,20,95,Accident,171
TE01352,EDGE0276,LOC054,2025-10-30T21:29:12,Low,78,90,25,Accident,45
TE01353,EDGE0173,LOC054,2025-05-17T11:07:27,Low,80,90,21,Accident,37
TE01354,EDGE0167,LOC023,2025-01-08T22:47:14,Severe,10,20,96,Rush Hour,172
TE01355,EDGE0173,LOC058,2026-05-24T19:33:22,Moderate,51,70,53,Rush Hour,95
TE01356,EDGE0130,LOC023,2026-04-27T14:25:14,Severe,10,20,93,Event,167
TE01357,EDGE0116,LOC075,2024-11-28T07:49:08,Moderate,54,70,45,Weather-related,81
TE01358,EDGE0331,LOC012,2025-08-05T15:21:53,Low,83,90,14,Accident,25
TE01359,EDGE0323,LOC073,2026-05-04T18:23:08,Low,89,90,1,Weather-related,1
TE01360,EDGE0074,LOC065,2025-01-29T17:07:45,Low,81,90,19,Rush Hour,34
TE01361,EDGE0033,LOC072,2025-07-13T06:05:28,Low,86,90,8,Accident,14
TE01362,EDGE0237,LOC062,2025-12-03T18:49:26,Severe,10,20,94,Weather-related,169
TE01363,EDGE0248,LOC001,2025-11-26T04:00:04,Moderate,50,70,55,Accident,99
TE01364,EDGE0034,LOC066,2025-09-08T20:36:33,Severe,10,20,93,Construction,167
TE01365,EDGE0030,LOC062,2024-01-01T07:17:36,Severe,11,20,89,Event,160
TE01366,EDGE0207,LOC028,2024-02-23T20:19:35,Severe,11,20,88,Rush Hour,158
TE01367,EDGE0138,LOC025,2025-03-17T22:15:50,Moderate,52,70,51,Construction,91
TE01368,EDGE0271,LOC069,2024-01-26T07:47:57,High,27,45,80,Weather-related,144
TE01369,EDGE0235,LOC061,2026-03-15T01:52:32,Moderate,57,70,37,Rush Hour,66
TE01370,EDGE0004,LOC001,2024-07-28T20:21:36,Moderate,58,70,34,Weather-related,61
TE01371,EDGE0004,LOC049,2025-04-13T21:28:21,Low,83,90,14,Event,25
TE01372,EDGE0109,LOC006,2024-01-11T04:54:13,Low,76,90,30,Weather-related,54
TE01373,EDGE0311,LOC050,2025-04-11T13:15:41,Moderate,52,70,51,Accident,91
TE01374,EDGE0046,LOC006,2024-12-10T16:32:09,Moderate,50,70,57,Rush Hour,102
TE01375,EDGE0083,LOC011,2024-11-29T17:10:29,Low,86,90,8,Accident,14
TE01376,EDGE0272,LOC037,2025-05-04T04:29:50,Low,85,90,11,Weather-related,19
TE01377,EDGE0116,LOC014,2024-02-03T17:05:08,High,30,45,65,Construction,117
TE01378,EDGE0083,LOC013,2025-03-04T16:25:39,Severe,10,20,93,Rush Hour,167
TE01379,EDGE0095,LOC016,2026-05-10T02:03:30,Low,89,90,1,Rush Hour,1
TE01380,EDGE0108,LOC064,2026-03-05T05:34:57,High,29,45,69,Event,124
TE01381,EDGE0041,LOC036,2026-05-14T05:13:40,Moderate,54,70,43,Event,77
TE01382,EDGE0131,LOC039,2026-06-05T12:03:09,Low,76,90,29,Construction,52
TE01383,EDGE0232,LOC009,2026-06-06T23:14:01,High,29,45,69,Construction,124
TE01384,EDGE0161,LOC023,2024-08-28T08:11:07,Low,86,90,8,Accident,14
TE01385,EDGE0078,LOC068,2024-05-26T11:16:44,High,28,45,75,Weather-related,135
TE01386,EDGE0050,LOC005,2024-02-28T14:54:40,High,27,45,77,Weather-related,138
TE01387,EDGE0164,LOC015,2025-12-16T03:49:49,Moderate,56,70,39,Accident,70
TE01388,EDGE0064,LOC049,2025-07-06T11:48:27,Low,83,90,14,Weather-related,25
TE01389,EDGE0185,LOC040,2024-08-30T12:05:41,Moderate,55,70,41,Accident,73
TE01390,EDGE0128,LOC061,2024-08-03T00:13:53,Low,89,90,2,Event,3
TE01391,EDGE0064,LOC064,2025-02-15T15:28:31,Low,85,90,11,Accident,19
TE01392,EDGE0150,LOC042,2025-07-24T05:50:31,Moderate,52,70,50,Event,90
TE01393,EDGE0342,LOC056,2026-06-23T08:20:16,Severe,11,20,87,Event,156
TE01394,EDGE0094,LOC004,2025-01-23T03:20:26,Low,78,90,25,Construction,45
TE01395,EDGE0202,LOC012,2024-12-27T22:39:05,Low,85,90,11,Accident,19
TE01396,EDGE0336,LOC020,2025-02-02T01:27:45,Severe,10,20,96,Construction,172
TE01397,EDGE0063,LOC047,2025-04-11T12:05:10,Low,86,90,8,Rush Hour,14
TE01398,EDGE0140,LOC059,2024-05-22T18:28:16,Low,77,90,27,Construction,48
TE01399,EDGE0111,LOC056,2026-06-05T05:18:10,Moderate,55,70,41,Construction,73
TE01400,EDGE0298,LOC031,2025-09-13T01:33:32,Low,87,90,5,Rush Hour,9
TE01401,EDGE0144,LOC070,2026-06-03T00:16:42,Low,87,90,6,Event,10
TE01402,EDGE0032,LOC023,2024-12-03T18:38:57,Severe,10,20,97,Accident,174
TE01403,EDGE0016,LOC017,2024-04-29T22:16:58,Low,85,90,11,Weather-related,19
TE01404,EDGE0246,LOC066,2025-05-19T09:23:49,Severe,10,20,94,Construction,169
TE01405,EDGE0178,LOC069,2026-01-19T14:08:26,Moderate,54,70,45,Accident,81
TE01406,EDGE0149,LOC033,2024-09-25T14:16:19,Severe,11,20,85,Construction,153
TE01407,EDGE0371,LOC052,2026-01-28T12:15:48,Moderate,55,70,41,Weather-related,73
TE01408,EDGE0235,LOC027,2026-06-14T03:30:11,Severe,11,20,81,Event,145
TE01409,EDGE0198,LOC053,2024-05-28T03:25:46,Low,88,90,4,Event,7
TE01410,EDGE0361,LOC033,2025-04-11T15:28:20,High,27,45,76,Rush Hour,136
TE01411,EDGE0140,LOC013,2024-02-28T01:18:50,Severe,11,20,88,Rush Hour,158
TE01412,EDGE0371,LOC028,2026-06-14T05:24:48,High,27,45,77,Construction,138
TE01413,EDGE0299,LOC015,2025-08-15T17:04:12,Moderate,56,70,38,Event,68
TE01414,EDGE0351,LOC013,2024-05-01T21:50:57,High,27,45,79,Rush Hour,142
TE01415,EDGE0246,LOC072,2024-03-27T20:56:58,Severe,11,20,89,Weather-related,160
TE01416,EDGE0102,LOC026,2025-06-03T10:56:58,Moderate,51,70,53,Event,95
TE01417,EDGE0228,LOC029,2025-06-24T11:46:41,Low,84,90,12,Event,21
TE01418,EDGE0053,LOC025,2025-11-05T16:02:29,Moderate,57,70,36,Accident,64
TE01419,EDGE0228,LOC056,2025-10-09T01:03:17,Severe,10,20,94,Accident,169
TE01420,EDGE0224,LOC071,2024-07-06T06:04:35,Severe,11,20,89,Rush Hour,160
TE01421,EDGE0262,LOC036,2024-12-18T04:38:50,Low,80,90,22,Construction,39
TE01422,EDGE0045,LOC009,2024-01-18T18:18:16,Low,87,90,6,Weather-related,10
TE01423,EDGE0137,LOC062,2025-08-17T04:08:51,Moderate,52,70,51,Rush Hour,91
TE01424,EDGE0349,LOC064,2024-03-25T02:02:10,Moderate,57,70,35,Accident,63
TE01425,EDGE0209,LOC028,2025-04-18T11:08:54,Low,87,90,5,Rush Hour,9
TE01426,EDGE0191,LOC075,2026-03-25T14:25:42,Low,85,90,10,Event,18
TE01427,EDGE0174,LOC036,2024-03-04T23:23:08,Severe,10,20,95,Event,171
TE01428,EDGE0232,LOC047,2025-05-11T00:59:00,Moderate,52,70,50,Rush Hour,90
TE01429,EDGE0013,LOC013,2026-04-18T18:02:21,Severe,10,20,99,Construction,178
TE01430,EDGE0089,LOC067,2026-05-27T13:28:45,Moderate,57,70,36,Weather-related,64
TE01431,EDGE0235,LOC027,2024-08-20T08:44:50,Moderate,50,70,55,Accident,99
TE01432,EDGE0188,LOC026,2025-05-22T17:09:58,Low,89,90,1,Construction,1
TE01433,EDGE0197,LOC053,2026-02-19T10:53:22,Moderate,49,70,60,Weather-related,108
TE01434,EDGE0051,LOC011,2024-12-08T23:54:55,High,30,45,63,Accident,113
TE01435,EDGE0238,LOC052,2024-08-25T23:36:58,Severe,11,20,86,Construction,154
TE01436,EDGE0223,LOC035,2024-03-19T11:30:54,Moderate,50,70,57,Rush Hour,102
TE01437,EDGE0155,LOC036,2025-09-02T07:43:43,Severe,10,20,91,Weather-related,163
TE01438,EDGE0233,LOC054,2025-11-23T05:46:38,Moderate,52,70,50,Event,90
TE01439,EDGE0025,LOC021,2026-06-12T15:03:19,High,28,45,73,Rush Hour,131
TE01440,EDGE0066,LOC037,2026-02-23T01:40:26,Moderate,53,70,46,Accident,82
TE01441,EDGE0075,LOC072,2024-05-19T22:32:09,Low,85,90,10,Accident,18
TE01442,EDGE0024,LOC012,2024-12-10T23:57:08,Moderate,49,70,59,Weather-related,106
TE01443,EDGE0020,LOC008,2025-11-01T23:43:44,High,27,45,80,Rush Hour,144
TE01444,EDGE0113,LOC001,2025-03-26T03:53:39,Low,81,90,18,Rush Hour,32
TE01445,EDGE0165,LOC043,2025-09-04T13:24:17,Moderate,55,70,42,Construction,75
TE01446,EDGE0242,LOC056,2024-08-17T22:18:08,Moderate,49,70,59,Rush Hour,106
TE01447,EDGE0330,LOC031,2024-07-24T08:21:53,Severe,11,20,87,Event,156
TE01448,EDGE0254,LOC072,2025-06-06T05:15:29,Moderate,57,70,37,Weather-related,66
TE01449,EDGE0290,LOC051,2024-05-08T05:30:17,High,29,45,67,Accident,120
TE01450,EDGE0117,LOC047,2026-01-09T05:08:50,Low,82,90,16,Weather-related,28
TE01451,EDGE0312,LOC074,2026-06-06T16:50:57,Moderate,57,70,37,Rush Hour,66
TE01452,EDGE0082,LOC038,2024-03-17T14:27:03,Severe,11,20,90,Construction,162
TE01453,EDGE0198,LOC065,2026-05-01T12:36:10,Low,84,90,12,Weather-related,21
TE01454,EDGE0086,LOC063,2025-09-12T02:55:49,Low,84,90,13,Accident,23
TE01455,EDGE0299,LOC006,2025-02-11T20:52:15,Severe,10,20,98,Weather-related,176
TE01456,EDGE0189,LOC012,2024-05-12T03:58:28,Low,85,90,11,Event,19
TE01457,EDGE0047,LOC042,2025-09-11T02:09:53,Low,85,90,11,Accident,19
TE01458,EDGE0279,LOC067,2026-02-18T13:19:18,High,30,45,64,Accident,115
TE01459,EDGE0246,LOC052,2025-11-05T23:00:09,Severe,10,20,97,Construction,174
TE01460,EDGE0370,LOC069,2024-07-21T12:44:19,Severe,10,20,100,Event,180
TE01461,EDGE0182,LOC038,2024-07-28T12:20:47,Moderate,59,70,31,Event,55
TE01462,EDGE0250,LOC030,2026-01-17T02:05:25,High,30,45,64,Weather-related,115
TE01463,EDGE0114,LOC051,2026-05-18T20:04:22,Severe,10,20,98,Rush Hour,176
TE01464,EDGE0114,LOC037,2024-11-03T18:01:16,Severe,10,20,99,Rush Hour,178
TE01465,EDGE0255,LOC032,2026-01-27T20:46:48,Low,81,90,19,Construction,34
TE01466,EDGE0049,LOC005,2025-09-06T02:33:11,Moderate,57,70,35,Rush Hour,63
TE01467,EDGE0083,LOC016,2026-06-06T12:45:06,Severe,11,20,88,Accident,158
TE01468,EDGE0015,LOC059,2024-10-31T15:06:42,Moderate,51,70,52,Weather-related,93
TE01469,EDGE0028,LOC001,2026-05-21T17:50:41,Severe,11,20,84,Rush Hour,151
TE01470,EDGE0046,LOC059,2026-03-25T09:22:26,Severe,11,20,81,Rush Hour,145
TE01471,EDGE0220,LOC023,2025-01-17T12:42:37,Severe,10,20,100,Accident,180
TE01472,EDGE0094,LOC047,2025-01-11T10:09:41,Severe,11,20,81,Accident,145
TE01473,EDGE0261,LOC023,2024-04-21T07:04:52,Low,90,90,0,Rush Hour,0
TE01474,EDGE0114,LOC056,2025-02-17T14:47:01,Low,77,90,28,Weather-related,50
TE01475,EDGE0363,LOC035,2025-10-30T02:00:45,High,31,45,62,Accident,111
TE01476,EDGE0285,LOC060,2025-05-17T09:39:35,Moderate,49,70,60,Event,108
TE01477,EDGE0197,LOC034,2026-06-13T19:30:59,Low,77,90,27,Accident,48
TE01478,EDGE0116,LOC025,2024-05-19T04:19:50,Low,84,90,13,Weather-related,23
TE01479,EDGE0312,LOC034,2024-06-23T19:25:03,Moderate,50,70,55,Event,99
TE01480,EDGE0102,LOC068,2025-10-04T11:27:23,Severe,11,20,86,Event,154
TE01481,EDGE0093,LOC070,2025-10-19T22:44:17,Moderate,50,70,57,Event,102
TE01482,EDGE0338,LOC072,2025-07-21T10:09:53,Moderate,53,70,46,Rush Hour,82
TE01483,EDGE0200,LOC006,2025-06-25T01:51:29,Severe,10,20,99,Rush Hour,178
TE01484,EDGE0046,LOC003,2024-10-22T21:58:20,Severe,10,20,93,Rush Hour,167
TE01485,EDGE0033,LOC054,2025-05-13T05:59:34,Moderate,53,70,48,Construction,86
TE01486,EDGE0309,LOC052,2025-06-19T04:49:10,Moderate,54,70,44,Weather-related,79
TE01487,EDGE0272,LOC050,2024-02-07T14:29:45,Moderate,58,70,34,Event,61
TE01488,EDGE0230,LOC022,2025-04-18T12:28:13,High,28,45,72,Event,129
TE01489,EDGE0369,LOC020,2024-09-19T22:17:36,Moderate,54,70,45,Weather-related,81
TE01490,EDGE0114,LOC066,2025-06-27T06:22:20,Severe,10,20,91,Construction,163
TE01491,EDGE0118,LOC033,2025-11-17T22:47:15,Moderate,55,70,42,Accident,75
TE01492,EDGE0045,LOC060,2024-08-14T12:30:24,Moderate,58,70,33,Accident,59
TE01493,EDGE0190,LOC046,2025-11-15T05:40:00,High,29,45,71,Event,127
TE01494,EDGE0349,LOC044,2024-03-10T17:09:22,Severe,10,20,91,Accident,163
TE01495,EDGE0154,LOC034,2024-12-28T17:07:23,Moderate,57,70,35,Accident,63
TE01496,EDGE0198,LOC057,2024-11-06T04:48:15,Moderate,53,70,47,Accident,84
TE01497,EDGE0184,LOC033,2025-08-03T17:02:57,Moderate,56,70,38,Construction,68
TE01498,EDGE0281,LOC070,2024-08-30T07:46:26,High,29,45,68,Rush Hour,122
TE01499,EDGE0218,LOC039,2024-05-13T07:23:39,Low,79,90,23,Event,41
TE01500,EDGE0282,LOC055,2024-06-23T13:31:19,Low,81,90,19,Weather-related,34
TE01501,EDGE0310,LOC014,2024-03-25T17:19:28,Low,79,90,24,Weather-related,43
TE01502,EDGE0076,LOC023,2025-01-12T13:29:51,Severe,11,20,90,Rush Hour,162
TE01503,EDGE0221,LOC015,2024-08-17T09:48:01,High,27,45,77,Weather-related,138
TE01504,EDGE0183,LOC062,2025-03-22T21:40:39,Severe,10,20,95,Rush Hour,171
TE01505,EDGE0152,LOC018,2024-01-22T08:00:51,Severe,10,20,94,Construction,169
TE01506,EDGE0150,LOC030,2025-06-17T06:05:03,Low,76,90,29,Rush Hour,52
TE01507,EDGE0141,LOC069,2024-06-21T20:44:39,Moderate,56,70,38,Accident,68
TE01508,EDGE0152,LOC064,2025-04-18T23:37:31,Low,82,90,16,Accident,28
TE01509,EDGE0354,LOC033,2025-11-30T03:30:41,Severe,10,20,95,Weather-related,171
TE01510,EDGE0267,LOC067,2026-01-01T23:14:52,High,27,45,77,Rush Hour,138
TE01511,EDGE0106,LOC011,2024-02-05T08:06:40,Low,87,90,5,Weather-related,9
TE01512,EDGE0142,LOC006,2025-05-30T13:15:39,Severe,11,20,87,Weather-related,156
TE01513,EDGE0323,LOC023,2024-11-20T16:26:25,Severe,11,20,90,Event,162
TE01514,EDGE0245,LOC024,2026-04-15T18:17:50,Moderate,59,70,31,Construction,55
TE01515,EDGE0351,LOC039,2024-11-25T03:17:03,Moderate,57,70,36,Accident,64
TE01516,EDGE0009,LOC048,2024-11-12T14:15:54,Severe,11,20,87,Event,156
TE01517,EDGE0243,LOC029,2026-04-28T20:10:16,High,29,45,71,Accident,127
TE01518,EDGE0059,LOC010,2026-03-23T20:45:57,Severe,11,20,85,Accident,153
TE01519,EDGE0212,LOC007,2025-02-05T19:28:09,High,29,45,67,Construction,120
TE01520,EDGE0122,LOC034,2026-05-02T12:44:56,Moderate,51,70,52,Event,93
TE01521,EDGE0341,LOC047,2026-01-20T08:31:36,Moderate,54,70,44,Accident,79
TE01522,EDGE0016,LOC020,2024-08-07T13:48:49,High,29,45,67,Rush Hour,120
TE01523,EDGE0264,LOC070,2024-01-29T13:34:24,Severe,10,20,100,Weather-related,180
TE01524,EDGE0219,LOC018,2025-08-08T00:54:51,Moderate,58,70,32,Weather-related,57
TE01525,EDGE0215,LOC019,2026-06-24T15:59:58,High,28,45,74,Event,133
TE01526,EDGE0158,LOC056,2026-03-29T08:29:37,Severe,11,20,86,Accident,154
TE01527,EDGE0208,LOC061,2024-03-08T13:07:36,Low,85,90,11,Event,19
TE01528,EDGE0172,LOC061,2025-01-31T20:06:10,High,29,45,68,Rush Hour,122
TE01529,EDGE0357,LOC070,2024-09-21T13:58:36,High,28,45,74,Rush Hour,133
TE01530,EDGE0087,LOC019,2024-04-03T09:03:54,Low,81,90,19,Construction,34
TE01531,EDGE0134,LOC013,2025-03-17T04:47:32,Low,87,90,5,Rush Hour,9
TE01532,EDGE0038,LOC010,2024-11-07T18:29:28,Low,85,90,11,Weather-related,19
TE01533,EDGE0101,LOC049,2025-02-25T10:06:20,Low,89,90,1,Construction,1
TE01534,EDGE0283,LOC069,2024-03-23T11:09:41,Severe,10,20,91,Construction,163
TE01535,EDGE0340,LOC063,2025-12-23T06:59:44,Severe,10,20,100,Weather-related,180
TE01536,EDGE0093,LOC064,2024-01-13T22:43:14,High,27,45,80,Accident,144
TE01537,EDGE0016,LOC001,2024-04-13T10:56:44,Moderate,57,70,37,Accident,66
TE01538,EDGE0289,LOC059,2025-08-26T17:44:28,Low,89,90,2,Event,3
TE01539,EDGE0269,LOC005,2025-02-25T11:11:02,Moderate,57,70,36,Accident,64
TE01540,EDGE0116,LOC052,2025-07-13T13:56:34,Moderate,50,70,56,Construction,100
TE01541,EDGE0028,LOC064,2024-06-16T14:29:03,Low,84,90,12,Event,21
TE01542,EDGE0215,LOC047,2024-01-30T15:17:29,Moderate,49,70,60,Event,108
TE01543,EDGE0247,LOC006,2025-03-30T09:01:31,Severe,11,20,88,Accident,158
TE01544,EDGE0193,LOC034,2025-08-23T10:37:49,Moderate,50,70,56,Rush Hour,100
TE01545,EDGE0038,LOC010,2024-12-25T02:35:26,Low,85,90,11,Event,19
TE01546,EDGE0114,LOC013,2025-08-14T09:34:10,High,30,45,63,Construction,113
TE01547,EDGE0244,LOC049,2026-02-28T23:45:27,Severe,10,20,99,Event,178
TE01548,EDGE0362,LOC048,2024-06-03T17:29:43,Low,83,90,14,Accident,25
TE01549,EDGE0215,LOC068,2025-05-05T01:03:03,Severe,10,20,93,Rush Hour,167
TE01550,EDGE0173,LOC005,2026-01-22T21:30:52,Low,85,90,9,Construction,16
TE01551,EDGE0315,LOC026,2026-04-05T18:01:02,Moderate,50,70,55,Rush Hour,99
TE01552,EDGE0342,LOC068,2024-05-16T17:38:54,Severe,11,20,86,Weather-related,154
TE01553,EDGE0199,LOC016,2024-10-16T14:08:38,Severe,10,20,91,Accident,163
TE01554,EDGE0122,LOC030,2024-11-04T22:36:17,Severe,10,20,99,Construction,178
TE01555,EDGE0272,LOC012,2026-02-16T17:36:55,Severe,10,20,99,Weather-related,178
TE01556,EDGE0259,LOC001,2025-12-12T10:57:55,Moderate,58,70,32,Construction,57
TE01557,EDGE0275,LOC046,2026-05-20T23:56:47,Low,87,90,5,Weather-related,9
TE01558,EDGE0028,LOC025,2024-02-03T09:08:52,Low,85,90,10,Accident,18
TE01559,EDGE0154,LOC017,2024-03-02T18:04:37,Low,90,90,0,Rush Hour,0
TE01560,EDGE0356,LOC074,2025-01-19T07:26:50,Low,89,90,1,Rush Hour,1
TE01561,EDGE0351,LOC048,2026-04-02T10:02:07,Severe,11,20,81,Accident,145
TE01562,EDGE0237,LOC009,2025-04-18T16:31:19,Low,84,90,12,Event,21
TE01563,EDGE0203,LOC067,2025-06-02T04:22:38,Moderate,49,70,60,Accident,108
TE01564,EDGE0279,LOC039,2026-01-31T02:01:13,High,27,45,76,Weather-related,136
TE01565,EDGE0001,LOC001,2025-09-03T03:00:29,High,30,45,63,Rush Hour,113
TE01566,EDGE0237,LOC043,2024-08-31T21:34:48,Moderate,55,70,41,Accident,73
TE01567,EDGE0066,LOC050,2024-01-29T12:57:58,Severe,11,20,86,Weather-related,154
TE01568,EDGE0251,LOC006,2025-06-22T16:53:30,Low,80,90,21,Accident,37
TE01569,EDGE0350,LOC036,2025-06-30T16:16:14,Severe,10,20,99,Accident,178
TE01570,EDGE0300,LOC014,2025-07-06T01:27:25,High,31,45,62,Weather-related,111
TE01571,EDGE0311,LOC068,2025-04-14T15:32:17,High,27,45,80,Weather-related,144
TE01572,EDGE0330,LOC043,2025-01-01T22:21:06,Moderate,59,70,31,Accident,55
TE01573,EDGE0280,LOC022,2026-02-17T16:00:32,Low,83,90,14,Weather-related,25
TE01574,EDGE0352,LOC002,2025-03-04T13:29:15,High,29,45,69,Accident,124
TE01575,EDGE0041,LOC038,2024-04-06T07:53:20,Severe,10,20,96,Accident,172
TE01576,EDGE0031,LOC044,2025-02-04T06:58:58,Moderate,56,70,38,Event,68
TE01577,EDGE0182,LOC052,2025-08-24T10:45:56,Moderate,59,70,31,Event,55
TE01578,EDGE0013,LOC063,2024-02-15T18:34:05,Moderate,52,70,51,Weather-related,91
TE01579,EDGE0149,LOC008,2026-05-12T01:38:18,High,27,45,78,Event,140
TE01580,EDGE0341,LOC031,2025-03-11T06:23:01,High,29,45,68,Construction,122
TE01581,EDGE0177,LOC061,2024-12-16T10:19:57,Moderate,53,70,46,Event,82
TE01582,EDGE0226,LOC059,2024-08-23T16:05:27,Moderate,57,70,37,Accident,66
TE01583,EDGE0327,LOC012,2025-06-14T22:42:40,Moderate,55,70,42,Event,75
TE01584,EDGE0311,LOC075,2025-09-02T06:22:57,Severe,10,20,98,Event,176
TE01585,EDGE0097,LOC050,2024-08-01T05:26:56,Moderate,52,70,50,Rush Hour,90
TE01586,EDGE0358,LOC002,2024-05-16T09:14:07,Moderate,54,70,43,Event,77
TE01587,EDGE0017,LOC023,2025-08-16T17:42:51,Moderate,54,70,45,Construction,81
TE01588,EDGE0075,LOC052,2026-03-19T21:46:05,Low,89,90,2,Accident,3
TE01589,EDGE0140,LOC067,2024-12-19T07:07:46,Severe,11,20,87,Construction,156
TE01590,EDGE0015,LOC017,2025-10-10T07:18:52,Moderate,50,70,56,Weather-related,100
TE01591,EDGE0246,LOC010,2025-01-08T09:18:01,High,29,45,67,Accident,120
TE01592,EDGE0096,LOC023,2026-06-08T23:12:22,Moderate,58,70,33,Weather-related,59
TE01593,EDGE0184,LOC007,2024-08-25T06:54:04,Severe,10,20,95,Rush Hour,171
TE01594,EDGE0187,LOC020,2025-10-24T11:46:02,High,29,45,68,Weather-related,122
TE01595,EDGE0263,LOC030,2025-04-30T06:28:24,Severe,11,20,89,Event,160
TE01596,EDGE0069,LOC055,2025-05-26T12:37:29,Low,82,90,16,Construction,28
TE01597,EDGE0234,LOC060,2025-11-28T18:14:27,Low,80,90,21,Rush Hour,37
TE01598,EDGE0263,LOC004,2026-04-22T07:56:22,High,27,45,76,Weather-related,136
TE01599,EDGE0269,LOC037,2024-07-23T16:49:16,Moderate,53,70,47,Event,84
TE01600,EDGE0368,LOC022,2024-11-17T04:28:11,Low,86,90,8,Accident,14
TE01601,EDGE0096,LOC023,2024-08-03T06:30:26,Moderate,58,70,32,Rush Hour,57
TE01602,EDGE0157,LOC009,2026-06-21T14:23:40,Moderate,57,70,35,Event,63
TE01603,EDGE0270,LOC060,2026-04-20T23:08:00,Moderate,55,70,41,Rush Hour,73
TE01604,EDGE0364,LOC048,2024-11-10T06:40:19,Low,83,90,14,Weather-related,25
TE01605,EDGE0365,LOC069,2024-08-02T13:06:02,Moderate,54,70,45,Accident,81
TE01606,EDGE0075,LOC054,2025-04-25T00:17:42,Moderate,53,70,47,Event,84
TE01607,EDGE0035,LOC020,2026-03-24T16:53:01,Moderate,53,70,46,Accident,82
TE01608,EDGE0133,LOC042,2024-07-29T02:34:42,Moderate,52,70,49,Accident,88
TE01609,EDGE0139,LOC011,2025-10-30T01:57:32,Moderate,57,70,37,Event,66
TE01610,EDGE0046,LOC024,2024-08-13T11:40:24,Severe,11,20,90,Event,162
TE01611,EDGE0292,LOC017,2026-05-27T10:55:16,Low,82,90,16,Construction,28
TE01612,EDGE0226,LOC029,2024-09-02T12:27:12,Low,79,90,23,Accident,41
TE01613,EDGE0051,LOC067,2025-05-08T05:07:00,Severe,10,20,96,Rush Hour,172
TE01614,EDGE0050,LOC046,2024-04-15T08:17:26,Low,77,90,28,Rush Hour,50
TE01615,EDGE0025,LOC073,2026-05-15T19:09:08,Low,87,90,6,Accident,10
TE01616,EDGE0127,LOC013,2026-04-07T22:14:47,Low,88,90,3,Event,5
TE01617,EDGE0170,LOC055,2024-07-02T21:47:53,Low,76,90,29,Weather-related,52
TE01618,EDGE0227,LOC063,2024-10-13T01:03:30,Low,84,90,13,Weather-related,23
TE01619,EDGE0099,LOC045,2025-05-08T08:53:46,Low,86,90,8,Weather-related,14
TE01620,EDGE0240,LOC062,2024-08-14T01:29:03,Moderate,51,70,53,Weather-related,95
TE01621,EDGE0088,LOC070,2024-02-15T19:13:07,Moderate,57,70,36,Accident,64
TE01622,EDGE0029,LOC052,2025-05-10T01:31:44,Moderate,51,70,53,Rush Hour,95
TE01623,EDGE0286,LOC044,2025-10-05T04:32:08,Moderate,49,70,58,Rush Hour,104
TE01624,EDGE0208,LOC037,2025-09-30T20:34:37,Moderate,51,70,53,Accident,95
TE01625,EDGE0346,LOC021,2025-04-16T05:38:13,Moderate,50,70,56,Event,100
TE01626,EDGE0042,LOC047,2025-11-19T04:24:15,Moderate,51,70,52,Event,93
TE01627,EDGE0114,LOC034,2025-03-01T07:51:39,Severe,11,20,86,Accident,154
TE01628,EDGE0125,LOC037,2024-08-24T01:22:10,Low,85,90,11,Rush Hour,19
TE01629,EDGE0180,LOC039,2024-10-18T22:40:21,Low,84,90,13,Weather-related,23
TE01630,EDGE0001,LOC004,2024-06-14T20:43:39,Severe,10,20,95,Construction,171
TE01631,EDGE0274,LOC015,2024-07-23T08:23:09,Severe,11,20,82,Weather-related,147
TE01632,EDGE0217,LOC056,2024-10-13T23:50:55,Low,80,90,22,Rush Hour,39
TE01633,EDGE0306,LOC004,2024-02-10T16:44:25,Moderate,55,70,42,Accident,75
TE01634,EDGE0132,LOC042,2025-02-18T13:21:33,Low,77,90,27,Weather-related,48
TE01635,EDGE0019,LOC023,2026-05-30T20:53:55,Severe,11,20,83,Accident,149
TE01636,EDGE0198,LOC051,2024-12-24T16:59:56,Severe,11,20,86,Weather-related,154
TE01637,EDGE0277,LOC047,2024-12-26T16:23:32,Moderate,49,70,58,Event,104
TE01638,EDGE0213,LOC057,2024-12-24T17:02:14,Moderate,51,70,53,Event,95
TE01639,EDGE0137,LOC060,2024-02-10T12:30:01,High,28,45,75,Accident,135
TE01640,EDGE0338,LOC032,2025-07-12T02:14:00,Moderate,58,70,33,Rush Hour,59
TE01641,EDGE0117,LOC032,2024-05-03T11:03:31,Severe,11,20,85,Rush Hour,153
TE01642,EDGE0166,LOC042,2026-01-10T09:01:07,High,27,45,78,Accident,140
TE01643,EDGE0131,LOC016,2024-07-27T07:06:42,High,29,45,67,Rush Hour,120
TE01644,EDGE0188,LOC025,2026-02-19T08:01:04,High,27,45,78,Accident,140
TE01645,EDGE0220,LOC048,2025-12-29T04:46:11,Severe,11,20,85,Construction,153
TE01646,EDGE0101,LOC017,2025-08-03T22:13:01,Moderate,52,70,50,Construction,90
TE01647,EDGE0289,LOC025,2024-10-12T19:08:24,Low,89,90,1,Rush Hour,1
TE01648,EDGE0261,LOC027,2025-08-24T21:33:59,High,28,45,73,Weather-related,131
TE01649,EDGE0032,LOC006,2026-02-02T10:25:11,Moderate,50,70,56,Weather-related,100
TE01650,EDGE0045,LOC060,2026-01-06T02:17:37,Severe,11,20,87,Weather-related,156
TE01651,EDGE0100,LOC074,2024-08-01T14:50:45,Moderate,53,70,48,Accident,86
TE01652,EDGE0183,LOC034,2024-09-11T10:23:55,Low,77,90,28,Construction,50
TE01653,EDGE0072,LOC041,2024-10-27T05:14:55,Low,76,90,30,Event,54
TE01654,EDGE0369,LOC051,2024-12-17T12:04:16,Severe,10,20,95,Construction,171
TE01655,EDGE0146,LOC072,2024-02-20T01:36:17,Severe,10,20,97,Event,174
TE01656,EDGE0194,LOC015,2025-09-26T17:18:28,Low,81,90,20,Weather-related,36
TE01657,EDGE0351,LOC057,2024-01-24T07:46:19,Low,85,90,10,Rush Hour,18
TE01658,EDGE0279,LOC028,2025-02-23T05:03:41,Moderate,54,70,44,Construction,79
TE01659,EDGE0293,LOC013,2025-10-03T15:23:50,Severe,10,20,97,Rush Hour,174
TE01660,EDGE0197,LOC032,2024-12-11T17:25:20,Severe,11,20,90,Event,162
TE01661,EDGE0181,LOC064,2024-11-11T02:11:01,Severe,10,20,91,Event,163
TE01662,EDGE0249,LOC050,2024-11-13T18:37:41,Severe,10,20,96,Weather-related,172
TE01663,EDGE0340,LOC048,2024-04-12T17:44:27,Low,83,90,15,Construction,27
TE01664,EDGE0119,LOC046,2024-10-02T01:57:13,Low,85,90,10,Accident,18
TE01665,EDGE0221,LOC033,2025-11-13T09:44:21,High,28,45,73,Accident,131
TE01666,EDGE0200,LOC060,2026-01-31T02:23:42,Severe,11,20,82,Weather-related,147
TE01667,EDGE0254,LOC063,2025-05-19T16:59:12,Moderate,54,70,45,Weather-related,81
TE01668,EDGE0109,LOC040,2025-12-11T18:30:40,Low,79,90,24,Event,43
TE01669,EDGE0362,LOC061,2025-01-18T08:46:06,Moderate,53,70,48,Construction,86
TE01670,EDGE0076,LOC024,2025-10-26T04:25:52,High,29,45,69,Accident,124
TE01671,EDGE0116,LOC060,2025-09-20T22:31:37,Severe,11,20,87,Event,156
TE01672,EDGE0100,LOC033,2024-03-05T23:23:47,High,29,45,69,Weather-related,124
TE01673,EDGE0259,LOC070,2025-08-13T21:22:36,Severe,10,20,91,Accident,163
TE01674,EDGE0297,LOC019,2025-05-01T01:39:50,Low,81,90,20,Weather-related,36
TE01675,EDGE0296,LOC001,2025-09-04T07:00:12,Severe,11,20,82,Weather-related,147
TE01676,EDGE0310,LOC060,2026-06-07T11:15:42,High,31,45,62,Weather-related,111
TE01677,EDGE0355,LOC029,2026-04-12T21:28:14,Low,85,90,11,Event,19
TE01678,EDGE0274,LOC075,2026-03-26T22:00:48,Moderate,49,70,59,Rush Hour,106
TE01679,EDGE0365,LOC062,2024-02-29T19:49:49,Severe,10,20,97,Event,174
TE01680,EDGE0211,LOC057,2026-03-19T19:12:18,High,29,45,70,Event,126
TE01681,EDGE0133,LOC004,2024-06-18T19:36:24,Severe,11,20,83,Rush Hour,149
TE01682,EDGE0335,LOC060,2025-12-02T13:13:33,Severe,11,20,81,Construction,145
TE01683,EDGE0182,LOC050,2025-12-10T18:28:56,Low,79,90,23,Accident,41
TE01684,EDGE0142,LOC051,2024-03-06T21:22:47,Moderate,52,70,49,Construction,88
TE01685,EDGE0067,LOC031,2025-01-16T17:10:01,High,30,45,65,Construction,117
TE01686,EDGE0246,LOC066,2026-03-16T18:38:11,Moderate,50,70,56,Event,100
TE01687,EDGE0143,LOC064,2026-04-15T13:12:54,Low,88,90,4,Construction,7
TE01688,EDGE0256,LOC043,2025-09-06T13:27:15,Low,79,90,24,Construction,43
TE01689,EDGE0258,LOC007,2024-03-01T23:24:23,Severe,10,20,94,Accident,169
TE01690,EDGE0026,LOC029,2026-05-16T08:35:54,Severe,10,20,92,Accident,165
TE01691,EDGE0268,LOC037,2025-08-24T19:14:19,High,27,45,76,Accident,136
TE01692,EDGE0293,LOC054,2026-03-12T18:35:50,Moderate,50,70,56,Rush Hour,100
TE01693,EDGE0332,LOC005,2024-03-17T13:52:03,High,31,45,62,Weather-related,111
TE01694,EDGE0325,LOC049,2024-10-21T22:08:01,High,30,45,66,Weather-related,118
TE01695,EDGE0265,LOC034,2025-03-28T07:57:12,Moderate,49,70,59,Accident,106
TE01696,EDGE0366,LOC012,2025-11-13T19:45:22,High,27,45,76,Event,136
TE01697,EDGE0338,LOC060,2025-09-10T08:00:09,High,30,45,66,Accident,118
TE01698,EDGE0222,LOC017,2025-04-18T02:36:05,Moderate,52,70,49,Construction,88
TE01699,EDGE0108,LOC057,2025-03-20T03:40:06,Low,89,90,1,Weather-related,1
TE01700,EDGE0030,LOC032,2025-12-17T16:16:08,Severe,10,20,99,Event,178
TE01701,EDGE0084,LOC044,2024-09-15T15:04:13,High,31,45,61,Construction,109
TE01702,EDGE0306,LOC061,2025-10-18T06:31:54,Severe,11,20,82,Rush Hour,147
TE01703,EDGE0086,LOC059,2025-04-02T08:45:46,High,27,45,80,Weather-related,144
TE01704,EDGE0098,LOC050,2024-03-25T17:38:49,Severe,10,20,91,Construction,163
TE01705,EDGE0182,LOC004,2026-03-14T02:01:31,Low,83,90,15,Construction,27
TE01706,EDGE0221,LOC072,2024-08-08T23:04:38,Moderate,55,70,41,Weather-related,73
TE01707,EDGE0099,LOC009,2025-12-21T03:28:33,Low,83,90,14,Construction,25
TE01708,EDGE0339,LOC013,2025-12-02T16:31:31,Low,79,90,23,Accident,41
TE01709,EDGE0001,LOC052,2024-05-20T11:52:39,Moderate,53,70,46,Construction,82
TE01710,EDGE0178,LOC051,2026-02-16T17:52:31,Low,79,90,24,Rush Hour,43
TE01711,EDGE0171,LOC016,2024-06-24T19:20:33,High,29,45,68,Event,122
TE01712,EDGE0091,LOC075,2024-10-06T06:21:47,Low,82,90,16,Weather-related,28
TE01713,EDGE0357,LOC061,2026-06-28T11:04:22,Low,90,90,0,Construction,0
TE01714,EDGE0028,LOC009,2026-04-28T19:32:00,Severe,10,20,92,Event,165
TE01715,EDGE0219,LOC072,2024-07-29T04:35:54,High,27,45,79,Accident,142
TE01716,EDGE0180,LOC052,2025-09-02T14:35:21,Low,85,90,9,Event,16
TE01717,EDGE0131,LOC051,2025-10-04T10:36:30,Moderate,57,70,37,Accident,66
TE01718,EDGE0064,LOC030,2025-05-17T11:29:51,Moderate,49,70,58,Event,104
TE01719,EDGE0055,LOC060,2025-12-01T10:14:35,High,30,45,64,Construction,115
TE01720,EDGE0008,LOC042,2024-02-08T16:47:27,High,27,45,78,Construction,140
TE01721,EDGE0024,LOC005,2024-10-04T21:04:36,Low,86,90,7,Construction,12
TE01722,EDGE0100,LOC049,2025-12-05T18:26:37,High,28,45,72,Construction,129
TE01723,EDGE0163,LOC041,2024-11-09T16:34:14,Moderate,55,70,42,Rush Hour,75
TE01724,EDGE0371,LOC017,2025-12-07T07:49:07,Low,90,90,0,Construction,0
TE01725,EDGE0166,LOC061,2024-05-20T02:08:29,Low,90,90,0,Construction,0
TE01726,EDGE0304,LOC064,2025-01-23T11:44:37,High,27,45,78,Weather-related,140
TE01727,EDGE0182,LOC067,2025-05-18T10:23:00,Low,81,90,20,Construction,36
TE01728,EDGE0007,LOC070,2024-09-11T18:08:25,Low,80,90,21,Accident,37
TE01729,EDGE0179,LOC033,2024-07-10T22:03:44,Low,85,90,11,Event,19
TE01730,EDGE0029,LOC004,2024-05-21T15:51:21,Moderate,57,70,35,Construction,63
TE01731,EDGE0238,LOC060,2024-06-26T08:22:38,High,29,45,68,Accident,122
TE01732,EDGE0017,LOC072,2025-11-29T02:47:14,Moderate,57,70,35,Accident,63
TE01733,EDGE0336,LOC075,2025-07-17T19:30:37,High,29,45,68,Accident,122
TE01734,EDGE0288,LOC008,2024-05-12T12:27:30,Moderate,52,70,50,Event,90
TE01735,EDGE0033,LOC047,2026-03-24T17:19:28,Severe,11,20,90,Rush Hour,162
TE01736,EDGE0150,LOC036,2025-08-19T15:48:54,Low,78,90,25,Accident,45
TE01737,EDGE0343,LOC044,2026-03-05T20:18:28,High,27,45,80,Accident,144
TE01738,EDGE0207,LOC013,2024-09-05T09:29:30,High,28,45,73,Rush Hour,131
TE01739,EDGE0251,LOC056,2025-08-11T06:09:45,Low,80,90,21,Construction,37
TE01740,EDGE0355,LOC022,2026-05-04T22:22:54,Moderate,55,70,41,Event,73
TE01741,EDGE0114,LOC046,2025-08-14T06:03:28,High,30,45,63,Event,113
TE01742,EDGE0010,LOC072,2024-03-09T04:56:14,Severe,10,20,93,Accident,167
TE01743,EDGE0105,LOC017,2024-09-22T11:03:13,Moderate,53,70,47,Event,84
TE01744,EDGE0351,LOC037,2025-06-04T16:54:21,Severe,11,20,84,Weather-related,151
TE01745,EDGE0261,LOC064,2026-05-28T11:03:14,Severe,11,20,85,Event,153
TE01746,EDGE0304,LOC075,2024-08-21T03:45:03,Severe,10,20,99,Accident,178
TE01747,EDGE0367,LOC059,2024-09-08T20:25:27,Low,83,90,14,Weather-related,25
TE01748,EDGE0124,LOC064,2024-08-12T15:21:13,Moderate,57,70,35,Event,63
TE01749,EDGE0332,LOC005,2024-10-04T20:38:10,Moderate,54,70,44,Rush Hour,79
TE01750,EDGE0120,LOC003,2024-03-20T16:59:37,Moderate,55,70,41,Weather-related,73
TE01751,EDGE0181,LOC042,2025-10-13T19:08:21,Low,85,90,11,Event,19
TE01752,EDGE0042,LOC017,2025-04-23T13:23:29,Severe,10,20,91,Weather-related,163
TE01753,EDGE0079,LOC054,2025-04-25T19:40:43,High,29,45,70,Accident,126
TE01754,EDGE0199,LOC019,2025-11-24T05:42:46,Severe,11,20,87,Construction,156
TE01755,EDGE0255,LOC024,2025-03-24T14:31:07,Moderate,53,70,47,Accident,84
TE01756,EDGE0033,LOC005,2024-10-07T16:50:10,Low,77,90,27,Construction,48
TE01757,EDGE0006,LOC031,2024-07-01T14:43:47,Moderate,58,70,32,Rush Hour,57
TE01758,EDGE0074,LOC041,2024-07-23T09:19:24,Low,79,90,23,Construction,41
TE01759,EDGE0222,LOC067,2024-11-11T02:51:35,Severe,10,20,96,Weather-related,172
TE01760,EDGE0057,LOC067,2024-01-06T11:42:57,Low,81,90,18,Accident,32
TE01761,EDGE0193,LOC064,2025-01-28T04:39:40,High,29,45,68,Event,122
TE01762,EDGE0319,LOC057,2024-01-19T23:08:18,High,31,45,62,Rush Hour,111
TE01763,EDGE0127,LOC024,2025-12-13T11:26:15,Low,76,90,29,Rush Hour,52
TE01764,EDGE0107,LOC014,2026-02-12T00:54:06,High,31,45,62,Weather-related,111
TE01765,EDGE0029,LOC066,2026-02-13T14:43:48,Moderate,51,70,53,Rush Hour,95
TE01766,EDGE0348,LOC040,2026-04-24T07:11:30,Low,87,90,6,Rush Hour,10
TE01767,EDGE0071,LOC054,2024-01-09T22:23:45,Moderate,52,70,49,Accident,88
TE01768,EDGE0340,LOC059,2026-02-05T13:46:32,Moderate,52,70,51,Event,91
TE01769,EDGE0336,LOC047,2025-01-04T12:44:52,Moderate,52,70,49,Accident,88
TE01770,EDGE0221,LOC032,2024-12-02T21:38:34,Moderate,52,70,51,Weather-related,91
TE01771,EDGE0049,LOC025,2026-01-08T23:49:42,Severe,11,20,83,Construction,149
TE01772,EDGE0176,LOC073,2025-12-05T20:35:48,Low,84,90,13,Rush Hour,23
TE01773,EDGE0034,LOC022,2025-09-29T03:33:04,Low,88,90,3,Event,5
TE01774,EDGE0341,LOC047,2025-11-17T10:18:27,Low,82,90,16,Accident,28
TE01775,EDGE0210,LOC018,2024-05-03T08:25:47,High,28,45,74,Weather-related,133
TE01776,EDGE0338,LOC070,2024-01-11T05:03:36,Moderate,58,70,33,Rush Hour,59
TE01777,EDGE0266,LOC005,2025-01-15T03:34:05,Low,77,90,28,Accident,50
TE01778,EDGE0291,LOC016,2026-04-30T06:22:27,Severe,10,20,93,Event,167
TE01779,EDGE0231,LOC061,2025-03-08T00:48:06,High,29,45,68,Construction,122
TE01780,EDGE0066,LOC042,2026-05-16T02:55:12,Severe,10,20,92,Event,165
TE01781,EDGE0272,LOC030,2024-11-18T13:17:27,Severe,11,20,87,Event,156
TE01782,EDGE0145,LOC069,2024-03-16T23:49:30,Severe,11,20,84,Accident,151
TE01783,EDGE0222,LOC055,2024-10-14T03:20:03,Low,84,90,13,Rush Hour,23
TE01784,EDGE0053,LOC017,2024-08-18T07:23:26,Low,76,90,29,Construction,52
TE01785,EDGE0109,LOC046,2024-03-26T12:55:56,Low,86,90,8,Event,14
TE01786,EDGE0068,LOC021,2025-06-26T04:24:09,Low,83,90,14,Weather-related,25
TE01787,EDGE0125,LOC039,2024-02-27T01:03:36,Severe,11,20,84,Weather-related,151
TE01788,EDGE0166,LOC015,2024-08-13T19:57:03,Low,90,90,0,Rush Hour,0
TE01789,EDGE0065,LOC066,2024-02-20T09:09:21,Moderate,54,70,45,Event,81
TE01790,EDGE0139,LOC069,2026-06-17T00:51:30,Low,87,90,6,Event,10
TE01791,EDGE0083,LOC014,2025-04-08T14:42:26,Severe,10,20,93,Construction,167
TE01792,EDGE0030,LOC036,2025-05-29T08:42:57,Severe,10,20,99,Rush Hour,178
TE01793,EDGE0045,LOC041,2024-05-16T05:47:35,Moderate,56,70,39,Accident,70
TE01794,EDGE0152,LOC017,2024-03-17T04:01:18,Severe,10,20,91,Rush Hour,163
TE01795,EDGE0363,LOC056,2024-06-18T03:37:32,Severe,10,20,91,Rush Hour,163
TE01796,EDGE0271,LOC061,2025-10-09T17:16:50,Moderate,51,70,54,Accident,97
TE01797,EDGE0102,LOC008,2024-10-03T21:34:54,Moderate,57,70,37,Construction,66
TE01798,EDGE0352,LOC011,2024-09-07T15:00:47,Moderate,57,70,36,Event,64
TE01799,EDGE0163,LOC075,2025-03-17T18:28:30,High,27,45,79,Event,142
TE01800,EDGE0145,LOC011,2026-06-08T00:14:28,Low,78,90,26,Event,46
TE01801,EDGE0291,LOC065,2026-05-23T07:29:06,Low,81,90,20,Construction,36
TE01802,EDGE0359,LOC026,2024-10-02T14:40:10,Moderate,49,70,59,Construction,106
TE01803,EDGE0143,LOC014,2025-12-08T08:13:28,Severe,10,20,98,Accident,176
TE01804,EDGE0056,LOC001,2026-06-18T09:25:40,Low,89,90,1,Accident,1
TE01805,EDGE0102,LOC020,2025-07-13T12:48:21,Severe,10,20,97,Rush Hour,174
TE01806,EDGE0161,LOC003,2024-02-25T16:12:49,High,28,45,72,Construction,129
TE01807,EDGE0370,LOC058,2024-05-24T15:59:58,Low,80,90,21,Event,37
TE01808,EDGE0061,LOC049,2025-04-09T22:30:25,Moderate,51,70,52,Weather-related,93
TE01809,EDGE0356,LOC026,2025-05-16T11:40:15,High,30,45,65,Rush Hour,117
TE01810,EDGE0180,LOC011,2025-07-26T13:15:50,Moderate,51,70,54,Rush Hour,97
TE01811,EDGE0216,LOC067,2025-08-11T15:52:58,Severe,10,20,98,Rush Hour,176
TE01812,EDGE0022,LOC051,2024-04-15T02:47:47,Moderate,52,70,50,Accident,90
TE01813,EDGE0170,LOC059,2025-10-25T19:47:14,High,28,45,75,Weather-related,135
TE01814,EDGE0263,LOC016,2026-05-05T03:02:58,Severe,10,20,97,Event,174
TE01815,EDGE0160,LOC040,2024-04-10T20:36:42,Low,79,90,24,Weather-related,43
TE01816,EDGE0344,LOC006,2025-03-30T21:35:41,High,29,45,71,Accident,127
TE01817,EDGE0129,LOC009,2026-01-01T09:19:27,Low,89,90,1,Weather-related,1
TE01818,EDGE0063,LOC042,2024-07-28T00:13:50,Moderate,58,70,32,Weather-related,57
TE01819,EDGE0010,LOC048,2024-07-08T13:21:20,Severe,11,20,84,Event,151
TE01820,EDGE0122,LOC040,2025-03-02T07:03:53,Moderate,51,70,54,Construction,97
TE01821,EDGE0290,LOC073,2025-05-26T09:47:00,Severe,10,20,99,Event,178
TE01822,EDGE0010,LOC002,2026-03-29T17:57:00,Low,82,90,16,Rush Hour,28
TE01823,EDGE0265,LOC017,2025-10-04T18:00:46,High,29,45,71,Weather-related,127
TE01824,EDGE0129,LOC058,2026-03-26T00:13:42,Low,88,90,3,Rush Hour,5
TE01825,EDGE0230,LOC036,2024-11-21T23:36:08,Moderate,54,70,45,Rush Hour,81
TE01826,EDGE0273,LOC024,2024-11-20T17:59:07,High,30,45,64,Accident,115
TE01827,EDGE0154,LOC049,2024-03-31T09:16:43,High,29,45,68,Construction,122
TE01828,EDGE0072,LOC041,2024-06-18T19:04:57,Moderate,49,70,60,Weather-related,108
TE01829,EDGE0308,LOC050,2026-06-06T14:06:30,Severe,11,20,83,Weather-related,149
TE01830,EDGE0243,LOC034,2026-04-01T16:33:33,High,30,45,66,Weather-related,118
TE01831,EDGE0167,LOC025,2024-05-16T04:33:53,High,30,45,65,Weather-related,117
TE01832,EDGE0226,LOC019,2026-01-21T08:15:46,Moderate,50,70,55,Event,99
TE01833,EDGE0210,LOC015,2025-03-22T03:07:07,Severe,10,20,95,Weather-related,171
TE01834,EDGE0079,LOC028,2025-10-25T09:42:44,Severe,11,20,83,Construction,149
TE01835,EDGE0116,LOC049,2025-05-06T15:32:55,Low,80,90,21,Construction,37
TE01836,EDGE0251,LOC036,2025-02-07T08:49:40,High,30,45,64,Rush Hour,115
TE01837,EDGE0115,LOC018,2026-03-27T04:00:16,Low,83,90,14,Weather-related,25
TE01838,EDGE0116,LOC010,2026-06-12T10:52:24,Moderate,52,70,51,Event,91
TE01839,EDGE0324,LOC016,2025-07-03T16:36:31,Moderate,56,70,39,Accident,70
TE01840,EDGE0156,LOC074,2024-07-20T12:03:22,Moderate,50,70,55,Event,99
TE01841,EDGE0166,LOC052,2026-05-24T00:31:42,Low,85,90,11,Accident,19
TE01842,EDGE0254,LOC012,2026-02-10T03:01:07,Moderate,58,70,33,Accident,59
TE01843,EDGE0048,LOC064,2026-03-18T08:02:11,Low,85,90,11,Weather-related,19
TE01844,EDGE0252,LOC069,2026-02-12T05:08:01,Moderate,51,70,52,Accident,93
TE01845,EDGE0296,LOC033,2026-02-04T01:53:48,High,29,45,67,Weather-related,120
TE01846,EDGE0166,LOC021,2024-10-06T11:25:39,Moderate,56,70,39,Accident,70
TE01847,EDGE0225,LOC014,2024-12-27T12:29:29,Moderate,51,70,52,Weather-related,93
TE01848,EDGE0120,LOC025,2025-03-27T06:10:47,Moderate,56,70,38,Accident,68
TE01849,EDGE0359,LOC073,2024-10-27T16:16:11,Moderate,54,70,43,Event,77
TE01850,EDGE0084,LOC006,2024-01-03T10:56:27,Moderate,51,70,53,Accident,95
TE01851,EDGE0011,LOC062,2024-07-02T15:04:53,High,29,45,70,Construction,126
TE01852,EDGE0086,LOC048,2024-02-07T06:17:33,Moderate,52,70,51,Rush Hour,91
TE01853,EDGE0016,LOC002,2025-12-23T04:11:33,Low,81,90,19,Construction,34
TE01854,EDGE0232,LOC046,2024-07-02T04:35:22,Low,80,90,21,Accident,37
TE01855,EDGE0046,LOC018,2024-11-18T01:51:13,High,27,45,78,Rush Hour,140
TE01856,EDGE0138,LOC027,2025-10-06T02:36:17,Moderate,49,70,59,Construction,106
TE01857,EDGE0169,LOC039,2025-10-05T04:34:21,Moderate,53,70,46,Weather-related,82
TE01858,EDGE0184,LOC025,2024-03-11T16:04:18,Severe,11,20,87,Rush Hour,156
TE01859,EDGE0307,LOC056,2025-06-02T12:40:38,Moderate,56,70,38,Weather-related,68
TE01860,EDGE0010,LOC032,2025-06-27T03:53:54,High,27,45,77,Event,138
TE01861,EDGE0177,LOC013,2026-05-20T13:48:15,Moderate,54,70,45,Construction,81
TE01862,EDGE0276,LOC062,2024-11-25T20:31:55,Low,85,90,11,Event,19
TE01863,EDGE0032,LOC012,2024-01-18T13:11:33,Low,80,90,21,Event,37
TE01864,EDGE0277,LOC017,2024-11-08T12:48:00,High,29,45,71,Event,127
TE01865,EDGE0280,LOC028,2025-03-13T11:48:16,Low,81,90,20,Weather-related,36
TE01866,EDGE0024,LOC047,2025-01-30T05:22:21,Low,87,90,6,Rush Hour,10
TE01867,EDGE0105,LOC034,2024-04-15T09:06:42,Severe,10,20,99,Event,178
TE01868,EDGE0325,LOC006,2025-04-23T02:35:32,Low,83,90,14,Accident,25
TE01869,EDGE0313,LOC071,2025-04-11T11:23:55,Severe,11,20,85,Accident,153
TE01870,EDGE0194,LOC016,2026-02-26T02:45:30,Moderate,56,70,38,Accident,68
TE01871,EDGE0241,LOC010,2026-05-04T09:14:51,High,28,45,73,Rush Hour,131
TE01872,EDGE0164,LOC060,2025-05-18T04:45:21,Low,77,90,28,Accident,50
TE01873,EDGE0130,LOC051,2024-01-10T12:35:24,Moderate,58,70,32,Construction,57
TE01874,EDGE0274,LOC060,2024-06-25T20:08:31,Low,84,90,12,Rush Hour,21
TE01875,EDGE0361,LOC048,2025-06-01T17:41:12,High,30,45,65,Rush Hour,117
TE01876,EDGE0307,LOC025,2025-06-14T06:52:56,Moderate,51,70,52,Weather-related,93
TE01877,EDGE0313,LOC027,2025-09-07T05:47:20,Moderate,53,70,47,Weather-related,84
TE01878,EDGE0130,LOC046,2026-06-02T18:55:56,High,30,45,66,Construction,118
TE01879,EDGE0048,LOC011,2024-02-15T05:34:28,Low,89,90,2,Accident,3
TE01880,EDGE0091,LOC020,2024-09-29T19:55:37,High,30,45,64,Event,115
TE01881,EDGE0228,LOC049,2024-10-28T09:25:30,High,28,45,72,Weather-related,129
TE01882,EDGE0015,LOC061,2025-05-28T10:29:09,Low,86,90,8,Weather-related,14
TE01883,EDGE0267,LOC048,2025-06-08T23:11:56,Moderate,54,70,45,Construction,81
TE01884,EDGE0274,LOC059,2026-01-14T06:27:03,Severe,11,20,82,Rush Hour,147
TE01885,EDGE0315,LOC005,2026-01-07T02:39:32,High,27,45,80,Rush Hour,144
TE01886,EDGE0353,LOC052,2024-02-25T05:42:27,Moderate,50,70,55,Accident,99
TE01887,EDGE0221,LOC026,2024-07-29T21:16:19,Severe,10,20,91,Weather-related,163
TE01888,EDGE0138,LOC009,2026-01-17T23:27:15,Moderate,54,70,45,Event,81
TE01889,EDGE0249,LOC032,2024-08-29T09:13:14,Moderate,54,70,44,Rush Hour,79
TE01890,EDGE0329,LOC042,2025-12-16T13:04:52,Severe,10,20,98,Accident,176
TE01891,EDGE0257,LOC067,2026-04-14T03:36:03,Moderate,50,70,55,Accident,99
TE01892,EDGE0040,LOC042,2025-06-04T13:47:36,Low,81,90,19,Rush Hour,34
TE01893,EDGE0009,LOC035,2025-12-19T10:08:02,Severe,10,20,97,Construction,174
TE01894,EDGE0334,LOC073,2025-10-05T01:17:19,Low,79,90,23,Rush Hour,41
TE01895,EDGE0181,LOC001,2024-03-28T00:39:43,Severe,11,20,90,Construction,162
TE01896,EDGE0249,LOC011,2026-03-20T11:01:04,Severe,11,20,83,Weather-related,149
TE01897,EDGE0144,LOC023,2025-04-10T00:20:37,Severe,10,20,99,Event,178
TE01898,EDGE0246,LOC053,2026-05-27T14:35:17,High,27,45,78,Weather-related,140
TE01899,EDGE0025,LOC004,2025-05-05T02:47:54,Moderate,50,70,55,Accident,99
TE01900,EDGE0347,LOC042,2026-05-12T10:30:23,High,28,45,72,Rush Hour,129
TE01901,EDGE0267,LOC010,2026-04-12T11:15:31,Low,86,90,7,Weather-related,12
TE01902,EDGE0082,LOC020,2024-01-30T01:52:25,Moderate,50,70,56,Event,100
TE01903,EDGE0300,LOC023,2024-11-19T12:35:15,High,29,45,67,Construction,120
TE01904,EDGE0344,LOC035,2026-06-15T22:56:39,Moderate,51,70,53,Accident,95
TE01905,EDGE0254,LOC039,2025-05-30T07:23:29,High,28,45,73,Event,131
TE01906,EDGE0261,LOC041,2025-07-03T06:59:50,Low,80,90,22,Construction,39
TE01907,EDGE0058,LOC003,2024-04-12T20:36:03,Low,84,90,13,Event,23
TE01908,EDGE0254,LOC038,2024-08-19T22:29:25,High,30,45,64,Rush Hour,115
TE01909,EDGE0035,LOC068,2025-03-11T16:18:27,Moderate,53,70,46,Construction,82
TE01910,EDGE0057,LOC024,2024-02-18T10:13:11,Severe,10,20,100,Accident,180
TE01911,EDGE0030,LOC029,2025-06-10T20:31:06,Severe,11,20,88,Weather-related,158
TE01912,EDGE0221,LOC053,2025-08-05T21:59:24,Low,77,90,27,Construction,48
TE01913,EDGE0122,LOC053,2026-04-09T23:08:51,Moderate,54,70,43,Event,77
TE01914,EDGE0049,LOC027,2024-09-14T19:47:27,High,28,45,75,Event,135
TE01915,EDGE0347,LOC067,2026-06-05T23:44:18,Low,76,90,29,Construction,52
TE01916,EDGE0078,LOC067,2025-08-28T04:05:00,High,29,45,68,Accident,122
TE01917,EDGE0249,LOC061,2024-10-18T01:59:31,Severe,11,20,87,Event,156
TE01918,EDGE0100,LOC048,2024-06-30T12:17:01,Low,87,90,6,Event,10
TE01919,EDGE0109,LOC025,2025-04-23T21:33:51,High,28,45,72,Accident,129
TE01920,EDGE0146,LOC064,2025-05-03T13:23:14,Moderate,54,70,43,Construction,77
TE01921,EDGE0178,LOC069,2024-02-19T03:11:07,Low,83,90,14,Weather-related,25
TE01922,EDGE0105,LOC006,2025-02-25T18:09:26,Moderate,53,70,47,Construction,84
TE01923,EDGE0169,LOC061,2025-10-04T22:10:33,Moderate,59,70,31,Rush Hour,55
TE01924,EDGE0169,LOC034,2024-05-14T20:03:21,Low,88,90,3,Accident,5
TE01925,EDGE0086,LOC033,2026-02-11T03:31:56,Low,88,90,4,Accident,7
TE01926,EDGE0139,LOC073,2025-01-04T03:56:42,High,31,45,61,Rush Hour,109
TE01927,EDGE0252,LOC005,2025-07-31T05:38:23,High,28,45,75,Rush Hour,135
TE01928,EDGE0359,LOC022,2025-12-03T00:17:20,Moderate,56,70,39,Weather-related,70
TE01929,EDGE0165,LOC074,2025-04-15T02:48:57,Moderate,51,70,52,Rush Hour,93
TE01930,EDGE0099,LOC037,2024-12-01T18:16:43,Severe,11,20,90,Construction,162
TE01931,EDGE0352,LOC047,2026-03-26T17:09:45,Moderate,51,70,53,Construction,95
TE01932,EDGE0349,LOC011,2025-04-14T15:14:35,Low,84,90,12,Weather-related,21
TE01933,EDGE0297,LOC036,2024-09-28T20:56:53,Moderate,51,70,54,Event,97
TE01934,EDGE0268,LOC066,2024-06-23T08:17:06,Severe,11,20,81,Construction,145
TE01935,EDGE0357,LOC064,2025-08-04T07:46:19,Moderate,53,70,46,Accident,82
TE01936,EDGE0130,LOC006,2024-02-28T02:11:16,Low,86,90,8,Event,14
TE01937,EDGE0044,LOC046,2024-11-09T22:46:29,Low,79,90,23,Accident,41
TE01938,EDGE0204,LOC067,2024-05-23T20:31:54,Severe,10,20,97,Construction,174
TE01939,EDGE0326,LOC010,2025-11-20T09:05:50,Low,81,90,18,Event,32
TE01940,EDGE0369,LOC051,2026-02-25T00:50:58,Low,77,90,27,Rush Hour,48
TE01941,EDGE0098,LOC005,2024-02-08T17:38:08,Severe,11,20,88,Construction,158
TE01942,EDGE0085,LOC022,2026-01-19T18:59:16,Moderate,57,70,37,Rush Hour,66
TE01943,EDGE0284,LOC032,2026-02-15T19:22:33,Low,90,90,0,Accident,0
TE01944,EDGE0314,LOC039,2024-08-27T08:26:09,Moderate,55,70,42,Construction,75
TE01945,EDGE0089,LOC029,2024-10-22T11:36:19,Moderate,57,70,36,Event,64
TE01946,EDGE0297,LOC008,2025-06-12T08:26:23,Severe,10,20,99,Weather-related,178
TE01947,EDGE0212,LOC001,2026-01-21T01:08:25,Severe,11,20,90,Rush Hour,162
TE01948,EDGE0217,LOC040,2026-03-24T10:15:55,Low,78,90,26,Construction,46
TE01949,EDGE0291,LOC068,2025-04-27T03:00:40,Severe,10,20,97,Rush Hour,174
TE01950,EDGE0300,LOC014,2025-05-23T12:02:36,Severe,11,20,88,Construction,158
TE01951,EDGE0240,LOC020,2024-08-10T14:25:35,Moderate,56,70,38,Accident,68
TE01952,EDGE0306,LOC056,2024-06-01T15:05:01,High,30,45,63,Rush Hour,113
TE01953,EDGE0308,LOC041,2026-03-12T19:20:26,Moderate,53,70,47,Rush Hour,84
TE01954,EDGE0100,LOC020,2024-07-25T04:03:15,High,27,45,77,Weather-related,138
TE01955,EDGE0092,LOC039,2024-11-14T17:55:47,Moderate,54,70,45,Accident,81
TE01956,EDGE0336,LOC048,2024-02-26T18:46:38,Moderate,53,70,47,Weather-related,84
TE01957,EDGE0035,LOC041,2025-12-14T14:29:44,Severe,11,20,88,Weather-related,158
TE01958,EDGE0337,LOC075,2025-08-25T02:20:09,Moderate,53,70,46,Accident,82
TE01959,EDGE0007,LOC035,2026-03-22T10:25:42,Moderate,50,70,56,Rush Hour,100
TE01960,EDGE0002,LOC017,2024-06-28T22:40:43,High,27,45,76,Rush Hour,136
TE01961,EDGE0260,LOC046,2024-01-07T09:13:37,High,27,45,78,Accident,140
TE01962,EDGE0230,LOC069,2025-04-28T02:13:25,High,30,45,65,Weather-related,117
TE01963,EDGE0006,LOC068,2024-03-09T09:33:21,Severe,10,20,98,Weather-related,176
TE01964,EDGE0195,LOC057,2024-05-15T06:25:28,Moderate,52,70,50,Rush Hour,90
TE01965,EDGE0149,LOC032,2025-06-01T17:56:33,Low,79,90,23,Weather-related,41
TE01966,EDGE0023,LOC005,2025-12-26T06:23:42,Severe,11,20,88,Weather-related,158
TE01967,EDGE0330,LOC055,2024-03-12T16:12:55,High,29,45,69,Rush Hour,124
TE01968,EDGE0063,LOC048,2024-06-09T03:57:07,Low,78,90,25,Event,45
TE01969,EDGE0268,LOC057,2026-03-19T16:32:37,Moderate,54,70,45,Event,81
TE01970,EDGE0224,LOC059,2025-04-30T10:07:43,Moderate,55,70,41,Event,73
TE01971,EDGE0201,LOC050,2024-02-04T22:07:29,Moderate,59,70,31,Weather-related,55
TE01972,EDGE0029,LOC020,2026-06-16T04:59:28,Moderate,53,70,47,Weather-related,84
TE01973,EDGE0294,LOC061,2025-04-29T21:31:50,Moderate,52,70,49,Rush Hour,88
TE01974,EDGE0030,LOC058,2024-11-21T23:36:51,Low,80,90,21,Rush Hour,37
TE01975,EDGE0146,LOC038,2025-05-13T11:17:14,Low,80,90,22,Accident,39
TE01976,EDGE0190,LOC044,2024-11-07T13:15:05,Moderate,54,70,43,Accident,77
TE01977,EDGE0301,LOC006,2024-10-26T02:37:18,Low,76,90,30,Event,54
TE01978,EDGE0219,LOC065,2025-03-21T04:00:22,Moderate,54,70,43,Rush Hour,77
TE01979,EDGE0095,LOC033,2025-03-05T18:14:32,High,28,45,75,Weather-related,135
TE01980,EDGE0319,LOC062,2026-04-06T20:40:49,High,29,45,68,Rush Hour,122
TE01981,EDGE0263,LOC069,2025-05-10T18:45:59,Low,84,90,12,Accident,21
TE01982,EDGE0197,LOC003,2025-11-16T05:58:56,Moderate,51,70,53,Event,95
TE01983,EDGE0215,LOC073,2024-07-01T18:20:28,Low,87,90,6,Event,10
TE01984,EDGE0039,LOC014,2025-02-27T13:17:08,Moderate,55,70,41,Rush Hour,73
TE01985,EDGE0140,LOC002,2024-08-19T23:04:48,Severe,11,20,86,Event,154
TE01986,EDGE0213,LOC061,2024-09-01T15:52:37,High,29,45,68,Event,122
TE01987,EDGE0239,LOC015,2025-03-01T01:55:21,Low,84,90,12,Event,21
TE01988,EDGE0354,LOC049,2024-06-26T19:23:34,Moderate,57,70,36,Construction,64
TE01989,EDGE0230,LOC073,2024-01-24T16:48:41,Low,78,90,26,Rush Hour,46
TE01990,EDGE0030,LOC054,2026-05-19T08:21:38,High,27,45,79,Construction,142
TE01991,EDGE0263,LOC022,2026-03-09T13:34:14,Moderate,56,70,39,Event,70
TE01992,EDGE0146,LOC058,2024-06-08T00:49:39,Moderate,53,70,48,Event,86
TE01993,EDGE0058,LOC014,2024-11-16T21:45:46,Moderate,52,70,50,Weather-related,90
TE01994,EDGE0128,LOC069,2026-04-22T18:56:11,Severe,10,20,98,Rush Hour,176
TE01995,EDGE0261,LOC074,2025-06-28T04:48:24,Severe,11,20,82,Weather-related,147
TE01996,EDGE0324,LOC066,2026-05-03T09:50:10,Moderate,57,70,35,Event,63
TE01997,EDGE0043,LOC030,2025-05-09T17:58:41,High,29,45,71,Construction,127
TE01998,EDGE0205,LOC041,2025-02-25T01:33:17,Moderate,56,70,40,Rush Hour,72
TE01999,EDGE0304,LOC011,2024-08-07T21:37:15,Low,77,90,27,Rush Hour,48
TE02000,EDGE0123,LOC057,2025-03-16T00:59:06,Low,82,90,17,Accident,30
TE02001,EDGE0367,LOC050,2026-06-10T19:21:48,High,30,45,66,Weather-related,118
TE02002,EDGE0188,LOC018,2025-01-15T07:44:25,Severe,11,20,90,Construction,162
TE02003,EDGE0108,LOC066,2024-09-23T01:35:38,Moderate,58,70,32,Weather-related,57
TE02004,EDGE0292,LOC059,2024-04-20T16:07:36,High,31,45,61,Rush Hour,109
TE02005,EDGE0124,LOC047,2025-04-28T16:59:48,Low,85,90,10,Rush Hour,18
TE02006,EDGE0325,LOC034,2025-06-10T05:06:04,Severe,11,20,86,Event,154
TE02007,EDGE0308,LOC037,2026-04-19T18:10:30,High,28,45,73,Construction,131
TE02008,EDGE0068,LOC041,2025-11-20T04:22:58,High,27,45,80,Event,144
TE02009,EDGE0218,LOC016,2024-03-19T19:12:33,Moderate,50,70,57,Construction,102
TE02010,EDGE0302,LOC006,2024-07-21T01:30:37,Moderate,56,70,39,Event,70
TE02011,EDGE0151,LOC044,2024-02-15T00:55:32,Moderate,57,70,37,Rush Hour,66
TE02012,EDGE0033,LOC044,2026-01-01T06:17:39,High,29,45,68,Weather-related,122
TE02013,EDGE0204,LOC005,2024-03-19T09:08:11,Severe,11,20,86,Construction,154
TE02014,EDGE0134,LOC054,2024-06-13T13:14:30,High,29,45,67,Event,120
TE02015,EDGE0152,LOC038,2025-08-18T21:37:52,High,27,45,78,Accident,140
TE02016,EDGE0241,LOC035,2024-03-24T13:48:17,Low,87,90,5,Event,9
TE02017,EDGE0015,LOC036,2024-05-13T18:46:14,Severe,11,20,83,Weather-related,149
TE02018,EDGE0206,LOC021,2025-10-24T11:47:43,Moderate,56,70,39,Weather-related,70
TE02019,EDGE0263,LOC024,2025-08-31T19:42:57,High,29,45,67,Accident,120
TE02020,EDGE0364,LOC062,2024-10-05T00:58:10,High,29,45,67,Accident,120
TE02021,EDGE0064,LOC071,2025-11-23T13:58:50,Severe,11,20,89,Rush Hour,160
TE02022,EDGE0061,LOC003,2025-07-06T10:38:07,Severe,10,20,91,Event,163
TE02023,EDGE0252,LOC031,2025-04-30T08:37:54,High,29,45,67,Weather-related,120
TE02024,EDGE0053,LOC030,2025-05-31T06:14:18,High,29,45,71,Weather-related,127
TE02025,EDGE0101,LOC067,2024-11-03T19:27:38,Severe,10,20,99,Accident,178
TE02026,EDGE0078,LOC014,2026-04-08T17:45:35,Moderate,51,70,53,Event,95
TE02027,EDGE0260,LOC039,2024-05-02T00:23:32,High,28,45,74,Rush Hour,133
TE02028,EDGE0354,LOC060,2025-12-24T10:22:53,Low,78,90,26,Weather-related,46
TE02029,EDGE0200,LOC011,2026-06-01T00:43:10,Severe,11,20,83,Event,149
TE02030,EDGE0343,LOC072,2024-07-23T17:41:03,Moderate,58,70,33,Accident,59
TE02031,EDGE0367,LOC042,2024-05-24T08:09:57,Moderate,54,70,44,Accident,79
TE02032,EDGE0101,LOC048,2025-12-28T10:35:28,High,28,45,75,Accident,135
TE02033,EDGE0051,LOC007,2024-05-31T02:13:38,Moderate,49,70,58,Event,104
TE02034,EDGE0271,LOC015,2025-12-08T17:24:32,Moderate,50,70,55,Weather-related,99
TE02035,EDGE0300,LOC040,2025-04-27T04:14:26,Moderate,50,70,57,Construction,102
TE02036,EDGE0022,LOC017,2025-12-23T23:14:29,Moderate,57,70,37,Construction,66
TE02037,EDGE0129,LOC050,2025-12-31T23:13:18,High,29,45,71,Accident,127
TE02038,EDGE0272,LOC029,2024-12-25T22:11:10,Severe,10,20,95,Event,171
TE02039,EDGE0090,LOC043,2024-12-13T15:39:43,Moderate,58,70,33,Event,59
TE02040,EDGE0330,LOC031,2024-08-11T06:19:57,Moderate,49,70,60,Accident,108
TE02041,EDGE0055,LOC021,2025-02-04T20:54:15,Severe,11,20,86,Rush Hour,154
TE02042,EDGE0090,LOC024,2025-07-18T14:22:25,Low,84,90,12,Accident,21
TE02043,EDGE0343,LOC065,2025-09-01T01:41:13,Moderate,53,70,47,Event,84
TE02044,EDGE0105,LOC045,2024-10-11T19:53:52,Severe,10,20,91,Event,163
TE02045,EDGE0280,LOC075,2025-05-28T03:31:07,Moderate,51,70,53,Rush Hour,95
TE02046,EDGE0149,LOC036,2025-05-19T11:58:15,Moderate,55,70,42,Weather-related,75
TE02047,EDGE0297,LOC073,2025-12-05T03:37:03,Moderate,52,70,49,Rush Hour,88
TE02048,EDGE0126,LOC019,2026-01-27T07:34:06,Severe,11,20,87,Event,156
TE02049,EDGE0213,LOC056,2024-02-17T00:19:43,Severe,11,20,88,Rush Hour,158
TE02050,EDGE0147,LOC040,2024-04-11T12:59:28,High,27,45,78,Rush Hour,140
TE02051,EDGE0342,LOC040,2026-01-08T09:44:58,Moderate,51,70,53,Weather-related,95
TE02052,EDGE0241,LOC050,2024-06-24T08:44:04,Low,81,90,20,Rush Hour,36
TE02053,EDGE0330,LOC009,2025-06-29T22:39:48,Moderate,50,70,55,Weather-related,99
TE02054,EDGE0314,LOC054,2026-01-13T13:26:35,High,29,45,68,Weather-related,122
TE02055,EDGE0249,LOC058,2025-12-17T12:20:10,High,30,45,65,Accident,117
TE02056,EDGE0054,LOC050,2024-09-22T07:56:35,Low,81,90,20,Rush Hour,36
TE02057,EDGE0305,LOC067,2025-03-14T11:19:02,Low,81,90,18,Event,32
TE02058,EDGE0191,LOC016,2025-06-25T13:19:32,Low,77,90,28,Accident,50
TE02059,EDGE0263,LOC068,2026-06-11T17:33:30,Moderate,52,70,51,Rush Hour,91
TE02060,EDGE0154,LOC063,2024-07-16T21:35:33,Low,89,90,1,Event,1
TE02061,EDGE0049,LOC016,2026-02-28T01:44:10,Low,86,90,7,Accident,12
TE02062,EDGE0333,LOC014,2024-06-08T21:35:27,Severe,10,20,93,Event,167
TE02063,EDGE0093,LOC047,2025-09-22T05:04:10,Severe,10,20,94,Construction,169
TE02064,EDGE0355,LOC033,2024-06-15T04:33:06,High,30,45,63,Event,113
TE02065,EDGE0187,LOC053,2025-05-21T05:18:14,Moderate,51,70,52,Rush Hour,93
TE02066,EDGE0139,LOC048,2026-05-13T22:46:10,Low,81,90,20,Accident,36
TE02067,EDGE0046,LOC025,2024-04-20T04:14:16,Severe,11,20,83,Accident,149
TE02068,EDGE0162,LOC075,2025-04-14T07:46:48,Low,84,90,12,Weather-related,21
TE02069,EDGE0133,LOC049,2026-04-07T14:11:39,Moderate,49,70,59,Accident,106
TE02070,EDGE0342,LOC018,2025-12-17T02:23:17,Severe,11,20,87,Rush Hour,156
TE02071,EDGE0115,LOC041,2025-09-14T15:31:16,Severe,10,20,92,Accident,165
TE02072,EDGE0121,LOC016,2025-10-04T06:13:53,Low,82,90,17,Accident,30
TE02073,EDGE0110,LOC045,2025-01-05T14:43:53,High,29,45,71,Accident,127
TE02074,EDGE0172,LOC023,2025-01-13T13:27:40,High,28,45,72,Rush Hour,129
TE02075,EDGE0241,LOC055,2026-05-01T05:01:12,Low,76,90,30,Construction,54
TE02076,EDGE0056,LOC057,2024-09-04T00:42:21,Low,85,90,11,Construction,19
TE02077,EDGE0166,LOC061,2026-01-19T08:13:50,Low,89,90,2,Weather-related,3
TE02078,EDGE0370,LOC026,2025-08-19T05:42:53,Moderate,54,70,45,Weather-related,81
TE02079,EDGE0167,LOC005,2024-04-12T14:53:34,High,29,45,68,Rush Hour,122
TE02080,EDGE0232,LOC041,2025-06-13T06:44:40,Severe,11,20,90,Accident,162
TE02081,EDGE0356,LOC048,2024-11-19T11:40:50,Moderate,58,70,34,Weather-related,61
TE02082,EDGE0293,LOC047,2025-10-31T18:22:51,High,31,45,61,Construction,109
TE02083,EDGE0085,LOC007,2025-11-07T07:09:45,High,27,45,76,Accident,136
TE02084,EDGE0301,LOC022,2026-05-31T03:09:57,Severe,11,20,84,Accident,151
TE02085,EDGE0108,LOC017,2025-06-15T14:10:18,Moderate,51,70,53,Construction,95
TE02086,EDGE0354,LOC030,2026-04-25T21:26:00,Moderate,50,70,57,Construction,102
TE02087,EDGE0166,LOC021,2025-01-01T20:28:16,Low,90,90,0,Weather-related,0
TE02088,EDGE0249,LOC065,2024-09-25T21:05:36,Moderate,51,70,54,Accident,97
TE02089,EDGE0157,LOC052,2024-05-01T00:06:49,High,28,45,73,Construction,131
TE02090,EDGE0134,LOC045,2026-06-10T23:17:27,Moderate,55,70,42,Accident,75
TE02091,EDGE0190,LOC016,2026-01-25T22:53:34,Severe,11,20,84,Weather-related,151
TE02092,EDGE0033,LOC020,2024-06-26T14:15:54,Severe,10,20,94,Weather-related,169
TE02093,EDGE0348,LOC044,2025-12-20T02:28:38,Severe,11,20,88,Accident,158
TE02094,EDGE0345,LOC052,2025-05-20T10:58:28,High,27,45,78,Rush Hour,140
TE02095,EDGE0073,LOC065,2026-05-12T07:10:10,Moderate,54,70,44,Accident,79
TE02096,EDGE0076,LOC049,2024-05-31T16:48:05,Moderate,57,70,37,Event,66
TE02097,EDGE0162,LOC057,2025-11-22T14:51:51,Moderate,56,70,39,Accident,70
TE02098,EDGE0164,LOC025,2024-09-30T16:14:34,Severe,10,20,98,Accident,176
TE02099,EDGE0161,LOC002,2025-04-23T12:24:14,Moderate,53,70,46,Accident,82
TE02100,EDGE0317,LOC030,2025-09-22T09:05:08,Severe,11,20,82,Accident,147
TE02101,EDGE0167,LOC039,2024-04-18T03:09:38,High,29,45,71,Accident,127
TE02102,EDGE0084,LOC034,2024-06-17T22:17:37,Low,80,90,21,Event,37
TE02103,EDGE0349,LOC055,2025-08-11T14:49:35,High,30,45,63,Construction,113
TE02104,EDGE0337,LOC050,2025-05-23T14:39:50,Low,87,90,6,Rush Hour,10
TE02105,EDGE0241,LOC074,2026-02-06T20:39:31,Low,81,90,20,Rush Hour,36
TE02106,EDGE0069,LOC037,2024-04-05T12:13:24,High,28,45,73,Construction,131
TE02107,EDGE0330,LOC071,2024-05-20T15:18:54,Low,88,90,3,Weather-related,5
TE02108,EDGE0250,LOC021,2024-12-04T01:09:17,Low,83,90,15,Construction,27
TE02109,EDGE0165,LOC041,2024-08-03T19:11:28,High,27,45,78,Rush Hour,140
TE02110,EDGE0100,LOC001,2026-06-21T04:35:46,Severe,10,20,94,Weather-related,169
TE02111,EDGE0341,LOC034,2024-01-01T06:52:21,Low,85,90,10,Rush Hour,18
TE02112,EDGE0294,LOC074,2024-08-15T22:19:03,Moderate,55,70,41,Weather-related,73
TE02113,EDGE0360,LOC062,2024-08-19T19:11:30,Moderate,51,70,52,Weather-related,93
TE02114,EDGE0021,LOC034,2025-12-04T16:06:37,High,27,45,76,Event,136
TE02115,EDGE0104,LOC047,2026-04-05T06:39:09,Low,87,90,6,Accident,10
TE02116,EDGE0018,LOC072,2025-03-28T20:01:44,Low,84,90,13,Event,23
TE02117,EDGE0278,LOC066,2025-08-28T19:36:26,Low,86,90,7,Event,12
TE02118,EDGE0349,LOC043,2026-06-16T18:50:41,Low,84,90,13,Construction,23
TE02119,EDGE0090,LOC014,2025-11-25T15:19:28,High,30,45,66,Rush Hour,118
TE02120,EDGE0009,LOC074,2024-10-30T22:58:49,Moderate,55,70,42,Accident,75
TE02121,EDGE0223,LOC033,2024-11-15T11:37:23,Low,86,90,8,Event,14
TE02122,EDGE0008,LOC075,2025-05-06T19:37:06,Low,83,90,15,Rush Hour,27
TE02123,EDGE0038,LOC020,2025-04-10T14:56:35,Low,81,90,19,Accident,34
TE02124,EDGE0042,LOC041,2026-06-04T21:26:43,Moderate,54,70,43,Construction,77
TE02125,EDGE0147,LOC002,2025-04-18T02:27:06,Low,81,90,20,Rush Hour,36
TE02126,EDGE0239,LOC074,2025-11-06T07:47:54,Low,76,90,30,Accident,54
TE02127,EDGE0097,LOC053,2025-06-18T19:06:55,Low,81,90,18,Construction,32
TE02128,EDGE0153,LOC047,2024-05-18T16:52:32,Low,83,90,14,Rush Hour,25
TE02129,EDGE0361,LOC071,2026-06-24T05:38:11,Low,86,90,8,Weather-related,14
TE02130,EDGE0218,LOC010,2024-01-13T14:42:27,High,31,45,62,Accident,111
TE02131,EDGE0174,LOC055,2026-03-03T21:58:53,Moderate,58,70,33,Rush Hour,59
TE02132,EDGE0059,LOC017,2025-09-19T21:34:18,High,29,45,69,Weather-related,124
TE02133,EDGE0155,LOC023,2024-07-17T03:37:15,Severe,10,20,98,Accident,176
TE02134,EDGE0183,LOC023,2025-04-01T23:59:57,Low,80,90,21,Weather-related,37
TE02135,EDGE0044,LOC031,2024-04-06T22:50:03,High,28,45,75,Construction,135
TE02136,EDGE0029,LOC020,2025-07-27T13:37:37,Low,84,90,12,Event,21
TE02137,EDGE0059,LOC059,2026-05-02T15:55:15,Moderate,57,70,37,Rush Hour,66
TE02138,EDGE0059,LOC033,2024-03-23T12:43:47,Moderate,51,70,53,Event,95
TE02139,EDGE0044,LOC036,2024-01-02T07:26:27,Severe,11,20,86,Weather-related,154
TE02140,EDGE0009,LOC006,2026-05-19T23:26:28,Moderate,55,70,41,Accident,73
TE02141,EDGE0179,LOC016,2025-07-12T01:36:38,Moderate,52,70,49,Event,88
TE02142,EDGE0234,LOC073,2024-06-19T09:50:58,High,29,45,71,Rush Hour,127
TE02143,EDGE0318,LOC003,2025-03-14T09:31:23,Low,81,90,18,Event,32
TE02144,EDGE0053,LOC074,2024-02-18T10:39:05,Severe,10,20,99,Event,178
TE02145,EDGE0071,LOC031,2024-12-31T10:25:35,Moderate,51,70,54,Weather-related,97
TE02146,EDGE0118,LOC065,2025-11-01T15:31:13,Severe,10,20,95,Construction,171
TE02147,EDGE0146,LOC038,2025-09-04T11:23:18,Low,76,90,29,Event,52
TE02148,EDGE0335,LOC061,2025-05-09T04:38:44,Severe,10,20,95,Construction,171
TE02149,EDGE0096,LOC004,2025-08-17T15:25:52,Moderate,51,70,52,Construction,93
TE02150,EDGE0124,LOC054,2025-09-22T17:59:40,Low,78,90,26,Weather-related,46
TE02151,EDGE0055,LOC038,2025-08-15T17:46:33,Low,77,90,28,Weather-related,50
TE02152,EDGE0144,LOC069,2025-11-07T01:03:39,Low,79,90,24,Rush Hour,43
TE02153,EDGE0264,LOC056,2026-04-26T19:30:05,High,29,45,69,Event,124
TE02154,EDGE0122,LOC006,2024-11-24T02:42:21,High,29,45,69,Event,124
TE02155,EDGE0223,LOC037,2024-09-26T09:11:50,Moderate,56,70,38,Rush Hour,68
TE02156,EDGE0310,LOC014,2026-01-07T16:29:22,Low,82,90,17,Construction,30
TE02157,EDGE0328,LOC013,2024-08-04T00:51:47,Moderate,49,70,59,Accident,106
TE02158,EDGE0250,LOC042,2024-10-19T09:36:18,Moderate,51,70,53,Event,95
TE02159,EDGE0254,LOC066,2026-05-12T19:37:02,Low,78,90,25,Event,45
TE02160,EDGE0213,LOC071,2025-08-20T10:44:34,Moderate,51,70,52,Construction,93
TE02161,EDGE0137,LOC063,2025-07-13T16:30:21,Moderate,49,70,59,Rush Hour,106
TE02162,EDGE0020,LOC049,2025-10-10T03:40:00,High,31,45,61,Weather-related,109
TE02163,EDGE0112,LOC057,2024-08-27T15:30:05,Moderate,50,70,57,Event,102
TE02164,EDGE0060,LOC062,2025-03-24T02:58:24,Low,78,90,25,Rush Hour,45
TE02165,EDGE0062,LOC017,2024-07-14T00:48:42,High,28,45,73,Accident,131
TE02166,EDGE0151,LOC027,2024-07-27T14:13:34,Severe,11,20,84,Event,151
TE02167,EDGE0041,LOC068,2024-01-19T00:34:55,Moderate,50,70,56,Rush Hour,100
TE02168,EDGE0017,LOC037,2024-04-21T10:53:04,Severe,11,20,84,Construction,151
TE02169,EDGE0228,LOC016,2024-01-25T09:37:45,Moderate,53,70,48,Rush Hour,86
TE02170,EDGE0266,LOC047,2024-08-11T16:33:20,Moderate,55,70,41,Event,73
TE02171,EDGE0097,LOC002,2026-01-26T01:32:27,High,28,45,72,Construction,129
TE02172,EDGE0036,LOC051,2025-11-09T10:39:54,Low,88,90,3,Construction,5
TE02173,EDGE0230,LOC051,2024-07-29T22:05:12,Moderate,53,70,47,Weather-related,84
TE02174,EDGE0003,LOC034,2024-05-11T12:28:55,Moderate,51,70,54,Event,97
TE02175,EDGE0227,LOC051,2024-08-01T03:56:32,Moderate,53,70,46,Event,82
TE02176,EDGE0313,LOC050,2025-10-08T00:12:55,Moderate,52,70,51,Weather-related,91
TE02177,EDGE0322,LOC020,2025-12-09T09:58:49,Moderate,51,70,52,Weather-related,93
TE02178,EDGE0310,LOC015,2025-10-23T07:24:06,Severe,11,20,82,Accident,147
TE02179,EDGE0001,LOC052,2024-10-06T07:19:55,Severe,10,20,100,Event,180
TE02180,EDGE0237,LOC013,2025-12-06T21:02:58,Moderate,58,70,32,Rush Hour,57
TE02181,EDGE0184,LOC035,2026-03-02T08:21:52,Severe,11,20,82,Event,147
TE02182,EDGE0081,LOC070,2025-10-20T20:30:51,Low,85,90,11,Rush Hour,19
TE02183,EDGE0033,LOC055,2026-05-07T13:55:00,Moderate,57,70,36,Event,64
TE02184,EDGE0262,LOC011,2025-11-30T02:55:20,High,27,45,79,Event,142
TE02185,EDGE0279,LOC061,2025-08-20T15:12:15,Severe,11,20,83,Weather-related,149
TE02186,EDGE0232,LOC032,2025-07-05T22:48:49,Severe,10,20,100,Accident,180
TE02187,EDGE0249,LOC075,2024-12-16T16:13:53,Moderate,51,70,52,Weather-related,93
TE02188,EDGE0257,LOC070,2024-10-15T14:47:30,Moderate,49,70,58,Construction,104
TE02189,EDGE0288,LOC056,2025-10-21T20:38:33,Moderate,49,70,58,Event,104
TE02190,EDGE0035,LOC033,2024-01-12T13:00:36,Severe,11,20,83,Construction,149
TE02191,EDGE0063,LOC033,2026-06-16T19:06:32,Low,84,90,13,Event,23
TE02192,EDGE0044,LOC016,2026-02-12T20:38:15,Severe,10,20,100,Construction,180
TE02193,EDGE0357,LOC024,2025-01-02T18:40:42,Low,86,90,8,Event,14
TE02194,EDGE0081,LOC070,2026-02-18T09:48:20,Low,86,90,7,Construction,12
TE02195,EDGE0005,LOC015,2025-02-22T06:23:03,High,27,45,78,Weather-related,140
TE02196,EDGE0349,LOC070,2025-09-30T05:08:37,High,28,45,72,Accident,129
TE02197,EDGE0027,LOC025,2026-04-28T10:33:14,High,27,45,77,Construction,138
TE02198,EDGE0119,LOC038,2026-06-14T07:58:23,Moderate,53,70,48,Event,86
TE02199,EDGE0159,LOC035,2025-07-24T01:38:03,High,27,45,78,Weather-related,140
TE02200,EDGE0125,LOC019,2024-02-21T23:32:56,Low,76,90,29,Construction,52
TE02201,EDGE0060,LOC035,2024-02-28T19:42:38,Low,86,90,7,Construction,12
TE02202,EDGE0254,LOC068,2026-06-01T14:09:05,Severe,11,20,87,Construction,156
TE02203,EDGE0030,LOC042,2026-01-20T17:32:30,Low,79,90,23,Accident,41
TE02204,EDGE0095,LOC006,2025-07-26T13:36:22,Moderate,49,70,59,Event,106
TE02205,EDGE0177,LOC012,2024-06-24T19:04:24,Severe,10,20,95,Event,171
TE02206,EDGE0371,LOC030,2026-06-20T09:59:17,Low,80,90,21,Event,37
TE02207,EDGE0155,LOC057,2026-01-18T00:50:52,Moderate,58,70,33,Event,59
TE02208,EDGE0283,LOC061,2024-05-04T08:58:08,Moderate,56,70,40,Rush Hour,72
TE02209,EDGE0135,LOC020,2024-08-08T17:24:18,High,30,45,64,Rush Hour,115
TE02210,EDGE0281,LOC018,2026-03-28T17:54:52,Moderate,49,70,59,Weather-related,106
TE02211,EDGE0264,LOC020,2025-03-10T01:32:47,Moderate,57,70,36,Accident,64
TE02212,EDGE0283,LOC041,2025-12-23T06:04:57,Moderate,49,70,60,Rush Hour,108
TE02213,EDGE0029,LOC053,2026-03-14T01:16:34,High,31,45,61,Construction,109
TE02214,EDGE0368,LOC041,2024-05-01T12:47:50,High,29,45,68,Construction,122
TE02215,EDGE0342,LOC037,2026-03-24T00:09:19,Severe,10,20,97,Accident,174
TE02216,EDGE0312,LOC054,2024-05-17T09:31:08,Moderate,54,70,43,Rush Hour,77
TE02217,EDGE0257,LOC012,2025-01-15T22:53:08,Moderate,52,70,51,Construction,91
TE02218,EDGE0122,LOC059,2026-01-03T22:16:16,Moderate,52,70,50,Weather-related,90
TE02219,EDGE0077,LOC024,2024-05-01T07:06:17,Low,80,90,22,Event,39
TE02220,EDGE0275,LOC044,2026-04-17T14:43:44,Moderate,56,70,39,Weather-related,70
TE02221,EDGE0172,LOC007,2026-06-19T10:06:52,Low,84,90,13,Weather-related,23
TE02222,EDGE0259,LOC002,2025-04-30T10:50:02,Moderate,50,70,56,Weather-related,100
TE02223,EDGE0083,LOC033,2024-03-22T23:34:02,Low,84,90,12,Rush Hour,21
TE02224,EDGE0024,LOC060,2025-06-17T16:19:46,Low,80,90,22,Accident,39
TE02225,EDGE0216,LOC037,2026-04-11T03:29:08,Moderate,56,70,39,Accident,70
TE02226,EDGE0289,LOC051,2024-01-17T18:02:03,Moderate,52,70,51,Event,91
TE02227,EDGE0129,LOC005,2025-12-29T08:41:46,Low,87,90,5,Weather-related,9
TE02228,EDGE0275,LOC018,2025-12-06T07:38:35,Severe,10,20,91,Rush Hour,163
TE02229,EDGE0124,LOC059,2026-03-07T09:27:57,Moderate,50,70,55,Weather-related,99
TE02230,EDGE0070,LOC066,2025-12-29T22:15:05,Severe,11,20,81,Rush Hour,145
TE02231,EDGE0099,LOC007,2026-06-10T14:58:38,Moderate,52,70,50,Construction,90
TE02232,EDGE0113,LOC025,2025-05-29T23:44:14,High,27,45,76,Accident,136
TE02233,EDGE0008,LOC025,2025-10-16T00:37:05,High,27,45,79,Rush Hour,142
TE02234,EDGE0178,LOC053,2025-07-02T05:36:27,High,27,45,77,Accident,138
TE02235,EDGE0144,LOC024,2025-04-02T16:09:11,Moderate,52,70,49,Rush Hour,88
TE02236,EDGE0334,LOC023,2025-03-25T06:28:20,High,30,45,63,Rush Hour,113
TE02237,EDGE0056,LOC057,2024-09-17T05:09:25,Moderate,50,70,55,Construction,99
TE02238,EDGE0294,LOC009,2024-02-24T21:03:27,Moderate,53,70,47,Rush Hour,84
TE02239,EDGE0235,LOC065,2025-04-17T08:34:57,Moderate,50,70,57,Weather-related,102
TE02240,EDGE0126,LOC031,2026-05-25T16:29:35,Severe,11,20,81,Weather-related,145
TE02241,EDGE0350,LOC042,2025-02-08T14:01:26,Moderate,56,70,39,Construction,70
TE02242,EDGE0069,LOC067,2024-04-05T09:49:12,Moderate,54,70,45,Construction,81
TE02243,EDGE0110,LOC034,2026-01-05T00:42:11,Low,77,90,27,Accident,48
TE02244,EDGE0152,LOC047,2026-06-17T02:39:43,High,27,45,79,Weather-related,142
TE02245,EDGE0182,LOC033,2024-09-19T15:43:51,Low,78,90,26,Weather-related,46
TE02246,EDGE0275,LOC036,2026-06-08T21:46:07,Moderate,57,70,35,Accident,63
TE02247,EDGE0201,LOC055,2024-03-21T04:31:43,Low,83,90,14,Rush Hour,25
TE02248,EDGE0206,LOC059,2025-03-29T05:20:52,Severe,11,20,90,Accident,162
TE02249,EDGE0345,LOC026,2024-02-12T09:44:47,Moderate,49,70,60,Rush Hour,108
TE02250,EDGE0365,LOC027,2025-03-21T13:15:45,Moderate,57,70,37,Construction,66
TE02251,EDGE0157,LOC047,2026-01-23T01:10:11,Moderate,49,70,58,Weather-related,104
TE02252,EDGE0302,LOC040,2024-05-08T04:12:07,Low,76,90,29,Accident,52
TE02253,EDGE0367,LOC004,2024-07-16T00:14:31,Severe,10,20,92,Rush Hour,165
TE02254,EDGE0282,LOC031,2026-02-24T09:59:21,Low,78,90,25,Event,45
TE02255,EDGE0262,LOC031,2024-04-29T09:37:57,Severe,11,20,88,Weather-related,158
TE02256,EDGE0138,LOC068,2025-03-07T14:57:14,Low,88,90,3,Accident,5
TE02257,EDGE0172,LOC041,2025-01-26T13:08:29,Moderate,58,70,33,Event,59
TE02258,EDGE0093,LOC005,2024-07-24T21:24:11,High,31,45,61,Accident,109
TE02259,EDGE0280,LOC001,2025-03-12T11:23:34,High,28,45,74,Rush Hour,133
TE02260,EDGE0337,LOC068,2025-03-03T12:50:15,Moderate,59,70,31,Weather-related,55
TE02261,EDGE0345,LOC061,2025-02-03T04:00:13,Severe,10,20,98,Event,176
TE02262,EDGE0201,LOC016,2024-01-23T01:31:35,Severe,11,20,87,Construction,156
TE02263,EDGE0107,LOC004,2024-06-22T06:51:47,Severe,11,20,89,Rush Hour,160
TE02264,EDGE0211,LOC054,2024-09-28T06:04:33,Moderate,54,70,45,Rush Hour,81
TE02265,EDGE0172,LOC043,2024-08-22T18:44:38,Severe,10,20,92,Rush Hour,165
TE02266,EDGE0168,LOC026,2025-11-24T20:26:13,Low,82,90,16,Weather-related,28
TE02267,EDGE0185,LOC041,2025-07-28T09:54:23,Moderate,49,70,58,Weather-related,104
TE02268,EDGE0143,LOC038,2024-09-29T11:21:44,Severe,10,20,93,Event,167
TE02269,EDGE0020,LOC032,2025-02-09T20:12:08,High,27,45,79,Event,142
TE02270,EDGE0253,LOC022,2025-01-01T22:01:14,Moderate,49,70,58,Rush Hour,104
TE02271,EDGE0366,LOC031,2026-01-23T07:04:21,Moderate,57,70,35,Rush Hour,63
TE02272,EDGE0247,LOC057,2024-10-07T21:03:18,Moderate,57,70,37,Weather-related,66
TE02273,EDGE0341,LOC052,2026-03-30T06:28:53,Severe,11,20,85,Weather-related,153
TE02274,EDGE0280,LOC040,2024-02-21T09:42:15,Low,89,90,2,Event,3
TE02275,EDGE0092,LOC031,2025-06-16T14:17:58,Low,76,90,30,Weather-related,54
TE02276,EDGE0190,LOC011,2024-05-11T02:42:52,Moderate,57,70,36,Rush Hour,64
TE02277,EDGE0150,LOC049,2024-08-13T08:36:39,Moderate,57,70,36,Event,64
TE02278,EDGE0318,LOC041,2024-08-27T11:08:22,Moderate,57,70,35,Construction,63
TE02279,EDGE0294,LOC016,2026-02-09T10:17:30,Low,83,90,15,Accident,27
TE02280,EDGE0278,LOC028,2025-10-03T11:48:45,High,28,45,74,Event,133
TE02281,EDGE0342,LOC072,2025-08-18T05:30:03,Severe,10,20,95,Construction,171
TE02282,EDGE0169,LOC061,2025-01-04T15:19:24,Severe,11,20,83,Construction,149
TE02283,EDGE0035,LOC035,2025-11-14T19:17:11,Severe,10,20,97,Weather-related,174
TE02284,EDGE0071,LOC051,2024-09-16T20:46:19,High,28,45,74,Accident,133
TE02285,EDGE0204,LOC065,2024-11-23T13:18:33,Low,85,90,9,Rush Hour,16
TE02286,EDGE0274,LOC039,2026-06-16T12:21:24,High,28,45,73,Construction,131
TE02287,EDGE0169,LOC010,2025-06-20T01:21:19,Moderate,49,70,58,Event,104
TE02288,EDGE0171,LOC071,2024-03-25T09:24:43,Moderate,51,70,54,Construction,97
TE02289,EDGE0030,LOC055,2025-02-14T17:22:42,Moderate,52,70,51,Weather-related,91
TE02290,EDGE0229,LOC038,2024-06-29T04:35:00,Severe,10,20,99,Event,178
TE02291,EDGE0191,LOC018,2024-03-22T14:12:24,Moderate,54,70,44,Rush Hour,79
TE02292,EDGE0041,LOC012,2024-09-17T08:35:44,Moderate,56,70,38,Event,68
TE02293,EDGE0299,LOC017,2025-12-21T19:43:49,Severe,11,20,87,Accident,156
TE02294,EDGE0158,LOC067,2025-09-11T10:17:01,Low,76,90,29,Event,52
TE02295,EDGE0137,LOC038,2026-01-09T19:12:49,Low,76,90,29,Accident,52
TE02296,EDGE0335,LOC070,2025-04-13T03:46:51,Severe,10,20,93,Event,167
TE02297,EDGE0047,LOC062,2026-01-09T20:29:32,Moderate,52,70,49,Accident,88
TE02298,EDGE0328,LOC002,2026-04-07T05:48:56,Low,77,90,27,Construction,48
TE02299,EDGE0156,LOC032,2024-12-28T23:31:30,Low,76,90,29,Rush Hour,52
TE02300,EDGE0301,LOC074,2025-08-12T23:59:59,Severe,11,20,88,Event,158
TE02301,EDGE0329,LOC049,2025-08-28T22:52:54,Low,85,90,10,Construction,18
TE02302,EDGE0145,LOC012,2026-01-07T05:58:55,Moderate,59,70,31,Construction,55
TE02303,EDGE0157,LOC043,2025-02-11T23:22:31,Low,87,90,6,Event,10
TE02304,EDGE0161,LOC003,2024-08-13T11:34:40,Moderate,57,70,37,Weather-related,66
TE02305,EDGE0330,LOC075,2026-04-04T00:18:57,Moderate,52,70,51,Event,91
TE02306,EDGE0014,LOC072,2025-11-06T08:04:14,Moderate,52,70,50,Accident,90
TE02307,EDGE0348,LOC034,2024-01-19T10:17:10,Severe,11,20,88,Rush Hour,158
TE02308,EDGE0342,LOC074,2025-03-24T14:57:15,High,31,45,62,Construction,111
TE02309,EDGE0340,LOC025,2025-11-28T05:14:44,Low,88,90,3,Accident,5
TE02310,EDGE0332,LOC022,2025-08-16T10:08:41,Severe,11,20,89,Weather-related,160
TE02311,EDGE0123,LOC073,2025-05-05T09:43:29,Low,76,90,29,Rush Hour,52
TE02312,EDGE0151,LOC016,2026-04-03T17:16:49,Low,87,90,5,Event,9
TE02313,EDGE0026,LOC024,2024-03-04T17:14:51,High,29,45,70,Construction,126
TE02314,EDGE0045,LOC059,2024-05-31T06:00:17,Moderate,56,70,38,Accident,68
TE02315,EDGE0115,LOC056,2026-04-05T08:03:06,Moderate,53,70,48,Weather-related,86
TE02316,EDGE0178,LOC011,2025-07-03T15:40:02,Low,78,90,26,Rush Hour,46
TE02317,EDGE0182,LOC006,2025-11-01T18:08:39,High,29,45,69,Accident,124
TE02318,EDGE0075,LOC032,2025-02-27T10:54:50,Moderate,52,70,51,Weather-related,91
TE02319,EDGE0118,LOC005,2025-06-04T08:29:24,Moderate,57,70,35,Rush Hour,63
TE02320,EDGE0193,LOC013,2025-02-23T22:29:17,Moderate,58,70,33,Weather-related,59
TE02321,EDGE0030,LOC008,2025-02-18T21:45:19,Low,85,90,9,Construction,16
TE02322,EDGE0040,LOC025,2024-06-01T16:01:27,High,30,45,63,Construction,113
TE02323,EDGE0301,LOC056,2025-01-31T15:54:40,Moderate,56,70,38,Weather-related,68
TE02324,EDGE0272,LOC043,2026-06-26T11:41:27,High,31,45,61,Event,109
TE02325,EDGE0219,LOC003,2025-08-30T15:16:09,Low,80,90,22,Weather-related,39
TE02326,EDGE0089,LOC071,2025-12-17T07:22:27,Moderate,56,70,40,Rush Hour,72
TE02327,EDGE0010,LOC058,2025-01-10T14:50:39,Low,82,90,16,Event,28
TE02328,EDGE0062,LOC075,2024-10-29T19:21:22,Moderate,54,70,43,Rush Hour,77
TE02329,EDGE0065,LOC017,2026-03-18T17:13:39,Moderate,49,70,58,Accident,104
TE02330,EDGE0352,LOC026,2025-06-08T03:25:47,Severe,11,20,85,Weather-related,153
TE02331,EDGE0068,LOC025,2024-10-06T11:46:44,Low,84,90,13,Event,23
TE02332,EDGE0289,LOC034,2025-05-01T15:32:44,Low,82,90,17,Event,30
TE02333,EDGE0043,LOC057,2026-04-30T16:28:33,Severe,11,20,85,Event,153
TE02334,EDGE0101,LOC062,2024-01-17T10:22:33,High,30,45,66,Weather-related,118
TE02335,EDGE0293,LOC024,2024-01-14T04:00:51,Moderate,51,70,53,Event,95
TE02336,EDGE0151,LOC064,2024-04-15T13:25:57,Severe,10,20,96,Rush Hour,172
TE02337,EDGE0210,LOC064,2024-01-19T13:57:13,High,29,45,68,Accident,122
TE02338,EDGE0244,LOC056,2025-09-30T20:27:55,Moderate,58,70,34,Accident,61
TE02339,EDGE0346,LOC068,2024-05-31T18:28:25,Moderate,53,70,48,Weather-related,86
TE02340,EDGE0310,LOC012,2026-03-26T23:16:16,Moderate,56,70,38,Rush Hour,68
TE02341,EDGE0240,LOC068,2024-06-10T09:56:39,Low,77,90,28,Event,50
TE02342,EDGE0266,LOC008,2025-11-23T17:55:49,Moderate,56,70,40,Event,72
TE02343,EDGE0294,LOC029,2025-06-30T01:28:55,Moderate,58,70,33,Rush Hour,59
TE02344,EDGE0302,LOC005,2024-12-06T20:26:00,Severe,11,20,88,Event,158
TE02345,EDGE0233,LOC032,2025-03-16T02:04:42,Low,79,90,23,Construction,41
TE02346,EDGE0059,LOC068,2025-01-26T07:22:03,Moderate,54,70,45,Construction,81
TE02347,EDGE0154,LOC059,2024-10-26T22:31:36,Severe,10,20,100,Weather-related,180
TE02348,EDGE0237,LOC048,2024-02-22T21:10:08,High,27,45,80,Weather-related,144
TE02349,EDGE0082,LOC014,2024-02-06T19:37:03,Moderate,58,70,33,Event,59
TE02350,EDGE0363,LOC058,2024-05-22T19:49:10,Severe,10,20,100,Weather-related,180
TE02351,EDGE0223,LOC024,2024-03-29T08:42:40,Moderate,54,70,44,Weather-related,79
TE02352,EDGE0345,LOC033,2024-12-02T19:48:40,Low,86,90,7,Event,12
TE02353,EDGE0050,LOC064,2024-07-08T04:39:54,Low,78,90,26,Construction,46
TE02354,EDGE0121,LOC019,2024-07-05T09:04:15,High,28,45,73,Rush Hour,131
TE02355,EDGE0278,LOC032,2024-05-14T04:43:02,Moderate,54,70,43,Accident,77
TE02356,EDGE0062,LOC010,2024-07-20T19:17:36,High,29,45,71,Rush Hour,127
TE02357,EDGE0161,LOC017,2025-08-07T00:44:47,Low,78,90,25,Accident,45
TE02358,EDGE0257,LOC024,2026-05-29T08:34:28,Low,86,90,8,Accident,14
TE02359,EDGE0183,LOC007,2024-10-14T00:40:23,Low,76,90,30,Accident,54
TE02360,EDGE0267,LOC017,2024-06-21T04:36:15,High,30,45,66,Accident,118
TE02361,EDGE0215,LOC027,2024-10-13T05:49:20,Low,88,90,3,Rush Hour,5
TE02362,EDGE0357,LOC031,2025-01-28T13:02:27,Severe,11,20,86,Weather-related,154
TE02363,EDGE0256,LOC005,2025-04-02T14:18:50,Moderate,49,70,58,Event,104
TE02364,EDGE0122,LOC032,2025-12-26T09:21:56,Moderate,55,70,41,Construction,73
TE02365,EDGE0110,LOC005,2024-04-27T14:49:44,Low,80,90,21,Weather-related,37
TE02366,EDGE0339,LOC062,2025-12-05T09:36:31,Moderate,57,70,37,Event,66
TE02367,EDGE0145,LOC064,2025-03-05T08:19:33,High,28,45,72,Rush Hour,129
TE02368,EDGE0326,LOC034,2025-10-25T07:05:41,Moderate,49,70,59,Construction,106
TE02369,EDGE0311,LOC028,2025-05-17T09:22:47,High,29,45,68,Accident,122
TE02370,EDGE0008,LOC010,2025-02-03T18:12:13,Low,81,90,20,Accident,36
TE02371,EDGE0026,LOC065,2024-09-08T14:31:52,High,28,45,74,Weather-related,133
TE02372,EDGE0036,LOC068,2024-04-24T22:48:37,Low,76,90,30,Event,54
TE02373,EDGE0009,LOC070,2025-03-06T18:01:35,Low,86,90,8,Rush Hour,14
TE02374,EDGE0353,LOC044,2024-04-06T21:58:12,Severe,10,20,95,Weather-related,171
TE02375,EDGE0210,LOC001,2025-08-17T15:46:52,Low,86,90,7,Event,12
TE02376,EDGE0044,LOC061,2025-08-26T15:42:04,Low,85,90,10,Rush Hour,18
TE02377,EDGE0006,LOC030,2025-05-31T18:16:02,Severe,10,20,96,Rush Hour,172
TE02378,EDGE0064,LOC036,2024-04-03T07:08:55,High,28,45,74,Weather-related,133
TE02379,EDGE0135,LOC054,2025-02-05T03:49:58,Severe,11,20,86,Event,154
TE02380,EDGE0173,LOC003,2025-02-15T03:25:15,Severe,10,20,99,Event,178
TE02381,EDGE0334,LOC026,2024-10-03T09:41:31,Low,90,90,0,Event,0
TE02382,EDGE0161,LOC028,2025-11-15T09:49:13,High,29,45,70,Weather-related,126
TE02383,EDGE0253,LOC009,2024-04-17T19:21:46,Severe,10,20,92,Construction,165
TE02384,EDGE0014,LOC007,2026-02-02T20:43:00,Low,85,90,11,Event,19
TE02385,EDGE0096,LOC008,2024-11-07T17:29:12,Moderate,56,70,38,Event,68
TE02386,EDGE0122,LOC058,2025-09-01T22:28:23,Low,80,90,21,Accident,37
TE02387,EDGE0171,LOC051,2024-10-04T04:48:22,Low,88,90,3,Weather-related,5
TE02388,EDGE0296,LOC072,2026-02-03T09:13:32,High,28,45,72,Rush Hour,129
TE02389,EDGE0331,LOC010,2024-06-17T10:34:51,Low,89,90,2,Rush Hour,3
TE02390,EDGE0290,LOC001,2024-08-11T11:57:33,Severe,10,20,99,Construction,178
TE02391,EDGE0286,LOC038,2026-04-19T20:13:39,Low,90,90,0,Event,0
TE02392,EDGE0210,LOC069,2025-10-31T22:17:55,Severe,10,20,95,Weather-related,171
TE02393,EDGE0336,LOC029,2024-12-05T06:02:19,Low,87,90,5,Rush Hour,9
TE02394,EDGE0046,LOC019,2024-06-14T01:16:34,Low,84,90,12,Construction,21
TE02395,EDGE0118,LOC057,2025-11-16T23:21:33,Moderate,50,70,55,Rush Hour,99
TE02396,EDGE0140,LOC066,2025-02-06T08:04:49,Low,87,90,5,Weather-related,9
TE02397,EDGE0172,LOC042,2024-06-09T10:49:22,Severe,10,20,95,Accident,171
TE02398,EDGE0051,LOC024,2024-02-24T03:42:30,Low,82,90,16,Accident,28
TE02399,EDGE0120,LOC023,2024-04-23T06:38:10,Low,78,90,25,Rush Hour,45
TE02400,EDGE0249,LOC035,2024-04-19T09:09:42,Moderate,56,70,38,Event,68
TE02401,EDGE0003,LOC066,2026-06-06T13:16:08,Severe,11,20,87,Rush Hour,156
TE02402,EDGE0092,LOC033,2025-01-24T06:54:32,Low,81,90,20,Weather-related,36
TE02403,EDGE0326,LOC027,2025-11-23T15:41:16,Severe,11,20,89,Accident,160
TE02404,EDGE0371,LOC030,2024-01-30T03:36:07,Moderate,54,70,45,Accident,81
TE02405,EDGE0208,LOC021,2026-02-12T03:39:08,High,30,45,64,Construction,115
TE02406,EDGE0050,LOC023,2024-08-19T05:41:22,Low,76,90,30,Event,54
TE02407,EDGE0215,LOC061,2024-01-02T08:20:52,Low,89,90,2,Accident,3
TE02408,EDGE0365,LOC043,2024-02-28T18:36:52,High,28,45,75,Weather-related,135
TE02409,EDGE0237,LOC020,2025-08-29T14:17:31,Severe,10,20,93,Construction,167
TE02410,EDGE0219,LOC039,2025-02-17T21:28:19,Low,89,90,1,Event,1
TE02411,EDGE0325,LOC061,2024-08-23T12:20:10,Moderate,52,70,49,Weather-related,88
TE02412,EDGE0271,LOC044,2025-05-27T08:59:09,Moderate,50,70,57,Construction,102
TE02413,EDGE0354,LOC075,2025-08-30T21:51:12,Moderate,55,70,41,Construction,73
TE02414,EDGE0182,LOC057,2026-06-11T16:08:29,High,28,45,74,Accident,133
TE02415,EDGE0190,LOC016,2024-01-06T18:05:09,Severe,10,20,97,Rush Hour,174
TE02416,EDGE0335,LOC032,2026-03-11T14:52:15,Severe,10,20,97,Accident,174
TE02417,EDGE0220,LOC053,2026-02-01T05:51:21,Low,81,90,19,Event,34
TE02418,EDGE0030,LOC061,2026-01-12T18:19:47,Low,83,90,14,Event,25
TE02419,EDGE0188,LOC046,2025-11-08T09:24:29,Severe,11,20,82,Construction,147
TE02420,EDGE0028,LOC024,2025-09-19T10:57:31,Moderate,53,70,46,Accident,82
TE02421,EDGE0364,LOC043,2024-04-18T21:30:20,High,27,45,80,Accident,144
TE02422,EDGE0354,LOC025,2026-04-19T01:27:29,High,29,45,70,Construction,126
TE02423,EDGE0236,LOC013,2024-12-16T20:10:50,Low,80,90,22,Weather-related,39
TE02424,EDGE0313,LOC044,2024-01-06T03:18:26,Low,88,90,3,Accident,5
TE02425,EDGE0143,LOC048,2025-08-20T04:21:38,Low,81,90,19,Event,34
TE02426,EDGE0155,LOC006,2026-01-18T20:44:09,Severe,11,20,85,Event,153
TE02427,EDGE0290,LOC053,2024-07-07T06:47:58,Moderate,53,70,46,Rush Hour,82
TE02428,EDGE0028,LOC043,2026-05-31T04:23:05,Low,83,90,14,Event,25
TE02429,EDGE0346,LOC055,2026-04-11T13:34:56,Severe,11,20,89,Weather-related,160
TE02430,EDGE0189,LOC039,2025-07-11T13:26:42,High,28,45,73,Construction,131
TE02431,EDGE0172,LOC015,2025-06-01T23:32:00,High,28,45,74,Weather-related,133
TE02432,EDGE0141,LOC067,2025-04-15T10:14:56,Moderate,56,70,38,Weather-related,68
TE02433,EDGE0040,LOC041,2025-09-14T08:00:08,Severe,10,20,100,Event,180
TE02434,EDGE0341,LOC016,2024-03-26T17:48:23,Low,78,90,25,Construction,45
TE02435,EDGE0262,LOC074,2024-05-20T20:18:35,Severe,10,20,97,Construction,174
TE02436,EDGE0215,LOC051,2025-07-21T13:26:06,Severe,10,20,96,Construction,172
TE02437,EDGE0340,LOC037,2026-04-10T12:18:46,Low,86,90,7,Weather-related,12
TE02438,EDGE0306,LOC017,2025-06-12T06:27:35,Moderate,55,70,42,Weather-related,75
TE02439,EDGE0224,LOC063,2024-05-04T23:38:46,Severe,10,20,98,Rush Hour,176
TE02440,EDGE0152,LOC062,2025-12-15T00:35:49,Low,90,90,0,Rush Hour,0
TE02441,EDGE0171,LOC047,2025-03-26T10:26:33,Severe,10,20,93,Rush Hour,167
TE02442,EDGE0363,LOC040,2024-11-11T12:52:48,High,31,45,61,Accident,109
TE02443,EDGE0063,LOC068,2024-10-01T08:48:27,High,27,45,78,Event,140
TE02444,EDGE0002,LOC050,2026-05-11T08:20:38,High,29,45,68,Rush Hour,122
TE02445,EDGE0139,LOC024,2024-03-02T02:22:21,Low,81,90,18,Event,32
TE02446,EDGE0104,LOC006,2025-08-19T18:39:35,Low,84,90,13,Accident,23
TE02447,EDGE0139,LOC064,2024-10-23T17:06:50,Moderate,51,70,53,Construction,95
TE02448,EDGE0262,LOC014,2025-04-09T06:41:38,Low,81,90,20,Event,36
TE02449,EDGE0044,LOC055,2025-08-29T00:09:29,Moderate,58,70,34,Accident,61
TE02450,EDGE0216,LOC020,2024-06-14T20:36:00,Moderate,54,70,43,Event,77
TE02451,EDGE0318,LOC064,2025-07-12T02:13:31,Moderate,49,70,60,Construction,108
TE02452,EDGE0085,LOC027,2026-01-25T18:10:00,Severe,10,20,98,Rush Hour,176
TE02453,EDGE0018,LOC051,2024-05-11T19:54:09,Moderate,53,70,48,Rush Hour,86
TE02454,EDGE0213,LOC001,2025-11-11T09:13:03,Moderate,53,70,48,Event,86
TE02455,EDGE0016,LOC028,2024-10-21T07:44:54,Low,78,90,26,Weather-related,46
TE02456,EDGE0092,LOC011,2024-08-05T09:27:05,High,29,45,68,Event,122
TE02457,EDGE0284,LOC058,2024-02-25T10:55:43,Low,85,90,9,Event,16
TE02458,EDGE0283,LOC061,2024-10-26T23:01:06,Moderate,56,70,39,Weather-related,70
TE02459,EDGE0114,LOC005,2024-02-09T09:39:39,High,29,45,69,Construction,124
TE02460,EDGE0084,LOC038,2025-01-05T11:22:12,Low,78,90,26,Rush Hour,46
TE02461,EDGE0255,LOC034,2026-01-29T23:54:41,Moderate,59,70,31,Weather-related,55
TE02462,EDGE0324,LOC036,2025-08-26T22:18:15,Low,84,90,12,Event,21
TE02463,EDGE0184,LOC041,2024-04-07T20:32:07,Low,85,90,11,Rush Hour,19
TE02464,EDGE0103,LOC024,2026-04-19T17:14:27,Severe,10,20,98,Event,176
TE02465,EDGE0082,LOC045,2025-04-23T01:02:19,Low,78,90,25,Accident,45
TE02466,EDGE0001,LOC048,2026-02-15T05:34:31,Moderate,52,70,49,Construction,88
TE02467,EDGE0292,LOC055,2026-04-09T10:43:39,Low,78,90,26,Construction,46
TE02468,EDGE0351,LOC038,2025-11-28T23:23:21,Moderate,56,70,40,Accident,72
TE02469,EDGE0034,LOC071,2024-01-26T12:07:05,Severe,11,20,81,Construction,145
TE02470,EDGE0058,LOC032,2024-02-27T13:03:04,Moderate,54,70,45,Rush Hour,81
TE02471,EDGE0244,LOC049,2025-06-11T01:27:56,Moderate,57,70,35,Construction,63
TE02472,EDGE0205,LOC055,2024-03-28T01:51:41,Severe,11,20,87,Rush Hour,156
TE02473,EDGE0112,LOC056,2025-06-08T15:03:43,Moderate,49,70,58,Weather-related,104
TE02474,EDGE0163,LOC034,2024-03-07T12:14:29,Low,88,90,3,Weather-related,5
TE02475,EDGE0044,LOC072,2025-09-21T22:25:43,Severe,10,20,91,Rush Hour,163
TE02476,EDGE0327,LOC068,2024-07-02T14:20:05,Moderate,53,70,47,Construction,84
TE02477,EDGE0299,LOC042,2024-11-24T19:56:03,Moderate,49,70,58,Accident,104
TE02478,EDGE0228,LOC031,2026-03-23T15:18:49,Low,80,90,22,Construction,39
TE02479,EDGE0180,LOC002,2025-12-13T01:17:08,Low,85,90,9,Event,16
TE02480,EDGE0162,LOC053,2026-04-13T12:27:31,Low,89,90,1,Event,1
TE02481,EDGE0126,LOC046,2024-08-19T09:23:37,Low,85,90,11,Event,19
TE02482,EDGE0253,LOC075,2026-06-18T23:34:25,High,31,45,61,Accident,109
TE02483,EDGE0268,LOC040,2024-12-27T22:20:05,Low,82,90,17,Event,30
TE02484,EDGE0023,LOC010,2024-04-21T21:36:09,Severe,10,20,99,Rush Hour,178
TE02485,EDGE0023,LOC068,2024-02-27T06:53:56,Low,84,90,13,Accident,23
TE02486,EDGE0186,LOC003,2024-08-07T22:52:31,Moderate,49,70,58,Rush Hour,104
TE02487,EDGE0128,LOC032,2026-01-29T11:18:57,Low,85,90,10,Construction,18
TE02488,EDGE0183,LOC048,2024-01-30T14:43:13,Moderate,59,70,31,Event,55
TE02489,EDGE0097,LOC062,2026-01-02T00:20:28,Moderate,55,70,41,Construction,73
TE02490,EDGE0325,LOC056,2024-03-12T03:36:39,High,28,45,74,Accident,133
TE02491,EDGE0369,LOC030,2025-01-11T23:51:40,Moderate,55,70,42,Accident,75
TE02492,EDGE0326,LOC055,2024-07-21T18:47:58,Moderate,55,70,42,Weather-related,75
TE02493,EDGE0319,LOC046,2024-01-23T07:34:25,Moderate,52,70,49,Accident,88
TE02494,EDGE0066,LOC012,2024-09-24T13:54:30,Low,86,90,8,Rush Hour,14
TE02495,EDGE0045,LOC068,2024-03-18T14:34:08,Severe,10,20,93,Weather-related,167
TE02496,EDGE0271,LOC004,2025-04-22T10:21:58,Moderate,56,70,39,Construction,70
TE02497,EDGE0226,LOC041,2024-05-31T03:19:03,High,30,45,65,Weather-related,117
TE02498,EDGE0261,LOC005,2025-12-09T15:47:39,High,29,45,69,Event,124
TE02499,EDGE0111,LOC040,2024-09-22T03:45:41,Severe,10,20,97,Construction,174
TE02500,EDGE0245,LOC036,2024-04-09T08:30:45,High,27,45,79,Rush Hour,142
TE02501,EDGE0359,LOC039,2024-06-14T04:18:52,Severe,11,20,86,Event,154
TE02502,EDGE0056,LOC051,2024-06-26T08:55:37,Severe,11,20,81,Event,145
TE02503,EDGE0236,LOC010,2026-02-11T06:51:10,Moderate,55,70,41,Rush Hour,73
TE02504,EDGE0079,LOC013,2024-12-08T15:32:23,High,29,45,69,Accident,124
TE02505,EDGE0340,LOC046,2024-04-08T00:54:55,High,28,45,73,Accident,131
TE02506,EDGE0266,LOC045,2024-11-10T19:00:33,Severe,10,20,93,Accident,167
TE02507,EDGE0360,LOC062,2025-10-24T02:18:54,Low,77,90,27,Weather-related,48
TE02508,EDGE0336,LOC066,2025-06-08T01:03:45,High,27,45,80,Event,144
TE02509,EDGE0107,LOC049,2025-09-16T11:58:02,Moderate,52,70,51,Construction,91
TE02510,EDGE0040,LOC064,2025-05-18T16:21:17,Low,86,90,8,Weather-related,14
TE02511,EDGE0072,LOC025,2024-07-06T15:50:28,Low,80,90,21,Construction,37
TE02512,EDGE0049,LOC055,2026-06-13T17:36:23,High,29,45,71,Weather-related,127
TE02513,EDGE0295,LOC065,2026-04-28T00:03:37,High,29,45,67,Event,120
TE02514,EDGE0336,LOC054,2024-08-01T08:00:40,Moderate,50,70,55,Rush Hour,99
TE02515,EDGE0172,LOC011,2025-05-14T13:44:23,Low,87,90,5,Accident,9
TE02516,EDGE0284,LOC069,2024-11-27T05:51:32,Moderate,54,70,43,Weather-related,77
TE02517,EDGE0288,LOC047,2024-03-11T19:35:22,Low,81,90,20,Accident,36
TE02518,EDGE0227,LOC019,2024-09-26T10:35:49,High,28,45,73,Weather-related,131
TE02519,EDGE0305,LOC003,2025-06-05T04:29:08,High,29,45,68,Weather-related,122
TE02520,EDGE0102,LOC015,2024-04-08T05:04:58,Moderate,58,70,34,Construction,61
TE02521,EDGE0106,LOC003,2024-07-06T13:43:05,Severe,10,20,95,Accident,171
TE02522,EDGE0190,LOC031,2025-03-01T11:29:04,Moderate,49,70,58,Event,104
TE02523,EDGE0246,LOC058,2024-08-07T09:41:22,Severe,11,20,86,Accident,154
TE02524,EDGE0177,LOC041,2025-10-06T22:04:30,Low,87,90,5,Event,9
TE02525,EDGE0330,LOC019,2024-09-18T01:23:23,Moderate,55,70,42,Accident,75
TE02526,EDGE0076,LOC069,2025-07-28T15:53:27,Low,90,90,0,Event,0
TE02527,EDGE0357,LOC042,2026-05-09T16:32:08,Low,80,90,22,Rush Hour,39
TE02528,EDGE0226,LOC052,2024-09-13T07:52:27,Severe,10,20,97,Accident,174
TE02529,EDGE0128,LOC045,2025-11-12T10:28:31,High,29,45,67,Rush Hour,120
TE02530,EDGE0022,LOC068,2025-01-13T11:43:45,High,29,45,67,Event,120
TE02531,EDGE0335,LOC024,2026-06-23T02:00:12,Moderate,57,70,37,Rush Hour,66
TE02532,EDGE0183,LOC066,2024-03-04T05:21:53,Severe,11,20,84,Weather-related,151
TE02533,EDGE0263,LOC051,2024-07-26T04:25:36,Low,76,90,29,Accident,52
TE02534,EDGE0020,LOC011,2024-06-04T07:04:17,Low,85,90,9,Weather-related,16
TE02535,EDGE0266,LOC068,2025-08-07T07:10:55,Moderate,53,70,46,Construction,82
TE02536,EDGE0061,LOC038,2024-09-02T01:28:58,Moderate,54,70,45,Weather-related,81
TE02537,EDGE0286,LOC048,2024-01-25T06:44:26,Moderate,51,70,52,Weather-related,93
TE02538,EDGE0317,LOC028,2026-01-26T11:27:48,Low,77,90,27,Weather-related,48
TE02539,EDGE0353,LOC009,2024-05-05T09:33:25,Low,83,90,15,Weather-related,27
TE02540,EDGE0227,LOC043,2024-01-10T20:43:46,Severe,10,20,98,Weather-related,176
TE02541,EDGE0072,LOC023,2024-01-12T05:19:48,High,28,45,72,Rush Hour,129
TE02542,EDGE0149,LOC006,2024-10-05T16:59:45,Low,87,90,5,Event,9
TE02543,EDGE0314,LOC014,2024-05-18T11:25:34,High,27,45,80,Construction,144
TE02544,EDGE0025,LOC064,2025-03-16T18:16:43,Moderate,53,70,47,Event,84
TE02545,EDGE0082,LOC075,2025-10-08T13:53:23,Moderate,57,70,37,Construction,66
TE02546,EDGE0240,LOC026,2026-01-09T11:01:52,Low,78,90,26,Rush Hour,46
TE02547,EDGE0116,LOC020,2024-07-16T02:53:32,Severe,10,20,96,Accident,172
TE02548,EDGE0040,LOC067,2024-11-16T06:12:36,Moderate,50,70,55,Construction,99
TE02549,EDGE0312,LOC061,2024-08-10T06:42:07,Moderate,51,70,53,Construction,95
TE02550,EDGE0134,LOC023,2025-02-24T21:44:19,Moderate,54,70,44,Rush Hour,79
TE02551,EDGE0255,LOC007,2026-03-23T14:05:30,Low,80,90,22,Event,39
TE02552,EDGE0017,LOC070,2025-11-30T16:50:32,High,31,45,62,Construction,111
TE02553,EDGE0171,LOC053,2025-10-02T01:38:28,Low,79,90,23,Event,41
TE02554,EDGE0059,LOC070,2025-01-06T16:01:35,Severe,10,20,94,Accident,169
TE02555,EDGE0018,LOC004,2024-09-28T03:39:21,Low,79,90,23,Rush Hour,41
TE02556,EDGE0303,LOC048,2024-02-28T10:37:13,Severe,10,20,92,Construction,165
TE02557,EDGE0256,LOC038,2024-10-06T14:54:13,Severe,10,20,98,Construction,176
TE02558,EDGE0051,LOC043,2026-02-15T13:09:42,Moderate,58,70,32,Accident,57
TE02559,EDGE0353,LOC067,2024-05-16T17:40:04,High,30,45,65,Rush Hour,117
TE02560,EDGE0235,LOC070,2025-04-12T21:32:28,Moderate,54,70,44,Rush Hour,79
TE02561,EDGE0079,LOC030,2025-06-24T08:55:15,Moderate,54,70,45,Weather-related,81
TE02562,EDGE0265,LOC001,2025-10-12T13:28:08,High,27,45,78,Construction,140
TE02563,EDGE0132,LOC033,2024-01-08T02:23:00,Severe,10,20,93,Event,167
TE02564,EDGE0369,LOC023,2026-05-16T08:57:03,Moderate,52,70,51,Event,91
TE02565,EDGE0231,LOC029,2025-01-01T01:15:32,Severe,10,20,91,Weather-related,163
TE02566,EDGE0008,LOC014,2024-10-25T02:39:26,Low,87,90,5,Weather-related,9
TE02567,EDGE0041,LOC033,2024-07-01T13:00:32,High,30,45,63,Construction,113
TE02568,EDGE0360,LOC015,2026-04-03T15:15:07,Low,90,90,0,Accident,0
TE02569,EDGE0131,LOC022,2024-05-28T15:21:09,Moderate,57,70,35,Event,63
TE02570,EDGE0109,LOC005,2025-07-16T04:39:30,Low,84,90,13,Event,23
TE02571,EDGE0026,LOC059,2026-04-18T10:19:31,Low,89,90,1,Rush Hour,1
TE02572,EDGE0083,LOC051,2026-02-27T10:29:27,Moderate,50,70,57,Event,102
TE02573,EDGE0327,LOC046,2024-12-06T15:12:24,High,27,45,80,Rush Hour,144
TE02574,EDGE0114,LOC022,2025-12-22T03:13:37,High,29,45,68,Weather-related,122
TE02575,EDGE0333,LOC075,2024-11-19T06:51:17,Severe,10,20,92,Accident,165
TE02576,EDGE0025,LOC001,2025-03-05T09:55:48,High,27,45,80,Rush Hour,144
TE02577,EDGE0232,LOC057,2024-03-23T10:33:23,Moderate,55,70,42,Weather-related,75
TE02578,EDGE0320,LOC034,2024-10-27T22:22:03,Low,78,90,25,Weather-related,45
TE02579,EDGE0138,LOC061,2024-06-24T00:58:55,Low,79,90,23,Weather-related,41
TE02580,EDGE0049,LOC042,2024-08-19T19:13:42,Moderate,53,70,47,Event,84
TE02581,EDGE0357,LOC014,2026-01-06T23:23:33,Low,80,90,22,Construction,39
TE02582,EDGE0157,LOC017,2026-02-11T20:41:51,Moderate,49,70,60,Weather-related,108
TE02583,EDGE0078,LOC006,2024-09-30T21:49:42,High,29,45,69,Event,124
TE02584,EDGE0020,LOC050,2024-09-05T04:16:09,Moderate,58,70,32,Rush Hour,57
TE02585,EDGE0249,LOC056,2024-03-07T23:27:58,Low,82,90,17,Rush Hour,30
TE02586,EDGE0086,LOC023,2024-03-24T22:17:43,Low,76,90,29,Event,52
TE02587,EDGE0166,LOC030,2025-07-19T18:06:06,High,28,45,74,Rush Hour,133
TE02588,EDGE0262,LOC075,2025-03-18T19:58:32,Moderate,54,70,43,Accident,77
TE02589,EDGE0080,LOC033,2024-11-21T14:04:20,High,27,45,79,Accident,142
TE02590,EDGE0168,LOC027,2025-11-06T05:44:00,Low,86,90,7,Construction,12
TE02591,EDGE0029,LOC013,2025-01-25T12:11:31,Moderate,53,70,48,Rush Hour,86
TE02592,EDGE0348,LOC018,2025-06-03T07:24:25,Moderate,56,70,40,Rush Hour,72
TE02593,EDGE0337,LOC027,2025-12-04T22:34:05,Moderate,49,70,59,Event,106
TE02594,EDGE0164,LOC063,2024-03-08T06:59:34,High,28,45,75,Event,135
TE02595,EDGE0006,LOC049,2024-06-11T05:06:02,Severe,10,20,100,Weather-related,180
TE02596,EDGE0068,LOC073,2024-03-22T11:43:22,Low,82,90,16,Rush Hour,28
TE02597,EDGE0173,LOC060,2026-04-14T18:15:24,Severe,10,20,99,Event,178
TE02598,EDGE0026,LOC021,2024-09-30T05:33:55,Low,87,90,6,Weather-related,10
TE02599,EDGE0021,LOC038,2024-09-02T12:22:02,Low,87,90,6,Construction,10
TE02600,EDGE0106,LOC046,2024-02-15T03:37:48,High,27,45,79,Construction,142
TE02601,EDGE0361,LOC066,2026-01-23T12:23:58,Moderate,59,70,31,Event,55
TE02602,EDGE0074,LOC070,2026-03-10T21:00:07,Low,89,90,1,Construction,1
TE02603,EDGE0297,LOC059,2024-06-29T07:13:12,Moderate,51,70,54,Weather-related,97
TE02604,EDGE0352,LOC021,2024-04-20T01:50:00,Low,84,90,12,Construction,21
TE02605,EDGE0051,LOC024,2024-12-31T12:36:48,Moderate,52,70,51,Accident,91
TE02606,EDGE0068,LOC044,2025-11-22T00:07:29,Low,87,90,6,Construction,10
TE02607,EDGE0279,LOC072,2026-06-19T15:05:08,Moderate,54,70,44,Accident,79
TE02608,EDGE0152,LOC027,2025-05-21T09:07:43,Severe,11,20,83,Rush Hour,149
TE02609,EDGE0105,LOC056,2025-10-12T23:55:23,Low,79,90,23,Weather-related,41
TE02610,EDGE0227,LOC032,2024-11-04T17:59:20,Moderate,51,70,52,Construction,93
TE02611,EDGE0107,LOC019,2025-05-20T22:24:55,Severe,10,20,92,Weather-related,165
TE02612,EDGE0244,LOC045,2024-12-23T09:22:44,Low,77,90,27,Rush Hour,48
TE02613,EDGE0083,LOC072,2024-06-20T02:03:03,Moderate,54,70,43,Accident,77
TE02614,EDGE0240,LOC019,2025-05-21T15:05:26,Low,82,90,17,Event,30
TE02615,EDGE0329,LOC052,2024-12-19T20:19:51,Low,82,90,17,Weather-related,30
TE02616,EDGE0242,LOC044,2024-06-01T08:05:45,Moderate,58,70,33,Rush Hour,59
TE02617,EDGE0168,LOC017,2025-01-03T08:24:47,Moderate,57,70,35,Accident,63
TE02618,EDGE0335,LOC061,2025-10-02T22:40:24,Low,81,90,19,Event,34
TE02619,EDGE0263,LOC037,2024-11-06T14:53:37,High,28,45,74,Construction,133
TE02620,EDGE0254,LOC034,2025-08-06T08:51:43,Moderate,50,70,56,Rush Hour,100
TE02621,EDGE0357,LOC015,2024-12-08T18:54:14,Low,85,90,11,Rush Hour,19
TE02622,EDGE0072,LOC031,2024-04-24T05:23:11,Low,83,90,14,Weather-related,25
TE02623,EDGE0210,LOC029,2026-01-01T15:47:22,Severe,10,20,92,Construction,165
TE02624,EDGE0068,LOC028,2026-06-27T21:49:13,Low,86,90,7,Weather-related,12
TE02625,EDGE0267,LOC001,2026-01-22T12:01:43,Moderate,53,70,48,Weather-related,86
TE02626,EDGE0279,LOC018,2024-03-25T09:55:04,High,30,45,66,Construction,118
TE02627,EDGE0169,LOC007,2025-11-08T02:13:38,Low,76,90,29,Rush Hour,52
TE02628,EDGE0281,LOC050,2024-08-13T03:48:08,Moderate,56,70,40,Rush Hour,72
TE02629,EDGE0206,LOC001,2024-12-01T19:13:16,Low,88,90,4,Weather-related,7
TE02630,EDGE0167,LOC058,2025-12-07T19:17:21,Severe,11,20,89,Weather-related,160
TE02631,EDGE0342,LOC019,2024-10-03T14:35:11,Moderate,50,70,55,Weather-related,99
TE02632,EDGE0207,LOC065,2025-08-24T16:43:13,Moderate,53,70,46,Accident,82
TE02633,EDGE0365,LOC040,2025-08-03T04:31:59,Severe,11,20,83,Weather-related,149
TE02634,EDGE0004,LOC012,2024-07-30T21:31:57,Severe,10,20,93,Event,167
TE02635,EDGE0345,LOC052,2025-12-12T01:47:28,Moderate,58,70,33,Accident,59
TE02636,EDGE0049,LOC059,2024-10-28T14:37:12,High,28,45,73,Construction,131
TE02637,EDGE0363,LOC040,2025-07-11T01:12:39,Severe,10,20,94,Rush Hour,169
TE02638,EDGE0041,LOC013,2025-02-22T22:56:27,Moderate,59,70,31,Weather-related,55
TE02639,EDGE0099,LOC001,2024-11-10T02:58:06,Moderate,52,70,50,Weather-related,90
TE02640,EDGE0184,LOC057,2025-06-05T18:56:12,Severe,11,20,88,Construction,158
TE02641,EDGE0165,LOC073,2024-07-16T14:47:54,Severe,11,20,84,Construction,151
TE02642,EDGE0182,LOC055,2024-02-19T20:34:23,Moderate,54,70,43,Event,77
TE02643,EDGE0348,LOC049,2026-06-02T09:23:56,Severe,10,20,96,Weather-related,172
TE02644,EDGE0218,LOC066,2024-04-02T15:58:38,Severe,10,20,98,Accident,176
TE02645,EDGE0180,LOC031,2025-03-11T21:40:52,Low,80,90,21,Event,37
TE02646,EDGE0067,LOC032,2024-07-31T01:08:41,Low,83,90,14,Event,25
TE02647,EDGE0154,LOC075,2024-06-21T14:27:13,Moderate,56,70,38,Weather-related,68
TE02648,EDGE0146,LOC056,2025-12-24T04:22:35,Low,84,90,12,Event,21
TE02649,EDGE0041,LOC056,2025-12-13T09:03:41,Severe,11,20,88,Construction,158
TE02650,EDGE0089,LOC031,2025-10-11T16:30:52,Low,84,90,12,Accident,21
TE02651,EDGE0170,LOC005,2024-09-22T22:50:51,Moderate,50,70,57,Construction,102
TE02652,EDGE0055,LOC058,2025-06-17T17:26:31,Severe,10,20,97,Event,174
TE02653,EDGE0366,LOC020,2024-12-07T12:44:05,Low,86,90,7,Weather-related,12
TE02654,EDGE0126,LOC067,2025-04-03T12:25:07,Low,81,90,19,Rush Hour,34
TE02655,EDGE0145,LOC050,2024-08-31T13:29:05,Low,90,90,0,Construction,0
TE02656,EDGE0296,LOC067,2024-09-20T23:39:14,Low,85,90,11,Weather-related,19
TE02657,EDGE0097,LOC010,2026-06-17T01:55:46,Low,87,90,6,Weather-related,10
TE02658,EDGE0006,LOC061,2026-05-08T16:13:25,High,28,45,75,Weather-related,135
TE02659,EDGE0084,LOC013,2024-12-22T19:55:20,Low,86,90,8,Weather-related,14
TE02660,EDGE0228,LOC006,2024-05-14T07:59:48,High,29,45,70,Construction,126
TE02661,EDGE0213,LOC008,2025-10-01T13:08:40,Moderate,50,70,56,Weather-related,100
TE02662,EDGE0292,LOC010,2026-03-21T12:57:00,High,27,45,77,Rush Hour,138
TE02663,EDGE0069,LOC047,2026-01-29T23:11:50,Moderate,52,70,51,Construction,91
TE02664,EDGE0199,LOC035,2024-12-02T05:33:54,Severe,10,20,93,Weather-related,167
TE02665,EDGE0141,LOC007,2026-01-05T12:56:56,Moderate,52,70,51,Construction,91
TE02666,EDGE0037,LOC054,2025-12-19T21:03:07,Moderate,58,70,33,Construction,59
TE02667,EDGE0262,LOC069,2025-03-09T16:14:41,Moderate,49,70,59,Rush Hour,106
TE02668,EDGE0164,LOC024,2024-01-23T12:44:34,Severe,11,20,89,Accident,160
TE02669,EDGE0352,LOC048,2025-10-27T01:06:40,Moderate,51,70,53,Accident,95
TE02670,EDGE0037,LOC059,2025-01-18T03:56:03,Severe,11,20,90,Weather-related,162
TE02671,EDGE0054,LOC071,2025-01-19T23:49:33,Severe,11,20,82,Accident,147
TE02672,EDGE0307,LOC048,2025-05-23T10:28:38,Low,78,90,26,Event,46
TE02673,EDGE0105,LOC026,2025-11-05T13:57:56,High,30,45,66,Accident,118
TE02674,EDGE0026,LOC062,2026-06-19T04:05:48,Low,89,90,1,Weather-related,1
TE02675,EDGE0369,LOC010,2024-12-11T11:55:09,Severe,11,20,83,Accident,149
TE02676,EDGE0339,LOC010,2024-08-19T09:59:34,Low,86,90,7,Rush Hour,12
TE02677,EDGE0024,LOC056,2026-06-10T05:06:55,Severe,10,20,91,Accident,163
TE02678,EDGE0253,LOC029,2024-01-08T21:18:21,Low,85,90,9,Construction,16
TE02679,EDGE0112,LOC031,2025-10-10T23:39:48,Moderate,57,70,36,Accident,64
TE02680,EDGE0151,LOC026,2024-03-09T16:47:51,Low,85,90,9,Construction,16
TE02681,EDGE0153,LOC031,2024-03-03T05:29:44,Low,78,90,26,Rush Hour,46
TE02682,EDGE0329,LOC015,2026-01-01T03:12:06,Severe,10,20,97,Accident,174
TE02683,EDGE0088,LOC053,2026-02-22T06:32:50,High,28,45,72,Construction,129
TE02684,EDGE0126,LOC026,2024-02-22T05:27:54,Moderate,49,70,59,Accident,106
TE02685,EDGE0183,LOC007,2025-10-23T07:09:30,Severe,11,20,81,Construction,145
TE02686,EDGE0307,LOC024,2026-04-05T01:39:11,Moderate,57,70,37,Weather-related,66
TE02687,EDGE0262,LOC034,2025-09-04T13:19:15,Moderate,49,70,59,Event,106
TE02688,EDGE0174,LOC043,2026-01-14T12:27:21,High,27,45,79,Weather-related,142
TE02689,EDGE0223,LOC021,2024-06-01T05:40:30,Low,80,90,22,Event,39
TE02690,EDGE0125,LOC041,2025-12-03T20:14:12,Low,88,90,3,Event,5
TE02691,EDGE0287,LOC029,2026-02-08T09:33:53,Moderate,57,70,37,Accident,66
TE02692,EDGE0307,LOC047,2025-01-08T14:55:06,High,27,45,78,Construction,140
TE02693,EDGE0110,LOC048,2024-05-09T01:52:35,High,27,45,80,Event,144
TE02694,EDGE0170,LOC027,2026-05-17T13:54:11,Moderate,49,70,60,Accident,108
TE02695,EDGE0046,LOC071,2024-01-20T07:09:45,Moderate,49,70,58,Rush Hour,104
TE02696,EDGE0302,LOC009,2025-09-23T15:49:14,Low,85,90,11,Accident,19
TE02697,EDGE0127,LOC039,2024-12-04T15:52:15,High,29,45,68,Event,122
TE02698,EDGE0102,LOC050,2024-07-25T03:51:43,Severe,10,20,92,Accident,165
TE02699,EDGE0348,LOC008,2025-07-10T18:19:56,Moderate,58,70,33,Rush Hour,59
TE02700,EDGE0362,LOC008,2025-04-04T11:51:59,High,30,45,65,Weather-related,117
TE02701,EDGE0357,LOC022,2025-01-06T08:53:31,Low,86,90,8,Accident,14
TE02702,EDGE0344,LOC010,2024-05-20T22:38:28,Severe,11,20,88,Event,158
TE02703,EDGE0324,LOC032,2024-01-25T17:55:10,High,30,45,66,Weather-related,118
TE02704,EDGE0069,LOC009,2026-01-15T07:36:17,Low,76,90,30,Event,54
TE02705,EDGE0026,LOC044,2025-04-18T13:07:56,Moderate,49,70,58,Accident,104
TE02706,EDGE0228,LOC048,2024-09-08T08:26:48,Moderate,49,70,58,Accident,104
TE02707,EDGE0154,LOC074,2025-12-14T11:18:18,Moderate,49,70,59,Rush Hour,106
TE02708,EDGE0028,LOC016,2026-06-05T01:20:14,Moderate,54,70,45,Rush Hour,81
TE02709,EDGE0227,LOC028,2026-06-25T16:25:34,Low,83,90,14,Construction,25
TE02710,EDGE0149,LOC063,2024-02-07T22:12:00,Severe,10,20,99,Construction,178
TE02711,EDGE0323,LOC065,2025-12-07T13:41:38,Low,81,90,19,Weather-related,34
TE02712,EDGE0164,LOC019,2025-12-21T10:14:59,Severe,10,20,96,Accident,172
TE02713,EDGE0077,LOC002,2024-08-03T08:16:26,Moderate,52,70,51,Accident,91
TE02714,EDGE0249,LOC052,2025-09-21T16:55:48,Severe,11,20,82,Accident,147
TE02715,EDGE0363,LOC037,2024-10-14T07:16:36,Severe,11,20,87,Accident,156
TE02716,EDGE0241,LOC058,2025-07-29T10:16:32,Low,80,90,21,Rush Hour,37
TE02717,EDGE0306,LOC015,2025-12-22T06:12:05,Moderate,51,70,52,Event,93
TE02718,EDGE0170,LOC055,2024-01-03T02:50:25,Moderate,52,70,51,Accident,91
TE02719,EDGE0227,LOC014,2024-04-19T19:50:04,Low,81,90,19,Accident,34
TE02720,EDGE0016,LOC010,2025-08-20T21:20:20,Low,83,90,14,Construction,25
TE02721,EDGE0021,LOC029,2025-06-01T03:38:25,Severe,11,20,88,Accident,158
TE02722,EDGE0052,LOC033,2026-04-04T18:08:40,Low,79,90,23,Construction,41
TE02723,EDGE0089,LOC052,2024-02-20T19:40:22,High,31,45,61,Rush Hour,109
TE02724,EDGE0126,LOC066,2025-04-05T17:40:33,Low,76,90,29,Event,52
TE02725,EDGE0153,LOC034,2025-10-23T14:47:12,Severe,11,20,87,Construction,156
TE02726,EDGE0291,LOC021,2025-02-23T02:28:37,High,28,45,74,Accident,133
TE02727,EDGE0327,LOC074,2026-04-22T15:26:47,Moderate,58,70,33,Event,59
TE02728,EDGE0011,LOC073,2026-06-12T14:06:18,Low,78,90,26,Weather-related,46
TE02729,EDGE0328,LOC029,2024-11-17T18:58:42,Low,79,90,23,Weather-related,41
TE02730,EDGE0270,LOC037,2024-05-05T18:22:18,Moderate,59,70,31,Rush Hour,55
TE02731,EDGE0326,LOC052,2025-06-05T11:36:16,Severe,10,20,96,Event,172
TE02732,EDGE0150,LOC012,2024-03-26T03:31:38,High,27,45,80,Construction,144
TE02733,EDGE0080,LOC058,2026-03-10T14:46:00,Low,89,90,2,Accident,3
TE02734,EDGE0146,LOC051,2025-07-19T10:33:00,Severe,10,20,100,Construction,180
TE02735,EDGE0276,LOC047,2024-03-21T02:23:32,Low,76,90,29,Weather-related,52
TE02736,EDGE0072,LOC027,2024-06-21T09:07:57,Moderate,54,70,43,Rush Hour,77
TE02737,EDGE0315,LOC024,2025-08-17T21:35:49,Low,81,90,20,Construction,36
TE02738,EDGE0115,LOC036,2025-07-21T22:12:54,Severe,10,20,93,Construction,167
TE02739,EDGE0180,LOC033,2025-12-23T21:36:45,Low,83,90,15,Rush Hour,27
TE02740,EDGE0191,LOC015,2024-03-04T11:54:20,Low,84,90,12,Event,21
TE02741,EDGE0072,LOC004,2025-07-21T21:28:48,Low,81,90,18,Accident,32
TE02742,EDGE0076,LOC028,2025-07-23T05:36:44,Moderate,55,70,42,Construction,75
TE02743,EDGE0261,LOC024,2024-09-29T06:26:32,Severe,10,20,98,Accident,176
TE02744,EDGE0285,LOC042,2026-05-18T01:13:05,Moderate,54,70,44,Accident,79
TE02745,EDGE0338,LOC024,2024-04-14T02:09:41,Low,86,90,7,Construction,12
TE02746,EDGE0141,LOC003,2026-05-21T02:34:52,Severe,11,20,84,Accident,151
TE02747,EDGE0319,LOC011,2024-11-14T00:14:19,Moderate,55,70,41,Rush Hour,73
TE02748,EDGE0020,LOC014,2024-08-03T00:08:32,Low,76,90,30,Event,54
TE02749,EDGE0367,LOC048,2025-06-04T07:05:00,Low,90,90,0,Weather-related,0
TE02750,EDGE0360,LOC068,2025-01-05T16:52:19,High,28,45,72,Construction,129
TE02751,EDGE0141,LOC009,2026-04-18T07:00:26,Severe,10,20,95,Event,171
TE02752,EDGE0015,LOC026,2024-06-25T09:44:13,High,28,45,72,Weather-related,129
TE02753,EDGE0277,LOC007,2026-01-13T07:31:45,Low,89,90,2,Accident,3
TE02754,EDGE0251,LOC061,2026-06-20T04:25:05,Low,84,90,12,Event,21
TE02755,EDGE0263,LOC038,2024-11-21T21:41:10,Severe,11,20,87,Weather-related,156
TE02756,EDGE0298,LOC061,2024-12-16T04:54:32,Low,83,90,14,Event,25
TE02757,EDGE0025,LOC013,2025-05-12T19:45:25,Moderate,58,70,34,Accident,61
TE02758,EDGE0364,LOC052,2025-07-01T22:02:38,Moderate,50,70,55,Accident,99
TE02759,EDGE0203,LOC065,2025-02-19T07:49:23,Moderate,55,70,41,Weather-related,73
TE02760,EDGE0017,LOC042,2026-02-21T06:18:00,Low,79,90,23,Construction,41
TE02761,EDGE0131,LOC072,2025-10-18T23:56:26,High,28,45,73,Event,131
TE02762,EDGE0300,LOC022,2025-03-06T12:43:37,Severe,10,20,99,Accident,178
TE02763,EDGE0148,LOC050,2024-03-25T14:24:57,High,29,45,71,Construction,127
TE02764,EDGE0290,LOC053,2024-04-08T10:34:27,Low,83,90,14,Construction,25
TE02765,EDGE0364,LOC067,2025-08-02T03:30:18,Low,83,90,15,Event,27
TE02766,EDGE0331,LOC043,2025-06-20T06:58:47,Moderate,58,70,32,Event,57
TE02767,EDGE0319,LOC014,2025-12-03T19:05:29,High,28,45,73,Accident,131
TE02768,EDGE0041,LOC039,2026-01-25T07:51:10,Moderate,55,70,42,Construction,75
TE02769,EDGE0173,LOC038,2026-02-17T23:24:52,Moderate,55,70,41,Accident,73
TE02770,EDGE0236,LOC057,2026-03-29T04:09:01,Severe,11,20,87,Accident,156
TE02771,EDGE0363,LOC045,2024-07-09T14:56:21,Severe,10,20,98,Event,176
TE02772,EDGE0049,LOC013,2025-12-31T08:58:43,Low,80,90,22,Construction,39
TE02773,EDGE0289,LOC062,2026-04-06T06:50:10,High,28,45,74,Rush Hour,133
TE02774,EDGE0068,LOC039,2026-04-07T18:17:29,Low,79,90,24,Construction,43
TE02775,EDGE0336,LOC051,2025-03-30T00:24:17,High,30,45,66,Construction,118
TE02776,EDGE0116,LOC052,2025-12-03T02:58:31,Low,88,90,3,Event,5
TE02777,EDGE0204,LOC071,2025-07-25T21:28:19,Moderate,52,70,50,Construction,90
TE02778,EDGE0137,LOC019,2024-04-11T22:46:26,High,27,45,80,Accident,144
TE02779,EDGE0074,LOC029,2024-10-19T14:19:49,Severe,11,20,90,Rush Hour,162
TE02780,EDGE0074,LOC024,2025-12-12T06:47:04,Low,76,90,29,Construction,52
TE02781,EDGE0071,LOC061,2024-05-15T15:06:22,Moderate,51,70,53,Rush Hour,95
TE02782,EDGE0212,LOC049,2024-05-04T12:58:09,Low,83,90,14,Accident,25
TE02783,EDGE0371,LOC073,2025-08-29T21:41:57,Moderate,52,70,50,Weather-related,90
TE02784,EDGE0171,LOC057,2024-10-04T18:35:16,High,27,45,78,Accident,140
TE02785,EDGE0233,LOC044,2025-03-23T23:18:46,Moderate,59,70,31,Event,55
TE02786,EDGE0354,LOC001,2024-04-29T12:48:13,Moderate,49,70,59,Rush Hour,106
TE02787,EDGE0197,LOC052,2024-06-18T21:25:11,Low,85,90,9,Event,16
TE02788,EDGE0171,LOC053,2024-09-12T22:55:47,High,27,45,76,Event,136
TE02789,EDGE0116,LOC003,2025-03-04T15:53:27,Moderate,56,70,40,Event,72
TE02790,EDGE0321,LOC070,2024-06-23T00:34:44,High,28,45,72,Rush Hour,129
TE02791,EDGE0233,LOC016,2024-08-17T20:07:35,Severe,10,20,92,Rush Hour,165
TE02792,EDGE0177,LOC065,2026-02-10T00:28:35,Moderate,50,70,56,Construction,100
TE02793,EDGE0068,LOC012,2024-08-21T18:58:28,Moderate,52,70,49,Rush Hour,88
TE02794,EDGE0255,LOC045,2024-11-13T07:13:17,High,27,45,77,Weather-related,138
TE02795,EDGE0043,LOC018,2026-03-19T20:38:31,High,30,45,64,Event,115
TE02796,EDGE0221,LOC001,2024-02-05T05:57:16,Moderate,58,70,32,Accident,57
TE02797,EDGE0266,LOC030,2025-03-31T10:08:56,Moderate,54,70,44,Event,79
TE02798,EDGE0310,LOC004,2025-10-09T01:36:43,High,30,45,66,Weather-related,118
TE02799,EDGE0164,LOC044,2026-04-21T02:09:29,High,29,45,71,Event,127
TE02800,EDGE0239,LOC053,2024-07-24T02:20:13,High,29,45,71,Weather-related,127
TE02801,EDGE0053,LOC047,2026-01-06T04:27:21,Severe,11,20,86,Rush Hour,154
TE02802,EDGE0097,LOC075,2025-06-22T13:55:19,Low,83,90,14,Event,25
TE02803,EDGE0177,LOC020,2025-10-14T15:34:50,High,27,45,79,Event,142
TE02804,EDGE0253,LOC072,2025-11-20T12:18:07,Low,85,90,9,Event,16
TE02805,EDGE0273,LOC070,2024-02-03T08:55:05,Severe,10,20,96,Construction,172
TE02806,EDGE0030,LOC001,2025-03-28T20:32:02,Low,86,90,8,Rush Hour,14
TE02807,EDGE0005,LOC039,2024-10-20T16:41:32,Severe,11,20,86,Event,154
TE02808,EDGE0095,LOC040,2024-04-07T18:55:40,Low,80,90,22,Construction,39
TE02809,EDGE0079,LOC044,2024-02-04T05:35:04,Severe,11,20,85,Construction,153
TE02810,EDGE0013,LOC037,2024-12-26T21:49:04,Low,81,90,20,Event,36
TE02811,EDGE0336,LOC035,2026-03-18T04:51:20,High,28,45,73,Rush Hour,131
TE02812,EDGE0328,LOC068,2025-06-05T18:24:57,Severe,11,20,87,Construction,156
TE02813,EDGE0153,LOC061,2025-10-01T12:58:48,Low,83,90,14,Rush Hour,25
TE02814,EDGE0042,LOC072,2026-06-17T23:40:17,Severe,10,20,92,Weather-related,165
TE02815,EDGE0176,LOC009,2025-06-16T12:13:47,Low,86,90,8,Accident,14
TE02816,EDGE0160,LOC047,2025-05-21T21:35:05,Moderate,58,70,34,Construction,61
TE02817,EDGE0105,LOC006,2026-01-25T04:55:32,Moderate,53,70,48,Accident,86
TE02818,EDGE0001,LOC067,2026-04-03T14:01:46,Low,81,90,20,Construction,36
TE02819,EDGE0052,LOC014,2026-05-02T00:23:44,High,28,45,75,Construction,135
TE02820,EDGE0089,LOC049,2025-11-22T16:21:29,Low,76,90,30,Construction,54
TE02821,EDGE0041,LOC006,2025-12-12T11:44:31,Low,81,90,18,Weather-related,32
TE02822,EDGE0028,LOC017,2025-04-17T09:00:40,Low,87,90,5,Rush Hour,9
TE02823,EDGE0072,LOC025,2026-05-31T04:40:29,Moderate,49,70,58,Weather-related,104
TE02824,EDGE0286,LOC018,2024-07-23T23:36:39,Severe,10,20,94,Weather-related,169
TE02825,EDGE0326,LOC010,2025-04-21T02:57:43,Moderate,57,70,37,Event,66
TE02826,EDGE0212,LOC011,2024-09-23T18:49:26,Low,87,90,5,Construction,9
TE02827,EDGE0092,LOC008,2025-02-07T21:46:50,Severe,10,20,97,Construction,174
TE02828,EDGE0333,LOC075,2024-12-18T07:02:36,Moderate,57,70,35,Rush Hour,63
TE02829,EDGE0009,LOC075,2026-01-22T05:53:30,Low,84,90,13,Rush Hour,23
TE02830,EDGE0359,LOC042,2025-07-31T17:31:23,High,27,45,77,Construction,138
TE02831,EDGE0239,LOC075,2025-03-23T14:52:20,Low,88,90,3,Event,5
TE02832,EDGE0074,LOC014,2024-03-14T12:10:40,Moderate,50,70,55,Accident,99
TE02833,EDGE0058,LOC004,2024-08-18T10:27:14,High,28,45,75,Accident,135
TE02834,EDGE0128,LOC072,2025-07-02T13:18:04,Severe,10,20,97,Accident,174
TE02835,EDGE0366,LOC058,2025-03-17T18:31:50,Moderate,52,70,49,Weather-related,88
TE02836,EDGE0170,LOC011,2025-12-09T06:10:23,Low,81,90,18,Rush Hour,32
TE02837,EDGE0010,LOC040,2024-09-15T10:27:53,Low,87,90,5,Rush Hour,9
TE02838,EDGE0307,LOC036,2024-09-06T18:40:52,Moderate,57,70,36,Rush Hour,64
TE02839,EDGE0170,LOC044,2026-04-11T14:03:09,Low,85,90,9,Rush Hour,16
TE02840,EDGE0089,LOC021,2025-03-19T02:45:48,Moderate,54,70,43,Construction,77
TE02841,EDGE0086,LOC035,2024-10-10T03:54:35,High,31,45,61,Construction,109
TE02842,EDGE0031,LOC068,2024-09-29T09:52:12,Moderate,56,70,38,Construction,68
TE02843,EDGE0253,LOC011,2024-08-26T10:19:41,High,28,45,74,Construction,133
TE02844,EDGE0283,LOC025,2024-09-07T12:00:41,Low,84,90,12,Rush Hour,21
TE02845,EDGE0041,LOC014,2025-01-04T13:45:12,Severe,11,20,82,Accident,147
TE02846,EDGE0160,LOC030,2024-06-30T14:59:39,High,31,45,61,Construction,109
TE02847,EDGE0025,LOC066,2024-03-04T22:14:14,Low,81,90,18,Accident,32
TE02848,EDGE0108,LOC056,2025-05-06T20:40:00,Severe,10,20,99,Construction,178
TE02849,EDGE0304,LOC012,2026-06-11T11:51:03,High,28,45,72,Weather-related,129
TE02850,EDGE0009,LOC037,2024-07-15T11:16:27,Moderate,56,70,40,Rush Hour,72
TE02851,EDGE0305,LOC008,2025-11-15T21:31:11,Moderate,49,70,59,Weather-related,106
TE02852,EDGE0346,LOC026,2025-02-08T12:41:02,Moderate,50,70,57,Weather-related,102
TE02853,EDGE0319,LOC029,2025-07-28T06:22:35,Severe,11,20,83,Construction,149
TE02854,EDGE0180,LOC040,2024-10-13T14:31:52,High,29,45,70,Accident,126
TE02855,EDGE0152,LOC061,2024-11-14T16:44:46,Low,80,90,21,Weather-related,37
TE02856,EDGE0256,LOC045,2026-05-23T19:02:39,Moderate,54,70,44,Accident,79
TE02857,EDGE0338,LOC015,2024-02-23T21:18:10,Severe,10,20,100,Weather-related,180
TE02858,EDGE0028,LOC071,2025-05-07T08:31:11,Moderate,49,70,59,Construction,106
TE02859,EDGE0134,LOC065,2025-06-18T03:32:45,Low,88,90,3,Weather-related,5
TE02860,EDGE0082,LOC067,2024-08-17T19:45:36,Moderate,57,70,35,Event,63
TE02861,EDGE0159,LOC046,2025-08-02T07:16:35,Low,78,90,26,Weather-related,46
TE02862,EDGE0080,LOC005,2025-11-27T14:38:54,High,28,45,75,Rush Hour,135
TE02863,EDGE0055,LOC013,2026-04-18T15:41:07,Severe,10,20,99,Weather-related,178
TE02864,EDGE0033,LOC075,2024-09-09T14:04:41,Low,89,90,2,Rush Hour,3
TE02865,EDGE0183,LOC056,2026-04-08T23:39:05,Moderate,52,70,51,Construction,91
TE02866,EDGE0332,LOC008,2025-04-13T10:57:47,Severe,11,20,87,Rush Hour,156
TE02867,EDGE0202,LOC069,2024-07-07T17:28:34,Moderate,49,70,60,Weather-related,108
TE02868,EDGE0200,LOC036,2024-02-08T17:16:44,Moderate,50,70,55,Event,99
TE02869,EDGE0053,LOC014,2025-09-20T11:10:36,High,28,45,73,Event,131
TE02870,EDGE0270,LOC023,2026-02-14T19:36:43,Low,76,90,29,Weather-related,52
TE02871,EDGE0167,LOC035,2024-08-13T20:18:14,Moderate,56,70,38,Construction,68
TE02872,EDGE0077,LOC046,2025-12-12T12:59:46,Moderate,57,70,35,Construction,63
TE02873,EDGE0039,LOC030,2025-05-12T10:35:23,Moderate,52,70,49,Weather-related,88
TE02874,EDGE0077,LOC064,2024-08-30T10:05:15,Severe,11,20,86,Weather-related,154
TE02875,EDGE0005,LOC045,2024-01-07T16:06:11,Severe,10,20,100,Event,180
TE02876,EDGE0110,LOC033,2026-04-28T09:46:59,Low,80,90,21,Event,37
TE02877,EDGE0161,LOC004,2026-02-27T05:34:47,Severe,11,20,84,Weather-related,151
TE02878,EDGE0202,LOC014,2025-05-29T15:02:15,Moderate,49,70,59,Event,106
TE02879,EDGE0239,LOC011,2025-04-04T03:09:31,Low,86,90,8,Event,14
TE02880,EDGE0291,LOC068,2026-01-06T04:40:13,Low,87,90,6,Event,10
TE02881,EDGE0020,LOC005,2025-03-26T05:32:25,Low,88,90,4,Construction,7
TE02882,EDGE0209,LOC033,2026-06-10T06:06:52,Moderate,54,70,44,Weather-related,79
TE02883,EDGE0217,LOC031,2024-08-16T11:40:09,Low,89,90,1,Accident,1
TE02884,EDGE0327,LOC037,2026-05-28T01:21:29,Moderate,49,70,60,Accident,108
TE02885,EDGE0107,LOC064,2025-11-17T18:53:20,High,31,45,61,Construction,109
TE02886,EDGE0005,LOC019,2025-06-10T03:04:14,Severe,10,20,95,Construction,171
TE02887,EDGE0026,LOC019,2024-06-23T11:25:47,Low,77,90,27,Accident,48
TE02888,EDGE0284,LOC028,2026-01-14T01:42:52,Severe,11,20,84,Weather-related,151
TE02889,EDGE0038,LOC073,2024-03-03T06:19:29,Low,84,90,13,Construction,23
TE02890,EDGE0270,LOC035,2024-08-04T14:04:37,Low,81,90,19,Weather-related,34
TE02891,EDGE0230,LOC010,2026-05-05T21:16:38,Low,85,90,9,Accident,16
TE02892,EDGE0252,LOC005,2024-06-30T13:27:24,High,30,45,63,Rush Hour,113
TE02893,EDGE0040,LOC009,2025-04-23T14:08:13,Low,80,90,22,Event,39
TE02894,EDGE0212,LOC060,2024-02-08T12:26:48,Severe,10,20,95,Weather-related,171
TE02895,EDGE0223,LOC073,2025-09-15T21:50:55,High,27,45,77,Accident,138
TE02896,EDGE0264,LOC071,2024-12-08T07:47:42,Moderate,53,70,46,Construction,82
TE02897,EDGE0153,LOC025,2025-11-23T19:04:01,Moderate,56,70,39,Construction,70
TE02898,EDGE0117,LOC038,2025-07-09T04:35:50,Severe,11,20,85,Rush Hour,153
TE02899,EDGE0333,LOC060,2024-05-23T15:56:47,Low,80,90,22,Rush Hour,39
TE02900,EDGE0117,LOC036,2025-05-21T23:49:26,Severe,11,20,90,Construction,162
TE02901,EDGE0358,LOC064,2024-03-26T11:48:09,Severe,11,20,87,Event,156
TE02902,EDGE0239,LOC048,2024-10-30T03:42:35,Moderate,57,70,36,Rush Hour,64
TE02903,EDGE0296,LOC019,2026-06-25T07:54:02,Moderate,58,70,33,Event,59
TE02904,EDGE0089,LOC040,2026-03-28T18:52:34,Moderate,53,70,48,Weather-related,86
TE02905,EDGE0310,LOC062,2024-12-11T02:07:23,Moderate,57,70,35,Construction,63
TE02906,EDGE0320,LOC006,2025-03-07T17:52:33,Moderate,54,70,44,Construction,79
TE02907,EDGE0178,LOC011,2024-10-31T00:48:33,Severe,11,20,82,Accident,147
TE02908,EDGE0137,LOC036,2024-02-05T00:40:28,Low,81,90,18,Weather-related,32
TE02909,EDGE0115,LOC038,2024-05-09T20:26:39,Moderate,56,70,38,Weather-related,68
TE02910,EDGE0071,LOC074,2026-04-16T09:27:54,Low,88,90,3,Event,5
TE02911,EDGE0233,LOC043,2025-11-22T23:52:51,Moderate,50,70,56,Accident,100
TE02912,EDGE0204,LOC025,2024-05-15T17:38:53,Low,83,90,15,Event,27
TE02913,EDGE0370,LOC013,2026-03-06T00:49:18,High,30,45,63,Accident,113
TE02914,EDGE0236,LOC014,2025-09-04T17:10:41,High,27,45,78,Accident,140
TE02915,EDGE0104,LOC018,2024-10-29T01:37:22,Moderate,56,70,39,Rush Hour,70
TE02916,EDGE0133,LOC023,2026-01-31T21:52:26,High,30,45,63,Weather-related,113
TE02917,EDGE0220,LOC056,2025-05-08T14:52:11,Low,76,90,30,Event,54
TE02918,EDGE0128,LOC005,2026-03-05T16:11:02,Severe,10,20,96,Accident,172
TE02919,EDGE0002,LOC072,2024-03-28T01:36:23,Moderate,57,70,37,Construction,66
TE02920,EDGE0070,LOC072,2025-07-14T21:28:26,Low,85,90,10,Rush Hour,18
TE02921,EDGE0252,LOC052,2025-09-09T14:02:11,Low,88,90,4,Accident,7
TE02922,EDGE0136,LOC022,2024-08-17T19:49:27,High,31,45,61,Rush Hour,109
TE02923,EDGE0153,LOC042,2025-10-26T07:35:33,High,28,45,75,Event,135
TE02924,EDGE0072,LOC021,2025-07-28T04:48:14,Moderate,54,70,45,Accident,81
TE02925,EDGE0337,LOC028,2025-08-22T19:19:18,High,28,45,74,Rush Hour,133
TE02926,EDGE0267,LOC046,2025-08-02T04:09:10,Severe,10,20,96,Event,172
TE02927,EDGE0277,LOC032,2024-01-19T22:30:20,Low,81,90,20,Event,36
TE02928,EDGE0327,LOC057,2025-03-18T04:32:05,Moderate,56,70,40,Accident,72
TE02929,EDGE0274,LOC056,2025-06-19T19:33:27,Moderate,49,70,60,Accident,108
TE02930,EDGE0348,LOC009,2025-06-29T19:27:54,Severe,10,20,100,Event,180
TE02931,EDGE0329,LOC050,2025-04-23T14:15:14,Severe,10,20,93,Accident,167
TE02932,EDGE0061,LOC056,2025-11-23T04:16:43,Moderate,55,70,42,Rush Hour,75
TE02933,EDGE0084,LOC008,2026-05-21T12:49:36,Low,78,90,25,Event,45
TE02934,EDGE0279,LOC017,2024-05-16T01:54:49,Moderate,57,70,35,Event,63
TE02935,EDGE0370,LOC053,2024-12-01T01:41:53,Severe,11,20,87,Rush Hour,156
TE02936,EDGE0049,LOC047,2025-11-21T01:44:07,Low,89,90,1,Accident,1
TE02937,EDGE0339,LOC067,2025-10-07T15:03:19,High,30,45,66,Accident,118
TE02938,EDGE0183,LOC039,2025-11-18T09:45:30,High,27,45,76,Accident,136
TE02939,EDGE0113,LOC042,2025-03-24T09:03:22,Low,88,90,3,Rush Hour,5
TE02940,EDGE0330,LOC034,2024-09-11T10:32:47,High,30,45,66,Construction,118
TE02941,EDGE0067,LOC031,2025-10-20T09:36:34,Moderate,53,70,47,Rush Hour,84
TE02942,EDGE0184,LOC008,2025-10-05T10:15:49,Moderate,57,70,37,Accident,66
TE02943,EDGE0110,LOC069,2024-08-04T19:27:37,Moderate,54,70,43,Weather-related,77
TE02944,EDGE0168,LOC010,2024-05-13T17:13:10,Moderate,50,70,55,Weather-related,99
TE02945,EDGE0355,LOC056,2024-08-11T03:15:38,Moderate,57,70,35,Construction,63
TE02946,EDGE0221,LOC024,2024-11-18T18:44:28,Low,83,90,14,Construction,25
TE02947,EDGE0037,LOC053,2025-04-16T01:16:34,Moderate,57,70,36,Event,64
TE02948,EDGE0186,LOC002,2026-01-07T06:51:35,Low,84,90,12,Weather-related,21
TE02949,EDGE0120,LOC065,2026-03-27T00:38:32,High,29,45,68,Weather-related,122
TE02950,EDGE0147,LOC038,2025-06-05T01:14:33,High,30,45,65,Construction,117
TE02951,EDGE0363,LOC022,2024-04-12T16:58:29,Moderate,49,70,58,Rush Hour,104
TE02952,EDGE0059,LOC075,2025-08-06T17:48:39,Moderate,55,70,42,Accident,75
TE02953,EDGE0005,LOC001,2024-05-17T09:35:27,High,28,45,72,Construction,129
TE02954,EDGE0201,LOC035,2024-01-11T06:46:09,Moderate,50,70,57,Construction,102
TE02955,EDGE0309,LOC066,2025-09-28T01:47:56,Moderate,52,70,49,Rush Hour,88
TE02956,EDGE0196,LOC017,2025-02-28T14:26:18,Low,79,90,23,Rush Hour,41
TE02957,EDGE0014,LOC072,2025-10-05T22:12:09,High,29,45,70,Event,126
TE02958,EDGE0289,LOC057,2024-09-28T16:29:02,High,29,45,71,Event,127
TE02959,EDGE0195,LOC003,2026-05-13T10:14:31,Moderate,49,70,58,Rush Hour,104
TE02960,EDGE0246,LOC007,2025-12-18T21:04:51,Moderate,52,70,49,Construction,88
TE02961,EDGE0360,LOC069,2026-06-01T05:27:18,Severe,11,20,88,Event,158
TE02962,EDGE0251,LOC018,2024-07-31T17:00:36,Low,78,90,26,Construction,46
TE02963,EDGE0070,LOC045,2024-11-05T12:51:37,Moderate,49,70,58,Event,104
TE02964,EDGE0332,LOC025,2024-10-15T22:49:18,Moderate,55,70,42,Construction,75
TE02965,EDGE0230,LOC045,2025-08-16T01:23:59,Low,85,90,10,Weather-related,18
TE02966,EDGE0138,LOC022,2025-03-25T15:58:08,Low,89,90,2,Accident,3
TE02967,EDGE0265,LOC024,2026-05-10T09:39:20,Moderate,55,70,41,Weather-related,73
TE02968,EDGE0007,LOC009,2026-02-01T02:21:27,Low,78,90,25,Rush Hour,45
TE02969,EDGE0250,LOC063,2024-03-06T14:33:25,Severe,11,20,87,Rush Hour,156
TE02970,EDGE0142,LOC019,2025-04-14T03:06:40,Severe,11,20,82,Accident,147
TE02971,EDGE0337,LOC009,2026-06-28T02:08:42,Moderate,51,70,54,Construction,97
TE02972,EDGE0306,LOC015,2025-04-17T02:44:57,Low,88,90,3,Event,5
TE02973,EDGE0081,LOC069,2026-02-06T13:24:04,High,30,45,63,Construction,113
TE02974,EDGE0365,LOC040,2026-05-18T19:30:32,Moderate,50,70,57,Rush Hour,102
TE02975,EDGE0126,LOC031,2025-12-20T22:44:12,Severe,11,20,85,Event,153
TE02976,EDGE0357,LOC018,2024-12-14T18:43:14,Severe,10,20,96,Rush Hour,172
TE02977,EDGE0363,LOC009,2024-02-11T16:40:05,High,29,45,69,Rush Hour,124
TE02978,EDGE0324,LOC030,2024-01-04T19:13:07,Severe,11,20,88,Accident,158
TE02979,EDGE0296,LOC050,2024-08-27T06:25:47,Moderate,55,70,42,Weather-related,75
TE02980,EDGE0353,LOC019,2025-02-12T01:18:33,High,30,45,65,Event,117
TE02981,EDGE0274,LOC022,2025-04-11T07:07:35,Severe,10,20,93,Event,167
TE02982,EDGE0183,LOC049,2026-01-04T01:36:42,Moderate,53,70,47,Accident,84
TE02983,EDGE0164,LOC043,2024-07-11T21:39:04,Low,83,90,15,Rush Hour,27
TE02984,EDGE0049,LOC023,2025-03-22T21:49:28,High,30,45,64,Weather-related,115
TE02985,EDGE0317,LOC044,2025-10-10T00:43:54,Moderate,56,70,39,Rush Hour,70
TE02986,EDGE0223,LOC005,2024-10-05T15:29:03,Moderate,56,70,38,Construction,68
TE02987,EDGE0111,LOC069,2026-02-03T02:51:28,Moderate,52,70,51,Event,91
TE02988,EDGE0291,LOC067,2025-01-15T04:57:04,Low,85,90,11,Construction,19
TE02989,EDGE0328,LOC039,2024-02-14T04:24:59,Low,85,90,9,Rush Hour,16
TE02990,EDGE0208,LOC074,2024-07-04T09:51:51,Moderate,50,70,55,Weather-related,99
TE02991,EDGE0192,LOC025,2025-03-06T15:24:00,Severe,10,20,99,Event,178
TE02992,EDGE0137,LOC067,2026-02-04T22:14:40,Moderate,51,70,54,Construction,97
TE02993,EDGE0179,LOC015,2024-04-13T15:40:54,Low,81,90,20,Construction,36
TE02994,EDGE0285,LOC072,2025-07-15T23:22:19,Severe,11,20,83,Rush Hour,149
TE02995,EDGE0018,LOC008,2026-06-21T15:42:07,Severe,11,20,82,Event,147
TE02996,EDGE0129,LOC071,2026-01-16T09:48:46,High,28,45,72,Construction,129
TE02997,EDGE0041,LOC029,2026-05-28T14:08:56,Severe,11,20,87,Construction,156
TE02998,EDGE0329,LOC021,2025-11-08T09:48:44,Severe,10,20,96,Rush Hour,172
TE02999,EDGE0234,LOC043,2025-02-04T15:38:20,Low,87,90,5,Rush Hour,9
TE03000,EDGE0228,LOC060,2026-01-09T12:05:02,Moderate,51,70,54,Event,97
TE03001,EDGE0187,LOC057,2024-07-04T18:24:10,Moderate,58,70,34,Accident,61
TE03002,EDGE0289,LOC058,2025-08-02T17:59:13,Low,76,90,29,Event,52
TE03003,EDGE0179,LOC039,2026-03-07T04:20:57,Moderate,54,70,44,Weather-related,79
TE03004,EDGE0167,LOC035,2026-06-12T15:23:05,Low,88,90,4,Rush Hour,7
TE03005,EDGE0356,LOC075,2024-01-28T06:07:40,Severe,10,20,91,Accident,163
TE03006,EDGE0363,LOC057,2025-02-07T04:14:51,Severe,10,20,94,Rush Hour,169
TE03007,EDGE0325,LOC018,2024-09-09T23:23:05,Severe,10,20,91,Construction,163
TE03008,EDGE0318,LOC051,2026-06-22T13:39:05,Moderate,54,70,45,Rush Hour,81
TE03009,EDGE0266,LOC028,2024-03-31T21:25:32,Severe,11,20,83,Accident,149
TE03010,EDGE0004,LOC023,2024-08-15T00:23:12,Low,79,90,23,Construction,41
TE03011,EDGE0316,LOC033,2025-05-11T14:34:32,Low,89,90,1,Accident,1
TE03012,EDGE0104,LOC009,2025-12-17T04:57:53,Low,84,90,12,Rush Hour,21
TE03013,EDGE0019,LOC006,2024-07-29T11:42:32,Severe,11,20,81,Accident,145
TE03014,EDGE0265,LOC059,2025-07-09T04:17:45,Severe,11,20,90,Accident,162
TE03015,EDGE0100,LOC051,2024-09-10T16:35:43,Severe,10,20,98,Rush Hour,176
TE03016,EDGE0180,LOC013,2024-03-23T03:49:11,Severe,10,20,92,Rush Hour,165
TE03017,EDGE0302,LOC021,2025-02-27T13:53:15,Low,88,90,4,Construction,7
TE03018,EDGE0344,LOC073,2025-07-15T01:08:57,High,27,45,76,Event,136
TE03019,EDGE0325,LOC044,2025-10-13T16:36:56,Moderate,58,70,33,Rush Hour,59
TE03020,EDGE0101,LOC025,2025-07-07T00:03:27,Moderate,55,70,41,Accident,73
TE03021,EDGE0124,LOC004,2024-03-16T16:13:23,Low,78,90,25,Construction,45
TE03022,EDGE0371,LOC063,2025-03-26T06:37:20,High,29,45,71,Construction,127
TE03023,EDGE0213,LOC064,2025-03-29T02:01:32,Low,79,90,24,Weather-related,43
TE03024,EDGE0314,LOC007,2026-04-02T17:22:43,Low,90,90,0,Weather-related,0
TE03025,EDGE0265,LOC060,2024-04-29T08:18:22,Low,87,90,6,Construction,10
TE03026,EDGE0280,LOC023,2026-03-09T06:19:53,Severe,10,20,93,Rush Hour,167
TE03027,EDGE0001,LOC044,2024-10-28T01:56:26,Low,82,90,16,Weather-related,28
TE03028,EDGE0057,LOC021,2024-10-11T15:57:42,Low,87,90,6,Rush Hour,10
TE03029,EDGE0068,LOC027,2024-05-26T19:32:16,Moderate,53,70,46,Weather-related,82
TE03030,EDGE0021,LOC073,2024-09-16T15:16:43,Moderate,54,70,43,Accident,77
TE03031,EDGE0108,LOC050,2026-04-24T15:03:54,Moderate,50,70,56,Weather-related,100
TE03032,EDGE0356,LOC058,2025-05-16T03:39:19,Low,80,90,21,Event,37
TE03033,EDGE0064,LOC003,2025-05-06T05:10:45,Severe,11,20,84,Accident,151
TE03034,EDGE0025,LOC013,2025-04-12T16:47:21,High,28,45,73,Event,131
TE03035,EDGE0352,LOC072,2025-02-25T16:43:26,Low,88,90,3,Weather-related,5
TE03036,EDGE0038,LOC052,2025-07-17T03:49:30,Low,85,90,10,Accident,18
TE03037,EDGE0098,LOC018,2024-05-28T20:55:42,High,31,45,62,Event,111
TE03038,EDGE0130,LOC016,2026-04-10T04:38:01,Moderate,55,70,42,Weather-related,75
TE03039,EDGE0008,LOC036,2026-06-20T01:42:22,Severe,11,20,84,Event,151
TE03040,EDGE0160,LOC037,2025-06-30T05:41:34,Low,88,90,3,Rush Hour,5
TE03041,EDGE0284,LOC030,2024-08-11T06:10:38,Moderate,52,70,51,Rush Hour,91
TE03042,EDGE0181,LOC013,2024-01-21T00:51:35,High,27,45,80,Accident,144
TE03043,EDGE0322,LOC004,2024-07-31T17:50:43,Moderate,51,70,53,Construction,95
TE03044,EDGE0277,LOC004,2026-03-15T22:48:20,Severe,10,20,91,Construction,163
TE03045,EDGE0165,LOC021,2025-03-13T04:00:52,High,28,45,72,Construction,129
TE03046,EDGE0304,LOC013,2025-08-02T10:58:37,Moderate,55,70,42,Rush Hour,75
TE03047,EDGE0320,LOC073,2026-01-23T06:20:45,High,30,45,64,Construction,115
TE03048,EDGE0291,LOC010,2025-10-02T00:16:06,Low,89,90,1,Event,1
TE03049,EDGE0050,LOC065,2025-06-12T15:47:29,Low,87,90,6,Weather-related,10
TE03050,EDGE0340,LOC065,2024-09-10T06:10:01,Moderate,56,70,40,Construction,72
TE03051,EDGE0231,LOC056,2024-06-08T02:24:52,High,31,45,61,Event,109
TE03052,EDGE0049,LOC052,2024-12-04T11:00:50,High,31,45,62,Rush Hour,111
TE03053,EDGE0178,LOC006,2024-08-28T02:13:29,Moderate,51,70,53,Rush Hour,95
TE03054,EDGE0305,LOC007,2026-02-20T23:28:28,Severe,10,20,99,Construction,178
TE03055,EDGE0137,LOC075,2024-12-09T11:42:31,High,29,45,67,Construction,120
TE03056,EDGE0003,LOC010,2024-10-19T16:41:12,Severe,11,20,90,Event,162
TE03057,EDGE0068,LOC067,2026-05-17T20:10:33,High,28,45,74,Weather-related,133
TE03058,EDGE0238,LOC032,2026-03-27T13:45:27,Severe,11,20,83,Weather-related,149
TE03059,EDGE0025,LOC023,2026-04-06T13:57:49,Moderate,55,70,42,Rush Hour,75
TE03060,EDGE0038,LOC011,2026-05-06T02:58:31,Moderate,54,70,43,Construction,77
TE03061,EDGE0134,LOC001,2024-06-26T00:59:16,Moderate,56,70,38,Rush Hour,68
TE03062,EDGE0342,LOC045,2025-10-10T07:47:46,Low,90,90,0,Accident,0
TE03063,EDGE0224,LOC074,2025-12-16T08:21:43,High,28,45,74,Accident,133
TE03064,EDGE0166,LOC056,2024-04-28T16:24:38,Moderate,53,70,48,Construction,86
TE03065,EDGE0176,LOC031,2024-06-30T01:52:56,Low,83,90,15,Construction,27
TE03066,EDGE0322,LOC016,2024-07-22T20:41:21,Severe,11,20,90,Event,162
TE03067,EDGE0240,LOC075,2024-01-27T23:57:03,High,27,45,79,Accident,142
TE03068,EDGE0225,LOC005,2026-01-14T21:44:07,Low,76,90,29,Rush Hour,52
TE03069,EDGE0097,LOC043,2025-06-24T22:12:23,Severe,10,20,95,Construction,171
TE03070,EDGE0317,LOC052,2025-04-29T00:18:02,Severe,10,20,92,Weather-related,165
TE03071,EDGE0131,LOC050,2025-07-17T05:32:09,High,30,45,65,Rush Hour,117
TE03072,EDGE0251,LOC024,2024-08-03T22:49:00,Severe,10,20,98,Weather-related,176
TE03073,EDGE0191,LOC056,2025-11-17T12:38:21,Low,89,90,1,Accident,1
TE03074,EDGE0037,LOC030,2026-03-23T15:22:06,Moderate,54,70,45,Rush Hour,81
TE03075,EDGE0144,LOC023,2025-06-15T08:22:00,Low,85,90,10,Construction,18
TE03076,EDGE0139,LOC044,2024-09-24T12:20:53,Moderate,53,70,47,Accident,84
TE03077,EDGE0280,LOC050,2025-04-18T07:27:09,Severe,11,20,89,Construction,160
TE03078,EDGE0032,LOC074,2024-02-14T16:13:59,High,29,45,68,Event,122
TE03079,EDGE0003,LOC041,2024-07-03T05:36:45,Low,83,90,15,Construction,27
TE03080,EDGE0107,LOC029,2024-12-11T10:06:05,Moderate,54,70,43,Construction,77
TE03081,EDGE0274,LOC045,2024-07-18T22:49:24,High,29,45,71,Rush Hour,127
TE03082,EDGE0072,LOC032,2024-08-09T03:32:26,Moderate,53,70,46,Event,82
TE03083,EDGE0145,LOC030,2024-12-17T23:18:25,Moderate,55,70,42,Accident,75
TE03084,EDGE0090,LOC002,2025-04-22T13:45:31,Severe,10,20,100,Weather-related,180
TE03085,EDGE0256,LOC056,2024-07-13T17:10:11,Moderate,50,70,57,Construction,102
TE03086,EDGE0111,LOC006,2024-11-21T23:26:23,Low,87,90,5,Rush Hour,9
TE03087,EDGE0221,LOC022,2024-07-21T06:53:17,Low,81,90,18,Event,32
TE03088,EDGE0135,LOC012,2024-05-02T02:36:19,Moderate,56,70,38,Weather-related,68
TE03089,EDGE0213,LOC028,2025-10-21T21:52:51,Low,85,90,9,Rush Hour,16
TE03090,EDGE0273,LOC059,2024-06-22T13:18:19,Severe,11,20,85,Weather-related,153
TE03091,EDGE0328,LOC067,2024-04-30T18:10:55,Moderate,56,70,39,Construction,70
TE03092,EDGE0329,LOC015,2024-01-30T05:09:13,Moderate,49,70,60,Construction,108
TE03093,EDGE0156,LOC019,2026-01-22T06:19:51,Low,87,90,6,Rush Hour,10
TE03094,EDGE0209,LOC035,2025-10-31T22:04:16,Severe,11,20,89,Rush Hour,160
TE03095,EDGE0364,LOC009,2024-03-07T01:08:47,Low,81,90,20,Construction,36
TE03096,EDGE0102,LOC041,2024-11-01T00:29:44,Severe,10,20,93,Weather-related,167
TE03097,EDGE0223,LOC036,2024-06-16T11:43:24,Low,90,90,0,Weather-related,0
TE03098,EDGE0290,LOC021,2024-02-20T22:36:03,Moderate,51,70,54,Construction,97
TE03099,EDGE0084,LOC021,2026-03-08T15:53:30,Low,85,90,9,Construction,16
TE03100,EDGE0114,LOC006,2024-04-02T01:34:05,Low,77,90,27,Weather-related,48
TE03101,EDGE0199,LOC070,2025-12-29T16:39:26,High,30,45,63,Construction,113
TE03102,EDGE0032,LOC061,2024-07-03T17:44:29,Severe,11,20,86,Weather-related,154
TE03103,EDGE0369,LOC007,2025-01-28T00:59:19,Moderate,51,70,52,Weather-related,93
TE03104,EDGE0357,LOC022,2024-03-08T05:39:04,High,28,45,72,Weather-related,129
TE03105,EDGE0200,LOC018,2024-04-12T21:52:50,Moderate,59,70,31,Accident,55
TE03106,EDGE0067,LOC033,2025-04-13T14:10:14,Low,88,90,3,Construction,5
TE03107,EDGE0074,LOC043,2024-01-16T22:58:57,Low,88,90,3,Construction,5
TE03108,EDGE0235,LOC036,2024-05-29T21:54:53,High,29,45,69,Construction,124
TE03109,EDGE0237,LOC047,2024-07-11T07:21:29,Severe,11,20,90,Rush Hour,162
TE03110,EDGE0317,LOC057,2024-11-15T01:54:40,Moderate,58,70,32,Event,57
TE03111,EDGE0211,LOC064,2024-11-06T17:27:04,Severe,10,20,96,Construction,172
TE03112,EDGE0160,LOC058,2024-10-14T01:09:56,Low,81,90,19,Construction,34
TE03113,EDGE0085,LOC019,2025-06-30T02:07:30,High,29,45,68,Construction,122
TE03114,EDGE0243,LOC031,2024-02-15T10:51:32,Severe,11,20,86,Weather-related,154
TE03115,EDGE0196,LOC027,2024-05-21T00:29:53,Moderate,51,70,53,Construction,95
TE03116,EDGE0317,LOC049,2024-08-14T02:45:26,Moderate,52,70,50,Accident,90
TE03117,EDGE0226,LOC042,2025-03-06T21:18:50,Moderate,55,70,42,Event,75
TE03118,EDGE0289,LOC026,2026-06-19T14:41:49,Moderate,53,70,48,Event,86
TE03119,EDGE0249,LOC028,2025-06-24T08:17:10,High,29,45,68,Rush Hour,122
TE03120,EDGE0142,LOC028,2025-07-01T03:05:23,Moderate,52,70,51,Rush Hour,91
TE03121,EDGE0343,LOC052,2024-09-06T10:00:40,Moderate,54,70,44,Rush Hour,79
TE03122,EDGE0301,LOC039,2026-02-16T17:00:13,Moderate,54,70,43,Rush Hour,77
TE03123,EDGE0071,LOC050,2025-01-10T15:47:49,Low,85,90,10,Construction,18
TE03124,EDGE0164,LOC021,2026-02-23T08:22:49,Moderate,57,70,37,Construction,66
TE03125,EDGE0305,LOC047,2026-06-04T19:54:54,Moderate,50,70,56,Weather-related,100
TE03126,EDGE0052,LOC016,2024-04-16T03:47:22,Moderate,52,70,51,Accident,91
TE03127,EDGE0141,LOC060,2024-06-02T22:55:39,Moderate,54,70,45,Construction,81
TE03128,EDGE0356,LOC022,2026-06-17T02:23:08,Low,78,90,26,Accident,46
TE03129,EDGE0285,LOC072,2024-01-22T17:22:22,Low,77,90,27,Construction,48
TE03130,EDGE0030,LOC021,2026-04-01T12:32:14,Severe,10,20,94,Rush Hour,169
TE03131,EDGE0011,LOC044,2024-12-03T02:16:28,High,28,45,72,Rush Hour,129
TE03132,EDGE0299,LOC049,2024-10-24T13:24:32,Moderate,53,70,47,Accident,84
TE03133,EDGE0309,LOC052,2025-03-13T20:22:58,Moderate,57,70,36,Weather-related,64
TE03134,EDGE0110,LOC021,2024-09-23T20:10:43,Moderate,50,70,55,Accident,99
TE03135,EDGE0208,LOC048,2026-04-14T09:31:37,Moderate,52,70,50,Construction,90
TE03136,EDGE0186,LOC046,2024-01-07T17:23:38,Low,82,90,17,Weather-related,30
TE03137,EDGE0269,LOC045,2024-06-02T07:16:12,Moderate,53,70,46,Event,82
TE03138,EDGE0010,LOC070,2024-11-28T11:04:18,Moderate,56,70,39,Accident,70
TE03139,EDGE0285,LOC054,2026-02-22T05:45:43,High,29,45,68,Accident,122
TE03140,EDGE0040,LOC061,2026-01-07T10:40:36,Moderate,53,70,46,Rush Hour,82
TE03141,EDGE0354,LOC038,2025-07-23T06:43:54,Low,80,90,21,Accident,37
TE03142,EDGE0316,LOC029,2024-10-14T13:59:21,Moderate,59,70,31,Construction,55
TE03143,EDGE0160,LOC069,2025-11-13T23:55:48,Low,89,90,1,Accident,1
TE03144,EDGE0344,LOC034,2024-06-15T17:20:51,Low,83,90,15,Weather-related,27
TE03145,EDGE0085,LOC056,2024-10-07T22:31:19,High,27,45,76,Construction,136
TE03146,EDGE0156,LOC065,2025-07-05T04:44:08,Low,82,90,16,Accident,28
TE03147,EDGE0095,LOC046,2025-08-12T17:04:30,Moderate,54,70,44,Event,79
TE03148,EDGE0093,LOC048,2025-10-20T19:17:24,Moderate,52,70,49,Accident,88
TE03149,EDGE0181,LOC069,2024-11-28T20:42:49,Low,81,90,19,Weather-related,34
TE03150,EDGE0328,LOC038,2026-03-09T20:40:01,Low,88,90,4,Weather-related,7
TE03151,EDGE0200,LOC001,2024-12-19T11:50:09,Severe,10,20,100,Accident,180
TE03152,EDGE0135,LOC063,2025-09-25T03:36:29,Low,86,90,8,Event,14
TE03153,EDGE0120,LOC006,2024-06-24T07:11:03,Moderate,54,70,44,Weather-related,79
TE03154,EDGE0079,LOC004,2025-05-03T05:13:04,Severe,11,20,90,Event,162
TE03155,EDGE0180,LOC047,2024-07-11T00:42:58,Moderate,52,70,51,Rush Hour,91
TE03156,EDGE0271,LOC001,2025-12-24T18:04:27,Moderate,58,70,34,Event,61
TE03157,EDGE0224,LOC073,2024-06-20T08:53:04,Severe,11,20,83,Weather-related,149
TE03158,EDGE0067,LOC001,2026-03-18T08:50:55,Low,78,90,26,Weather-related,46
TE03159,EDGE0134,LOC019,2024-07-30T03:10:49,High,27,45,79,Accident,142
TE03160,EDGE0047,LOC070,2026-02-09T05:21:39,Moderate,52,70,49,Rush Hour,88
TE03161,EDGE0365,LOC065,2025-07-15T04:23:35,Severe,10,20,100,Construction,180
TE03162,EDGE0368,LOC048,2025-03-23T19:31:53,Low,78,90,25,Construction,45
TE03163,EDGE0017,LOC017,2026-05-15T11:23:27,Moderate,56,70,38,Event,68
TE03164,EDGE0010,LOC070,2024-03-04T01:59:49,Moderate,49,70,60,Weather-related,108
TE03165,EDGE0131,LOC060,2024-05-07T18:25:32,Severe,10,20,99,Construction,178
TE03166,EDGE0332,LOC048,2025-05-24T17:01:44,Low,82,90,16,Weather-related,28
TE03167,EDGE0045,LOC047,2026-02-05T22:56:50,High,27,45,76,Event,136
TE03168,EDGE0068,LOC031,2024-06-28T18:27:05,Moderate,53,70,48,Weather-related,86
TE03169,EDGE0272,LOC010,2025-08-20T17:40:47,Moderate,52,70,49,Weather-related,88
TE03170,EDGE0310,LOC021,2025-03-16T13:48:03,Severe,11,20,89,Rush Hour,160
TE03171,EDGE0324,LOC041,2025-12-10T20:10:22,Moderate,54,70,44,Weather-related,79
TE03172,EDGE0288,LOC024,2025-04-29T16:27:38,Moderate,53,70,46,Accident,82
TE03173,EDGE0349,LOC053,2025-11-20T15:52:28,Low,89,90,2,Construction,3
TE03174,EDGE0031,LOC059,2024-12-16T21:10:18,Low,89,90,2,Construction,3
TE03175,EDGE0138,LOC069,2026-05-10T11:28:52,Moderate,51,70,54,Construction,97
TE03176,EDGE0004,LOC027,2025-09-24T16:34:54,Severe,10,20,98,Weather-related,176
TE03177,EDGE0277,LOC008,2025-03-27T09:57:18,Low,82,90,17,Construction,30
TE03178,EDGE0018,LOC040,2025-10-26T19:34:02,Severe,10,20,97,Accident,174
TE03179,EDGE0347,LOC046,2024-10-20T06:24:51,High,27,45,79,Weather-related,142
TE03180,EDGE0366,LOC074,2024-04-18T03:13:02,High,30,45,65,Accident,117
TE03181,EDGE0086,LOC016,2026-01-08T22:30:58,High,27,45,78,Rush Hour,140
TE03182,EDGE0214,LOC069,2025-07-24T19:12:29,Low,89,90,2,Accident,3
TE03183,EDGE0365,LOC026,2024-10-05T12:41:14,Moderate,53,70,46,Weather-related,82
TE03184,EDGE0313,LOC047,2024-01-20T20:41:26,High,28,45,74,Event,133
TE03185,EDGE0297,LOC074,2026-02-02T17:58:47,High,30,45,64,Rush Hour,115
TE03186,EDGE0016,LOC048,2024-06-12T09:05:31,Moderate,55,70,41,Accident,73
TE03187,EDGE0298,LOC071,2025-09-07T17:44:08,Low,85,90,10,Rush Hour,18
TE03188,EDGE0232,LOC068,2025-11-11T11:59:56,Moderate,53,70,48,Construction,86
TE03189,EDGE0071,LOC019,2026-03-22T22:15:56,High,29,45,69,Rush Hour,124
TE03190,EDGE0169,LOC032,2024-05-12T01:15:00,Severe,11,20,87,Weather-related,156
TE03191,EDGE0260,LOC026,2024-07-04T04:45:48,Moderate,58,70,33,Rush Hour,59
TE03192,EDGE0187,LOC002,2024-08-10T17:07:48,High,30,45,65,Weather-related,117
TE03193,EDGE0117,LOC063,2025-09-05T07:38:17,Low,88,90,4,Construction,7
TE03194,EDGE0017,LOC069,2025-09-14T08:21:21,High,29,45,68,Rush Hour,122
TE03195,EDGE0275,LOC044,2024-06-07T00:28:36,Moderate,54,70,44,Accident,79
TE03196,EDGE0137,LOC027,2024-09-19T02:27:26,High,28,45,75,Construction,135
TE03197,EDGE0368,LOC048,2024-04-10T12:34:44,Moderate,55,70,41,Rush Hour,73
TE03198,EDGE0085,LOC046,2025-07-19T00:05:28,Severe,10,20,98,Event,176
TE03199,EDGE0017,LOC049,2024-11-05T06:28:42,Low,78,90,26,Weather-related,46
TE03200,EDGE0253,LOC042,2025-06-10T01:06:10,Moderate,52,70,50,Weather-related,90
TE03201,EDGE0361,LOC071,2024-11-07T02:21:51,Moderate,55,70,42,Weather-related,75
TE03202,EDGE0162,LOC066,2025-09-20T00:59:15,Moderate,54,70,44,Construction,79
TE03203,EDGE0141,LOC041,2024-07-09T16:54:19,High,27,45,79,Construction,142
TE03204,EDGE0361,LOC048,2024-12-27T18:00:33,Moderate,56,70,40,Event,72
TE03205,EDGE0019,LOC038,2025-10-21T18:07:13,Low,76,90,30,Accident,54
TE03206,EDGE0027,LOC052,2026-02-14T08:10:25,Low,80,90,22,Rush Hour,39
TE03207,EDGE0073,LOC015,2025-03-08T15:54:57,Moderate,56,70,40,Accident,72
TE03208,EDGE0039,LOC022,2026-06-22T23:29:55,Low,85,90,9,Rush Hour,16
TE03209,EDGE0033,LOC074,2025-02-28T01:09:47,High,28,45,74,Weather-related,133
TE03210,EDGE0201,LOC012,2025-09-13T17:51:43,Moderate,50,70,55,Weather-related,99
TE03211,EDGE0216,LOC009,2025-07-07T04:16:11,Severe,10,20,100,Accident,180
TE03212,EDGE0320,LOC074,2026-01-09T04:05:22,Moderate,55,70,42,Weather-related,75
TE03213,EDGE0074,LOC021,2025-09-20T06:45:00,Severe,11,20,85,Weather-related,153
TE03214,EDGE0086,LOC028,2026-01-22T16:41:39,Severe,10,20,99,Accident,178
TE03215,EDGE0298,LOC005,2026-03-05T10:54:54,High,31,45,61,Accident,109
TE03216,EDGE0303,LOC030,2025-03-09T05:47:47,High,27,45,78,Event,140
TE03217,EDGE0128,LOC014,2024-08-16T22:30:16,Moderate,59,70,31,Weather-related,55
TE03218,EDGE0064,LOC040,2025-12-07T06:00:42,Severe,11,20,82,Event,147
TE03219,EDGE0259,LOC041,2024-06-16T19:53:56,Low,90,90,0,Construction,0
TE03220,EDGE0332,LOC042,2024-07-08T19:34:32,Moderate,56,70,40,Weather-related,72
TE03221,EDGE0292,LOC044,2025-01-24T10:23:43,Low,80,90,21,Construction,37
TE03222,EDGE0196,LOC050,2026-01-30T03:58:08,Severe,10,20,93,Construction,167
TE03223,EDGE0170,LOC045,2026-02-11T11:42:37,Moderate,51,70,53,Rush Hour,95
TE03224,EDGE0354,LOC074,2024-12-24T13:39:36,Moderate,56,70,40,Accident,72
TE03225,EDGE0208,LOC054,2024-07-28T02:33:51,Moderate,56,70,39,Construction,70
TE03226,EDGE0103,LOC007,2024-02-16T04:10:23,Moderate,51,70,52,Accident,93
TE03227,EDGE0156,LOC059,2024-06-03T17:29:00,Low,85,90,11,Weather-related,19
TE03228,EDGE0349,LOC029,2024-03-23T02:28:51,Severe,10,20,96,Construction,172
TE03229,EDGE0178,LOC008,2024-04-15T23:44:57,High,27,45,80,Rush Hour,144
TE03230,EDGE0054,LOC005,2026-02-12T19:48:55,Severe,10,20,92,Construction,165
TE03231,EDGE0150,LOC006,2024-02-11T13:16:14,High,30,45,64,Accident,115
TE03232,EDGE0173,LOC070,2024-10-05T05:10:16,Low,81,90,18,Rush Hour,32
TE03233,EDGE0097,LOC037,2025-08-17T09:35:29,Severe,10,20,98,Accident,176
TE03234,EDGE0150,LOC032,2025-05-22T21:47:56,Moderate,53,70,48,Accident,86
TE03235,EDGE0074,LOC054,2024-08-25T06:26:06,Moderate,49,70,60,Event,108
TE03236,EDGE0361,LOC012,2025-04-15T07:26:07,Moderate,49,70,59,Accident,106
TE03237,EDGE0120,LOC007,2024-05-29T15:34:40,Low,81,90,20,Rush Hour,36
TE03238,EDGE0215,LOC063,2024-04-28T20:46:12,Moderate,58,70,33,Construction,59
TE03239,EDGE0190,LOC073,2026-03-18T17:06:01,Severe,11,20,81,Construction,145
TE03240,EDGE0163,LOC028,2026-02-03T14:04:49,Moderate,51,70,52,Accident,93
TE03241,EDGE0184,LOC017,2025-12-24T22:33:11,Moderate,49,70,58,Weather-related,104
TE03242,EDGE0335,LOC029,2024-11-09T16:33:41,High,30,45,65,Weather-related,117
TE03243,EDGE0153,LOC036,2025-04-01T00:49:09,Low,82,90,16,Weather-related,28
TE03244,EDGE0209,LOC036,2026-02-12T11:01:18,Low,80,90,22,Weather-related,39
TE03245,EDGE0257,LOC043,2026-01-31T13:51:29,Low,88,90,3,Event,5
TE03246,EDGE0212,LOC001,2026-02-23T04:06:45,Low,88,90,4,Event,7
TE03247,EDGE0098,LOC028,2025-02-10T11:35:18,Low,78,90,26,Accident,46
TE03248,EDGE0083,LOC015,2026-04-22T15:33:31,Low,88,90,3,Rush Hour,5
TE03249,EDGE0179,LOC019,2025-06-17T18:55:11,Low,84,90,13,Construction,23
TE03250,EDGE0110,LOC032,2026-04-19T16:22:52,High,28,45,73,Rush Hour,131
TE03251,EDGE0269,LOC033,2026-04-29T03:28:19,Low,86,90,8,Construction,14
TE03252,EDGE0179,LOC049,2024-01-28T10:47:59,High,28,45,75,Construction,135
TE03253,EDGE0108,LOC018,2024-02-19T02:04:41,Low,79,90,24,Rush Hour,43
TE03254,EDGE0122,LOC013,2025-10-30T14:42:49,Severe,11,20,86,Accident,154
TE03255,EDGE0090,LOC063,2024-07-04T01:38:29,Moderate,55,70,42,Rush Hour,75
TE03256,EDGE0152,LOC002,2025-08-18T22:45:30,Severe,11,20,86,Accident,154
TE03257,EDGE0096,LOC058,2025-11-30T05:31:22,High,29,45,68,Rush Hour,122
TE03258,EDGE0095,LOC024,2025-05-03T15:37:00,Low,79,90,23,Rush Hour,41
TE03259,EDGE0225,LOC018,2025-08-07T14:50:38,Severe,10,20,96,Construction,172
TE03260,EDGE0079,LOC048,2025-11-18T11:41:20,High,29,45,69,Weather-related,124
TE03261,EDGE0112,LOC022,2025-12-15T01:13:36,Severe,11,20,84,Event,151
TE03262,EDGE0246,LOC035,2024-02-25T21:28:24,High,27,45,78,Event,140
TE03263,EDGE0319,LOC056,2024-02-21T01:06:07,Severe,11,20,84,Weather-related,151
TE03264,EDGE0342,LOC023,2024-10-01T18:09:38,Low,79,90,23,Accident,41
TE03265,EDGE0175,LOC004,2026-05-14T18:01:59,Severe,11,20,82,Weather-related,147
TE03266,EDGE0034,LOC008,2025-04-15T18:19:13,Moderate,50,70,56,Rush Hour,100
TE03267,EDGE0047,LOC052,2024-09-11T23:44:27,Low,82,90,17,Event,30
TE03268,EDGE0229,LOC018,2026-02-02T11:41:16,Low,79,90,24,Event,43
TE03269,EDGE0018,LOC023,2025-10-31T00:57:21,Moderate,54,70,44,Accident,79
TE03270,EDGE0111,LOC018,2024-07-27T22:05:06,High,30,45,66,Rush Hour,118
TE03271,EDGE0037,LOC067,2025-04-30T09:20:27,Moderate,52,70,50,Accident,90
TE03272,EDGE0026,LOC058,2025-08-27T09:58:19,Moderate,58,70,33,Accident,59
TE03273,EDGE0228,LOC003,2026-01-27T05:38:12,Moderate,53,70,47,Weather-related,84
TE03274,EDGE0003,LOC033,2024-06-18T22:03:22,Moderate,50,70,55,Event,99
TE03275,EDGE0037,LOC034,2026-06-02T16:27:35,Moderate,55,70,41,Accident,73
TE03276,EDGE0223,LOC004,2026-02-01T01:10:04,Moderate,49,70,58,Weather-related,104
TE03277,EDGE0145,LOC070,2026-05-10T06:33:36,Severe,11,20,88,Event,158
TE03278,EDGE0171,LOC058,2026-04-17T22:00:20,Low,83,90,14,Construction,25
TE03279,EDGE0064,LOC060,2026-06-07T21:32:37,Low,83,90,15,Construction,27
TE03280,EDGE0217,LOC037,2025-12-30T20:05:55,Low,77,90,27,Construction,48
TE03281,EDGE0209,LOC010,2026-01-09T07:15:00,Low,78,90,25,Accident,45
TE03282,EDGE0223,LOC061,2026-05-23T10:24:03,Moderate,52,70,51,Event,91
TE03283,EDGE0263,LOC058,2024-08-30T19:41:41,Moderate,50,70,55,Accident,99
TE03284,EDGE0198,LOC009,2026-02-26T02:35:16,Severe,11,20,84,Weather-related,151
TE03285,EDGE0284,LOC057,2024-03-27T14:01:50,Severe,11,20,81,Construction,145
TE03286,EDGE0126,LOC041,2025-08-30T23:53:01,Moderate,57,70,37,Event,66
TE03287,EDGE0173,LOC014,2025-02-13T03:55:39,Severe,10,20,95,Rush Hour,171
TE03288,EDGE0226,LOC075,2026-02-07T11:25:19,Moderate,56,70,38,Accident,68
TE03289,EDGE0363,LOC053,2025-08-09T21:19:09,High,28,45,75,Construction,135
TE03290,EDGE0250,LOC010,2025-07-01T23:59:11,Moderate,57,70,36,Rush Hour,64
TE03291,EDGE0085,LOC037,2025-03-17T20:36:00,Moderate,50,70,57,Construction,102
TE03292,EDGE0017,LOC068,2025-05-12T20:27:51,High,30,45,63,Event,113
TE03293,EDGE0110,LOC013,2024-04-05T10:03:06,Moderate,58,70,34,Weather-related,61
TE03294,EDGE0103,LOC036,2024-02-13T17:23:44,Severe,10,20,94,Weather-related,169
TE03295,EDGE0203,LOC056,2024-03-11T02:08:16,Low,85,90,10,Accident,18
TE03296,EDGE0335,LOC037,2024-07-18T03:34:12,High,30,45,63,Weather-related,113
TE03297,EDGE0086,LOC033,2025-07-23T04:45:30,High,30,45,65,Accident,117
TE03298,EDGE0170,LOC028,2025-06-25T23:04:09,High,31,45,61,Event,109
TE03299,EDGE0184,LOC037,2026-06-26T03:52:01,Moderate,52,70,51,Event,91
TE03300,EDGE0203,LOC015,2024-02-11T18:53:55,Low,85,90,11,Accident,19
TE03301,EDGE0312,LOC042,2025-06-14T02:57:55,Low,90,90,0,Accident,0
TE03302,EDGE0057,LOC056,2025-08-14T04:48:14,Low,80,90,22,Accident,39
TE03303,EDGE0363,LOC021,2024-05-31T05:28:22,Low,83,90,15,Weather-related,27
TE03304,EDGE0314,LOC043,2025-10-27T02:31:17,Moderate,50,70,57,Construction,102
TE03305,EDGE0251,LOC055,2025-06-20T03:51:52,Moderate,57,70,35,Rush Hour,63
TE03306,EDGE0319,LOC020,2025-07-09T03:34:23,Severe,10,20,100,Rush Hour,180
TE03307,EDGE0357,LOC064,2025-10-01T21:50:55,Moderate,52,70,50,Rush Hour,90
TE03308,EDGE0132,LOC052,2025-06-29T16:16:02,Moderate,57,70,36,Weather-related,64
TE03309,EDGE0296,LOC058,2024-03-28T16:34:49,High,30,45,65,Construction,117
TE03310,EDGE0233,LOC010,2025-01-14T09:30:46,Low,83,90,15,Accident,27
TE03311,EDGE0126,LOC045,2025-01-19T15:42:59,Moderate,50,70,57,Event,102
TE03312,EDGE0227,LOC025,2024-12-30T11:20:43,Low,80,90,22,Event,39
TE03313,EDGE0269,LOC020,2025-04-29T19:54:49,High,27,45,78,Weather-related,140
TE03314,EDGE0131,LOC035,2024-05-11T22:51:26,Severe,11,20,88,Rush Hour,158
TE03315,EDGE0117,LOC043,2024-04-11T18:01:32,Moderate,58,70,33,Rush Hour,59
TE03316,EDGE0105,LOC061,2025-04-18T15:57:37,Severe,10,20,96,Accident,172
TE03317,EDGE0194,LOC051,2024-06-26T19:47:57,Moderate,49,70,60,Accident,108
TE03318,EDGE0105,LOC028,2025-06-08T10:25:34,Low,83,90,15,Weather-related,27
TE03319,EDGE0364,LOC069,2024-09-20T17:49:44,Severe,10,20,96,Event,172
TE03320,EDGE0357,LOC048,2024-01-31T14:54:58,Low,88,90,4,Accident,7
TE03321,EDGE0359,LOC025,2026-04-16T09:38:01,Low,84,90,13,Accident,23
TE03322,EDGE0213,LOC064,2025-05-21T14:31:01,High,27,45,77,Rush Hour,138
TE03323,EDGE0165,LOC074,2024-02-28T01:32:19,Severe,11,20,81,Weather-related,145
TE03324,EDGE0129,LOC030,2025-12-16T23:56:50,Severe,11,20,86,Construction,154
TE03325,EDGE0363,LOC014,2025-10-18T06:56:11,Moderate,53,70,47,Weather-related,84
TE03326,EDGE0023,LOC039,2026-06-01T10:25:00,High,30,45,65,Accident,117
TE03327,EDGE0228,LOC045,2026-03-10T15:38:13,Severe,10,20,95,Weather-related,171
TE03328,EDGE0349,LOC033,2025-10-16T06:27:13,High,27,45,76,Construction,136
TE03329,EDGE0153,LOC051,2025-02-18T04:16:21,Low,77,90,28,Construction,50
TE03330,EDGE0336,LOC032,2024-02-01T16:39:06,Low,90,90,0,Accident,0
TE03331,EDGE0332,LOC012,2025-12-30T15:40:53,High,29,45,70,Weather-related,126
TE03332,EDGE0003,LOC060,2024-02-04T13:02:05,Moderate,49,70,59,Accident,106
TE03333,EDGE0225,LOC011,2025-05-06T16:30:34,Moderate,54,70,43,Weather-related,77
TE03334,EDGE0241,LOC026,2025-08-09T19:04:41,Low,86,90,8,Weather-related,14
TE03335,EDGE0134,LOC007,2026-06-05T00:19:16,Moderate,49,70,59,Accident,106
TE03336,EDGE0276,LOC004,2025-08-29T07:28:05,Moderate,50,70,55,Accident,99
TE03337,EDGE0134,LOC042,2025-05-15T20:44:23,High,30,45,64,Weather-related,115
TE03338,EDGE0291,LOC042,2026-06-08T09:47:16,Low,82,90,17,Event,30
TE03339,EDGE0063,LOC043,2024-05-31T19:28:37,Moderate,50,70,56,Construction,100
TE03340,EDGE0158,LOC048,2026-01-28T15:19:44,Moderate,54,70,45,Rush Hour,81
TE03341,EDGE0332,LOC012,2024-06-04T10:23:00,Moderate,50,70,57,Weather-related,102
TE03342,EDGE0042,LOC029,2024-11-15T20:49:06,Low,89,90,1,Weather-related,1
TE03343,EDGE0260,LOC040,2025-06-05T21:46:29,Low,83,90,15,Rush Hour,27
TE03344,EDGE0047,LOC031,2026-02-10T15:29:19,High,31,45,62,Rush Hour,111
TE03345,EDGE0044,LOC054,2026-02-20T00:34:08,Severe,11,20,87,Accident,156
TE03346,EDGE0127,LOC049,2025-06-11T10:56:50,Severe,10,20,95,Event,171
TE03347,EDGE0242,LOC013,2024-09-15T20:18:46,Moderate,53,70,48,Event,86
TE03348,EDGE0042,LOC013,2025-04-10T06:56:54,High,27,45,79,Rush Hour,142
TE03349,EDGE0299,LOC006,2025-07-18T10:05:04,Moderate,54,70,45,Event,81
TE03350,EDGE0368,LOC002,2025-11-08T06:55:39,High,27,45,80,Weather-related,144
TE03351,EDGE0319,LOC042,2024-11-09T10:06:24,High,31,45,62,Event,111
TE03352,EDGE0106,LOC023,2026-02-10T23:42:09,High,27,45,78,Rush Hour,140
TE03353,EDGE0182,LOC052,2024-04-27T00:10:37,High,28,45,74,Event,133
TE03354,EDGE0092,LOC032,2026-04-12T09:20:25,High,29,45,68,Accident,122
TE03355,EDGE0089,LOC045,2024-11-28T13:29:05,Low,77,90,27,Rush Hour,48
TE03356,EDGE0352,LOC016,2025-03-22T09:23:30,Severe,10,20,95,Construction,171
TE03357,EDGE0223,LOC012,2025-02-15T21:41:55,Low,90,90,0,Construction,0
TE03358,EDGE0273,LOC009,2024-03-14T20:05:51,High,28,45,75,Accident,135
TE03359,EDGE0008,LOC020,2025-04-06T20:54:10,Moderate,56,70,38,Weather-related,68
TE03360,EDGE0371,LOC066,2026-06-09T22:24:04,Moderate,56,70,39,Accident,70
TE03361,EDGE0322,LOC042,2025-09-16T12:39:57,Low,86,90,8,Rush Hour,14
TE03362,EDGE0024,LOC030,2024-12-16T21:38:22,High,30,45,65,Weather-related,117
TE03363,EDGE0274,LOC040,2024-05-22T20:26:11,Low,78,90,25,Accident,45
TE03364,EDGE0299,LOC049,2026-06-17T04:36:24,Low,81,90,20,Weather-related,36
TE03365,EDGE0093,LOC037,2024-05-27T03:55:30,Low,86,90,7,Construction,12
TE03366,EDGE0350,LOC041,2025-06-07T06:13:59,Moderate,49,70,59,Rush Hour,106
TE03367,EDGE0371,LOC009,2025-02-28T15:47:00,Severe,10,20,91,Accident,163
TE03368,EDGE0042,LOC031,2024-04-14T11:59:56,Low,87,90,5,Accident,9
TE03369,EDGE0180,LOC050,2026-05-29T21:58:38,Low,85,90,9,Event,16
TE03370,EDGE0047,LOC025,2026-04-04T23:29:17,Moderate,59,70,31,Event,55
TE03371,EDGE0213,LOC047,2026-01-08T07:17:20,Severe,11,20,84,Construction,151
TE03372,EDGE0187,LOC066,2025-10-25T11:39:42,Low,80,90,21,Construction,37
TE03373,EDGE0361,LOC004,2024-11-21T19:38:33,High,30,45,63,Rush Hour,113
TE03374,EDGE0248,LOC003,2025-06-23T12:53:49,Moderate,52,70,50,Weather-related,90
TE03375,EDGE0193,LOC057,2024-04-29T02:09:04,High,30,45,65,Accident,117
TE03376,EDGE0050,LOC021,2025-04-13T21:40:20,Severe,11,20,84,Event,151
TE03377,EDGE0213,LOC046,2026-02-22T22:19:31,Moderate,57,70,36,Construction,64
TE03378,EDGE0091,LOC075,2025-04-10T21:25:07,Moderate,51,70,53,Construction,95
TE03379,EDGE0348,LOC002,2025-11-03T12:04:21,Low,76,90,29,Construction,52
TE03380,EDGE0129,LOC066,2026-04-18T18:42:17,Moderate,52,70,49,Accident,88
TE03381,EDGE0294,LOC052,2025-05-01T18:38:43,Low,76,90,29,Accident,52
TE03382,EDGE0193,LOC004,2024-11-06T19:24:38,Severe,10,20,92,Rush Hour,165
TE03383,EDGE0050,LOC065,2025-10-05T14:45:17,Low,86,90,7,Event,12
TE03384,EDGE0155,LOC075,2025-09-16T22:52:00,Low,78,90,25,Rush Hour,45
TE03385,EDGE0288,LOC066,2025-01-25T07:49:49,Moderate,54,70,44,Construction,79
TE03386,EDGE0039,LOC006,2026-03-11T14:21:27,Moderate,52,70,51,Rush Hour,91
TE03387,EDGE0216,LOC022,2025-12-05T01:35:13,Moderate,52,70,50,Rush Hour,90
TE03388,EDGE0338,LOC064,2026-04-30T14:36:33,Moderate,49,70,60,Accident,108
TE03389,EDGE0353,LOC009,2024-10-07T13:17:15,Severe,11,20,90,Event,162
TE03390,EDGE0333,LOC014,2024-01-29T21:34:55,Low,83,90,14,Accident,25
TE03391,EDGE0320,LOC021,2026-03-12T22:13:47,High,27,45,76,Weather-related,136
TE03392,EDGE0204,LOC038,2024-10-16T18:40:32,Severe,11,20,89,Construction,160
TE03393,EDGE0075,LOC068,2026-06-15T02:16:36,Severe,11,20,81,Event,145
TE03394,EDGE0222,LOC052,2026-02-14T11:39:37,High,31,45,62,Rush Hour,111
TE03395,EDGE0278,LOC058,2024-11-26T19:27:21,High,27,45,78,Rush Hour,140
TE03396,EDGE0047,LOC039,2025-12-26T22:01:55,Moderate,50,70,56,Weather-related,100
TE03397,EDGE0274,LOC017,2025-02-20T05:22:34,Moderate,49,70,58,Construction,104
TE03398,EDGE0024,LOC038,2026-04-07T13:12:58,Moderate,54,70,43,Accident,77
TE03399,EDGE0285,LOC050,2025-11-04T18:25:14,Low,81,90,20,Rush Hour,36
TE03400,EDGE0010,LOC016,2026-05-29T10:21:02,Low,83,90,14,Weather-related,25
TE03401,EDGE0367,LOC059,2024-04-03T00:33:00,Moderate,57,70,37,Event,66
TE03402,EDGE0218,LOC012,2026-03-22T07:37:17,Moderate,52,70,51,Event,91
TE03403,EDGE0291,LOC059,2024-11-07T16:42:02,High,29,45,71,Construction,127
TE03404,EDGE0232,LOC031,2025-07-19T21:08:38,Low,87,90,6,Weather-related,10
TE03405,EDGE0340,LOC010,2025-12-19T10:45:12,Moderate,54,70,43,Weather-related,77
TE03406,EDGE0224,LOC052,2024-08-17T12:17:02,Moderate,52,70,49,Event,88
TE03407,EDGE0248,LOC032,2025-01-08T09:47:25,Low,86,90,7,Accident,12
TE03408,EDGE0060,LOC017,2024-08-21T18:01:37,Severe,10,20,97,Event,174
TE03409,EDGE0031,LOC013,2025-04-11T11:05:18,High,28,45,72,Weather-related,129
TE03410,EDGE0171,LOC056,2025-11-07T08:28:13,Low,90,90,0,Construction,0
TE03411,EDGE0247,LOC064,2025-09-29T07:36:40,Severe,11,20,82,Event,147
TE03412,EDGE0253,LOC029,2025-05-10T00:15:05,Moderate,51,70,52,Weather-related,93
TE03413,EDGE0012,LOC039,2024-04-10T02:01:56,Low,86,90,7,Accident,12
TE03414,EDGE0188,LOC065,2024-11-12T05:11:37,Moderate,51,70,53,Accident,95
TE03415,EDGE0308,LOC026,2025-10-02T16:49:02,High,27,45,80,Event,144
TE03416,EDGE0107,LOC016,2025-02-18T16:02:56,High,28,45,72,Weather-related,129
TE03417,EDGE0186,LOC013,2025-03-21T21:47:53,High,29,45,69,Rush Hour,124
TE03418,EDGE0164,LOC021,2024-09-06T11:01:01,Moderate,53,70,46,Accident,82
TE03419,EDGE0330,LOC021,2025-02-02T09:01:24,High,31,45,61,Weather-related,109
TE03420,EDGE0113,LOC044,2025-01-01T19:33:29,High,29,45,68,Event,122
TE03421,EDGE0003,LOC012,2025-09-22T11:46:44,High,30,45,66,Accident,118
TE03422,EDGE0345,LOC008,2025-01-05T11:18:23,Moderate,50,70,55,Event,99
TE03423,EDGE0224,LOC060,2024-06-25T09:46:14,High,31,45,61,Rush Hour,109
TE03424,EDGE0283,LOC042,2024-08-20T22:59:52,Low,86,90,7,Event,12
TE03425,EDGE0239,LOC011,2024-10-25T03:08:51,High,29,45,68,Rush Hour,122
TE03426,EDGE0151,LOC016,2024-02-13T00:53:11,Severe,11,20,89,Event,160
TE03427,EDGE0232,LOC036,2025-01-16T12:07:56,High,28,45,75,Construction,135
TE03428,EDGE0303,LOC069,2025-04-27T09:47:29,Severe,10,20,99,Accident,178
TE03429,EDGE0147,LOC054,2025-12-22T01:07:40,Moderate,56,70,38,Accident,68
TE03430,EDGE0058,LOC067,2026-01-24T00:21:56,Moderate,51,70,52,Rush Hour,93
TE03431,EDGE0031,LOC065,2026-05-19T15:47:20,High,28,45,75,Event,135
TE03432,EDGE0332,LOC005,2025-11-08T12:12:48,Severe,10,20,97,Rush Hour,174
TE03433,EDGE0244,LOC062,2025-10-17T14:00:48,Low,85,90,11,Event,19
TE03434,EDGE0069,LOC021,2024-02-27T11:35:57,Severe,11,20,90,Rush Hour,162
TE03435,EDGE0353,LOC032,2024-11-09T18:45:07,Low,87,90,6,Construction,10
TE03436,EDGE0350,LOC013,2024-09-04T13:18:54,Low,85,90,10,Event,18
TE03437,EDGE0076,LOC039,2025-02-27T15:26:20,Moderate,58,70,33,Construction,59
TE03438,EDGE0271,LOC069,2024-07-30T22:30:09,Low,79,90,24,Accident,43
TE03439,EDGE0244,LOC068,2024-02-15T06:29:15,Severe,11,20,81,Event,145
TE03440,EDGE0029,LOC011,2025-02-05T09:43:57,Severe,10,20,91,Event,163
TE03441,EDGE0299,LOC065,2025-03-07T12:05:25,Low,77,90,27,Construction,48
TE03442,EDGE0283,LOC010,2026-05-05T11:48:43,Moderate,53,70,47,Construction,84
TE03443,EDGE0125,LOC062,2024-09-30T09:12:16,Moderate,49,70,60,Weather-related,108
TE03444,EDGE0059,LOC047,2024-03-06T14:32:12,Moderate,58,70,34,Construction,61
TE03445,EDGE0275,LOC057,2026-01-24T17:30:04,Moderate,53,70,47,Weather-related,84
TE03446,EDGE0046,LOC011,2024-01-31T22:15:06,Moderate,56,70,38,Weather-related,68
TE03447,EDGE0021,LOC016,2024-03-26T22:45:00,Low,87,90,5,Event,9
TE03448,EDGE0236,LOC051,2024-05-10T09:07:12,High,30,45,63,Weather-related,113
TE03449,EDGE0231,LOC034,2025-05-02T15:13:05,Low,85,90,9,Accident,16
TE03450,EDGE0055,LOC072,2025-04-07T21:28:07,High,28,45,74,Accident,133
TE03451,EDGE0167,LOC054,2024-04-08T18:29:50,Low,81,90,19,Construction,34
TE03452,EDGE0166,LOC071,2025-09-24T06:18:54,Low,78,90,26,Event,46
TE03453,EDGE0041,LOC068,2025-07-18T13:48:38,Low,79,90,23,Rush Hour,41
TE03454,EDGE0176,LOC042,2024-05-20T06:51:45,Severe,10,20,97,Weather-related,174
TE03455,EDGE0009,LOC064,2025-09-08T13:19:11,Severe,11,20,86,Construction,154
TE03456,EDGE0315,LOC071,2024-08-06T08:27:44,Severe,10,20,97,Weather-related,174
TE03457,EDGE0046,LOC075,2025-01-01T16:15:07,Moderate,57,70,37,Event,66
TE03458,EDGE0178,LOC047,2024-06-22T21:08:27,High,30,45,63,Construction,113
TE03459,EDGE0253,LOC003,2026-06-05T23:25:49,Low,78,90,26,Weather-related,46
TE03460,EDGE0279,LOC013,2026-02-16T02:37:00,Moderate,52,70,49,Accident,88
TE03461,EDGE0113,LOC011,2024-07-06T09:52:57,Severe,11,20,81,Weather-related,145
TE03462,EDGE0342,LOC043,2026-03-21T19:59:17,Moderate,49,70,59,Weather-related,106
TE03463,EDGE0119,LOC036,2026-06-20T15:36:58,Moderate,58,70,33,Construction,59
TE03464,EDGE0132,LOC037,2026-03-26T23:07:02,Moderate,59,70,31,Event,55
TE03465,EDGE0337,LOC030,2025-01-26T04:05:05,High,31,45,62,Construction,111
TE03466,EDGE0220,LOC069,2026-02-10T05:02:18,High,28,45,72,Construction,129
TE03467,EDGE0318,LOC025,2024-05-20T04:43:07,Low,87,90,6,Rush Hour,10
TE03468,EDGE0193,LOC013,2025-01-04T20:08:54,Severe,11,20,88,Accident,158
TE03469,EDGE0368,LOC073,2024-07-08T22:48:38,High,31,45,61,Event,109
TE03470,EDGE0088,LOC057,2025-05-01T20:47:02,Severe,10,20,99,Accident,178
TE03471,EDGE0018,LOC031,2025-05-26T12:40:06,Severe,11,20,84,Rush Hour,151
TE03472,EDGE0326,LOC050,2026-06-26T17:15:37,Severe,10,20,98,Accident,176
TE03473,EDGE0152,LOC034,2025-08-28T18:24:52,Moderate,57,70,36,Event,64
TE03474,EDGE0077,LOC068,2025-01-01T12:24:32,Moderate,51,70,52,Construction,93
TE03475,EDGE0179,LOC022,2025-10-18T21:41:56,Low,87,90,6,Accident,10
TE03476,EDGE0226,LOC031,2024-12-04T15:56:30,Moderate,51,70,54,Construction,97
TE03477,EDGE0225,LOC070,2024-08-12T03:04:13,High,29,45,71,Event,127
TE03478,EDGE0277,LOC062,2024-06-14T22:18:54,Moderate,55,70,41,Event,73
TE03479,EDGE0224,LOC006,2024-09-29T02:13:26,Low,76,90,30,Weather-related,54
TE03480,EDGE0070,LOC023,2024-11-28T14:32:54,Low,84,90,12,Accident,21
TE03481,EDGE0064,LOC035,2025-03-02T11:51:59,High,30,45,64,Weather-related,115
TE03482,EDGE0039,LOC057,2025-11-13T16:49:51,Low,88,90,4,Construction,7
TE03483,EDGE0280,LOC019,2025-09-26T09:20:39,High,27,45,76,Construction,136
TE03484,EDGE0298,LOC051,2025-01-30T01:12:42,Low,76,90,29,Event,52
TE03485,EDGE0195,LOC049,2024-03-27T21:03:00,High,30,45,65,Accident,117
TE03486,EDGE0300,LOC061,2026-01-31T17:53:34,Low,89,90,2,Weather-related,3
TE03487,EDGE0196,LOC022,2026-04-08T17:12:07,Low,82,90,16,Weather-related,28
TE03488,EDGE0169,LOC054,2025-08-05T02:00:51,Low,81,90,19,Construction,34
TE03489,EDGE0053,LOC036,2024-06-24T11:30:15,Severe,10,20,100,Accident,180
TE03490,EDGE0011,LOC004,2025-05-06T15:36:01,Low,76,90,29,Accident,52
TE03491,EDGE0023,LOC013,2026-04-27T18:50:58,Severe,10,20,99,Rush Hour,178
TE03492,EDGE0148,LOC021,2025-10-20T07:42:45,Severe,10,20,94,Weather-related,169
TE03493,EDGE0124,LOC052,2026-01-07T15:50:41,Low,81,90,20,Rush Hour,36
TE03494,EDGE0310,LOC038,2025-01-17T16:28:12,Low,86,90,8,Construction,14
TE03495,EDGE0226,LOC056,2025-03-07T10:39:54,Low,86,90,7,Accident,12
TE03496,EDGE0159,LOC007,2024-08-13T02:41:36,Moderate,51,70,54,Construction,97
TE03497,EDGE0248,LOC026,2025-07-17T21:32:48,Moderate,51,70,54,Rush Hour,97
TE03498,EDGE0275,LOC046,2026-01-08T05:33:07,Low,82,90,17,Event,30
TE03499,EDGE0213,LOC034,2025-07-25T06:18:51,Moderate,54,70,43,Accident,77
TE03500,EDGE0242,LOC065,2025-04-23T17:27:45,Moderate,54,70,43,Weather-related,77
TE03501,EDGE0290,LOC020,2024-02-02T17:42:12,Moderate,55,70,41,Event,73
TE03502,EDGE0035,LOC033,2024-02-24T01:47:22,Low,81,90,18,Construction,32
TE03503,EDGE0315,LOC031,2024-03-25T22:19:57,Severe,10,20,97,Rush Hour,174
TE03504,EDGE0274,LOC059,2025-01-07T07:45:45,High,28,45,74,Construction,133
TE03505,EDGE0275,LOC068,2025-01-27T23:53:09,Low,81,90,20,Weather-related,36
TE03506,EDGE0322,LOC006,2026-05-08T15:11:23,Moderate,54,70,43,Event,77
TE03507,EDGE0104,LOC025,2025-08-20T14:17:26,Moderate,52,70,51,Construction,91
TE03508,EDGE0329,LOC062,2025-04-25T10:21:55,Low,79,90,24,Construction,43
TE03509,EDGE0306,LOC044,2025-07-17T16:13:06,Low,77,90,28,Rush Hour,50
TE03510,EDGE0106,LOC030,2024-07-08T14:29:39,Severe,10,20,97,Rush Hour,174
TE03511,EDGE0024,LOC016,2026-04-10T22:54:57,Low,83,90,14,Construction,25
TE03512,EDGE0266,LOC008,2025-01-02T04:57:20,Moderate,58,70,34,Weather-related,61
TE03513,EDGE0154,LOC060,2025-11-18T05:58:18,High,29,45,68,Event,122
TE03514,EDGE0023,LOC023,2025-08-26T11:14:57,Low,84,90,12,Weather-related,21
TE03515,EDGE0339,LOC007,2024-01-13T05:16:10,High,28,45,72,Rush Hour,129
TE03516,EDGE0137,LOC013,2025-09-02T11:11:27,Severe,11,20,89,Accident,160
TE03517,EDGE0332,LOC057,2025-01-31T22:59:11,Low,86,90,8,Construction,14
TE03518,EDGE0052,LOC002,2025-04-12T09:55:24,Moderate,56,70,38,Event,68
TE03519,EDGE0117,LOC038,2024-05-20T04:46:33,Moderate,49,70,60,Weather-related,108
TE03520,EDGE0110,LOC001,2024-12-31T18:36:07,Severe,11,20,90,Construction,162
TE03521,EDGE0235,LOC037,2025-04-07T00:43:46,Severe,10,20,92,Accident,165
TE03522,EDGE0155,LOC056,2024-11-22T19:46:36,Low,87,90,6,Event,10
TE03523,EDGE0346,LOC031,2024-09-05T21:42:14,Low,76,90,30,Accident,54
TE03524,EDGE0353,LOC050,2025-11-12T17:21:32,Severe,11,20,85,Accident,153
TE03525,EDGE0142,LOC026,2025-05-07T17:29:23,Severe,11,20,88,Construction,158
TE03526,EDGE0250,LOC029,2025-09-23T03:32:41,High,28,45,73,Weather-related,131
TE03527,EDGE0151,LOC027,2024-02-22T15:12:02,Moderate,49,70,60,Accident,108
TE03528,EDGE0040,LOC059,2025-03-01T16:49:19,Low,85,90,9,Rush Hour,16
TE03529,EDGE0132,LOC062,2024-05-04T10:08:29,High,29,45,70,Accident,126
TE03530,EDGE0306,LOC066,2026-02-02T19:36:04,High,27,45,79,Rush Hour,142
TE03531,EDGE0170,LOC048,2026-01-01T19:33:21,Low,87,90,6,Event,10
TE03532,EDGE0336,LOC019,2025-10-03T12:18:49,Moderate,49,70,59,Weather-related,106
TE03533,EDGE0286,LOC055,2025-05-31T20:46:59,Severe,10,20,100,Construction,180
TE03534,EDGE0140,LOC004,2025-10-18T02:56:44,Moderate,57,70,37,Weather-related,66
TE03535,EDGE0207,LOC075,2024-06-04T23:01:04,Severe,10,20,95,Event,171
TE03536,EDGE0169,LOC063,2024-09-06T02:01:59,Severe,10,20,91,Accident,163
TE03537,EDGE0175,LOC063,2025-02-09T09:40:10,Severe,11,20,89,Weather-related,160
TE03538,EDGE0125,LOC008,2026-02-25T13:31:08,Severe,10,20,100,Construction,180
TE03539,EDGE0296,LOC041,2024-04-13T02:20:59,Low,86,90,7,Rush Hour,12
TE03540,EDGE0015,LOC012,2025-06-30T14:09:19,Moderate,55,70,41,Event,73
TE03541,EDGE0005,LOC014,2025-10-15T19:11:26,Moderate,56,70,40,Event,72
TE03542,EDGE0036,LOC008,2026-04-30T20:46:11,Moderate,52,70,49,Accident,88
TE03543,EDGE0207,LOC020,2025-05-22T14:48:24,Moderate,54,70,45,Accident,81
TE03544,EDGE0157,LOC048,2025-12-05T02:49:22,Low,85,90,9,Construction,16
TE03545,EDGE0076,LOC048,2024-02-12T11:42:54,Severe,10,20,95,Construction,171
TE03546,EDGE0015,LOC001,2024-03-21T22:23:05,Low,89,90,1,Accident,1
TE03547,EDGE0104,LOC054,2024-10-12T10:18:34,Low,77,90,27,Weather-related,48
TE03548,EDGE0274,LOC049,2025-11-19T19:20:07,High,29,45,68,Weather-related,122
TE03549,EDGE0347,LOC061,2024-07-30T09:53:09,Moderate,55,70,41,Event,73
TE03550,EDGE0109,LOC049,2024-01-05T18:40:27,High,29,45,67,Rush Hour,120
TE03551,EDGE0013,LOC010,2025-09-14T09:45:23,High,28,45,75,Rush Hour,135
TE03552,EDGE0347,LOC038,2024-11-06T19:20:54,High,27,45,78,Weather-related,140
TE03553,EDGE0196,LOC048,2025-04-19T15:38:16,Severe,10,20,99,Rush Hour,178
TE03554,EDGE0330,LOC072,2025-05-02T08:23:47,Moderate,54,70,44,Accident,79
TE03555,EDGE0203,LOC039,2026-06-13T11:43:42,Moderate,53,70,47,Rush Hour,84
TE03556,EDGE0264,LOC028,2024-05-07T17:49:59,Low,81,90,20,Event,36
TE03557,EDGE0140,LOC062,2024-06-21T03:58:29,Moderate,59,70,31,Event,55
TE03558,EDGE0260,LOC042,2024-09-02T04:02:49,Severe,10,20,100,Event,180
TE03559,EDGE0322,LOC062,2025-01-22T17:53:43,Severe,11,20,87,Accident,156
TE03560,EDGE0361,LOC040,2026-03-13T03:30:56,High,29,45,67,Event,120
TE03561,EDGE0371,LOC052,2024-07-21T02:13:00,Moderate,49,70,59,Weather-related,106
TE03562,EDGE0099,LOC050,2025-09-29T09:41:48,Severe,11,20,85,Rush Hour,153
TE03563,EDGE0156,LOC018,2025-05-11T04:03:45,Low,84,90,12,Event,21
TE03564,EDGE0366,LOC005,2025-12-02T08:45:48,High,28,45,75,Rush Hour,135
TE03565,EDGE0280,LOC004,2026-01-13T02:45:27,Severe,11,20,82,Rush Hour,147
TE03566,EDGE0107,LOC005,2024-07-26T09:36:22,Low,81,90,18,Accident,32
TE03567,EDGE0286,LOC017,2025-02-08T22:51:01,Low,82,90,17,Construction,30
TE03568,EDGE0360,LOC045,2024-09-26T11:46:00,Severe,11,20,83,Accident,149
TE03569,EDGE0286,LOC010,2025-05-23T21:05:01,Severe,10,20,95,Rush Hour,171
TE03570,EDGE0122,LOC016,2025-03-13T18:09:57,Moderate,58,70,32,Event,57
TE03571,EDGE0118,LOC046,2024-11-04T14:43:13,Moderate,53,70,46,Accident,82
TE03572,EDGE0026,LOC037,2024-05-11T02:37:15,Severe,11,20,90,Weather-related,162
TE03573,EDGE0360,LOC064,2025-10-05T21:32:48,High,28,45,75,Accident,135
TE03574,EDGE0242,LOC062,2025-07-25T01:06:18,Low,80,90,22,Accident,39
TE03575,EDGE0146,LOC051,2024-10-09T13:19:22,Low,84,90,12,Construction,21
TE03576,EDGE0350,LOC028,2025-09-03T06:31:34,Low,77,90,28,Event,50
TE03577,EDGE0001,LOC042,2025-08-09T03:30:36,Moderate,58,70,33,Weather-related,59
TE03578,EDGE0056,LOC015,2026-06-05T01:42:05,High,28,45,72,Accident,129
TE03579,EDGE0049,LOC036,2024-12-14T17:29:13,Low,76,90,29,Weather-related,52
TE03580,EDGE0193,LOC027,2024-02-02T05:02:35,Low,85,90,11,Accident,19
TE03581,EDGE0317,LOC012,2024-02-05T16:23:13,Low,76,90,30,Rush Hour,54
TE03582,EDGE0181,LOC028,2026-05-17T15:30:25,High,30,45,66,Accident,118
TE03583,EDGE0031,LOC067,2024-12-21T06:49:26,Severe,11,20,86,Rush Hour,154
TE03584,EDGE0262,LOC052,2024-05-18T05:17:12,Low,82,90,16,Weather-related,28
TE03585,EDGE0256,LOC039,2025-12-19T08:26:57,Low,76,90,29,Construction,52
TE03586,EDGE0289,LOC012,2024-11-03T23:53:59,High,29,45,67,Rush Hour,120
TE03587,EDGE0016,LOC010,2025-02-10T15:59:01,Moderate,50,70,56,Weather-related,100
TE03588,EDGE0298,LOC019,2024-09-19T03:40:41,High,27,45,79,Event,142
TE03589,EDGE0149,LOC002,2024-03-18T08:02:36,High,28,45,74,Rush Hour,133
TE03590,EDGE0041,LOC059,2025-09-14T23:39:54,Severe,10,20,97,Accident,174
TE03591,EDGE0101,LOC054,2025-10-28T06:40:35,High,29,45,69,Construction,124
TE03592,EDGE0227,LOC001,2025-02-08T03:23:06,High,27,45,77,Event,138
TE03593,EDGE0149,LOC037,2024-08-19T20:29:17,Low,82,90,17,Weather-related,30
TE03594,EDGE0323,LOC017,2024-05-18T08:26:40,Moderate,51,70,53,Weather-related,95
TE03595,EDGE0034,LOC063,2025-07-25T13:03:27,Severe,10,20,96,Accident,172
TE03596,EDGE0100,LOC064,2024-09-21T06:38:26,High,31,45,62,Accident,111
TE03597,EDGE0328,LOC004,2026-05-31T04:20:53,Moderate,51,70,54,Weather-related,97
TE03598,EDGE0311,LOC023,2024-07-01T07:08:40,Severe,10,20,99,Construction,178
TE03599,EDGE0044,LOC010,2024-01-22T22:14:30,High,30,45,63,Accident,113
TE03600,EDGE0290,LOC007,2026-03-27T20:39:01,Moderate,58,70,33,Event,59
TE03601,EDGE0292,LOC029,2025-11-06T23:53:36,Moderate,53,70,48,Event,86
TE03602,EDGE0179,LOC033,2025-12-05T19:27:18,High,27,45,77,Event,138
TE03603,EDGE0060,LOC073,2026-02-06T15:12:40,Moderate,52,70,51,Construction,91
TE03604,EDGE0194,LOC067,2024-07-03T02:27:38,Severe,11,20,89,Rush Hour,160
TE03605,EDGE0138,LOC010,2024-12-14T17:22:05,Severe,11,20,85,Construction,153
TE03606,EDGE0143,LOC028,2024-11-11T13:48:29,Severe,10,20,97,Weather-related,174
TE03607,EDGE0022,LOC009,2024-10-23T00:00:04,Severe,10,20,94,Rush Hour,169
TE03608,EDGE0066,LOC050,2025-02-17T12:45:41,Low,82,90,16,Rush Hour,28
TE03609,EDGE0247,LOC060,2025-03-23T08:00:01,Low,78,90,25,Weather-related,45
TE03610,EDGE0118,LOC074,2026-02-06T15:55:27,Low,89,90,1,Event,1
TE03611,EDGE0163,LOC037,2025-08-16T12:43:59,Low,78,90,25,Construction,45
TE03612,EDGE0262,LOC020,2024-07-21T06:10:58,High,30,45,66,Accident,118
TE03613,EDGE0190,LOC002,2025-11-01T00:20:58,Low,82,90,17,Accident,30
TE03614,EDGE0257,LOC061,2024-11-16T22:49:41,Severe,11,20,81,Rush Hour,145
TE03615,EDGE0037,LOC019,2024-11-30T20:54:18,High,30,45,66,Weather-related,118
TE03616,EDGE0068,LOC018,2025-03-15T13:47:00,Moderate,58,70,32,Event,57
TE03617,EDGE0353,LOC046,2024-10-21T03:58:14,Moderate,49,70,60,Construction,108
TE03618,EDGE0341,LOC014,2025-10-11T20:30:35,Moderate,59,70,31,Rush Hour,55
TE03619,EDGE0183,LOC074,2024-10-07T04:40:34,Severe,10,20,96,Accident,172
TE03620,EDGE0065,LOC057,2025-09-26T14:52:56,Moderate,53,70,46,Rush Hour,82
TE03621,EDGE0192,LOC056,2024-08-14T17:08:38,Severe,10,20,99,Event,178
TE03622,EDGE0247,LOC075,2024-02-14T16:44:22,Low,87,90,5,Construction,9
TE03623,EDGE0194,LOC043,2025-03-26T19:10:39,High,30,45,65,Rush Hour,117
TE03624,EDGE0303,LOC059,2025-02-10T16:35:29,Severe,10,20,97,Rush Hour,174
TE03625,EDGE0280,LOC038,2024-12-31T19:32:25,Moderate,54,70,43,Rush Hour,77
TE03626,EDGE0075,LOC075,2025-12-01T13:37:46,Severe,11,20,81,Rush Hour,145
TE03627,EDGE0268,LOC045,2025-01-20T17:57:52,Low,87,90,6,Event,10
TE03628,EDGE0337,LOC051,2025-07-28T05:05:37,Severe,10,20,92,Event,165
TE03629,EDGE0006,LOC033,2026-06-24T12:12:06,Moderate,58,70,33,Weather-related,59
TE03630,EDGE0291,LOC046,2025-12-12T17:35:46,Low,79,90,24,Weather-related,43
TE03631,EDGE0032,LOC017,2024-05-13T04:34:10,High,27,45,79,Rush Hour,142
TE03632,EDGE0304,LOC011,2024-01-17T00:45:59,Low,81,90,20,Accident,36
TE03633,EDGE0052,LOC014,2025-12-29T09:10:24,Moderate,57,70,36,Construction,64
TE03634,EDGE0348,LOC027,2024-07-25T22:14:23,Moderate,51,70,54,Weather-related,97
TE03635,EDGE0137,LOC016,2025-05-17T03:29:00,Moderate,50,70,56,Weather-related,100
TE03636,EDGE0076,LOC065,2025-09-09T13:54:50,Moderate,49,70,59,Rush Hour,106
TE03637,EDGE0035,LOC020,2024-11-25T16:02:52,Moderate,53,70,48,Rush Hour,86
TE03638,EDGE0121,LOC007,2025-08-18T17:44:48,Severe,10,20,98,Rush Hour,176
TE03639,EDGE0156,LOC061,2025-10-19T13:25:49,Moderate,54,70,43,Construction,77
TE03640,EDGE0092,LOC049,2025-02-02T00:46:57,High,28,45,72,Construction,129
TE03641,EDGE0047,LOC029,2024-04-23T11:42:39,Moderate,49,70,60,Construction,108
TE03642,EDGE0100,LOC073,2024-05-28T00:16:27,Low,78,90,26,Accident,46
TE03643,EDGE0117,LOC068,2026-05-15T06:27:51,Moderate,57,70,36,Weather-related,64
TE03644,EDGE0099,LOC023,2024-04-01T06:26:42,Low,79,90,24,Accident,43
TE03645,EDGE0131,LOC058,2024-03-21T22:53:56,Moderate,49,70,60,Event,108
TE03646,EDGE0294,LOC051,2025-06-01T02:00:53,Moderate,58,70,34,Weather-related,61
TE03647,EDGE0027,LOC012,2024-12-30T19:31:24,Low,81,90,19,Event,34
TE03648,EDGE0018,LOC035,2026-01-01T13:37:59,High,30,45,63,Accident,113
TE03649,EDGE0117,LOC011,2025-07-04T09:19:26,Moderate,50,70,57,Event,102
TE03650,EDGE0317,LOC051,2024-03-11T16:48:20,Low,76,90,30,Rush Hour,54
TE03651,EDGE0063,LOC019,2024-01-09T07:52:19,Low,78,90,26,Rush Hour,46
TE03652,EDGE0270,LOC001,2025-01-29T01:00:50,Low,78,90,25,Accident,45
TE03653,EDGE0169,LOC061,2026-02-22T18:41:20,Low,90,90,0,Event,0
TE03654,EDGE0258,LOC031,2025-08-14T18:23:09,Low,82,90,17,Event,30
TE03655,EDGE0265,LOC043,2025-04-14T22:17:29,Low,78,90,26,Accident,46
TE03656,EDGE0290,LOC053,2025-09-05T03:21:49,Moderate,49,70,60,Construction,108
TE03657,EDGE0286,LOC004,2025-07-30T04:11:58,Severe,10,20,99,Accident,178
TE03658,EDGE0084,LOC024,2024-07-24T10:11:57,Moderate,49,70,60,Construction,108
TE03659,EDGE0014,LOC055,2026-05-19T05:55:24,Low,78,90,26,Rush Hour,46
TE03660,EDGE0023,LOC003,2024-03-04T21:15:02,Low,85,90,9,Accident,16
TE03661,EDGE0230,LOC031,2026-06-20T18:07:14,Low,80,90,21,Construction,37
TE03662,EDGE0240,LOC069,2024-10-05T15:28:52,Low,81,90,19,Accident,34
TE03663,EDGE0301,LOC016,2025-02-08T08:22:34,Low,79,90,24,Accident,43
TE03664,EDGE0091,LOC056,2024-09-20T21:04:55,Severe,10,20,93,Weather-related,167
TE03665,EDGE0085,LOC058,2026-02-21T13:02:20,High,27,45,78,Construction,140
TE03666,EDGE0350,LOC045,2026-02-04T14:24:01,Low,89,90,2,Rush Hour,3
TE03667,EDGE0078,LOC075,2025-06-10T21:25:30,Low,85,90,9,Accident,16
TE03668,EDGE0205,LOC057,2025-12-28T03:28:07,High,29,45,68,Rush Hour,122
TE03669,EDGE0233,LOC073,2024-07-23T22:19:00,Low,82,90,17,Rush Hour,30
TE03670,EDGE0076,LOC064,2024-05-19T06:19:08,Moderate,51,70,52,Accident,93
TE03671,EDGE0212,LOC042,2025-05-07T22:26:58,Moderate,58,70,32,Weather-related,57
TE03672,EDGE0243,LOC071,2026-04-03T23:37:57,Low,81,90,20,Rush Hour,36
TE03673,EDGE0149,LOC037,2025-11-03T12:47:15,Severe,10,20,93,Accident,167
TE03674,EDGE0359,LOC007,2024-08-08T06:31:41,Severe,11,20,90,Accident,162
TE03675,EDGE0037,LOC048,2025-02-08T12:38:23,Severe,10,20,94,Accident,169
TE03676,EDGE0082,LOC006,2024-06-30T12:11:15,High,29,45,67,Weather-related,120
TE03677,EDGE0238,LOC073,2025-05-01T15:32:15,High,27,45,78,Weather-related,140
TE03678,EDGE0260,LOC048,2024-03-09T14:29:04,Low,88,90,3,Event,5
TE03679,EDGE0313,LOC029,2024-07-17T15:23:41,Moderate,51,70,52,Event,93
TE03680,EDGE0301,LOC017,2026-02-14T11:55:14,Low,85,90,9,Event,16
TE03681,EDGE0231,LOC050,2025-03-12T12:27:48,High,27,45,80,Event,144
TE03682,EDGE0338,LOC022,2025-07-14T03:51:06,Moderate,51,70,53,Event,95
TE03683,EDGE0281,LOC018,2025-10-30T02:46:08,Severe,11,20,85,Construction,153
TE03684,EDGE0045,LOC018,2025-03-15T12:13:38,High,28,45,72,Construction,129
TE03685,EDGE0129,LOC024,2025-02-12T21:25:05,Moderate,54,70,43,Weather-related,77
TE03686,EDGE0346,LOC022,2025-02-13T17:36:31,Severe,10,20,97,Event,174
TE03687,EDGE0154,LOC036,2026-03-14T02:08:19,Moderate,49,70,58,Construction,104
TE03688,EDGE0333,LOC016,2025-05-01T05:52:13,Severe,11,20,81,Rush Hour,145
TE03689,EDGE0248,LOC068,2025-11-07T22:52:59,Moderate,57,70,36,Rush Hour,64
TE03690,EDGE0280,LOC001,2024-09-13T07:02:33,Moderate,52,70,50,Rush Hour,90
TE03691,EDGE0252,LOC062,2025-05-05T04:17:33,High,29,45,71,Event,127
TE03692,EDGE0023,LOC037,2026-02-02T04:03:04,Low,88,90,3,Construction,5
TE03693,EDGE0328,LOC018,2024-08-22T23:33:30,Low,83,90,14,Accident,25
TE03694,EDGE0203,LOC046,2026-05-13T05:03:16,Low,83,90,15,Event,27
TE03695,EDGE0201,LOC068,2025-11-14T12:00:04,High,29,45,70,Rush Hour,126
TE03696,EDGE0158,LOC030,2024-03-23T16:16:01,Moderate,56,70,40,Event,72
TE03697,EDGE0369,LOC016,2024-10-20T11:26:47,High,29,45,70,Rush Hour,126
TE03698,EDGE0326,LOC071,2024-08-18T20:59:07,Moderate,49,70,59,Weather-related,106
TE03699,EDGE0346,LOC056,2024-03-25T18:24:41,Low,84,90,12,Event,21
TE03700,EDGE0040,LOC030,2024-12-23T01:49:20,Moderate,50,70,57,Event,102
TE03701,EDGE0264,LOC015,2024-10-11T12:00:12,Moderate,49,70,59,Accident,106
TE03702,EDGE0043,LOC051,2024-02-25T17:02:29,Low,78,90,25,Event,45
TE03703,EDGE0125,LOC068,2025-12-31T12:05:55,Moderate,56,70,38,Rush Hour,68
TE03704,EDGE0315,LOC071,2025-02-08T05:51:09,Low,86,90,7,Event,12
TE03705,EDGE0237,LOC034,2024-09-11T01:46:14,Severe,10,20,98,Construction,176
TE03706,EDGE0340,LOC024,2025-12-26T15:58:28,Moderate,56,70,38,Weather-related,68
TE03707,EDGE0178,LOC061,2025-11-08T23:17:05,Low,76,90,30,Accident,54
TE03708,EDGE0093,LOC072,2024-06-29T05:41:23,Severe,11,20,86,Construction,154
TE03709,EDGE0317,LOC064,2026-02-07T19:36:40,Low,86,90,7,Weather-related,12
TE03710,EDGE0145,LOC050,2024-03-04T08:49:30,Moderate,55,70,42,Accident,75
TE03711,EDGE0007,LOC033,2025-11-16T21:02:49,Moderate,52,70,49,Construction,88
TE03712,EDGE0084,LOC005,2025-07-07T20:01:59,Low,80,90,22,Event,39
TE03713,EDGE0134,LOC064,2026-05-21T06:10:19,Moderate,50,70,55,Rush Hour,99
TE03714,EDGE0337,LOC057,2026-01-23T17:32:56,Low,88,90,3,Accident,5
TE03715,EDGE0176,LOC048,2025-12-12T02:31:07,High,27,45,79,Accident,142
TE03716,EDGE0057,LOC001,2026-02-04T19:56:43,Low,90,90,0,Accident,0
TE03717,EDGE0368,LOC016,2024-06-23T17:57:50,Severe,10,20,95,Weather-related,171
TE03718,EDGE0080,LOC049,2024-08-17T23:50:32,Low,80,90,22,Rush Hour,39
TE03719,EDGE0136,LOC006,2024-07-11T02:09:50,Moderate,50,70,57,Weather-related,102
TE03720,EDGE0202,LOC027,2025-06-27T02:11:35,Low,77,90,27,Accident,48
TE03721,EDGE0332,LOC042,2024-05-25T08:50:10,Moderate,56,70,40,Rush Hour,72
TE03722,EDGE0245,LOC027,2024-11-12T11:44:35,Low,81,90,18,Accident,32
TE03723,EDGE0326,LOC063,2025-03-17T08:37:44,Low,79,90,23,Rush Hour,41
TE03724,EDGE0207,LOC034,2024-10-07T15:18:18,Low,83,90,15,Accident,27
TE03725,EDGE0148,LOC017,2024-09-18T10:29:32,Moderate,50,70,56,Rush Hour,100
TE03726,EDGE0185,LOC057,2026-03-01T07:07:06,Low,80,90,21,Rush Hour,37
TE03727,EDGE0002,LOC075,2025-02-27T18:24:22,Moderate,59,70,31,Weather-related,55
TE03728,EDGE0265,LOC051,2026-05-24T23:23:04,High,30,45,64,Construction,115
TE03729,EDGE0023,LOC074,2026-06-28T19:38:10,Low,85,90,11,Rush Hour,19
TE03730,EDGE0058,LOC016,2024-11-25T22:42:09,Moderate,58,70,32,Accident,57
TE03731,EDGE0169,LOC068,2026-06-25T12:13:24,Low,85,90,11,Construction,19
TE03732,EDGE0335,LOC071,2024-01-07T09:49:05,Severe,11,20,86,Rush Hour,154
TE03733,EDGE0116,LOC040,2026-03-28T03:16:32,Severe,10,20,99,Construction,178
TE03734,EDGE0300,LOC070,2026-06-05T16:30:43,Moderate,52,70,49,Accident,88
TE03735,EDGE0198,LOC030,2024-10-07T12:05:40,Low,83,90,14,Construction,25
TE03736,EDGE0183,LOC001,2025-10-08T21:13:30,Low,83,90,14,Rush Hour,25
TE03737,EDGE0272,LOC066,2024-04-29T08:38:01,Moderate,54,70,43,Construction,77
TE03738,EDGE0219,LOC021,2025-01-17T09:24:51,Low,79,90,23,Weather-related,41
TE03739,EDGE0236,LOC051,2026-02-12T18:54:56,High,28,45,74,Construction,133
TE03740,EDGE0231,LOC008,2024-05-26T11:57:12,Severe,11,20,86,Accident,154
TE03741,EDGE0276,LOC068,2025-05-25T13:15:00,Low,77,90,28,Event,50
TE03742,EDGE0100,LOC053,2024-02-10T07:56:23,Moderate,49,70,58,Event,104
TE03743,EDGE0047,LOC012,2025-03-17T14:46:23,Moderate,49,70,60,Construction,108
TE03744,EDGE0052,LOC060,2024-07-08T12:09:07,High,28,45,73,Event,131
TE03745,EDGE0141,LOC032,2025-09-04T07:42:55,High,29,45,70,Event,126
TE03746,EDGE0279,LOC038,2025-08-03T07:15:47,Low,81,90,19,Construction,34
TE03747,EDGE0195,LOC032,2024-06-13T18:34:23,Moderate,52,70,51,Event,91
TE03748,EDGE0006,LOC029,2025-05-17T14:23:00,High,30,45,64,Construction,115
TE03749,EDGE0180,LOC069,2024-08-26T21:09:54,Moderate,58,70,32,Event,57
TE03750,EDGE0343,LOC073,2024-02-14T20:31:10,Moderate,54,70,45,Accident,81
TE03751,EDGE0075,LOC058,2024-05-05T22:15:23,High,30,45,64,Construction,115
TE03752,EDGE0010,LOC021,2025-12-15T22:44:11,High,28,45,75,Rush Hour,135
TE03753,EDGE0070,LOC046,2026-01-15T10:17:40,Low,78,90,25,Weather-related,45
TE03754,EDGE0357,LOC047,2025-12-06T08:24:59,Severe,10,20,100,Accident,180
TE03755,EDGE0314,LOC060,2025-02-22T08:55:08,Moderate,49,70,58,Construction,104
TE03756,EDGE0036,LOC031,2024-01-10T00:26:22,Moderate,50,70,56,Weather-related,100
TE03757,EDGE0204,LOC036,2025-05-26T17:55:32,Moderate,53,70,48,Event,86
TE03758,EDGE0276,LOC015,2024-03-09T02:44:04,Low,76,90,29,Weather-related,52
TE03759,EDGE0081,LOC064,2025-12-04T20:52:00,Low,89,90,2,Accident,3
TE03760,EDGE0175,LOC026,2025-05-19T17:43:35,Low,90,90,0,Event,0
TE03761,EDGE0073,LOC027,2026-06-03T03:45:52,High,29,45,69,Accident,124
TE03762,EDGE0084,LOC006,2024-07-19T21:24:23,High,29,45,71,Event,127
TE03763,EDGE0090,LOC007,2024-11-24T08:19:39,Low,89,90,2,Accident,3
TE03764,EDGE0346,LOC003,2024-03-16T15:00:20,Low,86,90,8,Weather-related,14
TE03765,EDGE0130,LOC072,2025-03-15T13:17:24,Low,77,90,27,Accident,48
TE03766,EDGE0169,LOC053,2025-05-17T00:40:56,Moderate,57,70,36,Accident,64
TE03767,EDGE0269,LOC010,2024-03-27T06:29:44,Moderate,53,70,48,Rush Hour,86
TE03768,EDGE0262,LOC061,2024-04-19T20:47:06,Moderate,49,70,60,Weather-related,108
TE03769,EDGE0313,LOC039,2026-04-29T23:27:44,Moderate,53,70,48,Accident,86
TE03770,EDGE0168,LOC057,2025-08-15T11:17:04,High,29,45,68,Weather-related,122
TE03771,EDGE0147,LOC034,2024-05-23T18:33:06,Moderate,50,70,56,Construction,100
TE03772,EDGE0168,LOC055,2025-09-11T14:31:21,Severe,10,20,93,Rush Hour,167
TE03773,EDGE0159,LOC023,2025-01-31T09:11:59,Low,88,90,3,Event,5
TE03774,EDGE0250,LOC026,2024-10-03T12:43:25,High,28,45,72,Construction,129
TE03775,EDGE0106,LOC017,2025-01-07T22:50:09,Low,76,90,30,Event,54
TE03776,EDGE0213,LOC005,2025-09-11T16:42:48,Low,81,90,20,Weather-related,36
TE03777,EDGE0136,LOC063,2024-05-18T13:10:52,Moderate,49,70,60,Event,108
TE03778,EDGE0024,LOC046,2024-02-01T20:44:38,Moderate,55,70,42,Rush Hour,75
TE03779,EDGE0193,LOC058,2024-11-19T11:06:23,Moderate,52,70,50,Event,90
TE03780,EDGE0269,LOC073,2024-09-10T02:52:08,Moderate,52,70,49,Accident,88
TE03781,EDGE0028,LOC056,2025-08-26T12:26:16,Moderate,56,70,40,Accident,72
TE03782,EDGE0344,LOC028,2025-09-17T02:25:08,Low,76,90,30,Weather-related,54
TE03783,EDGE0356,LOC024,2025-03-18T15:10:47,Low,86,90,7,Event,12
TE03784,EDGE0210,LOC004,2024-08-27T10:33:24,Severe,11,20,90,Event,162
TE03785,EDGE0037,LOC075,2024-07-06T08:22:04,High,28,45,72,Accident,129
TE03786,EDGE0057,LOC018,2025-04-08T18:37:34,Moderate,51,70,53,Weather-related,95
TE03787,EDGE0179,LOC024,2026-02-01T12:01:53,Moderate,54,70,45,Event,81
TE03788,EDGE0223,LOC049,2025-11-02T15:29:24,Low,81,90,19,Rush Hour,34
TE03789,EDGE0265,LOC016,2025-04-26T17:24:52,Moderate,58,70,33,Weather-related,59
TE03790,EDGE0352,LOC063,2024-07-22T22:43:18,Severe,10,20,91,Event,163
TE03791,EDGE0162,LOC016,2025-07-11T18:08:24,Moderate,58,70,34,Construction,61
TE03792,EDGE0220,LOC048,2024-05-29T07:17:46,Moderate,56,70,39,Weather-related,70
TE03793,EDGE0058,LOC012,2025-07-24T19:47:00,Low,89,90,1,Rush Hour,1
TE03794,EDGE0281,LOC004,2026-03-07T09:05:51,Low,83,90,14,Event,25
TE03795,EDGE0066,LOC018,2024-11-06T11:44:26,Moderate,51,70,54,Construction,97
TE03796,EDGE0308,LOC023,2026-01-30T14:28:11,Low,79,90,23,Accident,41
TE03797,EDGE0078,LOC060,2025-11-22T23:17:48,High,27,45,77,Accident,138
TE03798,EDGE0182,LOC027,2025-08-25T21:01:34,Moderate,55,70,41,Weather-related,73
TE03799,EDGE0200,LOC055,2026-01-10T02:57:32,Moderate,52,70,49,Rush Hour,88
TE03800,EDGE0054,LOC001,2025-02-21T01:38:15,Severe,10,20,96,Construction,172
TE03801,EDGE0203,LOC044,2026-05-24T16:17:21,Severe,11,20,83,Weather-related,149
TE03802,EDGE0366,LOC066,2025-10-19T05:12:52,Moderate,57,70,37,Weather-related,66
TE03803,EDGE0336,LOC062,2024-05-20T03:43:58,Low,76,90,29,Weather-related,52
TE03804,EDGE0177,LOC041,2025-10-18T09:17:48,High,27,45,78,Event,140
TE03805,EDGE0152,LOC013,2025-07-26T00:50:03,Moderate,51,70,52,Rush Hour,93
TE03806,EDGE0184,LOC031,2024-10-16T11:50:56,Moderate,55,70,42,Construction,75
TE03807,EDGE0136,LOC023,2025-11-05T08:38:30,Moderate,49,70,59,Weather-related,106
TE03808,EDGE0344,LOC068,2025-10-23T19:04:07,Moderate,53,70,48,Event,86
TE03809,EDGE0011,LOC008,2024-05-24T09:19:57,Low,89,90,1,Construction,1
TE03810,EDGE0118,LOC040,2024-03-03T19:38:28,Low,76,90,30,Weather-related,54
TE03811,EDGE0175,LOC053,2026-03-08T10:45:24,Severe,10,20,94,Rush Hour,169
TE03812,EDGE0345,LOC031,2025-06-14T21:10:16,Moderate,58,70,34,Event,61
TE03813,EDGE0089,LOC059,2025-12-21T01:27:35,Low,88,90,3,Weather-related,5
TE03814,EDGE0195,LOC032,2024-12-14T07:54:29,Severe,10,20,91,Event,163
TE03815,EDGE0170,LOC068,2024-08-28T21:25:02,Moderate,59,70,31,Construction,55
TE03816,EDGE0267,LOC017,2026-02-08T10:57:07,Low,88,90,4,Accident,7
TE03817,EDGE0095,LOC020,2026-03-30T02:22:30,Low,81,90,19,Construction,34
TE03818,EDGE0303,LOC071,2026-03-26T01:24:20,Low,85,90,9,Construction,16
TE03819,EDGE0068,LOC047,2024-05-10T10:37:56,Low,81,90,20,Event,36
TE03820,EDGE0041,LOC069,2025-03-27T14:11:39,Severe,10,20,91,Rush Hour,163
TE03821,EDGE0060,LOC067,2025-12-28T08:28:33,High,28,45,72,Event,129
TE03822,EDGE0365,LOC062,2025-11-10T09:47:44,High,27,45,78,Event,140
TE03823,EDGE0172,LOC044,2024-05-03T00:09:39,Low,80,90,22,Construction,39
TE03824,EDGE0238,LOC018,2026-01-11T22:38:32,Moderate,51,70,53,Accident,95
TE03825,EDGE0060,LOC023,2025-04-11T15:28:20,Severe,10,20,91,Rush Hour,163
TE03826,EDGE0117,LOC038,2024-08-18T20:27:11,Moderate,49,70,58,Event,104
TE03827,EDGE0004,LOC007,2024-07-17T12:20:49,High,30,45,66,Rush Hour,118
TE03828,EDGE0106,LOC025,2025-04-11T16:02:46,Moderate,50,70,57,Event,102
TE03829,EDGE0172,LOC066,2025-01-21T06:28:28,Low,87,90,5,Event,9
TE03830,EDGE0057,LOC059,2026-03-23T14:17:07,Severe,10,20,93,Event,167
TE03831,EDGE0073,LOC038,2025-10-26T10:59:51,Moderate,49,70,58,Rush Hour,104
TE03832,EDGE0135,LOC067,2025-04-04T00:21:13,Low,83,90,15,Accident,27
TE03833,EDGE0064,LOC062,2026-06-02T04:32:48,Moderate,51,70,54,Rush Hour,97
TE03834,EDGE0137,LOC074,2024-03-15T03:26:20,Low,85,90,9,Rush Hour,16
TE03835,EDGE0321,LOC016,2026-05-05T22:33:27,Moderate,55,70,42,Rush Hour,75
TE03836,EDGE0288,LOC068,2024-04-28T21:20:20,Low,86,90,7,Accident,12
TE03837,EDGE0264,LOC007,2024-03-11T01:15:35,Moderate,52,70,51,Event,91
TE03838,EDGE0072,LOC021,2026-03-08T13:28:50,High,27,45,76,Weather-related,136
TE03839,EDGE0026,LOC043,2024-06-16T04:49:05,High,29,45,68,Rush Hour,122
TE03840,EDGE0035,LOC011,2026-03-04T06:28:15,Moderate,51,70,52,Event,93
TE03841,EDGE0264,LOC010,2025-10-22T01:55:27,Moderate,49,70,58,Accident,104
TE03842,EDGE0046,LOC020,2025-10-03T14:28:46,High,28,45,75,Rush Hour,135
TE03843,EDGE0235,LOC002,2024-05-26T18:37:56,Severe,10,20,91,Rush Hour,163
TE03844,EDGE0244,LOC026,2025-12-22T19:38:58,High,30,45,65,Accident,117
TE03845,EDGE0152,LOC061,2026-06-02T02:24:13,Severe,10,20,96,Weather-related,172
TE03846,EDGE0187,LOC022,2025-01-28T14:42:12,Severe,10,20,96,Accident,172
TE03847,EDGE0137,LOC072,2025-07-06T04:25:16,High,30,45,65,Rush Hour,117
TE03848,EDGE0026,LOC058,2025-01-30T21:52:37,Low,87,90,6,Construction,10
TE03849,EDGE0077,LOC043,2026-06-28T15:33:11,High,29,45,69,Event,124
TE03850,EDGE0162,LOC057,2024-05-07T00:35:24,Severe,11,20,90,Weather-related,162
TE03851,EDGE0212,LOC002,2026-02-21T01:46:26,Low,79,90,23,Event,41
TE03852,EDGE0240,LOC028,2024-01-26T06:32:27,Low,85,90,10,Construction,18
TE03853,EDGE0323,LOC039,2024-06-25T23:49:22,Moderate,56,70,40,Rush Hour,72
TE03854,EDGE0119,LOC001,2025-12-20T01:22:40,Moderate,51,70,53,Rush Hour,95
TE03855,EDGE0070,LOC074,2024-10-05T22:11:27,High,28,45,72,Rush Hour,129
TE03856,EDGE0018,LOC057,2024-10-10T01:12:41,High,28,45,73,Rush Hour,131
TE03857,EDGE0039,LOC010,2025-09-02T10:30:41,Severe,11,20,82,Rush Hour,147
TE03858,EDGE0018,LOC011,2024-03-11T07:22:02,Low,76,90,30,Event,54
TE03859,EDGE0236,LOC049,2024-05-09T09:17:50,Low,85,90,9,Event,16
TE03860,EDGE0141,LOC070,2025-10-08T14:58:58,Severe,10,20,98,Accident,176
TE03861,EDGE0343,LOC007,2025-04-07T09:06:13,Moderate,56,70,40,Accident,72
TE03862,EDGE0148,LOC072,2025-05-02T16:46:06,Severe,11,20,83,Accident,149
TE03863,EDGE0314,LOC059,2025-12-07T19:33:37,Moderate,56,70,40,Accident,72
TE03864,EDGE0287,LOC039,2025-11-29T23:16:25,Low,84,90,13,Weather-related,23
TE03865,EDGE0209,LOC017,2025-02-15T18:41:22,Low,80,90,22,Weather-related,39
TE03866,EDGE0246,LOC067,2025-06-14T05:52:04,High,29,45,71,Rush Hour,127
TE03867,EDGE0325,LOC057,2024-10-17T19:00:49,Severe,11,20,88,Rush Hour,158
TE03868,EDGE0277,LOC045,2024-11-23T21:11:57,Moderate,56,70,40,Event,72
TE03869,EDGE0061,LOC047,2024-10-14T12:33:29,Moderate,57,70,36,Weather-related,64
TE03870,EDGE0226,LOC011,2024-05-01T12:16:21,Moderate,54,70,44,Weather-related,79
TE03871,EDGE0283,LOC044,2025-02-06T20:03:48,High,28,45,74,Weather-related,133
TE03872,EDGE0183,LOC018,2024-06-14T04:17:39,Low,80,90,22,Weather-related,39
TE03873,EDGE0280,LOC042,2025-11-04T21:11:45,Low,85,90,11,Accident,19
TE03874,EDGE0011,LOC024,2026-04-10T02:58:53,Moderate,50,70,55,Rush Hour,99
TE03875,EDGE0315,LOC067,2024-01-28T19:55:40,High,29,45,68,Event,122
TE03876,EDGE0278,LOC016,2024-01-10T01:59:40,High,27,45,76,Rush Hour,136
TE03877,EDGE0160,LOC053,2025-09-05T12:12:03,Severe,10,20,92,Weather-related,165
TE03878,EDGE0134,LOC038,2024-06-30T06:04:51,Moderate,57,70,37,Rush Hour,66
TE03879,EDGE0324,LOC017,2024-01-21T16:01:53,Severe,11,20,87,Rush Hour,156
TE03880,EDGE0041,LOC021,2024-09-23T18:45:28,Moderate,49,70,60,Construction,108
TE03881,EDGE0139,LOC055,2026-01-11T04:19:05,Moderate,49,70,60,Construction,108
TE03882,EDGE0347,LOC033,2025-12-15T20:07:14,Low,76,90,29,Construction,52
TE03883,EDGE0112,LOC069,2025-09-21T06:54:33,Moderate,55,70,42,Event,75
TE03884,EDGE0147,LOC038,2026-01-26T02:19:47,Moderate,49,70,60,Weather-related,108
TE03885,EDGE0342,LOC059,2025-04-15T09:12:05,Low,85,90,9,Construction,16
TE03886,EDGE0282,LOC047,2025-07-14T08:56:37,Moderate,56,70,39,Accident,70
TE03887,EDGE0172,LOC058,2025-09-05T14:33:51,Severe,11,20,87,Accident,156
TE03888,EDGE0057,LOC075,2025-04-15T03:51:29,High,29,45,69,Accident,124
TE03889,EDGE0066,LOC019,2024-05-16T03:16:28,Low,81,90,19,Construction,34
TE03890,EDGE0157,LOC007,2024-07-13T07:40:27,Moderate,58,70,32,Construction,57
TE03891,EDGE0335,LOC003,2024-07-28T21:24:47,High,27,45,78,Rush Hour,140
TE03892,EDGE0027,LOC049,2024-01-22T13:19:54,Moderate,50,70,57,Event,102
TE03893,EDGE0101,LOC073,2024-10-23T09:37:02,Low,87,90,6,Weather-related,10
TE03894,EDGE0172,LOC049,2024-06-22T20:24:01,Moderate,51,70,54,Construction,97
TE03895,EDGE0212,LOC045,2024-01-25T16:14:41,Moderate,52,70,51,Accident,91
TE03896,EDGE0181,LOC012,2024-10-19T09:23:28,Severe,10,20,99,Rush Hour,178
TE03897,EDGE0223,LOC065,2024-02-11T15:44:48,Low,85,90,10,Weather-related,18
TE03898,EDGE0247,LOC001,2024-11-21T00:38:25,High,30,45,64,Weather-related,115
TE03899,EDGE0143,LOC055,2026-01-17T09:20:56,Moderate,57,70,36,Construction,64
TE03900,EDGE0128,LOC061,2024-08-13T11:44:25,Severe,10,20,92,Construction,165
TE03901,EDGE0225,LOC004,2025-01-10T14:13:11,High,30,45,66,Rush Hour,118
TE03902,EDGE0279,LOC002,2025-11-07T23:22:18,Moderate,54,70,45,Rush Hour,81
TE03903,EDGE0042,LOC008,2026-04-16T15:48:44,Moderate,51,70,54,Construction,97
TE03904,EDGE0104,LOC003,2024-10-23T13:48:24,High,27,45,76,Event,136
TE03905,EDGE0081,LOC018,2024-05-13T17:48:00,High,27,45,77,Weather-related,138
TE03906,EDGE0290,LOC012,2025-04-12T11:01:52,Low,78,90,25,Construction,45
TE03907,EDGE0045,LOC031,2025-12-20T21:45:25,Moderate,49,70,59,Event,106
TE03908,EDGE0134,LOC016,2024-08-18T04:00:56,Low,89,90,2,Rush Hour,3
TE03909,EDGE0068,LOC042,2026-01-06T07:35:38,Moderate,53,70,47,Weather-related,84
TE03910,EDGE0279,LOC047,2025-10-17T08:47:51,High,30,45,66,Construction,118
TE03911,EDGE0030,LOC026,2024-02-03T21:23:25,Low,87,90,5,Weather-related,9
TE03912,EDGE0006,LOC010,2024-06-29T21:53:58,Severe,10,20,92,Event,165
TE03913,EDGE0109,LOC009,2024-09-15T00:51:41,High,30,45,66,Accident,118
TE03914,EDGE0164,LOC020,2024-08-24T18:42:46,Moderate,52,70,51,Construction,91
TE03915,EDGE0091,LOC047,2025-11-22T16:43:03,Low,80,90,22,Event,39
TE03916,EDGE0355,LOC061,2026-01-23T11:51:24,Low,83,90,14,Rush Hour,25
TE03917,EDGE0289,LOC062,2026-01-02T10:23:29,High,31,45,61,Event,109
TE03918,EDGE0015,LOC013,2024-01-31T11:46:35,Low,89,90,2,Construction,3
TE03919,EDGE0029,LOC055,2025-11-29T07:10:53,Moderate,50,70,55,Construction,99
TE03920,EDGE0153,LOC009,2026-06-28T02:49:00,Low,86,90,7,Weather-related,12
TE03921,EDGE0069,LOC074,2025-01-11T21:53:20,Moderate,50,70,57,Weather-related,102
TE03922,EDGE0225,LOC071,2024-11-08T18:26:25,Moderate,58,70,34,Weather-related,61
TE03923,EDGE0222,LOC038,2025-04-03T00:06:41,Low,76,90,30,Construction,54
TE03924,EDGE0215,LOC022,2026-06-03T13:54:22,Moderate,49,70,59,Construction,106
TE03925,EDGE0300,LOC007,2025-08-31T12:52:46,Moderate,51,70,52,Rush Hour,93
TE03926,EDGE0040,LOC050,2024-03-20T02:30:59,Severe,11,20,88,Construction,158
TE03927,EDGE0118,LOC026,2025-06-02T14:49:56,High,28,45,74,Construction,133
TE03928,EDGE0096,LOC003,2024-01-13T05:34:28,Low,82,90,16,Accident,28
TE03929,EDGE0349,LOC072,2024-06-08T11:34:24,Severe,10,20,91,Construction,163
TE03930,EDGE0315,LOC027,2025-11-01T18:13:17,Moderate,53,70,46,Construction,82
TE03931,EDGE0266,LOC056,2025-10-07T17:53:37,Low,89,90,1,Rush Hour,1
TE03932,EDGE0157,LOC022,2026-02-09T01:09:18,Low,88,90,4,Weather-related,7
TE03933,EDGE0234,LOC062,2026-06-17T22:03:20,Moderate,57,70,37,Construction,66
TE03934,EDGE0236,LOC027,2026-05-11T01:58:13,Low,79,90,24,Rush Hour,43
TE03935,EDGE0214,LOC072,2025-03-27T16:51:37,Low,86,90,7,Accident,12
TE03936,EDGE0352,LOC019,2024-02-27T12:06:06,High,29,45,69,Construction,124
TE03937,EDGE0266,LOC058,2026-01-27T07:11:14,Low,88,90,3,Weather-related,5
TE03938,EDGE0028,LOC052,2025-09-12T21:09:51,Severe,11,20,88,Weather-related,158
TE03939,EDGE0053,LOC002,2026-01-25T03:09:26,Moderate,54,70,44,Accident,79
TE03940,EDGE0167,LOC003,2026-03-08T11:17:18,Low,81,90,18,Construction,32
TE03941,EDGE0020,LOC023,2026-01-27T22:17:10,Severe,10,20,96,Weather-related,172
TE03942,EDGE0009,LOC048,2024-12-26T06:04:27,Moderate,58,70,33,Rush Hour,59
TE03943,EDGE0246,LOC056,2024-04-04T07:14:04,Low,81,90,20,Construction,36
TE03944,EDGE0117,LOC059,2026-03-31T16:46:48,High,28,45,75,Weather-related,135
TE03945,EDGE0053,LOC070,2024-01-30T13:06:15,High,31,45,61,Weather-related,109
TE03946,EDGE0188,LOC048,2025-10-17T13:28:11,Severe,10,20,100,Event,180
TE03947,EDGE0281,LOC035,2026-06-14T09:52:28,Low,77,90,28,Construction,50
TE03948,EDGE0023,LOC049,2025-05-05T15:44:49,Low,85,90,10,Accident,18
TE03949,EDGE0100,LOC048,2026-05-09T10:52:01,Severe,10,20,93,Weather-related,167
TE03950,EDGE0149,LOC048,2024-04-08T15:50:44,Low,83,90,14,Weather-related,25
TE03951,EDGE0188,LOC042,2025-02-20T02:07:46,Low,86,90,7,Accident,12
TE03952,EDGE0135,LOC005,2025-10-10T00:00:41,Moderate,52,70,51,Event,91
TE03953,EDGE0133,LOC058,2026-01-05T07:19:07,Moderate,57,70,37,Rush Hour,66
TE03954,EDGE0304,LOC053,2024-06-30T15:52:00,High,28,45,72,Construction,129
TE03955,EDGE0056,LOC022,2026-02-07T15:03:48,Low,78,90,26,Rush Hour,46
TE03956,EDGE0267,LOC048,2025-06-22T16:18:11,High,28,45,73,Accident,131
TE03957,EDGE0146,LOC027,2025-11-27T10:46:55,Low,79,90,24,Event,43
TE03958,EDGE0024,LOC029,2025-11-08T15:50:00,High,28,45,74,Event,133
TE03959,EDGE0324,LOC018,2024-02-02T07:44:18,High,28,45,73,Rush Hour,131
TE03960,EDGE0280,LOC034,2024-09-07T14:56:47,Moderate,51,70,52,Accident,93
TE03961,EDGE0225,LOC047,2025-03-23T09:49:12,High,29,45,70,Event,126
TE03962,EDGE0268,LOC072,2024-10-25T13:47:01,Severe,11,20,90,Event,162
TE03963,EDGE0052,LOC003,2025-12-29T22:33:05,Low,84,90,13,Construction,23
TE03964,EDGE0345,LOC021,2025-06-18T03:33:35,Low,80,90,21,Rush Hour,37
TE03965,EDGE0185,LOC063,2025-11-11T13:57:01,Moderate,52,70,49,Construction,88
TE03966,EDGE0233,LOC063,2024-12-26T13:25:52,Low,78,90,26,Accident,46
TE03967,EDGE0301,LOC037,2026-02-27T14:02:23,Moderate,58,70,33,Accident,59
TE03968,EDGE0072,LOC051,2024-12-07T07:05:49,Moderate,55,70,42,Accident,75
TE03969,EDGE0022,LOC009,2025-06-10T20:32:24,Low,77,90,27,Rush Hour,48
TE03970,EDGE0267,LOC045,2025-12-28T17:43:34,Moderate,54,70,43,Event,77
TE03971,EDGE0362,LOC056,2024-07-22T17:56:44,High,31,45,62,Rush Hour,111
TE03972,EDGE0209,LOC049,2025-03-31T18:31:21,Low,77,90,28,Accident,50
TE03973,EDGE0204,LOC047,2025-08-29T10:05:39,Moderate,51,70,54,Event,97
TE03974,EDGE0040,LOC034,2025-10-09T13:42:26,Low,84,90,12,Construction,21
TE03975,EDGE0006,LOC004,2025-07-13T15:18:03,Low,82,90,17,Construction,30
TE03976,EDGE0268,LOC019,2026-01-03T17:32:47,Severe,11,20,83,Rush Hour,149
TE03977,EDGE0279,LOC049,2024-09-08T16:45:28,Low,88,90,4,Construction,7
TE03978,EDGE0338,LOC019,2024-11-17T21:17:46,Severe,11,20,82,Rush Hour,147
TE03979,EDGE0036,LOC055,2025-03-14T18:46:05,Moderate,51,70,53,Construction,95
TE03980,EDGE0086,LOC024,2024-05-13T21:28:00,Severe,11,20,85,Rush Hour,153
TE03981,EDGE0103,LOC043,2026-01-20T03:26:07,High,31,45,61,Construction,109
TE03982,EDGE0225,LOC073,2024-07-19T13:04:06,Severe,10,20,93,Rush Hour,167
TE03983,EDGE0325,LOC067,2024-09-26T04:45:38,Moderate,53,70,47,Accident,84
TE03984,EDGE0343,LOC018,2024-11-05T21:18:39,Severe,10,20,98,Construction,176
TE03985,EDGE0085,LOC061,2024-08-30T19:48:42,Moderate,51,70,53,Construction,95
TE03986,EDGE0202,LOC049,2026-02-03T14:00:51,Severe,10,20,96,Construction,172
TE03987,EDGE0300,LOC004,2024-06-05T17:57:48,Low,82,90,16,Event,28
TE03988,EDGE0052,LOC054,2025-10-08T05:01:15,Low,81,90,20,Weather-related,36
TE03989,EDGE0358,LOC036,2026-02-05T23:24:18,Moderate,56,70,40,Weather-related,72
TE03990,EDGE0025,LOC017,2025-04-16T16:57:47,High,28,45,72,Weather-related,129
TE03991,EDGE0079,LOC062,2024-12-30T14:57:18,Low,89,90,1,Weather-related,1
TE03992,EDGE0272,LOC011,2024-11-21T08:13:33,Low,88,90,4,Weather-related,7
TE03993,EDGE0114,LOC037,2026-05-15T00:08:46,Low,90,90,0,Construction,0
TE03994,EDGE0153,LOC039,2024-03-14T02:07:34,Severe,10,20,97,Construction,174
TE03995,EDGE0127,LOC037,2024-01-29T03:57:27,High,29,45,70,Weather-related,126
TE03996,EDGE0309,LOC027,2025-07-11T08:32:22,Low,80,90,22,Rush Hour,39
TE03997,EDGE0066,LOC036,2025-02-09T03:37:38,Low,82,90,17,Accident,30
TE03998,EDGE0305,LOC072,2025-07-08T15:33:37,Moderate,50,70,57,Accident,102
TE03999,EDGE0173,LOC051,2024-09-03T09:14:25,Low,89,90,2,Event,3
TE04000,EDGE0269,LOC017,2024-09-28T09:50:22,Moderate,51,70,52,Rush Hour,93
TE04001,EDGE0205,LOC036,2026-02-21T03:03:14,Severe,11,20,86,Construction,154
TE04002,EDGE0240,LOC069,2024-02-19T15:55:41,Low,76,90,30,Rush Hour,54
TE04003,EDGE0070,LOC025,2024-04-08T21:37:30,Severe,10,20,91,Construction,163
TE04004,EDGE0091,LOC024,2025-06-08T15:39:51,High,27,45,79,Accident,142
TE04005,EDGE0015,LOC060,2025-10-30T22:41:40,Low,89,90,1,Weather-related,1
TE04006,EDGE0368,LOC012,2024-06-26T01:04:59,Low,87,90,5,Construction,9
TE04007,EDGE0345,LOC056,2024-12-18T03:37:31,High,29,45,69,Event,124
TE04008,EDGE0350,LOC058,2024-07-06T11:34:33,Low,79,90,23,Rush Hour,41
TE04009,EDGE0320,LOC022,2026-05-23T00:11:13,High,28,45,72,Accident,129
TE04010,EDGE0305,LOC016,2024-12-14T02:53:27,Severe,11,20,89,Construction,160
TE04011,EDGE0029,LOC032,2026-01-25T13:00:45,Moderate,51,70,54,Construction,97
TE04012,EDGE0347,LOC041,2025-02-04T12:18:21,Low,80,90,21,Construction,37
TE04013,EDGE0357,LOC049,2025-06-12T16:12:22,Low,83,90,14,Rush Hour,25
TE04014,EDGE0366,LOC020,2025-07-05T20:20:36,High,30,45,64,Accident,115
TE04015,EDGE0362,LOC022,2024-03-13T12:13:14,High,28,45,73,Accident,131
TE04016,EDGE0189,LOC025,2026-05-15T07:17:54,Low,76,90,30,Construction,54
TE04017,EDGE0124,LOC067,2025-02-19T12:47:45,Severe,10,20,98,Rush Hour,176
TE04018,EDGE0301,LOC058,2024-08-22T20:20:17,Moderate,49,70,58,Construction,104
TE04019,EDGE0009,LOC072,2026-03-11T15:02:11,Moderate,52,70,51,Event,91
TE04020,EDGE0304,LOC029,2024-06-10T18:41:45,Low,86,90,8,Weather-related,14
TE04021,EDGE0127,LOC025,2024-03-19T07:52:11,Moderate,49,70,58,Weather-related,104
TE04022,EDGE0302,LOC073,2025-11-11T03:21:45,Low,86,90,7,Rush Hour,12
TE04023,EDGE0361,LOC052,2025-12-11T03:15:06,Low,78,90,26,Event,46
TE04024,EDGE0089,LOC004,2024-06-21T07:48:05,High,27,45,76,Rush Hour,136
TE04025,EDGE0153,LOC027,2024-06-13T11:56:04,High,31,45,62,Event,111
TE04026,EDGE0308,LOC021,2024-06-07T05:54:56,High,27,45,79,Accident,142
TE04027,EDGE0076,LOC056,2026-05-23T18:30:30,Low,81,90,19,Event,34
TE04028,EDGE0106,LOC070,2024-03-06T04:44:02,Moderate,59,70,31,Accident,55
TE04029,EDGE0097,LOC019,2026-02-27T01:43:42,High,31,45,62,Weather-related,111
TE04030,EDGE0364,LOC067,2024-06-12T18:00:36,Low,84,90,12,Rush Hour,21
TE04031,EDGE0111,LOC020,2024-09-16T11:56:14,Moderate,51,70,54,Rush Hour,97
TE04032,EDGE0179,LOC018,2024-07-02T09:34:17,Low,88,90,4,Construction,7
TE04033,EDGE0320,LOC045,2024-11-15T01:21:12,Severe,10,20,93,Accident,167
TE04034,EDGE0282,LOC026,2025-07-15T18:51:29,Severe,11,20,84,Weather-related,151
TE04035,EDGE0368,LOC055,2024-08-31T22:35:51,Low,79,90,23,Accident,41
TE04036,EDGE0371,LOC023,2025-03-29T19:08:03,Moderate,49,70,58,Event,104
TE04037,EDGE0290,LOC014,2025-11-16T20:58:50,Severe,11,20,86,Construction,154
TE04038,EDGE0203,LOC053,2026-02-24T21:11:34,High,29,45,67,Weather-related,120
TE04039,EDGE0284,LOC071,2026-02-13T05:21:47,Low,80,90,21,Rush Hour,37
TE04040,EDGE0143,LOC042,2024-06-03T05:57:27,High,28,45,75,Event,135
TE04041,EDGE0198,LOC051,2024-08-27T16:33:42,Severe,10,20,95,Weather-related,171
TE04042,EDGE0245,LOC016,2025-07-19T01:05:41,High,31,45,62,Accident,111
TE04043,EDGE0043,LOC013,2025-06-03T19:04:21,Moderate,54,70,44,Event,79
TE04044,EDGE0223,LOC072,2024-08-02T00:31:47,High,28,45,75,Weather-related,135
TE04045,EDGE0315,LOC062,2024-07-10T01:09:21,Moderate,59,70,31,Weather-related,55
TE04046,EDGE0237,LOC004,2024-11-09T15:01:01,Low,81,90,20,Accident,36
TE04047,EDGE0044,LOC047,2025-11-13T03:08:59,Low,81,90,19,Rush Hour,34
TE04048,EDGE0187,LOC003,2025-10-07T20:16:38,High,27,45,77,Accident,138
TE04049,EDGE0073,LOC064,2024-01-11T05:36:09,Low,89,90,1,Event,1
TE04050,EDGE0036,LOC067,2025-01-16T02:02:44,Moderate,55,70,42,Accident,75
TE04051,EDGE0220,LOC044,2026-01-05T19:26:56,Moderate,50,70,55,Weather-related,99
TE04052,EDGE0077,LOC050,2025-06-14T05:20:04,Severe,10,20,96,Weather-related,172
TE04053,EDGE0134,LOC021,2025-03-21T11:07:27,Severe,10,20,92,Rush Hour,165
TE04054,EDGE0013,LOC065,2026-02-23T12:36:43,Severe,10,20,94,Weather-related,169
TE04055,EDGE0288,LOC005,2024-09-23T01:06:09,Moderate,52,70,51,Rush Hour,91
TE04056,EDGE0323,LOC065,2024-05-12T09:44:55,Severe,11,20,85,Construction,153
TE04057,EDGE0208,LOC022,2025-02-17T05:46:53,High,31,45,62,Event,111
TE04058,EDGE0126,LOC033,2025-08-01T13:26:01,Low,88,90,3,Rush Hour,5
TE04059,EDGE0102,LOC051,2025-10-06T16:38:32,Moderate,54,70,43,Accident,77
TE04060,EDGE0194,LOC051,2025-07-14T05:45:38,High,30,45,64,Rush Hour,115
TE04061,EDGE0156,LOC008,2025-01-16T07:05:13,Low,87,90,5,Construction,9
TE04062,EDGE0006,LOC047,2024-08-23T12:28:32,Moderate,57,70,37,Rush Hour,66
TE04063,EDGE0112,LOC050,2026-04-02T18:47:36,Low,79,90,24,Accident,43
TE04064,EDGE0266,LOC032,2025-10-17T02:56:36,Moderate,49,70,60,Event,108
TE04065,EDGE0340,LOC027,2024-12-20T11:14:30,Moderate,53,70,46,Rush Hour,82
TE04066,EDGE0109,LOC028,2024-08-02T08:48:05,Severe,11,20,87,Event,156
TE04067,EDGE0119,LOC021,2025-10-28T03:40:28,Moderate,50,70,56,Rush Hour,100
TE04068,EDGE0293,LOC024,2025-10-04T05:01:12,Moderate,49,70,59,Construction,106
TE04069,EDGE0323,LOC055,2025-09-27T20:09:26,Severe,10,20,92,Construction,165
TE04070,EDGE0032,LOC069,2025-12-13T15:33:13,Low,78,90,25,Accident,45
TE04071,EDGE0194,LOC008,2026-03-12T19:39:50,High,30,45,66,Weather-related,118
TE04072,EDGE0187,LOC051,2025-07-15T23:55:33,Severe,10,20,97,Construction,174
TE04073,EDGE0358,LOC029,2024-02-16T05:38:32,High,27,45,79,Construction,142
TE04074,EDGE0367,LOC057,2025-11-18T12:31:46,Moderate,50,70,57,Rush Hour,102
TE04075,EDGE0279,LOC021,2024-08-14T03:46:34,Moderate,49,70,60,Construction,108
TE04076,EDGE0124,LOC014,2024-01-16T10:54:53,Low,79,90,23,Accident,41
TE04077,EDGE0083,LOC046,2026-03-14T16:09:26,High,29,45,67,Weather-related,120
TE04078,EDGE0098,LOC029,2024-04-18T02:10:29,High,28,45,73,Weather-related,131
TE04079,EDGE0314,LOC065,2024-05-11T16:45:39,Moderate,58,70,34,Construction,61
TE04080,EDGE0162,LOC039,2025-06-09T12:52:24,High,28,45,72,Accident,129
TE04081,EDGE0168,LOC042,2025-05-04T00:45:54,Low,88,90,3,Rush Hour,5
TE04082,EDGE0272,LOC072,2025-09-15T22:37:46,Severe,11,20,85,Event,153
TE04083,EDGE0091,LOC013,2024-09-12T06:28:05,High,30,45,64,Weather-related,115
TE04084,EDGE0094,LOC033,2025-11-05T07:23:15,Moderate,57,70,37,Event,66
TE04085,EDGE0263,LOC017,2024-04-05T11:42:19,Moderate,51,70,54,Accident,97
TE04086,EDGE0002,LOC050,2025-09-02T22:01:44,Severe,10,20,100,Rush Hour,180
TE04087,EDGE0132,LOC008,2024-02-27T14:57:16,High,28,45,75,Construction,135
TE04088,EDGE0116,LOC062,2024-08-22T11:54:07,Low,87,90,5,Weather-related,9
TE04089,EDGE0040,LOC057,2026-06-11T13:02:50,Moderate,50,70,55,Event,99
TE04090,EDGE0126,LOC052,2024-03-30T19:18:23,Severe,10,20,98,Accident,176
TE04091,EDGE0326,LOC073,2026-03-18T10:44:30,Low,76,90,29,Weather-related,52
TE04092,EDGE0139,LOC012,2025-04-04T09:24:20,Severe,11,20,87,Rush Hour,156
TE04093,EDGE0028,LOC055,2025-10-13T08:50:04,Low,84,90,12,Weather-related,21
TE04094,EDGE0200,LOC032,2025-09-16T11:45:04,Moderate,50,70,55,Event,99
TE04095,EDGE0230,LOC051,2026-05-10T00:05:33,Low,86,90,7,Rush Hour,12
TE04096,EDGE0127,LOC016,2025-04-17T17:59:04,Severe,11,20,88,Rush Hour,158
TE04097,EDGE0333,LOC004,2025-05-02T07:24:21,Severe,10,20,92,Weather-related,165
TE04098,EDGE0007,LOC052,2025-06-18T15:06:59,Low,77,90,27,Event,48
TE04099,EDGE0162,LOC014,2024-01-13T06:36:59,Severe,11,20,90,Construction,162
TE04100,EDGE0265,LOC055,2025-03-10T14:58:55,Severe,11,20,88,Construction,158
TE04101,EDGE0012,LOC013,2026-03-30T21:30:07,Moderate,56,70,38,Weather-related,68
TE04102,EDGE0083,LOC062,2024-08-16T03:24:18,Low,89,90,2,Construction,3
TE04103,EDGE0222,LOC032,2025-09-19T11:54:10,Moderate,59,70,31,Event,55
TE04104,EDGE0236,LOC018,2025-11-24T03:08:00,Severe,11,20,82,Accident,147
TE04105,EDGE0312,LOC057,2024-11-14T15:56:01,Severe,10,20,98,Weather-related,176
TE04106,EDGE0072,LOC074,2026-04-25T17:38:45,High,28,45,73,Accident,131
TE04107,EDGE0269,LOC014,2025-11-17T20:18:58,Moderate,52,70,50,Construction,90
TE04108,EDGE0361,LOC072,2025-06-20T07:52:32,Moderate,55,70,42,Accident,75
TE04109,EDGE0224,LOC039,2025-09-20T09:03:56,Moderate,56,70,40,Rush Hour,72
TE04110,EDGE0082,LOC044,2024-11-02T11:43:07,High,31,45,61,Event,109
TE04111,EDGE0314,LOC013,2025-04-13T09:54:21,Low,81,90,19,Weather-related,34
TE04112,EDGE0204,LOC018,2024-05-10T22:13:14,Moderate,51,70,52,Rush Hour,93
TE04113,EDGE0292,LOC036,2024-02-27T10:20:52,Severe,11,20,83,Event,149
TE04114,EDGE0032,LOC042,2026-04-14T20:58:22,Moderate,52,70,50,Rush Hour,90
TE04115,EDGE0330,LOC036,2025-06-03T14:48:00,Low,78,90,25,Construction,45
TE04116,EDGE0151,LOC056,2025-08-28T20:00:46,Moderate,56,70,38,Event,68
TE04117,EDGE0073,LOC019,2024-07-14T17:49:51,Moderate,55,70,42,Accident,75
TE04118,EDGE0334,LOC038,2026-03-19T12:31:00,Low,88,90,4,Weather-related,7
TE04119,EDGE0218,LOC028,2026-04-20T02:07:15,Low,81,90,20,Construction,36
TE04120,EDGE0118,LOC070,2025-03-17T01:35:52,Low,89,90,2,Construction,3
TE04121,EDGE0198,LOC024,2024-11-28T00:36:01,High,29,45,67,Rush Hour,120
TE04122,EDGE0111,LOC068,2024-05-24T04:33:51,Low,83,90,14,Rush Hour,25
TE04123,EDGE0036,LOC063,2026-03-05T20:30:00,High,30,45,64,Rush Hour,115
TE04124,EDGE0033,LOC046,2026-05-07T04:04:03,Moderate,56,70,39,Accident,70
TE04125,EDGE0173,LOC017,2025-04-30T01:36:49,Low,87,90,6,Construction,10
TE04126,EDGE0084,LOC073,2026-03-20T20:48:35,Moderate,54,70,43,Construction,77
TE04127,EDGE0179,LOC060,2025-06-13T06:32:51,Severe,11,20,83,Rush Hour,149
TE04128,EDGE0091,LOC010,2024-09-05T14:15:06,Low,78,90,26,Accident,46
TE04129,EDGE0003,LOC012,2024-02-06T09:13:33,Low,82,90,17,Rush Hour,30
TE04130,EDGE0331,LOC003,2024-02-13T07:51:36,Severe,10,20,98,Construction,176
TE04131,EDGE0125,LOC039,2026-04-18T18:08:52,High,30,45,66,Weather-related,118
TE04132,EDGE0162,LOC022,2025-02-05T20:40:08,High,27,45,77,Rush Hour,138
TE04133,EDGE0134,LOC024,2025-01-09T21:47:56,Moderate,52,70,50,Rush Hour,90
TE04134,EDGE0135,LOC013,2025-04-17T03:46:56,Severe,10,20,99,Weather-related,178
TE04135,EDGE0201,LOC030,2025-10-18T17:06:31,Moderate,55,70,42,Accident,75
TE04136,EDGE0297,LOC042,2026-02-23T22:00:07,High,30,45,64,Weather-related,115
TE04137,EDGE0305,LOC047,2024-06-20T13:34:21,Severe,11,20,83,Construction,149
TE04138,EDGE0043,LOC075,2024-04-03T02:56:20,High,28,45,73,Event,131
TE04139,EDGE0037,LOC036,2025-08-02T09:39:36,Low,79,90,24,Event,43
TE04140,EDGE0324,LOC023,2025-02-07T12:25:21,Low,85,90,11,Weather-related,19
TE04141,EDGE0204,LOC019,2026-02-27T08:56:53,Moderate,55,70,41,Accident,73
TE04142,EDGE0042,LOC004,2025-07-04T15:43:27,High,28,45,74,Event,133
TE04143,EDGE0229,LOC049,2024-07-11T08:05:02,Moderate,50,70,55,Construction,99
TE04144,EDGE0231,LOC039,2024-03-15T03:36:37,Low,80,90,22,Construction,39
TE04145,EDGE0274,LOC062,2024-07-12T19:00:35,Severe,10,20,96,Accident,172
TE04146,EDGE0249,LOC049,2025-11-28T02:07:25,Low,79,90,23,Event,41
TE04147,EDGE0074,LOC065,2025-04-07T20:47:43,Moderate,53,70,47,Event,84
TE04148,EDGE0101,LOC025,2026-06-08T05:56:02,High,29,45,67,Rush Hour,120
TE04149,EDGE0024,LOC045,2024-01-09T02:22:10,Moderate,49,70,58,Construction,104
TE04150,EDGE0019,LOC058,2025-12-04T22:33:02,Low,81,90,20,Weather-related,36
TE04151,EDGE0057,LOC074,2025-06-10T14:06:04,Moderate,57,70,37,Accident,66
TE04152,EDGE0316,LOC001,2025-01-01T18:20:46,Moderate,57,70,37,Weather-related,66
TE04153,EDGE0190,LOC073,2026-06-22T11:23:21,Severe,11,20,88,Accident,158
TE04154,EDGE0201,LOC031,2026-05-28T14:59:34,Low,83,90,14,Weather-related,25
TE04155,EDGE0082,LOC020,2026-04-08T10:26:31,Severe,10,20,93,Event,167
TE04156,EDGE0095,LOC046,2024-12-29T06:06:31,Low,90,90,0,Rush Hour,0
TE04157,EDGE0328,LOC070,2025-06-28T05:30:54,Low,76,90,29,Rush Hour,52
TE04158,EDGE0164,LOC046,2025-04-09T19:02:40,High,29,45,70,Accident,126
TE04159,EDGE0042,LOC050,2025-03-18T00:15:07,Severe,10,20,94,Accident,169
TE04160,EDGE0174,LOC029,2026-06-08T18:15:15,High,28,45,75,Rush Hour,135
TE04161,EDGE0309,LOC035,2024-08-05T10:30:55,Low,87,90,5,Construction,9
TE04162,EDGE0210,LOC042,2025-08-09T16:23:55,Low,83,90,14,Event,25
TE04163,EDGE0318,LOC036,2026-03-18T06:34:36,Severe,11,20,86,Rush Hour,154
TE04164,EDGE0234,LOC010,2025-01-19T16:26:23,Moderate,53,70,46,Accident,82
TE04165,EDGE0275,LOC017,2024-06-12T11:08:38,Low,81,90,20,Weather-related,36
TE04166,EDGE0369,LOC006,2025-05-24T07:01:14,Low,80,90,22,Event,39
TE04167,EDGE0037,LOC050,2026-03-13T06:43:10,Severe,11,20,90,Accident,162
TE04168,EDGE0312,LOC013,2026-06-23T16:17:30,High,27,45,79,Weather-related,142
TE04169,EDGE0231,LOC009,2024-10-26T02:58:49,Severe,11,20,83,Event,149
TE04170,EDGE0128,LOC015,2025-07-15T05:01:47,Severe,11,20,88,Construction,158
TE04171,EDGE0327,LOC046,2025-12-06T17:53:21,Moderate,53,70,48,Accident,86
TE04172,EDGE0370,LOC014,2024-06-01T05:15:04,Moderate,54,70,44,Accident,79
TE04173,EDGE0008,LOC019,2024-08-15T15:54:04,Low,77,90,27,Construction,48
TE04174,EDGE0110,LOC055,2025-10-23T06:57:10,Moderate,54,70,45,Construction,81
TE04175,EDGE0252,LOC011,2025-10-02T02:26:51,High,28,45,73,Event,131
TE04176,EDGE0083,LOC033,2024-05-07T07:12:42,Severe,10,20,98,Rush Hour,176
TE04177,EDGE0327,LOC018,2024-05-23T07:16:39,Low,79,90,24,Accident,43
TE04178,EDGE0071,LOC055,2024-04-06T14:44:53,High,28,45,73,Accident,131
TE04179,EDGE0359,LOC044,2025-10-22T00:55:31,High,30,45,66,Weather-related,118
TE04180,EDGE0283,LOC071,2024-07-21T01:06:43,Severe,11,20,85,Construction,153
TE04181,EDGE0237,LOC073,2026-01-09T20:00:05,Low,83,90,14,Construction,25
TE04182,EDGE0338,LOC064,2024-11-29T15:44:34,Low,86,90,8,Accident,14
TE04183,EDGE0042,LOC060,2025-11-24T02:12:10,Low,80,90,21,Rush Hour,37
TE04184,EDGE0352,LOC030,2024-05-01T06:45:39,Moderate,51,70,52,Accident,93
TE04185,EDGE0277,LOC039,2025-07-27T16:17:10,Low,84,90,13,Accident,23
TE04186,EDGE0338,LOC013,2026-03-28T12:13:51,Moderate,51,70,54,Accident,97
TE04187,EDGE0124,LOC069,2025-09-17T15:44:47,Low,84,90,13,Construction,23
TE04188,EDGE0102,LOC069,2026-05-18T07:51:15,Moderate,57,70,36,Accident,64
TE04189,EDGE0301,LOC075,2026-03-17T03:40:18,Moderate,56,70,38,Accident,68
TE04190,EDGE0370,LOC013,2025-09-05T06:33:26,Moderate,54,70,44,Construction,79
TE04191,EDGE0329,LOC028,2025-02-13T15:12:50,Moderate,52,70,49,Weather-related,88
TE04192,EDGE0068,LOC013,2026-06-26T16:25:25,Low,81,90,20,Construction,36
TE04193,EDGE0242,LOC041,2026-02-13T21:37:47,Severe,10,20,95,Rush Hour,171
TE04194,EDGE0175,LOC014,2025-10-19T18:19:24,Low,81,90,18,Weather-related,32
TE04195,EDGE0028,LOC031,2025-11-14T15:22:11,Low,87,90,6,Event,10
TE04196,EDGE0129,LOC062,2026-01-30T11:24:49,Moderate,51,70,52,Rush Hour,93
TE04197,EDGE0171,LOC028,2025-10-09T15:59:30,Low,82,90,17,Weather-related,30
TE04198,EDGE0226,LOC065,2024-09-09T23:13:07,Moderate,58,70,33,Event,59
TE04199,EDGE0191,LOC071,2024-08-12T05:36:56,Moderate,49,70,58,Rush Hour,104
TE04200,EDGE0321,LOC033,2026-02-24T17:03:53,Moderate,57,70,35,Rush Hour,63
TE04201,EDGE0361,LOC062,2024-07-16T11:31:31,Low,89,90,2,Rush Hour,3
TE04202,EDGE0029,LOC049,2026-01-23T01:19:36,Moderate,50,70,57,Construction,102
TE04203,EDGE0151,LOC030,2025-12-12T00:46:12,Severe,11,20,84,Event,151
TE04204,EDGE0052,LOC002,2024-07-19T23:49:45,Low,80,90,21,Accident,37
TE04205,EDGE0053,LOC068,2026-03-08T04:56:29,High,31,45,62,Accident,111
TE04206,EDGE0053,LOC008,2026-04-01T23:48:37,Moderate,58,70,32,Weather-related,57
TE04207,EDGE0326,LOC008,2024-07-02T09:31:37,Moderate,54,70,43,Event,77
TE04208,EDGE0161,LOC028,2024-11-26T07:53:18,Moderate,57,70,35,Construction,63
TE04209,EDGE0020,LOC005,2025-12-08T11:44:58,High,29,45,70,Rush Hour,126
TE04210,EDGE0049,LOC074,2026-01-05T07:58:28,Low,81,90,19,Construction,34
TE04211,EDGE0244,LOC043,2024-02-20T15:41:29,Severe,10,20,94,Weather-related,169
TE04212,EDGE0089,LOC039,2024-08-31T15:24:27,Moderate,55,70,41,Event,73
TE04213,EDGE0145,LOC034,2026-05-18T10:01:32,Low,88,90,4,Weather-related,7
TE04214,EDGE0238,LOC011,2025-07-27T17:41:49,Severe,10,20,97,Rush Hour,174
TE04215,EDGE0306,LOC028,2024-07-03T11:55:10,Moderate,50,70,55,Accident,99
TE04216,EDGE0307,LOC038,2025-09-26T18:27:09,Moderate,52,70,49,Event,88
TE04217,EDGE0079,LOC026,2024-06-20T09:37:49,Severe,11,20,90,Construction,162
TE04218,EDGE0272,LOC002,2024-07-06T18:13:37,Low,76,90,29,Accident,52
TE04219,EDGE0128,LOC017,2025-07-28T03:09:48,Severe,11,20,89,Accident,160
TE04220,EDGE0348,LOC044,2026-06-07T04:56:06,Moderate,59,70,31,Weather-related,55
TE04221,EDGE0126,LOC071,2025-03-25T20:43:09,Moderate,56,70,40,Weather-related,72
TE04222,EDGE0327,LOC037,2024-03-03T13:49:37,Low,84,90,12,Rush Hour,21
TE04223,EDGE0129,LOC066,2026-03-23T02:33:28,Low,77,90,28,Weather-related,50
TE04224,EDGE0272,LOC062,2024-08-26T03:36:23,Low,79,90,24,Event,43
TE04225,EDGE0176,LOC066,2024-07-01T21:44:52,Moderate,53,70,47,Accident,84
TE04226,EDGE0058,LOC049,2025-07-31T01:18:24,Low,88,90,4,Weather-related,7
TE04227,EDGE0074,LOC067,2025-04-18T16:24:45,High,29,45,67,Accident,120
TE04228,EDGE0141,LOC033,2025-08-04T16:52:18,Moderate,51,70,54,Event,97
TE04229,EDGE0019,LOC022,2025-04-16T02:21:19,High,27,45,76,Accident,136
TE04230,EDGE0315,LOC003,2025-04-01T16:25:01,Moderate,54,70,43,Weather-related,77
TE04231,EDGE0067,LOC039,2026-01-24T20:37:02,Severe,11,20,87,Rush Hour,156
TE04232,EDGE0080,LOC055,2024-02-13T11:05:14,Low,77,90,27,Accident,48
TE04233,EDGE0063,LOC059,2024-08-09T22:33:25,Moderate,54,70,43,Accident,77
TE04234,EDGE0092,LOC073,2024-08-08T19:21:21,High,29,45,71,Accident,127
TE04235,EDGE0068,LOC019,2025-10-17T04:14:22,Moderate,54,70,45,Weather-related,81
TE04236,EDGE0004,LOC049,2024-03-16T13:50:32,Low,80,90,21,Accident,37
TE04237,EDGE0357,LOC046,2025-04-19T01:20:13,High,29,45,71,Construction,127
TE04238,EDGE0289,LOC029,2025-03-16T08:59:10,Moderate,57,70,36,Rush Hour,64
TE04239,EDGE0247,LOC062,2024-11-30T21:27:33,Low,78,90,25,Event,45
TE04240,EDGE0141,LOC029,2024-10-11T09:36:36,Low,85,90,10,Event,18
TE04241,EDGE0040,LOC058,2026-01-29T07:32:54,High,27,45,77,Event,138
TE04242,EDGE0236,LOC018,2024-01-04T05:45:45,High,27,45,76,Construction,136
TE04243,EDGE0269,LOC028,2024-07-09T00:42:53,Low,77,90,27,Weather-related,48
TE04244,EDGE0356,LOC003,2026-04-30T13:40:12,Moderate,51,70,54,Accident,97
TE04245,EDGE0012,LOC022,2025-06-25T14:34:29,Severe,10,20,91,Construction,163
TE04246,EDGE0320,LOC065,2024-04-14T22:59:18,Low,83,90,14,Weather-related,25
TE04247,EDGE0025,LOC044,2024-03-10T09:53:00,Moderate,56,70,39,Weather-related,70
TE04248,EDGE0326,LOC007,2025-10-10T16:19:48,High,27,45,80,Event,144
TE04249,EDGE0031,LOC023,2026-01-17T11:33:27,Low,78,90,25,Construction,45
TE04250,EDGE0081,LOC055,2026-06-09T05:11:29,Moderate,49,70,59,Construction,106
TE04251,EDGE0323,LOC036,2025-04-26T02:31:22,Moderate,50,70,56,Rush Hour,100
TE04252,EDGE0295,LOC042,2026-05-28T21:12:35,Severe,11,20,82,Construction,147
TE04253,EDGE0162,LOC016,2025-12-03T17:44:27,Moderate,52,70,49,Weather-related,88
TE04254,EDGE0201,LOC059,2025-06-08T18:57:48,Low,89,90,2,Weather-related,3
TE04255,EDGE0325,LOC039,2025-08-09T02:58:24,Low,83,90,15,Accident,27
TE04256,EDGE0315,LOC069,2026-01-08T05:46:01,Low,82,90,16,Event,28
TE04257,EDGE0153,LOC045,2024-07-25T07:30:03,Low,84,90,13,Accident,23
TE04258,EDGE0162,LOC070,2024-08-03T04:29:06,Moderate,50,70,56,Construction,100
TE04259,EDGE0217,LOC068,2026-02-23T02:57:38,High,27,45,79,Construction,142
TE04260,EDGE0072,LOC029,2025-12-17T00:56:44,Moderate,55,70,41,Construction,73
TE04261,EDGE0248,LOC037,2025-11-29T22:35:00,Moderate,54,70,44,Rush Hour,79
TE04262,EDGE0323,LOC058,2025-11-28T14:43:11,Moderate,50,70,57,Event,102
TE04263,EDGE0005,LOC072,2024-08-19T10:28:24,Low,89,90,1,Rush Hour,1
TE04264,EDGE0084,LOC030,2025-05-20T04:56:31,Severe,11,20,81,Construction,145
TE04265,EDGE0251,LOC033,2024-05-18T17:54:13,Moderate,57,70,35,Rush Hour,63
TE04266,EDGE0190,LOC075,2025-09-28T08:03:03,Severe,11,20,87,Event,156
TE04267,EDGE0157,LOC065,2025-08-24T13:10:18,High,30,45,64,Event,115
TE04268,EDGE0224,LOC017,2024-12-27T16:14:37,High,30,45,65,Weather-related,117
TE04269,EDGE0100,LOC021,2025-09-06T05:28:24,Low,86,90,7,Event,12
TE04270,EDGE0051,LOC005,2025-06-10T14:45:25,Low,79,90,23,Event,41
TE04271,EDGE0143,LOC033,2026-04-20T09:44:06,High,29,45,68,Rush Hour,122
TE04272,EDGE0176,LOC001,2024-03-12T04:16:57,Severe,10,20,96,Event,172
TE04273,EDGE0242,LOC020,2025-11-19T07:49:25,Moderate,53,70,46,Accident,82
TE04274,EDGE0036,LOC032,2025-03-06T21:17:35,Moderate,53,70,46,Construction,82
TE04275,EDGE0169,LOC073,2024-05-17T12:38:00,High,29,45,70,Rush Hour,126
TE04276,EDGE0128,LOC074,2024-09-14T06:33:59,Severe,11,20,87,Rush Hour,156
TE04277,EDGE0364,LOC041,2024-02-08T12:45:48,High,30,45,66,Accident,118
TE04278,EDGE0195,LOC056,2026-06-07T13:30:41,High,27,45,80,Event,144
TE04279,EDGE0273,LOC034,2025-04-24T18:41:27,High,28,45,72,Accident,129
TE04280,EDGE0052,LOC019,2026-05-21T13:14:58,Low,85,90,10,Rush Hour,18
TE04281,EDGE0070,LOC044,2024-07-11T06:54:46,Low,86,90,8,Rush Hour,14
TE04282,EDGE0090,LOC045,2026-05-18T22:11:05,Moderate,55,70,42,Event,75
TE04283,EDGE0208,LOC029,2024-05-12T06:41:52,High,28,45,73,Event,131
TE04284,EDGE0358,LOC030,2024-10-25T22:11:18,Severe,10,20,94,Rush Hour,169
TE04285,EDGE0289,LOC015,2026-04-21T17:02:52,Severe,11,20,81,Construction,145
TE04286,EDGE0325,LOC074,2026-06-15T02:44:05,High,30,45,63,Event,113
TE04287,EDGE0180,LOC072,2024-03-23T03:17:59,Severe,11,20,90,Construction,162
TE04288,EDGE0241,LOC052,2026-06-04T20:15:05,Low,81,90,18,Event,32
TE04289,EDGE0279,LOC013,2026-03-21T12:23:28,High,29,45,67,Weather-related,120
TE04290,EDGE0320,LOC059,2024-10-21T05:11:23,Low,84,90,12,Weather-related,21
TE04291,EDGE0273,LOC027,2026-01-09T04:26:25,Severe,10,20,98,Construction,176
TE04292,EDGE0026,LOC073,2026-02-19T19:43:57,High,27,45,79,Weather-related,142
TE04293,EDGE0020,LOC047,2024-01-29T23:50:49,Moderate,57,70,37,Accident,66
TE04294,EDGE0209,LOC048,2024-07-05T20:28:54,Severe,11,20,84,Rush Hour,151
TE04295,EDGE0106,LOC019,2026-04-06T05:09:25,Moderate,52,70,49,Rush Hour,88
TE04296,EDGE0306,LOC062,2024-10-06T05:19:10,Severe,10,20,97,Construction,174
TE04297,EDGE0164,LOC061,2024-01-30T11:23:11,Severe,10,20,93,Accident,167
TE04298,EDGE0175,LOC051,2025-03-03T03:20:45,Moderate,54,70,43,Event,77
TE04299,EDGE0160,LOC009,2024-11-15T16:57:59,High,30,45,65,Event,117
TE04300,EDGE0004,LOC018,2025-01-16T00:57:02,Moderate,52,70,51,Rush Hour,91
TE04301,EDGE0363,LOC069,2026-06-19T07:17:33,Moderate,50,70,55,Weather-related,99
TE04302,EDGE0173,LOC025,2025-11-21T02:04:30,Moderate,53,70,47,Construction,84
TE04303,EDGE0076,LOC066,2024-05-11T11:54:14,Moderate,52,70,49,Rush Hour,88
TE04304,EDGE0165,LOC016,2026-04-08T19:57:25,Low,80,90,22,Accident,39
TE04305,EDGE0334,LOC008,2025-05-12T18:32:22,Moderate,53,70,47,Rush Hour,84
TE04306,EDGE0347,LOC006,2025-09-16T04:06:36,Severe,10,20,97,Construction,174
TE04307,EDGE0371,LOC058,2024-03-10T21:06:42,Severe,10,20,92,Rush Hour,165
TE04308,EDGE0078,LOC057,2026-02-02T11:26:34,Low,78,90,25,Weather-related,45
TE04309,EDGE0200,LOC063,2024-02-06T03:19:00,High,29,45,70,Rush Hour,126
TE04310,EDGE0112,LOC072,2025-06-12T02:29:56,Low,77,90,28,Construction,50
TE04311,EDGE0316,LOC065,2025-11-09T21:11:25,Low,81,90,20,Weather-related,36
TE04312,EDGE0225,LOC014,2024-10-07T09:49:34,Low,82,90,17,Construction,30
TE04313,EDGE0271,LOC034,2025-10-06T13:57:04,Moderate,49,70,60,Event,108
TE04314,EDGE0344,LOC053,2024-02-07T08:54:27,Low,87,90,6,Event,10
TE04315,EDGE0283,LOC011,2026-03-31T01:36:14,High,30,45,64,Weather-related,115
TE04316,EDGE0244,LOC036,2025-05-08T00:52:29,High,30,45,65,Weather-related,117
TE04317,EDGE0214,LOC017,2025-08-16T10:24:06,Low,76,90,29,Event,52
TE04318,EDGE0198,LOC063,2025-02-03T12:16:59,Moderate,49,70,59,Construction,106
TE04319,EDGE0090,LOC014,2024-05-21T09:39:40,Low,83,90,15,Accident,27
TE04320,EDGE0282,LOC018,2024-06-27T02:15:40,Moderate,50,70,55,Rush Hour,99
TE04321,EDGE0153,LOC041,2024-06-03T07:25:34,Moderate,55,70,42,Weather-related,75
TE04322,EDGE0234,LOC050,2026-04-21T14:59:43,High,27,45,80,Event,144
TE04323,EDGE0014,LOC035,2024-09-18T05:18:35,Low,85,90,10,Rush Hour,18
TE04324,EDGE0007,LOC062,2025-03-19T06:41:00,Low,81,90,19,Construction,34
TE04325,EDGE0230,LOC056,2024-08-11T17:59:10,Low,78,90,25,Construction,45
TE04326,EDGE0141,LOC031,2024-10-10T18:23:28,High,29,45,68,Accident,122
TE04327,EDGE0330,LOC005,2025-01-31T23:45:47,Low,77,90,27,Construction,48
TE04328,EDGE0233,LOC062,2024-05-19T05:35:42,Moderate,50,70,57,Rush Hour,102
TE04329,EDGE0036,LOC058,2024-08-27T14:00:47,Moderate,52,70,51,Event,91
TE04330,EDGE0232,LOC063,2025-04-21T14:07:02,Severe,10,20,91,Accident,163
TE04331,EDGE0264,LOC029,2025-09-24T16:21:57,Low,82,90,17,Weather-related,30
TE04332,EDGE0303,LOC018,2024-09-19T19:53:58,High,27,45,78,Event,140
TE04333,EDGE0159,LOC050,2024-04-01T12:27:47,Severe,11,20,85,Rush Hour,153
TE04334,EDGE0152,LOC050,2025-05-20T07:42:58,Severe,11,20,89,Construction,160
TE04335,EDGE0191,LOC061,2024-10-08T21:14:19,High,27,45,77,Weather-related,138
TE04336,EDGE0156,LOC024,2024-02-12T05:00:55,Moderate,56,70,40,Event,72
TE04337,EDGE0226,LOC037,2024-03-31T21:06:16,Severe,10,20,97,Weather-related,174
TE04338,EDGE0370,LOC041,2025-04-07T23:09:09,Severe,11,20,88,Accident,158
TE04339,EDGE0329,LOC005,2025-08-28T18:00:22,High,29,45,67,Weather-related,120
TE04340,EDGE0339,LOC057,2024-06-02T09:27:04,Low,77,90,28,Rush Hour,50
TE04341,EDGE0200,LOC006,2025-05-12T04:00:38,Low,79,90,23,Construction,41
TE04342,EDGE0285,LOC031,2024-08-09T07:18:51,High,30,45,64,Rush Hour,115
TE04343,EDGE0118,LOC009,2025-10-03T07:08:59,Severe,10,20,96,Rush Hour,172
TE04344,EDGE0340,LOC026,2025-05-18T15:42:55,High,27,45,79,Weather-related,142
TE04345,EDGE0209,LOC057,2025-02-04T16:29:14,High,30,45,63,Event,113
TE04346,EDGE0033,LOC002,2025-08-06T08:08:42,Moderate,54,70,44,Accident,79
TE04347,EDGE0046,LOC009,2024-07-06T21:56:57,High,29,45,68,Construction,122
TE04348,EDGE0290,LOC018,2024-03-21T14:09:23,Low,82,90,16,Rush Hour,28
TE04349,EDGE0013,LOC061,2024-11-10T15:57:50,Moderate,58,70,32,Rush Hour,57
TE04350,EDGE0124,LOC060,2025-01-07T05:47:29,Severe,11,20,84,Weather-related,151
TE04351,EDGE0357,LOC054,2026-06-29T08:44:51,High,27,45,79,Rush Hour,142
TE04352,EDGE0064,LOC043,2025-01-02T09:01:40,High,30,45,66,Construction,118
TE04353,EDGE0146,LOC057,2026-02-04T19:36:20,Low,82,90,17,Event,30
TE04354,EDGE0124,LOC006,2026-03-01T02:46:31,High,27,45,76,Weather-related,136
TE04355,EDGE0158,LOC038,2026-02-22T14:11:14,Severe,11,20,81,Rush Hour,145
TE04356,EDGE0168,LOC046,2025-08-21T03:39:18,High,27,45,80,Accident,144
TE04357,EDGE0129,LOC061,2024-06-27T18:32:40,Moderate,50,70,56,Accident,100
TE04358,EDGE0111,LOC057,2025-02-22T07:46:00,Low,90,90,0,Weather-related,0
TE04359,EDGE0287,LOC050,2024-04-04T04:31:26,Severe,10,20,94,Construction,169
TE04360,EDGE0263,LOC010,2025-05-09T12:26:34,Low,88,90,4,Event,7
TE04361,EDGE0297,LOC035,2025-12-23T01:52:38,Moderate,58,70,33,Rush Hour,59
TE04362,EDGE0312,LOC009,2026-05-09T05:50:55,Low,86,90,8,Weather-related,14
TE04363,EDGE0153,LOC057,2025-09-24T08:54:38,Moderate,53,70,48,Construction,86
TE04364,EDGE0347,LOC038,2024-04-11T16:27:32,High,28,45,72,Rush Hour,129
TE04365,EDGE0198,LOC044,2026-01-22T03:13:20,Moderate,53,70,47,Event,84
TE04366,EDGE0082,LOC047,2024-02-14T21:42:36,Severe,10,20,96,Weather-related,172
TE04367,EDGE0116,LOC012,2025-09-25T00:28:10,Moderate,56,70,40,Accident,72
TE04368,EDGE0145,LOC013,2024-12-29T02:28:32,Low,83,90,15,Weather-related,27
TE04369,EDGE0130,LOC075,2024-01-29T22:18:34,Low,84,90,13,Weather-related,23
TE04370,EDGE0042,LOC033,2025-02-22T03:00:08,Moderate,58,70,33,Rush Hour,59
TE04371,EDGE0255,LOC040,2026-05-10T17:25:22,High,31,45,61,Construction,109
TE04372,EDGE0181,LOC059,2026-06-29T14:06:07,Moderate,52,70,51,Construction,91
TE04373,EDGE0173,LOC022,2024-06-06T16:32:43,Severe,10,20,95,Rush Hour,171
TE04374,EDGE0209,LOC004,2025-01-17T15:19:46,Low,76,90,29,Rush Hour,52
TE04375,EDGE0083,LOC069,2026-05-11T16:59:33,Severe,11,20,84,Weather-related,151
TE04376,EDGE0139,LOC033,2024-07-14T01:38:20,High,28,45,73,Construction,131
TE04377,EDGE0292,LOC027,2025-04-18T04:47:23,Moderate,55,70,42,Construction,75
TE04378,EDGE0057,LOC072,2026-06-01T17:43:58,Moderate,54,70,45,Accident,81
TE04379,EDGE0345,LOC070,2025-09-23T20:35:13,Low,84,90,12,Construction,21
TE04380,EDGE0030,LOC036,2025-11-23T19:25:25,High,27,45,80,Construction,144
TE04381,EDGE0262,LOC020,2024-05-10T08:19:48,Low,80,90,21,Weather-related,37
TE04382,EDGE0264,LOC070,2026-02-16T09:28:16,Low,81,90,18,Accident,32
TE04383,EDGE0225,LOC063,2024-11-12T01:25:23,Low,81,90,19,Weather-related,34
TE04384,EDGE0118,LOC059,2024-08-09T03:49:39,Moderate,55,70,41,Rush Hour,73
TE04385,EDGE0029,LOC050,2025-08-02T21:49:38,Low,82,90,16,Accident,28
TE04386,EDGE0270,LOC054,2026-04-19T13:03:15,High,28,45,74,Weather-related,133
TE04387,EDGE0178,LOC045,2024-09-18T06:30:55,High,31,45,61,Event,109
TE04388,EDGE0316,LOC061,2025-01-15T20:16:57,Severe,10,20,97,Construction,174
TE04389,EDGE0314,LOC032,2026-04-15T00:46:50,Low,87,90,5,Rush Hour,9
TE04390,EDGE0127,LOC047,2025-10-20T06:38:11,High,28,45,73,Rush Hour,131
TE04391,EDGE0171,LOC039,2026-05-12T09:34:33,Severe,11,20,83,Accident,149
TE04392,EDGE0225,LOC041,2025-12-02T18:09:45,Moderate,56,70,38,Weather-related,68
TE04393,EDGE0132,LOC039,2024-03-05T22:07:18,Moderate,53,70,48,Event,86
TE04394,EDGE0111,LOC057,2024-01-02T13:19:19,Low,81,90,20,Event,36
TE04395,EDGE0023,LOC057,2025-12-22T19:29:02,High,29,45,70,Construction,126
TE04396,EDGE0173,LOC028,2025-03-25T08:00:04,High,27,45,80,Construction,144
TE04397,EDGE0025,LOC030,2024-09-17T00:26:28,Moderate,54,70,43,Event,77
TE04398,EDGE0188,LOC027,2024-01-01T20:14:31,Low,89,90,2,Event,3
TE04399,EDGE0060,LOC037,2024-04-03T11:29:15,Low,89,90,1,Event,1
TE04400,EDGE0359,LOC013,2026-01-19T01:12:24,Low,84,90,12,Construction,21
TE04401,EDGE0205,LOC016,2025-02-28T13:28:19,Severe,10,20,93,Rush Hour,167
TE04402,EDGE0146,LOC017,2025-01-24T17:49:05,Low,80,90,22,Rush Hour,39
TE04403,EDGE0175,LOC042,2025-08-13T13:09:00,High,27,45,77,Rush Hour,138
TE04404,EDGE0191,LOC013,2025-06-29T21:48:34,Low,79,90,23,Rush Hour,41
TE04405,EDGE0046,LOC043,2024-11-26T12:02:56,Low,84,90,13,Weather-related,23
TE04406,EDGE0296,LOC009,2026-06-28T00:18:53,Moderate,58,70,34,Rush Hour,61
TE04407,EDGE0138,LOC011,2026-03-03T18:25:21,Severe,10,20,96,Weather-related,172
TE04408,EDGE0266,LOC074,2025-03-13T00:02:42,High,29,45,68,Accident,122
TE04409,EDGE0351,LOC044,2024-03-11T15:47:37,Low,77,90,28,Weather-related,50
TE04410,EDGE0004,LOC043,2024-09-07T18:02:09,Moderate,55,70,42,Weather-related,75
TE04411,EDGE0120,LOC003,2026-04-09T16:17:30,Low,77,90,27,Rush Hour,48
TE04412,EDGE0258,LOC049,2026-05-24T17:12:10,Low,81,90,18,Construction,32
TE04413,EDGE0125,LOC037,2024-04-18T15:22:26,Low,89,90,1,Weather-related,1
TE04414,EDGE0171,LOC040,2025-04-12T00:36:36,Moderate,58,70,33,Accident,59
TE04415,EDGE0364,LOC027,2024-05-19T08:49:17,Low,87,90,5,Rush Hour,9
TE04416,EDGE0229,LOC026,2025-09-06T02:02:05,Moderate,54,70,43,Event,77
TE04417,EDGE0024,LOC048,2024-07-10T00:54:48,Moderate,52,70,51,Event,91
TE04418,EDGE0035,LOC052,2024-08-04T22:32:21,Low,86,90,8,Rush Hour,14
TE04419,EDGE0240,LOC026,2026-05-14T11:02:37,Low,84,90,13,Event,23
TE04420,EDGE0094,LOC030,2025-03-10T02:57:37,Low,79,90,23,Accident,41
TE04421,EDGE0204,LOC059,2025-11-02T00:43:36,High,27,45,77,Weather-related,138
TE04422,EDGE0274,LOC035,2024-11-23T13:03:51,Low,78,90,25,Rush Hour,45
TE04423,EDGE0058,LOC031,2026-02-23T05:03:46,Low,84,90,13,Event,23
TE04424,EDGE0212,LOC023,2025-05-09T11:13:51,Low,81,90,19,Rush Hour,34
TE04425,EDGE0160,LOC013,2025-06-16T06:22:05,High,30,45,66,Weather-related,118
TE04426,EDGE0364,LOC015,2025-02-10T00:13:36,Moderate,50,70,57,Construction,102
TE04427,EDGE0049,LOC055,2025-12-04T06:33:12,Low,81,90,19,Weather-related,34
TE04428,EDGE0340,LOC013,2025-02-28T02:40:03,Low,88,90,3,Weather-related,5
TE04429,EDGE0199,LOC070,2025-01-17T00:52:15,Low,88,90,4,Construction,7
TE04430,EDGE0163,LOC020,2025-05-14T15:32:35,High,29,45,68,Event,122
TE04431,EDGE0016,LOC002,2025-06-14T16:52:56,Low,77,90,27,Accident,48
TE04432,EDGE0129,LOC060,2024-11-23T04:37:40,Severe,11,20,88,Event,158
TE04433,EDGE0297,LOC050,2025-12-15T06:33:42,Severe,10,20,99,Weather-related,178
TE04434,EDGE0089,LOC005,2025-05-25T05:46:25,Moderate,52,70,49,Rush Hour,88
TE04435,EDGE0145,LOC014,2024-01-25T15:50:54,High,30,45,64,Weather-related,115
TE04436,EDGE0157,LOC019,2024-07-26T17:39:25,Low,83,90,15,Weather-related,27
TE04437,EDGE0024,LOC042,2024-01-04T04:20:12,Low,79,90,24,Accident,43
TE04438,EDGE0065,LOC067,2026-01-10T06:17:13,Severe,11,20,88,Weather-related,158
TE04439,EDGE0108,LOC041,2024-01-07T15:32:30,Low,87,90,6,Construction,10
TE04440,EDGE0011,LOC056,2024-01-15T21:06:59,Severe,10,20,98,Rush Hour,176
TE04441,EDGE0171,LOC012,2024-09-26T13:53:30,Low,82,90,16,Rush Hour,28
TE04442,EDGE0314,LOC030,2025-10-03T19:50:03,Low,79,90,23,Accident,41
TE04443,EDGE0040,LOC007,2026-05-13T09:22:38,Low,83,90,15,Weather-related,27
TE04444,EDGE0292,LOC033,2026-01-29T14:22:23,High,27,45,78,Event,140
TE04445,EDGE0320,LOC003,2025-09-02T04:18:46,Severe,10,20,100,Weather-related,180
TE04446,EDGE0289,LOC009,2026-04-15T22:59:41,Severe,10,20,94,Weather-related,169
TE04447,EDGE0024,LOC057,2024-05-06T01:26:45,Moderate,55,70,42,Event,75
TE04448,EDGE0220,LOC038,2024-04-30T10:16:16,Moderate,58,70,32,Event,57
TE04449,EDGE0156,LOC060,2026-04-16T18:18:09,Moderate,53,70,48,Rush Hour,86
TE04450,EDGE0257,LOC074,2024-02-18T01:48:25,High,29,45,69,Accident,124
TE04451,EDGE0083,LOC071,2025-11-22T13:23:34,Severe,11,20,83,Rush Hour,149
TE04452,EDGE0061,LOC027,2024-07-10T17:16:00,High,31,45,61,Construction,109
TE04453,EDGE0277,LOC066,2025-07-02T08:35:50,High,27,45,80,Accident,144
TE04454,EDGE0223,LOC036,2025-08-07T16:19:51,High,30,45,63,Event,113
TE04455,EDGE0258,LOC025,2025-07-10T01:55:48,Severe,10,20,98,Weather-related,176
TE04456,EDGE0229,LOC022,2025-08-23T19:07:25,Moderate,57,70,37,Event,66
TE04457,EDGE0159,LOC057,2024-10-02T05:59:47,High,31,45,61,Weather-related,109
TE04458,EDGE0021,LOC043,2024-01-14T02:20:40,Moderate,50,70,56,Accident,100
TE04459,EDGE0371,LOC049,2024-07-12T19:32:02,Low,85,90,10,Accident,18
TE04460,EDGE0017,LOC075,2025-12-19T18:25:40,High,29,45,70,Accident,126
TE04461,EDGE0272,LOC015,2025-07-29T12:31:09,Moderate,54,70,44,Accident,79
TE04462,EDGE0255,LOC013,2024-10-26T19:13:14,Severe,11,20,81,Rush Hour,145
TE04463,EDGE0347,LOC052,2025-11-21T15:03:23,Low,80,90,21,Weather-related,37
TE04464,EDGE0024,LOC050,2024-01-15T13:05:21,Low,81,90,20,Accident,36
TE04465,EDGE0074,LOC017,2024-12-10T02:53:33,High,27,45,79,Rush Hour,142
TE04466,EDGE0092,LOC020,2024-01-31T17:30:50,Low,87,90,6,Event,10
TE04467,EDGE0337,LOC009,2025-03-12T17:27:11,Moderate,51,70,52,Construction,93
TE04468,EDGE0267,LOC020,2025-07-09T20:32:04,Low,79,90,23,Construction,41
TE04469,EDGE0312,LOC024,2024-10-24T12:04:22,Severe,11,20,85,Accident,153
TE04470,EDGE0350,LOC033,2024-05-19T18:11:41,Low,85,90,10,Accident,18
TE04471,EDGE0178,LOC072,2025-04-15T23:18:53,Low,82,90,17,Accident,30
TE04472,EDGE0369,LOC048,2024-12-09T12:58:59,Low,76,90,29,Rush Hour,52
TE04473,EDGE0027,LOC015,2024-12-29T21:46:08,Severe,10,20,96,Weather-related,172
TE04474,EDGE0326,LOC052,2026-02-06T02:31:17,Low,76,90,29,Rush Hour,52
TE04475,EDGE0154,LOC040,2025-07-17T21:35:25,Severe,11,20,87,Accident,156
TE04476,EDGE0027,LOC017,2024-02-27T03:51:21,Moderate,56,70,39,Construction,70
TE04477,EDGE0146,LOC006,2025-03-12T03:21:20,Moderate,56,70,38,Weather-related,68
TE04478,EDGE0073,LOC027,2026-02-04T14:19:39,Low,79,90,23,Rush Hour,41
TE04479,EDGE0032,LOC010,2024-11-20T19:18:11,Low,85,90,9,Construction,16
TE04480,EDGE0182,LOC072,2024-01-12T02:01:37,Severe,11,20,83,Accident,149
TE04481,EDGE0041,LOC006,2024-10-31T14:38:43,Low,89,90,1,Construction,1
TE04482,EDGE0149,LOC033,2025-09-07T07:09:47,Moderate,59,70,31,Rush Hour,55
TE04483,EDGE0254,LOC025,2024-06-21T08:23:10,Low,86,90,8,Weather-related,14
TE04484,EDGE0164,LOC015,2025-03-06T20:15:58,Severe,11,20,87,Event,156
TE04485,EDGE0350,LOC013,2026-06-03T01:40:08,Moderate,50,70,56,Construction,100
TE04486,EDGE0174,LOC069,2026-02-16T05:29:30,Severe,10,20,91,Accident,163
TE04487,EDGE0192,LOC029,2026-02-06T10:04:37,High,30,45,65,Weather-related,117
TE04488,EDGE0131,LOC021,2024-09-21T19:50:48,Low,90,90,0,Event,0
TE04489,EDGE0002,LOC057,2026-05-07T04:02:34,Severe,10,20,96,Weather-related,172
TE04490,EDGE0148,LOC001,2024-10-28T00:16:43,Low,85,90,10,Construction,18
TE04491,EDGE0353,LOC059,2026-05-28T19:05:14,Severe,11,20,82,Accident,147
TE04492,EDGE0248,LOC074,2026-05-27T21:57:18,Moderate,51,70,53,Accident,95
TE04493,EDGE0109,LOC072,2024-09-29T16:11:22,High,31,45,61,Accident,109
TE04494,EDGE0096,LOC023,2024-04-11T12:49:14,Low,89,90,2,Weather-related,3
TE04495,EDGE0351,LOC063,2024-07-18T05:22:19,Low,76,90,30,Weather-related,54
TE04496,EDGE0030,LOC059,2024-04-11T01:12:52,Moderate,56,70,39,Event,70
TE04497,EDGE0170,LOC061,2024-07-16T22:58:07,High,30,45,65,Event,117
TE04498,EDGE0090,LOC067,2025-02-07T07:30:07,Severe,11,20,88,Construction,158
TE04499,EDGE0278,LOC014,2026-06-04T07:32:04,Severe,10,20,97,Construction,174
TE04500,EDGE0317,LOC015,2024-12-20T03:09:27,Moderate,56,70,40,Construction,72
TE04501,EDGE0059,LOC025,2026-03-23T13:50:03,High,30,45,63,Weather-related,113
TE04502,EDGE0025,LOC062,2025-03-02T03:41:17,Moderate,57,70,35,Event,63
TE04503,EDGE0325,LOC036,2024-10-25T00:44:38,Moderate,57,70,35,Weather-related,63
TE04504,EDGE0208,LOC067,2024-02-05T21:52:58,High,30,45,66,Event,118
TE04505,EDGE0168,LOC010,2026-04-07T21:29:59,Low,83,90,15,Weather-related,27
TE04506,EDGE0225,LOC041,2025-01-27T21:34:51,Severe,10,20,91,Construction,163
TE04507,EDGE0227,LOC008,2026-05-20T02:38:13,Low,78,90,25,Weather-related,45
TE04508,EDGE0260,LOC016,2025-12-06T03:35:33,Low,77,90,28,Accident,50
TE04509,EDGE0249,LOC005,2024-01-04T00:53:10,Low,83,90,15,Rush Hour,27
TE04510,EDGE0015,LOC057,2025-10-25T11:58:54,Low,80,90,22,Construction,39
TE04511,EDGE0052,LOC063,2024-03-21T13:35:06,Moderate,55,70,42,Rush Hour,75
TE04512,EDGE0090,LOC063,2025-05-16T18:17:07,Low,77,90,27,Construction,48
TE04513,EDGE0219,LOC029,2025-11-02T22:33:52,High,30,45,65,Accident,117
TE04514,EDGE0269,LOC041,2025-09-24T01:25:58,Moderate,49,70,58,Event,104
TE04515,EDGE0179,LOC006,2025-03-01T16:47:15,Low,84,90,13,Rush Hour,23
TE04516,EDGE0076,LOC070,2024-07-08T01:57:52,Moderate,55,70,42,Weather-related,75
TE04517,EDGE0268,LOC041,2026-03-16T03:26:53,High,29,45,70,Weather-related,126
TE04518,EDGE0258,LOC073,2025-12-25T19:36:50,Low,85,90,9,Construction,16
TE04519,EDGE0228,LOC055,2026-02-08T20:21:52,Low,79,90,23,Weather-related,41
TE04520,EDGE0341,LOC018,2025-07-15T12:38:49,Severe,11,20,86,Accident,154
TE04521,EDGE0313,LOC006,2026-03-14T12:44:07,Moderate,58,70,34,Rush Hour,61
TE04522,EDGE0343,LOC045,2024-03-08T12:28:49,High,30,45,66,Weather-related,118
TE04523,EDGE0314,LOC022,2024-12-14T19:45:50,Severe,10,20,100,Weather-related,180
TE04524,EDGE0033,LOC031,2024-03-13T22:58:08,Low,85,90,10,Accident,18
TE04525,EDGE0095,LOC003,2025-03-07T18:05:39,Low,86,90,7,Event,12
TE04526,EDGE0273,LOC053,2025-10-14T13:02:56,Low,84,90,13,Weather-related,23
TE04527,EDGE0302,LOC024,2026-04-07T01:41:38,Low,80,90,22,Accident,39
TE04528,EDGE0219,LOC016,2025-11-28T06:46:10,High,30,45,64,Event,115
TE04529,EDGE0029,LOC071,2025-05-06T06:21:18,Low,88,90,4,Accident,7
TE04530,EDGE0285,LOC014,2024-01-09T00:21:07,Moderate,49,70,58,Construction,104
TE04531,EDGE0019,LOC006,2025-08-31T17:33:29,Low,81,90,19,Construction,34
TE04532,EDGE0279,LOC037,2024-10-29T07:31:02,Low,77,90,27,Construction,48
TE04533,EDGE0327,LOC068,2025-06-03T22:44:14,Low,89,90,2,Rush Hour,3
TE04534,EDGE0110,LOC067,2024-05-07T02:03:24,Low,82,90,16,Accident,28
TE04535,EDGE0086,LOC067,2026-06-07T06:58:49,Moderate,52,70,51,Event,91
TE04536,EDGE0354,LOC068,2024-02-09T09:56:03,Low,83,90,15,Accident,27
TE04537,EDGE0190,LOC033,2024-12-16T12:01:17,High,29,45,67,Rush Hour,120
TE04538,EDGE0337,LOC023,2025-10-20T09:09:51,Low,79,90,24,Rush Hour,43
TE04539,EDGE0244,LOC021,2024-04-25T15:20:16,Low,80,90,22,Accident,39
TE04540,EDGE0343,LOC067,2025-01-23T08:05:06,Moderate,56,70,38,Event,68
TE04541,EDGE0260,LOC066,2024-11-01T20:05:59,Severe,10,20,94,Event,169
TE04542,EDGE0093,LOC052,2024-09-12T12:19:03,Moderate,54,70,43,Accident,77
TE04543,EDGE0265,LOC017,2025-05-26T10:23:02,High,27,45,78,Construction,140
TE04544,EDGE0088,LOC041,2025-04-27T19:40:56,Low,88,90,3,Rush Hour,5
TE04545,EDGE0294,LOC041,2024-04-07T14:59:55,Severe,11,20,82,Rush Hour,147
TE04546,EDGE0019,LOC009,2024-05-30T06:12:37,Severe,10,20,91,Rush Hour,163
TE04547,EDGE0079,LOC004,2024-02-13T07:10:17,Severe,11,20,88,Accident,158
TE04548,EDGE0301,LOC065,2026-01-15T14:26:42,Low,79,90,23,Construction,41
TE04549,EDGE0188,LOC071,2025-11-02T00:13:25,Low,89,90,1,Accident,1
TE04550,EDGE0358,LOC054,2024-02-07T07:39:43,High,30,45,65,Event,117
TE04551,EDGE0022,LOC038,2025-06-03T07:42:06,Low,77,90,27,Event,48
TE04552,EDGE0043,LOC043,2025-01-23T23:56:30,Severe,11,20,88,Accident,158
TE04553,EDGE0308,LOC041,2025-01-18T22:33:10,Moderate,57,70,37,Rush Hour,66
TE04554,EDGE0189,LOC037,2024-06-16T12:35:27,Moderate,53,70,48,Accident,86
TE04555,EDGE0253,LOC052,2026-01-05T16:12:45,Moderate,57,70,35,Event,63
TE04556,EDGE0067,LOC006,2025-01-05T06:40:31,High,27,45,76,Rush Hour,136
TE04557,EDGE0325,LOC060,2025-06-13T10:01:05,Low,89,90,2,Construction,3
TE04558,EDGE0012,LOC035,2024-03-25T13:24:14,Moderate,53,70,47,Accident,84
TE04559,EDGE0348,LOC043,2025-06-02T05:04:44,Moderate,49,70,59,Construction,106
TE04560,EDGE0035,LOC073,2026-03-18T06:53:23,Low,76,90,30,Accident,54
TE04561,EDGE0072,LOC052,2025-01-02T18:26:36,Moderate,57,70,36,Accident,64
TE04562,EDGE0339,LOC057,2024-04-23T06:18:46,Moderate,52,70,49,Weather-related,88
TE04563,EDGE0339,LOC070,2025-11-12T05:33:50,Moderate,53,70,46,Construction,82
TE04564,EDGE0338,LOC074,2024-05-28T14:51:50,High,30,45,64,Accident,115
TE04565,EDGE0323,LOC053,2025-11-24T13:05:35,Low,80,90,21,Construction,37
TE04566,EDGE0247,LOC034,2026-06-18T08:14:29,Low,90,90,0,Rush Hour,0
TE04567,EDGE0254,LOC072,2024-07-12T21:51:52,Moderate,55,70,42,Construction,75
TE04568,EDGE0115,LOC017,2024-05-12T20:57:52,High,29,45,71,Construction,127
TE04569,EDGE0352,LOC064,2024-04-04T06:34:23,Moderate,53,70,47,Weather-related,84
TE04570,EDGE0131,LOC038,2024-02-21T19:08:32,Low,85,90,11,Weather-related,19
TE04571,EDGE0303,LOC062,2025-08-09T06:18:37,Severe,10,20,91,Accident,163
TE04572,EDGE0284,LOC015,2025-05-01T15:54:13,Moderate,53,70,47,Weather-related,84
TE04573,EDGE0167,LOC068,2024-04-11T00:25:39,Moderate,57,70,36,Rush Hour,64
TE04574,EDGE0072,LOC036,2024-07-17T02:52:44,Severe,10,20,97,Rush Hour,174
TE04575,EDGE0173,LOC046,2024-04-06T07:36:38,High,27,45,79,Weather-related,142
TE04576,EDGE0008,LOC041,2025-11-17T11:54:44,Moderate,49,70,59,Rush Hour,106
TE04577,EDGE0274,LOC023,2024-03-26T02:40:32,Low,81,90,20,Weather-related,36
TE04578,EDGE0235,LOC005,2025-04-13T07:39:22,Moderate,59,70,31,Rush Hour,55
TE04579,EDGE0001,LOC038,2025-11-01T20:07:28,Moderate,51,70,53,Construction,95
TE04580,EDGE0300,LOC070,2024-04-12T04:50:19,Severe,10,20,92,Accident,165
TE04581,EDGE0093,LOC048,2024-06-07T04:24:26,Severe,11,20,89,Weather-related,160
TE04582,EDGE0169,LOC029,2024-03-27T16:00:01,Moderate,56,70,40,Rush Hour,72
TE04583,EDGE0354,LOC057,2026-05-18T18:39:05,Low,87,90,6,Weather-related,10
TE04584,EDGE0350,LOC012,2024-03-22T02:16:27,Low,79,90,23,Event,41
TE04585,EDGE0054,LOC009,2025-04-03T03:17:38,Low,85,90,11,Rush Hour,19
TE04586,EDGE0247,LOC051,2025-08-15T13:41:28,High,30,45,63,Weather-related,113
TE04587,EDGE0363,LOC007,2025-09-15T23:49:48,Moderate,49,70,59,Accident,106
TE04588,EDGE0115,LOC007,2024-05-28T20:48:38,Moderate,50,70,57,Construction,102
TE04589,EDGE0081,LOC058,2025-09-30T15:13:02,Severe,11,20,85,Weather-related,153
TE04590,EDGE0277,LOC009,2024-12-28T03:02:40,Low,76,90,30,Construction,54
TE04591,EDGE0097,LOC056,2024-01-17T11:26:26,High,31,45,61,Construction,109
TE04592,EDGE0366,LOC029,2025-12-05T08:23:47,Low,86,90,8,Weather-related,14
TE04593,EDGE0220,LOC028,2025-08-19T09:34:33,Low,84,90,12,Rush Hour,21
TE04594,EDGE0369,LOC015,2025-12-22T02:58:09,Low,87,90,5,Event,9
TE04595,EDGE0073,LOC033,2025-10-27T00:56:19,Moderate,50,70,57,Event,102
TE04596,EDGE0018,LOC059,2024-06-06T07:54:53,Low,79,90,24,Construction,43
TE04597,EDGE0130,LOC072,2025-06-11T13:49:11,Low,87,90,5,Rush Hour,9
TE04598,EDGE0062,LOC032,2024-02-10T08:18:33,High,28,45,75,Weather-related,135
TE04599,EDGE0314,LOC040,2025-12-06T09:12:31,Low,90,90,0,Construction,0
TE04600,EDGE0227,LOC010,2026-03-14T11:05:39,Low,85,90,9,Weather-related,16
TE04601,EDGE0186,LOC010,2025-05-24T19:56:48,High,30,45,66,Construction,118
TE04602,EDGE0172,LOC016,2024-10-26T00:13:25,Low,90,90,0,Construction,0
TE04603,EDGE0273,LOC021,2024-06-16T18:46:39,Low,77,90,28,Weather-related,50
TE04604,EDGE0237,LOC009,2024-06-08T12:32:52,Low,79,90,23,Construction,41
TE04605,EDGE0005,LOC055,2024-01-20T02:09:05,Severe,11,20,87,Construction,156
TE04606,EDGE0340,LOC055,2024-04-14T22:14:25,Low,76,90,30,Accident,54
TE04607,EDGE0285,LOC006,2024-10-27T18:28:23,Moderate,55,70,42,Event,75
TE04608,EDGE0368,LOC011,2026-06-09T10:53:50,Moderate,55,70,41,Rush Hour,73
TE04609,EDGE0017,LOC075,2024-07-14T16:56:07,High,30,45,65,Weather-related,117
TE04610,EDGE0030,LOC072,2026-03-01T13:05:34,Moderate,52,70,49,Weather-related,88
TE04611,EDGE0118,LOC059,2025-02-02T03:02:18,Severe,10,20,92,Weather-related,165
TE04612,EDGE0219,LOC040,2025-07-06T01:56:41,High,29,45,70,Weather-related,126
TE04613,EDGE0167,LOC006,2025-10-16T00:16:43,Moderate,51,70,54,Weather-related,97
TE04614,EDGE0353,LOC032,2026-01-17T19:52:00,Moderate,50,70,56,Construction,100
TE04615,EDGE0206,LOC017,2025-11-21T16:47:45,Low,81,90,20,Event,36
TE04616,EDGE0356,LOC019,2024-10-15T19:43:37,Low,82,90,17,Construction,30
TE04617,EDGE0316,LOC037,2025-01-12T17:22:53,Severe,11,20,85,Weather-related,153
TE04618,EDGE0254,LOC052,2024-08-01T20:48:37,Moderate,56,70,39,Accident,70
TE04619,EDGE0139,LOC024,2024-03-09T11:04:41,High,29,45,70,Weather-related,126
TE04620,EDGE0073,LOC039,2024-04-03T23:16:29,Moderate,55,70,41,Weather-related,73
TE04621,EDGE0342,LOC006,2024-07-17T08:17:00,High,29,45,70,Construction,126
TE04622,EDGE0128,LOC050,2025-04-29T03:46:57,Moderate,49,70,59,Accident,106
TE04623,EDGE0307,LOC009,2026-06-27T00:34:14,High,28,45,74,Event,133
TE04624,EDGE0186,LOC046,2025-11-08T01:35:45,Low,89,90,2,Accident,3
TE04625,EDGE0149,LOC057,2026-03-08T02:42:50,Moderate,50,70,57,Rush Hour,102
TE04626,EDGE0279,LOC064,2025-07-09T17:38:58,Moderate,55,70,42,Accident,75
TE04627,EDGE0298,LOC041,2025-04-28T09:56:18,High,30,45,63,Event,113
TE04628,EDGE0163,LOC038,2026-06-25T16:38:33,Severe,11,20,83,Event,149
TE04629,EDGE0095,LOC055,2026-04-20T15:17:58,Low,77,90,27,Construction,48
TE04630,EDGE0180,LOC056,2024-08-14T05:16:54,High,27,45,77,Weather-related,138
TE04631,EDGE0258,LOC010,2024-08-16T23:48:29,Low,77,90,27,Weather-related,48
TE04632,EDGE0052,LOC013,2025-12-30T09:06:52,Severe,11,20,86,Construction,154
TE04633,EDGE0281,LOC053,2025-04-24T12:12:58,Low,89,90,2,Rush Hour,3
TE04634,EDGE0156,LOC047,2025-06-16T16:15:01,Moderate,53,70,47,Construction,84
TE04635,EDGE0200,LOC073,2025-03-28T03:39:01,Severe,10,20,95,Weather-related,171
TE04636,EDGE0189,LOC004,2025-07-26T22:58:43,Low,77,90,27,Rush Hour,48
TE04637,EDGE0129,LOC012,2024-01-13T13:18:46,Moderate,50,70,57,Rush Hour,102
TE04638,EDGE0332,LOC056,2026-03-15T04:31:52,High,30,45,66,Construction,118
TE04639,EDGE0268,LOC039,2024-08-12T15:05:35,Moderate,54,70,43,Construction,77
TE04640,EDGE0273,LOC070,2024-03-30T00:57:24,High,29,45,71,Construction,127
TE04641,EDGE0009,LOC025,2025-01-03T18:26:31,Low,81,90,18,Rush Hour,32
TE04642,EDGE0019,LOC021,2026-02-26T18:21:05,Severe,10,20,99,Accident,178
TE04643,EDGE0297,LOC023,2026-05-19T01:48:16,Severe,11,20,87,Event,156
TE04644,EDGE0188,LOC072,2024-03-25T19:54:26,Severe,10,20,96,Accident,172
TE04645,EDGE0364,LOC069,2025-10-17T15:34:47,High,30,45,66,Event,118
TE04646,EDGE0165,LOC012,2025-06-18T02:23:36,Low,78,90,26,Accident,46
TE04647,EDGE0082,LOC053,2024-10-30T13:18:20,Moderate,56,70,40,Accident,72
TE04648,EDGE0331,LOC061,2024-11-07T06:24:21,Low,89,90,2,Construction,3
TE04649,EDGE0077,LOC012,2024-11-08T15:33:45,Severe,11,20,84,Weather-related,151
TE04650,EDGE0287,LOC021,2024-04-16T06:16:39,Low,82,90,16,Weather-related,28
TE04651,EDGE0348,LOC054,2025-06-14T13:58:43,Severe,11,20,84,Event,151
TE04652,EDGE0364,LOC046,2024-10-21T03:41:14,Low,88,90,3,Event,5
TE04653,EDGE0308,LOC067,2026-01-09T00:18:56,Low,85,90,10,Construction,18
TE04654,EDGE0233,LOC027,2025-12-27T02:01:26,Low,81,90,20,Accident,36
TE04655,EDGE0130,LOC056,2025-05-29T09:59:47,High,30,45,64,Weather-related,115
TE04656,EDGE0296,LOC033,2026-06-17T12:42:56,High,31,45,61,Weather-related,109
TE04657,EDGE0239,LOC048,2026-05-29T09:37:20,Moderate,55,70,42,Accident,75
TE04658,EDGE0036,LOC019,2025-06-05T10:19:47,Moderate,58,70,32,Weather-related,57
TE04659,EDGE0017,LOC034,2025-04-10T11:04:31,High,29,45,70,Weather-related,126
TE04660,EDGE0026,LOC030,2025-10-12T10:05:30,Severe,11,20,86,Weather-related,154
TE04661,EDGE0303,LOC062,2025-05-25T11:48:22,Severe,11,20,90,Rush Hour,162
TE04662,EDGE0046,LOC046,2024-09-09T02:14:11,Low,85,90,9,Rush Hour,16
TE04663,EDGE0361,LOC026,2024-06-11T21:00:46,Low,86,90,7,Event,12
TE04664,EDGE0231,LOC016,2025-12-06T17:36:34,High,27,45,79,Accident,142
TE04665,EDGE0349,LOC038,2024-03-06T13:02:14,High,29,45,70,Rush Hour,126
TE04666,EDGE0101,LOC073,2026-02-09T09:38:08,Low,90,90,0,Rush Hour,0
TE04667,EDGE0339,LOC054,2024-12-06T20:02:38,Moderate,55,70,42,Event,75
TE04668,EDGE0291,LOC065,2024-01-06T17:50:12,Severe,11,20,89,Event,160
TE04669,EDGE0044,LOC072,2024-12-12T10:58:40,High,29,45,70,Weather-related,126
TE04670,EDGE0289,LOC012,2024-12-23T17:14:14,Moderate,55,70,41,Construction,73
TE04671,EDGE0325,LOC036,2025-12-25T17:45:03,Moderate,53,70,47,Rush Hour,84
TE04672,EDGE0083,LOC065,2024-11-27T02:22:46,Severe,11,20,81,Weather-related,145
TE04673,EDGE0104,LOC021,2025-01-06T07:16:32,High,29,45,67,Event,120
TE04674,EDGE0060,LOC071,2026-01-16T19:31:03,Severe,10,20,99,Rush Hour,178
TE04675,EDGE0055,LOC029,2025-05-29T23:46:44,Low,90,90,0,Weather-related,0
TE04676,EDGE0150,LOC033,2025-08-06T23:00:28,Severe,11,20,85,Accident,153
TE04677,EDGE0076,LOC054,2024-11-14T22:44:55,Low,78,90,25,Event,45
TE04678,EDGE0148,LOC027,2025-09-13T20:44:03,Moderate,54,70,45,Accident,81
TE04679,EDGE0306,LOC063,2024-10-13T05:07:59,Low,83,90,15,Event,27
TE04680,EDGE0190,LOC065,2024-01-11T10:44:26,Low,83,90,14,Rush Hour,25
TE04681,EDGE0191,LOC054,2025-07-17T14:48:13,Low,89,90,2,Construction,3
TE04682,EDGE0051,LOC070,2024-01-16T08:48:14,Moderate,54,70,44,Event,79
TE04683,EDGE0213,LOC030,2024-04-24T12:53:48,Low,76,90,30,Event,54
TE04684,EDGE0288,LOC033,2025-07-09T22:58:55,Severe,10,20,93,Rush Hour,167
TE04685,EDGE0071,LOC055,2024-02-16T15:08:12,Low,85,90,11,Rush Hour,19
TE04686,EDGE0227,LOC049,2026-05-11T16:24:07,Low,87,90,5,Accident,9
TE04687,EDGE0119,LOC040,2024-06-27T22:34:05,Low,77,90,28,Rush Hour,50
TE04688,EDGE0306,LOC044,2024-08-09T05:07:49,Low,83,90,14,Weather-related,25
TE04689,EDGE0174,LOC007,2025-03-27T09:27:59,Severe,11,20,86,Weather-related,154
TE04690,EDGE0305,LOC053,2025-11-15T03:36:17,Low,81,90,19,Accident,34
TE04691,EDGE0171,LOC035,2024-10-28T23:53:08,Moderate,57,70,35,Event,63
TE04692,EDGE0067,LOC046,2026-06-28T19:58:16,Severe,11,20,88,Weather-related,158
TE04693,EDGE0231,LOC054,2025-07-13T02:23:20,Moderate,57,70,36,Rush Hour,64
TE04694,EDGE0182,LOC010,2024-03-09T04:53:25,Severe,10,20,95,Construction,171
TE04695,EDGE0325,LOC014,2024-02-16T02:45:30,Low,79,90,24,Event,43
TE04696,EDGE0080,LOC041,2024-11-05T07:50:19,Moderate,51,70,52,Event,93
TE04697,EDGE0077,LOC075,2024-11-03T07:27:01,High,31,45,62,Weather-related,111
TE04698,EDGE0144,LOC017,2025-03-17T08:02:55,Severe,11,20,85,Accident,153
TE04699,EDGE0094,LOC067,2024-09-27T12:39:22,Moderate,52,70,49,Accident,88
TE04700,EDGE0322,LOC061,2024-12-06T02:51:45,High,27,45,79,Rush Hour,142
TE04701,EDGE0367,LOC038,2025-02-11T00:01:30,Moderate,51,70,53,Event,95
TE04702,EDGE0240,LOC055,2024-09-27T17:47:52,Low,85,90,9,Construction,16
TE04703,EDGE0313,LOC043,2025-06-11T21:18:51,Severe,10,20,98,Accident,176
TE04704,EDGE0148,LOC011,2026-05-11T09:26:35,High,29,45,71,Accident,127
TE04705,EDGE0280,LOC024,2025-01-17T02:12:44,Moderate,50,70,56,Event,100
TE04706,EDGE0147,LOC068,2024-10-04T08:30:25,Low,89,90,1,Rush Hour,1
TE04707,EDGE0007,LOC013,2024-10-31T10:56:45,Moderate,55,70,41,Accident,73
TE04708,EDGE0308,LOC061,2024-02-03T09:16:51,Severe,10,20,99,Construction,178
TE04709,EDGE0299,LOC021,2024-09-30T12:38:31,High,28,45,73,Construction,131
TE04710,EDGE0185,LOC062,2025-02-10T16:11:11,Low,82,90,17,Weather-related,30
TE04711,EDGE0311,LOC061,2024-06-06T04:38:41,Severe,10,20,96,Weather-related,172
TE04712,EDGE0230,LOC055,2024-02-02T14:42:14,Severe,11,20,90,Event,162
TE04713,EDGE0260,LOC024,2024-08-01T04:48:35,Moderate,49,70,58,Construction,104
TE04714,EDGE0349,LOC052,2025-08-11T15:15:51,Low,89,90,1,Weather-related,1
TE04715,EDGE0318,LOC038,2024-06-21T09:13:28,Moderate,49,70,60,Construction,108
TE04716,EDGE0196,LOC061,2025-06-09T15:50:34,Moderate,51,70,54,Event,97
TE04717,EDGE0103,LOC004,2024-11-22T14:13:03,Severe,10,20,92,Event,165
TE04718,EDGE0183,LOC003,2025-04-18T21:55:21,High,28,45,75,Event,135
TE04719,EDGE0024,LOC038,2025-12-09T16:30:21,Low,85,90,10,Event,18
TE04720,EDGE0276,LOC010,2025-01-08T01:26:18,High,31,45,62,Weather-related,111
TE04721,EDGE0137,LOC035,2025-07-28T05:12:08,Low,87,90,6,Event,10
TE04722,EDGE0254,LOC037,2025-08-01T10:13:25,Severe,10,20,96,Event,172
TE04723,EDGE0159,LOC004,2024-09-23T04:45:23,Low,81,90,19,Accident,34
TE04724,EDGE0032,LOC021,2026-03-29T13:15:09,Severe,10,20,94,Rush Hour,169
TE04725,EDGE0069,LOC064,2025-11-04T18:10:52,Moderate,57,70,37,Weather-related,66
TE04726,EDGE0309,LOC033,2024-04-11T13:27:02,High,29,45,67,Accident,120
TE04727,EDGE0090,LOC003,2024-07-03T01:45:04,Severe,11,20,81,Construction,145
TE04728,EDGE0103,LOC008,2024-08-12T08:49:27,Low,80,90,21,Accident,37
TE04729,EDGE0312,LOC056,2024-07-22T04:22:44,Severe,11,20,90,Construction,162
TE04730,EDGE0106,LOC071,2024-10-21T14:20:01,Moderate,58,70,33,Construction,59
TE04731,EDGE0192,LOC066,2024-10-24T18:23:47,High,28,45,73,Accident,131
TE04732,EDGE0330,LOC021,2026-04-07T07:04:43,Severe,11,20,86,Accident,154
TE04733,EDGE0273,LOC017,2025-08-10T12:09:04,Moderate,53,70,46,Rush Hour,82
TE04734,EDGE0056,LOC038,2025-08-04T09:14:56,Low,90,90,0,Construction,0
TE04735,EDGE0075,LOC023,2025-05-08T22:05:42,Low,78,90,25,Accident,45
TE04736,EDGE0145,LOC070,2025-10-29T06:25:04,Severe,11,20,87,Rush Hour,156
TE04737,EDGE0223,LOC025,2025-01-14T21:28:16,Severe,11,20,85,Rush Hour,153
TE04738,EDGE0074,LOC034,2024-03-12T18:16:53,Low,86,90,8,Accident,14
TE04739,EDGE0162,LOC036,2024-10-20T18:14:22,Severe,10,20,96,Event,172
TE04740,EDGE0194,LOC025,2026-04-11T19:42:24,Severe,10,20,96,Event,172
TE04741,EDGE0172,LOC011,2025-04-01T23:55:39,Severe,10,20,99,Event,178
TE04742,EDGE0238,LOC061,2024-08-18T18:58:34,High,31,45,61,Event,109
TE04743,EDGE0281,LOC048,2025-05-24T00:49:06,Severe,10,20,94,Event,169
TE04744,EDGE0046,LOC012,2025-01-18T23:13:37,Low,77,90,27,Weather-related,48
TE04745,EDGE0269,LOC016,2024-03-23T17:38:18,Low,81,90,20,Weather-related,36
TE04746,EDGE0045,LOC009,2025-03-11T01:53:22,High,27,45,79,Weather-related,142
TE04747,EDGE0123,LOC073,2024-07-15T10:42:56,Low,88,90,3,Accident,5
TE04748,EDGE0026,LOC050,2026-02-28T13:39:34,Moderate,49,70,58,Construction,104
TE04749,EDGE0133,LOC003,2026-06-26T08:09:48,Severe,11,20,83,Construction,149
TE04750,EDGE0272,LOC059,2026-01-29T14:53:32,Moderate,50,70,56,Rush Hour,100
TE04751,EDGE0268,LOC007,2024-11-21T00:56:31,Severe,10,20,98,Rush Hour,176
TE04752,EDGE0295,LOC046,2024-05-06T11:05:56,Moderate,53,70,48,Rush Hour,86
TE04753,EDGE0061,LOC056,2026-01-01T03:44:54,Low,84,90,13,Weather-related,23
TE04754,EDGE0307,LOC026,2024-04-10T18:38:32,Severe,10,20,91,Accident,163
TE04755,EDGE0270,LOC009,2024-09-17T02:22:29,Low,86,90,7,Accident,12
TE04756,EDGE0198,LOC052,2026-03-01T02:29:49,High,27,45,80,Weather-related,144
TE04757,EDGE0249,LOC006,2025-08-25T22:00:26,Low,80,90,21,Rush Hour,37
TE04758,EDGE0064,LOC072,2026-03-01T22:48:19,Low,85,90,9,Accident,16
TE04759,EDGE0215,LOC007,2025-08-04T09:39:04,Low,77,90,27,Event,48
TE04760,EDGE0012,LOC044,2026-02-13T12:41:58,Low,83,90,14,Construction,25
TE04761,EDGE0287,LOC041,2026-03-17T01:42:34,High,31,45,62,Weather-related,111
TE04762,EDGE0167,LOC043,2025-12-22T05:08:19,Severe,11,20,81,Rush Hour,145
TE04763,EDGE0049,LOC006,2024-10-05T01:32:54,Moderate,57,70,37,Event,66
TE04764,EDGE0075,LOC062,2025-05-14T22:26:09,Low,78,90,25,Weather-related,45
TE04765,EDGE0369,LOC048,2025-08-03T19:12:32,Low,83,90,14,Weather-related,25
TE04766,EDGE0012,LOC051,2026-03-27T07:09:10,Low,85,90,9,Weather-related,16
TE04767,EDGE0181,LOC012,2026-01-20T18:37:12,Moderate,54,70,43,Rush Hour,77
TE04768,EDGE0208,LOC019,2026-02-07T15:11:01,Moderate,50,70,56,Rush Hour,100
TE04769,EDGE0156,LOC014,2026-01-05T22:59:03,High,30,45,65,Event,117
TE04770,EDGE0196,LOC042,2025-02-20T20:16:15,Low,81,90,19,Accident,34
TE04771,EDGE0058,LOC063,2026-06-21T20:12:36,Moderate,56,70,40,Construction,72
TE04772,EDGE0156,LOC075,2025-09-14T20:21:10,Moderate,56,70,38,Weather-related,68
TE04773,EDGE0368,LOC053,2026-06-26T04:27:00,Low,90,90,0,Weather-related,0
TE04774,EDGE0122,LOC040,2024-02-26T20:42:51,Moderate,50,70,57,Construction,102
TE04775,EDGE0124,LOC053,2024-11-17T20:57:39,Low,83,90,15,Accident,27
TE04776,EDGE0104,LOC047,2024-12-07T00:31:58,Low,88,90,3,Rush Hour,5
TE04777,EDGE0067,LOC059,2024-11-11T08:24:25,Low,82,90,17,Construction,30
TE04778,EDGE0141,LOC040,2025-12-03T06:45:59,Severe,11,20,88,Rush Hour,158
TE04779,EDGE0035,LOC002,2024-12-30T02:29:27,Low,77,90,28,Rush Hour,50
TE04780,EDGE0358,LOC047,2025-09-07T00:13:15,Low,88,90,3,Event,5
TE04781,EDGE0339,LOC038,2024-12-05T13:45:53,Low,86,90,8,Weather-related,14
TE04782,EDGE0285,LOC005,2025-04-20T08:28:15,Moderate,51,70,52,Event,93
TE04783,EDGE0119,LOC033,2025-10-22T06:00:01,Low,83,90,14,Accident,25
TE04784,EDGE0350,LOC063,2025-08-08T18:40:18,Moderate,50,70,56,Weather-related,100
TE04785,EDGE0289,LOC063,2026-06-06T14:13:55,Moderate,53,70,47,Accident,84
TE04786,EDGE0039,LOC042,2024-09-01T05:11:19,High,27,45,76,Rush Hour,136
TE04787,EDGE0253,LOC031,2025-08-04T03:43:59,Low,76,90,29,Rush Hour,52
TE04788,EDGE0307,LOC035,2025-01-30T09:32:16,High,27,45,78,Accident,140
TE04789,EDGE0362,LOC035,2026-05-05T06:03:55,Severe,11,20,84,Event,151
TE04790,EDGE0148,LOC001,2024-05-11T16:02:29,Low,87,90,6,Weather-related,10
TE04791,EDGE0065,LOC021,2024-07-27T16:11:49,Moderate,56,70,40,Event,72
TE04792,EDGE0041,LOC004,2024-05-10T12:47:47,Severe,10,20,98,Accident,176
TE04793,EDGE0226,LOC059,2025-04-03T08:11:14,Low,87,90,6,Accident,10
TE04794,EDGE0333,LOC006,2025-11-21T12:21:33,Severe,10,20,94,Construction,169
TE04795,EDGE0093,LOC020,2026-03-16T23:02:18,Severe,10,20,96,Event,172
TE04796,EDGE0265,LOC029,2025-06-30T03:39:51,Low,81,90,19,Weather-related,34
TE04797,EDGE0327,LOC044,2024-12-23T13:38:31,High,29,45,70,Event,126
TE04798,EDGE0215,LOC069,2026-06-26T03:41:23,Moderate,55,70,41,Rush Hour,73
TE04799,EDGE0097,LOC046,2024-03-04T21:55:09,Severe,10,20,93,Construction,167
TE04800,EDGE0285,LOC062,2025-12-23T17:53:35,Low,77,90,28,Weather-related,50
TE04801,EDGE0019,LOC045,2026-03-06T18:30:53,Low,84,90,13,Construction,23
TE04802,EDGE0212,LOC016,2025-06-06T12:55:51,Severe,11,20,82,Weather-related,147
TE04803,EDGE0225,LOC057,2025-10-23T22:14:48,Moderate,50,70,55,Accident,99
TE04804,EDGE0080,LOC030,2025-12-01T20:08:09,Low,79,90,23,Weather-related,41
TE04805,EDGE0285,LOC063,2025-12-27T07:33:51,Moderate,57,70,36,Event,64
TE04806,EDGE0119,LOC028,2025-11-02T20:58:47,Severe,10,20,98,Construction,176
TE04807,EDGE0235,LOC041,2025-09-27T06:51:52,Low,79,90,23,Construction,41
TE04808,EDGE0088,LOC002,2025-07-24T21:50:17,Moderate,59,70,31,Accident,55
TE04809,EDGE0164,LOC027,2026-02-11T21:44:59,Severe,10,20,92,Accident,165
TE04810,EDGE0038,LOC046,2025-05-07T11:22:41,Moderate,56,70,39,Rush Hour,70
TE04811,EDGE0307,LOC036,2025-02-28T02:54:12,High,28,45,74,Accident,133
TE04812,EDGE0099,LOC071,2025-08-16T23:49:17,Low,89,90,2,Weather-related,3
TE04813,EDGE0223,LOC001,2024-02-08T09:33:40,Low,88,90,3,Accident,5
TE04814,EDGE0133,LOC020,2024-10-05T22:41:44,Moderate,52,70,49,Weather-related,88
TE04815,EDGE0364,LOC039,2025-11-17T03:20:26,Moderate,55,70,41,Construction,73
TE04816,EDGE0030,LOC053,2024-12-29T04:20:16,Moderate,58,70,34,Weather-related,61
TE04817,EDGE0137,LOC018,2025-02-16T15:12:47,Low,83,90,15,Rush Hour,27
TE04818,EDGE0184,LOC054,2024-04-27T21:19:34,Low,78,90,25,Accident,45
TE04819,EDGE0370,LOC071,2025-07-11T19:57:17,Low,89,90,1,Event,1
TE04820,EDGE0324,LOC001,2024-05-08T00:47:05,High,29,45,70,Accident,126
TE04821,EDGE0305,LOC027,2025-04-02T12:25:12,High,29,45,68,Rush Hour,122
TE04822,EDGE0035,LOC039,2026-02-18T11:09:07,Moderate,49,70,60,Construction,108
TE04823,EDGE0233,LOC038,2026-03-07T14:14:01,Moderate,56,70,38,Accident,68
TE04824,EDGE0033,LOC044,2026-04-29T04:39:34,Low,88,90,3,Accident,5
TE04825,EDGE0048,LOC029,2024-05-01T09:58:44,Low,77,90,27,Weather-related,48
TE04826,EDGE0314,LOC031,2025-03-05T09:52:08,High,28,45,73,Accident,131
TE04827,EDGE0038,LOC004,2024-12-19T18:49:19,Severe,10,20,97,Rush Hour,174
TE04828,EDGE0166,LOC071,2024-06-01T20:57:27,Moderate,51,70,54,Construction,97
TE04829,EDGE0288,LOC019,2024-07-03T05:16:36,Low,79,90,23,Accident,41
TE04830,EDGE0173,LOC065,2024-04-20T20:04:17,Low,83,90,14,Accident,25
TE04831,EDGE0334,LOC060,2025-07-13T14:36:17,Low,85,90,10,Event,18
TE04832,EDGE0363,LOC031,2024-02-29T11:14:00,High,29,45,67,Rush Hour,120
TE04833,EDGE0346,LOC016,2026-04-28T05:19:37,Moderate,52,70,50,Accident,90
TE04834,EDGE0366,LOC035,2024-11-07T03:58:16,High,29,45,70,Event,126
TE04835,EDGE0283,LOC024,2025-06-02T11:23:39,High,29,45,71,Weather-related,127
TE04836,EDGE0224,LOC003,2024-11-01T11:30:22,Moderate,50,70,55,Rush Hour,99
TE04837,EDGE0314,LOC064,2025-05-26T11:00:18,Severe,10,20,92,Weather-related,165
TE04838,EDGE0035,LOC064,2025-01-23T09:33:25,Severe,11,20,85,Weather-related,153
TE04839,EDGE0195,LOC004,2025-04-15T06:03:17,High,28,45,72,Weather-related,129
TE04840,EDGE0109,LOC036,2025-03-02T08:46:49,Moderate,50,70,57,Event,102
TE04841,EDGE0124,LOC070,2024-10-23T03:39:54,Moderate,52,70,51,Construction,91
TE04842,EDGE0328,LOC054,2024-08-02T03:59:03,Moderate,53,70,48,Rush Hour,86
TE04843,EDGE0226,LOC062,2026-04-23T17:11:28,Severe,10,20,99,Weather-related,178
TE04844,EDGE0217,LOC016,2025-02-09T15:50:06,Moderate,58,70,34,Rush Hour,61
TE04845,EDGE0018,LOC058,2024-01-14T06:09:57,Low,85,90,11,Accident,19
TE04846,EDGE0166,LOC059,2025-04-10T05:12:20,Severe,10,20,94,Construction,169
TE04847,EDGE0318,LOC001,2025-03-13T19:57:11,Low,87,90,6,Weather-related,10
TE04848,EDGE0231,LOC058,2025-06-22T11:23:27,Low,89,90,2,Event,3
TE04849,EDGE0025,LOC045,2025-09-19T07:10:13,High,28,45,73,Construction,131
TE04850,EDGE0160,LOC010,2025-09-22T07:46:21,Moderate,59,70,31,Event,55
TE04851,EDGE0079,LOC001,2026-06-19T22:14:38,Moderate,56,70,38,Construction,68
TE04852,EDGE0077,LOC030,2024-01-19T11:19:05,Severe,10,20,100,Weather-related,180
TE04853,EDGE0344,LOC002,2026-01-03T05:35:03,Moderate,52,70,49,Accident,88
TE04854,EDGE0141,LOC075,2026-03-07T08:51:51,Severe,10,20,93,Event,167
TE04855,EDGE0306,LOC003,2024-08-19T21:36:15,Moderate,54,70,45,Weather-related,81
TE04856,EDGE0157,LOC004,2025-09-09T12:04:16,High,28,45,72,Accident,129
TE04857,EDGE0011,LOC066,2024-12-19T12:44:28,High,30,45,66,Rush Hour,118
TE04858,EDGE0191,LOC020,2024-12-18T12:25:32,Low,83,90,14,Weather-related,25
TE04859,EDGE0013,LOC016,2024-11-22T00:42:28,High,29,45,70,Construction,126
TE04860,EDGE0215,LOC023,2026-01-07T00:20:24,High,29,45,68,Accident,122
TE04861,EDGE0094,LOC060,2024-12-29T01:49:55,Low,85,90,9,Construction,16
TE04862,EDGE0339,LOC036,2026-03-12T07:21:46,Moderate,58,70,33,Construction,59
TE04863,EDGE0310,LOC041,2026-05-08T10:59:23,High,29,45,69,Construction,124
TE04864,EDGE0019,LOC015,2025-12-29T03:49:53,Moderate,54,70,44,Rush Hour,79
TE04865,EDGE0276,LOC032,2025-12-17T18:16:52,High,31,45,62,Weather-related,111
TE04866,EDGE0005,LOC063,2025-06-13T04:42:33,Low,77,90,28,Rush Hour,50
TE04867,EDGE0310,LOC028,2024-05-13T09:41:02,Severe,11,20,88,Rush Hour,158
TE04868,EDGE0214,LOC036,2025-05-01T08:16:32,Severe,10,20,96,Rush Hour,172
TE04869,EDGE0216,LOC072,2024-10-18T19:25:37,Moderate,57,70,37,Construction,66
TE04870,EDGE0080,LOC002,2025-10-28T02:33:38,Moderate,55,70,42,Accident,75
TE04871,EDGE0190,LOC026,2025-10-10T20:31:56,Moderate,50,70,55,Accident,99
TE04872,EDGE0320,LOC063,2024-11-21T13:53:09,Low,87,90,5,Event,9
TE04873,EDGE0336,LOC065,2025-11-12T11:12:20,High,30,45,66,Event,118
TE04874,EDGE0166,LOC013,2025-11-30T00:10:10,High,28,45,75,Accident,135
TE04875,EDGE0320,LOC055,2026-05-17T12:24:23,Moderate,50,70,56,Weather-related,100
TE04876,EDGE0113,LOC013,2024-02-16T18:21:40,Moderate,52,70,49,Construction,88
TE04877,EDGE0301,LOC027,2025-08-05T01:50:05,Moderate,56,70,39,Accident,70
TE04878,EDGE0073,LOC036,2024-08-03T20:26:23,Low,81,90,20,Accident,36
TE04879,EDGE0267,LOC024,2026-06-16T03:04:31,Low,78,90,26,Construction,46
TE04880,EDGE0022,LOC074,2024-07-18T09:04:20,Low,76,90,29,Rush Hour,52
TE04881,EDGE0116,LOC036,2025-04-19T16:32:50,Severe,11,20,81,Accident,145
TE04882,EDGE0284,LOC059,2024-01-16T00:56:22,High,27,45,78,Rush Hour,140
TE04883,EDGE0036,LOC023,2026-02-15T09:54:08,Severe,10,20,93,Weather-related,167
TE04884,EDGE0336,LOC005,2025-07-04T22:46:27,Severe,11,20,84,Weather-related,151
TE04885,EDGE0311,LOC035,2025-06-11T21:29:29,High,29,45,71,Rush Hour,127
TE04886,EDGE0189,LOC061,2024-12-16T06:54:01,High,31,45,61,Event,109
TE04887,EDGE0087,LOC057,2025-10-13T02:56:40,High,31,45,61,Event,109
TE04888,EDGE0262,LOC068,2025-10-23T07:58:03,Low,78,90,26,Weather-related,46
TE04889,EDGE0042,LOC074,2025-09-18T14:40:32,Moderate,57,70,37,Event,66
TE04890,EDGE0226,LOC072,2026-04-15T03:19:48,Low,89,90,1,Weather-related,1
TE04891,EDGE0182,LOC025,2025-04-10T11:17:05,Moderate,55,70,42,Rush Hour,75
TE04892,EDGE0350,LOC055,2025-05-21T13:07:31,Moderate,53,70,48,Construction,86
TE04893,EDGE0048,LOC048,2024-02-06T02:26:38,Moderate,51,70,53,Event,95
TE04894,EDGE0087,LOC014,2026-05-31T16:49:12,Moderate,50,70,56,Event,100
TE04895,EDGE0128,LOC008,2024-02-20T00:50:17,Moderate,58,70,34,Weather-related,61
TE04896,EDGE0190,LOC015,2024-08-04T03:19:08,High,29,45,70,Rush Hour,126
TE04897,EDGE0103,LOC013,2024-08-26T18:01:28,Low,81,90,18,Construction,32
TE04898,EDGE0096,LOC053,2025-05-28T00:37:55,Low,87,90,5,Weather-related,9
TE04899,EDGE0268,LOC047,2026-06-01T15:41:29,Low,76,90,29,Rush Hour,52
TE04900,EDGE0208,LOC028,2026-06-10T11:44:59,Moderate,49,70,59,Event,106
TE04901,EDGE0100,LOC071,2025-08-30T05:16:55,Moderate,49,70,58,Event,104
TE04902,EDGE0141,LOC001,2025-08-15T08:35:11,Severe,10,20,98,Rush Hour,176
TE04903,EDGE0154,LOC009,2024-11-13T05:17:59,High,29,45,68,Weather-related,122
TE04904,EDGE0009,LOC012,2025-08-29T19:58:16,Low,88,90,4,Rush Hour,7
TE04905,EDGE0172,LOC042,2024-04-08T23:15:10,Moderate,56,70,39,Accident,70
TE04906,EDGE0364,LOC019,2026-04-10T07:15:11,Low,81,90,18,Weather-related,32
TE04907,EDGE0176,LOC027,2025-08-23T07:17:52,Moderate,52,70,49,Weather-related,88
TE04908,EDGE0322,LOC024,2024-10-19T13:46:29,Low,79,90,23,Event,41
TE04909,EDGE0119,LOC011,2026-01-07T12:59:38,Severe,10,20,95,Accident,171
TE04910,EDGE0296,LOC041,2024-06-17T18:19:53,Moderate,56,70,40,Accident,72
TE04911,EDGE0192,LOC070,2025-05-25T20:05:40,Low,78,90,25,Construction,45
TE04912,EDGE0327,LOC038,2026-06-03T17:03:30,High,27,45,79,Weather-related,142
TE04913,EDGE0286,LOC073,2025-12-02T10:27:25,Moderate,54,70,43,Construction,77
TE04914,EDGE0331,LOC061,2025-04-18T06:00:22,Low,90,90,0,Accident,0
TE04915,EDGE0150,LOC055,2024-05-24T20:17:43,Severe,10,20,99,Weather-related,178
TE04916,EDGE0161,LOC024,2024-09-23T07:08:14,High,29,45,70,Weather-related,126
TE04917,EDGE0301,LOC069,2024-06-11T01:04:37,High,27,45,78,Construction,140
TE04918,EDGE0366,LOC038,2026-05-08T21:51:31,Low,83,90,14,Event,25
TE04919,EDGE0046,LOC021,2024-10-02T22:45:13,Low,89,90,1,Event,1
TE04920,EDGE0276,LOC048,2024-02-19T19:15:06,High,30,45,64,Event,115
TE04921,EDGE0113,LOC043,2026-01-29T00:49:30,Severe,10,20,97,Weather-related,174
TE04922,EDGE0131,LOC062,2024-02-11T16:36:43,Low,86,90,8,Weather-related,14
TE04923,EDGE0366,LOC046,2024-10-17T00:23:10,Moderate,50,70,55,Weather-related,99
TE04924,EDGE0269,LOC008,2024-11-05T03:12:38,Low,81,90,19,Weather-related,34
TE04925,EDGE0114,LOC019,2024-04-17T22:48:48,High,29,45,67,Event,120
TE04926,EDGE0024,LOC055,2025-08-22T11:10:31,High,29,45,68,Rush Hour,122
TE04927,EDGE0182,LOC005,2025-03-16T21:29:16,Severe,10,20,96,Weather-related,172
TE04928,EDGE0023,LOC011,2024-11-15T20:13:16,Low,80,90,22,Construction,39
TE04929,EDGE0093,LOC044,2024-12-28T00:20:22,Low,84,90,12,Weather-related,21
TE04930,EDGE0274,LOC049,2025-03-28T05:12:02,Severe,11,20,89,Weather-related,160
TE04931,EDGE0342,LOC003,2026-03-25T14:53:19,Low,82,90,17,Rush Hour,30
TE04932,EDGE0058,LOC046,2024-04-18T17:01:20,High,29,45,70,Construction,126
TE04933,EDGE0173,LOC018,2025-12-07T07:05:27,Moderate,59,70,31,Construction,55
TE04934,EDGE0125,LOC003,2024-03-30T06:00:35,Moderate,53,70,46,Accident,82
TE04935,EDGE0260,LOC046,2025-07-26T16:21:09,High,29,45,71,Event,127
TE04936,EDGE0005,LOC026,2026-03-16T12:15:44,Low,81,90,19,Rush Hour,34
TE04937,EDGE0077,LOC037,2024-01-18T03:51:55,Low,80,90,22,Construction,39
TE04938,EDGE0226,LOC013,2024-09-23T22:07:37,Low,85,90,10,Rush Hour,18
TE04939,EDGE0165,LOC036,2025-05-22T14:56:44,Low,81,90,18,Construction,32
TE04940,EDGE0213,LOC066,2025-09-30T06:01:01,High,30,45,66,Rush Hour,118
TE04941,EDGE0348,LOC074,2025-08-30T13:27:41,High,28,45,72,Rush Hour,129
TE04942,EDGE0309,LOC070,2024-08-31T22:42:21,Severe,10,20,98,Event,176
TE04943,EDGE0011,LOC063,2024-06-21T00:50:01,High,28,45,75,Accident,135
TE04944,EDGE0020,LOC035,2024-07-19T14:36:04,Moderate,52,70,50,Event,90
TE04945,EDGE0200,LOC018,2026-04-13T08:25:05,High,27,45,79,Accident,142
TE04946,EDGE0284,LOC066,2025-10-11T23:34:29,High,27,45,76,Construction,136
TE04947,EDGE0131,LOC049,2026-01-12T22:29:41,High,31,45,61,Event,109
TE04948,EDGE0073,LOC051,2024-04-16T19:40:12,Severe,11,20,85,Weather-related,153
TE04949,EDGE0179,LOC075,2025-08-27T06:42:22,Severe,11,20,82,Weather-related,147
TE04950,EDGE0169,LOC021,2024-11-16T18:07:15,Moderate,57,70,37,Construction,66
TE04951,EDGE0306,LOC040,2024-07-20T20:13:35,High,31,45,61,Event,109
TE04952,EDGE0107,LOC012,2024-11-15T12:11:40,High,28,45,72,Construction,129
TE04953,EDGE0066,LOC050,2025-04-26T04:35:04,High,28,45,75,Event,135
TE04954,EDGE0246,LOC007,2025-11-02T09:36:32,Low,81,90,20,Event,36
TE04955,EDGE0090,LOC042,2026-01-07T13:04:56,Low,77,90,27,Weather-related,48
TE04956,EDGE0339,LOC041,2024-09-03T15:47:38,Moderate,50,70,57,Weather-related,102
TE04957,EDGE0260,LOC063,2026-06-12T08:57:38,High,29,45,69,Weather-related,124
TE04958,EDGE0365,LOC030,2025-04-27T01:20:04,Low,84,90,13,Accident,23
TE04959,EDGE0156,LOC055,2024-11-11T07:22:33,Moderate,53,70,48,Weather-related,86
TE04960,EDGE0177,LOC039,2026-02-19T13:37:35,Severe,10,20,91,Accident,163
TE04961,EDGE0135,LOC070,2025-12-13T23:08:10,Low,87,90,6,Weather-related,10
TE04962,EDGE0025,LOC061,2025-03-03T21:11:02,Low,78,90,26,Event,46
TE04963,EDGE0123,LOC003,2024-11-09T08:01:22,Low,81,90,18,Event,32
TE04964,EDGE0045,LOC015,2024-01-12T13:30:23,Low,76,90,29,Weather-related,52
TE04965,EDGE0246,LOC062,2024-08-09T15:56:34,Severe,10,20,100,Event,180
TE04966,EDGE0356,LOC052,2025-11-23T10:04:40,Moderate,52,70,50,Construction,90
TE04967,EDGE0083,LOC062,2024-04-09T08:58:33,Moderate,51,70,54,Event,97
TE04968,EDGE0207,LOC033,2025-09-12T04:37:51,Moderate,56,70,39,Event,70
TE04969,EDGE0049,LOC007,2025-01-18T10:52:00,High,31,45,62,Accident,111
TE04970,EDGE0098,LOC057,2026-03-27T21:21:05,High,30,45,66,Construction,118
TE04971,EDGE0129,LOC030,2025-05-25T21:57:44,High,29,45,70,Rush Hour,126
TE04972,EDGE0054,LOC043,2026-06-03T06:23:52,Severe,11,20,84,Weather-related,151
TE04973,EDGE0049,LOC046,2026-02-01T16:15:51,High,27,45,77,Rush Hour,138
TE04974,EDGE0313,LOC006,2025-12-15T21:40:10,Low,78,90,25,Accident,45
TE04975,EDGE0161,LOC025,2025-12-19T18:32:12,High,30,45,63,Accident,113
TE04976,EDGE0192,LOC022,2026-06-13T23:47:09,Low,76,90,30,Accident,54
TE04977,EDGE0026,LOC005,2024-03-01T17:11:11,Moderate,57,70,37,Rush Hour,66
TE04978,EDGE0319,LOC038,2024-05-21T12:33:14,Moderate,50,70,56,Event,100
TE04979,EDGE0335,LOC028,2025-03-23T06:07:45,Moderate,53,70,46,Rush Hour,82
TE04980,EDGE0092,LOC063,2025-12-09T20:20:38,Low,77,90,27,Rush Hour,48
TE04981,EDGE0256,LOC065,2025-06-22T16:57:50,Severe,10,20,95,Construction,171
TE04982,EDGE0108,LOC041,2025-04-07T01:41:32,Low,84,90,12,Rush Hour,21
TE04983,EDGE0215,LOC075,2025-08-30T12:54:20,Severe,11,20,83,Weather-related,149
TE04984,EDGE0290,LOC011,2024-09-29T01:10:52,Low,76,90,30,Rush Hour,54
TE04985,EDGE0168,LOC013,2025-10-06T18:17:18,Moderate,56,70,40,Rush Hour,72
TE04986,EDGE0084,LOC007,2025-01-22T00:25:09,Low,89,90,1,Construction,1
TE04987,EDGE0097,LOC067,2024-10-05T23:09:25,Moderate,50,70,57,Construction,102
TE04988,EDGE0169,LOC026,2025-11-02T04:59:01,Severe,10,20,94,Construction,169
TE04989,EDGE0190,LOC056,2025-12-12T05:04:14,Low,84,90,13,Construction,23
TE04990,EDGE0245,LOC055,2025-08-20T13:21:01,High,29,45,71,Construction,127
TE04991,EDGE0113,LOC064,2024-10-11T23:17:59,Severe,11,20,88,Event,158
TE04992,EDGE0048,LOC023,2026-06-02T07:30:49,Moderate,54,70,45,Event,81
TE04993,EDGE0313,LOC055,2024-05-28T09:46:19,Low,81,90,18,Weather-related,32
TE04994,EDGE0208,LOC037,2025-09-03T08:39:23,High,28,45,72,Rush Hour,129
TE04995,EDGE0172,LOC035,2024-03-08T19:55:45,Low,86,90,7,Event,12
TE04996,EDGE0333,LOC071,2025-01-07T08:29:12,Severe,10,20,93,Event,167
TE04997,EDGE0198,LOC074,2024-09-02T08:08:24,Moderate,50,70,56,Rush Hour,100
TE04998,EDGE0174,LOC016,2025-03-01T07:07:09,Low,89,90,2,Rush Hour,3
TE04999,EDGE0159,LOC035,2026-04-15T08:18:31,Moderate,53,70,48,Event,86
TE05000,EDGE0330,LOC028,2025-03-29T10:25:57,High,29,45,69,Event,124
TE05001,EDGE0264,LOC033,2024-04-13T16:23:29,Severe,11,20,89,Weather-related,160
TE05002,EDGE0104,LOC043,2024-12-03T11:50:54,High,27,45,80,Rush Hour,144
TE05003,EDGE0023,LOC041,2026-02-05T14:33:01,Low,77,90,27,Construction,48
TE05004,EDGE0120,LOC045,2025-09-30T21:33:39,High,31,45,61,Accident,109
TE05005,EDGE0313,LOC042,2026-05-08T18:46:07,Severe,10,20,95,Construction,171
TE05006,EDGE0194,LOC020,2024-07-07T07:48:18,Low,84,90,13,Weather-related,23
TE05007,EDGE0232,LOC073,2025-07-26T19:19:40,Severe,10,20,94,Construction,169
TE05008,EDGE0046,LOC035,2024-04-28T21:22:50,Severe,10,20,99,Weather-related,178
TE05009,EDGE0137,LOC017,2024-06-12T11:03:21,High,28,45,72,Construction,129
TE05010,EDGE0287,LOC073,2026-02-22T13:12:09,High,31,45,62,Event,111
TE05011,EDGE0243,LOC021,2025-05-21T10:39:02,Moderate,51,70,54,Event,97
TE05012,EDGE0007,LOC046,2025-09-29T01:29:22,Severe,11,20,88,Accident,158
TE05013,EDGE0210,LOC037,2025-12-01T12:06:43,Severe,11,20,83,Event,149
TE05014,EDGE0247,LOC017,2024-09-13T01:38:50,High,27,45,80,Accident,144
TE05015,EDGE0139,LOC014,2025-01-27T15:49:21,Low,78,90,25,Weather-related,45
TE05016,EDGE0019,LOC024,2024-11-18T03:23:31,High,30,45,66,Accident,118
TE05017,EDGE0148,LOC034,2026-02-25T03:27:17,High,30,45,65,Weather-related,117
TE05018,EDGE0008,LOC041,2024-03-10T08:07:10,Severe,10,20,91,Accident,163
TE05019,EDGE0351,LOC067,2025-12-18T22:51:10,Severe,11,20,82,Weather-related,147
TE05020,EDGE0051,LOC050,2024-02-11T12:06:53,Moderate,54,70,45,Event,81
TE05021,EDGE0270,LOC065,2024-04-23T16:55:32,High,27,45,79,Event,142
TE05022,EDGE0333,LOC054,2025-12-18T13:01:41,Moderate,54,70,43,Weather-related,77
TE05023,EDGE0323,LOC048,2025-08-15T02:30:34,Moderate,55,70,42,Rush Hour,75
TE05024,EDGE0206,LOC065,2025-06-17T20:29:17,High,27,45,80,Construction,144
TE05025,EDGE0129,LOC045,2025-09-12T08:32:33,Moderate,56,70,39,Construction,70
TE05026,EDGE0170,LOC010,2024-10-28T23:53:27,Moderate,54,70,43,Event,77
TE05027,EDGE0304,LOC020,2025-09-08T05:05:27,High,27,45,79,Weather-related,142
TE05028,EDGE0115,LOC047,2024-02-28T16:20:29,Low,80,90,21,Accident,37
TE05029,EDGE0119,LOC014,2024-01-17T16:19:04,Moderate,53,70,47,Rush Hour,84
TE05030,EDGE0081,LOC030,2025-01-24T07:15:32,Moderate,59,70,31,Rush Hour,55
TE05031,EDGE0308,LOC031,2024-06-27T03:40:53,High,29,45,71,Accident,127
TE05032,EDGE0085,LOC045,2024-07-31T00:21:52,Low,83,90,14,Event,25
TE05033,EDGE0216,LOC020,2025-05-23T03:33:29,Moderate,49,70,59,Rush Hour,106
TE05034,EDGE0177,LOC060,2025-12-22T04:19:42,Low,85,90,9,Construction,16
TE05035,EDGE0096,LOC015,2026-01-23T01:08:03,Moderate,56,70,39,Rush Hour,70
TE05036,EDGE0169,LOC060,2025-12-17T16:38:08,Moderate,57,70,35,Event,63
TE05037,EDGE0368,LOC026,2024-04-16T00:03:58,High,29,45,69,Construction,124
TE05038,EDGE0029,LOC039,2024-05-08T05:38:09,Severe,11,20,87,Rush Hour,156
TE05039,EDGE0010,LOC071,2026-05-01T22:53:52,Moderate,50,70,57,Event,102
TE05040,EDGE0153,LOC022,2025-01-11T09:21:37,High,31,45,62,Rush Hour,111
TE05041,EDGE0091,LOC058,2025-11-10T23:31:14,High,28,45,75,Accident,135
TE05042,EDGE0355,LOC074,2024-08-05T21:06:49,Severe,10,20,92,Accident,165
TE05043,EDGE0205,LOC046,2026-01-01T08:14:19,Moderate,56,70,38,Weather-related,68
TE05044,EDGE0281,LOC033,2025-03-09T15:09:49,Moderate,53,70,48,Construction,86
TE05045,EDGE0258,LOC068,2024-09-07T16:10:49,Severe,10,20,94,Rush Hour,169
TE05046,EDGE0184,LOC020,2024-09-22T00:01:20,Low,83,90,14,Accident,25
TE05047,EDGE0300,LOC015,2024-01-29T01:33:14,Severe,11,20,84,Accident,151
TE05048,EDGE0357,LOC052,2024-06-05T03:28:31,Low,83,90,15,Rush Hour,27
TE05049,EDGE0072,LOC031,2024-10-02T07:51:34,Moderate,57,70,37,Accident,66
TE05050,EDGE0212,LOC060,2025-04-01T22:30:27,Moderate,50,70,56,Construction,100
TE05051,EDGE0025,LOC050,2024-07-11T20:41:56,Moderate,56,70,38,Rush Hour,68
TE05052,EDGE0231,LOC037,2026-04-10T13:20:22,Moderate,51,70,53,Event,95
TE05053,EDGE0294,LOC029,2025-08-30T03:55:32,Moderate,56,70,38,Construction,68
TE05054,EDGE0370,LOC039,2024-09-18T16:23:49,Low,85,90,9,Construction,16
TE05055,EDGE0248,LOC069,2024-04-30T12:35:22,Low,80,90,21,Construction,37
TE05056,EDGE0242,LOC003,2024-01-18T09:57:43,Severe,11,20,83,Construction,149
TE05057,EDGE0214,LOC055,2025-02-28T11:34:58,Low,77,90,28,Event,50
TE05058,EDGE0352,LOC033,2024-08-26T10:45:48,Low,81,90,19,Rush Hour,34
TE05059,EDGE0035,LOC043,2025-11-15T12:55:14,Low,88,90,4,Rush Hour,7
TE05060,EDGE0098,LOC017,2025-07-10T06:27:02,Low,84,90,13,Rush Hour,23
TE05061,EDGE0329,LOC011,2024-10-03T10:05:33,Low,84,90,12,Accident,21
TE05062,EDGE0244,LOC001,2024-12-02T14:08:01,Severe,11,20,88,Accident,158
TE05063,EDGE0152,LOC006,2024-02-23T12:11:48,Moderate,58,70,32,Weather-related,57
TE05064,EDGE0300,LOC006,2026-04-06T21:32:16,Low,85,90,10,Construction,18
TE05065,EDGE0169,LOC025,2024-12-01T19:16:16,Moderate,49,70,58,Weather-related,104
TE05066,EDGE0326,LOC062,2025-11-17T17:07:19,High,27,45,79,Accident,142
TE05067,EDGE0322,LOC028,2024-03-15T04:28:24,Moderate,53,70,46,Accident,82
TE05068,EDGE0275,LOC050,2026-03-23T06:10:22,Low,84,90,13,Rush Hour,23
TE05069,EDGE0210,LOC004,2024-06-08T16:24:41,High,27,45,78,Accident,140
TE05070,EDGE0104,LOC044,2025-08-29T19:18:32,Moderate,55,70,42,Construction,75
TE05071,EDGE0055,LOC009,2025-04-23T23:09:40,High,28,45,72,Construction,129
TE05072,EDGE0267,LOC060,2025-11-20T17:01:24,High,29,45,68,Accident,122
TE05073,EDGE0111,LOC062,2024-03-22T10:10:56,High,29,45,71,Construction,127
TE05074,EDGE0041,LOC053,2024-01-08T05:57:04,Low,82,90,17,Rush Hour,30
TE05075,EDGE0318,LOC051,2024-03-16T14:21:04,Low,85,90,11,Rush Hour,19
TE05076,EDGE0357,LOC064,2025-08-09T06:19:30,High,27,45,78,Weather-related,140
TE05077,EDGE0109,LOC027,2024-11-09T09:20:22,Moderate,49,70,60,Event,108
TE05078,EDGE0262,LOC021,2025-01-22T21:28:57,Severe,10,20,100,Event,180
TE05079,EDGE0364,LOC048,2025-08-04T23:46:00,Moderate,54,70,45,Construction,81
TE05080,EDGE0123,LOC063,2025-01-05T13:25:40,Moderate,55,70,42,Rush Hour,75
TE05081,EDGE0361,LOC058,2024-11-06T16:00:25,High,28,45,72,Event,129
TE05082,EDGE0177,LOC056,2024-05-21T23:07:59,Severe,10,20,95,Weather-related,171
TE05083,EDGE0153,LOC018,2024-01-25T21:57:23,Low,76,90,30,Rush Hour,54
TE05084,EDGE0153,LOC019,2025-10-17T01:28:18,Severe,11,20,82,Accident,147
TE05085,EDGE0142,LOC043,2024-02-13T09:50:02,High,29,45,69,Event,124
TE05086,EDGE0319,LOC026,2024-01-23T14:50:05,Moderate,51,70,54,Accident,97
TE05087,EDGE0105,LOC026,2025-06-07T16:37:09,High,29,45,71,Rush Hour,127
TE05088,EDGE0366,LOC023,2024-10-25T11:56:20,Low,83,90,14,Event,25
TE05089,EDGE0121,LOC051,2024-04-08T03:12:13,Severe,10,20,99,Weather-related,178
TE05090,EDGE0352,LOC065,2024-12-08T15:21:55,Moderate,53,70,48,Accident,86
TE05091,EDGE0218,LOC075,2024-05-30T01:37:42,Moderate,56,70,40,Accident,72
TE05092,EDGE0170,LOC036,2024-09-17T19:07:39,Low,81,90,18,Rush Hour,32
TE05093,EDGE0354,LOC038,2024-09-16T11:58:23,Moderate,58,70,33,Rush Hour,59
TE05094,EDGE0200,LOC016,2024-03-09T08:54:19,High,30,45,66,Weather-related,118
TE05095,EDGE0098,LOC063,2025-10-07T17:40:26,Low,86,90,7,Construction,12
TE05096,EDGE0156,LOC006,2026-03-07T03:23:19,Moderate,56,70,40,Weather-related,72
TE05097,EDGE0349,LOC059,2024-06-16T06:44:38,Moderate,56,70,38,Weather-related,68
TE05098,EDGE0022,LOC036,2025-05-23T04:43:04,Moderate,53,70,46,Event,82
TE05099,EDGE0198,LOC008,2025-05-16T06:21:59,Moderate,58,70,32,Event,57
TE05100,EDGE0242,LOC074,2026-05-23T02:53:46,Moderate,50,70,56,Rush Hour,100
TE05101,EDGE0015,LOC039,2024-10-21T10:50:39,High,29,45,70,Rush Hour,126
TE05102,EDGE0198,LOC047,2024-11-17T17:58:03,Low,83,90,14,Construction,25
TE05103,EDGE0206,LOC055,2026-04-21T12:08:19,High,29,45,67,Weather-related,120
TE05104,EDGE0327,LOC005,2025-09-05T17:03:01,Moderate,54,70,45,Construction,81
TE05105,EDGE0098,LOC006,2025-10-26T16:32:01,High,29,45,71,Event,127
TE05106,EDGE0142,LOC067,2024-07-06T15:53:53,Moderate,56,70,39,Weather-related,70
TE05107,EDGE0194,LOC035,2024-12-27T00:48:12,Moderate,49,70,58,Construction,104
TE05108,EDGE0074,LOC058,2024-11-28T02:17:44,Moderate,51,70,54,Accident,97
TE05109,EDGE0070,LOC031,2024-06-13T11:41:26,Moderate,58,70,33,Event,59
TE05110,EDGE0353,LOC001,2025-07-07T22:07:44,Moderate,53,70,47,Event,84
TE05111,EDGE0212,LOC034,2025-05-17T08:01:35,Low,84,90,12,Rush Hour,21
TE05112,EDGE0230,LOC063,2024-09-26T17:04:51,Low,79,90,23,Event,41
TE05113,EDGE0066,LOC071,2024-01-24T07:02:17,Moderate,52,70,50,Accident,90
TE05114,EDGE0352,LOC034,2025-09-16T16:50:48,Low,81,90,19,Rush Hour,34
TE05115,EDGE0040,LOC005,2025-05-06T06:17:24,Severe,10,20,99,Accident,178
TE05116,EDGE0243,LOC039,2024-01-19T14:41:53,Low,87,90,6,Event,10
TE05117,EDGE0206,LOC058,2025-08-27T13:55:49,Low,85,90,9,Construction,16
TE05118,EDGE0067,LOC023,2024-11-26T12:33:49,Moderate,57,70,37,Accident,66
TE05119,EDGE0272,LOC003,2025-12-13T16:24:23,Severe,11,20,84,Construction,151
TE05120,EDGE0217,LOC072,2024-12-07T21:46:51,High,31,45,62,Event,111
TE05121,EDGE0129,LOC074,2024-04-12T13:15:55,High,30,45,64,Event,115
TE05122,EDGE0135,LOC053,2025-03-08T13:39:09,Moderate,56,70,39,Construction,70
TE05123,EDGE0317,LOC042,2025-07-27T04:34:12,Severe,10,20,91,Rush Hour,163
TE05124,EDGE0069,LOC002,2024-03-09T06:09:45,Moderate,49,70,60,Construction,108
TE05125,EDGE0070,LOC026,2024-04-14T14:17:29,Moderate,57,70,37,Event,66
TE05126,EDGE0319,LOC028,2024-12-05T12:32:21,Moderate,50,70,55,Construction,99
TE05127,EDGE0257,LOC058,2025-09-30T14:48:03,Low,76,90,30,Accident,54
TE05128,EDGE0234,LOC005,2025-04-13T10:00:41,Moderate,55,70,41,Construction,73
TE05129,EDGE0329,LOC062,2026-02-15T01:32:38,Low,79,90,23,Event,41
TE05130,EDGE0065,LOC069,2024-06-07T03:53:08,Low,90,90,0,Event,0
TE05131,EDGE0328,LOC075,2026-04-12T22:17:46,Moderate,52,70,49,Event,88
TE05132,EDGE0035,LOC054,2026-06-03T05:30:10,High,31,45,62,Event,111
TE05133,EDGE0270,LOC014,2024-09-23T08:27:32,Moderate,49,70,60,Rush Hour,108
TE05134,EDGE0098,LOC012,2025-01-26T09:00:34,Severe,11,20,83,Event,149
TE05135,EDGE0353,LOC062,2024-05-27T04:20:00,Low,90,90,0,Rush Hour,0
TE05136,EDGE0184,LOC059,2025-05-18T20:48:15,Moderate,50,70,57,Weather-related,102
TE05137,EDGE0051,LOC068,2025-08-26T14:46:10,Severe,10,20,97,Construction,174
TE05138,EDGE0135,LOC043,2024-07-25T12:02:35,Low,81,90,19,Event,34
TE05139,EDGE0024,LOC075,2025-05-30T19:35:33,Moderate,57,70,36,Rush Hour,64
TE05140,EDGE0152,LOC022,2024-09-29T08:48:54,Low,76,90,29,Construction,52
TE05141,EDGE0356,LOC037,2025-05-08T22:40:04,Severe,11,20,85,Rush Hour,153
TE05142,EDGE0094,LOC069,2026-01-18T23:07:24,Low,89,90,2,Event,3
TE05143,EDGE0235,LOC046,2024-04-14T21:05:06,Low,82,90,16,Rush Hour,28
TE05144,EDGE0216,LOC055,2025-06-04T13:37:41,Low,80,90,21,Event,37
TE05145,EDGE0011,LOC070,2024-01-28T09:59:41,Moderate,54,70,43,Weather-related,77
TE05146,EDGE0181,LOC070,2026-06-27T19:45:25,Moderate,57,70,35,Construction,63
TE05147,EDGE0163,LOC004,2025-11-28T08:38:10,High,29,45,67,Event,120
TE05148,EDGE0336,LOC069,2025-08-16T23:50:20,Low,84,90,13,Event,23
TE05149,EDGE0120,LOC027,2026-03-04T20:26:07,Low,77,90,27,Accident,48
TE05150,EDGE0220,LOC003,2024-12-27T01:26:59,Moderate,53,70,47,Weather-related,84
TE05151,EDGE0221,LOC075,2026-02-21T00:51:34,Low,76,90,29,Weather-related,52
TE05152,EDGE0279,LOC013,2024-01-21T15:32:59,High,29,45,71,Weather-related,127
TE05153,EDGE0317,LOC049,2024-12-27T08:10:36,Low,90,90,0,Weather-related,0
TE05154,EDGE0292,LOC030,2024-02-02T22:53:31,Severe,10,20,96,Event,172
TE05155,EDGE0176,LOC011,2024-07-11T17:08:56,High,29,45,67,Event,120
TE05156,EDGE0193,LOC047,2025-04-24T18:42:41,Moderate,58,70,33,Event,59
TE05157,EDGE0310,LOC051,2025-01-02T05:29:37,Low,80,90,21,Accident,37
TE05158,EDGE0344,LOC003,2025-10-27T15:33:30,High,29,45,67,Event,120
TE05159,EDGE0071,LOC058,2025-01-13T08:02:34,Low,87,90,5,Event,9
TE05160,EDGE0102,LOC052,2024-05-03T07:51:37,Low,83,90,14,Event,25
TE05161,EDGE0371,LOC002,2024-04-03T02:05:31,Severe,10,20,97,Rush Hour,174
TE05162,EDGE0153,LOC011,2024-08-01T16:26:24,Moderate,57,70,36,Construction,64
TE05163,EDGE0097,LOC019,2025-08-04T19:15:10,High,31,45,61,Rush Hour,109
TE05164,EDGE0119,LOC028,2026-02-13T17:52:15,High,30,45,63,Rush Hour,113
TE05165,EDGE0329,LOC030,2025-04-05T18:35:55,High,28,45,74,Accident,133
TE05166,EDGE0038,LOC030,2024-11-09T19:32:43,Severe,11,20,84,Construction,151
TE05167,EDGE0234,LOC071,2024-08-23T14:41:21,Severe,10,20,92,Accident,165
TE05168,EDGE0010,LOC063,2025-08-06T16:53:55,High,29,45,67,Event,120
TE05169,EDGE0118,LOC012,2024-11-13T12:02:14,Severe,10,20,95,Weather-related,171
TE05170,EDGE0050,LOC001,2024-02-28T21:15:53,Severe,10,20,93,Event,167
TE05171,EDGE0248,LOC057,2025-01-04T19:40:04,Low,89,90,2,Weather-related,3
TE05172,EDGE0164,LOC012,2025-11-20T07:18:42,Moderate,58,70,34,Construction,61
TE05173,EDGE0359,LOC074,2025-05-25T14:26:45,Low,76,90,30,Rush Hour,54
TE05174,EDGE0261,LOC038,2024-07-27T13:50:13,Low,78,90,26,Rush Hour,46
TE05175,EDGE0189,LOC064,2025-03-08T01:18:19,Low,79,90,24,Weather-related,43
TE05176,EDGE0328,LOC046,2025-05-08T06:41:57,Moderate,58,70,32,Event,57
TE05177,EDGE0087,LOC038,2024-03-02T12:40:25,Severe,11,20,81,Event,145
TE05178,EDGE0274,LOC069,2026-03-20T03:32:51,Low,87,90,6,Construction,10
TE05179,EDGE0159,LOC057,2025-10-06T12:20:49,Severe,10,20,99,Construction,178
TE05180,EDGE0371,LOC008,2025-03-24T02:23:08,High,28,45,74,Event,133
TE05181,EDGE0224,LOC039,2024-02-06T19:21:05,Severe,10,20,97,Event,174
TE05182,EDGE0253,LOC017,2024-12-21T18:06:44,Low,89,90,1,Event,1
TE05183,EDGE0332,LOC026,2025-05-29T14:39:03,Severe,10,20,100,Event,180
TE05184,EDGE0327,LOC001,2025-06-16T09:50:29,Severe,10,20,93,Weather-related,167
TE05185,EDGE0171,LOC036,2025-01-11T07:41:48,Moderate,53,70,46,Weather-related,82
TE05186,EDGE0277,LOC053,2024-11-15T17:25:48,High,29,45,69,Accident,124
TE05187,EDGE0055,LOC065,2026-04-17T18:59:58,Low,79,90,24,Rush Hour,43
TE05188,EDGE0221,LOC066,2024-03-25T00:01:26,Moderate,53,70,46,Accident,82
TE05189,EDGE0357,LOC020,2025-01-20T18:42:48,Moderate,51,70,53,Event,95
TE05190,EDGE0352,LOC020,2024-12-11T13:18:55,Low,85,90,11,Weather-related,19
TE05191,EDGE0019,LOC016,2025-08-15T14:49:33,Severe,11,20,84,Event,151
TE05192,EDGE0009,LOC010,2026-03-21T01:52:57,Low,87,90,6,Event,10
TE05193,EDGE0074,LOC024,2025-05-14T15:29:46,Moderate,52,70,51,Weather-related,91
TE05194,EDGE0163,LOC048,2024-10-12T03:04:16,High,29,45,70,Rush Hour,126
TE05195,EDGE0093,LOC031,2025-11-18T04:24:33,Low,82,90,16,Event,28
TE05196,EDGE0366,LOC008,2024-01-10T09:17:12,Moderate,56,70,38,Event,68
TE05197,EDGE0210,LOC001,2024-04-10T09:05:30,Low,82,90,16,Weather-related,28
TE05198,EDGE0102,LOC009,2026-02-02T17:45:11,High,29,45,68,Rush Hour,122
TE05199,EDGE0238,LOC042,2024-04-18T17:13:36,Low,81,90,19,Event,34
TE05200,EDGE0222,LOC028,2024-10-25T23:37:55,Moderate,49,70,60,Rush Hour,108
TE05201,EDGE0202,LOC042,2024-03-21T22:41:04,High,30,45,64,Weather-related,115
TE05202,EDGE0295,LOC012,2024-08-07T20:41:44,Moderate,56,70,39,Rush Hour,70
TE05203,EDGE0132,LOC017,2024-11-13T05:52:26,Moderate,49,70,60,Weather-related,108
TE05204,EDGE0084,LOC074,2024-07-14T01:15:12,Severe,10,20,98,Weather-related,176
TE05205,EDGE0090,LOC033,2024-05-22T13:02:17,High,28,45,73,Event,131
TE05206,EDGE0187,LOC017,2024-09-26T19:06:14,Low,76,90,30,Accident,54
TE05207,EDGE0329,LOC021,2026-05-02T14:30:10,Moderate,56,70,39,Event,70
TE05208,EDGE0090,LOC028,2024-11-13T11:35:24,Low,83,90,15,Accident,27
TE05209,EDGE0269,LOC007,2025-01-02T02:16:48,Severe,10,20,98,Weather-related,176
TE05210,EDGE0161,LOC060,2026-02-27T06:09:30,Low,79,90,24,Event,43
TE05211,EDGE0071,LOC073,2024-05-01T10:11:03,High,29,45,70,Rush Hour,126
TE05212,EDGE0073,LOC043,2025-10-24T03:22:19,Severe,11,20,88,Event,158
TE05213,EDGE0114,LOC033,2025-12-26T13:47:24,High,31,45,61,Rush Hour,109
TE05214,EDGE0097,LOC039,2025-04-28T20:10:52,Low,77,90,28,Rush Hour,50
TE05215,EDGE0333,LOC017,2024-09-12T00:17:02,Severe,10,20,94,Event,169
TE05216,EDGE0271,LOC011,2024-11-02T20:41:08,Low,82,90,16,Event,28
TE05217,EDGE0116,LOC060,2025-01-15T11:27:51,Low,80,90,21,Construction,37
TE05218,EDGE0077,LOC054,2025-10-20T16:29:28,Severe,10,20,92,Construction,165
TE05219,EDGE0280,LOC043,2024-10-01T01:59:32,Low,78,90,26,Rush Hour,46
TE05220,EDGE0207,LOC037,2025-01-21T18:15:11,Severe,11,20,85,Accident,153
TE05221,EDGE0273,LOC039,2025-04-15T20:24:48,Moderate,53,70,48,Rush Hour,86
TE05222,EDGE0114,LOC050,2025-03-19T06:43:36,Low,88,90,3,Construction,5
TE05223,EDGE0331,LOC006,2026-06-14T10:33:48,Moderate,58,70,32,Rush Hour,57
TE05224,EDGE0356,LOC040,2025-11-27T08:45:40,Severe,10,20,91,Event,163
TE05225,EDGE0182,LOC032,2024-11-08T20:46:25,Severe,10,20,93,Accident,167
TE05226,EDGE0298,LOC043,2025-02-26T07:42:16,High,29,45,69,Event,124
TE05227,EDGE0014,LOC051,2026-01-17T11:20:39,Low,83,90,15,Weather-related,27
TE05228,EDGE0220,LOC045,2024-05-04T07:12:41,Low,90,90,0,Construction,0
TE05229,EDGE0108,LOC048,2025-07-12T14:11:10,High,27,45,79,Rush Hour,142
TE05230,EDGE0335,LOC063,2025-09-10T15:37:48,Moderate,54,70,45,Rush Hour,81
TE05231,EDGE0109,LOC055,2025-08-09T18:19:43,Low,83,90,14,Construction,25
TE05232,EDGE0056,LOC006,2024-09-17T14:46:16,Moderate,52,70,49,Accident,88
TE05233,EDGE0306,LOC064,2026-01-01T05:28:14,Moderate,56,70,40,Event,72
TE05234,EDGE0334,LOC059,2025-11-16T15:41:33,Low,82,90,17,Accident,30
TE05235,EDGE0217,LOC046,2025-10-18T15:17:45,Moderate,49,70,60,Accident,108
TE05236,EDGE0074,LOC045,2026-02-23T22:40:18,Moderate,54,70,45,Construction,81
TE05237,EDGE0097,LOC001,2025-11-04T07:27:35,High,28,45,75,Weather-related,135
TE05238,EDGE0369,LOC064,2024-08-30T03:34:13,Moderate,57,70,35,Rush Hour,63
TE05239,EDGE0017,LOC061,2026-01-18T18:17:22,Moderate,52,70,51,Event,91
TE05240,EDGE0256,LOC019,2024-01-31T18:36:37,High,30,45,66,Weather-related,118
TE05241,EDGE0152,LOC025,2025-08-15T12:20:33,Low,87,90,5,Weather-related,9
TE05242,EDGE0084,LOC024,2025-10-25T22:31:32,Severe,10,20,95,Weather-related,171
TE05243,EDGE0190,LOC070,2024-05-09T07:08:44,Severe,11,20,86,Rush Hour,154
TE05244,EDGE0103,LOC010,2025-04-11T09:26:36,Low,86,90,8,Event,14
TE05245,EDGE0121,LOC046,2026-04-14T12:10:52,Moderate,56,70,38,Event,68
TE05246,EDGE0355,LOC063,2024-08-25T08:44:55,Severe,10,20,99,Weather-related,178
TE05247,EDGE0016,LOC072,2026-05-08T19:49:17,Moderate,55,70,41,Accident,73
TE05248,EDGE0185,LOC019,2024-09-29T22:32:43,Low,82,90,17,Construction,30
TE05249,EDGE0118,LOC043,2025-02-03T16:31:50,Low,78,90,25,Construction,45
TE05250,EDGE0338,LOC038,2025-08-14T00:12:46,Moderate,56,70,38,Event,68
TE05251,EDGE0306,LOC032,2025-12-21T06:10:15,High,27,45,79,Event,142
TE05252,EDGE0078,LOC053,2025-04-20T02:48:47,Severe,11,20,89,Event,160
TE05253,EDGE0170,LOC037,2025-12-05T15:32:58,Low,88,90,3,Accident,5
TE05254,EDGE0210,LOC054,2025-03-15T23:25:16,Moderate,54,70,44,Construction,79
TE05255,EDGE0133,LOC052,2025-08-05T18:29:22,Low,80,90,21,Construction,37
TE05256,EDGE0043,LOC039,2026-05-23T06:10:35,Moderate,49,70,60,Event,108
TE05257,EDGE0069,LOC048,2026-01-16T23:10:34,High,30,45,65,Event,117
TE05258,EDGE0020,LOC052,2024-04-21T18:06:16,Low,80,90,22,Accident,39
TE05259,EDGE0228,LOC047,2025-06-01T15:52:09,Moderate,58,70,33,Construction,59
TE05260,EDGE0266,LOC010,2024-07-31T06:55:04,Moderate,57,70,37,Rush Hour,66
TE05261,EDGE0320,LOC017,2025-12-29T23:13:27,Moderate,55,70,41,Accident,73
TE05262,EDGE0073,LOC064,2024-10-31T00:48:43,Severe,10,20,94,Weather-related,169
TE05263,EDGE0349,LOC001,2024-08-28T08:32:44,Severe,11,20,87,Rush Hour,156
TE05264,EDGE0305,LOC014,2024-10-21T13:45:46,Severe,10,20,96,Construction,172
TE05265,EDGE0292,LOC028,2024-01-07T11:51:44,Moderate,50,70,56,Event,100
TE05266,EDGE0019,LOC057,2024-01-20T22:29:46,Low,78,90,26,Event,46
TE05267,EDGE0251,LOC008,2026-02-16T19:26:30,High,29,45,71,Weather-related,127
TE05268,EDGE0101,LOC009,2025-08-04T09:20:33,Severe,10,20,91,Rush Hour,163
TE05269,EDGE0248,LOC032,2026-02-02T10:43:21,Moderate,53,70,46,Weather-related,82
TE05270,EDGE0354,LOC031,2025-09-20T10:54:47,Low,88,90,3,Construction,5
TE05271,EDGE0331,LOC021,2025-10-07T22:53:57,Low,85,90,10,Event,18
TE05272,EDGE0173,LOC033,2025-09-05T01:36:25,Severe,10,20,94,Accident,169
TE05273,EDGE0031,LOC064,2025-08-02T15:51:00,Moderate,49,70,60,Rush Hour,108
TE05274,EDGE0323,LOC063,2025-08-19T13:57:10,Low,78,90,26,Rush Hour,46
TE05275,EDGE0293,LOC041,2026-01-30T11:47:18,Severe,11,20,90,Construction,162
TE05276,EDGE0256,LOC015,2025-04-23T04:01:09,Low,82,90,16,Construction,28
TE05277,EDGE0342,LOC034,2024-04-20T15:48:33,Severe,10,20,93,Rush Hour,167
TE05278,EDGE0165,LOC034,2025-09-27T00:42:20,Severe,11,20,84,Accident,151
TE05279,EDGE0346,LOC058,2024-03-01T07:34:17,High,29,45,71,Accident,127
TE05280,EDGE0277,LOC038,2024-07-12T08:51:28,Moderate,54,70,43,Rush Hour,77
TE05281,EDGE0167,LOC031,2025-08-20T19:21:12,Moderate,55,70,42,Accident,75
TE05282,EDGE0333,LOC061,2026-05-28T15:25:00,Severe,11,20,82,Event,147
TE05283,EDGE0032,LOC037,2024-09-09T05:18:30,Moderate,59,70,31,Rush Hour,55
TE05284,EDGE0278,LOC012,2024-10-28T17:21:07,Low,87,90,5,Weather-related,9
TE05285,EDGE0210,LOC068,2025-11-08T18:21:58,Low,78,90,26,Rush Hour,46
TE05286,EDGE0004,LOC061,2025-01-31T12:43:24,Moderate,55,70,42,Event,75
TE05287,EDGE0009,LOC019,2025-06-25T11:57:19,Moderate,58,70,32,Rush Hour,57
TE05288,EDGE0087,LOC071,2026-03-02T15:34:36,Severe,10,20,92,Accident,165
TE05289,EDGE0077,LOC028,2026-01-29T01:08:33,Severe,10,20,99,Event,178
TE05290,EDGE0146,LOC018,2025-07-25T22:45:55,Severe,10,20,92,Accident,165
TE05291,EDGE0368,LOC074,2024-03-30T15:23:02,Low,79,90,24,Rush Hour,43
TE05292,EDGE0143,LOC002,2025-08-21T14:15:40,Severe,11,20,81,Weather-related,145
TE05293,EDGE0214,LOC032,2025-10-20T17:22:10,Severe,11,20,83,Weather-related,149
TE05294,EDGE0296,LOC024,2025-01-18T09:03:56,Moderate,59,70,31,Weather-related,55
TE05295,EDGE0249,LOC064,2025-01-11T11:34:11,Moderate,49,70,58,Event,104
TE05296,EDGE0258,LOC017,2026-01-12T02:53:59,Moderate,53,70,47,Event,84
TE05297,EDGE0080,LOC008,2024-02-23T14:32:07,Low,83,90,15,Accident,27
TE05298,EDGE0068,LOC029,2025-07-15T10:30:04,Severe,11,20,89,Construction,160
TE05299,EDGE0254,LOC047,2024-02-13T21:27:46,Low,85,90,11,Weather-related,19
TE05300,EDGE0349,LOC069,2024-08-17T17:31:32,Low,85,90,11,Accident,19
TE05301,EDGE0318,LOC008,2025-02-09T23:06:52,Moderate,57,70,36,Construction,64
TE05302,EDGE0126,LOC046,2025-12-08T13:10:51,Severe,10,20,92,Event,165
TE05303,EDGE0051,LOC010,2024-08-16T22:15:16,Moderate,58,70,33,Accident,59
TE05304,EDGE0335,LOC015,2025-01-30T00:32:42,Low,87,90,5,Rush Hour,9
TE05305,EDGE0218,LOC053,2025-01-19T08:17:32,Low,89,90,2,Construction,3
TE05306,EDGE0132,LOC025,2026-06-17T10:08:41,Moderate,50,70,57,Rush Hour,102
TE05307,EDGE0045,LOC053,2024-09-07T18:27:01,Low,79,90,24,Construction,43
TE05308,EDGE0010,LOC046,2024-01-20T03:58:16,Low,81,90,18,Construction,32
TE05309,EDGE0337,LOC024,2024-06-30T08:02:01,Severe,10,20,94,Rush Hour,169
TE05310,EDGE0149,LOC054,2024-05-23T09:24:35,Low,77,90,28,Rush Hour,50
TE05311,EDGE0106,LOC041,2025-08-20T01:31:19,Moderate,54,70,43,Weather-related,77
TE05312,EDGE0163,LOC046,2025-09-09T18:05:50,Moderate,52,70,51,Weather-related,91
TE05313,EDGE0057,LOC048,2026-06-29T13:38:40,Moderate,54,70,44,Weather-related,79
TE05314,EDGE0321,LOC002,2024-05-04T19:36:08,Low,87,90,5,Construction,9
TE05315,EDGE0031,LOC048,2026-03-16T12:27:43,Moderate,58,70,33,Accident,59
TE05316,EDGE0125,LOC022,2024-10-20T07:50:27,Severe,10,20,93,Rush Hour,167
TE05317,EDGE0020,LOC027,2025-10-19T00:31:38,Moderate,52,70,50,Event,90
TE05318,EDGE0176,LOC039,2024-09-14T14:21:07,Low,82,90,17,Accident,30
TE05319,EDGE0189,LOC053,2025-10-25T02:55:19,Moderate,54,70,44,Construction,79
TE05320,EDGE0145,LOC050,2025-01-27T19:43:22,High,29,45,69,Construction,124
TE05321,EDGE0048,LOC039,2025-04-14T11:33:43,Moderate,55,70,41,Construction,73
TE05322,EDGE0012,LOC060,2026-02-16T17:27:58,Low,78,90,26,Event,46
TE05323,EDGE0181,LOC069,2026-04-08T07:11:08,Low,79,90,24,Accident,43
TE05324,EDGE0200,LOC059,2025-08-17T15:23:37,High,27,45,78,Construction,140
TE05325,EDGE0302,LOC044,2026-06-29T10:38:15,Low,82,90,17,Rush Hour,30
TE05326,EDGE0304,LOC064,2025-04-23T10:17:03,High,28,45,72,Accident,129
TE05327,EDGE0205,LOC029,2025-10-01T09:53:43,Severe,11,20,89,Weather-related,160
TE05328,EDGE0339,LOC042,2024-05-18T01:26:31,Low,82,90,16,Rush Hour,28
TE05329,EDGE0265,LOC023,2024-06-18T18:01:57,Low,86,90,7,Accident,12
TE05330,EDGE0353,LOC041,2026-06-08T12:30:40,High,28,45,74,Construction,133
TE05331,EDGE0135,LOC010,2025-06-18T23:53:40,Low,82,90,17,Event,30
TE05332,EDGE0161,LOC029,2024-08-09T16:44:39,Low,90,90,0,Rush Hour,0
TE05333,EDGE0364,LOC016,2025-02-21T21:50:32,Low,88,90,4,Weather-related,7
TE05334,EDGE0343,LOC012,2024-11-21T11:40:43,Low,85,90,10,Weather-related,18
TE05335,EDGE0093,LOC034,2025-09-10T05:24:18,High,29,45,71,Event,127
TE05336,EDGE0231,LOC058,2025-04-23T14:48:48,Moderate,54,70,43,Accident,77
TE05337,EDGE0090,LOC014,2024-01-10T23:21:58,High,27,45,79,Event,142
TE05338,EDGE0126,LOC070,2024-09-18T14:21:29,Moderate,56,70,38,Accident,68
TE05339,EDGE0202,LOC053,2026-02-02T20:46:19,Moderate,51,70,54,Event,97
TE05340,EDGE0371,LOC044,2024-01-03T10:51:13,Low,85,90,10,Event,18
TE05341,EDGE0133,LOC065,2024-05-30T11:36:00,Moderate,49,70,58,Rush Hour,104
TE05342,EDGE0024,LOC073,2024-04-18T11:52:46,Moderate,52,70,49,Rush Hour,88
TE05343,EDGE0221,LOC069,2025-10-11T02:11:22,Low,79,90,24,Rush Hour,43
TE05344,EDGE0010,LOC070,2026-03-26T12:00:05,Moderate,57,70,35,Rush Hour,63
TE05345,EDGE0033,LOC003,2025-10-09T13:00:29,Low,77,90,28,Accident,50
TE05346,EDGE0272,LOC019,2025-03-23T22:06:14,Moderate,50,70,57,Rush Hour,102
TE05347,EDGE0298,LOC071,2025-10-31T10:57:55,High,30,45,63,Event,113
TE05348,EDGE0021,LOC014,2024-09-22T01:42:22,Low,85,90,11,Rush Hour,19
TE05349,EDGE0110,LOC058,2024-10-01T00:43:01,High,30,45,64,Construction,115
TE05350,EDGE0071,LOC040,2025-08-05T00:00:58,Moderate,51,70,52,Weather-related,93
TE05351,EDGE0086,LOC062,2024-10-16T13:29:49,Moderate,49,70,58,Event,104
TE05352,EDGE0263,LOC030,2024-07-27T16:15:44,High,28,45,73,Rush Hour,131
TE05353,EDGE0293,LOC049,2024-11-03T14:44:25,Severe,11,20,88,Rush Hour,158
TE05354,EDGE0235,LOC036,2026-01-25T16:57:47,Moderate,54,70,43,Rush Hour,77
TE05355,EDGE0208,LOC055,2024-10-09T16:52:03,Low,81,90,20,Weather-related,36
TE05356,EDGE0111,LOC045,2026-02-19T18:47:55,Severe,11,20,89,Weather-related,160
TE05357,EDGE0342,LOC021,2024-06-20T05:58:47,Low,83,90,14,Event,25
TE05358,EDGE0262,LOC061,2025-12-01T01:51:06,Severe,11,20,83,Accident,149
TE05359,EDGE0139,LOC008,2026-05-30T22:43:37,Low,81,90,18,Weather-related,32
TE05360,EDGE0238,LOC026,2024-11-26T05:18:35,High,27,45,80,Construction,144
TE05361,EDGE0152,LOC060,2024-10-15T09:05:16,Moderate,56,70,39,Weather-related,70
TE05362,EDGE0121,LOC042,2024-11-08T03:37:04,Severe,10,20,100,Construction,180
TE05363,EDGE0127,LOC023,2024-04-01T15:00:38,Moderate,58,70,34,Weather-related,61
TE05364,EDGE0140,LOC063,2024-10-10T20:38:44,High,31,45,62,Rush Hour,111
TE05365,EDGE0156,LOC050,2024-10-25T01:59:06,Low,76,90,29,Rush Hour,52
TE05366,EDGE0097,LOC028,2025-02-06T21:20:24,Low,81,90,18,Accident,32
TE05367,EDGE0147,LOC056,2025-09-27T00:53:07,Low,87,90,6,Event,10
TE05368,EDGE0289,LOC036,2025-11-15T15:37:19,Severe,10,20,99,Construction,178
TE05369,EDGE0064,LOC010,2024-06-18T15:06:04,Low,85,90,11,Event,19
TE05370,EDGE0316,LOC018,2024-09-15T01:37:52,High,27,45,80,Weather-related,144
TE05371,EDGE0311,LOC024,2024-05-03T23:31:30,Moderate,55,70,42,Accident,75
TE05372,EDGE0051,LOC011,2025-03-31T08:30:50,Moderate,57,70,36,Weather-related,64
TE05373,EDGE0050,LOC048,2024-05-13T03:23:27,Low,85,90,9,Rush Hour,16
TE05374,EDGE0123,LOC039,2025-08-09T18:44:26,Low,89,90,2,Rush Hour,3
TE05375,EDGE0328,LOC026,2024-07-12T16:27:58,Severe,10,20,91,Construction,163
TE05376,EDGE0218,LOC010,2025-03-05T22:26:34,Low,78,90,25,Weather-related,45
TE05377,EDGE0068,LOC051,2024-04-09T19:52:38,High,29,45,67,Accident,120
TE05378,EDGE0117,LOC061,2025-06-15T12:20:53,Low,78,90,25,Construction,45
TE05379,EDGE0250,LOC050,2024-02-16T02:03:10,Low,82,90,17,Weather-related,30
TE05380,EDGE0061,LOC055,2026-06-28T18:28:49,Low,85,90,9,Event,16
TE05381,EDGE0251,LOC050,2024-12-30T17:14:15,Low,90,90,0,Accident,0
TE05382,EDGE0282,LOC025,2026-01-12T09:17:45,Moderate,56,70,38,Event,68
TE05383,EDGE0207,LOC060,2026-01-23T17:21:23,Low,90,90,0,Construction,0
TE05384,EDGE0360,LOC019,2024-06-05T14:26:14,Moderate,53,70,48,Weather-related,86
TE05385,EDGE0339,LOC050,2024-01-15T18:25:51,High,30,45,65,Rush Hour,117
TE05386,EDGE0104,LOC060,2024-04-04T20:21:00,High,30,45,66,Accident,118
TE05387,EDGE0016,LOC040,2025-02-17T08:12:33,High,29,45,71,Rush Hour,127
TE05388,EDGE0360,LOC043,2024-01-12T05:25:45,Low,89,90,1,Rush Hour,1
TE05389,EDGE0328,LOC053,2026-06-23T19:08:24,Moderate,53,70,48,Construction,86
TE05390,EDGE0244,LOC024,2024-03-06T00:37:46,Low,77,90,28,Accident,50
TE05391,EDGE0168,LOC057,2024-05-30T10:31:33,Low,87,90,5,Accident,9
TE05392,EDGE0324,LOC035,2024-11-23T21:11:55,Low,88,90,3,Accident,5
TE05393,EDGE0231,LOC039,2026-03-22T10:02:35,Low,84,90,12,Rush Hour,21
TE05394,EDGE0117,LOC033,2024-01-12T06:44:43,Low,76,90,30,Accident,54
TE05395,EDGE0226,LOC067,2025-08-06T13:50:10,Low,88,90,4,Weather-related,7
TE05396,EDGE0003,LOC056,2026-03-18T21:46:06,Severe,10,20,95,Rush Hour,171
TE05397,EDGE0168,LOC064,2025-02-16T23:04:36,Moderate,52,70,49,Rush Hour,88
TE05398,EDGE0294,LOC011,2026-01-24T20:38:24,Moderate,58,70,33,Weather-related,59
TE05399,EDGE0046,LOC037,2026-01-05T03:21:34,High,30,45,63,Event,113
TE05400,EDGE0234,LOC052,2025-06-07T13:23:16,Low,83,90,14,Rush Hour,25
TE05401,EDGE0004,LOC014,2025-10-29T03:11:29,High,29,45,71,Construction,127
TE05402,EDGE0179,LOC042,2025-06-06T19:30:03,Moderate,58,70,34,Event,61
TE05403,EDGE0207,LOC038,2025-07-29T23:52:16,High,29,45,69,Accident,124
TE05404,EDGE0264,LOC051,2025-06-16T22:51:15,Low,83,90,14,Accident,25
TE05405,EDGE0361,LOC006,2025-05-04T16:23:42,Low,83,90,14,Event,25
TE05406,EDGE0004,LOC053,2025-01-07T04:49:28,Low,86,90,7,Weather-related,12
TE05407,EDGE0022,LOC042,2025-07-15T02:54:29,Moderate,58,70,32,Event,57
TE05408,EDGE0109,LOC052,2025-09-11T00:05:19,Severe,10,20,95,Rush Hour,171
TE05409,EDGE0087,LOC066,2025-08-10T21:06:19,Moderate,56,70,38,Accident,68
TE05410,EDGE0008,LOC069,2024-03-29T22:07:09,Low,87,90,6,Accident,10
TE05411,EDGE0315,LOC051,2025-07-07T01:43:54,Severe,10,20,93,Event,167
TE05412,EDGE0223,LOC068,2025-05-28T00:48:29,Low,81,90,20,Accident,36
TE05413,EDGE0149,LOC037,2024-06-04T14:52:58,Moderate,55,70,41,Weather-related,73
TE05414,EDGE0154,LOC009,2024-01-05T19:00:16,High,30,45,63,Weather-related,113
TE05415,EDGE0299,LOC067,2025-12-10T19:11:04,Severe,10,20,97,Weather-related,174
TE05416,EDGE0281,LOC029,2025-09-16T04:30:04,Low,85,90,10,Accident,18
TE05417,EDGE0327,LOC027,2024-08-03T17:11:20,Low,78,90,26,Weather-related,46
TE05418,EDGE0058,LOC029,2024-02-09T21:26:08,Moderate,51,70,53,Rush Hour,95
TE05419,EDGE0137,LOC059,2024-07-09T21:50:25,High,29,45,69,Weather-related,124
TE05420,EDGE0190,LOC056,2026-04-04T07:17:44,Moderate,58,70,32,Accident,57
TE05421,EDGE0012,LOC008,2025-03-10T03:18:16,Low,89,90,2,Accident,3
TE05422,EDGE0325,LOC071,2025-01-21T02:09:17,Severe,11,20,87,Construction,156
TE05423,EDGE0263,LOC041,2025-07-26T08:03:43,Moderate,56,70,39,Accident,70
TE05424,EDGE0265,LOC028,2025-12-03T00:43:37,Severe,11,20,86,Accident,154
TE05425,EDGE0279,LOC066,2026-01-08T04:43:07,Low,76,90,30,Rush Hour,54
TE05426,EDGE0142,LOC067,2026-03-10T21:23:07,Moderate,54,70,44,Rush Hour,79
TE05427,EDGE0162,LOC032,2025-10-03T18:28:32,Moderate,49,70,58,Weather-related,104
TE05428,EDGE0345,LOC031,2024-10-18T22:43:20,High,27,45,77,Accident,138
TE05429,EDGE0113,LOC064,2024-01-05T20:39:41,High,30,45,66,Accident,118
TE05430,EDGE0297,LOC057,2025-05-15T11:52:27,Severe,10,20,98,Event,176
TE05431,EDGE0315,LOC074,2024-01-26T20:01:21,Low,85,90,10,Weather-related,18
TE05432,EDGE0371,LOC004,2025-07-13T13:26:18,Low,85,90,10,Construction,18
TE05433,EDGE0333,LOC014,2024-03-12T01:50:35,High,31,45,62,Event,111
TE05434,EDGE0090,LOC011,2025-05-20T16:27:32,Severe,10,20,95,Event,171
TE05435,EDGE0050,LOC021,2025-11-21T04:56:03,Low,85,90,11,Accident,19
TE05436,EDGE0045,LOC066,2024-12-28T19:41:51,Low,77,90,27,Accident,48
TE05437,EDGE0061,LOC018,2026-01-22T16:49:00,Moderate,52,70,50,Weather-related,90
TE05438,EDGE0187,LOC013,2025-09-13T15:14:22,Low,84,90,12,Construction,21
TE05439,EDGE0169,LOC038,2024-05-06T09:39:53,Severe,11,20,87,Weather-related,156
TE05440,EDGE0230,LOC005,2025-06-25T02:49:52,Low,78,90,26,Event,46
TE05441,EDGE0150,LOC063,2025-10-26T17:52:30,High,31,45,61,Weather-related,109
TE05442,EDGE0106,LOC024,2026-01-09T15:06:41,Moderate,51,70,52,Rush Hour,93
TE05443,EDGE0019,LOC034,2024-06-05T01:15:38,High,27,45,80,Accident,144
TE05444,EDGE0210,LOC023,2025-08-20T20:33:59,Low,81,90,19,Event,34
TE05445,EDGE0163,LOC043,2025-04-01T12:00:20,Severe,11,20,90,Rush Hour,162
TE05446,EDGE0240,LOC074,2024-10-30T00:59:45,Severe,11,20,87,Weather-related,156
TE05447,EDGE0231,LOC053,2024-08-10T09:26:43,High,28,45,73,Accident,131
TE05448,EDGE0230,LOC029,2026-03-18T21:02:03,Moderate,52,70,49,Construction,88
TE05449,EDGE0363,LOC047,2026-06-07T09:42:08,Low,83,90,15,Rush Hour,27
TE05450,EDGE0073,LOC069,2026-02-22T22:13:00,Low,83,90,14,Rush Hour,25
TE05451,EDGE0066,LOC019,2024-02-19T07:34:02,High,27,45,77,Event,138
TE05452,EDGE0001,LOC075,2024-07-17T15:01:00,Severe,10,20,91,Rush Hour,163
TE05453,EDGE0294,LOC059,2026-02-12T11:59:29,Severe,10,20,95,Rush Hour,171
TE05454,EDGE0121,LOC056,2024-05-15T06:56:47,Low,76,90,30,Weather-related,54
TE05455,EDGE0172,LOC063,2025-04-13T03:04:44,Low,90,90,0,Event,0
TE05456,EDGE0239,LOC003,2026-05-02T10:45:29,Severe,10,20,100,Event,180
TE05457,EDGE0094,LOC001,2025-12-26T03:40:44,Low,88,90,3,Rush Hour,5
TE05458,EDGE0153,LOC047,2024-09-18T01:27:51,Moderate,58,70,32,Construction,57
TE05459,EDGE0284,LOC057,2025-11-24T06:46:26,Low,78,90,25,Weather-related,45
TE05460,EDGE0222,LOC056,2024-06-28T16:48:44,Moderate,54,70,44,Weather-related,79
TE05461,EDGE0290,LOC004,2026-01-19T00:32:46,Moderate,55,70,42,Event,75
TE05462,EDGE0053,LOC010,2026-04-19T21:33:38,Low,85,90,10,Event,18
TE05463,EDGE0030,LOC049,2025-01-09T05:27:47,Moderate,52,70,49,Event,88
TE05464,EDGE0153,LOC064,2025-01-13T00:58:09,Severe,11,20,87,Construction,156
TE05465,EDGE0260,LOC043,2024-11-24T18:32:30,Low,88,90,4,Weather-related,7
TE05466,EDGE0276,LOC055,2024-09-21T18:12:11,Low,83,90,15,Construction,27
TE05467,EDGE0113,LOC024,2024-05-18T22:15:35,Low,79,90,23,Accident,41
TE05468,EDGE0268,LOC047,2024-06-12T20:11:40,High,29,45,70,Rush Hour,126
TE05469,EDGE0009,LOC012,2025-11-06T14:00:04,Low,82,90,16,Accident,28
TE05470,EDGE0155,LOC023,2024-02-15T09:28:01,High,28,45,74,Rush Hour,133
TE05471,EDGE0217,LOC001,2024-09-05T22:00:14,Low,90,90,0,Construction,0
TE05472,EDGE0037,LOC017,2025-05-22T04:49:54,Low,87,90,5,Accident,9
TE05473,EDGE0095,LOC024,2025-08-18T17:32:11,Low,85,90,9,Weather-related,16
TE05474,EDGE0277,LOC028,2025-03-11T12:29:53,Low,79,90,24,Rush Hour,43
TE05475,EDGE0226,LOC001,2024-12-08T08:12:50,Severe,10,20,93,Construction,167
TE05476,EDGE0157,LOC061,2025-02-04T05:05:17,Low,85,90,10,Construction,18
TE05477,EDGE0286,LOC064,2026-01-09T21:50:14,High,27,45,79,Accident,142
TE05478,EDGE0010,LOC071,2024-07-10T05:25:48,Low,88,90,3,Accident,5
TE05479,EDGE0366,LOC041,2024-07-29T21:21:59,Low,84,90,12,Rush Hour,21
TE05480,EDGE0354,LOC039,2026-04-10T09:13:07,Low,77,90,27,Rush Hour,48
TE05481,EDGE0037,LOC049,2026-02-03T05:33:10,Moderate,57,70,36,Weather-related,64
TE05482,EDGE0354,LOC002,2024-05-20T11:54:46,Severe,11,20,81,Rush Hour,145
TE05483,EDGE0298,LOC032,2025-05-31T23:43:29,Moderate,53,70,47,Rush Hour,84
TE05484,EDGE0167,LOC065,2024-12-13T16:06:01,Severe,11,20,89,Event,160
TE05485,EDGE0036,LOC075,2026-06-13T17:47:44,Low,90,90,0,Construction,0
TE05486,EDGE0029,LOC062,2024-04-10T10:57:41,Low,89,90,1,Construction,1
TE05487,EDGE0218,LOC040,2025-06-17T04:23:04,Severe,11,20,90,Weather-related,162
TE05488,EDGE0109,LOC055,2025-08-08T15:57:48,Severe,10,20,97,Construction,174
TE05489,EDGE0051,LOC030,2025-08-15T20:57:43,Moderate,53,70,47,Event,84
TE05490,EDGE0232,LOC062,2026-05-22T21:08:53,High,27,45,80,Event,144
TE05491,EDGE0012,LOC061,2025-11-09T19:08:00,Moderate,53,70,47,Rush Hour,84
TE05492,EDGE0277,LOC022,2024-12-28T12:34:08,Low,82,90,17,Weather-related,30
TE05493,EDGE0082,LOC054,2024-12-13T06:34:45,Moderate,54,70,45,Rush Hour,81
TE05494,EDGE0137,LOC073,2025-02-06T11:43:21,Low,78,90,25,Weather-related,45
TE05495,EDGE0353,LOC057,2024-06-28T17:14:04,Moderate,54,70,43,Event,77
TE05496,EDGE0231,LOC023,2025-03-28T00:23:25,Moderate,58,70,34,Rush Hour,61
TE05497,EDGE0230,LOC044,2024-05-16T04:57:36,Severe,11,20,86,Accident,154
TE05498,EDGE0084,LOC074,2024-06-22T00:38:29,Moderate,56,70,39,Event,70
TE05499,EDGE0280,LOC037,2024-05-18T11:21:31,Severe,10,20,95,Accident,171
TE05500,EDGE0165,LOC056,2025-06-12T12:59:11,High,27,45,78,Weather-related,140
TE05501,EDGE0339,LOC062,2024-10-19T06:58:40,Low,81,90,19,Accident,34
TE05502,EDGE0151,LOC026,2024-06-29T08:45:13,Severe,10,20,100,Rush Hour,180
TE05503,EDGE0353,LOC048,2026-06-08T20:59:10,Severe,10,20,95,Weather-related,171
TE05504,EDGE0102,LOC032,2025-07-25T06:13:48,Moderate,58,70,33,Rush Hour,59
TE05505,EDGE0325,LOC062,2024-07-16T22:28:02,Moderate,54,70,43,Weather-related,77
TE05506,EDGE0060,LOC022,2025-05-01T19:21:56,High,28,45,74,Construction,133
TE05507,EDGE0361,LOC005,2025-08-13T14:42:03,Severe,11,20,88,Accident,158
TE05508,EDGE0078,LOC007,2026-06-15T05:01:07,High,30,45,64,Event,115
TE05509,EDGE0246,LOC023,2024-01-03T14:34:43,Moderate,55,70,42,Weather-related,75
TE05510,EDGE0276,LOC004,2025-04-27T19:25:24,High,27,45,80,Weather-related,144
TE05511,EDGE0260,LOC054,2024-04-06T03:14:15,High,27,45,80,Construction,144
TE05512,EDGE0176,LOC012,2026-04-12T00:43:43,High,28,45,72,Rush Hour,129
TE05513,EDGE0032,LOC031,2024-10-21T22:24:25,Low,76,90,29,Rush Hour,52
TE05514,EDGE0318,LOC074,2025-08-25T23:06:50,High,29,45,70,Rush Hour,126
TE05515,EDGE0267,LOC046,2025-10-20T04:37:29,High,28,45,75,Rush Hour,135
TE05516,EDGE0331,LOC007,2025-05-11T13:09:15,Low,85,90,10,Event,18
TE05517,EDGE0268,LOC042,2025-07-21T01:04:30,Severe,11,20,84,Construction,151
TE05518,EDGE0194,LOC034,2024-07-15T05:04:47,Moderate,56,70,38,Weather-related,68
TE05519,EDGE0214,LOC050,2026-03-18T09:44:09,Severe,11,20,81,Event,145
TE05520,EDGE0093,LOC053,2024-12-11T02:02:15,Severe,10,20,100,Construction,180
TE05521,EDGE0006,LOC059,2024-06-14T13:48:40,High,28,45,75,Rush Hour,135
TE05522,EDGE0235,LOC014,2025-09-06T02:18:50,Moderate,51,70,53,Weather-related,95
TE05523,EDGE0370,LOC001,2024-01-15T06:34:22,Low,79,90,23,Rush Hour,41
TE05524,EDGE0230,LOC069,2026-04-16T05:00:55,Moderate,50,70,56,Accident,100
TE05525,EDGE0278,LOC043,2025-12-16T12:30:57,Severe,10,20,98,Event,176
TE05526,EDGE0007,LOC062,2025-05-05T18:35:00,Low,84,90,12,Event,21
TE05527,EDGE0275,LOC009,2024-08-12T18:50:10,Severe,11,20,82,Rush Hour,147
TE05528,EDGE0306,LOC064,2025-04-06T02:23:02,Low,88,90,3,Event,5
TE05529,EDGE0064,LOC028,2024-12-06T01:20:29,High,28,45,72,Weather-related,129
TE05530,EDGE0273,LOC001,2026-02-15T11:06:44,High,27,45,76,Event,136
TE05531,EDGE0269,LOC016,2025-12-09T00:52:44,Severe,11,20,86,Rush Hour,154
TE05532,EDGE0298,LOC008,2024-08-17T00:24:56,Low,77,90,27,Accident,48
TE05533,EDGE0321,LOC025,2025-03-16T05:39:01,Moderate,49,70,59,Event,106
TE05534,EDGE0106,LOC075,2024-08-14T14:27:13,Moderate,49,70,59,Event,106
TE05535,EDGE0015,LOC019,2024-02-23T08:25:55,Moderate,55,70,42,Accident,75
TE05536,EDGE0275,LOC028,2025-05-12T07:39:37,Severe,10,20,95,Construction,171
TE05537,EDGE0041,LOC046,2025-04-24T20:18:25,Severe,10,20,98,Weather-related,176
TE05538,EDGE0248,LOC063,2026-02-19T10:00:32,Low,86,90,8,Weather-related,14
TE05539,EDGE0204,LOC060,2024-07-10T19:04:19,Moderate,56,70,40,Accident,72
TE05540,EDGE0292,LOC035,2025-02-28T19:02:58,Severe,11,20,88,Rush Hour,158
TE05541,EDGE0265,LOC017,2026-06-10T15:13:31,Severe,11,20,85,Accident,153
TE05542,EDGE0248,LOC063,2026-01-12T23:40:23,Severe,11,20,89,Construction,160
TE05543,EDGE0059,LOC018,2024-12-01T02:04:03,Low,87,90,6,Construction,10
TE05544,EDGE0152,LOC073,2026-02-07T23:53:21,Severe,11,20,88,Rush Hour,158
TE05545,EDGE0097,LOC009,2025-03-28T19:43:30,High,30,45,66,Accident,118
TE05546,EDGE0272,LOC046,2025-08-08T04:42:56,High,29,45,70,Event,126
TE05547,EDGE0123,LOC021,2024-04-01T08:41:31,Moderate,57,70,37,Construction,66
TE05548,EDGE0335,LOC015,2025-06-01T12:31:44,High,29,45,71,Accident,127
TE05549,EDGE0052,LOC024,2024-08-25T05:09:06,Severe,11,20,83,Event,149
TE05550,EDGE0185,LOC002,2024-11-23T04:13:29,High,29,45,70,Construction,126
TE05551,EDGE0035,LOC048,2024-12-15T15:16:56,Low,81,90,19,Accident,34
TE05552,EDGE0089,LOC010,2024-03-22T15:48:49,Moderate,56,70,40,Construction,72
TE05553,EDGE0119,LOC064,2024-10-05T02:21:28,Moderate,53,70,46,Rush Hour,82
TE05554,EDGE0014,LOC003,2026-01-27T07:29:26,High,28,45,72,Weather-related,129
TE05555,EDGE0228,LOC052,2025-08-31T15:39:21,Low,81,90,19,Accident,34
TE05556,EDGE0133,LOC075,2025-04-09T15:19:20,Low,89,90,2,Rush Hour,3
TE05557,EDGE0081,LOC046,2024-09-04T07:09:12,Severe,10,20,94,Accident,169
TE05558,EDGE0365,LOC009,2024-02-03T12:01:55,Severe,11,20,82,Construction,147
TE05559,EDGE0233,LOC044,2026-05-01T04:47:32,Moderate,54,70,44,Event,79
TE05560,EDGE0072,LOC073,2025-09-01T09:27:58,Low,89,90,2,Rush Hour,3
TE05561,EDGE0067,LOC061,2025-06-08T03:33:43,Severe,10,20,95,Weather-related,171
TE05562,EDGE0291,LOC042,2025-10-18T05:36:37,High,31,45,62,Weather-related,111
TE05563,EDGE0060,LOC062,2026-01-05T10:26:13,Severe,10,20,93,Accident,167
TE05564,EDGE0245,LOC066,2025-06-25T01:49:55,Low,85,90,10,Weather-related,18
TE05565,EDGE0245,LOC019,2025-08-30T23:03:34,Low,84,90,12,Accident,21
TE05566,EDGE0359,LOC054,2025-08-30T11:53:20,Moderate,51,70,54,Event,97
TE05567,EDGE0318,LOC029,2024-04-21T13:45:49,Moderate,49,70,60,Event,108
TE05568,EDGE0101,LOC040,2026-03-30T23:28:00,Severe,11,20,81,Rush Hour,145
TE05569,EDGE0037,LOC006,2025-03-15T16:29:28,Moderate,50,70,56,Event,100
TE05570,EDGE0302,LOC003,2025-03-14T15:17:45,Moderate,57,70,35,Event,63
TE05571,EDGE0149,LOC075,2024-10-30T01:33:48,Low,79,90,24,Rush Hour,43
TE05572,EDGE0329,LOC052,2026-05-01T07:17:41,High,28,45,72,Event,129
TE05573,EDGE0234,LOC032,2025-09-03T16:54:04,Low,79,90,23,Event,41
TE05574,EDGE0032,LOC010,2024-05-31T04:20:11,High,28,45,74,Event,133
TE05575,EDGE0154,LOC063,2024-07-22T08:19:52,Severe,11,20,82,Event,147
TE05576,EDGE0018,LOC059,2025-05-17T09:55:07,High,28,45,74,Construction,133
TE05577,EDGE0072,LOC014,2026-06-20T14:16:18,Severe,11,20,82,Rush Hour,147
TE05578,EDGE0114,LOC026,2024-03-25T01:51:46,Severe,10,20,96,Construction,172
TE05579,EDGE0290,LOC053,2025-04-17T08:42:02,Low,79,90,23,Event,41
TE05580,EDGE0294,LOC001,2025-12-11T18:02:52,High,27,45,78,Construction,140
TE05581,EDGE0174,LOC043,2024-09-11T06:58:19,Severe,11,20,84,Construction,151
TE05582,EDGE0081,LOC039,2026-06-15T13:59:16,Moderate,56,70,39,Accident,70
TE05583,EDGE0283,LOC041,2024-08-01T16:38:39,Moderate,54,70,43,Accident,77
TE05584,EDGE0093,LOC042,2025-11-17T10:37:11,Moderate,54,70,43,Construction,77
TE05585,EDGE0173,LOC037,2026-01-19T10:43:51,Low,79,90,24,Event,43
TE05586,EDGE0369,LOC053,2025-03-28T04:18:26,Moderate,50,70,56,Event,100
TE05587,EDGE0182,LOC048,2024-08-12T23:23:18,Low,85,90,9,Construction,16
TE05588,EDGE0178,LOC007,2024-11-21T20:39:22,Severe,10,20,100,Weather-related,180
TE05589,EDGE0231,LOC045,2024-12-04T20:43:01,Moderate,58,70,33,Weather-related,59
TE05590,EDGE0223,LOC042,2024-10-30T22:32:58,Moderate,53,70,46,Event,82
TE05591,EDGE0231,LOC057,2024-01-15T04:29:05,High,28,45,74,Weather-related,133
TE05592,EDGE0356,LOC066,2025-07-16T16:45:20,Moderate,57,70,36,Rush Hour,64
TE05593,EDGE0143,LOC035,2026-06-13T06:59:03,Severe,11,20,88,Weather-related,158
TE05594,EDGE0027,LOC069,2024-06-07T08:53:27,High,30,45,64,Accident,115
TE05595,EDGE0015,LOC052,2024-08-17T07:07:49,High,29,45,69,Rush Hour,124
TE05596,EDGE0266,LOC005,2025-08-07T23:01:02,High,27,45,79,Rush Hour,142
TE05597,EDGE0070,LOC052,2025-10-25T11:51:16,Low,85,90,10,Weather-related,18
TE05598,EDGE0080,LOC060,2024-09-18T07:48:17,Severe,10,20,91,Event,163
TE05599,EDGE0071,LOC038,2024-03-28T12:11:27,Low,83,90,14,Event,25
TE05600,EDGE0032,LOC002,2024-05-29T04:55:08,Low,78,90,25,Rush Hour,45
TE05601,EDGE0253,LOC069,2025-07-06T09:07:36,Low,83,90,15,Weather-related,27
TE05602,EDGE0143,LOC074,2026-01-06T03:22:07,Severe,10,20,93,Event,167
TE05603,EDGE0022,LOC018,2024-10-06T01:11:56,Moderate,53,70,48,Accident,86
TE05604,EDGE0172,LOC020,2024-03-22T12:18:08,Low,88,90,3,Rush Hour,5
TE05605,EDGE0294,LOC043,2024-07-01T07:00:26,Low,84,90,13,Accident,23
TE05606,EDGE0147,LOC031,2026-03-11T16:48:58,Severe,10,20,92,Accident,165
TE05607,EDGE0106,LOC012,2025-06-09T19:39:57,High,27,45,79,Event,142
TE05608,EDGE0127,LOC007,2025-11-04T22:02:07,Severe,11,20,89,Rush Hour,160
TE05609,EDGE0064,LOC063,2024-08-18T19:01:42,Low,81,90,19,Construction,34
TE05610,EDGE0059,LOC062,2025-09-19T13:59:16,Moderate,56,70,39,Weather-related,70
TE05611,EDGE0022,LOC042,2025-01-15T14:17:58,Low,78,90,25,Accident,45
TE05612,EDGE0211,LOC044,2024-02-22T19:20:40,Moderate,51,70,54,Accident,97
TE05613,EDGE0073,LOC024,2024-07-03T13:16:47,High,27,45,79,Rush Hour,142
TE05614,EDGE0001,LOC040,2025-01-09T03:44:27,Low,81,90,19,Accident,34
TE05615,EDGE0183,LOC033,2025-09-08T03:59:23,Moderate,53,70,47,Accident,84
TE05616,EDGE0121,LOC012,2026-01-29T01:17:37,Severe,10,20,94,Accident,169
TE05617,EDGE0325,LOC002,2025-04-15T05:05:11,Moderate,56,70,40,Event,72
TE05618,EDGE0013,LOC028,2024-09-24T22:46:53,High,30,45,66,Event,118
TE05619,EDGE0232,LOC016,2025-08-06T02:52:08,Low,80,90,21,Construction,37
TE05620,EDGE0105,LOC014,2024-05-19T04:56:44,Low,87,90,5,Event,9
TE05621,EDGE0312,LOC014,2025-12-21T07:00:40,Moderate,58,70,34,Construction,61
TE05622,EDGE0126,LOC075,2025-08-16T13:45:17,Moderate,54,70,44,Event,79
TE05623,EDGE0017,LOC058,2025-03-03T12:47:51,Low,77,90,27,Weather-related,48
TE05624,EDGE0220,LOC073,2025-11-22T11:12:44,Moderate,56,70,40,Event,72
TE05625,EDGE0292,LOC065,2025-07-24T14:47:46,Low,78,90,26,Construction,46
TE05626,EDGE0021,LOC013,2024-01-19T00:34:10,Low,78,90,25,Event,45
TE05627,EDGE0125,LOC037,2024-07-05T09:56:19,Low,86,90,8,Construction,14
TE05628,EDGE0178,LOC020,2024-06-30T04:11:36,High,29,45,69,Event,124
TE05629,EDGE0290,LOC058,2024-05-08T08:55:49,Low,83,90,15,Event,27
TE05630,EDGE0075,LOC068,2024-07-08T14:24:43,High,27,45,78,Event,140
TE05631,EDGE0331,LOC066,2026-01-29T23:23:07,Moderate,56,70,38,Event,68
TE05632,EDGE0044,LOC068,2026-03-02T20:48:05,Low,77,90,28,Weather-related,50
TE05633,EDGE0321,LOC052,2024-12-15T10:11:10,High,30,45,63,Weather-related,113
TE05634,EDGE0342,LOC069,2024-02-05T18:29:59,High,27,45,76,Accident,136
TE05635,EDGE0236,LOC019,2026-06-09T02:18:49,High,29,45,67,Event,120
TE05636,EDGE0340,LOC006,2026-06-08T13:12:53,Low,87,90,6,Accident,10
TE05637,EDGE0218,LOC024,2026-01-14T20:59:41,Moderate,54,70,45,Accident,81
TE05638,EDGE0354,LOC042,2025-03-01T05:12:01,Low,84,90,12,Accident,21
TE05639,EDGE0179,LOC069,2024-05-26T21:12:00,Moderate,57,70,37,Rush Hour,66
TE05640,EDGE0033,LOC064,2024-10-08T07:46:13,Low,76,90,30,Event,54
TE05641,EDGE0188,LOC038,2025-08-19T11:03:42,Low,80,90,21,Accident,37
TE05642,EDGE0267,LOC022,2026-01-22T03:57:59,Moderate,52,70,49,Rush Hour,88
TE05643,EDGE0286,LOC044,2025-11-04T15:53:07,Low,88,90,3,Construction,5
TE05644,EDGE0311,LOC020,2025-04-08T11:47:30,Low,85,90,9,Accident,16
TE05645,EDGE0008,LOC060,2026-06-06T16:11:50,High,31,45,62,Accident,111
TE05646,EDGE0252,LOC072,2024-07-13T13:09:10,Severe,11,20,82,Event,147
TE05647,EDGE0365,LOC033,2024-06-03T11:26:19,Severe,10,20,98,Weather-related,176
TE05648,EDGE0112,LOC060,2025-05-20T05:24:54,High,27,45,76,Construction,136
TE05649,EDGE0034,LOC061,2024-04-08T15:23:17,High,28,45,73,Accident,131
TE05650,EDGE0007,LOC033,2026-04-14T23:51:54,Low,85,90,9,Event,16
TE05651,EDGE0113,LOC028,2024-10-14T05:11:35,High,27,45,76,Construction,136
TE05652,EDGE0070,LOC051,2025-09-21T15:49:00,Low,80,90,22,Accident,39
TE05653,EDGE0342,LOC058,2024-01-31T16:11:55,Low,81,90,20,Event,36
TE05654,EDGE0080,LOC023,2025-09-03T17:47:57,Moderate,57,70,35,Accident,63
TE05655,EDGE0046,LOC001,2026-05-13T19:25:31,Moderate,57,70,37,Accident,66
TE05656,EDGE0198,LOC006,2026-04-13T07:04:02,High,27,45,76,Weather-related,136
TE05657,EDGE0354,LOC007,2026-04-03T11:06:01,Low,89,90,1,Event,1
TE05658,EDGE0127,LOC073,2026-01-28T22:57:31,Low,81,90,20,Rush Hour,36
TE05659,EDGE0369,LOC024,2024-04-09T07:32:42,Moderate,59,70,31,Weather-related,55
TE05660,EDGE0281,LOC023,2026-03-17T02:02:08,Low,78,90,26,Event,46
TE05661,EDGE0179,LOC005,2026-06-27T07:59:56,Low,89,90,2,Event,3
TE05662,EDGE0204,LOC010,2026-04-17T06:41:50,Moderate,54,70,44,Weather-related,79
TE05663,EDGE0055,LOC010,2024-07-11T18:23:07,Low,85,90,10,Event,18
TE05664,EDGE0253,LOC038,2024-11-18T06:48:35,Moderate,51,70,53,Rush Hour,95
TE05665,EDGE0330,LOC044,2024-07-01T06:13:58,Severe,11,20,85,Construction,153
TE05666,EDGE0017,LOC007,2024-10-07T15:38:54,High,30,45,63,Rush Hour,113
TE05667,EDGE0010,LOC046,2024-10-06T12:33:30,High,31,45,62,Construction,111
TE05668,EDGE0194,LOC040,2024-01-09T06:29:35,Severe,10,20,94,Construction,169
TE05669,EDGE0170,LOC062,2026-05-11T17:31:35,High,28,45,72,Rush Hour,129
TE05670,EDGE0370,LOC070,2025-11-25T18:03:00,Severe,11,20,89,Event,160
TE05671,EDGE0174,LOC027,2025-05-03T05:48:26,Low,85,90,9,Rush Hour,16
TE05672,EDGE0143,LOC058,2024-07-10T03:27:41,Moderate,54,70,44,Event,79
TE05673,EDGE0224,LOC028,2024-03-01T19:21:46,Low,88,90,4,Rush Hour,7
TE05674,EDGE0172,LOC019,2024-07-19T02:36:29,Low,81,90,18,Rush Hour,32
TE05675,EDGE0248,LOC031,2026-06-12T08:34:29,Moderate,50,70,57,Weather-related,102
TE05676,EDGE0138,LOC036,2024-11-16T08:48:28,Severe,11,20,85,Rush Hour,153
TE05677,EDGE0327,LOC067,2024-09-07T10:21:15,Low,77,90,28,Event,50
TE05678,EDGE0282,LOC061,2024-05-16T10:12:05,Moderate,57,70,37,Weather-related,66
TE05679,EDGE0366,LOC038,2026-05-23T19:22:43,Low,80,90,22,Rush Hour,39
TE05680,EDGE0363,LOC045,2025-02-02T20:43:28,Low,82,90,17,Weather-related,30
TE05681,EDGE0028,LOC014,2024-02-24T09:05:29,High,27,45,77,Rush Hour,138
TE05682,EDGE0285,LOC032,2024-05-11T10:30:05,Moderate,54,70,43,Accident,77
TE05683,EDGE0258,LOC024,2024-07-12T17:47:28,Severe,10,20,92,Event,165
TE05684,EDGE0355,LOC070,2026-02-25T06:34:36,Low,83,90,14,Weather-related,25
TE05685,EDGE0234,LOC073,2025-04-08T19:47:30,Severe,10,20,91,Accident,163
TE05686,EDGE0303,LOC006,2025-07-18T18:29:08,Low,82,90,17,Accident,30
TE05687,EDGE0206,LOC067,2026-04-25T17:42:55,Moderate,57,70,36,Event,64
TE05688,EDGE0018,LOC006,2024-09-23T13:49:51,Low,84,90,13,Weather-related,23
TE05689,EDGE0354,LOC074,2025-10-19T04:29:47,Low,81,90,20,Rush Hour,36
TE05690,EDGE0061,LOC064,2024-01-01T03:11:24,Low,88,90,3,Construction,5
TE05691,EDGE0115,LOC048,2025-01-20T18:40:39,Moderate,56,70,39,Weather-related,70
TE05692,EDGE0147,LOC001,2025-04-11T23:10:46,Moderate,53,70,46,Accident,82
TE05693,EDGE0130,LOC049,2024-03-12T17:12:10,High,29,45,67,Event,120
TE05694,EDGE0203,LOC050,2026-03-17T22:14:28,Low,81,90,19,Accident,34
TE05695,EDGE0009,LOC072,2025-03-31T18:37:35,High,29,45,67,Event,120
TE05696,EDGE0059,LOC042,2026-04-09T16:46:50,Low,88,90,3,Weather-related,5
TE05697,EDGE0311,LOC028,2025-11-22T03:49:50,High,29,45,70,Accident,126
TE05698,EDGE0365,LOC006,2024-08-05T06:10:26,Severe,10,20,97,Event,174
TE05699,EDGE0153,LOC023,2026-06-15T10:47:01,Severe,10,20,100,Accident,180
TE05700,EDGE0128,LOC001,2026-01-31T21:02:01,Severe,11,20,88,Rush Hour,158
TE05701,EDGE0101,LOC042,2025-05-01T03:06:05,Low,87,90,5,Event,9
TE05702,EDGE0124,LOC028,2026-03-22T22:24:37,Low,80,90,21,Event,37
TE05703,EDGE0158,LOC011,2025-06-30T23:52:40,Low,80,90,21,Rush Hour,37
TE05704,EDGE0357,LOC055,2026-04-16T01:54:14,Low,79,90,23,Accident,41
TE05705,EDGE0186,LOC065,2026-03-04T04:11:16,Severe,11,20,89,Accident,160
TE05706,EDGE0344,LOC015,2024-11-21T23:23:01,Low,88,90,3,Accident,5
TE05707,EDGE0249,LOC063,2024-06-02T19:19:40,Moderate,58,70,32,Event,57
TE05708,EDGE0362,LOC005,2024-03-10T11:51:44,High,27,45,80,Event,144
TE05709,EDGE0285,LOC005,2025-01-03T07:44:31,Low,80,90,21,Construction,37
TE05710,EDGE0137,LOC075,2024-02-27T01:32:27,Low,81,90,19,Rush Hour,34
TE05711,EDGE0167,LOC047,2024-10-19T03:53:38,Moderate,52,70,49,Event,88
TE05712,EDGE0247,LOC058,2024-08-08T01:44:27,High,29,45,67,Accident,120
TE05713,EDGE0225,LOC069,2025-04-10T13:58:11,Low,87,90,5,Construction,9
TE05714,EDGE0272,LOC053,2024-11-30T07:43:11,Low,84,90,12,Weather-related,21
TE05715,EDGE0228,LOC067,2024-07-27T11:38:13,Moderate,51,70,52,Construction,93
TE05716,EDGE0188,LOC070,2026-05-07T14:41:05,High,31,45,61,Rush Hour,109
TE05717,EDGE0260,LOC012,2024-12-01T14:33:13,Low,76,90,30,Construction,54
TE05718,EDGE0260,LOC030,2025-07-11T18:55:10,Low,84,90,12,Weather-related,21
TE05719,EDGE0106,LOC068,2025-03-06T22:03:43,Moderate,52,70,50,Accident,90
TE05720,EDGE0028,LOC015,2024-07-18T14:31:59,High,27,45,80,Weather-related,144
TE05721,EDGE0282,LOC060,2025-10-17T13:51:36,Moderate,55,70,41,Event,73
TE05722,EDGE0266,LOC008,2024-04-25T12:19:44,Low,82,90,17,Weather-related,30
TE05723,EDGE0020,LOC058,2026-05-04T03:50:31,Moderate,50,70,56,Event,100
TE05724,EDGE0265,LOC048,2025-01-31T01:52:21,Severe,10,20,91,Weather-related,163
TE05725,EDGE0037,LOC035,2025-02-08T22:38:51,Low,88,90,4,Event,7
TE05726,EDGE0267,LOC037,2025-08-16T01:52:34,High,30,45,64,Weather-related,115
TE05727,EDGE0158,LOC055,2024-09-10T16:59:15,Moderate,56,70,38,Rush Hour,68
TE05728,EDGE0298,LOC066,2025-09-13T11:17:40,Moderate,56,70,39,Construction,70
TE05729,EDGE0038,LOC059,2025-12-09T11:26:17,Moderate,57,70,37,Weather-related,66
TE05730,EDGE0239,LOC047,2024-05-09T07:56:12,Severe,11,20,87,Event,156
TE05731,EDGE0060,LOC036,2025-01-29T20:29:40,Severe,10,20,96,Event,172
TE05732,EDGE0026,LOC049,2025-10-22T17:56:59,Low,81,90,18,Construction,32
TE05733,EDGE0183,LOC014,2024-08-10T12:31:17,Low,83,90,14,Event,25
TE05734,EDGE0324,LOC012,2026-04-12T11:57:40,Moderate,50,70,55,Rush Hour,99
TE05735,EDGE0365,LOC024,2024-11-12T12:49:53,Low,89,90,2,Rush Hour,3
TE05736,EDGE0301,LOC002,2024-04-19T14:35:40,Low,80,90,22,Rush Hour,39
TE05737,EDGE0033,LOC033,2025-02-22T11:56:53,High,30,45,63,Rush Hour,113
TE05738,EDGE0074,LOC009,2024-10-26T05:40:14,Severe,11,20,81,Weather-related,145
TE05739,EDGE0191,LOC031,2025-08-01T02:28:08,Moderate,58,70,33,Construction,59
TE05740,EDGE0120,LOC072,2026-05-25T14:06:09,High,28,45,74,Construction,133
TE05741,EDGE0174,LOC003,2026-03-05T11:23:49,Severe,11,20,89,Accident,160
TE05742,EDGE0189,LOC054,2024-09-11T19:58:08,Low,79,90,24,Event,43
TE05743,EDGE0101,LOC046,2025-10-13T23:02:44,Severe,11,20,81,Weather-related,145
TE05744,EDGE0006,LOC061,2024-08-26T10:34:28,Moderate,49,70,60,Rush Hour,108
TE05745,EDGE0051,LOC064,2025-05-06T10:46:05,Severe,11,20,87,Accident,156
TE05746,EDGE0303,LOC024,2025-11-04T14:47:28,Moderate,49,70,60,Weather-related,108
TE05747,EDGE0365,LOC032,2025-08-11T15:58:41,Severe,10,20,99,Event,178
TE05748,EDGE0244,LOC075,2024-02-10T05:59:22,Moderate,50,70,56,Event,100
TE05749,EDGE0101,LOC054,2025-01-19T11:22:57,High,29,45,68,Weather-related,122
TE05750,EDGE0212,LOC065,2024-04-30T10:19:35,Moderate,50,70,56,Rush Hour,100
TE05751,EDGE0236,LOC021,2025-02-23T14:59:55,Moderate,57,70,37,Weather-related,66
TE05752,EDGE0053,LOC015,2024-07-12T14:12:57,Moderate,52,70,50,Construction,90
TE05753,EDGE0344,LOC045,2026-04-05T14:38:38,High,30,45,63,Weather-related,113
TE05754,EDGE0085,LOC034,2024-06-19T20:43:45,Moderate,58,70,34,Event,61
TE05755,EDGE0281,LOC046,2026-05-01T20:40:12,Severe,10,20,98,Construction,176
TE05756,EDGE0336,LOC060,2025-09-23T21:54:17,Moderate,52,70,51,Construction,91
TE05757,EDGE0061,LOC003,2024-04-12T11:08:35,Severe,10,20,100,Accident,180
TE05758,EDGE0355,LOC010,2025-05-26T15:20:16,Moderate,55,70,42,Construction,75
TE05759,EDGE0243,LOC058,2024-05-18T05:11:49,Low,81,90,19,Event,34
TE05760,EDGE0118,LOC036,2025-07-17T14:53:26,Moderate,53,70,48,Construction,86
TE05761,EDGE0226,LOC049,2025-06-02T02:25:40,Severe,11,20,85,Event,153
TE05762,EDGE0070,LOC038,2025-02-28T11:36:37,Severe,11,20,85,Event,153
TE05763,EDGE0292,LOC016,2024-08-15T07:33:50,Low,88,90,3,Weather-related,5
TE05764,EDGE0139,LOC063,2024-12-16T17:08:48,Severe,10,20,94,Event,169
TE05765,EDGE0080,LOC042,2025-03-01T02:17:30,High,30,45,64,Accident,115
TE05766,EDGE0261,LOC040,2024-01-16T07:43:54,Low,80,90,21,Construction,37
TE05767,EDGE0276,LOC027,2024-06-01T03:43:24,Moderate,53,70,46,Accident,82
TE05768,EDGE0364,LOC025,2025-08-08T21:23:38,Moderate,58,70,34,Rush Hour,61
TE05769,EDGE0136,LOC064,2024-12-11T05:10:11,Low,81,90,18,Rush Hour,32
TE05770,EDGE0245,LOC041,2025-08-11T04:26:13,Low,84,90,13,Rush Hour,23
TE05771,EDGE0209,LOC011,2024-06-12T02:47:07,Severe,10,20,91,Event,163
TE05772,EDGE0131,LOC010,2024-07-10T20:32:38,Low,80,90,22,Construction,39
TE05773,EDGE0118,LOC001,2024-09-29T23:44:25,Moderate,58,70,33,Event,59
TE05774,EDGE0191,LOC017,2026-03-28T20:26:08,High,29,45,68,Rush Hour,122
TE05775,EDGE0359,LOC074,2025-04-21T04:59:44,High,27,45,79,Event,142
TE05776,EDGE0279,LOC060,2026-01-30T14:18:16,Moderate,52,70,50,Event,90
TE05777,EDGE0131,LOC057,2024-05-28T10:00:36,Low,86,90,7,Rush Hour,12
TE05778,EDGE0060,LOC067,2026-04-01T17:03:45,Moderate,58,70,34,Accident,61
TE05779,EDGE0366,LOC034,2025-06-25T23:56:33,Moderate,51,70,52,Event,93
TE05780,EDGE0128,LOC054,2026-06-07T19:35:56,High,27,45,77,Weather-related,138
TE05781,EDGE0086,LOC024,2025-03-14T01:35:59,Low,90,90,0,Rush Hour,0
TE05782,EDGE0045,LOC053,2026-05-06T18:59:05,High,30,45,63,Weather-related,113
TE05783,EDGE0145,LOC056,2025-02-25T01:37:27,Severe,10,20,95,Rush Hour,171
TE05784,EDGE0151,LOC041,2024-06-02T21:27:13,High,30,45,63,Weather-related,113
TE05785,EDGE0199,LOC028,2024-03-15T12:12:03,Severe,11,20,85,Accident,153
TE05786,EDGE0287,LOC002,2024-09-22T05:55:30,Moderate,52,70,51,Weather-related,91
TE05787,EDGE0274,LOC042,2025-05-08T23:45:52,High,29,45,68,Event,122
TE05788,EDGE0038,LOC043,2025-08-28T03:58:25,High,31,45,62,Rush Hour,111
TE05789,EDGE0075,LOC031,2024-10-07T15:57:30,Severe,10,20,98,Rush Hour,176
TE05790,EDGE0365,LOC044,2025-06-20T04:58:40,High,27,45,80,Weather-related,144
TE05791,EDGE0062,LOC016,2026-04-05T22:32:48,Moderate,54,70,43,Construction,77
TE05792,EDGE0154,LOC067,2026-05-06T23:48:41,Low,78,90,26,Rush Hour,46
TE05793,EDGE0270,LOC037,2025-09-17T11:55:37,Low,85,90,10,Accident,18
TE05794,EDGE0315,LOC009,2026-01-10T18:41:56,Moderate,55,70,41,Accident,73
TE05795,EDGE0368,LOC014,2024-07-17T04:14:11,High,28,45,72,Construction,129
TE05796,EDGE0074,LOC059,2025-02-06T10:29:43,High,29,45,70,Event,126
TE05797,EDGE0321,LOC015,2024-01-15T18:05:28,Moderate,49,70,60,Accident,108
TE05798,EDGE0108,LOC023,2026-03-08T19:06:23,Moderate,50,70,55,Weather-related,99
TE05799,EDGE0197,LOC012,2024-08-29T13:08:06,Low,80,90,22,Construction,39
TE05800,EDGE0043,LOC059,2024-07-15T07:21:14,Moderate,57,70,37,Weather-related,66
TE05801,EDGE0244,LOC064,2024-08-09T15:07:42,Severe,11,20,88,Construction,158
TE05802,EDGE0006,LOC034,2025-08-11T10:42:44,Severe,10,20,95,Event,171
TE05803,EDGE0173,LOC014,2026-05-31T16:11:57,Severe,10,20,98,Weather-related,176
TE05804,EDGE0005,LOC054,2025-02-19T08:16:21,High,28,45,75,Construction,135
TE05805,EDGE0242,LOC009,2024-03-23T02:56:09,High,29,45,67,Event,120
TE05806,EDGE0206,LOC021,2025-07-29T00:13:05,Severe,11,20,88,Construction,158
TE05807,EDGE0337,LOC073,2025-01-21T23:33:16,Moderate,53,70,48,Event,86
TE05808,EDGE0224,LOC071,2025-10-11T17:15:25,Moderate,58,70,32,Event,57
TE05809,EDGE0162,LOC037,2025-12-12T03:31:16,Moderate,51,70,53,Event,95
TE05810,EDGE0191,LOC024,2024-10-11T10:37:53,Moderate,50,70,55,Construction,99
TE05811,EDGE0218,LOC050,2025-11-12T21:36:54,Low,77,90,28,Event,50
TE05812,EDGE0214,LOC042,2025-07-03T22:07:45,Moderate,55,70,42,Event,75
TE05813,EDGE0261,LOC039,2025-12-29T01:07:41,Low,87,90,6,Event,10
TE05814,EDGE0333,LOC025,2026-02-19T04:27:48,Low,86,90,7,Weather-related,12
TE05815,EDGE0208,LOC020,2025-03-21T13:24:43,Severe,10,20,92,Event,165
TE05816,EDGE0361,LOC023,2025-03-04T11:25:32,Moderate,56,70,38,Weather-related,68
TE05817,EDGE0178,LOC047,2025-10-26T12:14:17,Moderate,54,70,44,Event,79
TE05818,EDGE0061,LOC052,2026-03-19T17:10:32,High,28,45,75,Event,135
TE05819,EDGE0221,LOC024,2024-12-21T08:56:38,Moderate,49,70,59,Rush Hour,106
TE05820,EDGE0311,LOC036,2025-04-19T02:12:43,Severe,10,20,100,Weather-related,180
TE05821,EDGE0172,LOC017,2024-05-15T01:26:35,Low,86,90,8,Rush Hour,14
TE05822,EDGE0222,LOC051,2025-04-19T19:53:12,Severe,10,20,93,Construction,167
TE05823,EDGE0134,LOC052,2025-09-23T11:58:10,Severe,10,20,98,Weather-related,176
TE05824,EDGE0298,LOC011,2025-04-30T19:40:37,Low,84,90,13,Rush Hour,23
TE05825,EDGE0269,LOC006,2024-05-20T00:41:05,Moderate,51,70,53,Rush Hour,95
TE05826,EDGE0218,LOC048,2024-05-03T11:02:16,Low,88,90,4,Event,7
TE05827,EDGE0072,LOC018,2024-04-29T03:19:48,Low,81,90,18,Construction,32
TE05828,EDGE0223,LOC031,2025-01-07T21:13:05,High,28,45,73,Accident,131
TE05829,EDGE0323,LOC048,2024-05-25T10:54:50,Low,86,90,7,Weather-related,12
TE05830,EDGE0304,LOC072,2024-09-13T11:51:48,Severe,11,20,83,Weather-related,149
TE05831,EDGE0313,LOC044,2026-06-12T17:21:40,High,27,45,78,Event,140
TE05832,EDGE0007,LOC061,2024-03-30T04:27:24,Low,76,90,29,Accident,52
TE05833,EDGE0332,LOC027,2024-05-11T09:33:42,Moderate,56,70,40,Accident,72
TE05834,EDGE0065,LOC043,2025-03-20T01:17:33,Severe,10,20,92,Accident,165
TE05835,EDGE0357,LOC035,2026-05-10T20:34:25,Low,86,90,8,Event,14
TE05836,EDGE0089,LOC058,2026-02-04T14:47:58,High,30,45,64,Event,115
TE05837,EDGE0319,LOC016,2024-01-17T14:43:35,High,29,45,67,Weather-related,120
TE05838,EDGE0332,LOC027,2025-10-20T15:15:18,Severe,10,20,99,Rush Hour,178
TE05839,EDGE0122,LOC033,2026-03-01T05:03:10,High,28,45,73,Event,131
TE05840,EDGE0198,LOC032,2024-07-30T22:25:07,Moderate,50,70,57,Event,102
TE05841,EDGE0250,LOC029,2026-01-15T02:52:11,Moderate,57,70,37,Event,66
TE05842,EDGE0250,LOC072,2026-02-12T07:31:23,Severe,11,20,86,Accident,154
TE05843,EDGE0053,LOC059,2026-03-11T01:01:11,Low,85,90,9,Rush Hour,16
TE05844,EDGE0001,LOC021,2026-04-07T01:39:32,Severe,11,20,81,Rush Hour,145
TE05845,EDGE0009,LOC038,2024-07-12T16:50:21,High,28,45,72,Weather-related,129
TE05846,EDGE0064,LOC044,2025-09-21T21:04:17,Low,87,90,6,Rush Hour,10
TE05847,EDGE0144,LOC039,2024-01-22T14:14:21,High,30,45,63,Construction,113
TE05848,EDGE0097,LOC027,2024-10-22T10:34:24,Moderate,50,70,55,Accident,99
TE05849,EDGE0123,LOC019,2024-01-12T07:48:01,High,30,45,63,Accident,113
TE05850,EDGE0266,LOC014,2025-10-22T04:21:43,High,27,45,78,Accident,140
TE05851,EDGE0356,LOC042,2026-04-10T01:04:23,Moderate,58,70,34,Accident,61
TE05852,EDGE0012,LOC024,2025-06-20T00:47:33,Low,85,90,11,Weather-related,19
TE05853,EDGE0243,LOC061,2025-01-14T09:24:51,Moderate,54,70,43,Construction,77
TE05854,EDGE0144,LOC042,2026-03-31T09:25:14,Low,76,90,29,Accident,52
TE05855,EDGE0212,LOC001,2024-03-06T19:08:43,Severe,10,20,93,Rush Hour,167
TE05856,EDGE0368,LOC025,2025-11-27T22:57:37,Low,76,90,29,Accident,52
TE05857,EDGE0283,LOC017,2024-09-18T19:20:27,Moderate,52,70,50,Rush Hour,90
TE05858,EDGE0185,LOC047,2026-03-24T06:06:23,Moderate,58,70,33,Weather-related,59
TE05859,EDGE0119,LOC047,2024-12-15T15:09:53,Low,87,90,6,Event,10
TE05860,EDGE0155,LOC003,2024-09-28T13:32:44,Severe,11,20,81,Construction,145
TE05861,EDGE0045,LOC050,2024-04-26T16:45:54,Severe,10,20,93,Rush Hour,167
TE05862,EDGE0122,LOC039,2025-07-24T04:39:02,Moderate,53,70,48,Rush Hour,86
TE05863,EDGE0140,LOC034,2024-07-26T02:29:06,Moderate,58,70,33,Event,59
TE05864,EDGE0177,LOC036,2026-03-08T23:32:44,High,29,45,67,Construction,120
TE05865,EDGE0370,LOC060,2025-07-02T19:39:46,Severe,10,20,96,Weather-related,172
TE05866,EDGE0278,LOC054,2024-03-20T01:56:03,High,28,45,72,Weather-related,129
TE05867,EDGE0311,LOC006,2025-10-18T16:13:42,Low,85,90,9,Weather-related,16
TE05868,EDGE0243,LOC060,2026-02-08T17:52:19,Moderate,59,70,31,Weather-related,55
TE05869,EDGE0057,LOC045,2025-08-11T21:40:38,Low,83,90,14,Construction,25
TE05870,EDGE0093,LOC015,2024-09-21T20:06:10,Moderate,50,70,57,Accident,102
TE05871,EDGE0367,LOC004,2025-08-02T21:01:29,High,28,45,73,Construction,131
TE05872,EDGE0116,LOC029,2024-06-24T21:39:04,High,27,45,76,Accident,136
TE05873,EDGE0163,LOC009,2025-06-09T00:00:34,Low,87,90,5,Weather-related,9
TE05874,EDGE0368,LOC062,2025-01-22T23:55:20,Moderate,49,70,58,Accident,104
TE05875,EDGE0001,LOC064,2026-04-17T11:50:10,Moderate,53,70,46,Construction,82
TE05876,EDGE0278,LOC052,2024-07-02T02:20:26,Moderate,57,70,36,Construction,64
TE05877,EDGE0354,LOC031,2025-03-26T14:23:50,Moderate,57,70,36,Event,64
TE05878,EDGE0294,LOC007,2025-04-09T18:09:50,High,28,45,73,Weather-related,131
TE05879,EDGE0034,LOC063,2026-01-20T12:11:37,Moderate,59,70,31,Event,55
TE05880,EDGE0127,LOC055,2025-04-01T00:09:08,Low,79,90,23,Event,41
TE05881,EDGE0266,LOC040,2025-02-15T06:37:29,Low,83,90,14,Construction,25
TE05882,EDGE0088,LOC064,2024-11-26T23:40:27,Moderate,57,70,35,Weather-related,63
TE05883,EDGE0194,LOC019,2024-01-04T11:18:03,Severe,11,20,81,Event,145
TE05884,EDGE0177,LOC069,2026-06-02T15:57:53,Low,77,90,27,Accident,48
TE05885,EDGE0293,LOC040,2025-09-03T11:16:20,Severe,10,20,98,Weather-related,176
TE05886,EDGE0037,LOC029,2024-12-03T19:36:55,Severe,10,20,98,Event,176
TE05887,EDGE0326,LOC045,2025-04-18T12:30:20,Moderate,59,70,31,Accident,55
TE05888,EDGE0055,LOC030,2026-03-11T20:18:52,Moderate,51,70,53,Construction,95
TE05889,EDGE0170,LOC012,2024-02-25T00:53:36,High,28,45,72,Event,129
TE05890,EDGE0087,LOC041,2025-12-20T08:00:55,Moderate,53,70,47,Rush Hour,84
TE05891,EDGE0133,LOC038,2026-01-28T11:53:35,High,29,45,70,Event,126
TE05892,EDGE0088,LOC010,2024-03-30T07:38:00,Low,79,90,23,Event,41
TE05893,EDGE0096,LOC038,2025-07-06T15:06:00,Low,86,90,8,Weather-related,14
TE05894,EDGE0045,LOC050,2024-01-10T03:38:10,Low,78,90,26,Event,46
TE05895,EDGE0015,LOC072,2025-12-16T03:14:11,Low,84,90,13,Weather-related,23
TE05896,EDGE0008,LOC033,2025-05-25T09:17:56,High,29,45,71,Rush Hour,127
TE05897,EDGE0083,LOC049,2025-04-08T11:19:06,Moderate,53,70,46,Construction,82
TE05898,EDGE0366,LOC051,2025-07-03T18:04:40,Severe,11,20,82,Weather-related,147
TE05899,EDGE0101,LOC070,2024-06-15T11:21:56,Moderate,58,70,32,Event,57
TE05900,EDGE0182,LOC033,2024-01-09T00:10:13,Low,77,90,27,Accident,48
TE05901,EDGE0118,LOC023,2025-06-27T06:34:11,Severe,11,20,81,Weather-related,145
TE05902,EDGE0165,LOC031,2024-10-16T04:27:44,High,28,45,72,Event,129
TE05903,EDGE0071,LOC071,2025-09-16T14:11:05,High,27,45,76,Weather-related,136
TE05904,EDGE0053,LOC010,2025-07-04T17:55:23,Severe,10,20,95,Accident,171
TE05905,EDGE0230,LOC060,2024-01-14T18:27:50,Moderate,58,70,33,Accident,59
TE05906,EDGE0035,LOC039,2024-06-06T10:08:46,Moderate,52,70,50,Rush Hour,90
TE05907,EDGE0056,LOC033,2025-10-31T05:31:49,Moderate,56,70,40,Construction,72
TE05908,EDGE0370,LOC023,2026-02-03T08:48:32,Low,80,90,22,Construction,39
TE05909,EDGE0158,LOC068,2024-11-02T20:59:25,Moderate,55,70,41,Rush Hour,73
TE05910,EDGE0160,LOC073,2024-05-11T15:28:37,Moderate,54,70,44,Rush Hour,79
TE05911,EDGE0034,LOC019,2026-04-01T22:08:58,Moderate,50,70,57,Rush Hour,102
TE05912,EDGE0326,LOC034,2026-03-09T23:11:13,Severe,10,20,93,Construction,167
TE05913,EDGE0043,LOC074,2024-08-26T18:44:56,High,30,45,63,Event,113
TE05914,EDGE0301,LOC031,2025-09-30T00:42:58,Low,89,90,1,Construction,1
TE05915,EDGE0197,LOC010,2024-07-11T09:11:18,Low,86,90,8,Event,14
TE05916,EDGE0252,LOC003,2026-01-27T04:02:32,Severe,11,20,83,Weather-related,149
TE05917,EDGE0065,LOC001,2024-01-11T17:38:25,High,30,45,65,Accident,117
TE05918,EDGE0033,LOC055,2024-08-29T18:19:18,Severe,11,20,82,Accident,147
TE05919,EDGE0229,LOC047,2025-01-23T13:41:58,Low,80,90,21,Construction,37
TE05920,EDGE0305,LOC016,2024-12-17T05:26:28,Severe,11,20,89,Rush Hour,160
TE05921,EDGE0194,LOC042,2026-01-01T04:55:07,Low,77,90,27,Weather-related,48
TE05922,EDGE0172,LOC033,2025-09-06T04:02:43,Low,77,90,28,Weather-related,50
TE05923,EDGE0286,LOC004,2025-08-04T11:16:06,Low,83,90,15,Construction,27
TE05924,EDGE0284,LOC052,2025-04-09T22:09:06,Severe,11,20,84,Weather-related,151
TE05925,EDGE0047,LOC010,2025-07-20T05:23:04,Low,87,90,5,Rush Hour,9
TE05926,EDGE0300,LOC031,2025-10-27T09:43:38,Severe,10,20,97,Accident,174
TE05927,EDGE0158,LOC029,2024-10-10T00:14:19,Severe,10,20,96,Rush Hour,172
TE05928,EDGE0224,LOC071,2026-04-13T07:27:44,High,30,45,66,Rush Hour,118
TE05929,EDGE0084,LOC043,2025-02-22T15:00:18,Low,79,90,23,Event,41
TE05930,EDGE0009,LOC059,2024-06-17T20:26:34,High,29,45,67,Construction,120
TE05931,EDGE0216,LOC040,2025-11-12T07:09:06,Moderate,55,70,42,Construction,75
TE05932,EDGE0290,LOC056,2025-11-13T12:24:18,High,30,45,64,Weather-related,115
TE05933,EDGE0126,LOC043,2024-09-08T09:37:12,Low,88,90,4,Construction,7
TE05934,EDGE0331,LOC034,2024-08-05T06:53:44,Moderate,55,70,41,Accident,73
TE05935,EDGE0220,LOC020,2025-07-03T12:18:00,High,29,45,71,Rush Hour,127
TE05936,EDGE0304,LOC048,2025-11-05T03:12:26,Severe,11,20,89,Construction,160
TE05937,EDGE0339,LOC002,2024-01-10T00:37:14,Moderate,59,70,31,Rush Hour,55
TE05938,EDGE0248,LOC019,2025-07-12T01:18:59,Low,89,90,1,Construction,1
TE05939,EDGE0009,LOC067,2024-11-04T07:17:50,Low,86,90,8,Construction,14
TE05940,EDGE0326,LOC036,2024-06-20T21:54:51,High,28,45,72,Event,129
TE05941,EDGE0246,LOC071,2024-10-21T11:34:21,Low,77,90,28,Accident,50
TE05942,EDGE0242,LOC022,2025-03-18T13:49:59,High,28,45,72,Rush Hour,129
TE05943,EDGE0290,LOC035,2024-03-03T12:51:50,Severe,10,20,97,Rush Hour,174
TE05944,EDGE0365,LOC038,2024-07-26T15:57:50,High,30,45,66,Rush Hour,118
TE05945,EDGE0136,LOC071,2025-09-04T21:44:28,Moderate,58,70,34,Construction,61
TE05946,EDGE0104,LOC058,2025-10-16T02:05:48,Low,89,90,2,Weather-related,3
TE05947,EDGE0205,LOC048,2025-05-29T12:32:04,Low,86,90,8,Construction,14
TE05948,EDGE0300,LOC004,2024-02-19T02:22:38,Moderate,50,70,55,Event,99
TE05949,EDGE0358,LOC014,2024-09-06T00:52:59,High,27,45,78,Rush Hour,140
TE05950,EDGE0096,LOC065,2024-11-05T02:57:23,Low,86,90,7,Event,12
TE05951,EDGE0369,LOC044,2026-01-14T13:24:43,Low,83,90,15,Event,27
TE05952,EDGE0288,LOC051,2025-02-16T21:43:41,Moderate,58,70,32,Rush Hour,57
TE05953,EDGE0355,LOC017,2024-07-03T12:53:53,Moderate,58,70,33,Event,59
TE05954,EDGE0072,LOC050,2025-10-16T03:34:17,Moderate,52,70,51,Construction,91
TE05955,EDGE0037,LOC034,2026-01-29T17:46:13,Moderate,50,70,56,Event,100
TE05956,EDGE0138,LOC029,2026-05-04T14:05:49,Low,77,90,27,Construction,48
TE05957,EDGE0013,LOC048,2026-02-08T20:05:56,High,29,45,67,Rush Hour,120
TE05958,EDGE0059,LOC056,2024-07-16T23:05:00,Low,86,90,8,Event,14
TE05959,EDGE0179,LOC061,2025-05-19T16:41:28,Low,77,90,27,Accident,48
TE05960,EDGE0074,LOC073,2025-09-13T04:27:31,Low,81,90,18,Event,32
TE05961,EDGE0270,LOC033,2026-02-18T14:38:38,Moderate,55,70,41,Event,73
TE05962,EDGE0214,LOC075,2025-08-27T01:19:23,Severe,10,20,95,Rush Hour,171
TE05963,EDGE0281,LOC050,2024-07-23T03:36:21,Low,86,90,7,Accident,12
TE05964,EDGE0057,LOC042,2024-06-19T11:08:04,Low,81,90,20,Weather-related,36
TE05965,EDGE0129,LOC020,2024-06-16T14:02:32,Severe,11,20,84,Event,151
TE05966,EDGE0119,LOC021,2024-02-02T20:36:41,Moderate,49,70,60,Weather-related,108
TE05967,EDGE0148,LOC030,2024-07-14T22:13:40,Low,83,90,15,Weather-related,27
TE05968,EDGE0325,LOC068,2024-08-29T15:01:32,Low,79,90,23,Event,41
TE05969,EDGE0218,LOC002,2025-06-18T13:44:38,High,31,45,62,Rush Hour,111
TE05970,EDGE0279,LOC036,2026-02-15T17:23:09,Moderate,51,70,53,Accident,95
TE05971,EDGE0328,LOC064,2024-01-22T04:52:11,Severe,11,20,82,Rush Hour,147
TE05972,EDGE0164,LOC048,2025-01-02T09:32:35,Low,86,90,8,Accident,14
TE05973,EDGE0243,LOC073,2024-03-21T20:11:08,Severe,11,20,84,Accident,151
TE05974,EDGE0007,LOC021,2025-06-15T11:56:27,High,29,45,70,Weather-related,126
TE05975,EDGE0123,LOC013,2025-10-29T11:04:26,Low,85,90,10,Rush Hour,18
TE05976,EDGE0054,LOC025,2024-01-13T11:20:19,Low,78,90,25,Accident,45
TE05977,EDGE0143,LOC068,2025-11-05T16:56:26,Moderate,57,70,36,Construction,64
TE05978,EDGE0187,LOC028,2026-01-15T22:53:35,Low,81,90,19,Rush Hour,34
TE05979,EDGE0122,LOC053,2025-03-25T16:05:53,Low,83,90,14,Weather-related,25
TE05980,EDGE0085,LOC067,2025-03-14T10:02:59,Low,89,90,2,Construction,3
TE05981,EDGE0060,LOC072,2026-01-24T20:45:19,Low,84,90,12,Accident,21
TE05982,EDGE0329,LOC051,2024-05-08T08:06:23,High,30,45,63,Event,113
TE05983,EDGE0140,LOC014,2025-10-28T08:29:14,Moderate,53,70,47,Rush Hour,84
TE05984,EDGE0208,LOC064,2025-01-19T20:41:19,High,31,45,61,Event,109
TE05985,EDGE0241,LOC018,2024-08-24T21:27:09,Low,86,90,8,Weather-related,14
TE05986,EDGE0337,LOC037,2026-03-05T04:24:09,Moderate,56,70,40,Event,72
TE05987,EDGE0026,LOC002,2024-10-17T06:39:16,Moderate,56,70,39,Weather-related,70
TE05988,EDGE0273,LOC013,2025-01-22T12:47:45,Severe,10,20,93,Accident,167
TE05989,EDGE0201,LOC037,2025-03-12T17:36:55,Moderate,52,70,49,Event,88
TE05990,EDGE0370,LOC060,2024-06-27T16:15:21,Moderate,49,70,59,Weather-related,106
TE05991,EDGE0292,LOC013,2025-02-13T09:08:15,High,31,45,62,Construction,111
TE05992,EDGE0351,LOC072,2025-01-19T06:02:21,Low,84,90,13,Accident,23
TE05993,EDGE0012,LOC038,2025-10-28T16:12:16,Low,82,90,17,Construction,30
TE05994,EDGE0012,LOC018,2024-11-04T05:21:09,Low,88,90,3,Accident,5
TE05995,EDGE0143,LOC039,2026-01-06T04:00:18,High,30,45,63,Construction,113
TE05996,EDGE0166,LOC002,2024-06-09T02:32:15,Low,82,90,16,Rush Hour,28
TE05997,EDGE0317,LOC008,2026-02-19T08:22:00,High,29,45,67,Weather-related,120
TE05998,EDGE0197,LOC067,2024-10-08T11:11:15,Low,81,90,19,Weather-related,34
TE05999,EDGE0340,LOC055,2024-10-20T02:05:23,Low,85,90,11,Construction,19
TE06000,EDGE0070,LOC039,2024-08-19T00:54:39,Moderate,57,70,37,Weather-related,66
TE06001,EDGE0047,LOC059,2024-12-22T08:03:45,High,27,45,80,Event,144
TE06002,EDGE0221,LOC068,2024-07-06T03:07:07,Moderate,51,70,53,Weather-related,95
TE06003,EDGE0242,LOC002,2024-07-24T12:20:43,High,27,45,80,Accident,144
TE06004,EDGE0180,LOC025,2025-09-15T08:55:14,Low,85,90,10,Construction,18
TE06005,EDGE0358,LOC030,2024-02-29T14:24:15,Low,76,90,30,Event,54
TE06006,EDGE0214,LOC064,2025-03-01T10:18:06,High,27,45,78,Construction,140
TE06007,EDGE0342,LOC054,2024-10-25T12:53:32,Severe,11,20,86,Event,154
TE06008,EDGE0225,LOC037,2024-08-15T03:04:17,Moderate,49,70,58,Rush Hour,104
TE06009,EDGE0305,LOC029,2025-10-24T05:43:37,Low,82,90,17,Rush Hour,30
TE06010,EDGE0208,LOC022,2024-01-28T10:27:45,Low,86,90,8,Rush Hour,14
TE06011,EDGE0003,LOC014,2024-11-06T03:14:56,Moderate,50,70,57,Accident,102
TE06012,EDGE0008,LOC021,2024-05-21T06:19:06,Low,83,90,14,Accident,25
TE06013,EDGE0183,LOC067,2024-03-20T03:45:13,Moderate,52,70,51,Accident,91
TE06014,EDGE0293,LOC007,2025-08-13T20:34:28,High,29,45,70,Event,126
TE06015,EDGE0178,LOC035,2025-09-24T17:08:23,Moderate,59,70,31,Event,55
TE06016,EDGE0103,LOC057,2026-03-26T12:20:39,High,29,45,71,Accident,127
TE06017,EDGE0247,LOC009,2025-04-21T01:07:58,Moderate,54,70,43,Weather-related,77
TE06018,EDGE0132,LOC049,2024-12-25T12:14:53,Severe,10,20,100,Event,180
TE06019,EDGE0336,LOC073,2024-12-10T12:22:48,High,30,45,64,Event,115
TE06020,EDGE0167,LOC044,2025-06-06T05:37:07,High,27,45,76,Accident,136
TE06021,EDGE0091,LOC016,2025-10-23T21:15:33,High,31,45,61,Construction,109
TE06022,EDGE0132,LOC038,2026-01-14T09:41:36,Low,76,90,30,Rush Hour,54
TE06023,EDGE0044,LOC039,2024-04-05T07:17:00,Moderate,51,70,52,Accident,93
TE06024,EDGE0356,LOC055,2026-03-03T01:05:46,Severe,10,20,97,Rush Hour,174
TE06025,EDGE0256,LOC024,2025-10-25T10:25:44,Moderate,49,70,59,Accident,106
TE06026,EDGE0297,LOC011,2024-03-21T05:51:22,Severe,11,20,89,Construction,160
TE06027,EDGE0327,LOC014,2025-04-17T16:45:11,Moderate,51,70,53,Construction,95
TE06028,EDGE0030,LOC039,2024-06-19T23:08:45,Severe,11,20,89,Accident,160
TE06029,EDGE0164,LOC053,2025-02-22T06:13:18,High,27,45,77,Accident,138
TE06030,EDGE0080,LOC059,2025-07-18T19:06:04,Severe,10,20,93,Event,167
TE06031,EDGE0121,LOC040,2025-03-11T19:53:00,Moderate,58,70,33,Rush Hour,59
TE06032,EDGE0282,LOC062,2025-06-29T07:08:32,High,28,45,72,Construction,129
TE06033,EDGE0280,LOC056,2025-10-11T10:56:09,Severe,10,20,97,Rush Hour,174
TE06034,EDGE0288,LOC016,2025-01-18T15:39:29,Severe,11,20,89,Construction,160
TE06035,EDGE0032,LOC058,2025-05-11T20:31:56,High,31,45,62,Accident,111
TE06036,EDGE0150,LOC046,2024-03-14T21:01:51,High,30,45,64,Accident,115
TE06037,EDGE0029,LOC007,2024-10-09T08:11:30,Low,85,90,10,Weather-related,18
TE06038,EDGE0343,LOC015,2024-03-04T12:27:26,Low,78,90,25,Rush Hour,45
TE06039,EDGE0077,LOC028,2024-01-01T19:58:51,Moderate,57,70,36,Accident,64
TE06040,EDGE0341,LOC005,2024-03-21T23:34:15,Severe,11,20,81,Rush Hour,145
TE06041,EDGE0371,LOC012,2025-05-14T15:35:37,Moderate,49,70,58,Construction,104
TE06042,EDGE0094,LOC046,2024-11-25T07:05:45,Moderate,52,70,49,Weather-related,88
TE06043,EDGE0164,LOC022,2025-03-19T05:23:15,Severe,10,20,95,Weather-related,171
TE06044,EDGE0243,LOC075,2026-01-03T07:36:14,Low,85,90,10,Rush Hour,18
TE06045,EDGE0239,LOC060,2025-03-11T05:05:51,Moderate,50,70,56,Construction,100
TE06046,EDGE0290,LOC067,2024-06-05T12:40:06,High,27,45,79,Construction,142
TE06047,EDGE0245,LOC003,2025-10-31T09:23:49,Severe,10,20,99,Construction,178
TE06048,EDGE0080,LOC052,2024-10-14T03:20:05,High,30,45,65,Weather-related,117
TE06049,EDGE0142,LOC032,2025-01-26T21:02:52,Moderate,50,70,57,Event,102
TE06050,EDGE0095,LOC057,2026-02-02T04:28:57,Severe,11,20,86,Rush Hour,154
TE06051,EDGE0211,LOC014,2025-07-18T19:17:28,High,30,45,63,Accident,113
TE06052,EDGE0297,LOC038,2025-06-03T06:56:30,Moderate,50,70,56,Rush Hour,100
TE06053,EDGE0006,LOC030,2025-04-17T19:14:24,Moderate,54,70,44,Weather-related,79
TE06054,EDGE0013,LOC040,2024-06-22T06:05:17,Low,85,90,9,Accident,16
TE06055,EDGE0191,LOC073,2024-05-30T12:13:02,Severe,11,20,87,Accident,156
TE06056,EDGE0111,LOC016,2024-01-22T05:20:26,Moderate,56,70,39,Construction,70
TE06057,EDGE0143,LOC049,2026-05-07T03:24:37,Moderate,53,70,46,Rush Hour,82
TE06058,EDGE0099,LOC011,2024-07-21T10:14:15,Severe,11,20,89,Rush Hour,160
TE06059,EDGE0282,LOC024,2025-05-29T12:28:06,Severe,10,20,96,Construction,172
TE06060,EDGE0096,LOC033,2025-07-14T02:58:32,Severe,10,20,94,Accident,169
TE06061,EDGE0339,LOC027,2025-07-15T09:24:28,High,28,45,74,Event,133
TE06062,EDGE0031,LOC022,2026-04-01T13:24:24,Low,79,90,24,Rush Hour,43
TE06063,EDGE0244,LOC021,2025-07-31T05:57:52,Severe,10,20,93,Weather-related,167
TE06064,EDGE0237,LOC015,2025-01-05T02:41:11,Moderate,58,70,33,Rush Hour,59
TE06065,EDGE0077,LOC066,2025-03-04T16:02:52,Low,85,90,11,Weather-related,19
TE06066,EDGE0104,LOC004,2024-11-22T06:36:32,Moderate,54,70,44,Accident,79
TE06067,EDGE0035,LOC050,2026-06-26T17:17:51,Severe,11,20,87,Construction,156
TE06068,EDGE0064,LOC032,2025-08-19T14:23:52,Low,83,90,15,Construction,27
TE06069,EDGE0047,LOC022,2024-05-15T12:12:49,Low,78,90,25,Construction,45
TE06070,EDGE0115,LOC065,2024-06-14T05:35:38,Severe,10,20,96,Accident,172
TE06071,EDGE0198,LOC048,2024-07-21T16:50:54,Severe,11,20,88,Construction,158
TE06072,EDGE0244,LOC008,2024-07-05T23:08:07,High,27,45,79,Construction,142
TE06073,EDGE0178,LOC036,2024-03-04T18:02:32,High,30,45,63,Rush Hour,113
TE06074,EDGE0045,LOC028,2024-10-22T19:52:45,High,30,45,64,Weather-related,115
TE06075,EDGE0260,LOC013,2024-10-26T16:51:31,High,30,45,64,Event,115
TE06076,EDGE0258,LOC002,2025-11-23T11:30:09,Moderate,53,70,48,Accident,86
TE06077,EDGE0197,LOC037,2024-06-02T05:28:09,Severe,11,20,89,Event,160
TE06078,EDGE0366,LOC002,2024-04-26T07:42:49,Moderate,58,70,33,Accident,59
TE06079,EDGE0346,LOC057,2026-04-29T01:56:34,Moderate,49,70,60,Construction,108
TE06080,EDGE0111,LOC002,2025-06-16T16:09:46,Moderate,50,70,56,Construction,100
TE06081,EDGE0217,LOC044,2025-04-13T07:51:19,Moderate,54,70,45,Weather-related,81
TE06082,EDGE0276,LOC068,2026-01-06T15:24:07,Low,89,90,2,Rush Hour,3
TE06083,EDGE0207,LOC044,2024-11-09T19:04:22,High,29,45,67,Rush Hour,120
TE06084,EDGE0205,LOC053,2026-04-08T20:28:02,Low,79,90,24,Weather-related,43
TE06085,EDGE0281,LOC011,2024-08-26T17:19:14,Moderate,49,70,59,Accident,106
TE06086,EDGE0236,LOC014,2024-03-09T01:23:47,Severe,11,20,83,Rush Hour,149
TE06087,EDGE0022,LOC006,2024-07-17T13:55:13,Moderate,59,70,31,Accident,55
TE06088,EDGE0017,LOC004,2024-10-24T19:20:41,Moderate,57,70,35,Weather-related,63
TE06089,EDGE0241,LOC016,2025-10-11T16:05:39,Moderate,57,70,37,Accident,66
TE06090,EDGE0121,LOC010,2026-05-05T03:57:59,Moderate,51,70,53,Weather-related,95
TE06091,EDGE0014,LOC035,2025-01-27T06:49:59,Low,86,90,8,Event,14
TE06092,EDGE0111,LOC042,2026-05-20T11:12:53,High,27,45,78,Weather-related,140
TE06093,EDGE0066,LOC023,2025-06-23T13:45:22,High,31,45,61,Event,109
TE06094,EDGE0260,LOC061,2025-07-22T13:55:02,Moderate,50,70,55,Weather-related,99
TE06095,EDGE0349,LOC048,2025-11-27T16:37:44,Low,82,90,17,Accident,30
TE06096,EDGE0309,LOC032,2024-07-01T10:04:04,Low,90,90,0,Accident,0
TE06097,EDGE0351,LOC075,2025-11-08T11:56:49,Severe,10,20,92,Event,165
TE06098,EDGE0207,LOC005,2024-04-15T04:21:20,Severe,11,20,88,Weather-related,158
TE06099,EDGE0166,LOC036,2026-01-20T00:51:26,Moderate,56,70,39,Weather-related,70
TE06100,EDGE0016,LOC041,2025-10-12T21:36:26,High,30,45,66,Accident,118
TE06101,EDGE0212,LOC019,2026-03-24T15:17:27,Low,81,90,20,Rush Hour,36
TE06102,EDGE0305,LOC050,2026-02-21T17:36:49,Moderate,52,70,50,Weather-related,90
TE06103,EDGE0132,LOC007,2024-02-03T23:33:19,Low,79,90,23,Event,41
TE06104,EDGE0362,LOC053,2024-09-16T07:47:33,Severe,11,20,88,Rush Hour,158
TE06105,EDGE0362,LOC036,2025-03-01T21:00:07,Moderate,50,70,55,Rush Hour,99
TE06106,EDGE0216,LOC002,2024-07-19T07:01:00,Low,88,90,4,Accident,7
TE06107,EDGE0343,LOC036,2025-03-25T23:10:18,Moderate,55,70,41,Weather-related,73
TE06108,EDGE0024,LOC047,2024-03-11T14:19:14,Low,81,90,18,Rush Hour,32
TE06109,EDGE0319,LOC054,2026-05-29T12:31:31,High,29,45,71,Accident,127
TE06110,EDGE0192,LOC037,2024-04-04T10:32:30,High,31,45,62,Rush Hour,111
TE06111,EDGE0029,LOC037,2024-10-22T10:49:52,Moderate,52,70,51,Rush Hour,91
TE06112,EDGE0327,LOC025,2025-09-09T11:38:38,Low,82,90,16,Accident,28
TE06113,EDGE0347,LOC027,2026-02-07T23:54:11,Moderate,52,70,49,Accident,88
TE06114,EDGE0111,LOC009,2026-04-07T03:54:53,Moderate,49,70,60,Weather-related,108
TE06115,EDGE0222,LOC042,2026-03-08T16:12:31,Low,83,90,14,Rush Hour,25
TE06116,EDGE0068,LOC028,2024-04-26T11:39:47,Low,79,90,23,Event,41
TE06117,EDGE0216,LOC047,2024-09-14T02:57:59,Low,83,90,14,Event,25
TE06118,EDGE0004,LOC044,2025-11-11T00:18:51,High,30,45,64,Accident,115
TE06119,EDGE0060,LOC023,2026-03-02T03:16:25,Moderate,59,70,31,Accident,55
TE06120,EDGE0250,LOC047,2025-08-19T18:09:56,Low,76,90,30,Rush Hour,54
TE06121,EDGE0072,LOC032,2026-05-23T19:28:02,Low,86,90,7,Rush Hour,12
TE06122,EDGE0197,LOC004,2025-08-29T05:27:32,Low,86,90,7,Accident,12
TE06123,EDGE0205,LOC013,2025-09-14T16:43:56,High,29,45,67,Event,120
TE06124,EDGE0173,LOC009,2025-02-25T18:02:13,Severe,10,20,94,Event,169
TE06125,EDGE0148,LOC043,2024-11-17T10:42:29,High,27,45,78,Rush Hour,140
TE06126,EDGE0285,LOC009,2024-10-12T22:29:26,Low,79,90,24,Construction,43
TE06127,EDGE0257,LOC044,2024-01-06T14:14:17,Severe,11,20,88,Rush Hour,158
TE06128,EDGE0153,LOC062,2024-09-05T13:20:46,Low,85,90,10,Construction,18
TE06129,EDGE0238,LOC058,2026-06-07T09:54:07,Low,80,90,22,Event,39
TE06130,EDGE0142,LOC053,2024-12-04T08:27:37,Severe,11,20,87,Rush Hour,156
TE06131,EDGE0016,LOC029,2024-01-14T18:22:26,High,28,45,72,Rush Hour,129
TE06132,EDGE0197,LOC027,2026-03-07T14:24:30,Moderate,54,70,43,Rush Hour,77
TE06133,EDGE0123,LOC055,2025-12-08T12:04:14,Low,84,90,12,Weather-related,21
TE06134,EDGE0082,LOC041,2026-02-21T15:41:15,Low,88,90,3,Rush Hour,5
TE06135,EDGE0056,LOC028,2026-03-26T16:08:52,Moderate,56,70,39,Rush Hour,70
TE06136,EDGE0188,LOC071,2025-02-06T02:03:14,Low,87,90,5,Weather-related,9
TE06137,EDGE0206,LOC020,2025-04-16T07:57:03,Moderate,53,70,47,Weather-related,84
TE06138,EDGE0219,LOC030,2024-12-08T06:44:01,Low,79,90,24,Construction,43
TE06139,EDGE0060,LOC072,2025-04-05T09:14:20,Severe,11,20,84,Event,151
TE06140,EDGE0308,LOC056,2025-02-21T02:57:06,Moderate,54,70,45,Event,81
TE06141,EDGE0052,LOC008,2026-05-07T17:40:42,Low,84,90,12,Accident,21
TE06142,EDGE0308,LOC037,2024-07-04T00:29:47,Moderate,52,70,50,Rush Hour,90
TE06143,EDGE0237,LOC068,2024-09-22T19:24:34,Severe,10,20,99,Weather-related,178
TE06144,EDGE0334,LOC025,2024-12-13T20:41:42,Low,76,90,30,Weather-related,54
TE06145,EDGE0194,LOC027,2024-03-11T20:33:21,Moderate,50,70,55,Weather-related,99
TE06146,EDGE0147,LOC072,2026-04-08T20:46:28,Moderate,58,70,34,Event,61
TE06147,EDGE0277,LOC039,2025-01-05T01:21:54,High,29,45,67,Weather-related,120
TE06148,EDGE0358,LOC053,2025-03-29T08:42:24,Severe,11,20,90,Construction,162
TE06149,EDGE0180,LOC042,2024-03-01T17:24:21,High,27,45,77,Rush Hour,138
TE06150,EDGE0363,LOC075,2024-08-18T03:02:23,Moderate,55,70,42,Construction,75
TE06151,EDGE0168,LOC047,2025-03-07T11:30:46,High,27,45,78,Event,140
TE06152,EDGE0334,LOC056,2024-07-25T13:31:58,Moderate,53,70,46,Weather-related,82
TE06153,EDGE0092,LOC008,2025-02-24T02:32:31,Low,81,90,18,Event,32
TE06154,EDGE0250,LOC039,2024-03-21T00:48:13,Low,79,90,23,Accident,41
TE06155,EDGE0316,LOC014,2025-01-21T19:41:37,Low,87,90,5,Event,9
TE06156,EDGE0320,LOC073,2024-11-22T04:20:16,Low,76,90,29,Rush Hour,52
TE06157,EDGE0011,LOC035,2026-04-10T11:08:36,Severe,10,20,98,Rush Hour,176
TE06158,EDGE0232,LOC049,2024-06-29T11:41:05,Severe,10,20,98,Construction,176
TE06159,EDGE0093,LOC034,2024-01-03T04:11:39,Low,86,90,8,Event,14
TE06160,EDGE0309,LOC049,2025-06-23T18:19:06,Low,79,90,23,Rush Hour,41
TE06161,EDGE0087,LOC016,2025-07-27T09:25:27,Severe,10,20,91,Event,163
TE06162,EDGE0095,LOC055,2025-05-19T04:32:37,Severe,10,20,100,Rush Hour,180
TE06163,EDGE0120,LOC064,2024-05-09T07:38:29,High,29,45,71,Accident,127
TE06164,EDGE0176,LOC042,2026-05-03T06:27:32,Moderate,50,70,56,Accident,100
TE06165,EDGE0158,LOC053,2025-02-14T04:03:24,Moderate,50,70,57,Accident,102
TE06166,EDGE0059,LOC071,2024-07-26T13:24:05,Moderate,57,70,36,Rush Hour,64
TE06167,EDGE0142,LOC038,2025-09-26T08:07:33,Severe,11,20,85,Construction,153
TE06168,EDGE0220,LOC017,2025-04-03T02:29:42,Severe,11,20,81,Event,145
TE06169,EDGE0303,LOC064,2025-05-19T07:16:30,High,31,45,61,Accident,109
TE06170,EDGE0226,LOC014,2024-03-29T22:56:07,Moderate,52,70,49,Rush Hour,88
TE06171,EDGE0221,LOC013,2024-01-17T04:02:43,Severe,11,20,85,Construction,153
TE06172,EDGE0293,LOC060,2025-07-06T05:22:21,Low,90,90,0,Event,0
TE06173,EDGE0306,LOC023,2024-12-06T15:20:08,Moderate,58,70,34,Accident,61
TE06174,EDGE0301,LOC071,2025-03-10T11:35:30,Severe,10,20,97,Rush Hour,174
TE06175,EDGE0271,LOC071,2024-10-01T13:10:02,Low,78,90,25,Accident,45
TE06176,EDGE0014,LOC048,2025-02-01T15:53:41,Severe,11,20,85,Construction,153
TE06177,EDGE0284,LOC044,2024-01-25T07:02:42,Moderate,49,70,59,Event,106
TE06178,EDGE0263,LOC043,2026-04-14T19:18:09,Severe,11,20,89,Rush Hour,160
TE06179,EDGE0044,LOC004,2026-06-25T01:33:15,Moderate,52,70,49,Weather-related,88
TE06180,EDGE0232,LOC066,2024-06-14T08:28:21,Low,83,90,14,Construction,25
TE06181,EDGE0338,LOC067,2025-08-16T09:16:58,Severe,10,20,95,Weather-related,171
TE06182,EDGE0022,LOC066,2025-02-03T18:31:23,Low,83,90,14,Weather-related,25
TE06183,EDGE0033,LOC052,2026-05-05T18:12:47,Moderate,50,70,57,Accident,102
TE06184,EDGE0210,LOC029,2024-11-16T06:09:53,High,28,45,72,Rush Hour,129
TE06185,EDGE0139,LOC066,2025-11-17T21:50:51,Low,85,90,11,Weather-related,19
TE06186,EDGE0329,LOC040,2024-12-08T18:01:10,Severe,10,20,92,Construction,165
TE06187,EDGE0235,LOC019,2025-05-18T17:24:07,High,29,45,67,Event,120
TE06188,EDGE0268,LOC058,2025-02-21T13:20:53,High,27,45,80,Construction,144
TE06189,EDGE0029,LOC072,2024-11-12T18:38:15,Moderate,54,70,43,Event,77
TE06190,EDGE0299,LOC027,2026-06-22T13:59:53,Severe,11,20,82,Weather-related,147
TE06191,EDGE0266,LOC050,2025-09-06T07:56:40,Low,76,90,30,Construction,54
TE06192,EDGE0231,LOC047,2024-08-29T18:44:05,Moderate,50,70,55,Event,99
TE06193,EDGE0317,LOC041,2025-11-23T22:10:10,Severe,11,20,87,Construction,156
TE06194,EDGE0348,LOC004,2024-12-25T23:15:53,High,31,45,61,Weather-related,109
TE06195,EDGE0121,LOC016,2025-11-05T01:05:50,Low,79,90,23,Rush Hour,41
TE06196,EDGE0114,LOC010,2025-07-26T15:53:44,High,30,45,63,Weather-related,113
TE06197,EDGE0268,LOC001,2024-08-18T10:17:57,High,27,45,78,Weather-related,140
TE06198,EDGE0341,LOC043,2026-01-14T02:40:16,Moderate,50,70,55,Weather-related,99
TE06199,EDGE0119,LOC001,2024-05-25T13:03:21,Moderate,53,70,48,Accident,86
TE06200,EDGE0175,LOC011,2026-02-09T10:46:22,Low,85,90,9,Rush Hour,16
TE06201,EDGE0179,LOC054,2024-10-08T23:18:55,High,28,45,75,Weather-related,135
TE06202,EDGE0290,LOC009,2025-12-14T15:18:17,High,29,45,68,Accident,122
TE06203,EDGE0111,LOC074,2024-10-14T10:20:40,Moderate,54,70,44,Event,79
TE06204,EDGE0178,LOC009,2024-09-30T13:52:38,Low,80,90,21,Rush Hour,37
TE06205,EDGE0037,LOC040,2024-10-20T09:12:29,Low,85,90,11,Weather-related,19
TE06206,EDGE0189,LOC041,2026-06-03T22:23:20,Low,81,90,19,Event,34
TE06207,EDGE0352,LOC068,2026-01-31T23:51:02,Moderate,55,70,42,Construction,75
TE06208,EDGE0137,LOC007,2024-10-07T06:02:49,Low,81,90,19,Accident,34
TE06209,EDGE0192,LOC050,2025-03-14T03:22:18,Severe,10,20,98,Event,176
TE06210,EDGE0059,LOC013,2024-02-02T16:42:01,High,30,45,65,Rush Hour,117
TE06211,EDGE0250,LOC048,2025-04-26T19:36:40,High,28,45,73,Construction,131
TE06212,EDGE0254,LOC074,2024-09-10T02:02:50,Severe,10,20,96,Event,172
TE06213,EDGE0235,LOC013,2024-10-03T02:24:49,Low,84,90,13,Event,23
TE06214,EDGE0109,LOC048,2025-09-04T08:44:30,High,27,45,77,Construction,138
TE06215,EDGE0307,LOC031,2024-10-18T19:28:54,Low,78,90,26,Weather-related,46
TE06216,EDGE0089,LOC021,2024-04-17T21:26:14,High,29,45,70,Construction,126
TE06217,EDGE0081,LOC011,2024-08-10T22:54:05,Severe,10,20,100,Accident,180
TE06218,EDGE0289,LOC055,2024-04-21T22:10:11,Moderate,54,70,44,Weather-related,79
TE06219,EDGE0319,LOC069,2025-10-24T09:09:32,Low,87,90,6,Construction,10
TE06220,EDGE0199,LOC005,2025-01-15T23:43:32,High,28,45,73,Rush Hour,131
TE06221,EDGE0131,LOC027,2025-12-07T20:31:48,High,31,45,62,Event,111
TE06222,EDGE0153,LOC016,2025-09-17T06:26:52,Moderate,50,70,57,Construction,102
TE06223,EDGE0344,LOC021,2024-06-04T16:59:12,Low,79,90,23,Rush Hour,41
TE06224,EDGE0156,LOC014,2026-03-29T07:43:40,High,30,45,65,Construction,117
TE06225,EDGE0364,LOC056,2024-08-01T06:35:25,Severe,11,20,88,Event,158
TE06226,EDGE0192,LOC075,2024-01-19T07:30:29,Low,87,90,5,Rush Hour,9
TE06227,EDGE0358,LOC045,2024-06-03T22:12:06,Moderate,52,70,50,Event,90
TE06228,EDGE0059,LOC026,2025-08-10T00:12:21,Low,77,90,28,Weather-related,50
TE06229,EDGE0356,LOC065,2025-08-19T12:12:19,Moderate,54,70,44,Accident,79
TE06230,EDGE0002,LOC012,2024-02-02T04:20:43,Moderate,53,70,47,Accident,84
TE06231,EDGE0117,LOC006,2024-06-19T22:25:16,Severe,11,20,87,Construction,156
TE06232,EDGE0211,LOC045,2024-01-22T01:15:26,High,27,45,76,Rush Hour,136
TE06233,EDGE0202,LOC053,2024-03-08T22:44:49,Moderate,52,70,49,Weather-related,88
TE06234,EDGE0302,LOC065,2024-07-24T07:59:31,Low,83,90,14,Accident,25
TE06235,EDGE0246,LOC032,2025-01-20T18:53:45,High,31,45,62,Rush Hour,111
TE06236,EDGE0367,LOC018,2024-05-09T20:40:04,Severe,11,20,88,Weather-related,158
TE06237,EDGE0258,LOC066,2025-02-19T18:57:24,Low,80,90,21,Weather-related,37
TE06238,EDGE0108,LOC031,2024-08-09T13:50:26,Severe,11,20,85,Event,153
TE06239,EDGE0179,LOC020,2024-01-21T23:12:03,Severe,10,20,99,Construction,178
TE06240,EDGE0217,LOC044,2024-01-15T14:18:52,Low,79,90,24,Event,43
TE06241,EDGE0014,LOC053,2024-06-14T04:36:11,Low,80,90,22,Weather-related,39
TE06242,EDGE0273,LOC029,2026-04-22T13:01:31,Moderate,54,70,44,Event,79
TE06243,EDGE0004,LOC031,2025-06-09T16:05:25,High,27,45,80,Rush Hour,144
TE06244,EDGE0253,LOC033,2024-05-11T23:43:55,High,29,45,71,Weather-related,127
TE06245,EDGE0182,LOC031,2024-11-10T07:05:51,Low,84,90,13,Accident,23
TE06246,EDGE0005,LOC022,2024-08-04T06:52:27,High,27,45,78,Weather-related,140
TE06247,EDGE0254,LOC013,2026-01-16T07:33:29,Severe,11,20,87,Rush Hour,156
TE06248,EDGE0268,LOC037,2026-05-24T08:36:53,Low,89,90,1,Rush Hour,1
TE06249,EDGE0326,LOC008,2025-11-21T05:40:52,Severe,10,20,99,Rush Hour,178
TE06250,EDGE0305,LOC046,2024-09-10T10:27:56,Moderate,59,70,31,Accident,55
TE06251,EDGE0060,LOC054,2025-04-22T12:08:35,Severe,10,20,91,Weather-related,163
TE06252,EDGE0210,LOC051,2025-05-30T08:46:19,Moderate,51,70,53,Accident,95
TE06253,EDGE0011,LOC045,2026-01-13T22:59:55,Moderate,53,70,48,Accident,86
TE06254,EDGE0003,LOC036,2024-08-28T00:40:27,Moderate,52,70,51,Weather-related,91
TE06255,EDGE0232,LOC046,2025-01-13T17:51:11,Low,83,90,15,Accident,27
TE06256,EDGE0070,LOC017,2024-03-27T19:11:23,Moderate,57,70,37,Weather-related,66
TE06257,EDGE0122,LOC063,2026-04-24T08:08:03,Low,77,90,27,Accident,48
TE06258,EDGE0254,LOC002,2025-02-19T11:30:22,Moderate,52,70,49,Weather-related,88
TE06259,EDGE0029,LOC019,2026-04-24T11:21:29,Low,89,90,2,Rush Hour,3
TE06260,EDGE0090,LOC059,2024-07-10T04:35:16,Moderate,52,70,49,Event,88
TE06261,EDGE0009,LOC034,2024-02-02T22:41:16,Severe,11,20,89,Construction,160
TE06262,EDGE0040,LOC061,2024-03-10T04:02:38,Severe,10,20,95,Accident,171
TE06263,EDGE0365,LOC008,2024-06-08T17:13:57,Low,76,90,29,Rush Hour,52
TE06264,EDGE0340,LOC061,2026-04-26T01:43:45,Severe,10,20,99,Weather-related,178
TE06265,EDGE0023,LOC057,2025-04-05T23:12:46,High,27,45,79,Weather-related,142
TE06266,EDGE0312,LOC037,2024-06-08T07:56:27,Low,81,90,18,Event,32
TE06267,EDGE0131,LOC035,2026-03-05T15:41:00,Low,84,90,13,Event,23
TE06268,EDGE0018,LOC001,2025-10-07T02:56:05,Moderate,57,70,37,Accident,66
TE06269,EDGE0025,LOC041,2024-08-08T07:59:35,Severe,11,20,83,Rush Hour,149
TE06270,EDGE0222,LOC065,2024-01-02T21:07:39,High,28,45,75,Rush Hour,135
TE06271,EDGE0063,LOC063,2024-12-14T10:59:07,Severe,11,20,87,Event,156
TE06272,EDGE0018,LOC051,2024-02-07T06:49:02,Moderate,54,70,44,Construction,79
TE06273,EDGE0052,LOC012,2024-12-18T03:03:42,High,27,45,78,Construction,140
TE06274,EDGE0256,LOC072,2025-10-25T12:45:47,Severe,11,20,81,Accident,145
TE06275,EDGE0145,LOC063,2025-08-21T16:07:18,Severe,11,20,90,Rush Hour,162
TE06276,EDGE0176,LOC062,2024-08-16T22:35:40,High,29,45,69,Weather-related,124
TE06277,EDGE0140,LOC033,2025-07-02T20:20:53,Severe,11,20,88,Weather-related,158
TE06278,EDGE0185,LOC049,2025-03-21T14:24:06,High,29,45,71,Accident,127
TE06279,EDGE0347,LOC040,2024-12-16T21:34:49,Moderate,56,70,39,Rush Hour,70
TE06280,EDGE0050,LOC022,2025-08-20T16:17:19,Low,85,90,9,Event,16
TE06281,EDGE0307,LOC035,2024-06-23T14:53:56,High,27,45,77,Construction,138
TE06282,EDGE0154,LOC056,2026-02-03T00:24:00,High,29,45,71,Accident,127
TE06283,EDGE0059,LOC023,2024-09-20T09:37:11,Low,78,90,26,Rush Hour,46
TE06284,EDGE0059,LOC051,2024-06-20T02:09:17,Moderate,57,70,37,Event,66
TE06285,EDGE0200,LOC056,2024-12-14T18:48:14,Low,77,90,28,Construction,50
TE06286,EDGE0160,LOC016,2024-06-07T01:00:08,Moderate,58,70,33,Accident,59
TE06287,EDGE0137,LOC067,2025-03-13T18:47:51,High,29,45,68,Event,122
TE06288,EDGE0161,LOC018,2025-07-09T01:24:15,High,29,45,68,Weather-related,122
TE06289,EDGE0252,LOC023,2024-04-28T12:17:42,Low,89,90,2,Construction,3
TE06290,EDGE0265,LOC036,2025-06-02T10:09:43,Low,76,90,30,Weather-related,54
TE06291,EDGE0121,LOC021,2024-07-02T20:26:38,Moderate,52,70,51,Weather-related,91
TE06292,EDGE0346,LOC065,2025-07-14T00:10:19,High,27,45,80,Weather-related,144
TE06293,EDGE0308,LOC012,2024-05-11T17:44:01,Severe,10,20,98,Event,176
TE06294,EDGE0238,LOC027,2024-03-08T08:05:13,High,28,45,72,Event,129
TE06295,EDGE0164,LOC039,2024-08-22T17:31:37,High,27,45,80,Rush Hour,144
TE06296,EDGE0171,LOC063,2024-10-03T14:50:52,High,28,45,75,Event,135
TE06297,EDGE0363,LOC008,2025-10-27T20:25:30,Moderate,57,70,37,Weather-related,66
TE06298,EDGE0151,LOC006,2026-04-04T01:45:06,Low,79,90,24,Weather-related,43
TE06299,EDGE0233,LOC074,2025-06-04T03:53:29,Moderate,52,70,51,Event,91
TE06300,EDGE0315,LOC074,2024-10-08T17:47:43,Moderate,50,70,56,Construction,100
TE06301,EDGE0297,LOC004,2025-10-22T14:15:57,Low,81,90,20,Accident,36
TE06302,EDGE0015,LOC027,2024-08-21T08:36:31,Severe,10,20,96,Construction,172
TE06303,EDGE0343,LOC065,2025-04-13T11:06:43,High,27,45,76,Event,136
TE06304,EDGE0274,LOC074,2025-03-21T20:20:33,High,27,45,80,Weather-related,144
TE06305,EDGE0251,LOC062,2025-06-25T04:45:34,Low,87,90,6,Construction,10
TE06306,EDGE0035,LOC055,2024-06-10T10:30:50,High,28,45,74,Event,133
TE06307,EDGE0069,LOC006,2025-02-25T03:05:23,High,28,45,72,Accident,129
TE06308,EDGE0311,LOC048,2026-02-14T13:25:05,High,30,45,66,Rush Hour,118
TE06309,EDGE0049,LOC018,2025-07-27T09:30:40,Severe,11,20,90,Accident,162
TE06310,EDGE0029,LOC030,2025-02-16T06:51:55,High,30,45,65,Weather-related,117
TE06311,EDGE0243,LOC074,2024-04-28T15:15:39,Severe,11,20,89,Weather-related,160
TE06312,EDGE0175,LOC059,2024-01-04T09:13:48,Severe,11,20,90,Rush Hour,162
TE06313,EDGE0037,LOC045,2024-08-18T21:48:38,High,28,45,74,Accident,133
TE06314,EDGE0308,LOC032,2024-08-15T17:14:14,Moderate,50,70,55,Rush Hour,99
TE06315,EDGE0189,LOC071,2025-05-12T12:00:33,Moderate,58,70,34,Rush Hour,61
TE06316,EDGE0020,LOC009,2024-08-17T13:38:40,Moderate,50,70,56,Construction,100
TE06317,EDGE0075,LOC042,2025-08-29T18:36:27,Low,76,90,30,Event,54
TE06318,EDGE0097,LOC002,2025-11-24T22:00:40,Moderate,52,70,49,Weather-related,88
TE06319,EDGE0212,LOC010,2026-01-13T05:14:17,Severe,10,20,98,Rush Hour,176
TE06320,EDGE0173,LOC015,2024-04-14T13:38:03,Low,89,90,1,Event,1
TE06321,EDGE0105,LOC037,2024-06-24T19:03:39,Severe,11,20,90,Accident,162
TE06322,EDGE0156,LOC006,2026-06-16T15:32:38,Moderate,50,70,56,Rush Hour,100
TE06323,EDGE0240,LOC015,2025-10-26T00:36:31,Moderate,57,70,35,Weather-related,63
TE06324,EDGE0070,LOC050,2025-03-08T14:20:35,Moderate,59,70,31,Rush Hour,55
TE06325,EDGE0046,LOC015,2024-08-12T17:36:26,High,28,45,74,Accident,133
TE06326,EDGE0031,LOC005,2024-05-20T12:06:33,Moderate,56,70,38,Rush Hour,68
TE06327,EDGE0361,LOC073,2025-05-16T20:18:14,Moderate,50,70,55,Event,99
TE06328,EDGE0122,LOC011,2024-07-17T02:52:38,Severe,10,20,92,Weather-related,165
TE06329,EDGE0203,LOC059,2024-10-09T12:41:31,Severe,10,20,91,Weather-related,163
TE06330,EDGE0237,LOC062,2025-08-21T02:29:20,High,30,45,64,Event,115
TE06331,EDGE0158,LOC056,2025-07-01T18:12:26,Moderate,54,70,44,Rush Hour,79
TE06332,EDGE0344,LOC074,2025-05-11T00:57:18,Low,82,90,16,Event,28
TE06333,EDGE0043,LOC053,2026-02-06T17:21:10,Low,88,90,4,Construction,7
TE06334,EDGE0201,LOC003,2025-10-20T09:36:17,High,27,45,78,Accident,140
TE06335,EDGE0202,LOC057,2026-01-17T15:44:15,Low,88,90,3,Weather-related,5
TE06336,EDGE0271,LOC020,2025-10-05T00:57:49,Severe,10,20,99,Accident,178
TE06337,EDGE0145,LOC040,2025-06-02T00:28:54,Moderate,58,70,32,Accident,57
TE06338,EDGE0079,LOC050,2024-08-02T17:15:45,Low,81,90,19,Accident,34
TE06339,EDGE0364,LOC028,2025-01-17T00:07:09,Low,81,90,20,Weather-related,36
TE06340,EDGE0189,LOC041,2025-08-18T06:10:48,Moderate,54,70,43,Event,77
TE06341,EDGE0051,LOC072,2025-10-12T08:45:44,High,30,45,63,Rush Hour,113
TE06342,EDGE0058,LOC050,2026-05-03T08:51:07,High,29,45,70,Event,126
TE06343,EDGE0339,LOC073,2026-02-11T05:19:00,Low,77,90,27,Rush Hour,48
TE06344,EDGE0185,LOC003,2026-04-16T21:57:10,Moderate,55,70,41,Construction,73
TE06345,EDGE0221,LOC044,2026-04-09T04:24:43,Low,76,90,30,Accident,54
TE06346,EDGE0032,LOC031,2026-02-04T05:30:41,Moderate,50,70,55,Rush Hour,99
TE06347,EDGE0344,LOC045,2026-04-07T04:05:08,Moderate,59,70,31,Event,55
TE06348,EDGE0311,LOC007,2026-04-12T23:27:11,Low,78,90,26,Accident,46
TE06349,EDGE0355,LOC032,2024-12-23T11:17:27,Severe,11,20,88,Event,158
TE06350,EDGE0368,LOC031,2025-08-20T11:56:36,Low,85,90,9,Construction,16
TE06351,EDGE0269,LOC038,2024-05-09T21:29:40,Moderate,50,70,56,Event,100
TE06352,EDGE0249,LOC070,2026-06-21T11:54:19,Low,86,90,8,Event,14
TE06353,EDGE0184,LOC027,2025-10-17T07:21:48,Severe,10,20,95,Rush Hour,171
TE06354,EDGE0285,LOC008,2026-03-29T13:58:07,Severe,11,20,87,Rush Hour,156
TE06355,EDGE0241,LOC050,2026-06-16T16:47:42,Moderate,54,70,43,Rush Hour,77
TE06356,EDGE0305,LOC052,2024-12-06T17:21:49,Low,84,90,13,Event,23
TE06357,EDGE0027,LOC063,2024-05-15T12:55:26,Low,83,90,14,Rush Hour,25
TE06358,EDGE0177,LOC044,2024-12-31T08:37:59,Severe,10,20,95,Weather-related,171
TE06359,EDGE0265,LOC024,2025-07-15T21:30:18,High,31,45,61,Accident,109
TE06360,EDGE0063,LOC034,2024-01-05T10:51:22,Severe,11,20,86,Rush Hour,154
TE06361,EDGE0025,LOC032,2024-11-11T18:48:54,Low,84,90,13,Accident,23
TE06362,EDGE0111,LOC013,2024-01-27T15:34:18,Severe,10,20,95,Event,171
TE06363,EDGE0180,LOC063,2025-07-16T23:11:35,Severe,10,20,100,Event,180
TE06364,EDGE0319,LOC056,2026-05-17T09:42:32,Moderate,51,70,52,Weather-related,93
TE06365,EDGE0189,LOC024,2026-01-06T05:15:17,High,30,45,64,Rush Hour,115
TE06366,EDGE0138,LOC057,2024-07-26T12:41:45,Moderate,56,70,39,Construction,70
TE06367,EDGE0293,LOC059,2024-06-20T02:55:30,Low,90,90,0,Construction,0
TE06368,EDGE0331,LOC030,2024-04-02T13:12:21,Severe,11,20,84,Accident,151
TE06369,EDGE0097,LOC041,2025-06-26T16:37:12,Moderate,57,70,35,Event,63
TE06370,EDGE0061,LOC006,2025-07-14T13:46:52,Severe,10,20,100,Construction,180
TE06371,EDGE0187,LOC014,2024-08-04T11:19:03,Moderate,56,70,39,Accident,70
TE06372,EDGE0238,LOC017,2025-04-02T19:06:40,Moderate,56,70,39,Construction,70
TE06373,EDGE0148,LOC022,2025-12-16T04:31:23,High,31,45,61,Rush Hour,109
TE06374,EDGE0104,LOC056,2024-08-11T21:56:15,Moderate,51,70,52,Construction,93
TE06375,EDGE0260,LOC072,2026-05-06T17:25:28,Low,85,90,11,Accident,19
TE06376,EDGE0243,LOC025,2025-10-16T02:53:14,Moderate,58,70,32,Construction,57
TE06377,EDGE0103,LOC038,2025-01-11T16:57:31,Low,89,90,1,Accident,1
TE06378,EDGE0154,LOC050,2024-11-23T08:51:30,Moderate,50,70,57,Rush Hour,102
TE06379,EDGE0004,LOC066,2024-12-14T21:13:03,Moderate,58,70,32,Weather-related,57
TE06380,EDGE0237,LOC061,2024-03-27T18:49:22,Low,83,90,14,Weather-related,25
TE06381,EDGE0118,LOC028,2024-08-02T01:36:19,Severe,11,20,89,Weather-related,160
TE06382,EDGE0021,LOC037,2024-07-01T02:52:03,High,30,45,63,Rush Hour,113
TE06383,EDGE0247,LOC004,2024-08-10T06:16:53,High,31,45,61,Accident,109
TE06384,EDGE0361,LOC045,2025-08-09T08:45:28,Low,79,90,24,Event,43
TE06385,EDGE0021,LOC007,2024-02-10T22:16:58,Moderate,53,70,46,Rush Hour,82
TE06386,EDGE0167,LOC058,2025-10-21T18:17:22,Severe,10,20,92,Event,165
TE06387,EDGE0015,LOC032,2025-07-31T09:23:33,Severe,10,20,97,Rush Hour,174
TE06388,EDGE0128,LOC074,2024-03-25T00:22:23,Moderate,53,70,48,Event,86
TE06389,EDGE0169,LOC030,2024-06-13T16:19:58,Moderate,49,70,58,Rush Hour,104
TE06390,EDGE0076,LOC044,2026-06-22T11:53:00,Low,89,90,1,Event,1
TE06391,EDGE0102,LOC048,2024-04-24T14:21:21,Moderate,53,70,48,Event,86
TE06392,EDGE0249,LOC048,2026-01-10T17:22:58,Moderate,49,70,59,Accident,106
TE06393,EDGE0170,LOC022,2024-09-02T17:07:27,Low,82,90,17,Construction,30
TE06394,EDGE0277,LOC004,2024-02-16T21:24:20,Moderate,53,70,46,Accident,82
TE06395,EDGE0360,LOC046,2024-08-16T04:19:55,Low,84,90,13,Rush Hour,23
TE06396,EDGE0010,LOC018,2025-07-21T09:17:29,Low,77,90,28,Accident,50
TE06397,EDGE0259,LOC073,2024-08-07T11:12:24,High,28,45,74,Rush Hour,133
TE06398,EDGE0019,LOC067,2024-05-02T17:05:00,Severe,10,20,100,Event,180
TE06399,EDGE0010,LOC049,2025-01-15T15:58:11,High,28,45,75,Rush Hour,135
TE06400,EDGE0061,LOC028,2024-04-29T17:12:09,Low,79,90,24,Accident,43
TE06401,EDGE0196,LOC014,2024-01-20T09:12:08,Moderate,52,70,49,Construction,88
TE06402,EDGE0354,LOC041,2026-06-03T04:41:09,Low,80,90,22,Rush Hour,39
TE06403,EDGE0370,LOC002,2025-10-09T00:03:15,High,27,45,78,Construction,140
TE06404,EDGE0296,LOC033,2024-08-20T13:51:45,Moderate,57,70,37,Weather-related,66
TE06405,EDGE0333,LOC035,2024-10-10T09:16:43,High,28,45,72,Construction,129
TE06406,EDGE0329,LOC050,2025-12-30T18:05:55,High,27,45,77,Weather-related,138
TE06407,EDGE0239,LOC054,2024-08-05T15:46:07,Low,84,90,13,Event,23
TE06408,EDGE0146,LOC017,2026-03-30T08:45:45,Moderate,57,70,37,Accident,66
TE06409,EDGE0076,LOC026,2025-04-10T06:27:22,Low,77,90,28,Weather-related,50
TE06410,EDGE0332,LOC002,2025-12-31T09:44:55,Moderate,54,70,44,Weather-related,79
TE06411,EDGE0126,LOC013,2025-10-01T06:40:12,Moderate,54,70,43,Construction,77
TE06412,EDGE0188,LOC002,2025-06-08T00:50:04,Moderate,52,70,49,Event,88
TE06413,EDGE0261,LOC025,2025-11-20T16:32:12,Severe,10,20,95,Construction,171
TE06414,EDGE0197,LOC033,2024-01-21T12:28:58,Low,81,90,18,Construction,32
TE06415,EDGE0222,LOC028,2025-03-21T11:31:33,Moderate,52,70,50,Rush Hour,90
TE06416,EDGE0346,LOC029,2024-06-21T20:19:19,Moderate,52,70,50,Rush Hour,90
TE06417,EDGE0370,LOC013,2024-08-30T03:54:04,Moderate,56,70,38,Rush Hour,68
TE06418,EDGE0117,LOC008,2024-04-03T04:59:30,Low,81,90,19,Weather-related,34
TE06419,EDGE0121,LOC047,2024-02-19T21:29:13,Low,80,90,22,Weather-related,39
TE06420,EDGE0297,LOC059,2024-09-26T15:32:20,Severe,11,20,86,Accident,154
TE06421,EDGE0026,LOC050,2026-02-20T20:12:48,Moderate,51,70,54,Accident,97
TE06422,EDGE0356,LOC051,2024-09-06T02:14:10,Moderate,49,70,60,Accident,108
TE06423,EDGE0293,LOC001,2024-01-17T21:10:21,Moderate,53,70,47,Accident,84
TE06424,EDGE0353,LOC012,2025-09-07T18:30:57,Low,78,90,25,Accident,45
TE06425,EDGE0014,LOC049,2025-10-20T01:43:36,Moderate,51,70,53,Accident,95
TE06426,EDGE0353,LOC009,2025-12-06T17:24:05,High,29,45,68,Construction,122
TE06427,EDGE0348,LOC058,2026-05-10T20:25:48,Severe,11,20,86,Construction,154
TE06428,EDGE0003,LOC037,2025-02-04T20:57:49,High,30,45,63,Event,113
TE06429,EDGE0047,LOC037,2026-06-07T16:08:02,Low,81,90,18,Accident,32
TE06430,EDGE0260,LOC027,2026-02-18T15:09:38,Low,83,90,14,Event,25
TE06431,EDGE0279,LOC051,2025-04-20T09:46:22,Low,79,90,24,Rush Hour,43
TE06432,EDGE0026,LOC006,2024-12-19T02:54:43,Moderate,58,70,33,Event,59
TE06433,EDGE0186,LOC040,2025-10-20T03:34:19,High,31,45,62,Construction,111
TE06434,EDGE0214,LOC015,2024-08-31T13:57:05,Low,84,90,13,Rush Hour,23
TE06435,EDGE0233,LOC075,2025-02-26T06:28:03,Low,83,90,15,Weather-related,27
TE06436,EDGE0247,LOC017,2024-05-22T19:38:31,Moderate,49,70,58,Construction,104
TE06437,EDGE0255,LOC045,2026-03-21T02:58:05,Low,88,90,3,Rush Hour,5
TE06438,EDGE0026,LOC033,2025-08-09T12:28:02,Moderate,55,70,41,Weather-related,73
TE06439,EDGE0300,LOC033,2024-07-13T09:18:34,Severe,10,20,100,Rush Hour,180
TE06440,EDGE0095,LOC039,2024-11-25T02:52:17,Moderate,56,70,39,Event,70
TE06441,EDGE0100,LOC024,2025-09-14T00:05:03,Moderate,54,70,45,Accident,81
TE06442,EDGE0252,LOC057,2024-03-27T23:42:46,Low,80,90,21,Rush Hour,37
TE06443,EDGE0191,LOC069,2024-12-06T01:25:21,Low,82,90,16,Rush Hour,28
TE06444,EDGE0112,LOC067,2025-09-01T09:40:01,Moderate,58,70,33,Weather-related,59
TE06445,EDGE0140,LOC035,2024-10-12T08:36:00,High,30,45,66,Rush Hour,118
TE06446,EDGE0355,LOC063,2026-05-18T20:00:08,Severe,10,20,98,Construction,176
TE06447,EDGE0165,LOC003,2024-04-29T22:34:08,Low,83,90,14,Rush Hour,25
TE06448,EDGE0165,LOC007,2025-12-28T16:33:48,High,27,45,77,Event,138
TE06449,EDGE0062,LOC073,2026-01-11T15:22:06,Low,79,90,24,Weather-related,43
TE06450,EDGE0001,LOC018,2025-05-01T12:33:24,Low,81,90,18,Event,32
TE06451,EDGE0130,LOC073,2025-09-21T07:13:04,Low,87,90,5,Weather-related,9
TE06452,EDGE0117,LOC062,2025-08-14T00:57:07,Low,76,90,30,Construction,54
TE06453,EDGE0090,LOC044,2024-09-13T01:05:51,High,30,45,66,Weather-related,118
TE06454,EDGE0197,LOC010,2024-03-25T22:18:25,Severe,11,20,89,Event,160
TE06455,EDGE0182,LOC068,2025-07-31T01:42:31,Moderate,49,70,58,Event,104
TE06456,EDGE0241,LOC001,2025-10-21T00:08:18,Low,81,90,20,Accident,36
TE06457,EDGE0051,LOC073,2024-10-29T12:04:57,Low,78,90,25,Rush Hour,45
TE06458,EDGE0191,LOC069,2025-02-23T07:19:50,Severe,11,20,87,Weather-related,156
TE06459,EDGE0204,LOC004,2024-06-17T09:28:40,Moderate,57,70,35,Weather-related,63
TE06460,EDGE0001,LOC028,2024-06-11T04:18:59,High,27,45,78,Construction,140
TE06461,EDGE0068,LOC014,2024-04-30T20:54:50,Moderate,52,70,50,Accident,90
TE06462,EDGE0018,LOC008,2025-07-17T10:29:48,Low,84,90,13,Construction,23
TE06463,EDGE0078,LOC068,2025-06-05T03:17:24,High,31,45,61,Construction,109
TE06464,EDGE0048,LOC020,2024-02-13T13:44:14,Severe,11,20,90,Event,162
TE06465,EDGE0059,LOC055,2025-01-07T02:19:21,Moderate,54,70,44,Rush Hour,79
TE06466,EDGE0140,LOC046,2025-03-14T09:26:13,Low,85,90,10,Construction,18
TE06467,EDGE0216,LOC051,2024-09-09T20:08:51,Moderate,54,70,43,Rush Hour,77
TE06468,EDGE0004,LOC037,2026-04-21T07:06:55,Low,86,90,8,Accident,14
TE06469,EDGE0229,LOC034,2024-06-14T09:17:09,High,30,45,65,Construction,117
TE06470,EDGE0277,LOC026,2024-04-11T11:16:30,Low,88,90,4,Rush Hour,7
TE06471,EDGE0252,LOC033,2024-11-25T04:34:31,Moderate,51,70,53,Weather-related,95
TE06472,EDGE0310,LOC059,2024-01-18T01:15:09,Moderate,54,70,43,Rush Hour,77
TE06473,EDGE0137,LOC022,2025-04-25T04:49:59,Severe,11,20,85,Weather-related,153
TE06474,EDGE0045,LOC009,2024-10-18T15:35:47,Low,79,90,23,Accident,41
TE06475,EDGE0355,LOC007,2026-05-07T00:32:43,High,30,45,65,Accident,117
TE06476,EDGE0262,LOC011,2024-11-09T08:53:14,High,29,45,68,Event,122
TE06477,EDGE0342,LOC070,2024-02-20T06:43:17,Low,89,90,2,Rush Hour,3
TE06478,EDGE0259,LOC053,2025-01-08T08:20:38,Moderate,51,70,53,Rush Hour,95
TE06479,EDGE0188,LOC021,2025-02-22T03:18:39,Low,82,90,16,Weather-related,28
TE06480,EDGE0186,LOC029,2024-05-12T02:29:48,Low,85,90,11,Construction,19
TE06481,EDGE0255,LOC010,2026-06-04T15:43:03,Low,81,90,19,Accident,34
TE06482,EDGE0342,LOC015,2026-05-27T09:09:05,High,31,45,61,Construction,109
TE06483,EDGE0023,LOC063,2024-03-10T17:02:38,High,29,45,68,Accident,122
TE06484,EDGE0070,LOC050,2026-05-25T17:43:30,Severe,10,20,93,Event,167
TE06485,EDGE0214,LOC024,2026-01-21T13:37:55,Moderate,50,70,56,Rush Hour,100
TE06486,EDGE0067,LOC059,2024-03-11T23:05:48,High,27,45,78,Weather-related,140
TE06487,EDGE0224,LOC015,2024-03-15T15:23:34,Severe,10,20,93,Accident,167
TE06488,EDGE0323,LOC044,2025-05-03T16:24:12,High,30,45,64,Rush Hour,115
TE06489,EDGE0319,LOC053,2024-05-24T19:09:19,Low,80,90,22,Event,39
TE06490,EDGE0268,LOC009,2025-04-24T09:37:23,Moderate,54,70,45,Accident,81
TE06491,EDGE0070,LOC073,2024-01-14T04:06:35,High,29,45,68,Accident,122
TE06492,EDGE0186,LOC051,2025-07-08T00:50:37,Low,88,90,3,Weather-related,5
TE06493,EDGE0153,LOC075,2025-03-14T16:42:58,High,29,45,68,Rush Hour,122
TE06494,EDGE0278,LOC022,2025-09-10T11:36:01,Low,77,90,27,Weather-related,48
TE06495,EDGE0008,LOC033,2026-02-16T01:24:26,Low,83,90,15,Construction,27
TE06496,EDGE0163,LOC048,2024-10-29T17:47:28,Moderate,49,70,58,Accident,104
TE06497,EDGE0364,LOC033,2025-05-03T12:22:56,Moderate,59,70,31,Event,55
TE06498,EDGE0125,LOC057,2025-08-29T20:09:48,Moderate,49,70,59,Rush Hour,106
TE06499,EDGE0147,LOC069,2025-07-06T18:34:32,Low,77,90,27,Construction,48
TE06500,EDGE0336,LOC026,2024-07-20T04:44:22,Moderate,51,70,53,Construction,95
TE06501,EDGE0094,LOC066,2024-05-31T06:35:00,Moderate,50,70,56,Event,100
TE06502,EDGE0306,LOC064,2025-05-29T16:26:14,Low,79,90,24,Rush Hour,43
TE06503,EDGE0251,LOC039,2025-09-24T16:44:36,Moderate,58,70,33,Weather-related,59
TE06504,EDGE0069,LOC033,2026-02-21T06:45:49,High,28,45,75,Event,135
TE06505,EDGE0147,LOC022,2024-06-05T21:39:37,Moderate,50,70,57,Construction,102
TE06506,EDGE0337,LOC015,2026-02-19T02:31:11,Moderate,50,70,56,Rush Hour,100
TE06507,EDGE0183,LOC012,2024-08-21T07:21:52,Moderate,50,70,57,Accident,102
TE06508,EDGE0298,LOC048,2024-02-06T19:03:08,Low,76,90,30,Event,54
TE06509,EDGE0174,LOC059,2025-08-16T14:09:28,Low,85,90,10,Weather-related,18
TE06510,EDGE0276,LOC053,2026-01-10T22:05:52,Severe,11,20,88,Event,158
TE06511,EDGE0221,LOC020,2026-06-29T21:01:05,Moderate,56,70,40,Construction,72
TE06512,EDGE0328,LOC047,2024-02-28T02:40:55,High,30,45,63,Accident,113
TE06513,EDGE0356,LOC017,2025-03-26T16:26:04,Moderate,54,70,43,Weather-related,77
TE06514,EDGE0210,LOC016,2024-09-07T10:49:45,Moderate,53,70,48,Weather-related,86
TE06515,EDGE0190,LOC033,2024-08-23T09:44:20,Severe,11,20,81,Event,145
TE06516,EDGE0129,LOC054,2025-12-20T09:51:05,Low,77,90,27,Weather-related,48
TE06517,EDGE0137,LOC012,2024-05-02T08:07:09,Low,82,90,17,Construction,30
TE06518,EDGE0279,LOC010,2024-05-24T22:08:07,High,28,45,73,Construction,131
TE06519,EDGE0043,LOC011,2024-12-25T17:33:29,Low,81,90,20,Event,36
TE06520,EDGE0109,LOC014,2024-11-30T23:54:36,Moderate,50,70,56,Accident,100
TE06521,EDGE0286,LOC047,2024-08-06T19:44:21,Low,83,90,14,Rush Hour,25
TE06522,EDGE0310,LOC048,2024-09-07T04:16:05,Moderate,49,70,59,Construction,106
TE06523,EDGE0088,LOC019,2026-02-18T05:44:45,Moderate,49,70,59,Rush Hour,106
TE06524,EDGE0151,LOC065,2026-03-13T01:05:19,Low,88,90,4,Construction,7
TE06525,EDGE0110,LOC048,2026-03-23T21:33:23,Severe,11,20,87,Rush Hour,156
TE06526,EDGE0196,LOC018,2025-06-14T08:53:04,High,28,45,74,Weather-related,133
TE06527,EDGE0126,LOC001,2025-11-26T03:16:16,Moderate,54,70,45,Accident,81
TE06528,EDGE0271,LOC054,2024-07-22T19:24:00,Low,89,90,2,Weather-related,3
TE06529,EDGE0167,LOC017,2025-06-10T15:36:29,Severe,10,20,100,Weather-related,180
TE06530,EDGE0166,LOC052,2025-03-27T19:21:37,Moderate,57,70,35,Construction,63
TE06531,EDGE0243,LOC047,2025-07-13T17:34:02,Low,81,90,18,Event,32
TE06532,EDGE0052,LOC051,2025-10-31T09:10:13,Low,81,90,18,Weather-related,32
TE06533,EDGE0041,LOC074,2024-03-03T03:47:20,Severe,10,20,100,Construction,180
TE06534,EDGE0057,LOC012,2025-08-25T04:03:11,Moderate,51,70,52,Construction,93
TE06535,EDGE0049,LOC022,2025-01-06T10:41:25,Moderate,53,70,48,Weather-related,86
TE06536,EDGE0251,LOC054,2024-11-20T09:23:51,Severe,10,20,91,Event,163
TE06537,EDGE0029,LOC054,2024-04-26T12:08:19,Moderate,53,70,48,Event,86
TE06538,EDGE0098,LOC035,2024-08-24T17:56:10,Severe,11,20,88,Weather-related,158
TE06539,EDGE0086,LOC030,2026-05-30T15:35:45,Low,83,90,15,Event,27
TE06540,EDGE0101,LOC059,2026-02-11T20:59:43,Severe,11,20,88,Construction,158
TE06541,EDGE0012,LOC055,2024-05-31T07:33:37,Moderate,50,70,57,Rush Hour,102
TE06542,EDGE0083,LOC070,2024-01-24T05:04:08,Low,85,90,10,Weather-related,18
TE06543,EDGE0028,LOC073,2024-08-09T13:21:10,Low,82,90,17,Weather-related,30
TE06544,EDGE0049,LOC011,2025-04-25T20:34:25,Low,77,90,27,Event,48
TE06545,EDGE0103,LOC042,2026-04-29T22:42:37,Severe,10,20,99,Rush Hour,178
TE06546,EDGE0032,LOC062,2024-05-15T09:50:48,Low,81,90,19,Weather-related,34
TE06547,EDGE0110,LOC038,2026-02-14T00:47:50,Low,88,90,3,Rush Hour,5
TE06548,EDGE0308,LOC038,2024-05-26T04:49:26,Moderate,51,70,54,Weather-related,97
TE06549,EDGE0265,LOC047,2025-12-07T12:27:57,High,27,45,78,Accident,140
TE06550,EDGE0360,LOC070,2025-05-02T08:16:51,High,28,45,74,Rush Hour,133
TE06551,EDGE0269,LOC054,2024-09-20T15:31:55,Severe,10,20,97,Weather-related,174
TE06552,EDGE0190,LOC034,2025-04-04T05:04:18,Moderate,53,70,47,Construction,84
TE06553,EDGE0051,LOC066,2024-09-07T20:07:50,Low,77,90,27,Weather-related,48
TE06554,EDGE0317,LOC049,2024-04-15T21:15:27,Severe,10,20,94,Rush Hour,169
TE06555,EDGE0310,LOC035,2025-03-11T03:31:50,High,28,45,73,Event,131
TE06556,EDGE0072,LOC028,2026-06-14T13:54:40,Severe,11,20,87,Event,156
TE06557,EDGE0109,LOC046,2025-07-18T09:51:34,Moderate,58,70,33,Construction,59
TE06558,EDGE0033,LOC070,2025-07-02T22:31:54,Low,85,90,9,Event,16
TE06559,EDGE0284,LOC075,2024-05-18T14:42:26,Moderate,51,70,53,Accident,95
TE06560,EDGE0337,LOC049,2024-04-20T12:03:53,Moderate,54,70,45,Event,81
TE06561,EDGE0228,LOC014,2024-10-05T08:32:51,Low,84,90,13,Construction,23
TE06562,EDGE0062,LOC037,2025-12-16T17:40:30,Moderate,51,70,54,Construction,97
TE06563,EDGE0024,LOC014,2025-02-04T16:51:10,Moderate,56,70,40,Weather-related,72
TE06564,EDGE0190,LOC025,2026-01-05T04:26:49,Severe,11,20,83,Event,149
TE06565,EDGE0258,LOC053,2025-02-01T17:21:08,Moderate,50,70,55,Rush Hour,99
TE06566,EDGE0035,LOC055,2025-11-17T16:38:47,Moderate,49,70,60,Event,108
TE06567,EDGE0268,LOC065,2024-08-06T04:15:09,Severe,10,20,96,Construction,172
TE06568,EDGE0260,LOC066,2024-07-11T13:47:44,Low,85,90,10,Rush Hour,18
TE06569,EDGE0160,LOC069,2026-06-02T11:55:11,Moderate,53,70,46,Weather-related,82
TE06570,EDGE0016,LOC059,2026-01-28T11:36:53,Severe,10,20,99,Rush Hour,178
TE06571,EDGE0030,LOC047,2024-03-02T12:07:14,Moderate,58,70,32,Rush Hour,57
TE06572,EDGE0089,LOC002,2025-07-18T15:13:20,Low,78,90,25,Event,45
TE06573,EDGE0169,LOC004,2025-03-21T06:09:25,Severe,11,20,86,Accident,154
TE06574,EDGE0104,LOC021,2025-09-14T20:05:50,High,27,45,77,Event,138
TE06575,EDGE0170,LOC057,2025-09-27T09:51:50,Moderate,58,70,32,Construction,57
TE06576,EDGE0089,LOC039,2024-07-19T08:52:51,Severe,11,20,87,Accident,156
TE06577,EDGE0074,LOC067,2025-11-15T19:14:49,Low,77,90,28,Accident,50
TE06578,EDGE0204,LOC038,2025-07-23T16:46:11,Moderate,54,70,44,Rush Hour,79
TE06579,EDGE0293,LOC056,2026-03-07T02:36:40,Moderate,57,70,35,Accident,63
TE06580,EDGE0051,LOC069,2025-05-02T05:32:54,Low,78,90,26,Construction,46
TE06581,EDGE0055,LOC009,2025-08-03T11:54:56,Moderate,54,70,43,Accident,77
TE06582,EDGE0021,LOC056,2024-05-09T16:45:11,Moderate,50,70,57,Construction,102
TE06583,EDGE0301,LOC013,2025-10-03T20:59:51,Moderate,49,70,58,Event,104
TE06584,EDGE0252,LOC042,2026-02-24T22:54:03,Moderate,55,70,41,Weather-related,73
TE06585,EDGE0060,LOC057,2025-11-30T04:39:22,High,28,45,73,Construction,131
TE06586,EDGE0301,LOC049,2025-02-12T06:55:00,High,27,45,78,Construction,140
TE06587,EDGE0169,LOC043,2024-03-07T07:03:38,Moderate,53,70,48,Rush Hour,86
TE06588,EDGE0257,LOC019,2024-03-29T15:18:05,Severe,10,20,95,Weather-related,171
TE06589,EDGE0298,LOC039,2025-01-15T07:25:52,Low,81,90,18,Rush Hour,32
TE06590,EDGE0078,LOC046,2026-05-21T04:09:16,High,30,45,63,Event,113
TE06591,EDGE0016,LOC046,2024-01-13T08:08:04,Moderate,54,70,44,Accident,79
TE06592,EDGE0037,LOC070,2024-08-28T02:29:51,Low,82,90,17,Rush Hour,30
TE06593,EDGE0315,LOC062,2024-06-12T13:47:39,Moderate,53,70,48,Event,86
TE06594,EDGE0304,LOC027,2025-03-27T12:36:45,Severe,10,20,97,Event,174
TE06595,EDGE0033,LOC067,2025-08-06T19:38:53,High,28,45,73,Rush Hour,131
TE06596,EDGE0089,LOC047,2024-09-02T18:20:23,High,27,45,76,Weather-related,136
TE06597,EDGE0028,LOC017,2026-06-04T16:07:33,Low,83,90,15,Construction,27
TE06598,EDGE0142,LOC010,2025-09-12T06:15:10,Low,85,90,11,Construction,19
TE06599,EDGE0009,LOC048,2024-04-23T08:50:32,Low,82,90,17,Construction,30
TE06600,EDGE0197,LOC062,2024-12-12T11:57:17,Moderate,57,70,37,Weather-related,66
TE06601,EDGE0242,LOC031,2025-08-26T02:00:08,Moderate,56,70,40,Accident,72
TE06602,EDGE0134,LOC030,2025-12-19T02:59:39,High,27,45,79,Construction,142
TE06603,EDGE0337,LOC065,2024-05-25T06:02:56,Moderate,54,70,44,Accident,79
TE06604,EDGE0364,LOC069,2025-06-26T01:21:00,Moderate,57,70,35,Rush Hour,63
TE06605,EDGE0008,LOC007,2025-12-24T17:10:32,High,27,45,77,Accident,138
TE06606,EDGE0242,LOC017,2025-12-28T18:31:28,High,30,45,66,Construction,118
TE06607,EDGE0180,LOC006,2026-04-11T06:33:40,Moderate,56,70,39,Weather-related,70
TE06608,EDGE0055,LOC045,2025-12-23T02:58:33,Severe,10,20,100,Accident,180
TE06609,EDGE0119,LOC041,2024-06-18T12:15:11,Moderate,58,70,32,Weather-related,57
TE06610,EDGE0148,LOC028,2024-05-13T07:41:47,Low,77,90,27,Event,48
TE06611,EDGE0163,LOC043,2024-10-07T01:04:40,Severe,11,20,89,Weather-related,160
TE06612,EDGE0305,LOC043,2024-06-17T07:31:06,Moderate,58,70,34,Construction,61
TE06613,EDGE0278,LOC072,2025-09-08T15:10:39,Moderate,58,70,32,Accident,57
TE06614,EDGE0060,LOC039,2025-11-03T19:40:30,Severe,10,20,94,Construction,169
TE06615,EDGE0332,LOC075,2024-11-05T20:49:04,Severe,11,20,83,Accident,149
TE06616,EDGE0018,LOC048,2025-09-15T17:46:05,Low,81,90,19,Rush Hour,34
TE06617,EDGE0006,LOC038,2025-05-25T15:35:37,Severe,10,20,91,Construction,163
TE06618,EDGE0250,LOC040,2024-04-10T03:40:22,Low,84,90,12,Rush Hour,21
TE06619,EDGE0359,LOC070,2025-05-07T21:14:13,Moderate,51,70,52,Accident,93
TE06620,EDGE0198,LOC074,2025-06-15T22:28:29,High,30,45,66,Accident,118
TE06621,EDGE0315,LOC044,2026-01-25T10:23:32,Moderate,49,70,60,Weather-related,108
TE06622,EDGE0322,LOC024,2024-11-26T07:36:51,Low,77,90,27,Rush Hour,48
TE06623,EDGE0221,LOC007,2026-01-09T18:44:55,Moderate,54,70,44,Event,79
TE06624,EDGE0182,LOC001,2024-06-26T14:23:54,High,31,45,62,Rush Hour,111
TE06625,EDGE0252,LOC005,2025-03-08T10:34:28,Low,82,90,16,Rush Hour,28
TE06626,EDGE0362,LOC059,2025-12-07T03:55:13,Moderate,52,70,50,Construction,90
TE06627,EDGE0081,LOC035,2024-02-29T11:16:08,Low,88,90,3,Weather-related,5
TE06628,EDGE0027,LOC068,2026-04-26T18:06:03,Low,83,90,15,Accident,27
TE06629,EDGE0171,LOC066,2024-08-29T22:26:58,Moderate,52,70,50,Event,90
TE06630,EDGE0097,LOC046,2025-12-31T01:39:36,Severe,11,20,86,Accident,154
TE06631,EDGE0220,LOC016,2024-08-14T01:08:51,Low,79,90,23,Rush Hour,41
TE06632,EDGE0033,LOC072,2024-11-27T14:44:37,Moderate,57,70,36,Weather-related,64
TE06633,EDGE0215,LOC065,2025-05-12T09:25:20,Moderate,54,70,45,Accident,81
TE06634,EDGE0083,LOC072,2026-06-01T16:16:35,High,30,45,64,Event,115
TE06635,EDGE0241,LOC063,2024-02-18T15:48:55,Moderate,51,70,52,Weather-related,93
TE06636,EDGE0087,LOC029,2025-08-13T18:02:45,High,27,45,76,Construction,136
TE06637,EDGE0343,LOC001,2024-04-06T22:27:00,Low,83,90,14,Weather-related,25
TE06638,EDGE0340,LOC045,2025-07-15T13:25:36,Low,83,90,14,Rush Hour,25
TE06639,EDGE0328,LOC057,2025-10-30T03:39:11,Low,87,90,6,Construction,10
TE06640,EDGE0056,LOC038,2026-01-05T09:59:26,High,31,45,61,Construction,109
TE06641,EDGE0246,LOC044,2024-11-27T12:54:19,High,30,45,65,Weather-related,117
TE06642,EDGE0273,LOC064,2024-03-25T00:09:21,Moderate,57,70,37,Rush Hour,66
TE06643,EDGE0014,LOC062,2024-11-24T13:01:34,Low,78,90,25,Weather-related,45
TE06644,EDGE0254,LOC061,2024-02-05T15:22:01,Severe,11,20,87,Rush Hour,156
TE06645,EDGE0094,LOC064,2025-10-18T23:36:48,High,29,45,69,Rush Hour,124
TE06646,EDGE0286,LOC016,2025-02-23T04:40:00,High,27,45,78,Accident,140
TE06647,EDGE0118,LOC072,2025-01-26T13:53:55,Severe,11,20,88,Rush Hour,158
TE06648,EDGE0187,LOC046,2024-09-30T13:41:36,Low,87,90,5,Rush Hour,9
TE06649,EDGE0262,LOC065,2024-05-09T20:30:32,Severe,10,20,96,Construction,172
TE06650,EDGE0195,LOC069,2024-08-08T04:22:18,Low,80,90,21,Construction,37
TE06651,EDGE0241,LOC052,2024-04-17T14:09:52,Severe,10,20,99,Accident,178
TE06652,EDGE0278,LOC011,2025-03-01T11:55:49,Moderate,49,70,59,Construction,106
TE06653,EDGE0070,LOC015,2025-09-21T06:02:51,High,31,45,62,Accident,111
TE06654,EDGE0152,LOC018,2024-05-06T22:20:11,High,27,45,77,Rush Hour,138
TE06655,EDGE0134,LOC025,2025-04-08T10:48:07,High,30,45,66,Weather-related,118
TE06656,EDGE0291,LOC003,2025-12-02T06:11:31,Low,80,90,21,Construction,37
TE06657,EDGE0105,LOC066,2025-10-14T00:21:54,High,28,45,74,Weather-related,133
TE06658,EDGE0104,LOC012,2026-03-26T05:08:23,High,31,45,62,Rush Hour,111
TE06659,EDGE0087,LOC040,2024-11-28T14:24:33,High,29,45,69,Accident,124
TE06660,EDGE0024,LOC042,2025-02-07T00:53:37,High,28,45,74,Accident,133
TE06661,EDGE0316,LOC033,2024-10-12T22:56:09,Severe,10,20,96,Accident,172
TE06662,EDGE0278,LOC070,2024-03-24T11:39:27,Severe,11,20,82,Rush Hour,147
TE06663,EDGE0293,LOC073,2024-05-23T14:27:35,Severe,11,20,82,Accident,147
TE06664,EDGE0032,LOC020,2025-10-27T16:54:59,Low,84,90,13,Accident,23
TE06665,EDGE0132,LOC064,2025-06-15T07:23:52,Severe,10,20,94,Rush Hour,169
TE06666,EDGE0077,LOC053,2025-04-06T05:25:12,Severe,11,20,89,Weather-related,160
TE06667,EDGE0288,LOC026,2024-09-12T14:14:43,Moderate,58,70,32,Weather-related,57
TE06668,EDGE0262,LOC046,2024-11-04T12:32:33,Low,76,90,30,Rush Hour,54
TE06669,EDGE0048,LOC007,2025-06-26T13:57:45,High,27,45,76,Event,136
TE06670,EDGE0097,LOC068,2025-10-13T01:13:14,High,29,45,69,Rush Hour,124
TE06671,EDGE0331,LOC072,2026-01-18T04:17:27,Low,83,90,15,Weather-related,27
TE06672,EDGE0034,LOC017,2026-01-08T15:54:11,Low,82,90,17,Weather-related,30
TE06673,EDGE0323,LOC067,2026-04-11T21:07:17,Low,80,90,21,Weather-related,37
TE06674,EDGE0328,LOC046,2024-09-06T14:55:33,Moderate,49,70,59,Accident,106
TE06675,EDGE0052,LOC044,2025-11-09T12:29:14,Moderate,55,70,41,Construction,73
TE06676,EDGE0307,LOC043,2025-07-04T23:53:24,Low,83,90,14,Weather-related,25
TE06677,EDGE0001,LOC026,2026-06-04T22:57:14,Severe,11,20,90,Construction,162
TE06678,EDGE0123,LOC072,2025-08-27T12:06:53,High,29,45,71,Accident,127
TE06679,EDGE0228,LOC052,2024-01-16T10:16:24,Low,85,90,9,Weather-related,16
TE06680,EDGE0311,LOC042,2026-05-21T08:10:56,Moderate,54,70,43,Rush Hour,77
TE06681,EDGE0342,LOC042,2024-11-04T10:51:09,Low,84,90,13,Construction,23
TE06682,EDGE0129,LOC054,2024-04-30T20:55:08,High,31,45,62,Rush Hour,111
TE06683,EDGE0189,LOC058,2026-06-17T15:38:47,Moderate,53,70,46,Accident,82
TE06684,EDGE0236,LOC017,2024-08-12T15:43:17,Moderate,57,70,36,Rush Hour,64
TE06685,EDGE0308,LOC006,2025-05-17T21:37:30,Moderate,55,70,41,Event,73
TE06686,EDGE0343,LOC030,2025-05-06T16:32:43,Severe,11,20,89,Construction,160
TE06687,EDGE0044,LOC051,2024-01-23T00:55:17,Low,79,90,24,Construction,43
TE06688,EDGE0044,LOC005,2024-08-21T19:16:50,Moderate,58,70,34,Rush Hour,61
TE06689,EDGE0018,LOC054,2025-12-13T12:02:57,High,29,45,68,Construction,122
TE06690,EDGE0277,LOC069,2024-08-17T02:41:54,Moderate,54,70,45,Accident,81
TE06691,EDGE0302,LOC032,2026-02-14T20:41:02,Low,87,90,5,Accident,9
TE06692,EDGE0023,LOC045,2025-05-06T12:32:21,Moderate,57,70,35,Rush Hour,63
TE06693,EDGE0330,LOC042,2024-06-25T11:34:16,Low,88,90,4,Event,7
TE06694,EDGE0292,LOC005,2025-09-23T07:11:31,High,27,45,77,Event,138
TE06695,EDGE0115,LOC054,2025-02-12T05:59:40,Moderate,52,70,51,Rush Hour,91
TE06696,EDGE0027,LOC039,2026-03-19T20:47:36,Moderate,49,70,58,Weather-related,104
TE06697,EDGE0254,LOC063,2024-01-06T17:05:03,High,30,45,63,Accident,113
TE06698,EDGE0357,LOC020,2025-11-30T22:03:20,Moderate,56,70,39,Rush Hour,70
TE06699,EDGE0212,LOC056,2024-07-14T07:04:37,Moderate,57,70,37,Construction,66
TE06700,EDGE0284,LOC049,2025-11-29T00:11:10,Moderate,57,70,37,Accident,66
TE06701,EDGE0220,LOC010,2026-06-17T11:27:29,Severe,10,20,94,Rush Hour,169
TE06702,EDGE0170,LOC044,2024-05-31T09:03:08,Moderate,57,70,36,Event,64
TE06703,EDGE0342,LOC072,2024-02-26T16:17:44,Low,81,90,18,Accident,32
TE06704,EDGE0309,LOC002,2024-12-05T14:50:51,Moderate,50,70,56,Weather-related,100
TE06705,EDGE0078,LOC048,2024-10-18T12:21:28,Low,87,90,6,Construction,10
TE06706,EDGE0128,LOC025,2025-10-14T17:18:02,Severe,10,20,96,Rush Hour,172
TE06707,EDGE0181,LOC025,2026-04-28T07:34:12,Low,86,90,7,Weather-related,12
TE06708,EDGE0012,LOC047,2024-09-15T00:41:42,High,29,45,68,Event,122
TE06709,EDGE0312,LOC004,2025-08-09T12:19:45,Low,89,90,2,Event,3
TE06710,EDGE0328,LOC021,2024-12-01T18:10:55,Moderate,51,70,54,Weather-related,97
TE06711,EDGE0274,LOC069,2025-06-24T17:34:12,High,28,45,74,Event,133
TE06712,EDGE0167,LOC006,2024-11-21T20:32:03,High,29,45,70,Construction,126
TE06713,EDGE0327,LOC040,2024-10-23T22:55:26,High,29,45,71,Event,127
TE06714,EDGE0294,LOC062,2026-06-15T02:01:14,High,29,45,71,Weather-related,127
TE06715,EDGE0160,LOC001,2024-01-23T07:47:25,Severe,10,20,93,Rush Hour,167
TE06716,EDGE0361,LOC070,2025-07-29T04:09:34,High,30,45,63,Accident,113
TE06717,EDGE0170,LOC039,2025-07-19T03:14:25,High,28,45,73,Accident,131
TE06718,EDGE0008,LOC011,2024-01-26T03:39:15,High,31,45,62,Rush Hour,111
TE06719,EDGE0270,LOC007,2025-04-14T01:18:20,Low,84,90,12,Event,21
TE06720,EDGE0355,LOC035,2025-04-21T20:30:01,Low,89,90,2,Event,3
TE06721,EDGE0193,LOC044,2026-02-18T23:05:34,Moderate,49,70,59,Weather-related,106
TE06722,EDGE0085,LOC036,2024-07-12T18:50:37,Moderate,56,70,38,Construction,68
TE06723,EDGE0029,LOC074,2026-02-14T08:56:23,Moderate,55,70,42,Accident,75
TE06724,EDGE0076,LOC029,2025-12-09T08:49:06,Low,77,90,28,Event,50
TE06725,EDGE0353,LOC038,2025-10-05T05:02:30,High,28,45,73,Construction,131
TE06726,EDGE0314,LOC069,2025-09-29T12:19:45,High,30,45,66,Weather-related,118
TE06727,EDGE0362,LOC032,2025-06-30T09:24:24,High,30,45,63,Accident,113
TE06728,EDGE0084,LOC017,2025-07-01T03:23:09,Low,86,90,8,Rush Hour,14
TE06729,EDGE0267,LOC044,2026-04-22T16:38:10,Low,77,90,27,Weather-related,48
TE06730,EDGE0199,LOC045,2025-10-23T12:48:31,Severe,10,20,94,Rush Hour,169
TE06731,EDGE0334,LOC019,2026-03-23T17:11:04,Moderate,55,70,42,Event,75
TE06732,EDGE0361,LOC024,2025-06-05T16:31:25,Severe,11,20,90,Accident,162
TE06733,EDGE0253,LOC043,2024-06-25T03:06:45,High,30,45,66,Event,118
TE06734,EDGE0267,LOC048,2024-09-30T02:48:49,Low,89,90,1,Weather-related,1
TE06735,EDGE0233,LOC047,2025-12-13T18:10:56,Moderate,50,70,57,Accident,102
TE06736,EDGE0163,LOC030,2025-10-27T11:17:55,Moderate,52,70,49,Rush Hour,88
TE06737,EDGE0284,LOC022,2025-08-02T14:58:38,High,28,45,72,Accident,129
TE06738,EDGE0187,LOC048,2024-10-01T19:07:46,Low,85,90,9,Construction,16
TE06739,EDGE0108,LOC066,2026-05-08T16:08:48,Low,81,90,19,Rush Hour,34
TE06740,EDGE0338,LOC047,2024-09-09T16:17:51,Moderate,57,70,35,Event,63
TE06741,EDGE0188,LOC064,2026-04-23T03:40:00,Severe,10,20,99,Construction,178
TE06742,EDGE0271,LOC068,2025-11-08T02:38:28,Moderate,54,70,43,Event,77
TE06743,EDGE0184,LOC052,2025-08-15T17:42:42,Low,85,90,9,Rush Hour,16
TE06744,EDGE0301,LOC058,2025-03-18T18:36:41,Low,77,90,27,Accident,48
TE06745,EDGE0315,LOC034,2025-11-10T14:56:46,Low,84,90,12,Weather-related,21
TE06746,EDGE0242,LOC067,2025-03-16T00:15:51,Moderate,57,70,36,Construction,64
TE06747,EDGE0322,LOC016,2024-06-03T03:22:42,High,29,45,69,Accident,124
TE06748,EDGE0096,LOC037,2024-05-16T02:43:01,Low,81,90,19,Event,34
TE06749,EDGE0091,LOC041,2024-06-10T06:23:36,Severe,11,20,90,Rush Hour,162
TE06750,EDGE0003,LOC029,2024-05-19T05:56:40,Moderate,56,70,39,Event,70
TE06751,EDGE0092,LOC056,2024-01-26T12:25:26,Moderate,56,70,38,Rush Hour,68
TE06752,EDGE0184,LOC044,2025-09-30T21:37:02,Low,85,90,10,Rush Hour,18
TE06753,EDGE0169,LOC020,2024-06-10T01:17:43,High,29,45,71,Accident,127
TE06754,EDGE0150,LOC068,2026-02-10T03:19:01,Severe,10,20,98,Accident,176
TE06755,EDGE0158,LOC058,2026-04-26T05:08:45,Low,79,90,23,Construction,41
TE06756,EDGE0223,LOC058,2024-06-03T21:09:45,Low,86,90,8,Accident,14
TE06757,EDGE0101,LOC022,2025-11-20T21:22:23,Severe,11,20,85,Weather-related,153
TE06758,EDGE0067,LOC028,2026-02-20T22:40:39,High,27,45,80,Accident,144
TE06759,EDGE0227,LOC037,2026-06-21T21:57:30,Severe,11,20,81,Weather-related,145
TE06760,EDGE0331,LOC007,2024-02-20T16:44:27,Low,87,90,6,Event,10
TE06761,EDGE0258,LOC049,2025-03-26T08:25:17,Low,84,90,13,Accident,23
TE06762,EDGE0352,LOC020,2025-10-15T10:37:40,Low,82,90,16,Event,28
TE06763,EDGE0141,LOC007,2024-11-25T03:07:41,Low,86,90,8,Event,14
TE06764,EDGE0209,LOC032,2024-12-12T05:32:42,Severe,11,20,84,Event,151
TE06765,EDGE0351,LOC029,2025-12-07T05:49:49,Low,77,90,28,Rush Hour,50
TE06766,EDGE0205,LOC036,2026-05-06T20:41:16,Low,82,90,17,Event,30
TE06767,EDGE0304,LOC013,2025-08-14T23:41:09,Moderate,54,70,45,Accident,81
TE06768,EDGE0350,LOC054,2024-06-26T20:54:38,Severe,10,20,97,Accident,174
TE06769,EDGE0112,LOC075,2024-10-30T19:00:50,Low,89,90,2,Construction,3
TE06770,EDGE0113,LOC068,2025-12-30T10:59:47,Low,85,90,11,Event,19
TE06771,EDGE0272,LOC073,2024-07-12T07:28:49,Moderate,57,70,36,Rush Hour,64
TE06772,EDGE0116,LOC005,2025-06-28T15:49:31,High,30,45,64,Rush Hour,115
TE06773,EDGE0351,LOC042,2025-12-21T17:12:09,Moderate,57,70,36,Event,64
TE06774,EDGE0061,LOC025,2025-10-03T11:19:22,Severe,11,20,88,Weather-related,158
TE06775,EDGE0156,LOC025,2025-09-06T20:48:45,Severe,11,20,81,Weather-related,145
TE06776,EDGE0342,LOC005,2024-01-12T19:32:23,Moderate,52,70,50,Rush Hour,90
TE06777,EDGE0080,LOC031,2025-08-04T23:43:59,Moderate,51,70,53,Weather-related,95
TE06778,EDGE0261,LOC029,2024-12-13T20:57:41,Low,76,90,29,Accident,52
TE06779,EDGE0038,LOC042,2026-02-27T11:14:19,Moderate,52,70,50,Rush Hour,90
TE06780,EDGE0201,LOC012,2025-03-16T13:32:21,Low,84,90,13,Weather-related,23
TE06781,EDGE0297,LOC044,2025-02-19T17:11:30,High,27,45,80,Event,144
TE06782,EDGE0240,LOC010,2025-02-14T21:14:24,High,28,45,74,Weather-related,133
TE06783,EDGE0153,LOC073,2025-04-22T12:34:44,Low,77,90,27,Accident,48
TE06784,EDGE0011,LOC034,2025-10-06T05:45:09,High,30,45,63,Accident,113
TE06785,EDGE0196,LOC007,2025-01-10T05:48:08,Low,85,90,9,Weather-related,16
TE06786,EDGE0140,LOC036,2024-01-07T11:00:17,Low,77,90,28,Weather-related,50
TE06787,EDGE0075,LOC031,2025-10-05T23:47:33,High,29,45,68,Accident,122
TE06788,EDGE0192,LOC027,2024-02-20T18:11:52,Moderate,56,70,39,Construction,70
TE06789,EDGE0072,LOC008,2024-01-25T03:00:10,Low,85,90,9,Accident,16
TE06790,EDGE0142,LOC059,2024-02-10T18:33:08,Moderate,55,70,41,Construction,73
TE06791,EDGE0137,LOC003,2024-08-26T06:14:50,Moderate,51,70,53,Event,95
TE06792,EDGE0201,LOC010,2025-08-04T14:51:27,High,28,45,72,Accident,129
TE06793,EDGE0202,LOC068,2026-03-17T04:21:07,High,27,45,80,Rush Hour,144
TE06794,EDGE0186,LOC047,2025-05-08T04:10:31,High,27,45,79,Weather-related,142
TE06795,EDGE0134,LOC046,2025-06-04T13:03:30,Low,87,90,5,Construction,9
TE06796,EDGE0172,LOC023,2024-09-21T17:22:23,Low,78,90,25,Weather-related,45
TE06797,EDGE0266,LOC055,2026-06-07T20:41:38,Severe,10,20,96,Weather-related,172
TE06798,EDGE0282,LOC048,2025-10-30T00:17:45,Low,88,90,4,Rush Hour,7
TE06799,EDGE0163,LOC052,2025-01-10T16:07:02,Low,89,90,1,Accident,1
TE06800,EDGE0344,LOC037,2026-05-13T07:28:23,Moderate,52,70,50,Event,90
TE06801,EDGE0293,LOC052,2025-08-30T23:02:51,Severe,11,20,88,Event,158
TE06802,EDGE0040,LOC060,2024-10-26T06:54:01,Low,84,90,12,Event,21
TE06803,EDGE0261,LOC021,2025-09-02T23:56:53,Severe,10,20,91,Weather-related,163
TE06804,EDGE0284,LOC068,2024-03-21T03:04:43,Moderate,53,70,47,Accident,84
TE06805,EDGE0351,LOC037,2026-06-16T15:56:39,High,28,45,74,Weather-related,133
TE06806,EDGE0199,LOC030,2025-10-28T14:05:55,Moderate,58,70,33,Weather-related,59
TE06807,EDGE0317,LOC032,2024-07-19T04:38:20,High,28,45,72,Event,129
TE06808,EDGE0167,LOC022,2025-08-29T11:36:10,Low,86,90,7,Construction,12
TE06809,EDGE0343,LOC071,2024-09-26T20:38:57,Low,77,90,27,Accident,48
TE06810,EDGE0080,LOC056,2025-09-18T05:21:58,Moderate,52,70,51,Rush Hour,91
TE06811,EDGE0107,LOC022,2025-05-09T04:33:27,Moderate,54,70,43,Construction,77
TE06812,EDGE0034,LOC040,2026-03-14T13:29:14,Low,80,90,21,Weather-related,37
TE06813,EDGE0086,LOC035,2024-09-03T03:12:27,Low,87,90,5,Event,9
TE06814,EDGE0320,LOC059,2025-11-10T11:30:47,Low,81,90,18,Accident,32
TE06815,EDGE0044,LOC072,2024-12-24T19:10:02,Moderate,53,70,46,Weather-related,82
TE06816,EDGE0078,LOC031,2024-06-03T16:32:02,Low,82,90,17,Event,30
TE06817,EDGE0290,LOC042,2024-07-15T05:56:03,Severe,10,20,94,Weather-related,169
TE06818,EDGE0049,LOC042,2026-02-22T08:03:55,High,27,45,79,Rush Hour,142
TE06819,EDGE0171,LOC070,2024-07-02T21:15:18,Severe,11,20,88,Event,158
TE06820,EDGE0089,LOC030,2026-06-15T05:38:56,Low,86,90,7,Construction,12
TE06821,EDGE0046,LOC045,2025-08-31T23:16:23,Moderate,49,70,58,Accident,104
TE06822,EDGE0350,LOC071,2025-02-08T06:04:55,High,27,45,80,Accident,144
TE06823,EDGE0218,LOC056,2026-05-08T21:48:41,Low,79,90,23,Accident,41
TE06824,EDGE0137,LOC072,2024-09-04T01:55:54,Moderate,51,70,54,Rush Hour,97
TE06825,EDGE0232,LOC020,2025-05-15T20:06:57,Moderate,53,70,47,Construction,84
TE06826,EDGE0157,LOC074,2024-11-12T12:49:10,Low,82,90,16,Event,28
TE06827,EDGE0248,LOC044,2024-05-24T20:46:37,High,29,45,68,Rush Hour,122
TE06828,EDGE0257,LOC025,2024-05-24T21:11:11,Moderate,55,70,42,Event,75
TE06829,EDGE0055,LOC043,2024-02-09T19:56:13,Low,85,90,11,Event,19
TE06830,EDGE0369,LOC061,2025-11-10T12:14:18,High,30,45,63,Construction,113
TE06831,EDGE0015,LOC056,2024-01-18T22:10:20,Moderate,57,70,35,Weather-related,63
TE06832,EDGE0269,LOC049,2024-08-25T18:03:57,High,30,45,63,Rush Hour,113
TE06833,EDGE0069,LOC007,2024-02-13T05:08:33,High,27,45,76,Rush Hour,136
TE06834,EDGE0238,LOC026,2026-04-24T13:34:45,High,27,45,77,Event,138
TE06835,EDGE0342,LOC038,2024-05-02T08:51:06,Low,76,90,29,Rush Hour,52
TE06836,EDGE0056,LOC072,2026-06-07T06:01:09,Low,89,90,1,Accident,1
TE06837,EDGE0219,LOC046,2025-08-17T01:05:10,Moderate,57,70,36,Accident,64
TE06838,EDGE0293,LOC058,2024-02-09T06:52:29,High,27,45,77,Weather-related,138
TE06839,EDGE0169,LOC072,2024-07-21T19:10:57,Moderate,57,70,37,Weather-related,66
TE06840,EDGE0068,LOC069,2025-12-05T19:23:43,Low,84,90,13,Accident,23
TE06841,EDGE0137,LOC021,2025-07-10T07:43:54,Moderate,58,70,34,Construction,61
TE06842,EDGE0196,LOC050,2024-10-16T19:16:51,High,27,45,79,Event,142
TE06843,EDGE0025,LOC011,2025-01-07T09:28:46,High,30,45,64,Event,115
TE06844,EDGE0321,LOC047,2024-12-10T11:38:02,Severe,11,20,87,Accident,156
TE06845,EDGE0178,LOC039,2025-04-06T06:04:24,Moderate,51,70,54,Rush Hour,97
TE06846,EDGE0228,LOC072,2024-10-28T02:27:56,Moderate,56,70,40,Construction,72
TE06847,EDGE0158,LOC052,2026-04-11T17:48:02,Moderate,51,70,52,Event,93
TE06848,EDGE0043,LOC004,2025-01-15T23:44:50,Severe,10,20,100,Construction,180
TE06849,EDGE0012,LOC010,2025-08-10T08:50:56,Severe,10,20,97,Accident,174
TE06850,EDGE0249,LOC064,2025-02-08T15:23:16,Low,76,90,30,Rush Hour,54
TE06851,EDGE0070,LOC045,2024-03-21T09:20:15,Low,83,90,14,Construction,25
TE06852,EDGE0032,LOC009,2025-03-03T03:25:54,Low,88,90,4,Accident,7
TE06853,EDGE0253,LOC037,2024-05-08T21:05:54,Moderate,58,70,34,Rush Hour,61
TE06854,EDGE0076,LOC028,2024-08-11T08:06:59,Moderate,56,70,38,Accident,68
TE06855,EDGE0032,LOC026,2024-02-05T22:45:08,Moderate,54,70,44,Event,79
TE06856,EDGE0367,LOC006,2026-06-18T23:54:14,High,30,45,65,Accident,117
TE06857,EDGE0005,LOC058,2024-06-09T15:44:54,High,27,45,79,Weather-related,142
TE06858,EDGE0163,LOC047,2024-06-21T07:49:36,Severe,10,20,95,Accident,171
TE06859,EDGE0254,LOC010,2025-12-14T05:31:19,High,30,45,66,Construction,118
TE06860,EDGE0126,LOC034,2024-07-09T14:00:11,High,28,45,74,Accident,133
TE06861,EDGE0180,LOC048,2024-06-15T08:06:25,Severe,11,20,81,Accident,145
TE06862,EDGE0020,LOC007,2024-08-08T08:00:23,Severe,10,20,94,Rush Hour,169
TE06863,EDGE0346,LOC046,2025-03-14T18:59:07,High,27,45,80,Weather-related,144
TE06864,EDGE0163,LOC025,2025-02-10T23:52:09,Low,89,90,2,Accident,3
TE06865,EDGE0181,LOC003,2024-10-07T14:17:19,Severe,10,20,93,Rush Hour,167
TE06866,EDGE0214,LOC056,2024-05-24T02:58:57,Low,78,90,26,Weather-related,46
TE06867,EDGE0048,LOC028,2024-04-30T04:59:19,Low,81,90,20,Construction,36
TE06868,EDGE0366,LOC074,2026-02-06T18:47:27,Moderate,53,70,47,Rush Hour,84
TE06869,EDGE0326,LOC011,2025-07-15T09:52:06,Low,87,90,5,Event,9
TE06870,EDGE0004,LOC040,2024-11-19T01:46:30,Moderate,59,70,31,Weather-related,55
TE06871,EDGE0110,LOC044,2025-08-30T02:05:16,Moderate,51,70,53,Event,95
TE06872,EDGE0293,LOC001,2024-06-05T09:18:49,Moderate,55,70,42,Construction,75
TE06873,EDGE0083,LOC018,2026-02-01T19:11:04,High,27,45,79,Accident,142
TE06874,EDGE0363,LOC075,2024-02-04T02:36:54,High,27,45,79,Rush Hour,142
TE06875,EDGE0343,LOC020,2025-10-04T17:32:11,Severe,11,20,83,Rush Hour,149
TE06876,EDGE0295,LOC042,2024-04-24T07:06:39,High,27,45,76,Construction,136
TE06877,EDGE0189,LOC020,2026-01-25T18:40:45,Low,81,90,18,Rush Hour,32
TE06878,EDGE0239,LOC044,2024-04-28T13:08:35,Low,83,90,15,Weather-related,27
TE06879,EDGE0189,LOC043,2024-11-22T16:24:07,Low,76,90,30,Rush Hour,54
TE06880,EDGE0005,LOC026,2025-10-14T07:16:19,Low,84,90,12,Construction,21
TE06881,EDGE0227,LOC020,2025-08-05T22:29:48,Severe,11,20,89,Weather-related,160
TE06882,EDGE0022,LOC028,2025-05-02T03:17:37,Low,80,90,21,Rush Hour,37
TE06883,EDGE0342,LOC061,2025-12-01T09:58:11,Low,89,90,2,Event,3
TE06884,EDGE0054,LOC040,2024-09-07T06:22:45,High,28,45,73,Weather-related,131
TE06885,EDGE0203,LOC067,2024-10-06T07:40:11,Moderate,53,70,47,Event,84
TE06886,EDGE0219,LOC057,2025-04-09T02:23:35,Low,81,90,18,Accident,32
TE06887,EDGE0046,LOC039,2024-01-16T18:03:26,High,29,45,71,Accident,127
TE06888,EDGE0329,LOC011,2024-10-04T13:33:50,High,27,45,76,Construction,136
TE06889,EDGE0157,LOC023,2026-05-31T06:14:51,Severe,11,20,85,Construction,153
TE06890,EDGE0165,LOC013,2024-02-18T20:33:31,Moderate,59,70,31,Construction,55
TE06891,EDGE0365,LOC061,2024-07-01T01:47:55,Severe,10,20,93,Rush Hour,167
TE06892,EDGE0039,LOC041,2025-06-16T12:53:59,Moderate,54,70,43,Event,77
TE06893,EDGE0100,LOC030,2025-06-22T17:02:03,Moderate,59,70,31,Rush Hour,55
TE06894,EDGE0016,LOC026,2026-01-21T17:30:33,High,27,45,78,Accident,140
TE06895,EDGE0104,LOC022,2026-04-28T22:21:16,Severe,11,20,90,Construction,162
TE06896,EDGE0316,LOC032,2024-01-08T18:57:22,Moderate,53,70,48,Event,86
TE06897,EDGE0115,LOC059,2024-09-03T01:08:33,Moderate,57,70,35,Event,63
TE06898,EDGE0007,LOC046,2026-03-21T12:11:45,Low,86,90,7,Accident,12
TE06899,EDGE0232,LOC067,2025-01-30T08:29:08,Moderate,52,70,50,Event,90
TE06900,EDGE0195,LOC026,2024-07-07T21:20:18,Moderate,56,70,39,Rush Hour,70
TE06901,EDGE0280,LOC012,2024-10-26T13:47:32,Moderate,49,70,60,Rush Hour,108
TE06902,EDGE0073,LOC037,2024-02-15T21:53:57,Low,89,90,1,Construction,1
TE06903,EDGE0131,LOC011,2026-04-12T13:49:12,Severe,11,20,88,Event,158
TE06904,EDGE0088,LOC032,2024-02-05T18:55:31,Severe,10,20,95,Rush Hour,171
TE06905,EDGE0104,LOC032,2026-03-15T16:15:01,High,28,45,73,Event,131
TE06906,EDGE0300,LOC009,2026-03-05T23:13:33,Severe,11,20,83,Accident,149
TE06907,EDGE0313,LOC025,2024-08-24T15:52:16,Moderate,56,70,38,Event,68
TE06908,EDGE0239,LOC019,2024-12-02T00:29:30,Low,89,90,1,Weather-related,1
TE06909,EDGE0065,LOC015,2025-07-20T20:06:33,Moderate,49,70,59,Weather-related,106
TE06910,EDGE0304,LOC001,2024-06-27T07:37:25,High,28,45,73,Construction,131
TE06911,EDGE0008,LOC072,2024-12-03T00:46:21,Severe,11,20,81,Construction,145
TE06912,EDGE0221,LOC056,2024-02-15T19:45:03,High,28,45,75,Construction,135
TE06913,EDGE0153,LOC033,2025-05-23T19:33:58,Moderate,52,70,51,Rush Hour,91
TE06914,EDGE0304,LOC063,2024-08-03T06:04:42,Severe,10,20,93,Weather-related,167
TE06915,EDGE0356,LOC043,2024-12-07T09:17:17,Severe,10,20,95,Construction,171
TE06916,EDGE0178,LOC037,2024-05-09T14:58:17,Moderate,54,70,43,Construction,77
TE06917,EDGE0363,LOC007,2024-07-15T15:15:13,Moderate,56,70,38,Construction,68
TE06918,EDGE0352,LOC040,2025-02-19T16:29:53,Moderate,49,70,58,Rush Hour,104
TE06919,EDGE0218,LOC029,2025-03-01T03:01:33,High,27,45,79,Construction,142
TE06920,EDGE0037,LOC018,2026-01-18T02:24:45,Low,81,90,20,Rush Hour,36
TE06921,EDGE0116,LOC069,2024-11-05T12:06:48,Low,82,90,16,Weather-related,28
TE06922,EDGE0297,LOC023,2024-05-22T20:53:03,Moderate,51,70,53,Rush Hour,95
TE06923,EDGE0117,LOC072,2025-06-25T11:00:42,Severe,10,20,96,Rush Hour,172
TE06924,EDGE0217,LOC060,2026-05-06T17:18:09,Severe,11,20,86,Accident,154
TE06925,EDGE0025,LOC048,2025-04-02T05:04:39,Low,77,90,28,Construction,50
TE06926,EDGE0028,LOC024,2025-12-26T12:39:10,Low,81,90,18,Accident,32
TE06927,EDGE0062,LOC045,2026-02-09T04:49:38,Severe,10,20,94,Event,169
TE06928,EDGE0170,LOC046,2025-11-08T09:34:09,Moderate,52,70,50,Accident,90
TE06929,EDGE0143,LOC042,2026-03-07T09:13:16,Moderate,54,70,45,Event,81
TE06930,EDGE0122,LOC051,2025-09-13T06:55:26,High,30,45,66,Accident,118
TE06931,EDGE0289,LOC073,2024-10-26T21:35:01,Severe,11,20,86,Construction,154
TE06932,EDGE0339,LOC037,2025-01-23T12:08:54,Low,89,90,2,Accident,3
TE06933,EDGE0025,LOC003,2024-09-25T16:23:53,Low,82,90,16,Accident,28
TE06934,EDGE0189,LOC034,2024-11-03T09:22:06,Severe,11,20,82,Event,147
TE06935,EDGE0336,LOC040,2025-03-12T15:31:29,Low,81,90,20,Event,36
TE06936,EDGE0292,LOC043,2025-09-02T05:36:43,High,27,45,80,Weather-related,144
TE06937,EDGE0108,LOC064,2024-06-08T20:11:19,High,30,45,63,Construction,113
TE06938,EDGE0097,LOC018,2026-06-25T15:59:02,Low,86,90,7,Rush Hour,12
TE06939,EDGE0297,LOC050,2025-04-29T00:44:08,Severe,10,20,100,Rush Hour,180
TE06940,EDGE0226,LOC004,2024-09-14T07:59:44,Low,79,90,24,Accident,43
TE06941,EDGE0202,LOC042,2024-11-15T17:57:56,High,27,45,79,Accident,142
TE06942,EDGE0189,LOC016,2026-01-27T19:41:14,High,28,45,75,Event,135
TE06943,EDGE0072,LOC067,2025-11-04T08:59:42,Moderate,58,70,34,Rush Hour,61
TE06944,EDGE0052,LOC058,2025-11-24T01:57:57,High,29,45,67,Rush Hour,120
TE06945,EDGE0160,LOC064,2025-10-20T06:04:20,Severe,10,20,100,Weather-related,180
TE06946,EDGE0087,LOC064,2025-02-26T00:44:16,Moderate,53,70,47,Construction,84
TE06947,EDGE0003,LOC048,2025-05-10T03:48:44,Low,88,90,4,Rush Hour,7
TE06948,EDGE0324,LOC037,2024-06-16T02:05:39,High,27,45,78,Rush Hour,140
TE06949,EDGE0360,LOC035,2025-08-18T00:59:03,Moderate,52,70,50,Construction,90
TE06950,EDGE0123,LOC011,2025-10-28T21:56:52,Moderate,56,70,38,Construction,68
TE06951,EDGE0108,LOC034,2024-11-06T06:07:48,Severe,11,20,87,Event,156
TE06952,EDGE0300,LOC033,2026-05-31T00:35:15,High,31,45,62,Weather-related,111
TE06953,EDGE0153,LOC011,2025-07-02T05:38:37,High,27,45,76,Rush Hour,136
TE06954,EDGE0185,LOC031,2025-08-03T22:15:26,High,27,45,80,Rush Hour,144
TE06955,EDGE0154,LOC055,2024-04-09T20:01:10,Low,84,90,13,Rush Hour,23
TE06956,EDGE0056,LOC053,2025-11-29T02:58:21,High,29,45,68,Weather-related,122
TE06957,EDGE0097,LOC001,2024-09-16T19:29:47,Severe,10,20,95,Weather-related,171
TE06958,EDGE0291,LOC011,2024-02-22T10:39:51,Low,82,90,16,Weather-related,28
TE06959,EDGE0105,LOC014,2026-03-05T08:45:49,Moderate,53,70,47,Weather-related,84
TE06960,EDGE0071,LOC050,2025-01-28T02:53:49,Severe,10,20,93,Weather-related,167
TE06961,EDGE0286,LOC027,2025-09-28T14:45:34,High,29,45,71,Weather-related,127
TE06962,EDGE0145,LOC030,2025-03-31T21:29:12,Moderate,55,70,42,Accident,75
TE06963,EDGE0150,LOC023,2026-04-04T02:24:21,High,30,45,64,Rush Hour,115
TE06964,EDGE0236,LOC040,2025-07-01T04:57:22,Low,88,90,3,Weather-related,5
TE06965,EDGE0341,LOC045,2025-09-10T17:56:56,High,27,45,80,Construction,144
TE06966,EDGE0346,LOC018,2024-02-16T12:14:32,High,30,45,65,Construction,117
TE06967,EDGE0184,LOC021,2024-06-27T02:27:36,Moderate,49,70,58,Rush Hour,104
TE06968,EDGE0054,LOC040,2024-10-06T11:18:57,Moderate,55,70,42,Weather-related,75
TE06969,EDGE0200,LOC032,2025-05-16T06:25:32,Moderate,52,70,49,Accident,88
TE06970,EDGE0091,LOC015,2025-10-29T00:42:00,Low,87,90,5,Rush Hour,9
TE06971,EDGE0366,LOC019,2024-10-15T19:24:34,Low,84,90,13,Weather-related,23
TE06972,EDGE0267,LOC036,2025-07-09T17:40:56,High,28,45,72,Accident,129
TE06973,EDGE0009,LOC037,2025-01-16T02:07:24,High,28,45,74,Construction,133
TE06974,EDGE0305,LOC039,2024-04-22T20:13:40,Moderate,52,70,51,Rush Hour,91
TE06975,EDGE0103,LOC021,2024-11-30T06:38:49,Severe,11,20,89,Construction,160
TE06976,EDGE0219,LOC059,2025-07-31T08:30:00,Severe,11,20,90,Accident,162
TE06977,EDGE0269,LOC030,2025-07-31T19:50:01,Moderate,50,70,57,Construction,102
TE06978,EDGE0346,LOC030,2024-08-13T07:28:15,Moderate,52,70,49,Weather-related,88
TE06979,EDGE0245,LOC036,2025-05-03T11:39:13,Low,85,90,10,Weather-related,18
TE06980,EDGE0137,LOC068,2024-07-08T23:48:32,Moderate,58,70,34,Rush Hour,61
TE06981,EDGE0170,LOC050,2024-01-15T23:08:39,Moderate,57,70,36,Weather-related,64
TE06982,EDGE0207,LOC017,2025-05-09T21:51:50,High,29,45,70,Accident,126
TE06983,EDGE0091,LOC003,2024-01-17T22:25:10,Low,87,90,6,Rush Hour,10
TE06984,EDGE0216,LOC022,2025-05-25T21:08:22,High,28,45,75,Construction,135
TE06985,EDGE0314,LOC032,2024-11-28T02:00:49,High,30,45,66,Weather-related,118
TE06986,EDGE0325,LOC030,2025-12-23T22:29:53,High,29,45,68,Event,122
TE06987,EDGE0248,LOC024,2026-05-31T12:47:13,Low,85,90,9,Event,16
TE06988,EDGE0016,LOC039,2025-05-14T12:40:18,Low,76,90,30,Weather-related,54
TE06989,EDGE0196,LOC030,2024-12-27T09:46:25,Severe,11,20,84,Accident,151
TE06990,EDGE0253,LOC015,2026-05-22T11:28:43,Low,88,90,3,Weather-related,5
TE06991,EDGE0290,LOC052,2024-04-12T21:25:30,High,30,45,63,Rush Hour,113
TE06992,EDGE0249,LOC017,2025-08-21T23:52:12,Severe,11,20,89,Event,160
TE06993,EDGE0208,LOC043,2025-03-16T13:54:20,Moderate,57,70,37,Rush Hour,66
TE06994,EDGE0151,LOC066,2024-11-25T14:27:48,High,27,45,79,Weather-related,142
TE06995,EDGE0336,LOC036,2026-03-30T01:45:56,Moderate,49,70,60,Weather-related,108
TE06996,EDGE0123,LOC028,2024-12-03T19:37:26,Low,86,90,7,Rush Hour,12
TE06997,EDGE0140,LOC054,2024-06-08T21:08:34,Low,78,90,26,Rush Hour,46
TE06998,EDGE0016,LOC047,2026-05-21T10:03:22,Low,77,90,28,Rush Hour,50
TE06999,EDGE0156,LOC015,2025-03-07T22:23:53,Low,87,90,5,Construction,9
TE07000,EDGE0327,LOC011,2024-04-26T05:38:53,Severe,11,20,81,Rush Hour,145
TE07001,EDGE0346,LOC070,2026-06-10T14:20:49,Moderate,57,70,35,Event,63
TE07002,EDGE0049,LOC075,2025-10-17T03:59:05,Low,76,90,29,Event,52
TE07003,EDGE0231,LOC046,2025-11-07T01:38:22,Moderate,52,70,49,Accident,88
TE07004,EDGE0343,LOC011,2025-05-08T15:49:11,Severe,10,20,93,Weather-related,167
TE07005,EDGE0044,LOC019,2025-05-12T06:59:28,Moderate,53,70,47,Event,84
TE07006,EDGE0254,LOC035,2024-11-03T19:34:58,Severe,10,20,96,Construction,172
TE07007,EDGE0087,LOC024,2024-11-02T05:17:15,High,27,45,78,Construction,140
TE07008,EDGE0028,LOC008,2024-03-18T03:26:57,Severe,10,20,98,Accident,176
TE07009,EDGE0057,LOC073,2026-02-06T07:12:14,Low,76,90,30,Event,54
TE07010,EDGE0297,LOC028,2026-02-13T15:03:20,High,28,45,72,Weather-related,129
TE07011,EDGE0184,LOC047,2024-03-13T16:31:34,High,28,45,73,Accident,131
TE07012,EDGE0253,LOC066,2025-03-02T06:56:58,Moderate,53,70,46,Event,82
TE07013,EDGE0191,LOC028,2025-10-16T08:51:46,High,29,45,69,Event,124
TE07014,EDGE0102,LOC062,2024-07-04T06:17:55,High,29,45,70,Event,126
TE07015,EDGE0020,LOC054,2024-07-11T18:30:37,Low,81,90,19,Event,34
TE07016,EDGE0321,LOC001,2025-12-04T09:03:08,Moderate,55,70,42,Rush Hour,75
TE07017,EDGE0122,LOC073,2024-09-22T20:33:05,Severe,10,20,91,Event,163
TE07018,EDGE0025,LOC065,2025-05-22T18:46:27,Severe,10,20,96,Accident,172
TE07019,EDGE0334,LOC042,2025-08-17T17:57:46,Moderate,56,70,40,Event,72
TE07020,EDGE0219,LOC068,2025-01-02T06:26:52,Severe,11,20,84,Accident,151
TE07021,EDGE0317,LOC059,2026-06-14T10:15:53,High,30,45,63,Event,113
TE07022,EDGE0042,LOC047,2024-02-03T00:57:16,High,29,45,71,Accident,127
TE07023,EDGE0336,LOC044,2025-03-18T18:56:47,High,29,45,68,Rush Hour,122
TE07024,EDGE0360,LOC075,2024-01-28T16:59:07,Severe,11,20,83,Rush Hour,149
TE07025,EDGE0369,LOC034,2026-06-13T09:50:29,Low,86,90,7,Event,12
TE07026,EDGE0184,LOC005,2024-01-08T05:15:11,Low,81,90,18,Accident,32
TE07027,EDGE0148,LOC050,2025-12-18T08:06:08,Moderate,51,70,54,Construction,97
TE07028,EDGE0058,LOC038,2025-03-17T17:55:34,Low,85,90,9,Accident,16
TE07029,EDGE0206,LOC043,2024-07-22T14:11:53,Severe,11,20,86,Rush Hour,154
TE07030,EDGE0139,LOC074,2025-09-17T17:52:29,High,27,45,78,Event,140
TE07031,EDGE0237,LOC058,2024-02-27T11:45:55,Moderate,58,70,32,Event,57
TE07032,EDGE0201,LOC072,2026-04-08T17:05:29,Severe,10,20,96,Event,172
TE07033,EDGE0118,LOC058,2026-03-30T11:08:08,Severe,11,20,86,Event,154
TE07034,EDGE0046,LOC016,2024-03-01T18:30:30,Severe,11,20,88,Accident,158
TE07035,EDGE0026,LOC007,2025-06-08T02:48:21,High,28,45,73,Accident,131
TE07036,EDGE0267,LOC018,2024-01-26T06:40:30,High,29,45,68,Weather-related,122
TE07037,EDGE0005,LOC043,2024-04-17T21:26:13,Moderate,58,70,32,Construction,57
TE07038,EDGE0253,LOC037,2025-12-30T22:53:38,High,28,45,74,Event,133
TE07039,EDGE0323,LOC055,2024-05-27T18:19:25,Moderate,54,70,43,Accident,77
TE07040,EDGE0226,LOC003,2025-10-06T19:15:42,Low,76,90,29,Construction,52
TE07041,EDGE0122,LOC018,2025-04-12T14:01:44,Low,81,90,19,Construction,34
TE07042,EDGE0216,LOC049,2025-03-02T16:34:19,Low,80,90,21,Event,37
TE07043,EDGE0180,LOC049,2025-05-07T17:41:15,Low,82,90,17,Weather-related,30
TE07044,EDGE0228,LOC014,2025-06-21T05:16:14,Low,78,90,26,Construction,46
TE07045,EDGE0128,LOC070,2025-09-13T21:55:08,High,29,45,71,Event,127
TE07046,EDGE0199,LOC027,2024-05-03T21:56:13,Severe,10,20,97,Weather-related,174
TE07047,EDGE0227,LOC003,2026-05-14T09:58:01,Moderate,51,70,52,Rush Hour,93
TE07048,EDGE0264,LOC024,2025-05-01T11:59:51,Low,83,90,15,Event,27
TE07049,EDGE0307,LOC070,2026-02-06T02:53:30,Low,82,90,16,Construction,28
TE07050,EDGE0236,LOC008,2024-03-14T03:00:00,Severe,10,20,100,Accident,180
TE07051,EDGE0250,LOC064,2025-09-03T00:18:42,Low,81,90,18,Accident,32
TE07052,EDGE0045,LOC056,2025-04-08T14:47:30,High,28,45,73,Accident,131
TE07053,EDGE0230,LOC029,2025-12-07T04:02:08,Moderate,57,70,36,Weather-related,64
TE07054,EDGE0276,LOC065,2026-02-05T08:55:20,Severe,10,20,98,Event,176
TE07055,EDGE0211,LOC053,2024-07-07T14:36:09,Moderate,54,70,44,Construction,79
TE07056,EDGE0332,LOC032,2025-08-03T20:13:44,High,29,45,68,Rush Hour,122
TE07057,EDGE0323,LOC035,2024-06-08T14:33:34,High,28,45,75,Weather-related,135
TE07058,EDGE0213,LOC018,2024-02-15T11:56:33,Moderate,50,70,55,Accident,99
TE07059,EDGE0207,LOC008,2024-12-13T23:51:38,High,28,45,75,Accident,135
TE07060,EDGE0338,LOC053,2024-03-15T07:23:22,Severe,10,20,92,Rush Hour,165
TE07061,EDGE0281,LOC015,2024-01-17T03:35:31,Low,84,90,13,Weather-related,23
TE07062,EDGE0040,LOC033,2024-08-03T12:23:39,High,27,45,79,Event,142
TE07063,EDGE0082,LOC017,2024-06-12T07:44:33,High,30,45,64,Accident,115
TE07064,EDGE0200,LOC039,2025-05-16T13:03:26,Moderate,52,70,51,Rush Hour,91
TE07065,EDGE0128,LOC024,2025-11-07T19:25:10,High,29,45,70,Rush Hour,126
TE07066,EDGE0001,LOC030,2024-12-17T14:36:49,Moderate,50,70,57,Weather-related,102
TE07067,EDGE0105,LOC031,2024-09-21T09:11:50,Severe,11,20,87,Rush Hour,156
TE07068,EDGE0026,LOC065,2024-05-16T17:30:04,Low,84,90,13,Rush Hour,23
TE07069,EDGE0237,LOC061,2024-10-23T22:56:59,Severe,10,20,94,Rush Hour,169
TE07070,EDGE0283,LOC052,2025-07-27T00:49:32,High,31,45,61,Construction,109
TE07071,EDGE0309,LOC028,2026-04-15T01:37:42,High,29,45,70,Construction,126
TE07072,EDGE0206,LOC052,2024-01-08T16:13:37,Moderate,57,70,35,Accident,63
TE07073,EDGE0108,LOC025,2024-03-22T13:00:20,Moderate,50,70,55,Weather-related,99
TE07074,EDGE0281,LOC014,2025-02-07T09:51:31,High,27,45,76,Construction,136
TE07075,EDGE0195,LOC024,2024-03-07T21:59:47,Low,83,90,14,Weather-related,25
TE07076,EDGE0359,LOC073,2024-06-21T03:03:27,Moderate,56,70,39,Accident,70
TE07077,EDGE0139,LOC059,2024-03-15T13:41:45,Low,82,90,16,Rush Hour,28
TE07078,EDGE0088,LOC053,2025-04-17T16:45:25,Severe,11,20,89,Accident,160
TE07079,EDGE0358,LOC002,2024-04-26T13:46:30,High,27,45,76,Weather-related,136
TE07080,EDGE0089,LOC020,2025-02-13T16:27:36,Moderate,55,70,41,Construction,73
TE07081,EDGE0344,LOC005,2025-05-26T14:16:26,Moderate,58,70,34,Weather-related,61
TE07082,EDGE0264,LOC002,2025-08-12T14:53:26,Low,81,90,19,Accident,34
TE07083,EDGE0070,LOC004,2025-02-23T07:03:02,Low,78,90,25,Event,45
TE07084,EDGE0327,LOC035,2024-09-21T14:41:03,Severe,11,20,87,Construction,156
TE07085,EDGE0219,LOC027,2024-08-02T00:11:20,Moderate,56,70,38,Rush Hour,68
TE07086,EDGE0164,LOC050,2026-06-25T08:42:43,Severe,11,20,84,Construction,151
TE07087,EDGE0333,LOC047,2025-12-16T15:54:30,Low,88,90,3,Construction,5
TE07088,EDGE0297,LOC058,2024-07-05T06:14:56,High,30,45,65,Accident,117
TE07089,EDGE0210,LOC009,2024-07-15T04:23:03,High,30,45,66,Weather-related,118
TE07090,EDGE0231,LOC067,2025-05-11T01:35:06,Moderate,56,70,40,Weather-related,72
TE07091,EDGE0276,LOC051,2024-08-17T21:53:42,Low,88,90,4,Weather-related,7
TE07092,EDGE0361,LOC017,2026-06-26T09:57:21,Low,82,90,17,Accident,30
TE07093,EDGE0224,LOC063,2025-10-04T00:42:50,Moderate,57,70,36,Accident,64
TE07094,EDGE0316,LOC053,2025-11-25T01:09:21,Moderate,50,70,56,Rush Hour,100
TE07095,EDGE0089,LOC037,2024-07-09T02:24:27,Low,85,90,9,Weather-related,16
TE07096,EDGE0143,LOC051,2026-03-21T12:45:38,Severe,11,20,90,Rush Hour,162
TE07097,EDGE0124,LOC066,2026-03-30T13:56:27,Low,84,90,12,Rush Hour,21
TE07098,EDGE0157,LOC004,2025-01-08T15:21:50,Severe,10,20,100,Accident,180
TE07099,EDGE0185,LOC068,2026-06-16T17:06:14,Severe,11,20,90,Construction,162
TE07100,EDGE0264,LOC021,2026-01-12T10:24:11,High,29,45,67,Construction,120
TE07101,EDGE0278,LOC064,2026-01-31T08:23:43,Moderate,56,70,39,Accident,70
TE07102,EDGE0092,LOC013,2025-03-11T19:20:56,High,28,45,74,Event,133
TE07103,EDGE0348,LOC074,2025-05-15T01:43:31,Severe,10,20,96,Accident,172
TE07104,EDGE0161,LOC074,2026-01-19T20:35:44,Moderate,56,70,40,Event,72
TE07105,EDGE0063,LOC030,2024-12-16T19:34:19,Moderate,55,70,42,Rush Hour,75
TE07106,EDGE0343,LOC011,2024-05-22T14:31:43,Moderate,50,70,57,Rush Hour,102
TE07107,EDGE0222,LOC032,2025-02-13T19:37:31,Low,90,90,0,Event,0
TE07108,EDGE0039,LOC025,2025-04-05T04:24:39,Low,88,90,4,Accident,7
TE07109,EDGE0150,LOC046,2024-05-08T14:47:39,High,30,45,65,Event,117
TE07110,EDGE0070,LOC038,2025-07-02T09:09:19,Low,76,90,30,Rush Hour,54
TE07111,EDGE0306,LOC015,2026-05-17T14:57:25,Moderate,49,70,59,Event,106
TE07112,EDGE0362,LOC038,2025-01-11T12:26:30,Low,88,90,3,Event,5
TE07113,EDGE0244,LOC010,2024-11-15T20:10:53,Moderate,55,70,42,Event,75
TE07114,EDGE0026,LOC015,2024-05-01T04:40:28,High,27,45,79,Construction,142
TE07115,EDGE0320,LOC011,2024-04-26T17:35:10,Low,85,90,11,Weather-related,19
TE07116,EDGE0292,LOC012,2026-02-07T08:14:20,Moderate,49,70,59,Rush Hour,106
TE07117,EDGE0329,LOC013,2024-04-03T14:54:50,Moderate,58,70,34,Weather-related,61
TE07118,EDGE0241,LOC067,2024-11-26T01:39:35,Severe,10,20,96,Event,172
TE07119,EDGE0351,LOC019,2024-01-21T09:27:04,Moderate,51,70,54,Rush Hour,97
TE07120,EDGE0316,LOC055,2024-12-01T18:06:51,Low,87,90,5,Accident,9
TE07121,EDGE0169,LOC074,2025-12-28T05:54:41,Low,81,90,19,Event,34
TE07122,EDGE0118,LOC057,2025-08-21T04:05:08,Low,86,90,8,Construction,14
TE07123,EDGE0114,LOC040,2024-10-18T22:04:10,Moderate,57,70,35,Accident,63
TE07124,EDGE0297,LOC013,2026-01-27T12:44:41,Severe,10,20,97,Event,174
TE07125,EDGE0159,LOC006,2024-06-11T09:20:12,High,29,45,68,Event,122
TE07126,EDGE0113,LOC041,2025-06-12T20:54:04,High,27,45,78,Event,140
TE07127,EDGE0214,LOC053,2024-11-20T03:27:46,Severe,10,20,95,Accident,171
TE07128,EDGE0076,LOC037,2026-03-30T16:01:04,Low,83,90,14,Weather-related,25
TE07129,EDGE0161,LOC053,2026-03-09T08:35:56,Moderate,56,70,38,Construction,68
TE07130,EDGE0065,LOC009,2025-05-01T18:52:16,Moderate,52,70,49,Construction,88
TE07131,EDGE0141,LOC056,2025-04-29T09:41:40,Moderate,58,70,33,Event,59
TE07132,EDGE0076,LOC041,2025-12-06T07:09:56,Moderate,49,70,58,Construction,104
TE07133,EDGE0231,LOC073,2024-08-27T05:29:45,Moderate,55,70,41,Weather-related,73
TE07134,EDGE0351,LOC027,2026-02-22T17:32:55,Low,86,90,8,Accident,14
TE07135,EDGE0369,LOC047,2024-06-13T03:18:28,Moderate,57,70,35,Event,63
TE07136,EDGE0123,LOC058,2024-07-21T01:00:26,High,27,45,76,Weather-related,136
TE07137,EDGE0324,LOC072,2024-12-05T20:53:22,High,30,45,64,Construction,115
TE07138,EDGE0340,LOC039,2025-07-18T21:37:22,Moderate,51,70,52,Construction,93
TE07139,EDGE0134,LOC066,2025-08-21T23:18:20,High,29,45,68,Weather-related,122
TE07140,EDGE0073,LOC054,2025-12-03T19:53:00,Moderate,50,70,55,Accident,99
TE07141,EDGE0275,LOC010,2026-03-08T15:19:37,Low,77,90,27,Construction,48
TE07142,EDGE0277,LOC001,2024-11-11T09:09:40,High,28,45,72,Construction,129
TE07143,EDGE0173,LOC049,2025-09-13T16:43:13,Low,82,90,17,Construction,30
TE07144,EDGE0298,LOC034,2024-10-18T23:24:48,Moderate,50,70,56,Accident,100
TE07145,EDGE0336,LOC029,2024-04-16T15:03:32,Severe,11,20,82,Rush Hour,147
TE07146,EDGE0342,LOC037,2025-03-07T14:34:03,Severe,10,20,97,Rush Hour,174
TE07147,EDGE0070,LOC051,2025-10-19T06:05:13,Low,87,90,5,Weather-related,9
TE07148,EDGE0215,LOC043,2024-09-12T01:40:57,Low,88,90,4,Rush Hour,7
TE07149,EDGE0197,LOC033,2025-04-22T03:15:42,Low,85,90,9,Construction,16
TE07150,EDGE0054,LOC016,2026-06-15T17:09:07,Severe,10,20,94,Weather-related,169
TE07151,EDGE0082,LOC067,2024-06-07T13:14:05,Severe,11,20,90,Weather-related,162
TE07152,EDGE0042,LOC001,2024-08-16T19:21:33,Moderate,53,70,46,Rush Hour,82
TE07153,EDGE0050,LOC033,2025-12-17T01:36:54,Moderate,50,70,57,Accident,102
TE07154,EDGE0323,LOC006,2024-06-15T11:42:48,Low,83,90,14,Event,25
TE07155,EDGE0050,LOC008,2024-06-20T04:31:23,Severe,11,20,83,Construction,149
TE07156,EDGE0334,LOC014,2025-01-08T16:49:07,Low,83,90,14,Weather-related,25
TE07157,EDGE0008,LOC069,2024-01-26T18:26:34,Low,90,90,0,Construction,0
TE07158,EDGE0371,LOC064,2025-12-16T21:36:53,Low,82,90,17,Weather-related,30
TE07159,EDGE0044,LOC057,2024-10-17T12:58:30,Low,87,90,6,Construction,10
TE07160,EDGE0091,LOC042,2025-02-18T09:24:34,High,30,45,66,Event,118
TE07161,EDGE0220,LOC007,2024-02-14T09:46:21,Severe,11,20,82,Event,147
TE07162,EDGE0032,LOC022,2026-01-09T19:31:47,Moderate,50,70,56,Construction,100
TE07163,EDGE0338,LOC049,2026-04-04T16:50:33,Moderate,58,70,33,Event,59
TE07164,EDGE0114,LOC061,2025-12-04T03:40:35,Severe,10,20,98,Event,176
TE07165,EDGE0170,LOC026,2025-06-30T17:54:05,Low,79,90,24,Accident,43
TE07166,EDGE0252,LOC032,2025-02-16T13:29:33,Low,78,90,25,Event,45
TE07167,EDGE0042,LOC067,2024-07-02T19:31:12,Low,85,90,11,Accident,19
TE07168,EDGE0144,LOC018,2026-05-04T20:49:48,Moderate,54,70,43,Weather-related,77
TE07169,EDGE0142,LOC047,2024-05-10T14:14:10,High,30,45,65,Rush Hour,117
TE07170,EDGE0293,LOC040,2025-07-04T13:59:24,Moderate,52,70,50,Construction,90
TE07171,EDGE0169,LOC074,2025-11-01T06:30:11,Moderate,53,70,47,Construction,84
TE07172,EDGE0146,LOC074,2024-11-25T10:23:40,Severe,10,20,98,Rush Hour,176
TE07173,EDGE0295,LOC035,2024-08-21T23:31:20,Low,83,90,15,Rush Hour,27
TE07174,EDGE0371,LOC008,2025-09-08T14:32:54,Low,85,90,9,Construction,16
TE07175,EDGE0091,LOC016,2026-02-19T03:00:53,High,30,45,66,Rush Hour,118
TE07176,EDGE0027,LOC002,2025-10-31T07:11:36,Moderate,52,70,50,Accident,90
TE07177,EDGE0260,LOC066,2026-02-28T00:53:04,Moderate,56,70,40,Construction,72
TE07178,EDGE0347,LOC045,2025-06-02T10:42:38,Moderate,56,70,40,Accident,72
TE07179,EDGE0139,LOC011,2024-03-23T13:50:21,Severe,10,20,93,Construction,167
TE07180,EDGE0091,LOC051,2025-11-16T14:22:12,High,29,45,71,Construction,127
TE07181,EDGE0318,LOC051,2025-02-27T10:50:58,Moderate,53,70,48,Event,86
TE07182,EDGE0218,LOC055,2025-07-28T10:25:22,Moderate,56,70,38,Construction,68
TE07183,EDGE0161,LOC007,2024-05-31T22:43:18,Low,85,90,10,Rush Hour,18
TE07184,EDGE0333,LOC072,2024-03-17T07:51:47,Low,79,90,24,Weather-related,43
TE07185,EDGE0194,LOC065,2025-08-17T05:28:24,Moderate,51,70,54,Rush Hour,97
TE07186,EDGE0039,LOC042,2025-10-18T11:14:11,High,27,45,78,Rush Hour,140
TE07187,EDGE0344,LOC061,2024-10-28T06:17:42,Moderate,56,70,39,Construction,70
TE07188,EDGE0151,LOC054,2025-04-01T17:20:03,Moderate,52,70,51,Weather-related,91
TE07189,EDGE0339,LOC067,2024-10-21T07:11:39,Moderate,49,70,59,Construction,106
TE07190,EDGE0309,LOC065,2025-09-17T13:26:59,Moderate,54,70,45,Rush Hour,81
TE07191,EDGE0264,LOC032,2024-10-01T09:48:24,Low,86,90,8,Rush Hour,14
TE07192,EDGE0104,LOC064,2025-03-04T15:15:20,Moderate,49,70,60,Construction,108
TE07193,EDGE0265,LOC046,2026-04-02T15:31:49,Low,80,90,22,Event,39
TE07194,EDGE0258,LOC056,2026-02-05T19:20:48,High,30,45,64,Accident,115
TE07195,EDGE0141,LOC040,2026-03-16T15:29:51,Moderate,50,70,55,Rush Hour,99
TE07196,EDGE0010,LOC019,2025-11-04T12:29:15,Severe,11,20,83,Rush Hour,149
TE07197,EDGE0227,LOC049,2024-06-18T14:41:43,Severe,10,20,94,Event,169
TE07198,EDGE0062,LOC073,2024-03-18T11:20:32,Moderate,58,70,33,Accident,59
TE07199,EDGE0218,LOC057,2025-01-21T17:18:50,Moderate,53,70,46,Accident,82
TE07200,EDGE0001,LOC033,2024-06-21T13:28:00,Low,78,90,26,Construction,46
TE07201,EDGE0314,LOC013,2024-12-07T02:31:37,Moderate,59,70,31,Weather-related,55
TE07202,EDGE0233,LOC018,2024-06-27T22:30:59,Moderate,52,70,50,Accident,90
TE07203,EDGE0151,LOC061,2024-03-23T13:07:10,Moderate,57,70,35,Weather-related,63
TE07204,EDGE0170,LOC016,2024-02-25T10:32:36,High,28,45,73,Construction,131
TE07205,EDGE0358,LOC014,2026-06-12T14:08:51,High,28,45,75,Rush Hour,135
TE07206,EDGE0127,LOC002,2025-02-17T11:50:39,Moderate,58,70,32,Rush Hour,57
TE07207,EDGE0253,LOC047,2025-01-05T21:53:02,Moderate,50,70,56,Weather-related,100
TE07208,EDGE0065,LOC056,2024-04-12T06:58:06,High,27,45,76,Event,136
TE07209,EDGE0331,LOC006,2026-04-06T15:18:31,Low,76,90,30,Accident,54
TE07210,EDGE0296,LOC033,2024-06-05T22:44:44,Low,77,90,27,Event,48
TE07211,EDGE0006,LOC026,2025-03-03T21:52:25,Severe,10,20,96,Event,172
TE07212,EDGE0009,LOC051,2024-12-17T19:13:39,High,30,45,64,Weather-related,115
TE07213,EDGE0290,LOC043,2025-09-20T11:04:03,Low,82,90,16,Weather-related,28
TE07214,EDGE0343,LOC063,2025-08-31T19:23:33,Moderate,57,70,37,Event,66
TE07215,EDGE0020,LOC054,2025-09-02T07:49:49,Low,83,90,14,Accident,25
TE07216,EDGE0158,LOC021,2024-06-06T08:53:49,Low,77,90,28,Weather-related,50
TE07217,EDGE0066,LOC025,2024-12-07T14:01:47,Moderate,50,70,56,Weather-related,100
TE07218,EDGE0049,LOC052,2025-02-20T17:43:00,Low,79,90,23,Weather-related,41
TE07219,EDGE0321,LOC056,2026-02-08T05:20:15,Low,85,90,11,Rush Hour,19
TE07220,EDGE0056,LOC029,2024-11-15T13:15:08,Moderate,49,70,59,Event,106
TE07221,EDGE0033,LOC063,2024-09-22T16:25:39,Moderate,54,70,44,Rush Hour,79
TE07222,EDGE0068,LOC040,2024-11-12T05:50:38,Severe,10,20,97,Rush Hour,174
TE07223,EDGE0155,LOC017,2025-06-24T00:42:06,Moderate,50,70,57,Accident,102
TE07224,EDGE0159,LOC016,2025-03-23T09:08:25,High,30,45,64,Rush Hour,115
TE07225,EDGE0219,LOC067,2025-03-23T08:37:17,Severe,10,20,99,Weather-related,178
TE07226,EDGE0291,LOC075,2024-01-05T19:49:57,High,28,45,74,Accident,133
TE07227,EDGE0228,LOC030,2024-05-26T09:37:03,Moderate,53,70,46,Weather-related,82
TE07228,EDGE0025,LOC016,2024-10-14T12:14:19,Low,77,90,27,Weather-related,48
TE07229,EDGE0309,LOC019,2026-02-20T18:09:09,Moderate,52,70,50,Weather-related,90
TE07230,EDGE0213,LOC070,2026-01-10T14:50:19,Low,88,90,3,Rush Hour,5
TE07231,EDGE0366,LOC057,2025-04-19T07:18:38,Severe,10,20,99,Event,178
TE07232,EDGE0068,LOC027,2025-01-05T16:22:45,High,30,45,66,Event,118
TE07233,EDGE0237,LOC036,2024-09-21T10:43:49,Low,80,90,21,Accident,37
TE07234,EDGE0120,LOC062,2025-05-04T12:14:43,Severe,10,20,91,Construction,163
TE07235,EDGE0160,LOC075,2024-04-17T21:27:23,Moderate,56,70,38,Accident,68
TE07236,EDGE0228,LOC041,2024-09-15T20:59:34,Severe,11,20,89,Rush Hour,160
TE07237,EDGE0370,LOC069,2024-10-18T00:42:21,Severe,10,20,100,Construction,180
TE07238,EDGE0068,LOC005,2025-05-30T23:38:51,Moderate,56,70,40,Rush Hour,72
TE07239,EDGE0350,LOC031,2025-12-08T03:41:40,High,31,45,61,Accident,109
TE07240,EDGE0160,LOC008,2024-08-08T07:56:30,Low,83,90,14,Weather-related,25
TE07241,EDGE0237,LOC022,2024-01-20T18:47:19,Moderate,55,70,42,Accident,75
TE07242,EDGE0240,LOC023,2026-01-07T06:23:46,Low,88,90,3,Event,5
TE07243,EDGE0133,LOC069,2025-10-26T18:06:32,Low,76,90,30,Event,54
TE07244,EDGE0278,LOC027,2025-06-02T22:26:29,Low,88,90,3,Weather-related,5
TE07245,EDGE0130,LOC015,2024-02-02T08:28:52,Low,81,90,19,Rush Hour,34
TE07246,EDGE0098,LOC058,2024-10-02T18:14:26,Moderate,58,70,33,Construction,59
TE07247,EDGE0007,LOC018,2025-02-13T20:22:36,Moderate,57,70,36,Accident,64
TE07248,EDGE0351,LOC016,2024-04-29T13:54:47,Severe,10,20,98,Weather-related,176
TE07249,EDGE0081,LOC066,2024-09-22T05:05:36,Moderate,55,70,41,Rush Hour,73
TE07250,EDGE0091,LOC017,2024-01-16T02:54:18,Low,85,90,10,Construction,18
TE07251,EDGE0041,LOC017,2025-07-01T00:51:59,High,27,45,77,Event,138
TE07252,EDGE0242,LOC056,2026-01-06T01:40:07,Severe,11,20,85,Accident,153
TE07253,EDGE0192,LOC047,2026-06-24T21:44:17,High,28,45,75,Rush Hour,135
TE07254,EDGE0054,LOC074,2024-01-02T13:31:26,Low,85,90,9,Weather-related,16
TE07255,EDGE0112,LOC001,2026-01-28T13:25:01,Moderate,49,70,59,Construction,106
TE07256,EDGE0288,LOC008,2025-01-19T11:51:27,Severe,10,20,96,Weather-related,172
TE07257,EDGE0057,LOC013,2026-01-04T02:37:16,High,27,45,80,Accident,144
TE07258,EDGE0158,LOC020,2024-06-18T22:12:20,Moderate,57,70,37,Weather-related,66
TE07259,EDGE0124,LOC062,2024-03-11T04:18:09,High,29,45,67,Construction,120
TE07260,EDGE0142,LOC022,2024-01-28T00:22:36,Low,81,90,20,Event,36
TE07261,EDGE0025,LOC046,2026-05-31T05:14:11,Moderate,52,70,50,Rush Hour,90
TE07262,EDGE0243,LOC040,2025-03-27T12:32:12,Moderate,56,70,38,Event,68
TE07263,EDGE0051,LOC027,2024-12-20T15:10:52,High,28,45,74,Construction,133
TE07264,EDGE0078,LOC058,2026-03-26T23:27:16,High,27,45,78,Weather-related,140
TE07265,EDGE0344,LOC058,2026-02-20T14:39:36,Moderate,54,70,45,Event,81
TE07266,EDGE0259,LOC019,2024-09-16T21:34:21,High,27,45,77,Construction,138
TE07267,EDGE0059,LOC072,2024-08-15T17:00:31,Severe,11,20,90,Weather-related,162
TE07268,EDGE0221,LOC047,2024-05-25T21:13:20,Low,86,90,7,Accident,12
TE07269,EDGE0167,LOC060,2024-06-04T07:59:21,High,28,45,75,Rush Hour,135
TE07270,EDGE0125,LOC074,2025-04-18T04:23:44,Moderate,49,70,58,Weather-related,104
TE07271,EDGE0126,LOC032,2025-06-05T10:57:31,Moderate,54,70,43,Rush Hour,77
TE07272,EDGE0172,LOC067,2025-12-04T02:45:38,Moderate,52,70,51,Weather-related,91
TE07273,EDGE0327,LOC056,2026-02-01T05:11:58,High,29,45,69,Rush Hour,124
TE07274,EDGE0175,LOC034,2025-06-28T22:03:54,Severe,10,20,92,Weather-related,165
TE07275,EDGE0254,LOC048,2026-04-27T17:43:57,Moderate,57,70,37,Construction,66
TE07276,EDGE0291,LOC023,2025-02-03T18:18:44,High,31,45,61,Construction,109
TE07277,EDGE0177,LOC007,2026-01-25T17:47:07,Moderate,49,70,60,Construction,108
TE07278,EDGE0129,LOC040,2025-01-28T20:32:19,Low,83,90,15,Accident,27
TE07279,EDGE0164,LOC015,2025-07-19T21:41:26,Moderate,53,70,46,Event,82
TE07280,EDGE0133,LOC044,2025-12-13T15:28:05,Moderate,57,70,37,Construction,66
TE07281,EDGE0140,LOC060,2024-01-22T01:35:33,Moderate,52,70,49,Rush Hour,88
TE07282,EDGE0366,LOC066,2025-07-01T18:51:51,High,29,45,70,Weather-related,126
TE07283,EDGE0179,LOC015,2025-04-12T19:05:25,High,30,45,64,Construction,115
TE07284,EDGE0084,LOC049,2025-06-02T10:41:12,Low,86,90,7,Construction,12
TE07285,EDGE0073,LOC060,2026-03-15T10:08:27,Low,86,90,8,Construction,14
TE07286,EDGE0339,LOC037,2026-01-22T10:03:26,Low,85,90,10,Event,18
TE07287,EDGE0156,LOC036,2024-06-24T04:02:14,Moderate,50,70,55,Event,99
TE07288,EDGE0181,LOC069,2025-02-23T07:59:50,Moderate,53,70,46,Event,82
TE07289,EDGE0096,LOC067,2026-03-17T17:14:20,Low,82,90,16,Construction,28
TE07290,EDGE0108,LOC017,2024-02-02T04:46:08,High,31,45,61,Event,109
TE07291,EDGE0364,LOC054,2024-08-17T18:07:33,Low,80,90,22,Accident,39
TE07292,EDGE0141,LOC047,2025-09-29T09:47:56,High,28,45,74,Weather-related,133
TE07293,EDGE0131,LOC041,2024-12-08T03:43:26,Severe,11,20,87,Accident,156
TE07294,EDGE0141,LOC002,2024-08-08T00:27:56,Low,87,90,5,Accident,9
TE07295,EDGE0017,LOC026,2025-07-08T21:10:21,Severe,11,20,86,Construction,154
TE07296,EDGE0343,LOC055,2026-02-12T08:31:51,Low,76,90,30,Weather-related,54
TE07297,EDGE0221,LOC075,2024-02-18T00:12:35,Moderate,51,70,54,Event,97
TE07298,EDGE0059,LOC051,2025-01-14T14:41:31,Severe,11,20,88,Rush Hour,158
TE07299,EDGE0196,LOC063,2026-06-16T05:53:59,Moderate,56,70,39,Weather-related,70
TE07300,EDGE0214,LOC037,2025-10-31T02:25:28,Moderate,54,70,43,Weather-related,77
TE07301,EDGE0345,LOC075,2025-07-12T08:08:46,Low,81,90,19,Rush Hour,34
TE07302,EDGE0217,LOC018,2024-11-16T11:42:06,Low,82,90,16,Accident,28
TE07303,EDGE0225,LOC028,2024-05-18T16:22:31,High,27,45,79,Construction,142
TE07304,EDGE0246,LOC018,2024-10-28T02:57:27,Moderate,53,70,47,Event,84
TE07305,EDGE0292,LOC024,2025-08-09T20:35:39,Low,84,90,13,Accident,23
TE07306,EDGE0180,LOC074,2024-06-16T15:59:01,Moderate,51,70,52,Accident,93
TE07307,EDGE0081,LOC025,2025-03-01T12:37:21,Moderate,50,70,57,Rush Hour,102
TE07308,EDGE0217,LOC036,2026-04-26T11:57:23,High,30,45,66,Accident,118
TE07309,EDGE0358,LOC054,2025-11-28T21:58:30,Low,81,90,20,Construction,36
TE07310,EDGE0152,LOC063,2026-03-29T12:30:44,Moderate,55,70,41,Construction,73
TE07311,EDGE0349,LOC075,2024-09-28T18:41:33,Severe,11,20,89,Event,160
TE07312,EDGE0319,LOC001,2025-02-16T03:26:55,Moderate,50,70,56,Weather-related,100
TE07313,EDGE0331,LOC015,2025-06-25T21:53:10,Severe,11,20,87,Rush Hour,156
TE07314,EDGE0118,LOC043,2025-05-29T11:52:10,Moderate,51,70,54,Event,97
TE07315,EDGE0039,LOC008,2025-08-30T10:30:51,Low,78,90,26,Construction,46
TE07316,EDGE0307,LOC055,2025-10-10T05:51:30,Severe,10,20,100,Accident,180
TE07317,EDGE0364,LOC069,2025-03-05T03:14:22,Severe,10,20,94,Event,169
TE07318,EDGE0016,LOC049,2025-04-25T12:24:30,High,29,45,68,Weather-related,122
TE07319,EDGE0341,LOC072,2024-10-23T01:03:50,Low,76,90,30,Event,54
TE07320,EDGE0131,LOC037,2024-03-04T20:19:05,Low,76,90,29,Accident,52
TE07321,EDGE0172,LOC025,2026-06-19T05:57:12,Severe,11,20,81,Construction,145
TE07322,EDGE0112,LOC035,2026-03-18T21:54:11,Moderate,54,70,45,Accident,81
TE07323,EDGE0199,LOC029,2025-06-17T06:11:55,Low,88,90,3,Event,5
TE07324,EDGE0099,LOC014,2024-07-10T00:19:41,Low,78,90,26,Event,46
TE07325,EDGE0041,LOC046,2025-11-04T08:32:45,High,28,45,75,Event,135
TE07326,EDGE0245,LOC013,2025-12-07T20:39:40,High,30,45,65,Event,117
TE07327,EDGE0338,LOC054,2026-05-30T06:42:23,High,27,45,79,Rush Hour,142
TE07328,EDGE0075,LOC032,2025-06-23T01:00:58,Low,89,90,2,Construction,3
TE07329,EDGE0244,LOC024,2025-03-24T00:38:58,Low,81,90,18,Weather-related,32
TE07330,EDGE0197,LOC062,2024-06-20T04:12:08,Moderate,53,70,46,Event,82
TE07331,EDGE0248,LOC051,2024-01-13T22:44:48,High,30,45,63,Construction,113
TE07332,EDGE0191,LOC006,2026-02-14T01:20:50,Low,78,90,25,Construction,45
TE07333,EDGE0211,LOC061,2024-08-16T13:26:40,Low,81,90,18,Weather-related,32
TE07334,EDGE0104,LOC015,2025-12-25T09:34:31,Moderate,57,70,36,Event,64
TE07335,EDGE0264,LOC046,2024-08-21T08:53:47,Severe,11,20,86,Accident,154
TE07336,EDGE0083,LOC015,2026-03-23T17:47:38,High,31,45,62,Accident,111
TE07337,EDGE0075,LOC054,2025-03-26T03:50:51,High,29,45,67,Accident,120
TE07338,EDGE0007,LOC013,2026-05-17T00:59:56,Moderate,56,70,39,Rush Hour,70
TE07339,EDGE0346,LOC025,2024-09-09T14:25:18,Moderate,54,70,43,Construction,77
TE07340,EDGE0093,LOC056,2025-04-16T16:43:42,Low,76,90,30,Weather-related,54
TE07341,EDGE0061,LOC027,2026-01-26T06:08:38,High,28,45,75,Weather-related,135
TE07342,EDGE0143,LOC049,2025-03-23T19:06:36,High,27,45,77,Construction,138
TE07343,EDGE0133,LOC038,2024-04-10T09:04:38,Low,84,90,12,Event,21
TE07344,EDGE0285,LOC061,2025-04-02T20:12:32,High,27,45,79,Weather-related,142
TE07345,EDGE0306,LOC031,2024-01-25T05:19:36,Low,81,90,19,Rush Hour,34
TE07346,EDGE0174,LOC043,2025-12-06T01:03:34,Moderate,55,70,41,Event,73
TE07347,EDGE0204,LOC051,2024-03-04T14:50:31,Moderate,49,70,59,Construction,106
TE07348,EDGE0095,LOC016,2024-12-03T14:28:28,Moderate,58,70,32,Weather-related,57
TE07349,EDGE0032,LOC014,2025-03-15T15:38:58,Moderate,55,70,42,Rush Hour,75
TE07350,EDGE0248,LOC009,2024-07-10T18:01:08,Low,81,90,19,Rush Hour,34
TE07351,EDGE0011,LOC051,2024-03-23T15:11:21,Moderate,54,70,44,Rush Hour,79
TE07352,EDGE0251,LOC070,2026-01-28T15:37:14,Moderate,52,70,51,Accident,91
TE07353,EDGE0259,LOC047,2025-04-20T01:51:07,High,29,45,69,Event,124
TE07354,EDGE0128,LOC013,2024-01-08T21:46:41,High,27,45,77,Event,138
TE07355,EDGE0004,LOC005,2025-10-30T11:35:52,Low,79,90,23,Rush Hour,41
TE07356,EDGE0279,LOC068,2025-07-01T05:02:15,High,28,45,75,Event,135
TE07357,EDGE0234,LOC052,2024-01-01T23:55:29,High,27,45,77,Rush Hour,138
TE07358,EDGE0006,LOC032,2024-03-18T12:28:59,Low,85,90,10,Rush Hour,18
TE07359,EDGE0260,LOC038,2025-01-25T14:07:08,High,29,45,70,Event,126
TE07360,EDGE0054,LOC070,2024-08-01T22:31:42,Severe,11,20,81,Rush Hour,145
TE07361,EDGE0323,LOC033,2025-06-28T01:04:55,Low,86,90,8,Accident,14
TE07362,EDGE0130,LOC008,2025-03-16T00:54:16,Moderate,59,70,31,Event,55
TE07363,EDGE0180,LOC045,2026-02-18T19:39:51,Low,87,90,5,Event,9
TE07364,EDGE0230,LOC013,2026-05-21T02:14:32,Low,84,90,12,Rush Hour,21
TE07365,EDGE0125,LOC003,2024-08-28T20:11:55,High,27,45,79,Construction,142
TE07366,EDGE0278,LOC060,2024-05-13T14:26:29,Low,82,90,17,Construction,30
TE07367,EDGE0347,LOC030,2025-02-24T11:16:04,Low,85,90,10,Event,18
TE07368,EDGE0332,LOC025,2024-08-09T14:09:47,High,27,45,79,Weather-related,142
TE07369,EDGE0307,LOC038,2024-11-01T14:31:46,Low,80,90,21,Construction,37
TE07370,EDGE0072,LOC063,2025-11-02T04:01:14,Low,85,90,10,Event,18
TE07371,EDGE0097,LOC006,2026-06-28T02:45:47,Moderate,51,70,53,Rush Hour,95
TE07372,EDGE0318,LOC049,2024-05-05T09:22:58,Low,89,90,2,Weather-related,3
TE07373,EDGE0147,LOC032,2025-03-27T17:53:07,High,29,45,69,Event,124
TE07374,EDGE0286,LOC053,2024-12-05T23:36:32,Severe,11,20,86,Accident,154
TE07375,EDGE0036,LOC038,2024-02-19T22:08:33,Moderate,54,70,43,Rush Hour,77
TE07376,EDGE0242,LOC050,2026-01-05T01:20:44,Low,89,90,2,Construction,3
TE07377,EDGE0251,LOC065,2025-07-04T21:38:53,Low,87,90,6,Accident,10
TE07378,EDGE0249,LOC074,2025-01-21T09:16:14,Low,81,90,19,Rush Hour,34
TE07379,EDGE0361,LOC054,2025-08-23T00:06:07,Severe,10,20,100,Accident,180
TE07380,EDGE0244,LOC011,2025-10-18T10:18:04,Severe,10,20,97,Event,174
TE07381,EDGE0127,LOC019,2025-09-12T00:02:00,Severe,10,20,94,Event,169
TE07382,EDGE0285,LOC010,2024-06-01T10:52:32,Moderate,50,70,57,Accident,102
TE07383,EDGE0312,LOC020,2025-02-09T20:30:45,Severe,10,20,99,Construction,178
TE07384,EDGE0344,LOC015,2025-04-14T04:13:14,High,30,45,64,Rush Hour,115
TE07385,EDGE0138,LOC064,2025-04-27T17:04:13,Low,84,90,12,Rush Hour,21
TE07386,EDGE0122,LOC046,2024-09-26T05:09:56,High,28,45,75,Construction,135
TE07387,EDGE0197,LOC072,2026-05-25T23:59:58,Severe,10,20,98,Event,176
TE07388,EDGE0296,LOC063,2025-11-08T00:24:29,Moderate,50,70,55,Weather-related,99
TE07389,EDGE0312,LOC024,2025-05-15T22:55:19,Severe,11,20,88,Event,158
TE07390,EDGE0250,LOC055,2026-06-17T03:38:37,Low,86,90,7,Weather-related,12
TE07391,EDGE0370,LOC032,2024-08-04T04:52:14,Moderate,58,70,32,Event,57
TE07392,EDGE0080,LOC019,2024-11-05T22:08:51,Low,83,90,15,Event,27
TE07393,EDGE0314,LOC046,2025-01-23T09:26:16,Severe,11,20,85,Weather-related,153
TE07394,EDGE0255,LOC029,2024-07-29T18:55:04,Severe,11,20,85,Event,153
TE07395,EDGE0328,LOC033,2025-10-08T17:14:51,High,27,45,80,Weather-related,144
TE07396,EDGE0037,LOC074,2026-05-11T01:11:48,Low,90,90,0,Construction,0
TE07397,EDGE0354,LOC010,2024-11-05T22:45:47,Moderate,59,70,31,Accident,55
TE07398,EDGE0303,LOC056,2025-04-12T16:24:53,Moderate,52,70,51,Event,91
TE07399,EDGE0248,LOC007,2025-04-18T19:04:43,Severe,11,20,89,Accident,160
TE07400,EDGE0270,LOC016,2024-05-12T23:19:19,Low,88,90,4,Weather-related,7
TE07401,EDGE0286,LOC059,2025-04-06T21:25:13,Low,88,90,4,Accident,7
TE07402,EDGE0079,LOC053,2026-05-30T06:48:20,Severe,10,20,91,Accident,163
TE07403,EDGE0028,LOC063,2025-12-17T09:04:53,Moderate,52,70,49,Weather-related,88
TE07404,EDGE0009,LOC051,2026-04-27T22:02:33,Severe,10,20,98,Weather-related,176
TE07405,EDGE0356,LOC020,2024-10-11T20:36:36,Moderate,58,70,34,Construction,61
TE07406,EDGE0322,LOC014,2025-08-07T01:01:34,Low,77,90,28,Rush Hour,50
TE07407,EDGE0304,LOC056,2025-11-09T16:32:41,Moderate,53,70,46,Event,82
TE07408,EDGE0131,LOC019,2024-05-29T04:42:59,Severe,11,20,87,Event,156
TE07409,EDGE0169,LOC043,2024-08-03T07:45:02,Low,79,90,23,Accident,41
TE07410,EDGE0315,LOC046,2026-03-29T00:00:16,Severe,11,20,89,Construction,160
TE07411,EDGE0341,LOC068,2025-11-17T11:16:32,High,27,45,78,Event,140
TE07412,EDGE0083,LOC004,2025-05-01T15:11:47,Low,79,90,23,Construction,41
TE07413,EDGE0034,LOC073,2026-02-21T15:35:27,High,30,45,64,Accident,115
TE07414,EDGE0239,LOC037,2025-07-09T10:45:55,Moderate,55,70,42,Accident,75
TE07415,EDGE0190,LOC052,2025-12-28T14:25:48,Moderate,49,70,59,Accident,106
TE07416,EDGE0339,LOC055,2025-07-04T05:18:13,Moderate,54,70,43,Event,77
TE07417,EDGE0080,LOC073,2025-10-26T08:39:44,Moderate,57,70,35,Rush Hour,63
TE07418,EDGE0369,LOC054,2025-12-25T18:20:24,Moderate,55,70,41,Accident,73
TE07419,EDGE0066,LOC049,2025-10-15T05:35:14,Severe,11,20,87,Accident,156
TE07420,EDGE0193,LOC056,2025-09-29T07:33:00,Moderate,53,70,48,Accident,86
TE07421,EDGE0295,LOC023,2025-12-17T13:54:48,Moderate,55,70,41,Event,73
TE07422,EDGE0033,LOC057,2024-02-12T23:43:18,High,29,45,68,Rush Hour,122
TE07423,EDGE0207,LOC069,2026-05-18T05:38:30,Moderate,57,70,37,Accident,66
TE07424,EDGE0140,LOC018,2024-02-11T01:05:16,Severe,11,20,83,Rush Hour,149
TE07425,EDGE0054,LOC051,2025-10-15T20:59:01,Low,81,90,18,Accident,32
TE07426,EDGE0319,LOC015,2024-05-17T08:52:17,Moderate,51,70,54,Rush Hour,97
TE07427,EDGE0318,LOC021,2024-08-06T09:24:38,Moderate,55,70,41,Rush Hour,73
TE07428,EDGE0221,LOC028,2025-04-14T17:54:56,Severe,11,20,81,Rush Hour,145
TE07429,EDGE0037,LOC062,2025-01-11T22:29:08,Moderate,51,70,54,Weather-related,97
TE07430,EDGE0343,LOC074,2026-06-20T11:59:16,Low,85,90,9,Accident,16
TE07431,EDGE0262,LOC005,2026-03-06T16:27:12,Low,86,90,8,Construction,14
TE07432,EDGE0125,LOC071,2025-08-02T14:35:31,High,28,45,74,Construction,133
TE07433,EDGE0059,LOC067,2024-07-16T17:09:02,Moderate,53,70,48,Construction,86
TE07434,EDGE0185,LOC017,2026-04-23T22:33:24,Severe,10,20,94,Accident,169
TE07435,EDGE0174,LOC056,2026-05-28T14:08:57,High,29,45,67,Event,120
TE07436,EDGE0224,LOC042,2025-03-31T16:37:36,Moderate,53,70,48,Weather-related,86
TE07437,EDGE0117,LOC017,2024-03-24T03:58:03,Low,76,90,29,Accident,52
TE07438,EDGE0285,LOC066,2025-09-01T23:24:02,High,30,45,64,Rush Hour,115
TE07439,EDGE0293,LOC041,2024-07-14T15:13:42,Severe,10,20,98,Accident,176
TE07440,EDGE0264,LOC047,2025-09-17T22:46:16,Low,84,90,13,Weather-related,23
TE07441,EDGE0364,LOC032,2024-01-10T05:56:17,Moderate,52,70,49,Construction,88
TE07442,EDGE0215,LOC029,2025-12-19T22:43:33,High,30,45,64,Accident,115
TE07443,EDGE0102,LOC047,2026-03-15T16:44:54,High,27,45,77,Weather-related,138
TE07444,EDGE0151,LOC022,2025-12-15T22:16:23,Moderate,50,70,57,Accident,102
TE07445,EDGE0258,LOC013,2024-03-25T10:10:28,Moderate,54,70,45,Rush Hour,81
TE07446,EDGE0037,LOC004,2024-05-11T12:19:11,Low,76,90,29,Weather-related,52
TE07447,EDGE0034,LOC001,2024-03-25T23:05:37,Low,77,90,28,Rush Hour,50
TE07448,EDGE0184,LOC036,2025-02-23T16:50:53,High,28,45,73,Weather-related,131
TE07449,EDGE0277,LOC062,2024-06-15T07:04:22,High,30,45,64,Accident,115
TE07450,EDGE0215,LOC043,2025-06-02T01:09:51,High,27,45,78,Rush Hour,140
TE07451,EDGE0349,LOC037,2024-05-31T07:18:00,Severe,10,20,100,Rush Hour,180
TE07452,EDGE0080,LOC039,2025-03-27T09:29:34,Low,88,90,3,Weather-related,5
TE07453,EDGE0188,LOC021,2026-05-28T09:15:28,Low,89,90,1,Rush Hour,1
TE07454,EDGE0073,LOC002,2026-01-17T22:25:27,Low,78,90,25,Rush Hour,45
TE07455,EDGE0203,LOC072,2025-05-29T16:02:32,Moderate,51,70,52,Rush Hour,93
TE07456,EDGE0205,LOC053,2024-04-04T13:12:11,High,28,45,73,Rush Hour,131
TE07457,EDGE0076,LOC067,2024-07-07T15:42:40,High,27,45,79,Rush Hour,142
TE07458,EDGE0218,LOC054,2026-06-27T04:07:10,Severe,10,20,93,Construction,167
TE07459,EDGE0283,LOC026,2026-03-04T12:46:56,Moderate,50,70,55,Event,99
TE07460,EDGE0297,LOC046,2024-03-23T08:44:19,Severe,10,20,91,Accident,163
TE07461,EDGE0319,LOC034,2024-11-14T13:21:24,Severe,11,20,82,Accident,147
TE07462,EDGE0112,LOC026,2026-03-12T23:43:05,High,30,45,63,Event,113
TE07463,EDGE0214,LOC004,2024-08-11T22:22:20,Severe,11,20,90,Weather-related,162
TE07464,EDGE0103,LOC019,2026-05-23T02:42:53,Low,81,90,18,Accident,32
TE07465,EDGE0281,LOC033,2026-02-08T10:17:45,Severe,11,20,83,Accident,149
TE07466,EDGE0369,LOC008,2024-07-30T21:27:47,Low,90,90,0,Construction,0
TE07467,EDGE0311,LOC063,2024-12-13T06:18:31,Moderate,58,70,34,Weather-related,61
TE07468,EDGE0061,LOC033,2024-08-28T10:26:55,Moderate,57,70,36,Rush Hour,64
TE07469,EDGE0137,LOC023,2025-04-12T10:04:28,Severe,10,20,94,Rush Hour,169
TE07470,EDGE0024,LOC063,2025-04-27T22:51:00,Low,83,90,15,Accident,27
TE07471,EDGE0283,LOC075,2024-01-11T00:30:11,Moderate,54,70,45,Weather-related,81
TE07472,EDGE0247,LOC065,2026-01-23T08:26:17,High,30,45,63,Weather-related,113
TE07473,EDGE0161,LOC064,2024-11-07T18:38:01,Low,77,90,28,Accident,50
TE07474,EDGE0199,LOC071,2024-06-27T04:39:23,Severe,10,20,96,Accident,172
TE07475,EDGE0213,LOC044,2024-04-14T07:14:15,Low,84,90,13,Weather-related,23
TE07476,EDGE0009,LOC031,2024-01-01T01:19:53,Low,81,90,18,Accident,32
TE07477,EDGE0261,LOC030,2024-08-25T17:04:36,Low,82,90,16,Accident,28
TE07478,EDGE0145,LOC064,2024-07-07T00:29:24,Moderate,54,70,45,Weather-related,81
TE07479,EDGE0307,LOC059,2026-03-18T12:23:23,High,30,45,65,Event,117
TE07480,EDGE0286,LOC001,2024-05-30T11:20:17,Moderate,57,70,36,Rush Hour,64
TE07481,EDGE0153,LOC017,2025-01-19T00:30:39,Moderate,49,70,60,Rush Hour,108
TE07482,EDGE0244,LOC032,2024-11-13T08:37:10,High,30,45,65,Accident,117
TE07483,EDGE0311,LOC038,2024-06-09T22:44:59,Low,76,90,29,Rush Hour,52
TE07484,EDGE0367,LOC052,2026-01-05T22:23:49,Moderate,52,70,50,Event,90
TE07485,EDGE0299,LOC020,2024-02-08T07:15:23,Severe,10,20,99,Event,178
TE07486,EDGE0072,LOC019,2026-02-24T17:45:31,Moderate,58,70,34,Accident,61
TE07487,EDGE0156,LOC044,2025-11-20T10:39:18,Low,76,90,30,Event,54
TE07488,EDGE0294,LOC012,2025-08-29T22:52:11,Low,82,90,16,Construction,28
TE07489,EDGE0359,LOC009,2024-03-27T10:54:00,Severe,10,20,93,Accident,167
TE07490,EDGE0004,LOC006,2024-07-08T05:27:31,Low,83,90,14,Rush Hour,25
TE07491,EDGE0161,LOC062,2025-04-10T21:58:05,High,31,45,61,Rush Hour,109
TE07492,EDGE0091,LOC009,2025-09-20T10:59:26,Severe,10,20,100,Accident,180
TE07493,EDGE0079,LOC054,2026-01-21T10:22:15,Moderate,50,70,55,Accident,99
TE07494,EDGE0262,LOC034,2024-10-12T21:39:19,Low,90,90,0,Weather-related,0
TE07495,EDGE0182,LOC049,2024-12-30T22:44:42,Severe,10,20,98,Rush Hour,176
TE07496,EDGE0102,LOC067,2026-04-29T07:10:15,Moderate,58,70,33,Weather-related,59
TE07497,EDGE0325,LOC047,2025-02-08T07:37:32,Moderate,51,70,53,Construction,95
TE07498,EDGE0222,LOC009,2025-11-13T03:56:50,High,28,45,75,Construction,135
TE07499,EDGE0222,LOC066,2024-07-10T09:05:58,Moderate,57,70,35,Construction,63
TE07500,EDGE0252,LOC038,2025-11-02T15:18:51,Moderate,58,70,32,Event,57
TE07501,EDGE0053,LOC055,2024-08-15T04:27:35,Severe,11,20,83,Accident,149
TE07502,EDGE0294,LOC006,2024-02-03T15:27:51,Severe,10,20,91,Weather-related,163
TE07503,EDGE0349,LOC022,2024-10-14T02:08:10,Low,88,90,4,Weather-related,7
TE07504,EDGE0312,LOC042,2024-08-08T02:26:37,Low,88,90,4,Event,7
TE07505,EDGE0022,LOC055,2025-01-08T21:16:17,Severe,11,20,81,Rush Hour,145
TE07506,EDGE0168,LOC033,2024-09-22T06:58:18,Moderate,50,70,56,Weather-related,100
TE07507,EDGE0208,LOC009,2026-03-05T14:39:40,Moderate,56,70,39,Rush Hour,70
TE07508,EDGE0330,LOC004,2026-04-29T05:44:45,Severe,10,20,92,Rush Hour,165
TE07509,EDGE0369,LOC024,2024-11-07T05:37:41,Moderate,52,70,50,Weather-related,90
TE07510,EDGE0305,LOC047,2026-01-09T16:28:18,Low,88,90,4,Rush Hour,7
TE07511,EDGE0304,LOC039,2026-01-16T09:05:17,Severe,11,20,90,Event,162
TE07512,EDGE0021,LOC021,2025-03-26T13:19:58,Low,77,90,28,Event,50
TE07513,EDGE0287,LOC016,2025-03-25T15:26:31,Moderate,59,70,31,Rush Hour,55
TE07514,EDGE0325,LOC041,2024-06-04T09:00:14,Low,85,90,9,Event,16
TE07515,EDGE0191,LOC003,2026-02-04T19:02:06,Severe,10,20,91,Rush Hour,163
TE07516,EDGE0019,LOC055,2025-07-24T15:24:20,Low,78,90,25,Construction,45
TE07517,EDGE0342,LOC012,2025-03-03T11:30:15,Moderate,50,70,55,Event,99
TE07518,EDGE0269,LOC004,2025-08-30T16:35:28,Low,85,90,9,Event,16
TE07519,EDGE0095,LOC050,2025-08-22T08:26:29,Low,86,90,8,Weather-related,14
TE07520,EDGE0048,LOC024,2024-06-15T17:46:12,Moderate,58,70,33,Event,59
TE07521,EDGE0113,LOC032,2025-12-21T17:49:13,Moderate,53,70,47,Event,84
TE07522,EDGE0344,LOC074,2025-10-09T15:01:36,Severe,11,20,81,Event,145
TE07523,EDGE0039,LOC073,2025-10-21T22:55:14,Low,78,90,25,Accident,45
TE07524,EDGE0054,LOC049,2024-08-18T04:02:55,High,28,45,74,Event,133
TE07525,EDGE0304,LOC044,2024-02-13T10:49:18,Moderate,57,70,37,Construction,66
TE07526,EDGE0312,LOC002,2025-03-16T06:44:46,Moderate,53,70,47,Weather-related,84
TE07527,EDGE0310,LOC028,2025-12-11T01:15:45,Moderate,57,70,35,Weather-related,63
TE07528,EDGE0038,LOC059,2024-07-05T14:38:25,Low,89,90,1,Weather-related,1
TE07529,EDGE0269,LOC065,2026-05-26T11:14:21,Low,90,90,0,Construction,0
TE07530,EDGE0020,LOC056,2025-08-27T22:58:49,Low,83,90,15,Construction,27
TE07531,EDGE0229,LOC028,2024-01-18T02:50:31,Low,79,90,24,Event,43
TE07532,EDGE0093,LOC075,2026-06-20T20:01:41,High,27,45,78,Weather-related,140
TE07533,EDGE0181,LOC046,2025-04-15T07:46:10,Severe,11,20,89,Construction,160
TE07534,EDGE0346,LOC004,2024-02-22T22:43:35,Low,85,90,10,Event,18
TE07535,EDGE0094,LOC027,2025-11-21T11:23:33,Moderate,58,70,34,Construction,61
TE07536,EDGE0329,LOC029,2024-03-07T05:25:42,Moderate,54,70,43,Accident,77
TE07537,EDGE0005,LOC054,2025-07-05T01:10:34,High,29,45,67,Construction,120
TE07538,EDGE0134,LOC045,2024-08-04T09:36:42,High,29,45,69,Event,124
TE07539,EDGE0154,LOC066,2025-12-27T20:50:28,Low,89,90,1,Rush Hour,1
TE07540,EDGE0145,LOC075,2025-12-13T00:31:59,Moderate,54,70,43,Accident,77
TE07541,EDGE0343,LOC066,2025-03-06T03:43:51,Low,79,90,23,Weather-related,41
TE07542,EDGE0357,LOC072,2024-01-15T04:01:13,Severe,10,20,92,Accident,165
TE07543,EDGE0356,LOC068,2024-09-02T22:23:36,Low,84,90,13,Weather-related,23
TE07544,EDGE0255,LOC057,2025-07-09T17:47:58,High,29,45,71,Event,127
TE07545,EDGE0129,LOC040,2026-02-16T17:09:05,Moderate,57,70,35,Rush Hour,63
TE07546,EDGE0021,LOC030,2026-02-20T16:51:55,Moderate,58,70,34,Weather-related,61
TE07547,EDGE0075,LOC071,2024-11-23T10:27:11,Severe,11,20,88,Construction,158
TE07548,EDGE0009,LOC058,2025-06-25T21:28:37,Severe,11,20,86,Weather-related,154
TE07549,EDGE0361,LOC019,2026-03-26T15:29:36,Low,82,90,16,Construction,28
TE07550,EDGE0129,LOC062,2025-08-29T19:31:49,Moderate,53,70,47,Construction,84
TE07551,EDGE0178,LOC030,2026-03-07T23:42:35,Moderate,56,70,40,Construction,72
TE07552,EDGE0371,LOC015,2024-04-07T12:04:39,Moderate,50,70,56,Rush Hour,100
TE07553,EDGE0209,LOC011,2024-09-28T01:42:54,Low,84,90,13,Event,23
TE07554,EDGE0216,LOC054,2024-08-23T04:42:08,High,30,45,66,Weather-related,118
TE07555,EDGE0265,LOC026,2025-06-30T14:33:09,High,30,45,66,Accident,118
TE07556,EDGE0207,LOC024,2026-05-24T19:40:13,Moderate,54,70,45,Weather-related,81
TE07557,EDGE0195,LOC073,2025-06-11T01:41:17,Severe,11,20,82,Construction,147
TE07558,EDGE0237,LOC061,2025-12-14T18:43:15,Severe,10,20,100,Weather-related,180
TE07559,EDGE0118,LOC053,2024-08-05T13:02:36,Severe,10,20,99,Event,178
TE07560,EDGE0243,LOC017,2025-03-08T09:16:21,Moderate,56,70,38,Event,68
TE07561,EDGE0335,LOC023,2025-04-15T14:02:40,Low,87,90,6,Rush Hour,10
TE07562,EDGE0160,LOC064,2025-09-03T22:43:39,High,30,45,65,Rush Hour,117
TE07563,EDGE0349,LOC012,2024-04-15T23:03:25,Low,88,90,4,Rush Hour,7
TE07564,EDGE0230,LOC075,2026-01-21T11:18:29,Severe,10,20,93,Event,167
TE07565,EDGE0323,LOC049,2025-08-07T21:47:05,Moderate,54,70,45,Construction,81
TE07566,EDGE0280,LOC026,2026-01-02T20:12:03,Moderate,54,70,45,Event,81
TE07567,EDGE0260,LOC027,2024-10-07T04:51:00,Moderate,59,70,31,Weather-related,55
TE07568,EDGE0266,LOC019,2026-06-13T20:17:19,Severe,10,20,91,Accident,163
TE07569,EDGE0194,LOC039,2026-02-26T13:35:33,High,31,45,61,Event,109
TE07570,EDGE0179,LOC004,2026-03-27T05:35:45,Low,77,90,27,Construction,48
TE07571,EDGE0062,LOC067,2025-02-06T16:38:47,High,31,45,62,Construction,111
TE07572,EDGE0137,LOC012,2024-07-20T01:12:02,Severe,11,20,88,Rush Hour,158
TE07573,EDGE0295,LOC042,2025-05-18T10:27:06,Severe,11,20,82,Weather-related,147
TE07574,EDGE0279,LOC073,2026-06-21T02:59:12,Low,82,90,16,Accident,28
TE07575,EDGE0024,LOC031,2025-06-24T17:55:49,Low,89,90,1,Rush Hour,1
TE07576,EDGE0080,LOC062,2026-06-26T23:29:12,Low,83,90,15,Event,27
TE07577,EDGE0291,LOC019,2025-09-19T05:46:49,Moderate,58,70,34,Accident,61
TE07578,EDGE0261,LOC072,2024-04-14T23:11:28,Low,84,90,13,Weather-related,23
TE07579,EDGE0305,LOC070,2024-03-10T19:04:46,Severe,11,20,82,Weather-related,147
TE07580,EDGE0120,LOC064,2024-02-15T20:39:14,Low,88,90,3,Weather-related,5
TE07581,EDGE0292,LOC055,2024-09-04T06:38:54,Severe,10,20,92,Weather-related,165
TE07582,EDGE0161,LOC044,2024-12-25T22:33:46,Moderate,56,70,38,Weather-related,68
TE07583,EDGE0173,LOC046,2024-05-29T23:17:18,Low,88,90,3,Accident,5
TE07584,EDGE0088,LOC040,2024-06-14T00:11:05,Severe,11,20,84,Accident,151
TE07585,EDGE0222,LOC066,2026-02-14T20:14:43,Low,81,90,20,Construction,36
TE07586,EDGE0242,LOC031,2026-01-10T01:57:51,Moderate,54,70,43,Construction,77
TE07587,EDGE0104,LOC035,2025-05-17T18:53:46,Low,80,90,21,Accident,37
TE07588,EDGE0180,LOC044,2024-12-25T16:14:03,Low,79,90,24,Weather-related,43
TE07589,EDGE0060,LOC056,2025-01-02T13:43:41,Moderate,58,70,33,Rush Hour,59
TE07590,EDGE0009,LOC042,2024-06-12T18:46:57,Moderate,49,70,58,Weather-related,104
TE07591,EDGE0066,LOC001,2024-09-27T07:06:50,High,27,45,76,Weather-related,136
TE07592,EDGE0190,LOC032,2025-08-19T15:40:09,High,29,45,70,Event,126
TE07593,EDGE0006,LOC050,2025-10-14T12:49:42,Moderate,53,70,46,Construction,82
TE07594,EDGE0125,LOC049,2024-04-09T23:53:02,Moderate,52,70,51,Rush Hour,91
TE07595,EDGE0107,LOC039,2024-04-06T04:47:33,High,31,45,61,Weather-related,109
TE07596,EDGE0011,LOC064,2025-01-24T02:42:53,Low,77,90,28,Construction,50
TE07597,EDGE0026,LOC042,2024-06-26T19:53:31,Low,84,90,12,Accident,21
TE07598,EDGE0339,LOC004,2024-02-28T03:03:15,Low,83,90,15,Event,27
TE07599,EDGE0325,LOC041,2024-04-23T05:13:35,High,31,45,62,Event,111
TE07600,EDGE0256,LOC033,2025-11-16T21:22:25,Severe,10,20,99,Construction,178
TE07601,EDGE0126,LOC050,2025-08-04T11:44:23,Moderate,59,70,31,Construction,55
TE07602,EDGE0224,LOC043,2024-02-15T18:19:40,High,27,45,78,Construction,140
TE07603,EDGE0333,LOC058,2024-09-27T09:41:49,Severe,11,20,82,Event,147
TE07604,EDGE0033,LOC001,2025-05-13T21:41:00,Severe,10,20,91,Rush Hour,163
TE07605,EDGE0120,LOC019,2024-06-16T05:53:35,Severe,11,20,81,Weather-related,145
TE07606,EDGE0095,LOC015,2025-11-29T06:56:01,Moderate,51,70,53,Construction,95
TE07607,EDGE0036,LOC035,2025-08-09T15:01:39,Low,76,90,29,Accident,52
TE07608,EDGE0038,LOC017,2024-07-25T22:40:34,Moderate,50,70,56,Accident,100
TE07609,EDGE0084,LOC060,2026-06-10T08:03:22,Moderate,54,70,44,Event,79
TE07610,EDGE0272,LOC017,2026-05-14T10:38:20,High,30,45,64,Construction,115
TE07611,EDGE0051,LOC065,2024-11-06T06:38:21,Low,80,90,21,Rush Hour,37
TE07612,EDGE0370,LOC028,2024-10-31T00:53:38,Low,84,90,12,Rush Hour,21
TE07613,EDGE0295,LOC066,2025-01-27T05:41:37,Low,80,90,21,Accident,37
TE07614,EDGE0240,LOC041,2026-02-01T21:38:51,Moderate,57,70,37,Event,66
TE07615,EDGE0048,LOC036,2025-11-10T15:44:09,Moderate,49,70,59,Event,106
TE07616,EDGE0321,LOC007,2025-03-20T10:11:00,Low,87,90,5,Event,9
TE07617,EDGE0191,LOC060,2024-12-16T07:07:13,High,29,45,69,Accident,124
TE07618,EDGE0254,LOC003,2024-11-08T13:00:32,Low,81,90,19,Rush Hour,34
TE07619,EDGE0175,LOC035,2024-09-08T19:08:15,Low,82,90,16,Event,28
TE07620,EDGE0004,LOC055,2025-11-05T07:02:30,Low,84,90,13,Construction,23
TE07621,EDGE0281,LOC002,2026-04-01T01:00:21,High,27,45,79,Event,142
TE07622,EDGE0275,LOC056,2024-10-25T17:18:27,Severe,11,20,88,Weather-related,158
TE07623,EDGE0324,LOC041,2024-05-13T14:59:40,Low,87,90,6,Accident,10
TE07624,EDGE0216,LOC064,2026-06-23T06:33:26,Severe,10,20,100,Rush Hour,180
TE07625,EDGE0160,LOC070,2024-02-07T15:50:47,Low,83,90,14,Construction,25
TE07626,EDGE0298,LOC039,2024-05-29T10:49:26,High,29,45,69,Weather-related,124
TE07627,EDGE0327,LOC010,2024-11-12T04:30:24,High,30,45,65,Event,117
TE07628,EDGE0035,LOC039,2024-02-21T15:14:48,High,28,45,75,Accident,135
TE07629,EDGE0092,LOC030,2024-08-06T08:33:11,Low,78,90,25,Construction,45
TE07630,EDGE0084,LOC066,2024-01-09T03:13:22,Low,81,90,20,Event,36
TE07631,EDGE0323,LOC020,2025-07-12T13:24:20,Severe,10,20,100,Construction,180
TE07632,EDGE0192,LOC024,2025-09-25T20:21:46,High,27,45,78,Weather-related,140
TE07633,EDGE0368,LOC057,2026-06-01T19:34:27,Severe,11,20,89,Weather-related,160
TE07634,EDGE0052,LOC053,2026-04-29T02:00:38,Moderate,50,70,57,Rush Hour,102
TE07635,EDGE0066,LOC048,2024-04-21T19:03:14,Moderate,54,70,43,Event,77
TE07636,EDGE0044,LOC068,2025-06-13T06:38:18,Moderate,53,70,47,Rush Hour,84
TE07637,EDGE0365,LOC035,2024-10-14T20:38:49,Severe,10,20,93,Construction,167
TE07638,EDGE0211,LOC019,2026-03-31T11:01:37,Low,83,90,14,Event,25
TE07639,EDGE0166,LOC008,2026-02-09T18:45:44,Low,79,90,24,Accident,43
TE07640,EDGE0362,LOC055,2024-10-22T08:49:02,Moderate,49,70,59,Weather-related,106
TE07641,EDGE0355,LOC060,2024-11-18T07:13:13,High,27,45,79,Accident,142
TE07642,EDGE0150,LOC061,2026-06-05T00:56:14,High,28,45,75,Event,135
TE07643,EDGE0350,LOC046,2026-01-05T22:02:29,Low,84,90,13,Accident,23
TE07644,EDGE0098,LOC034,2026-02-17T01:03:07,High,29,45,68,Accident,122
TE07645,EDGE0076,LOC003,2025-06-30T23:27:54,Severe,10,20,99,Accident,178
TE07646,EDGE0150,LOC009,2025-07-07T18:43:52,Moderate,52,70,51,Event,91
TE07647,EDGE0105,LOC002,2026-05-17T21:44:43,Low,85,90,10,Event,18
TE07648,EDGE0029,LOC037,2024-08-02T04:17:52,Severe,10,20,100,Construction,180
TE07649,EDGE0328,LOC073,2024-04-14T07:42:28,High,30,45,64,Accident,115
TE07650,EDGE0224,LOC052,2025-11-12T18:33:36,Low,78,90,25,Weather-related,45
TE07651,EDGE0239,LOC015,2025-10-26T02:47:35,Moderate,50,70,55,Weather-related,99
TE07652,EDGE0004,LOC062,2025-08-07T06:42:13,Moderate,54,70,44,Construction,79
TE07653,EDGE0049,LOC012,2024-04-20T02:08:10,Moderate,56,70,39,Weather-related,70
TE07654,EDGE0006,LOC053,2026-06-03T03:32:25,Low,78,90,25,Accident,45
TE07655,EDGE0062,LOC022,2024-05-01T09:24:44,Low,89,90,2,Event,3
TE07656,EDGE0331,LOC028,2024-07-16T14:04:32,Low,82,90,17,Construction,30
TE07657,EDGE0254,LOC033,2026-03-14T12:21:39,Low,77,90,28,Construction,50
TE07658,EDGE0127,LOC021,2025-04-08T06:42:28,Severe,11,20,88,Weather-related,158
TE07659,EDGE0339,LOC069,2024-06-05T18:18:34,Low,81,90,18,Event,32
TE07660,EDGE0005,LOC043,2024-07-02T04:39:20,Low,90,90,0,Weather-related,0
TE07661,EDGE0279,LOC047,2026-02-13T17:20:24,Severe,10,20,95,Construction,171
TE07662,EDGE0051,LOC001,2024-12-24T04:24:12,Severe,10,20,97,Accident,174
TE07663,EDGE0212,LOC067,2024-03-20T23:16:35,Low,83,90,15,Event,27
TE07664,EDGE0140,LOC015,2026-04-19T16:43:05,Severe,11,20,89,Accident,160
TE07665,EDGE0010,LOC055,2025-05-29T01:35:03,Severe,10,20,92,Event,165
TE07666,EDGE0344,LOC068,2024-02-05T00:26:40,Low,83,90,14,Construction,25
TE07667,EDGE0146,LOC072,2024-12-14T00:06:59,Low,83,90,15,Rush Hour,27
TE07668,EDGE0228,LOC008,2025-03-26T08:07:26,Moderate,54,70,45,Construction,81
TE07669,EDGE0306,LOC015,2025-01-25T12:11:40,Low,84,90,12,Weather-related,21
TE07670,EDGE0081,LOC047,2025-08-29T12:09:05,Moderate,54,70,44,Event,79
TE07671,EDGE0149,LOC020,2025-07-09T23:40:22,Moderate,56,70,39,Event,70
TE07672,EDGE0167,LOC001,2024-04-15T13:27:52,High,30,45,66,Weather-related,118
TE07673,EDGE0150,LOC072,2024-09-02T05:33:35,Low,81,90,20,Event,36
TE07674,EDGE0045,LOC007,2025-03-23T11:59:26,Severe,10,20,99,Event,178
TE07675,EDGE0092,LOC064,2024-04-26T03:53:35,High,30,45,64,Accident,115
TE07676,EDGE0290,LOC073,2026-04-10T04:45:49,Moderate,52,70,49,Weather-related,88
TE07677,EDGE0039,LOC022,2026-06-12T18:49:18,Severe,11,20,89,Event,160
TE07678,EDGE0003,LOC058,2025-01-09T23:59:04,High,31,45,61,Weather-related,109
TE07679,EDGE0243,LOC045,2026-03-15T07:28:57,Low,82,90,16,Accident,28
TE07680,EDGE0024,LOC046,2026-02-15T19:06:13,Low,76,90,29,Accident,52
TE07681,EDGE0108,LOC020,2025-04-30T01:07:32,Low,87,90,6,Accident,10
TE07682,EDGE0343,LOC036,2025-09-12T03:59:15,Severe,11,20,84,Event,151
TE07683,EDGE0195,LOC072,2024-03-28T23:59:52,High,27,45,76,Accident,136
TE07684,EDGE0022,LOC071,2026-04-28T02:10:43,Moderate,59,70,31,Event,55
TE07685,EDGE0034,LOC068,2024-06-21T05:41:59,Severe,11,20,81,Weather-related,145
TE07686,EDGE0030,LOC044,2026-06-24T07:20:02,Moderate,52,70,49,Event,88
TE07687,EDGE0146,LOC052,2026-01-01T15:21:31,Severe,10,20,92,Event,165
TE07688,EDGE0057,LOC003,2025-02-12T15:19:45,High,27,45,76,Weather-related,136
TE07689,EDGE0044,LOC027,2024-02-16T13:39:43,Moderate,57,70,36,Accident,64
TE07690,EDGE0319,LOC068,2024-02-20T03:17:20,Low,81,90,19,Event,34
TE07691,EDGE0136,LOC002,2025-06-09T03:14:24,Low,90,90,0,Construction,0
TE07692,EDGE0114,LOC012,2025-10-16T15:08:35,Moderate,55,70,41,Event,73
TE07693,EDGE0011,LOC045,2025-02-09T06:21:09,High,28,45,74,Weather-related,133
TE07694,EDGE0218,LOC016,2024-11-07T11:36:05,Moderate,57,70,37,Construction,66
TE07695,EDGE0231,LOC071,2025-06-03T16:36:05,Severe,10,20,98,Rush Hour,176
TE07696,EDGE0016,LOC053,2024-04-02T06:17:35,Low,88,90,3,Event,5
TE07697,EDGE0232,LOC057,2024-08-04T09:03:23,Moderate,57,70,37,Rush Hour,66
TE07698,EDGE0259,LOC033,2024-11-13T06:22:10,Moderate,55,70,41,Construction,73
TE07699,EDGE0227,LOC003,2026-04-29T20:53:40,Low,77,90,27,Construction,48
TE07700,EDGE0150,LOC023,2025-05-27T00:43:13,Moderate,50,70,57,Construction,102
TE07701,EDGE0251,LOC003,2024-04-06T19:46:30,Moderate,53,70,47,Weather-related,84
TE07702,EDGE0139,LOC073,2025-01-01T00:26:45,Low,81,90,20,Construction,36
TE07703,EDGE0259,LOC028,2026-02-05T17:04:06,Low,87,90,5,Weather-related,9
TE07704,EDGE0200,LOC009,2024-04-23T06:21:09,High,30,45,65,Accident,117
TE07705,EDGE0283,LOC006,2026-05-25T22:04:57,Severe,11,20,86,Construction,154
TE07706,EDGE0365,LOC009,2024-02-24T22:23:37,Severe,11,20,83,Rush Hour,149
TE07707,EDGE0236,LOC022,2025-06-21T06:03:26,Low,86,90,8,Accident,14
TE07708,EDGE0101,LOC037,2024-04-19T22:14:21,Moderate,54,70,43,Accident,77
TE07709,EDGE0317,LOC060,2025-10-08T14:33:30,Moderate,53,70,48,Rush Hour,86
TE07710,EDGE0028,LOC019,2024-05-05T04:44:34,Low,89,90,2,Construction,3
TE07711,EDGE0329,LOC049,2026-05-06T14:37:24,Moderate,57,70,36,Accident,64
TE07712,EDGE0239,LOC006,2026-01-13T17:53:40,Moderate,56,70,38,Event,68
TE07713,EDGE0309,LOC013,2024-07-20T02:47:21,Severe,11,20,81,Event,145
TE07714,EDGE0142,LOC006,2025-02-24T05:17:03,Moderate,51,70,52,Accident,93
TE07715,EDGE0002,LOC052,2024-03-05T20:12:59,Moderate,50,70,55,Accident,99
TE07716,EDGE0221,LOC015,2024-06-10T15:41:00,Low,83,90,15,Event,27
TE07717,EDGE0172,LOC073,2024-02-25T07:16:02,Low,80,90,21,Rush Hour,37
TE07718,EDGE0107,LOC016,2026-02-10T10:28:03,High,28,45,72,Weather-related,129
TE07719,EDGE0225,LOC039,2026-02-27T12:51:31,High,28,45,74,Accident,133
TE07720,EDGE0166,LOC054,2024-12-15T21:44:37,Low,78,90,26,Construction,46
TE07721,EDGE0172,LOC056,2025-06-28T02:33:10,Severe,11,20,88,Event,158
TE07722,EDGE0355,LOC039,2025-11-01T08:03:58,Severe,10,20,94,Event,169
TE07723,EDGE0204,LOC045,2026-01-11T21:56:32,Low,79,90,24,Weather-related,43
TE07724,EDGE0057,LOC039,2025-04-16T08:15:21,Severe,10,20,99,Event,178
TE07725,EDGE0037,LOC056,2024-12-19T19:19:37,High,31,45,62,Weather-related,111
TE07726,EDGE0178,LOC069,2024-02-03T07:27:45,Low,84,90,13,Accident,23
TE07727,EDGE0106,LOC040,2024-03-26T23:50:30,Moderate,52,70,49,Accident,88
TE07728,EDGE0273,LOC052,2024-02-10T22:32:29,Moderate,52,70,51,Accident,91
TE07729,EDGE0221,LOC023,2024-10-31T17:54:26,High,29,45,67,Weather-related,120
TE07730,EDGE0042,LOC070,2026-04-09T19:53:32,Low,78,90,25,Rush Hour,45
TE07731,EDGE0344,LOC047,2025-08-12T08:37:27,Severe,10,20,98,Construction,176
TE07732,EDGE0317,LOC037,2024-01-29T02:37:31,Low,88,90,4,Construction,7
TE07733,EDGE0032,LOC044,2026-05-08T06:32:32,Moderate,55,70,41,Weather-related,73
TE07734,EDGE0291,LOC028,2026-01-19T00:43:30,Severe,11,20,88,Accident,158
TE07735,EDGE0167,LOC036,2024-03-21T23:56:08,Severe,10,20,100,Rush Hour,180
TE07736,EDGE0003,LOC047,2025-08-24T09:03:29,High,27,45,78,Accident,140
TE07737,EDGE0316,LOC062,2025-08-09T00:04:19,Low,83,90,14,Event,25
TE07738,EDGE0136,LOC021,2024-07-13T13:11:18,Severe,11,20,85,Event,153
TE07739,EDGE0219,LOC020,2025-10-29T13:04:20,Low,85,90,10,Construction,18
TE07740,EDGE0116,LOC059,2025-10-25T01:30:33,Moderate,51,70,52,Weather-related,93
TE07741,EDGE0090,LOC031,2026-05-03T16:31:11,Low,81,90,19,Rush Hour,34
TE07742,EDGE0101,LOC065,2024-08-02T00:27:14,Moderate,51,70,54,Rush Hour,97
TE07743,EDGE0323,LOC017,2024-06-28T13:15:14,Moderate,58,70,34,Rush Hour,61
TE07744,EDGE0238,LOC050,2025-11-11T08:03:57,Moderate,56,70,39,Event,70
TE07745,EDGE0172,LOC020,2024-07-02T07:04:52,Low,82,90,16,Accident,28
TE07746,EDGE0079,LOC035,2025-07-25T05:10:22,Severe,10,20,98,Construction,176
TE07747,EDGE0196,LOC035,2025-06-30T11:38:53,Moderate,57,70,35,Construction,63
TE07748,EDGE0217,LOC064,2024-10-27T19:37:56,Low,90,90,0,Event,0
TE07749,EDGE0367,LOC014,2025-06-17T00:39:03,High,29,45,71,Accident,127
TE07750,EDGE0288,LOC060,2025-11-09T02:49:30,Moderate,53,70,46,Weather-related,82
TE07751,EDGE0240,LOC001,2024-03-30T23:30:27,Low,84,90,12,Construction,21
TE07752,EDGE0179,LOC021,2025-01-04T23:37:44,Moderate,55,70,42,Accident,75
TE07753,EDGE0224,LOC027,2024-12-26T10:49:59,High,27,45,76,Construction,136
TE07754,EDGE0181,LOC011,2024-05-22T21:39:57,Moderate,52,70,50,Event,90
TE07755,EDGE0098,LOC042,2024-01-16T14:40:41,Moderate,58,70,34,Event,61
TE07756,EDGE0181,LOC006,2024-12-18T19:52:00,Severe,11,20,85,Accident,153
TE07757,EDGE0134,LOC003,2025-10-03T16:11:50,Moderate,51,70,53,Rush Hour,95
TE07758,EDGE0032,LOC013,2026-04-12T23:38:24,Moderate,58,70,34,Weather-related,61
TE07759,EDGE0354,LOC069,2026-06-01T10:23:14,High,29,45,71,Weather-related,127
TE07760,EDGE0048,LOC067,2024-03-12T02:47:29,Low,78,90,25,Event,45
TE07761,EDGE0119,LOC069,2024-01-24T03:27:30,Low,83,90,14,Weather-related,25
TE07762,EDGE0181,LOC002,2025-01-23T05:46:56,Moderate,56,70,40,Event,72
TE07763,EDGE0057,LOC049,2024-03-29T08:46:35,High,29,45,71,Rush Hour,127
TE07764,EDGE0290,LOC050,2024-04-29T00:17:25,High,28,45,75,Rush Hour,135
TE07765,EDGE0095,LOC065,2024-03-29T00:14:10,High,28,45,73,Event,131
TE07766,EDGE0114,LOC038,2024-07-15T20:18:39,Severe,10,20,92,Event,165
TE07767,EDGE0285,LOC064,2025-11-12T06:32:54,Moderate,51,70,54,Event,97
TE07768,EDGE0086,LOC069,2024-10-07T13:00:46,High,28,45,74,Weather-related,133
TE07769,EDGE0104,LOC074,2025-03-14T23:56:30,Low,82,90,17,Rush Hour,30
TE07770,EDGE0322,LOC014,2024-03-08T21:58:42,Moderate,54,70,44,Rush Hour,79
TE07771,EDGE0240,LOC053,2025-05-02T23:27:42,Moderate,57,70,36,Accident,64
TE07772,EDGE0102,LOC053,2025-06-27T04:32:52,Severe,11,20,85,Event,153
TE07773,EDGE0241,LOC016,2025-01-14T10:05:20,Moderate,53,70,47,Accident,84
TE07774,EDGE0318,LOC072,2025-03-30T05:56:11,Moderate,59,70,31,Construction,55
TE07775,EDGE0218,LOC020,2024-07-20T12:10:19,Low,78,90,26,Weather-related,46
TE07776,EDGE0340,LOC046,2025-09-09T23:45:15,Moderate,55,70,42,Accident,75
TE07777,EDGE0189,LOC006,2026-01-13T15:16:49,Low,86,90,7,Construction,12
TE07778,EDGE0030,LOC045,2024-07-09T02:31:16,Moderate,50,70,56,Construction,100
TE07779,EDGE0116,LOC011,2024-04-29T07:27:16,Moderate,53,70,48,Weather-related,86
TE07780,EDGE0277,LOC042,2024-04-28T15:34:24,Moderate,55,70,42,Weather-related,75
TE07781,EDGE0337,LOC051,2025-01-23T16:05:21,Moderate,49,70,59,Accident,106
TE07782,EDGE0322,LOC020,2026-04-24T12:35:57,High,29,45,69,Accident,124
TE07783,EDGE0314,LOC035,2024-11-15T19:03:10,Severe,11,20,84,Construction,151
TE07784,EDGE0059,LOC002,2026-02-07T20:17:59,Low,84,90,13,Construction,23
TE07785,EDGE0300,LOC052,2025-07-08T12:22:13,High,27,45,76,Accident,136
TE07786,EDGE0335,LOC020,2024-12-08T04:54:19,Moderate,51,70,52,Weather-related,93
TE07787,EDGE0233,LOC034,2025-11-20T00:26:17,Low,77,90,28,Accident,50
TE07788,EDGE0235,LOC036,2025-04-15T06:10:44,Low,86,90,8,Rush Hour,14
TE07789,EDGE0235,LOC033,2025-07-24T00:16:38,Severe,11,20,89,Accident,160
TE07790,EDGE0001,LOC030,2026-05-06T13:53:59,Severe,11,20,88,Event,158
TE07791,EDGE0191,LOC029,2025-03-30T16:01:42,Low,79,90,23,Construction,41
TE07792,EDGE0259,LOC049,2025-01-14T08:39:06,Low,87,90,5,Construction,9
TE07793,EDGE0118,LOC008,2026-03-29T10:10:29,Severe,11,20,83,Rush Hour,149
TE07794,EDGE0210,LOC056,2025-02-19T14:26:13,Low,85,90,10,Weather-related,18
TE07795,EDGE0274,LOC043,2025-05-10T07:55:23,Severe,11,20,81,Rush Hour,145
TE07796,EDGE0156,LOC013,2026-04-21T01:34:11,Low,81,90,20,Construction,36
TE07797,EDGE0045,LOC053,2026-02-21T01:48:18,Severe,10,20,98,Construction,176
TE07798,EDGE0192,LOC054,2024-06-11T03:30:01,Low,89,90,1,Rush Hour,1
TE07799,EDGE0215,LOC069,2024-03-24T21:10:26,Severe,10,20,95,Weather-related,171
TE07800,EDGE0342,LOC071,2025-06-22T11:30:22,Moderate,55,70,42,Accident,75
TE07801,EDGE0016,LOC063,2025-09-30T04:59:46,High,30,45,63,Event,113
TE07802,EDGE0127,LOC046,2026-01-25T07:08:12,Severe,10,20,94,Construction,169
TE07803,EDGE0215,LOC059,2025-03-10T15:05:52,Moderate,49,70,59,Construction,106
TE07804,EDGE0186,LOC039,2024-05-01T20:40:54,Severe,11,20,82,Event,147
TE07805,EDGE0011,LOC074,2024-11-12T05:04:40,Severe,10,20,92,Event,165
TE07806,EDGE0078,LOC062,2024-08-01T00:37:56,Low,78,90,26,Event,46
TE07807,EDGE0024,LOC065,2026-03-20T08:05:58,Moderate,52,70,51,Construction,91
TE07808,EDGE0221,LOC060,2024-12-24T03:00:08,Severe,11,20,82,Rush Hour,147
TE07809,EDGE0232,LOC062,2025-04-18T16:57:26,Severe,10,20,97,Accident,174
TE07810,EDGE0313,LOC050,2026-05-09T00:03:15,High,27,45,76,Event,136
TE07811,EDGE0220,LOC067,2024-11-23T10:03:41,Moderate,53,70,46,Rush Hour,82
TE07812,EDGE0255,LOC071,2024-07-09T16:22:44,High,27,45,76,Accident,136
TE07813,EDGE0085,LOC053,2025-08-01T11:42:17,High,27,45,79,Rush Hour,142
TE07814,EDGE0034,LOC031,2024-08-08T12:41:54,Low,88,90,3,Construction,5
TE07815,EDGE0203,LOC053,2024-02-25T17:14:37,Low,81,90,18,Accident,32
TE07816,EDGE0165,LOC061,2024-12-31T05:21:31,Low,86,90,8,Event,14
TE07817,EDGE0245,LOC037,2025-11-14T22:43:53,Moderate,50,70,57,Event,102
TE07818,EDGE0226,LOC045,2025-12-05T21:30:36,Moderate,50,70,57,Weather-related,102
TE07819,EDGE0316,LOC066,2024-06-26T11:07:30,Severe,10,20,99,Event,178
TE07820,EDGE0354,LOC033,2024-02-03T01:44:08,Low,86,90,7,Accident,12
TE07821,EDGE0339,LOC064,2026-02-14T00:37:09,Low,81,90,19,Rush Hour,34
TE07822,EDGE0107,LOC034,2024-02-22T10:31:18,Low,87,90,6,Accident,10
TE07823,EDGE0292,LOC039,2025-02-23T21:27:40,Low,90,90,0,Accident,0
TE07824,EDGE0222,LOC056,2025-03-07T19:22:23,Moderate,50,70,55,Rush Hour,99
TE07825,EDGE0180,LOC048,2025-08-19T19:08:38,Moderate,57,70,37,Weather-related,66
TE07826,EDGE0115,LOC032,2025-04-11T16:12:09,High,27,45,79,Accident,142
TE07827,EDGE0222,LOC050,2024-05-11T06:08:18,High,31,45,62,Event,111
TE07828,EDGE0088,LOC054,2024-04-02T18:31:28,Moderate,54,70,44,Accident,79
TE07829,EDGE0245,LOC069,2025-03-09T13:19:18,Moderate,53,70,46,Rush Hour,82
TE07830,EDGE0251,LOC036,2025-08-19T10:10:52,Moderate,54,70,44,Construction,79
TE07831,EDGE0007,LOC008,2026-02-08T12:15:58,Low,86,90,7,Event,12
TE07832,EDGE0163,LOC031,2024-01-30T06:43:19,High,27,45,79,Weather-related,142
TE07833,EDGE0341,LOC036,2025-08-17T07:55:16,High,28,45,73,Weather-related,131
TE07834,EDGE0250,LOC026,2025-08-20T13:17:07,Moderate,52,70,50,Event,90
TE07835,EDGE0102,LOC069,2025-11-20T18:15:20,Moderate,50,70,57,Accident,102
TE07836,EDGE0021,LOC020,2024-03-09T23:55:54,Severe,11,20,90,Weather-related,162
TE07837,EDGE0328,LOC073,2024-12-14T16:02:41,Moderate,57,70,37,Rush Hour,66
TE07838,EDGE0217,LOC068,2024-11-15T14:10:29,Moderate,52,70,49,Accident,88
TE07839,EDGE0241,LOC063,2025-08-12T06:20:05,Low,88,90,3,Rush Hour,5
TE07840,EDGE0021,LOC074,2024-10-13T11:55:45,High,29,45,70,Event,126
TE07841,EDGE0307,LOC008,2025-10-31T16:00:44,High,28,45,72,Event,129
TE07842,EDGE0308,LOC016,2026-04-07T04:44:18,Moderate,56,70,39,Rush Hour,70
TE07843,EDGE0338,LOC005,2024-03-22T04:22:51,Moderate,56,70,39,Accident,70
TE07844,EDGE0075,LOC035,2025-04-19T00:44:41,Moderate,54,70,44,Weather-related,79
TE07845,EDGE0056,LOC021,2024-02-18T15:10:33,High,30,45,66,Construction,118
TE07846,EDGE0334,LOC043,2026-04-21T06:24:58,Moderate,58,70,32,Construction,57
TE07847,EDGE0002,LOC015,2025-06-24T07:05:34,Low,87,90,6,Rush Hour,10
TE07848,EDGE0089,LOC047,2024-02-10T09:03:20,Severe,10,20,93,Rush Hour,167
TE07849,EDGE0013,LOC053,2025-06-06T07:07:35,High,29,45,69,Rush Hour,124
TE07850,EDGE0045,LOC036,2025-02-11T19:55:47,Low,86,90,8,Accident,14
TE07851,EDGE0333,LOC020,2024-12-02T09:21:03,Low,88,90,3,Accident,5
TE07852,EDGE0009,LOC069,2024-02-12T11:30:02,Moderate,53,70,47,Weather-related,84
TE07853,EDGE0105,LOC029,2025-06-13T15:19:40,Low,83,90,14,Construction,25
TE07854,EDGE0175,LOC063,2025-11-05T07:31:35,Low,80,90,21,Event,37
TE07855,EDGE0071,LOC058,2025-10-26T04:11:20,Low,89,90,2,Rush Hour,3
TE07856,EDGE0097,LOC016,2024-03-29T17:32:07,High,28,45,75,Weather-related,135
TE07857,EDGE0228,LOC029,2024-06-18T15:39:05,Moderate,49,70,59,Accident,106
TE07858,EDGE0329,LOC056,2026-05-09T12:18:05,Low,84,90,13,Event,23
TE07859,EDGE0364,LOC036,2025-08-25T21:48:37,Low,76,90,30,Rush Hour,54
TE07860,EDGE0060,LOC064,2025-03-22T11:44:14,Low,76,90,30,Accident,54
TE07861,EDGE0251,LOC068,2026-04-10T17:20:57,High,28,45,75,Weather-related,135
TE07862,EDGE0346,LOC033,2025-12-21T00:37:37,Moderate,57,70,35,Construction,63
TE07863,EDGE0030,LOC060,2025-10-20T09:42:53,Low,84,90,13,Event,23
TE07864,EDGE0053,LOC025,2026-06-08T12:10:13,Moderate,55,70,41,Rush Hour,73
TE07865,EDGE0350,LOC022,2026-06-01T19:52:24,Low,76,90,29,Event,52
TE07866,EDGE0166,LOC004,2026-03-17T02:28:25,Low,80,90,21,Event,37
TE07867,EDGE0199,LOC009,2025-02-08T01:15:26,Moderate,53,70,48,Accident,86
TE07868,EDGE0325,LOC016,2024-09-09T12:15:39,High,28,45,74,Accident,133
TE07869,EDGE0122,LOC003,2025-08-15T07:33:36,Low,80,90,22,Event,39
TE07870,EDGE0085,LOC040,2025-12-26T23:25:02,High,30,45,63,Weather-related,113
TE07871,EDGE0104,LOC024,2025-01-05T01:44:34,Moderate,58,70,32,Event,57
TE07872,EDGE0354,LOC040,2024-07-23T20:34:15,Severe,11,20,85,Weather-related,153
TE07873,EDGE0012,LOC025,2024-01-24T14:04:43,Severe,11,20,82,Rush Hour,147
TE07874,EDGE0089,LOC070,2025-03-12T01:15:33,Low,86,90,8,Construction,14
TE07875,EDGE0138,LOC074,2025-03-02T06:06:21,Low,89,90,2,Accident,3
TE07876,EDGE0081,LOC070,2024-05-12T21:02:43,Severe,11,20,89,Weather-related,160
TE07877,EDGE0145,LOC031,2025-01-23T06:09:47,Low,78,90,26,Weather-related,46
TE07878,EDGE0369,LOC059,2026-04-23T05:13:14,High,27,45,78,Weather-related,140
TE07879,EDGE0057,LOC049,2025-04-04T13:09:08,Severe,11,20,82,Accident,147
TE07880,EDGE0339,LOC030,2025-06-08T08:07:05,Low,89,90,1,Rush Hour,1
TE07881,EDGE0245,LOC053,2026-06-06T03:30:13,High,30,45,66,Accident,118
TE07882,EDGE0346,LOC014,2025-09-04T23:47:57,Severe,11,20,82,Construction,147
TE07883,EDGE0351,LOC035,2024-02-29T23:20:37,Severe,10,20,92,Accident,165
TE07884,EDGE0318,LOC070,2025-03-02T01:31:20,Moderate,50,70,55,Accident,99
TE07885,EDGE0197,LOC037,2025-07-15T20:57:43,High,30,45,66,Construction,118
TE07886,EDGE0109,LOC028,2025-02-21T11:37:38,Severe,10,20,93,Event,167
TE07887,EDGE0198,LOC044,2025-01-24T03:48:42,Moderate,50,70,57,Accident,102
TE07888,EDGE0213,LOC053,2024-01-20T04:02:08,Severe,10,20,91,Accident,163
TE07889,EDGE0075,LOC055,2024-07-12T02:28:44,Moderate,50,70,56,Accident,100
TE07890,EDGE0221,LOC030,2025-04-21T17:52:50,Moderate,52,70,49,Weather-related,88
TE07891,EDGE0071,LOC036,2026-06-02T01:01:09,High,30,45,64,Accident,115
TE07892,EDGE0073,LOC028,2025-05-13T15:21:06,Moderate,59,70,31,Weather-related,55
TE07893,EDGE0085,LOC037,2025-02-14T21:55:43,Moderate,53,70,47,Construction,84
TE07894,EDGE0353,LOC006,2024-10-04T17:33:55,Severe,11,20,86,Event,154
TE07895,EDGE0315,LOC054,2025-11-20T10:23:13,Severe,11,20,82,Event,147
TE07896,EDGE0320,LOC042,2025-12-19T19:36:40,Severe,11,20,81,Accident,145
TE07897,EDGE0093,LOC062,2024-01-27T19:44:55,Moderate,58,70,34,Construction,61
TE07898,EDGE0055,LOC028,2025-11-14T09:00:24,Low,83,90,14,Construction,25
TE07899,EDGE0004,LOC028,2024-01-14T18:43:25,Low,88,90,4,Rush Hour,7
TE07900,EDGE0170,LOC042,2025-12-25T14:07:30,Low,77,90,28,Accident,50
TE07901,EDGE0264,LOC017,2024-02-27T11:36:00,High,27,45,80,Event,144
TE07902,EDGE0198,LOC007,2025-07-11T06:11:13,Moderate,56,70,39,Accident,70
TE07903,EDGE0258,LOC012,2026-01-15T23:26:54,High,27,45,80,Event,144
TE07904,EDGE0328,LOC016,2026-05-14T15:51:56,Moderate,51,70,54,Construction,97
TE07905,EDGE0342,LOC040,2024-12-04T09:45:25,Severe,11,20,86,Rush Hour,154
TE07906,EDGE0241,LOC056,2025-09-26T18:07:05,Low,78,90,25,Event,45
TE07907,EDGE0013,LOC008,2024-04-01T00:12:03,Severe,10,20,100,Rush Hour,180
TE07908,EDGE0006,LOC023,2026-06-19T07:56:51,Low,82,90,17,Weather-related,30
TE07909,EDGE0125,LOC015,2024-05-03T13:43:23,Severe,10,20,100,Accident,180
TE07910,EDGE0005,LOC046,2025-03-05T10:38:29,High,31,45,61,Rush Hour,109
TE07911,EDGE0051,LOC009,2026-05-06T15:28:00,Moderate,53,70,48,Construction,86
TE07912,EDGE0179,LOC001,2025-05-02T19:45:27,Severe,10,20,98,Construction,176
TE07913,EDGE0306,LOC009,2024-04-09T11:42:51,Moderate,51,70,54,Event,97
TE07914,EDGE0274,LOC020,2025-11-15T04:46:31,Moderate,56,70,40,Construction,72
TE07915,EDGE0310,LOC030,2024-10-06T07:34:32,Low,85,90,9,Weather-related,16
TE07916,EDGE0211,LOC019,2025-02-04T19:11:47,Moderate,54,70,44,Construction,79
TE07917,EDGE0180,LOC030,2025-03-04T23:24:26,Low,85,90,11,Weather-related,19
TE07918,EDGE0211,LOC030,2025-02-07T04:22:56,High,27,45,77,Event,138
TE07919,EDGE0212,LOC019,2026-02-07T20:17:16,High,30,45,65,Event,117
TE07920,EDGE0343,LOC020,2024-07-16T15:11:52,Moderate,54,70,44,Weather-related,79
TE07921,EDGE0100,LOC011,2024-12-19T06:47:30,Severe,10,20,92,Construction,165
TE07922,EDGE0327,LOC059,2024-09-28T01:39:25,Severe,10,20,96,Event,172
TE07923,EDGE0350,LOC069,2024-08-16T04:53:43,Moderate,56,70,40,Accident,72
TE07924,EDGE0182,LOC053,2024-03-18T00:27:51,Severe,10,20,95,Accident,171
TE07925,EDGE0073,LOC072,2024-12-27T10:39:28,High,30,45,64,Rush Hour,115
TE07926,EDGE0202,LOC034,2024-06-26T18:52:37,Low,86,90,7,Event,12
TE07927,EDGE0198,LOC068,2024-02-29T19:27:01,High,27,45,76,Weather-related,136
TE07928,EDGE0123,LOC045,2024-10-13T05:32:33,Low,80,90,21,Rush Hour,37
TE07929,EDGE0158,LOC043,2026-02-26T03:51:37,High,29,45,68,Rush Hour,122
TE07930,EDGE0098,LOC026,2025-11-14T23:54:17,Moderate,56,70,40,Rush Hour,72
TE07931,EDGE0106,LOC063,2026-06-19T19:53:34,Low,76,90,30,Accident,54
TE07932,EDGE0204,LOC043,2025-05-07T23:05:07,Severe,10,20,96,Weather-related,172
TE07933,EDGE0288,LOC011,2024-03-06T04:13:03,Moderate,55,70,41,Accident,73
TE07934,EDGE0059,LOC050,2026-05-09T16:32:07,Low,88,90,3,Accident,5
TE07935,EDGE0259,LOC041,2024-12-20T02:40:56,High,29,45,71,Event,127
TE07936,EDGE0219,LOC062,2024-04-04T11:16:04,Moderate,58,70,32,Rush Hour,57
TE07937,EDGE0311,LOC075,2025-02-06T10:15:39,Moderate,53,70,48,Rush Hour,86
TE07938,EDGE0263,LOC067,2025-02-03T22:14:53,Moderate,51,70,53,Event,95
TE07939,EDGE0084,LOC010,2024-01-26T00:55:44,Low,78,90,25,Accident,45
TE07940,EDGE0319,LOC020,2025-07-02T21:17:06,High,28,45,73,Event,131
TE07941,EDGE0105,LOC067,2026-04-19T13:06:50,Moderate,57,70,35,Weather-related,63
TE07942,EDGE0246,LOC045,2024-03-10T11:46:10,High,28,45,75,Construction,135
TE07943,EDGE0292,LOC004,2024-12-30T14:07:59,Moderate,59,70,31,Weather-related,55
TE07944,EDGE0324,LOC034,2025-06-27T06:51:59,Low,85,90,10,Event,18
TE07945,EDGE0310,LOC031,2024-06-18T13:54:34,Moderate,57,70,37,Accident,66
TE07946,EDGE0281,LOC043,2024-04-30T08:37:54,Moderate,52,70,51,Weather-related,91
TE07947,EDGE0111,LOC063,2026-02-26T12:00:58,Moderate,52,70,50,Accident,90
TE07948,EDGE0342,LOC074,2025-11-20T10:32:10,Severe,10,20,91,Accident,163
TE07949,EDGE0133,LOC029,2024-06-24T19:45:06,High,30,45,63,Rush Hour,113
TE07950,EDGE0261,LOC012,2026-03-04T20:47:06,Moderate,52,70,49,Rush Hour,88
TE07951,EDGE0198,LOC059,2024-04-30T07:33:13,Low,77,90,27,Accident,48
TE07952,EDGE0017,LOC072,2025-01-03T03:12:24,Low,85,90,11,Construction,19
TE07953,EDGE0334,LOC056,2024-11-12T23:14:02,Low,90,90,0,Construction,0
TE07954,EDGE0269,LOC066,2025-05-21T02:17:45,Severe,10,20,92,Event,165
TE07955,EDGE0141,LOC023,2026-06-05T00:46:54,Low,81,90,19,Accident,34
TE07956,EDGE0074,LOC018,2025-07-30T21:16:49,Moderate,56,70,39,Weather-related,70
TE07957,EDGE0120,LOC030,2025-10-08T04:28:24,Moderate,51,70,54,Weather-related,97
TE07958,EDGE0039,LOC021,2024-04-20T21:43:49,Severe,10,20,94,Construction,169
TE07959,EDGE0284,LOC020,2025-10-24T12:09:09,Low,83,90,15,Rush Hour,27
TE07960,EDGE0338,LOC033,2025-03-15T18:09:05,Low,76,90,30,Accident,54
TE07961,EDGE0091,LOC029,2024-08-10T06:23:23,Severe,10,20,99,Accident,178
TE07962,EDGE0190,LOC017,2024-02-08T08:40:53,Severe,11,20,89,Event,160
TE07963,EDGE0365,LOC057,2025-05-22T06:18:49,Severe,11,20,86,Construction,154
TE07964,EDGE0248,LOC069,2025-07-13T16:28:15,Low,84,90,12,Rush Hour,21
TE07965,EDGE0274,LOC063,2025-06-04T09:10:30,Severe,10,20,95,Weather-related,171
TE07966,EDGE0173,LOC065,2025-09-26T00:28:14,Moderate,56,70,40,Accident,72
TE07967,EDGE0058,LOC034,2025-08-05T02:24:37,Moderate,54,70,44,Construction,79
TE07968,EDGE0235,LOC067,2026-01-01T04:24:35,Moderate,53,70,47,Weather-related,84
TE07969,EDGE0276,LOC040,2025-04-01T19:27:52,High,27,45,76,Construction,136
TE07970,EDGE0032,LOC016,2024-02-18T09:37:56,High,29,45,70,Accident,126
TE07971,EDGE0132,LOC039,2024-09-06T00:53:42,Low,76,90,29,Weather-related,52
TE07972,EDGE0093,LOC064,2025-07-26T03:17:26,Moderate,57,70,36,Construction,64
TE07973,EDGE0044,LOC025,2024-03-10T07:12:10,Moderate,56,70,38,Rush Hour,68
TE07974,EDGE0043,LOC015,2025-03-27T20:31:03,Moderate,56,70,40,Construction,72
TE07975,EDGE0123,LOC060,2024-08-21T02:45:48,High,29,45,69,Rush Hour,124
TE07976,EDGE0287,LOC044,2024-02-09T16:01:28,High,28,45,72,Event,129
TE07977,EDGE0206,LOC004,2024-06-14T00:37:11,High,28,45,74,Accident,133
TE07978,EDGE0349,LOC038,2024-11-24T12:31:57,Moderate,49,70,59,Rush Hour,106
TE07979,EDGE0090,LOC019,2025-05-01T09:25:44,High,27,45,79,Event,142
TE07980,EDGE0133,LOC042,2026-03-04T11:51:37,Severe,11,20,86,Weather-related,154
TE07981,EDGE0359,LOC029,2026-02-28T10:24:29,Low,86,90,8,Construction,14
TE07982,EDGE0281,LOC016,2026-06-22T07:23:16,Low,76,90,29,Event,52
TE07983,EDGE0225,LOC035,2025-06-18T11:12:57,High,30,45,65,Accident,117
TE07984,EDGE0199,LOC027,2024-11-29T18:53:11,Low,79,90,24,Construction,43
TE07985,EDGE0072,LOC044,2025-08-11T12:10:02,High,29,45,67,Construction,120
TE07986,EDGE0026,LOC021,2026-06-24T04:07:04,High,28,45,75,Construction,135
TE07987,EDGE0046,LOC019,2024-02-20T15:23:54,Low,82,90,16,Weather-related,28
TE07988,EDGE0153,LOC032,2024-08-21T03:11:23,Moderate,50,70,57,Rush Hour,102
TE07989,EDGE0096,LOC069,2025-08-15T00:03:08,High,28,45,74,Rush Hour,133
TE07990,EDGE0324,LOC053,2024-05-01T20:38:25,Low,84,90,13,Rush Hour,23
TE07991,EDGE0270,LOC005,2024-04-30T02:22:45,Low,80,90,22,Event,39
TE07992,EDGE0153,LOC012,2024-12-14T20:59:12,Moderate,51,70,52,Weather-related,93
TE07993,EDGE0161,LOC011,2026-05-28T07:43:43,Severe,10,20,98,Event,176
TE07994,EDGE0044,LOC039,2026-02-21T03:41:13,Low,79,90,23,Weather-related,41
TE07995,EDGE0135,LOC027,2026-06-11T08:38:50,Severe,11,20,85,Rush Hour,153
TE07996,EDGE0371,LOC072,2026-05-01T15:36:31,Moderate,51,70,54,Weather-related,97
TE07997,EDGE0200,LOC018,2025-10-11T11:09:23,Low,84,90,12,Construction,21
TE07998,EDGE0186,LOC029,2026-04-17T06:09:37,Low,84,90,13,Event,23
TE07999,EDGE0061,LOC049,2024-07-07T08:14:35,High,28,45,73,Event,131
TE08000,EDGE0128,LOC049,2026-03-30T20:11:04,Low,83,90,15,Weather-related,27
