transport_id,flight_number,origin_location_id,destination_location_id,scheduled_departure,actual_departure,scheduled_arrival,actual_arrival,delay_minutes,status,weather_impact,airport_congestion
TR00001,UA3285,LOC019,LOC018,2024-04-14T16:11:12,2024-04-14T16:11:12,2024-04-15T00:00:28.973980,2024-04-15T00:00:28.973980,0,COMPLETED,0.73,0.35
TR00002,UA2950,LOC058,LOC061,2024-06-06T16:34:42,2024-06-06T17:57:42,2024-06-06T19:18:17.564421,2024-06-06T20:41:17.564421,83,DELAYED,0.26,0.02
TR00003,UA1715,LOC008,LOC014,2025-02-21T22:41:31,2025-02-21T22:41:31,2025-02-22T01:42:30.409505,2025-02-22T01:42:30.409505,0,BOARDING,0.7,0.51
TR00004,UA9914,LOC012,LOC072,2024-10-04T15:33:34,2024-10-04T19:18:34,2024-10-04T21:25:52.096273,2024-10-05T01:10:52.096273,225,DELAYED,0.55,0.94
TR00005,UA796,LOC016,LOC036,2026-04-09T11:13:22,2026-04-09T11:13:22,2026-04-09T18:24:33.778088,2026-04-09T18:24:33.778088,0,BOARDING,0.66,0.94
TR00006,UA1430,LOC016,LOC055,2024-07-11T20:10:23,2024-07-11T20:10:23,2024-07-11T22:14:10.495010,2024-07-11T22:14:10.495010,0,COMPLETED,0.11,0.08
TR00007,UA2378,LOC058,LOC022,2025-12-19T12:38:02,2025-12-19T12:38:02,2025-12-19T20:33:35.320569,2025-12-19T20:33:35.320569,0,ON_TIME,0.83,0.3
TR00008,UA3682,LOC065,LOC036,2026-05-09T17:41:18,2026-05-09T21:52:18,2026-05-10T01:01:00.100547,2026-05-10T05:12:00.100547,251,DELAYED,0.92,0.42
TR00009,UA2876,LOC072,LOC012,2025-07-27T02:43:45,2025-07-27T07:36:45,2025-07-27T04:10:13.576045,2025-07-27T09:03:13.576045,293,DELAYED,0.13,0.64
TR00010,UA7454,LOC022,LOC035,2024-10-04T22:46:10,2024-10-04T22:46:10,2024-10-05T03:27:58.947776,2024-10-05T03:27:58.947776,0,COMPLETED,0.61,0.53
TR00011,UA922,LOC065,LOC022,2024-08-25T05:45:44,2024-08-25T06:59:44,2024-08-25T11:26:54.728027,2024-08-25T12:40:54.728027,74,DELAYED,0.47,0.01
TR00012,UA1247,LOC013,LOC050,2026-04-09T00:11:15,2026-04-09T03:59:15,2026-04-09T04:58:49.312016,2026-04-09T08:46:49.312016,228,DELAYED,0.68,0.2
TR00013,UA9360,LOC024,LOC050,2024-10-17T04:39:32,2024-10-17T09:31:32,2024-10-17T10:17:07.042655,2024-10-17T15:09:07.042655,292,DELAYED,0.55,0.8
TR00014,UA1015,LOC058,LOC038,2025-01-16T14:22:00,2025-01-16T18:52:00,2025-01-16T22:02:26.469608,2025-01-17T02:32:26.469608,270,DELAYED,0.35,0.06
TR00015,UA8279,LOC017,LOC022,2024-01-14T14:05:34,2024-01-14T14:05:34,2024-01-14T16:27:27.908285,2024-01-14T16:27:27.908285,0,COMPLETED,0.32,0.98
TR00016,UA7896,LOC068,LOC038,2025-05-20T14:41:38,2025-05-20T14:41:38,2025-05-20T16:12:58.552956,2025-05-20T16:12:58.552956,0,COMPLETED,0.4,0.3
TR00017,UA5181,LOC058,LOC036,2024-09-23T20:57:53,2024-09-23T20:57:53,2024-09-24T00:58:57.649896,2024-09-24T00:58:57.649896,0,BOARDING,0.31,0.96
TR00018,UA2006,LOC072,LOC050,2025-02-27T01:28:33,2025-02-27T01:28:33,2025-02-27T03:39:56.276520,2025-02-27T03:39:56.276520,0,COMPLETED,0.53,0.73
TR00019,UA7616,LOC035,LOC058,2026-03-08T07:11:39,2026-03-08T07:11:39,2026-03-08T13:40:41.860512,2026-03-08T13:40:41.860512,0,IN_TRANSIT,0.14,0.59
TR00020,UA2209,LOC050,LOC028,2024-02-02T04:25:17,2024-02-02T07:31:17,2024-02-02T07:53:04.054676,2024-02-02T10:59:04.054676,186,DELAYED,0.33,0.63
TR00021,UA6746,LOC072,LOC038,2026-02-17T03:23:36,2026-02-17T03:23:36,2026-02-17T08:13:27.780472,2026-02-17T08:13:27.780472,0,IN_TRANSIT,0.61,0.68
TR00022,UA6195,LOC061,LOC014,2026-02-22T17:29:11,2026-02-22T17:29:11,2026-02-23T00:25:38.701219,2026-02-23T00:25:38.701219,0,ON_TIME,0.08,0.47
TR00023,UA2429,LOC052,LOC024,2024-03-29T07:31:27,2024-03-29T07:31:27,2024-03-29T15:06:38.603462,2024-03-29T15:06:38.603462,0,BOARDING,0.52,0.66
TR00024,UA4360,LOC068,LOC055,2025-09-03T18:08:23,2025-09-03T20:05:23,2025-09-03T20:20:30.716049,2025-09-03T22:17:30.716049,117,DELAYED,0.01,0.97
TR00025,UA7086,LOC068,LOC012,2024-07-28T15:16:02,2024-07-28T15:16:02,2024-07-28T20:37:43.528081,2024-07-28T20:37:43.528081,0,BOARDING,0.26,0.83
TR00026,UA7028,LOC022,LOC050,2024-09-16T10:15:30,2024-09-16T10:15:30,2024-09-16T15:53:09.219257,2024-09-16T15:53:09.219257,0,BOARDING,0.79,0.51
TR00027,UA6610,LOC031,LOC014,2024-03-16T02:24:44,2024-03-16T02:57:44,2024-03-16T07:22:18.428110,2024-03-16T07:55:18.428110,33,DELAYED,0.49,0.94
TR00028,UA1445,LOC036,LOC061,2025-12-29T16:04:52,2025-12-29T16:04:52,2025-12-29T19:52:00.850182,2025-12-29T19:52:00.850182,0,IN_TRANSIT,0.38,0.29
TR00029,UA2850,LOC061,LOC068,2024-08-30T04:43:26,2024-08-30T08:22:26,2024-08-30T07:42:44.327654,2024-08-30T11:21:44.327654,219,DELAYED,0.8,0.41
TR00030,UA5784,LOC068,LOC058,2024-07-24T12:09:55,2024-07-24T12:09:55,2024-07-24T13:39:43.214694,2024-07-24T13:39:43.214694,0,ON_TIME,0.2,0.17
TR00031,UA895,LOC036,LOC050,2025-01-10T19:38:19,2025-01-10T20:17:19,2025-01-11T03:34:42.864287,2025-01-11T04:13:42.864287,39,DELAYED,0.45,0.16
TR00032,UA5957,LOC008,LOC016,2025-07-24T09:52:01,2025-07-24T09:52:01,2025-07-24T15:01:20.385323,2025-07-24T15:01:20.385323,0,IN_TRANSIT,0.88,0.58
TR00033,UA9159,LOC058,LOC065,2026-06-10T11:13:09,2026-06-10T14:03:09,2026-06-10T19:00:18.409355,2026-06-10T21:50:18.409355,170,DELAYED,0.87,0.33
TR00034,UA9273,LOC024,LOC035,2025-03-09T20:12:11,2025-03-09T20:12:11,2025-03-10T00:28:16.364892,2025-03-10T00:28:16.364892,0,IN_TRANSIT,0.3,0.0
TR00035,UA3140,LOC065,LOC055,2025-12-19T07:42:57,2025-12-19T10:17:57,2025-12-19T13:41:13.256125,2025-12-19T16:16:13.256125,155,DELAYED,0.82,0.59
TR00036,UA678,LOC022,LOC055,2025-01-16T19:40:30,2025-01-16T21:23:30,2025-01-16T20:59:07.526273,2025-01-16T22:42:07.526273,103,DELAYED,0.89,0.63
TR00037,UA3582,LOC065,LOC013,2025-12-07T17:32:51,2025-12-07T17:32:51,2025-12-08T01:00:41.020188,2025-12-08T01:00:41.020188,0,BOARDING,0.82,1.0
TR00038,UA612,LOC035,LOC014,2024-09-29T01:52:44,2024-09-29T03:06:44,2024-09-29T08:24:08.649677,2024-09-29T09:38:08.649677,74,DELAYED,0.4,0.39
TR00039,UA186,LOC036,LOC050,2024-06-19T16:28:51,2024-06-19T17:11:51,2024-06-19T20:04:24.164325,2024-06-19T20:47:24.164325,43,DELAYED,0.23,0.33
TR00040,UA4779,LOC024,LOC072,2025-01-20T14:07:06,2025-01-20T14:07:06,2025-01-20T20:54:55.141386,2025-01-20T20:54:55.141386,0,IN_TRANSIT,0.95,0.3
TR00041,UA203,LOC055,LOC031,2024-09-08T19:02:15,2024-09-08T19:02:15,2024-09-08T23:18:25.262233,2024-09-08T23:18:25.262233,0,BOARDING,0.61,0.0
TR00042,UA763,LOC017,LOC014,2024-03-06T16:04:18,2024-03-06T16:04:18,2024-03-06T22:44:17.854663,2024-03-06T22:44:17.854663,0,IN_TRANSIT,0.62,0.47
TR00043,UA3204,LOC018,LOC014,2024-04-14T04:42:03,2024-04-14T04:42:03,2024-04-14T11:06:28.414068,2024-04-14T11:06:28.414068,0,COMPLETED,0.97,0.92
TR00044,UA6671,LOC065,LOC028,2025-08-09T07:25:39,2025-08-09T08:23:39,2025-08-09T12:44:24.067114,2025-08-09T13:42:24.067114,58,DELAYED,0.52,0.56
TR00045,UA5438,LOC068,LOC055,2024-07-30T02:52:40,2024-07-30T02:52:40,2024-07-30T05:37:37.550105,2024-07-30T05:37:37.550105,0,ON_TIME,0.09,0.14
TR00046,UA6250,LOC068,LOC052,2024-01-01T21:22:39,2024-01-01T21:22:39,2024-01-02T00:24:17.684519,2024-01-02T00:24:17.684519,0,BOARDING,0.73,0.51
TR00047,UA1846,LOC031,LOC065,2025-03-22T03:41:06,2025-03-22T03:41:06,2025-03-22T08:45:36.043566,2025-03-22T08:45:36.043566,0,BOARDING,0.02,0.05
TR00048,UA6325,LOC008,LOC031,2025-12-16T18:51:05,2025-12-16T18:51:05,2025-12-16T21:12:39.142930,2025-12-16T21:12:39.142930,0,BOARDING,0.71,0.74
TR00049,UA6534,LOC065,LOC055,2026-04-01T14:33:43,2026-04-01T14:33:43,2026-04-01T22:21:31.775879,2026-04-01T22:21:31.775879,0,ON_TIME,0.22,0.84
TR00050,UA2544,LOC036,LOC019,2026-01-31T02:54:10,2026-01-31T02:54:10,2026-01-31T04:21:41.610455,2026-01-31T04:21:41.610455,0,IN_TRANSIT,0.02,0.38
TR00051,UA1466,LOC028,LOC035,2025-09-05T15:17:53,2025-09-05T15:17:53,2025-09-05T22:35:15.027898,2025-09-05T22:35:15.027898,0,COMPLETED,0.64,0.75
TR00052,UA6280,LOC012,LOC028,2026-05-04T21:15:29,2026-05-04T21:15:29,2026-05-05T00:27:23.331587,2026-05-05T00:27:23.331587,0,COMPLETED,0.78,0.78
TR00053,UA3795,LOC008,LOC035,2026-04-21T03:25:32,2026-04-21T05:13:32,2026-04-21T09:46:21.251342,2026-04-21T11:34:21.251342,108,DELAYED,0.51,0.22
TR00054,UA5186,LOC028,LOC065,2025-09-19T10:25:33,2025-09-19T10:25:33,2025-09-19T12:42:49.312694,2025-09-19T12:42:49.312694,0,IN_TRANSIT,0.5,0.54
TR00055,UA8198,LOC050,LOC058,2026-03-26T15:18:43,2026-03-26T17:34:43,2026-03-26T22:08:42.099421,2026-03-27T00:24:42.099421,136,DELAYED,0.86,0.75
TR00056,UA8315,LOC024,LOC019,2025-12-25T20:51:44,2025-12-25T22:43:44,2025-12-26T01:50:21.620284,2025-12-26T03:42:21.620284,112,DELAYED,0.92,0.44
TR00057,UA3166,LOC008,LOC028,2026-03-18T06:11:07,2026-03-18T11:06:07,2026-03-18T10:29:24.600959,2026-03-18T15:24:24.600959,295,DELAYED,0.92,0.61
TR00058,UA4699,LOC017,LOC018,2025-07-03T19:40:16,2025-07-03T19:40:16,2025-07-03T23:27:36.331925,2025-07-03T23:27:36.331925,0,COMPLETED,0.75,0.4
TR00059,UA9436,LOC036,LOC038,2026-06-16T01:42:43,2026-06-16T01:42:43,2026-06-16T04:37:17.908657,2026-06-16T04:37:17.908657,0,ON_TIME,0.39,0.58
TR00060,UA9217,LOC008,LOC024,2025-09-21T10:53:57,2025-09-21T10:53:57,2025-09-21T13:07:32.402715,2025-09-21T13:07:32.402715,0,COMPLETED,0.58,0.18
TR00061,UA9542,LOC024,LOC036,2025-01-25T13:58:58,2025-01-25T16:02:58,2025-01-25T15:10:27.316677,2025-01-25T17:14:27.316677,124,DELAYED,0.56,0.08
TR00062,UA5879,LOC031,LOC055,2026-03-24T04:23:29,2026-03-24T05:38:29,2026-03-24T10:53:12.291217,2026-03-24T12:08:12.291217,75,DELAYED,0.72,0.78
TR00063,UA8014,LOC024,LOC014,2025-09-25T07:20:54,2025-09-25T07:20:54,2025-09-25T10:23:47.724597,2025-09-25T10:23:47.724597,0,IN_TRANSIT,0.14,0.34
TR00064,UA2395,LOC013,LOC024,2024-09-16T06:18:58,2024-09-16T09:44:58,2024-09-16T09:41:35.518593,2024-09-16T13:07:35.518593,206,DELAYED,0.56,0.18
TR00065,UA4985,LOC014,LOC022,2026-02-20T14:53:11,2026-02-20T14:53:11,2026-02-20T15:57:00.189587,2026-02-20T15:57:00.189587,0,IN_TRANSIT,0.24,0.38
TR00066,UA9153,LOC022,LOC055,2026-02-15T07:09:42,2026-02-15T09:03:42,2026-02-15T09:27:53.185742,2026-02-15T11:21:53.185742,114,DELAYED,0.77,0.39
TR00067,UA3025,LOC014,LOC065,2024-07-15T02:33:44,2024-07-15T06:03:44,2024-07-15T07:20:50.631323,2024-07-15T10:50:50.631323,210,DELAYED,0.7,0.55
TR00068,UA2320,LOC058,LOC055,2024-02-26T13:42:43,2024-02-26T17:20:43,2024-02-26T16:47:08.983121,2024-02-26T20:25:08.983121,218,DELAYED,0.12,0.16
TR00069,UA6396,LOC058,LOC022,2024-11-17T09:31:50,2024-11-17T09:31:50,2024-11-17T13:38:07.440041,2024-11-17T13:38:07.440041,0,ON_TIME,0.87,0.5
TR00070,UA7530,LOC036,LOC065,2024-04-24T01:11:12,2024-04-24T01:11:12,2024-04-24T07:44:36.142992,2024-04-24T07:44:36.142992,0,IN_TRANSIT,0.11,0.4
TR00071,UA5685,LOC065,LOC068,2025-07-24T21:26:24,2025-07-24T21:26:24,2025-07-25T02:33:15.496352,2025-07-25T02:33:15.496352,0,COMPLETED,0.31,0.74
TR00072,UA330,LOC052,LOC050,2025-04-08T14:43:51,2025-04-08T14:43:51,2025-04-08T22:05:42.095989,2025-04-08T22:05:42.095989,0,COMPLETED,0.1,0.24
TR00073,UA4772,LOC052,LOC008,2024-06-28T11:30:05,2024-06-28T11:30:05,2024-06-28T18:16:38.205507,2024-06-28T18:16:38.205507,0,IN_TRANSIT,0.94,0.29
TR00074,UA8587,LOC036,LOC068,2025-10-02T15:52:16,2025-10-02T15:52:16,2025-10-02T19:35:51.231445,2025-10-02T19:35:51.231445,0,IN_TRANSIT,0.3,0.14
TR00075,UA2698,LOC035,LOC022,2025-08-17T07:19:42,2025-08-17T07:19:42,2025-08-17T10:24:59.819619,2025-08-17T10:24:59.819619,0,BOARDING,0.86,0.61
TR00076,UA4864,LOC016,LOC061,2025-08-07T00:12:59,2025-08-07T00:12:59,2025-08-07T02:25:26.960116,2025-08-07T02:25:26.960116,0,ON_TIME,0.66,0.45
TR00077,UA3269,LOC052,LOC022,2025-04-10T06:50:20,2025-04-10T09:24:20,2025-04-10T08:51:15.931368,2025-04-10T11:25:15.931368,154,DELAYED,0.47,0.99
TR00078,UA7559,LOC008,LOC065,2025-08-03T09:41:26,2025-08-03T09:41:26,2025-08-03T11:09:45.372644,2025-08-03T11:09:45.372644,0,COMPLETED,0.55,0.7
TR00079,UA670,LOC016,LOC038,2024-02-07T02:09:22,2024-02-07T05:39:22,2024-02-07T09:29:03.812067,2024-02-07T12:59:03.812067,210,DELAYED,0.96,0.76
TR00080,UA2360,LOC068,LOC016,2025-05-03T15:05:39,2025-05-03T18:12:39,2025-05-03T23:02:31.141764,2025-05-04T02:09:31.141764,187,DELAYED,1.0,0.26
TR00081,UA6053,LOC050,LOC019,2026-01-26T20:56:15,2026-01-27T01:34:15,2026-01-26T23:12:30.458901,2026-01-27T03:50:30.458901,278,DELAYED,0.64,0.96
TR00082,UA9873,LOC008,LOC016,2024-11-04T16:10:44,2024-11-04T20:56:44,2024-11-04T21:07:24.063599,2024-11-05T01:53:24.063599,286,DELAYED,0.86,0.36
TR00083,UA1218,LOC058,LOC012,2024-01-25T22:04:19,2024-01-25T22:04:19,2024-01-26T02:02:18.361801,2024-01-26T02:02:18.361801,0,ON_TIME,0.3,0.13
TR00084,UA3300,LOC017,LOC016,2024-11-30T21:02:53,2024-11-30T23:34:53,2024-11-30T22:18:45.221751,2024-12-01T00:50:45.221751,152,DELAYED,0.58,0.09
TR00085,UA834,LOC055,LOC016,2025-11-07T14:00:58,2025-11-07T14:00:58,2025-11-07T17:46:52.761066,2025-11-07T17:46:52.761066,0,BOARDING,0.31,0.72
TR00086,UA5518,LOC061,LOC022,2024-08-16T14:54:05,2024-08-16T14:54:05,2024-08-16T20:42:06.266589,2024-08-16T20:42:06.266589,0,BOARDING,0.47,0.41
TR00087,UA4890,LOC038,LOC065,2025-11-29T22:59:42,2025-11-29T22:59:42,2025-11-30T03:38:15.965072,2025-11-30T03:38:15.965072,0,IN_TRANSIT,0.48,0.27
TR00088,UA4624,LOC019,LOC024,2024-08-05T05:48:13,2024-08-05T05:48:13,2024-08-05T10:11:55.105289,2024-08-05T10:11:55.105289,0,COMPLETED,0.53,0.45
TR00089,UA5309,LOC055,LOC012,2025-04-14T02:20:14,2025-04-14T03:08:14,2025-04-14T03:59:38.168996,2025-04-14T04:47:38.168996,48,DELAYED,0.25,0.49
TR00090,UA7477,LOC017,LOC016,2025-09-07T17:24:02,2025-09-07T18:49:02,2025-09-07T19:57:08.533826,2025-09-07T21:22:08.533826,85,DELAYED,0.89,0.29
TR00091,UA4536,LOC038,LOC072,2025-01-14T19:18:51,2025-01-14T21:27:51,2025-01-14T23:22:31.296006,2025-01-15T01:31:31.296006,129,DELAYED,0.93,0.97
TR00092,UA5233,LOC038,LOC031,2024-08-09T01:54:00,2024-08-09T01:54:00,2024-08-09T07:29:11.123770,2024-08-09T07:29:11.123770,0,COMPLETED,0.29,0.51
TR00093,UA1043,LOC050,LOC014,2024-01-26T10:37:03,2024-01-26T10:37:03,2024-01-26T17:05:11.959365,2024-01-26T17:05:11.959365,0,ON_TIME,0.31,0.53
TR00094,UA4883,LOC031,LOC012,2024-12-18T17:50:18,2024-12-18T21:55:18,2024-12-18T20:33:30.293513,2024-12-19T00:38:30.293513,245,DELAYED,0.15,0.76
TR00095,UA5272,LOC014,LOC035,2025-11-13T00:04:37,2025-11-13T03:01:37,2025-11-13T05:18:36.748610,2025-11-13T08:15:36.748610,177,DELAYED,0.56,0.75
TR00096,UA9337,LOC022,LOC028,2025-01-27T21:32:21,2025-01-28T00:05:21,2025-01-27T23:24:18.031488,2025-01-28T01:57:18.031488,153,DELAYED,0.66,0.48
TR00097,UA4899,LOC031,LOC038,2026-01-26T04:19:06,2026-01-26T05:49:06,2026-01-26T08:38:21.817038,2026-01-26T10:08:21.817038,90,DELAYED,0.23,0.16
TR00098,UA1186,LOC035,LOC038,2025-09-12T04:42:56,2025-09-12T15:49:56,2025-09-12T06:56:03.570126,2025-09-12T18:03:03.570126,667,CANCELLED,0.29,0.35
TR00099,UA6342,LOC022,LOC028,2025-12-25T10:45:09,2025-12-25T10:45:09,2025-12-25T15:09:22.232471,2025-12-25T15:09:22.232471,0,BOARDING,0.2,0.88
TR00100,UA8820,LOC014,LOC022,2025-12-23T16:05:18,2025-12-23T20:00:18,2025-12-23T23:15:54.773286,2025-12-24T03:10:54.773286,235,DELAYED,0.61,0.36
TR00101,UA6474,LOC031,LOC014,2025-07-31T05:01:34,2025-07-31T05:01:34,2025-07-31T11:42:37.760820,2025-07-31T11:42:37.760820,0,ON_TIME,0.1,0.49
TR00102,UA5293,LOC016,LOC031,2024-11-13T23:29:11,2024-11-14T02:36:11,2024-11-14T05:33:32.777947,2024-11-14T08:40:32.777947,187,DELAYED,0.83,0.63
TR00103,UA923,LOC012,LOC028,2025-12-20T17:03:00,2025-12-20T17:03:00,2025-12-20T23:10:08.352465,2025-12-20T23:10:08.352465,0,ON_TIME,0.14,0.03
TR00104,UA7176,LOC052,LOC012,2024-07-21T14:11:25,2024-07-21T17:06:25,2024-07-21T19:40:54.164179,2024-07-21T22:35:54.164179,175,DELAYED,0.95,0.01
TR00105,UA5725,LOC052,LOC014,2025-10-07T22:08:54,2025-10-07T22:08:54,2025-10-08T00:21:29.928384,2025-10-08T00:21:29.928384,0,COMPLETED,0.3,0.57
TR00106,UA1701,LOC016,LOC036,2024-03-20T18:19:37,2024-03-20T19:31:37,2024-03-20T22:01:27.073993,2024-03-20T23:13:27.073993,72,DELAYED,0.96,0.83
TR00107,UA4379,LOC008,LOC058,2025-01-16T03:54:27,2025-01-16T03:54:27,2025-01-16T07:22:14.151976,2025-01-16T07:22:14.151976,0,BOARDING,0.82,0.23
TR00108,UA2941,LOC035,LOC031,2024-08-14T02:01:48,2024-08-14T02:01:48,2024-08-14T03:15:18.192088,2024-08-14T03:15:18.192088,0,ON_TIME,0.17,0.9
TR00109,UA5456,LOC013,LOC061,2024-06-06T08:10:21,2024-06-06T11:40:21,2024-06-06T10:05:06.211066,2024-06-06T13:35:06.211066,210,DELAYED,0.69,0.12
TR00110,UA8341,LOC068,LOC038,2025-04-03T21:59:04,2025-04-03T23:12:04,2025-04-04T00:06:13.530508,2025-04-04T01:19:13.530508,73,DELAYED,0.81,0.95
TR00111,UA3643,LOC035,LOC036,2025-08-04T01:03:34,2025-08-04T01:03:34,2025-08-04T04:47:39.981228,2025-08-04T04:47:39.981228,0,IN_TRANSIT,0.7,0.04
TR00112,UA9314,LOC072,LOC008,2024-03-23T12:25:57,2024-03-23T12:25:57,2024-03-23T17:13:13.719558,2024-03-23T17:13:13.719558,0,ON_TIME,0.07,0.67
TR00113,UA1664,LOC031,LOC012,2025-06-28T13:38:30,2025-06-28T13:38:30,2025-06-28T17:13:04.171539,2025-06-28T17:13:04.171539,0,IN_TRANSIT,0.59,0.63
TR00114,UA2494,LOC024,LOC017,2025-12-23T11:47:24,2025-12-23T12:29:24,2025-12-23T16:34:31.361319,2025-12-23T17:16:31.361319,42,DELAYED,0.17,0.81
TR00115,UA9576,LOC065,LOC055,2025-08-23T11:53:01,2025-08-23T11:53:01,2025-08-23T13:34:49.322209,2025-08-23T13:34:49.322209,0,COMPLETED,0.15,0.74
TR00116,UA8423,LOC016,LOC028,2025-11-04T05:39:52,2025-11-04T05:39:52,2025-11-04T08:55:01.194241,2025-11-04T08:55:01.194241,0,ON_TIME,0.98,0.55
TR00117,UA3464,LOC050,LOC018,2024-05-01T08:39:15,2024-05-01T08:39:15,2024-05-01T16:12:06.279272,2024-05-01T16:12:06.279272,0,COMPLETED,0.68,0.64
TR00118,UA7125,LOC028,LOC013,2025-04-01T15:17:20,2025-04-01T15:48:20,2025-04-01T20:45:36.979369,2025-04-01T21:16:36.979369,31,DELAYED,0.78,0.33
TR00119,UA5026,LOC050,LOC038,2025-07-05T02:56:51,2025-07-05T05:15:51,2025-07-05T08:14:19.667162,2025-07-05T10:33:19.667162,139,DELAYED,0.17,0.85
TR00120,UA7583,LOC028,LOC065,2026-03-07T05:40:40,2026-03-07T05:40:40,2026-03-07T07:37:39.104359,2026-03-07T07:37:39.104359,0,ON_TIME,0.03,0.21
TR00121,UA3822,LOC022,LOC018,2026-05-06T21:23:21,2026-05-06T21:23:21,2026-05-07T00:20:42.257367,2026-05-07T00:20:42.257367,0,IN_TRANSIT,0.13,0.88
TR00122,UA350,LOC019,LOC050,2026-01-11T03:52:45,2026-01-11T03:52:45,2026-01-11T05:41:01.410717,2026-01-11T05:41:01.410717,0,ON_TIME,0.0,0.84
TR00123,UA4816,LOC016,LOC028,2024-03-03T22:51:34,2024-03-03T22:51:34,2024-03-04T05:15:46.586301,2024-03-04T05:15:46.586301,0,IN_TRANSIT,0.17,0.78
TR00124,UA7332,LOC055,LOC018,2026-01-14T19:30:32,2026-01-14T22:05:32,2026-01-15T01:59:45.534366,2026-01-15T04:34:45.534366,155,DELAYED,0.91,0.65
TR00125,UA3656,LOC028,LOC031,2024-04-15T06:06:50,2024-04-15T06:06:50,2024-04-15T09:36:50.259436,2024-04-15T09:36:50.259436,0,COMPLETED,0.01,0.85
TR00126,UA9976,LOC019,LOC058,2025-07-01T13:29:51,2025-07-01T16:21:51,2025-07-01T15:46:01.578108,2025-07-01T18:38:01.578108,172,DELAYED,0.1,0.92
TR00127,UA910,LOC012,LOC008,2025-05-29T21:26:24,2025-05-29T21:26:24,2025-05-30T02:30:35.815937,2025-05-30T02:30:35.815937,0,COMPLETED,0.16,0.35
TR00128,UA1968,LOC017,LOC065,2024-10-27T13:25:52,2024-10-27T16:44:52,2024-10-27T18:38:54.487363,2024-10-27T21:57:54.487363,199,DELAYED,0.77,0.77
TR00129,UA531,LOC065,LOC050,2025-04-27T02:22:47,2025-04-27T02:22:47,2025-04-27T10:03:13.933378,2025-04-27T10:03:13.933378,0,ON_TIME,0.9,0.37
TR00130,UA267,LOC019,LOC018,2026-02-26T03:47:59,2026-02-27T01:46:59,2026-02-26T07:32:59.496208,2026-02-27T05:31:59.496208,1319,CANCELLED,0.49,0.58
TR00131,UA1710,LOC017,LOC028,2024-09-14T18:53:34,2024-09-14T20:20:34,2024-09-15T02:45:07.278101,2024-09-15T04:12:07.278101,87,DELAYED,0.47,0.26
TR00132,UA9800,LOC068,LOC058,2024-01-18T04:12:15,2024-01-18T07:56:15,2024-01-18T10:45:34.311131,2024-01-18T14:29:34.311131,224,DELAYED,0.57,0.11
TR00133,UA213,LOC018,LOC019,2024-06-06T08:50:22,2024-06-06T08:50:22,2024-06-06T15:59:06.528654,2024-06-06T15:59:06.528654,0,IN_TRANSIT,0.07,0.97
TR00134,UA4201,LOC052,LOC024,2024-08-14T17:00:04,2024-08-14T17:00:04,2024-08-14T18:54:12.210844,2024-08-14T18:54:12.210844,0,BOARDING,0.0,0.25
TR00135,UA3875,LOC012,LOC068,2026-05-22T09:35:48,2026-05-22T09:35:48,2026-05-22T14:44:23.485074,2026-05-22T14:44:23.485074,0,BOARDING,0.57,0.84
TR00136,UA8014,LOC035,LOC019,2025-02-22T19:44:15,2025-02-22T22:22:15,2025-02-23T03:27:01.227855,2025-02-23T06:05:01.227855,158,DELAYED,0.44,0.58
TR00137,UA2536,LOC050,LOC061,2024-04-03T00:44:52,2024-04-03T04:14:52,2024-04-03T07:26:43.888341,2024-04-03T10:56:43.888341,210,DELAYED,0.39,0.37
TR00138,UA7166,LOC035,LOC038,2024-02-08T08:16:04,2024-02-08T08:16:04,2024-02-08T12:05:34.932923,2024-02-08T12:05:34.932923,0,ON_TIME,0.52,0.55
TR00139,UA797,LOC028,LOC008,2026-03-02T11:47:12,2026-03-02T11:47:12,2026-03-02T19:45:13.745126,2026-03-02T19:45:13.745126,0,COMPLETED,0.67,0.3
TR00140,UA2971,LOC065,LOC017,2024-12-05T17:29:44,2024-12-05T21:19:44,2024-12-06T01:05:01.588079,2024-12-06T04:55:01.588079,230,DELAYED,0.47,0.38
TR00141,UA5185,LOC024,LOC014,2026-03-20T11:40:54,2026-03-20T11:40:54,2026-03-20T15:35:25.798829,2026-03-20T15:35:25.798829,0,ON_TIME,0.54,0.91
TR00142,UA8973,LOC016,LOC008,2025-07-30T17:48:57,2025-07-30T21:45:57,2025-07-30T21:05:02.674166,2025-07-31T01:02:02.674166,237,DELAYED,0.95,0.22
TR00143,UA4843,LOC035,LOC052,2024-02-07T11:59:55,2024-02-07T11:59:55,2024-02-07T16:27:21.930685,2024-02-07T16:27:21.930685,0,BOARDING,0.26,0.1
TR00144,UA3633,LOC024,LOC055,2025-11-27T12:01:20,2025-11-27T12:01:20,2025-11-27T14:21:25.877916,2025-11-27T14:21:25.877916,0,ON_TIME,0.93,0.63
TR00145,UA3377,LOC017,LOC036,2025-09-18T16:17:29,2025-09-18T20:15:29,2025-09-18T18:37:11.273119,2025-09-18T22:35:11.273119,238,DELAYED,0.53,0.15
TR00146,UA2030,LOC068,LOC017,2025-06-02T21:56:54,2025-06-03T00:24:54,2025-06-03T05:35:26.559153,2025-06-03T08:03:26.559153,148,DELAYED,0.91,0.65
TR00147,UA4411,LOC016,LOC008,2025-12-16T00:53:28,2025-12-16T00:53:28,2025-12-16T06:51:50.866574,2025-12-16T06:51:50.866574,0,IN_TRANSIT,0.64,0.41
TR00148,UA9546,LOC036,LOC013,2025-06-22T22:19:45,2025-06-22T22:19:45,2025-06-23T05:06:28.620825,2025-06-23T05:06:28.620825,0,COMPLETED,0.24,0.09
TR00149,UA1093,LOC024,LOC052,2025-05-22T06:28:03,2025-05-22T10:39:03,2025-05-22T11:22:25.070047,2025-05-22T15:33:25.070047,251,DELAYED,0.66,0.65
TR00150,UA8529,LOC050,LOC052,2025-03-18T14:51:17,2025-03-18T14:51:17,2025-03-18T21:14:24.644322,2025-03-18T21:14:24.644322,0,ON_TIME,0.06,0.76
TR00151,UA5369,LOC050,LOC014,2025-07-25T14:49:26,2025-07-25T14:49:26,2025-07-25T18:31:50.140251,2025-07-25T18:31:50.140251,0,IN_TRANSIT,0.66,0.44
TR00152,UA8719,LOC065,LOC016,2024-03-20T02:17:56,2024-03-20T02:17:56,2024-03-20T04:37:31.464825,2024-03-20T04:37:31.464825,0,BOARDING,0.06,0.5
TR00153,UA5073,LOC024,LOC038,2026-03-14T03:03:52,2026-03-14T03:03:52,2026-03-14T06:44:00.081072,2026-03-14T06:44:00.081072,0,ON_TIME,0.8,0.39
TR00154,UA667,LOC050,LOC055,2026-06-28T17:32:22,2026-06-28T17:32:22,2026-06-28T19:20:40.181761,2026-06-28T19:20:40.181761,0,ON_TIME,0.24,0.11
TR00155,UA2435,LOC055,LOC028,2024-07-10T12:52:29,2024-07-10T12:52:29,2024-07-10T20:50:08.741697,2024-07-10T20:50:08.741697,0,ON_TIME,0.5,0.58
TR00156,UA2999,LOC072,LOC024,2025-11-12T00:39:22,2025-11-12T00:39:22,2025-11-12T08:18:55.132287,2025-11-12T08:18:55.132287,0,ON_TIME,0.9,0.13
TR00157,UA234,LOC031,LOC017,2026-01-27T07:56:40,2026-01-27T07:56:40,2026-01-27T15:20:29.619913,2026-01-27T15:20:29.619913,0,BOARDING,0.11,0.11
TR00158,UA1776,LOC012,LOC036,2025-11-04T06:37:40,2025-11-04T06:37:40,2025-11-04T10:13:32.611564,2025-11-04T10:13:32.611564,0,BOARDING,0.67,0.05
TR00159,UA1335,LOC052,LOC055,2026-03-09T10:15:06,2026-03-09T12:59:06,2026-03-09T11:47:45.225902,2026-03-09T14:31:45.225902,164,DELAYED,0.8,0.28
TR00160,UA4455,LOC058,LOC065,2024-02-26T03:59:25,2024-02-26T03:59:25,2024-02-26T06:21:41.860417,2024-02-26T06:21:41.860417,0,COMPLETED,0.26,0.31
TR00161,UA7439,LOC012,LOC008,2026-05-01T06:32:18,2026-05-01T08:28:18,2026-05-01T08:35:39.117831,2026-05-01T10:31:39.117831,116,DELAYED,0.02,0.43
TR00162,UA6534,LOC036,LOC016,2026-05-29T19:04:47,2026-05-29T19:04:47,2026-05-29T22:24:33.756941,2026-05-29T22:24:33.756941,0,COMPLETED,0.13,0.81
TR00163,UA1450,LOC058,LOC013,2026-02-24T23:05:56,2026-02-25T00:03:56,2026-02-25T06:42:56.862952,2026-02-25T07:40:56.862952,58,DELAYED,0.93,0.72
TR00164,UA8255,LOC035,LOC017,2024-04-14T12:43:20,2024-04-14T17:05:20,2024-04-14T20:15:45.209836,2024-04-15T00:37:45.209836,262,DELAYED,0.83,0.08
TR00165,UA7290,LOC024,LOC014,2024-08-26T04:33:24,2024-08-26T04:33:24,2024-08-26T08:19:37.753615,2024-08-26T08:19:37.753615,0,ON_TIME,0.07,0.62
TR00166,UA7766,LOC068,LOC012,2025-08-10T02:03:53,2025-08-10T02:03:53,2025-08-10T08:52:48.416818,2025-08-10T08:52:48.416818,0,BOARDING,0.31,0.21
TR00167,UA3452,LOC016,LOC008,2025-05-27T20:57:39,2025-05-27T23:03:39,2025-05-28T00:14:40.610329,2025-05-28T02:20:40.610329,126,DELAYED,0.08,0.62
TR00168,UA5079,LOC036,LOC052,2025-11-14T07:13:25,2025-11-14T07:13:25,2025-11-14T14:11:17.822040,2025-11-14T14:11:17.822040,0,ON_TIME,0.11,0.4
TR00169,UA2383,LOC014,LOC013,2025-02-18T22:25:40,2025-02-19T02:54:40,2025-02-19T01:52:10.897836,2025-02-19T06:21:10.897836,269,DELAYED,0.47,0.13
TR00170,UA4612,LOC061,LOC008,2024-08-11T14:54:00,2024-08-11T14:54:00,2024-08-11T21:18:31.088976,2024-08-11T21:18:31.088976,0,ON_TIME,0.53,0.43
TR00171,UA2047,LOC018,LOC055,2024-08-08T22:01:09,2024-08-09T02:34:09,2024-08-09T05:56:29.520525,2024-08-09T10:29:29.520525,273,DELAYED,0.8,0.24
TR00172,UA8465,LOC050,LOC055,2024-10-31T23:52:16,2024-10-31T23:52:16,2024-11-01T02:03:19.673857,2024-11-01T02:03:19.673857,0,COMPLETED,0.49,0.22
TR00173,UA7947,LOC019,LOC008,2024-05-24T18:21:36,2024-05-24T19:08:36,2024-05-25T01:23:43.718904,2024-05-25T02:10:43.718904,47,DELAYED,0.92,0.29
TR00174,UA7999,LOC050,LOC028,2025-08-19T08:26:21,2025-08-19T09:01:21,2025-08-19T13:12:00.825698,2025-08-19T13:47:00.825698,35,DELAYED,0.33,0.3
TR00175,UA7119,LOC038,LOC017,2025-03-04T09:04:17,2025-03-04T12:06:17,2025-03-04T10:48:37.491450,2025-03-04T13:50:37.491450,182,DELAYED,0.86,0.98
TR00176,UA3899,LOC035,LOC008,2025-09-04T16:16:32,2025-09-04T16:16:32,2025-09-04T22:36:01.239548,2025-09-04T22:36:01.239548,0,BOARDING,0.05,0.25
TR00177,UA5761,LOC061,LOC038,2024-12-08T03:03:03,2024-12-08T03:03:03,2024-12-08T05:06:52.038067,2024-12-08T05:06:52.038067,0,COMPLETED,0.26,0.93
TR00178,UA4815,LOC028,LOC061,2024-03-06T01:50:02,2024-03-06T06:34:02,2024-03-06T07:57:14.868907,2024-03-06T12:41:14.868907,284,DELAYED,0.28,0.52
TR00179,UA5355,LOC024,LOC052,2024-03-09T08:56:21,2024-03-09T08:56:21,2024-03-09T09:58:38.050750,2024-03-09T09:58:38.050750,0,ON_TIME,0.77,0.2
TR00180,UA4031,LOC058,LOC068,2025-04-15T13:18:51,2025-04-15T13:18:51,2025-04-15T17:13:16.153647,2025-04-15T17:13:16.153647,0,COMPLETED,0.77,0.73
TR00181,UA4002,LOC019,LOC035,2024-01-19T19:40:11,2024-01-19T19:40:11,2024-01-20T00:24:40.555684,2024-01-20T00:24:40.555684,0,COMPLETED,0.96,0.25
TR00182,UA3701,LOC017,LOC052,2024-07-25T12:26:16,2024-07-25T15:50:16,2024-07-25T13:45:41.107363,2024-07-25T17:09:41.107363,204,DELAYED,0.58,0.09
TR00183,UA6569,LOC058,LOC050,2024-10-29T03:14:28,2024-10-29T05:12:28,2024-10-29T08:17:13.032364,2024-10-29T10:15:13.032364,118,DELAYED,0.86,0.88
TR00184,UA4394,LOC072,LOC052,2025-10-11T22:10:59,2025-10-12T00:14:59,2025-10-12T01:45:41.636981,2025-10-12T03:49:41.636981,124,DELAYED,0.15,0.82
TR00185,UA4921,LOC072,LOC022,2026-06-03T08:51:05,2026-06-03T08:51:05,2026-06-03T10:40:06.868718,2026-06-03T10:40:06.868718,0,ON_TIME,0.11,0.31
TR00186,UA1107,LOC052,LOC016,2024-10-27T20:19:36,2024-10-27T20:19:36,2024-10-27T22:04:47.212953,2024-10-27T22:04:47.212953,0,BOARDING,0.04,0.29
TR00187,UA8538,LOC013,LOC050,2025-10-10T16:50:53,2025-10-10T16:50:53,2025-10-10T22:51:42.565136,2025-10-10T22:51:42.565136,0,BOARDING,0.43,0.21
TR00188,UA2670,LOC055,LOC072,2024-08-23T13:47:22,2024-08-24T12:47:22,2024-08-23T16:52:46.512881,2024-08-24T15:52:46.512881,1380,CANCELLED,0.96,0.44
TR00189,UA1224,LOC016,LOC058,2025-10-25T04:24:50,2025-10-25T04:24:50,2025-10-25T09:37:09.913200,2025-10-25T09:37:09.913200,0,COMPLETED,0.11,0.1
TR00190,UA1923,LOC035,LOC018,2026-04-29T19:43:29,2026-04-29T20:45:29,2026-04-29T23:13:07.366377,2026-04-30T00:15:07.366377,62,DELAYED,0.44,0.92
TR00191,UA9142,LOC072,LOC055,2026-06-01T15:32:25,2026-06-01T15:32:25,2026-06-01T20:43:36.428181,2026-06-01T20:43:36.428181,0,IN_TRANSIT,0.87,0.57
TR00192,UA3709,LOC012,LOC050,2025-01-31T08:36:08,2025-01-31T08:36:08,2025-01-31T11:14:20.754867,2025-01-31T11:14:20.754867,0,BOARDING,0.04,0.58
TR00193,UA708,LOC024,LOC012,2024-11-23T04:19:59,2024-11-23T04:19:59,2024-11-23T05:34:49.704104,2024-11-23T05:34:49.704104,0,COMPLETED,0.25,0.6
TR00194,UA7518,LOC055,LOC017,2024-01-01T21:08:18,2024-01-01T21:08:18,2024-01-02T03:16:35.161930,2024-01-02T03:16:35.161930,0,BOARDING,0.69,0.38
TR00195,UA4663,LOC035,LOC031,2024-04-12T21:10:07,2024-04-12T21:10:07,2024-04-13T00:59:49.406928,2024-04-13T00:59:49.406928,0,COMPLETED,0.04,0.99
TR00196,UA7848,LOC065,LOC061,2024-09-10T19:40:27,2024-09-10T19:40:27,2024-09-11T00:41:34.960087,2024-09-11T00:41:34.960087,0,IN_TRANSIT,0.01,0.33
TR00197,UA2553,LOC061,LOC068,2024-02-28T04:38:49,2024-02-28T09:12:49,2024-02-28T09:06:38.173055,2024-02-28T13:40:38.173055,274,DELAYED,0.34,0.26
TR00198,UA291,LOC038,LOC058,2025-02-16T10:50:38,2025-02-16T10:50:38,2025-02-16T17:11:23.699621,2025-02-16T17:11:23.699621,0,BOARDING,0.47,0.88
TR00199,UA5296,LOC022,LOC008,2026-01-19T19:02:22,2026-01-19T23:35:22,2026-01-20T00:42:18.735295,2026-01-20T05:15:18.735295,273,DELAYED,0.72,0.87
TR00200,UA6757,LOC065,LOC008,2024-04-12T15:58:45,2024-04-12T17:04:45,2024-04-12T21:42:30.384212,2024-04-12T22:48:30.384212,66,DELAYED,0.52,0.45
TR00201,UA4149,LOC055,LOC068,2024-12-06T08:25:59,2024-12-06T08:25:59,2024-12-06T11:55:02.246690,2024-12-06T11:55:02.246690,0,BOARDING,0.49,0.31
TR00202,UA6658,LOC018,LOC017,2025-12-28T11:44:09,2025-12-28T12:36:09,2025-12-28T14:38:00.209319,2025-12-28T15:30:00.209319,52,DELAYED,0.3,0.7
TR00203,UA5520,LOC050,LOC028,2024-09-14T06:09:43,2024-09-14T06:09:43,2024-09-14T10:44:40.673010,2024-09-14T10:44:40.673010,0,IN_TRANSIT,0.7,0.16
TR00204,UA7888,LOC061,LOC014,2026-02-05T14:21:04,2026-02-05T14:21:04,2026-02-05T17:50:59.101119,2026-02-05T17:50:59.101119,0,ON_TIME,0.44,0.44
TR00205,UA1553,LOC028,LOC031,2024-06-26T11:03:53,2024-06-26T11:03:53,2024-06-26T15:34:25.293182,2024-06-26T15:34:25.293182,0,ON_TIME,0.93,0.43
TR00206,UA9362,LOC038,LOC072,2024-05-04T05:28:48,2024-05-04T05:28:48,2024-05-04T11:36:50.172379,2024-05-04T11:36:50.172379,0,BOARDING,0.79,0.41
TR00207,UA8666,LOC019,LOC055,2025-12-14T23:21:50,2025-12-14T23:21:50,2025-12-15T05:10:36.066011,2025-12-15T05:10:36.066011,0,ON_TIME,0.74,0.37
TR00208,UA2030,LOC050,LOC031,2025-06-16T10:09:59,2025-06-16T10:09:59,2025-06-16T17:12:59.655808,2025-06-16T17:12:59.655808,0,COMPLETED,0.4,0.6
TR00209,UA4484,LOC016,LOC038,2025-08-01T01:30:15,2025-08-01T01:30:15,2025-08-01T02:44:18.226242,2025-08-01T02:44:18.226242,0,ON_TIME,0.04,0.17
TR00210,UA7259,LOC018,LOC012,2025-12-29T10:50:22,2025-12-29T10:50:22,2025-12-29T18:01:48.184816,2025-12-29T18:01:48.184816,0,ON_TIME,0.88,0.59
TR00211,UA8722,LOC072,LOC031,2025-02-04T22:02:42,2025-02-05T14:12:42,2025-02-05T00:30:00.445273,2025-02-05T16:40:00.445273,970,CANCELLED,0.77,0.86
TR00212,UA1353,LOC065,LOC052,2026-06-15T09:44:21,2026-06-15T13:37:21,2026-06-15T15:12:05.831492,2026-06-15T19:05:05.831492,233,DELAYED,0.78,0.44
TR00213,UA3918,LOC013,LOC038,2026-05-17T16:56:46,2026-05-17T16:56:46,2026-05-17T18:22:21.986806,2026-05-17T18:22:21.986806,0,ON_TIME,0.25,0.13
TR00214,UA5818,LOC035,LOC018,2026-05-01T04:08:16,2026-05-01T08:57:16,2026-05-01T09:51:43.667544,2026-05-01T14:40:43.667544,289,DELAYED,0.84,0.46
TR00215,UA8695,LOC055,LOC061,2025-05-28T13:39:22,2025-05-28T13:39:22,2025-05-28T17:42:51.643114,2025-05-28T17:42:51.643114,0,IN_TRANSIT,0.52,0.65
TR00216,UA1796,LOC012,LOC061,2025-05-22T06:02:06,2025-05-22T08:44:06,2025-05-22T13:20:49.670601,2025-05-22T16:02:49.670601,162,DELAYED,0.35,0.42
TR00217,UA6022,LOC017,LOC036,2026-03-29T05:08:26,2026-03-29T08:15:26,2026-03-29T12:35:18.193688,2026-03-29T15:42:18.193688,187,DELAYED,0.49,0.64
TR00218,UA2122,LOC008,LOC013,2024-08-29T17:07:33,2024-08-29T17:07:33,2024-08-29T20:54:15.434677,2024-08-29T20:54:15.434677,0,COMPLETED,0.51,0.61
TR00219,UA4469,LOC055,LOC019,2026-03-18T20:48:18,2026-03-18T23:58:18,2026-03-19T02:05:03.847151,2026-03-19T05:15:03.847151,190,DELAYED,0.78,0.73
TR00220,UA2811,LOC013,LOC019,2025-03-09T08:33:16,2025-03-09T08:33:16,2025-03-09T10:33:30.612478,2025-03-09T10:33:30.612478,0,BOARDING,0.74,0.42
TR00221,UA8966,LOC028,LOC019,2025-01-16T01:19:04,2025-01-16T03:28:04,2025-01-16T02:30:19.376374,2025-01-16T04:39:19.376374,129,DELAYED,0.18,0.09
TR00222,UA9138,LOC031,LOC058,2024-12-17T09:18:21,2024-12-17T19:41:21,2024-12-17T11:10:11.045178,2024-12-17T21:33:11.045178,623,CANCELLED,0.58,0.7
TR00223,UA9924,LOC019,LOC013,2024-02-04T12:36:55,2024-02-04T12:36:55,2024-02-04T20:36:50.837761,2024-02-04T20:36:50.837761,0,COMPLETED,0.58,0.79
TR00224,UA3322,LOC008,LOC016,2025-11-04T23:58:17,2025-11-04T23:58:17,2025-11-05T02:20:54.242488,2025-11-05T02:20:54.242488,0,IN_TRANSIT,0.66,0.21
TR00225,UA2077,LOC008,LOC022,2026-01-20T22:18:28,2026-01-20T23:37:28,2026-01-21T05:51:19.795273,2026-01-21T07:10:19.795273,79,DELAYED,0.66,0.57
TR00226,UA2585,LOC058,LOC052,2025-02-26T19:55:26,2025-02-27T00:30:26,2025-02-27T03:32:27.489080,2025-02-27T08:07:27.489080,275,DELAYED,0.8,0.65
TR00227,UA9692,LOC017,LOC012,2025-05-24T18:27:13,2025-05-24T18:27:13,2025-05-25T01:07:14.095565,2025-05-25T01:07:14.095565,0,ON_TIME,0.78,0.99
TR00228,UA7768,LOC014,LOC031,2026-03-01T10:44:41,2026-03-01T12:30:41,2026-03-01T17:00:51.011288,2026-03-01T18:46:51.011288,106,DELAYED,0.63,0.38
TR00229,UA1292,LOC058,LOC055,2025-04-11T22:01:21,2025-04-11T22:01:21,2025-04-12T02:10:47.246049,2025-04-12T02:10:47.246049,0,BOARDING,0.79,0.75
TR00230,UA8456,LOC008,LOC017,2026-02-13T23:23:04,2026-02-14T01:57:04,2026-02-14T01:16:55.868796,2026-02-14T03:50:55.868796,154,DELAYED,0.67,0.85
TR00231,UA1777,LOC058,LOC038,2025-09-20T16:38:54,2025-09-20T17:28:54,2025-09-20T22:18:17.284674,2025-09-20T23:08:17.284674,50,DELAYED,0.74,0.74
TR00232,UA2935,LOC012,LOC036,2024-03-20T16:06:06,2024-03-20T20:37:06,2024-03-20T19:38:51.779311,2024-03-21T00:09:51.779311,271,DELAYED,0.95,0.53
TR00233,UA8455,LOC028,LOC061,2025-04-11T13:34:46,2025-04-11T15:08:46,2025-04-11T17:42:36.970404,2025-04-11T19:16:36.970404,94,DELAYED,0.66,0.59
TR00234,UA5547,LOC052,LOC018,2025-02-04T05:36:01,2025-02-04T05:36:01,2025-02-04T07:56:22.926046,2025-02-04T07:56:22.926046,0,ON_TIME,0.84,0.3
TR00235,UA7948,LOC018,LOC019,2024-06-14T10:29:18,2024-06-14T10:29:18,2024-06-14T17:12:42.645514,2024-06-14T17:12:42.645514,0,IN_TRANSIT,0.74,0.22
TR00236,UA4026,LOC019,LOC016,2024-08-17T20:47:41,2024-08-17T20:47:41,2024-08-17T22:24:00.474722,2024-08-17T22:24:00.474722,0,COMPLETED,0.25,0.66
TR00237,UA4885,LOC024,LOC014,2026-05-12T04:25:29,2026-05-12T04:25:29,2026-05-12T10:24:38.597523,2026-05-12T10:24:38.597523,0,ON_TIME,0.4,0.61
TR00238,UA2596,LOC028,LOC072,2024-12-13T09:21:07,2024-12-13T11:42:07,2024-12-13T13:40:34.439556,2024-12-13T16:01:34.439556,141,DELAYED,0.28,0.06
TR00239,UA7029,LOC014,LOC017,2024-12-06T03:08:34,2024-12-06T03:08:34,2024-12-06T04:17:26.001107,2024-12-06T04:17:26.001107,0,IN_TRANSIT,0.84,0.14
TR00240,UA9845,LOC013,LOC014,2025-01-21T09:37:31,2025-01-21T09:37:31,2025-01-21T15:30:52.489838,2025-01-21T15:30:52.489838,0,IN_TRANSIT,0.44,0.62
TR00241,UA3002,LOC019,LOC012,2025-12-22T08:07:56,2025-12-22T08:07:56,2025-12-22T09:46:02.518254,2025-12-22T09:46:02.518254,0,BOARDING,0.15,0.78
TR00242,UA4546,LOC038,LOC028,2024-08-26T01:52:54,2024-08-26T01:52:54,2024-08-26T03:10:00.768643,2024-08-26T03:10:00.768643,0,BOARDING,0.42,0.17
TR00243,UA9364,LOC058,LOC038,2024-06-02T03:58:16,2024-06-02T05:39:16,2024-06-02T06:16:34.194523,2024-06-02T07:57:34.194523,101,DELAYED,0.94,0.89
TR00244,UA3192,LOC058,LOC052,2026-04-22T07:01:36,2026-04-22T07:01:36,2026-04-22T14:36:30.033065,2026-04-22T14:36:30.033065,0,ON_TIME,0.78,0.72
TR00245,UA3776,LOC050,LOC058,2026-02-24T19:13:06,2026-02-24T20:30:06,2026-02-25T02:22:19.026505,2026-02-25T03:39:19.026505,77,DELAYED,0.72,0.61
TR00246,UA5578,LOC038,LOC068,2025-07-17T21:21:23,2025-07-17T21:21:23,2025-07-18T00:43:41.913869,2025-07-18T00:43:41.913869,0,BOARDING,0.43,0.42
TR00247,UA3673,LOC055,LOC035,2025-10-03T00:31:17,2025-10-03T00:31:17,2025-10-03T01:48:18.555558,2025-10-03T01:48:18.555558,0,COMPLETED,0.74,0.98
TR00248,UA9101,LOC022,LOC068,2025-09-13T03:30:53,2025-09-13T03:30:53,2025-09-13T11:18:05.130426,2025-09-13T11:18:05.130426,0,ON_TIME,0.12,0.07
TR00249,UA7176,LOC061,LOC012,2025-10-13T08:19:16,2025-10-13T08:19:16,2025-10-13T14:14:58.474282,2025-10-13T14:14:58.474282,0,IN_TRANSIT,0.26,0.57
TR00250,UA7326,LOC012,LOC018,2026-05-30T03:22:03,2026-05-30T03:22:03,2026-05-30T10:54:07.299655,2026-05-30T10:54:07.299655,0,BOARDING,0.16,0.85
TR00251,UA4018,LOC018,LOC035,2025-05-29T12:31:14,2025-05-29T12:31:14,2025-05-29T15:18:51.374412,2025-05-29T15:18:51.374412,0,COMPLETED,0.86,0.43
TR00252,UA1277,LOC072,LOC014,2025-04-09T14:40:46,2025-04-09T16:48:46,2025-04-09T21:00:02.290258,2025-04-09T23:08:02.290258,128,DELAYED,0.95,0.29
TR00253,UA6218,LOC018,LOC017,2024-05-06T00:42:57,2024-05-06T03:35:57,2024-05-06T02:37:01.668672,2024-05-06T05:30:01.668672,173,DELAYED,0.55,0.31
TR00254,UA2136,LOC016,LOC018,2025-01-11T16:50:19,2025-01-11T16:50:19,2025-01-11T21:08:19.871086,2025-01-11T21:08:19.871086,0,IN_TRANSIT,0.94,0.85
TR00255,UA2233,LOC065,LOC008,2024-09-09T08:24:22,2024-09-09T13:22:22,2024-09-09T09:49:40.853367,2024-09-09T14:47:40.853367,298,DELAYED,0.27,0.21
TR00256,UA288,LOC065,LOC014,2026-01-17T11:27:16,2026-01-17T13:23:16,2026-01-17T12:45:17.048621,2026-01-17T14:41:17.048621,116,DELAYED,0.24,0.37
TR00257,UA7396,LOC065,LOC058,2024-04-13T00:36:39,2024-04-13T13:36:39,2024-04-13T08:16:05.179392,2024-04-13T21:16:05.179392,780,CANCELLED,0.28,0.73
TR00258,UA1854,LOC016,LOC017,2025-05-02T17:09:55,2025-05-02T20:45:55,2025-05-02T23:35:04.525478,2025-05-03T03:11:04.525478,216,DELAYED,0.36,0.56
TR00259,UA5156,LOC052,LOC035,2024-03-29T09:29:56,2024-03-29T10:02:56,2024-03-29T15:57:59.152719,2024-03-29T16:30:59.152719,33,DELAYED,0.64,0.51
TR00260,UA2858,LOC018,LOC022,2025-11-07T17:13:06,2025-11-07T17:13:06,2025-11-07T23:28:15.727699,2025-11-07T23:28:15.727699,0,ON_TIME,0.06,0.79
TR00261,UA9899,LOC012,LOC018,2025-09-22T13:58:11,2025-09-22T15:45:11,2025-09-22T21:05:40.271468,2025-09-22T22:52:40.271468,107,DELAYED,0.65,0.65
TR00262,UA846,LOC014,LOC036,2025-11-02T08:22:48,2025-11-02T08:22:48,2025-11-02T10:49:34.891147,2025-11-02T10:49:34.891147,0,BOARDING,0.96,0.55
TR00263,UA1621,LOC013,LOC017,2024-08-27T07:14:56,2024-08-27T12:02:56,2024-08-27T10:54:36.298109,2024-08-27T15:42:36.298109,288,DELAYED,0.35,0.37
TR00264,UA7392,LOC022,LOC055,2025-10-05T11:20:56,2025-10-05T12:35:56,2025-10-05T13:33:39.938616,2025-10-05T14:48:39.938616,75,DELAYED,0.75,0.72
TR00265,UA6852,LOC028,LOC008,2026-01-05T01:12:37,2026-01-05T01:12:37,2026-01-05T07:58:33.348494,2026-01-05T07:58:33.348494,0,IN_TRANSIT,0.34,0.16
TR00266,UA2048,LOC055,LOC012,2024-02-17T12:41:00,2024-02-17T12:41:00,2024-02-17T18:16:40.861549,2024-02-17T18:16:40.861549,0,IN_TRANSIT,0.15,0.74
TR00267,UA8775,LOC008,LOC014,2025-06-02T12:26:18,2025-06-02T13:26:18,2025-06-02T15:23:35.377272,2025-06-02T16:23:35.377272,60,DELAYED,0.23,0.32
TR00268,UA4563,LOC013,LOC014,2025-07-29T08:46:15,2025-07-29T08:46:15,2025-07-29T11:04:32.657479,2025-07-29T11:04:32.657479,0,COMPLETED,0.1,0.65
TR00269,UA1021,LOC065,LOC031,2024-07-02T15:47:59,2024-07-02T15:47:59,2024-07-02T16:52:09.966784,2024-07-02T16:52:09.966784,0,ON_TIME,0.08,0.58
TR00270,UA7263,LOC022,LOC068,2025-04-23T11:20:55,2025-04-23T11:20:55,2025-04-23T17:22:41.564634,2025-04-23T17:22:41.564634,0,IN_TRANSIT,0.07,0.13
TR00271,UA7452,LOC016,LOC052,2025-01-01T02:52:25,2025-01-01T02:52:25,2025-01-01T05:46:22.832698,2025-01-01T05:46:22.832698,0,IN_TRANSIT,0.58,0.97
TR00272,UA1079,LOC068,LOC038,2026-01-25T18:46:43,2026-01-25T21:29:43,2026-01-25T23:52:17.606365,2026-01-26T02:35:17.606365,163,DELAYED,0.33,0.86
TR00273,UA6192,LOC036,LOC058,2026-02-03T01:53:55,2026-02-03T05:12:55,2026-02-03T09:32:34.026865,2026-02-03T12:51:34.026865,199,DELAYED,0.97,0.08
TR00274,UA9852,LOC013,LOC016,2025-09-07T16:48:01,2025-09-07T17:20:01,2025-09-07T18:27:24.478911,2025-09-07T18:59:24.478911,32,DELAYED,0.37,0.03
TR00275,UA9758,LOC028,LOC017,2024-11-28T11:33:48,2024-11-28T11:33:48,2024-11-28T17:33:17.474768,2024-11-28T17:33:17.474768,0,IN_TRANSIT,0.27,0.45
TR00276,UA5707,LOC031,LOC036,2025-09-21T15:20:20,2025-09-21T15:20:20,2025-09-21T16:35:56.551412,2025-09-21T16:35:56.551412,0,IN_TRANSIT,0.41,0.59
TR00277,UA7655,LOC061,LOC036,2025-10-30T03:30:00,2025-10-30T07:06:00,2025-10-30T11:02:55.099620,2025-10-30T14:38:55.099620,216,DELAYED,0.28,0.04
TR00278,UA9996,LOC061,LOC055,2024-12-31T05:35:08,2024-12-31T05:35:08,2024-12-31T11:22:46.829931,2024-12-31T11:22:46.829931,0,COMPLETED,0.18,0.59
TR00279,UA5295,LOC022,LOC024,2025-03-21T00:17:09,2025-03-21T02:56:09,2025-03-21T05:28:46.940981,2025-03-21T08:07:46.940981,159,DELAYED,0.68,0.4
TR00280,UA8630,LOC050,LOC008,2025-01-12T20:29:26,2025-01-12T21:36:26,2025-01-12T21:57:55.781002,2025-01-12T23:04:55.781002,67,DELAYED,0.25,0.68
TR00281,UA8688,LOC019,LOC072,2024-09-13T03:42:35,2024-09-13T03:42:35,2024-09-13T09:02:16.206009,2024-09-13T09:02:16.206009,0,ON_TIME,0.66,0.21
TR00282,UA3291,LOC024,LOC022,2025-06-06T03:08:13,2025-06-06T05:06:13,2025-06-06T10:36:05.097836,2025-06-06T12:34:05.097836,118,DELAYED,0.15,0.72
TR00283,UA1369,LOC055,LOC061,2024-09-04T07:06:28,2024-09-04T07:06:28,2024-09-04T13:32:05.472131,2024-09-04T13:32:05.472131,0,ON_TIME,0.07,0.52
TR00284,UA2880,LOC055,LOC018,2025-05-23T04:46:16,2025-05-23T05:57:16,2025-05-23T11:42:21.417425,2025-05-23T12:53:21.417425,71,DELAYED,0.17,0.66
TR00285,UA6058,LOC014,LOC055,2025-08-08T09:53:54,2025-08-08T10:59:54,2025-08-08T13:06:06.467389,2025-08-08T14:12:06.467389,66,DELAYED,0.82,0.26
TR00286,UA7949,LOC016,LOC072,2024-05-08T17:55:47,2024-05-08T17:55:47,2024-05-08T22:15:02.241809,2024-05-08T22:15:02.241809,0,IN_TRANSIT,0.19,0.65
TR00287,UA2146,LOC013,LOC012,2024-06-05T08:52:14,2024-06-05T08:52:14,2024-06-05T14:41:29.362681,2024-06-05T14:41:29.362681,0,IN_TRANSIT,0.54,0.85
TR00288,UA9698,LOC024,LOC008,2024-05-07T12:43:06,2024-05-07T13:48:06,2024-05-07T18:45:52.794273,2024-05-07T19:50:52.794273,65,DELAYED,0.06,0.43
TR00289,UA2779,LOC068,LOC017,2024-05-07T20:44:55,2024-05-07T22:35:55,2024-05-08T01:05:17.193172,2024-05-08T02:56:17.193172,111,DELAYED,0.8,0.94
TR00290,UA8707,LOC072,LOC017,2024-01-14T04:31:30,2024-01-14T06:06:30,2024-01-14T08:46:14.863865,2024-01-14T10:21:14.863865,95,DELAYED,0.66,0.99
TR00291,UA1805,LOC072,LOC022,2024-08-21T02:07:46,2024-08-21T02:07:46,2024-08-21T08:42:55.625809,2024-08-21T08:42:55.625809,0,COMPLETED,0.24,0.59
TR00292,UA4755,LOC016,LOC028,2026-04-19T10:28:14,2026-04-19T10:28:14,2026-04-19T17:49:08.368586,2026-04-19T17:49:08.368586,0,COMPLETED,0.32,0.2
TR00293,UA5950,LOC012,LOC022,2025-10-27T17:13:36,2025-10-27T19:38:36,2025-10-27T18:18:48.015848,2025-10-27T20:43:48.015848,145,DELAYED,0.66,0.74
TR00294,UA9527,LOC014,LOC055,2026-02-04T07:15:58,2026-02-04T09:26:58,2026-02-04T10:17:24.342015,2026-02-04T12:28:24.342015,131,DELAYED,0.88,0.74
TR00295,UA244,LOC031,LOC035,2024-05-23T09:45:15,2024-05-23T11:29:15,2024-05-23T11:12:55.067600,2024-05-23T12:56:55.067600,104,DELAYED,0.08,0.14
TR00296,UA6729,LOC018,LOC065,2024-08-23T22:46:58,2024-08-24T03:28:58,2024-08-24T05:10:39.809950,2024-08-24T09:52:39.809950,282,DELAYED,0.07,0.62
TR00297,UA988,LOC038,LOC013,2024-03-20T18:45:26,2024-03-20T18:45:26,2024-03-21T00:16:37.120578,2024-03-21T00:16:37.120578,0,BOARDING,0.41,0.57
TR00298,UA7190,LOC035,LOC052,2024-01-04T05:49:07,2024-01-04T06:33:07,2024-01-04T10:16:18.149014,2024-01-04T11:00:18.149014,44,DELAYED,0.79,0.83
TR00299,UA6110,LOC012,LOC036,2026-01-01T23:54:46,2026-01-02T04:12:46,2026-01-02T04:15:45.342971,2026-01-02T08:33:45.342971,258,DELAYED,0.57,0.2
TR00300,UA2268,LOC065,LOC036,2024-10-02T20:24:14,2024-10-02T20:24:14,2024-10-03T00:15:41.160479,2024-10-03T00:15:41.160479,0,IN_TRANSIT,0.07,0.95
TR00301,UA6062,LOC018,LOC013,2024-02-20T18:34:16,2024-02-20T22:36:16,2024-02-20T21:47:21.910413,2024-02-21T01:49:21.910413,242,DELAYED,0.91,0.65
TR00302,UA7786,LOC016,LOC050,2024-07-26T08:37:05,2024-07-26T10:50:05,2024-07-26T10:14:59.099556,2024-07-26T12:27:59.099556,133,DELAYED,0.43,0.34
TR00303,UA4081,LOC017,LOC055,2025-03-28T17:02:16,2025-03-28T21:59:16,2025-03-28T23:42:35.214326,2025-03-29T04:39:35.214326,297,DELAYED,0.61,0.37
TR00304,UA2048,LOC038,LOC013,2025-07-23T18:03:51,2025-07-23T18:03:51,2025-07-24T00:57:21.571804,2025-07-24T00:57:21.571804,0,BOARDING,0.24,0.21
TR00305,UA1176,LOC017,LOC008,2025-07-08T23:15:50,2025-07-09T02:51:50,2025-07-09T03:43:07.677959,2025-07-09T07:19:07.677959,216,DELAYED,0.74,0.83
TR00306,UA8632,LOC035,LOC031,2026-06-07T13:36:12,2026-06-07T14:13:12,2026-06-07T16:44:29.851141,2026-06-07T17:21:29.851141,37,DELAYED,0.64,0.97
TR00307,UA1829,LOC036,LOC019,2024-05-15T22:59:21,2024-05-16T02:09:21,2024-05-16T03:03:31.074634,2024-05-16T06:13:31.074634,190,DELAYED,0.03,0.74
TR00308,UA505,LOC024,LOC013,2024-03-03T19:20:00,2024-03-03T20:41:00,2024-03-03T23:42:38.185363,2024-03-04T01:03:38.185363,81,DELAYED,0.59,0.11
TR00309,UA5880,LOC024,LOC052,2024-09-13T15:54:22,2024-09-13T15:54:22,2024-09-13T23:46:35.068561,2024-09-13T23:46:35.068561,0,COMPLETED,0.04,0.0
TR00310,UA431,LOC061,LOC052,2025-04-26T04:57:55,2025-04-26T04:57:55,2025-04-26T12:30:24.591159,2025-04-26T12:30:24.591159,0,COMPLETED,0.02,0.25
TR00311,UA4505,LOC024,LOC072,2025-05-27T20:34:34,2025-05-27T20:34:34,2025-05-28T03:09:47.691943,2025-05-28T03:09:47.691943,0,ON_TIME,0.91,0.65
TR00312,UA4175,LOC038,LOC012,2024-06-04T07:12:02,2024-06-04T09:44:02,2024-06-04T09:13:55.532849,2024-06-04T11:45:55.532849,152,DELAYED,0.58,0.9
TR00313,UA8312,LOC018,LOC024,2024-03-01T11:52:19,2024-03-01T11:52:19,2024-03-01T13:41:22.098371,2024-03-01T13:41:22.098371,0,COMPLETED,0.26,0.41
TR00314,UA9040,LOC038,LOC024,2026-06-24T10:43:35,2026-06-24T10:43:35,2026-06-24T11:43:55.017726,2026-06-24T11:43:55.017726,0,IN_TRANSIT,0.97,0.14
TR00315,UA9741,LOC068,LOC024,2024-05-07T22:04:24,2024-05-08T02:53:24,2024-05-08T02:29:27.500064,2024-05-08T07:18:27.500064,289,DELAYED,0.28,0.6
TR00316,UA1173,LOC031,LOC018,2024-03-02T09:10:41,2024-03-02T09:10:41,2024-03-02T16:04:15.948247,2024-03-02T16:04:15.948247,0,IN_TRANSIT,0.74,0.77
TR00317,UA8142,LOC022,LOC068,2024-01-01T07:56:43,2024-01-01T11:00:43,2024-01-01T12:02:13.215499,2024-01-01T15:06:13.215499,184,DELAYED,0.8,1.0
TR00318,UA9327,LOC013,LOC058,2024-10-25T15:31:49,2024-10-25T15:31:49,2024-10-25T20:57:45.129456,2024-10-25T20:57:45.129456,0,COMPLETED,0.8,0.51
TR00319,UA7166,LOC014,LOC035,2024-09-20T23:36:47,2024-09-20T23:36:47,2024-09-21T07:29:21.804849,2024-09-21T07:29:21.804849,0,ON_TIME,0.2,0.53
TR00320,UA1689,LOC028,LOC016,2025-08-30T04:28:19,2025-08-30T04:28:19,2025-08-30T09:58:00.669912,2025-08-30T09:58:00.669912,0,COMPLETED,0.78,0.21
TR00321,UA4830,LOC024,LOC008,2026-01-31T17:56:57,2026-01-31T19:13:57,2026-01-31T19:00:39.196166,2026-01-31T20:17:39.196166,77,DELAYED,0.62,0.11
TR00322,UA3228,LOC028,LOC014,2024-06-16T01:19:29,2024-06-16T05:01:29,2024-06-16T02:42:35.834740,2024-06-16T06:24:35.834740,222,DELAYED,0.9,0.83
TR00323,UA2930,LOC014,LOC012,2025-02-19T06:47:44,2025-02-19T11:25:44,2025-02-19T10:21:45.151331,2025-02-19T14:59:45.151331,278,DELAYED,0.37,0.85
TR00324,UA2013,LOC031,LOC019,2025-03-28T17:14:22,2025-03-28T21:12:22,2025-03-28T19:24:30.059072,2025-03-28T23:22:30.059072,238,DELAYED,0.84,0.45
TR00325,UA8201,LOC050,LOC028,2026-03-28T05:57:48,2026-03-28T05:57:48,2026-03-28T07:47:56.337880,2026-03-28T07:47:56.337880,0,COMPLETED,0.38,0.76
TR00326,UA4797,LOC022,LOC016,2024-04-21T08:32:50,2024-04-21T11:17:50,2024-04-21T12:38:54.683683,2024-04-21T15:23:54.683683,165,DELAYED,0.73,0.77
TR00327,UA3214,LOC055,LOC038,2025-03-17T20:52:22,2025-03-17T21:59:22,2025-03-18T04:45:46.824633,2025-03-18T05:52:46.824633,67,DELAYED,0.27,1.0
TR00328,UA6584,LOC013,LOC065,2024-08-03T07:58:45,2024-08-03T08:54:45,2024-08-03T15:35:41.242950,2024-08-03T16:31:41.242950,56,DELAYED,0.03,0.61
TR00329,UA6224,LOC061,LOC028,2024-04-10T21:13:57,2024-04-10T21:13:57,2024-04-11T00:32:39.952437,2024-04-11T00:32:39.952437,0,IN_TRANSIT,0.07,0.58
TR00330,UA6394,LOC068,LOC017,2025-12-19T05:09:23,2025-12-19T05:09:23,2025-12-19T12:02:33.541472,2025-12-19T12:02:33.541472,0,IN_TRANSIT,0.78,0.55
TR00331,UA9645,LOC012,LOC019,2025-02-07T20:50:23,2025-02-07T20:50:23,2025-02-08T00:49:36.810817,2025-02-08T00:49:36.810817,0,BOARDING,0.21,0.72
TR00332,UA7081,LOC058,LOC061,2024-09-01T12:04:30,2024-09-01T12:04:30,2024-09-01T15:10:03.382941,2024-09-01T15:10:03.382941,0,ON_TIME,0.62,0.47
TR00333,UA9242,LOC031,LOC012,2026-03-10T20:32:41,2026-03-10T20:32:41,2026-03-11T04:27:03.189627,2026-03-11T04:27:03.189627,0,COMPLETED,0.46,0.49
TR00334,UA9210,LOC024,LOC055,2024-05-29T07:37:13,2024-05-29T07:37:13,2024-05-29T11:23:06.304282,2024-05-29T11:23:06.304282,0,COMPLETED,0.51,0.88
TR00335,UA8206,LOC024,LOC019,2026-02-10T03:42:43,2026-02-10T03:42:43,2026-02-10T11:01:33.597596,2026-02-10T11:01:33.597596,0,BOARDING,0.54,0.68
TR00336,UA4622,LOC052,LOC031,2024-12-13T15:34:01,2024-12-14T15:14:01,2024-12-13T22:32:34.856005,2024-12-14T22:12:34.856005,1420,CANCELLED,0.47,0.53
TR00337,UA1684,LOC018,LOC013,2025-03-16T16:59:30,2025-03-16T16:59:30,2025-03-16T22:22:33.839743,2025-03-16T22:22:33.839743,0,BOARDING,0.26,0.28
TR00338,UA2986,LOC065,LOC013,2024-02-19T18:18:15,2024-02-19T18:18:15,2024-02-19T23:03:30.401633,2024-02-19T23:03:30.401633,0,COMPLETED,0.73,0.09
TR00339,UA4986,LOC072,LOC022,2025-09-03T02:46:18,2025-09-03T05:32:18,2025-09-03T04:47:39.039710,2025-09-03T07:33:39.039710,166,DELAYED,0.11,0.14
TR00340,UA7872,LOC013,LOC036,2025-06-10T02:04:14,2025-06-10T02:04:14,2025-06-10T07:18:49.670862,2025-06-10T07:18:49.670862,0,ON_TIME,0.19,0.69
TR00341,UA5240,LOC038,LOC055,2024-09-09T21:52:00,2024-09-09T21:52:00,2024-09-10T01:43:52.232849,2024-09-10T01:43:52.232849,0,ON_TIME,0.87,0.6
TR00342,UA3428,LOC018,LOC052,2026-01-04T06:03:12,2026-01-04T07:15:12,2026-01-04T09:34:46.512776,2026-01-04T10:46:46.512776,72,DELAYED,0.64,0.6
TR00343,UA1367,LOC022,LOC013,2025-12-03T22:44:16,2025-12-04T01:46:16,2025-12-04T06:10:55.023708,2025-12-04T09:12:55.023708,182,DELAYED,0.66,0.4
TR00344,UA5990,LOC065,LOC018,2025-07-11T07:14:27,2025-07-11T07:14:27,2025-07-11T13:14:29.489064,2025-07-11T13:14:29.489064,0,IN_TRANSIT,0.89,0.05
TR00345,UA5222,LOC014,LOC019,2026-03-01T12:16:04,2026-03-01T12:16:04,2026-03-01T19:20:03.592794,2026-03-01T19:20:03.592794,0,IN_TRANSIT,0.32,0.96
TR00346,UA5541,LOC058,LOC024,2025-04-20T23:22:25,2025-04-20T23:22:25,2025-04-21T01:14:02.450356,2025-04-21T01:14:02.450356,0,BOARDING,0.11,0.57
TR00347,UA4452,LOC031,LOC035,2025-04-01T04:11:14,2025-04-01T04:11:14,2025-04-01T06:31:33.604851,2025-04-01T06:31:33.604851,0,IN_TRANSIT,0.32,0.55
TR00348,UA2668,LOC018,LOC014,2025-09-15T01:52:09,2025-09-15T01:52:09,2025-09-15T08:00:31.549035,2025-09-15T08:00:31.549035,0,ON_TIME,0.31,0.01
TR00349,UA8061,LOC072,LOC065,2025-10-11T07:02:09,2025-10-11T07:48:09,2025-10-11T08:23:05.330430,2025-10-11T09:09:05.330430,46,DELAYED,0.36,0.64
TR00350,UA3212,LOC028,LOC017,2024-12-31T06:05:54,2024-12-31T08:23:54,2024-12-31T09:55:07.310229,2024-12-31T12:13:07.310229,138,DELAYED,0.51,0.89
TR00351,UA9966,LOC052,LOC028,2025-04-25T12:30:45,2025-04-25T17:16:45,2025-04-25T20:07:43.804056,2025-04-26T00:53:43.804056,286,DELAYED,0.88,0.28
TR00352,UA8045,LOC036,LOC024,2025-05-22T08:53:25,2025-05-22T08:53:25,2025-05-22T14:25:48.009349,2025-05-22T14:25:48.009349,0,ON_TIME,0.09,0.23
TR00353,UA9230,LOC019,LOC068,2024-11-23T01:46:18,2024-11-23T01:46:18,2024-11-23T08:16:25.555832,2024-11-23T08:16:25.555832,0,ON_TIME,0.8,0.87
TR00354,UA9905,LOC022,LOC068,2025-01-08T21:14:54,2025-01-09T00:45:54,2025-01-09T00:18:44.231701,2025-01-09T03:49:44.231701,211,DELAYED,0.2,0.97
TR00355,UA6482,LOC068,LOC019,2025-12-17T14:01:01,2025-12-17T17:55:01,2025-12-17T19:33:39.652131,2025-12-17T23:27:39.652131,234,DELAYED,0.36,0.06
TR00356,UA1226,LOC028,LOC017,2024-08-19T00:43:03,2024-08-19T00:43:03,2024-08-19T05:37:33.769895,2024-08-19T05:37:33.769895,0,COMPLETED,0.56,0.78
TR00357,UA8879,LOC068,LOC008,2024-08-29T02:59:12,2024-08-29T02:59:12,2024-08-29T10:20:02.485295,2024-08-29T10:20:02.485295,0,COMPLETED,0.25,0.56
TR00358,UA2017,LOC014,LOC055,2024-02-27T03:54:57,2024-02-27T08:18:57,2024-02-27T08:59:29.250312,2024-02-27T13:23:29.250312,264,DELAYED,0.29,0.45
TR00359,UA3303,LOC018,LOC052,2024-05-03T10:13:38,2024-05-03T10:13:38,2024-05-03T14:18:26.448808,2024-05-03T14:18:26.448808,0,BOARDING,0.41,0.47
TR00360,UA4830,LOC065,LOC050,2024-04-01T06:17:14,2024-04-01T06:17:14,2024-04-01T13:57:32.617245,2024-04-01T13:57:32.617245,0,ON_TIME,0.45,0.32
TR00361,UA5288,LOC038,LOC031,2024-07-01T20:51:01,2024-07-02T01:16:01,2024-07-02T01:14:42.593555,2024-07-02T05:39:42.593555,265,DELAYED,0.08,0.1
TR00362,UA1850,LOC031,LOC072,2024-08-17T09:54:30,2024-08-17T10:41:30,2024-08-17T16:01:22.601045,2024-08-17T16:48:22.601045,47,DELAYED,0.8,0.2
TR00363,UA7482,LOC065,LOC022,2024-06-16T06:23:45,2024-06-16T19:10:45,2024-06-16T12:08:35.437744,2024-06-17T00:55:35.437744,767,CANCELLED,0.37,0.43
TR00364,UA5878,LOC072,LOC055,2025-11-28T08:57:28,2025-11-28T08:57:28,2025-11-28T10:38:21.028832,2025-11-28T10:38:21.028832,0,IN_TRANSIT,0.54,0.44
TR00365,UA5397,LOC017,LOC038,2024-07-14T21:42:43,2024-07-14T21:42:43,2024-07-15T05:11:49.730492,2024-07-15T05:11:49.730492,0,BOARDING,0.76,0.32
TR00366,UA2934,LOC065,LOC019,2024-08-19T23:18:26,2024-08-19T23:18:26,2024-08-20T01:05:15.732315,2024-08-20T01:05:15.732315,0,IN_TRANSIT,0.41,0.36
TR00367,UA6163,LOC008,LOC058,2024-04-24T02:07:19,2024-04-24T06:31:19,2024-04-24T03:48:18.381795,2024-04-24T08:12:18.381795,264,DELAYED,0.76,0.22
TR00368,UA4377,LOC028,LOC061,2025-03-14T19:26:27,2025-03-14T20:34:27,2025-03-14T21:17:23.309200,2025-03-14T22:25:23.309200,68,DELAYED,0.22,0.18
TR00369,UA776,LOC055,LOC036,2025-05-31T21:00:24,2025-05-31T21:00:24,2025-06-01T01:24:22.050472,2025-06-01T01:24:22.050472,0,BOARDING,0.7,0.97
TR00370,UA130,LOC012,LOC008,2025-05-12T00:36:54,2025-05-12T03:21:54,2025-05-12T03:27:42.083695,2025-05-12T06:12:42.083695,165,DELAYED,0.32,0.91
TR00371,UA9346,LOC022,LOC055,2026-06-18T20:45:44,2026-06-18T21:52:44,2026-06-19T00:13:38.676393,2026-06-19T01:20:38.676393,67,DELAYED,0.89,0.07
TR00372,UA939,LOC008,LOC055,2025-01-06T16:02:15,2025-01-06T16:02:15,2025-01-06T18:14:29.144298,2025-01-06T18:14:29.144298,0,BOARDING,0.59,0.99
TR00373,UA5264,LOC028,LOC055,2026-01-18T03:13:43,2026-01-18T03:13:43,2026-01-18T10:04:41.860209,2026-01-18T10:04:41.860209,0,IN_TRANSIT,0.34,0.32
TR00374,UA9148,LOC072,LOC016,2025-11-07T06:27:32,2025-11-07T11:04:32,2025-11-07T11:30:59.218001,2025-11-07T16:07:59.218001,277,DELAYED,0.8,0.36
TR00375,UA3285,LOC072,LOC035,2025-09-28T17:27:18,2025-09-28T19:26:18,2025-09-28T21:30:04.513198,2025-09-28T23:29:04.513198,119,DELAYED,0.44,0.55
TR00376,UA4139,LOC024,LOC038,2024-07-09T11:32:56,2024-07-09T15:11:56,2024-07-09T17:41:58.851395,2024-07-09T21:20:58.851395,219,DELAYED,0.59,0.12
TR00377,UA4082,LOC072,LOC038,2026-05-07T16:32:03,2026-05-07T19:31:03,2026-05-07T17:58:01.085406,2026-05-07T20:57:01.085406,179,DELAYED,0.48,0.76
TR00378,UA5987,LOC019,LOC017,2025-04-14T23:43:56,2025-04-14T23:43:56,2025-04-15T04:58:38.177649,2025-04-15T04:58:38.177649,0,COMPLETED,0.14,0.9
TR00379,UA1134,LOC036,LOC012,2024-11-21T20:51:44,2024-11-21T23:49:44,2024-11-22T03:04:35.668326,2024-11-22T06:02:35.668326,178,DELAYED,0.49,0.47
TR00380,UA2880,LOC072,LOC058,2026-01-05T03:13:44,2026-01-05T05:45:44,2026-01-05T05:14:08.299942,2026-01-05T07:46:08.299942,152,DELAYED,0.86,0.95
TR00381,UA9565,LOC055,LOC013,2024-02-22T13:30:08,2024-02-22T14:49:08,2024-02-22T17:34:40.987498,2024-02-22T18:53:40.987498,79,DELAYED,0.36,0.57
TR00382,UA4840,LOC035,LOC038,2025-07-19T18:42:29,2025-07-19T22:35:29,2025-07-19T21:27:04.980912,2025-07-20T01:20:04.980912,233,DELAYED,0.36,0.78
TR00383,UA3239,LOC058,LOC061,2024-08-31T03:53:49,2024-08-31T03:53:49,2024-08-31T05:50:03.905661,2024-08-31T05:50:03.905661,0,IN_TRANSIT,0.25,0.89
TR00384,UA2857,LOC018,LOC022,2025-08-30T01:52:00,2025-08-30T03:47:00,2025-08-30T04:13:59.146910,2025-08-30T06:08:59.146910,115,DELAYED,0.76,0.57
TR00385,UA5642,LOC028,LOC018,2024-10-24T11:12:45,2024-10-24T14:37:45,2024-10-24T13:36:43.484530,2024-10-24T17:01:43.484530,205,DELAYED,0.26,0.72
TR00386,UA4321,LOC036,LOC052,2025-06-20T01:43:31,2025-06-20T01:43:31,2025-06-20T05:40:49.564011,2025-06-20T05:40:49.564011,0,ON_TIME,0.76,0.47
TR00387,UA1678,LOC024,LOC050,2024-04-12T14:43:19,2024-04-12T14:43:19,2024-04-12T19:11:50.303478,2024-04-12T19:11:50.303478,0,IN_TRANSIT,0.06,0.92
TR00388,UA5308,LOC072,LOC068,2024-03-16T23:34:42,2024-03-17T03:45:42,2024-03-17T03:13:21.765424,2024-03-17T07:24:21.765424,251,DELAYED,0.58,0.47
TR00389,UA1208,LOC065,LOC024,2024-02-18T17:54:46,2024-02-18T21:57:46,2024-02-18T22:20:42.974626,2024-02-19T02:23:42.974626,243,DELAYED,0.71,0.61
TR00390,UA8768,LOC024,LOC022,2025-01-26T18:01:29,2025-01-26T22:20:29,2025-01-27T00:28:19.288963,2025-01-27T04:47:19.288963,259,DELAYED,0.78,0.45
TR00391,UA9721,LOC036,LOC014,2025-08-28T03:48:53,2025-08-28T03:48:53,2025-08-28T10:49:05.995042,2025-08-28T10:49:05.995042,0,COMPLETED,0.26,0.88
TR00392,UA4369,LOC018,LOC017,2024-10-16T19:33:13,2024-10-16T19:33:13,2024-10-16T20:35:53.269688,2024-10-16T20:35:53.269688,0,BOARDING,0.56,0.09
TR00393,UA9701,LOC055,LOC031,2026-02-12T00:30:13,2026-02-12T00:30:13,2026-02-12T07:14:25.691818,2026-02-12T07:14:25.691818,0,COMPLETED,0.7,0.91
TR00394,UA5316,LOC018,LOC024,2025-12-21T00:40:46,2025-12-21T01:50:46,2025-12-21T02:20:45.075208,2025-12-21T03:30:45.075208,70,DELAYED,0.0,0.14
TR00395,UA7858,LOC013,LOC019,2025-09-09T11:29:15,2025-09-09T20:33:15,2025-09-09T14:42:50.077124,2025-09-09T23:46:50.077124,544,CANCELLED,0.7,0.5
TR00396,UA6076,LOC024,LOC008,2025-05-17T15:55:16,2025-05-17T18:30:16,2025-05-17T20:47:35.383416,2025-05-17T23:22:35.383416,155,DELAYED,0.69,0.71
TR00397,UA4266,LOC008,LOC019,2025-11-29T10:45:34,2025-11-29T14:38:34,2025-11-29T15:35:56.346722,2025-11-29T19:28:56.346722,233,DELAYED,0.84,0.55
TR00398,UA5285,LOC028,LOC022,2024-07-25T10:59:32,2024-07-25T10:59:32,2024-07-25T14:48:00.943721,2024-07-25T14:48:00.943721,0,COMPLETED,0.25,0.1
TR00399,UA3063,LOC022,LOC038,2025-05-22T20:01:13,2025-05-22T20:39:13,2025-05-22T21:30:03.408655,2025-05-22T22:08:03.408655,38,DELAYED,0.67,0.59
TR00400,UA5305,LOC022,LOC031,2025-10-18T02:17:22,2025-10-18T02:17:22,2025-10-18T06:27:57.457178,2025-10-18T06:27:57.457178,0,ON_TIME,0.11,0.98
TR00401,UA2565,LOC008,LOC016,2025-05-04T00:09:40,2025-05-04T00:09:40,2025-05-04T01:47:26.685883,2025-05-04T01:47:26.685883,0,IN_TRANSIT,0.46,0.88
TR00402,UA5671,LOC024,LOC018,2026-05-30T03:12:48,2026-05-30T03:12:48,2026-05-30T10:30:22.217690,2026-05-30T10:30:22.217690,0,BOARDING,0.26,0.63
TR00403,UA8812,LOC024,LOC065,2024-10-12T18:35:46,2024-10-12T18:35:46,2024-10-12T22:24:42.026801,2024-10-12T22:24:42.026801,0,BOARDING,0.76,0.01
TR00404,UA479,LOC061,LOC068,2024-01-12T13:20:05,2024-01-12T14:37:05,2024-01-12T16:33:37.981737,2024-01-12T17:50:37.981737,77,DELAYED,0.65,0.63
TR00405,UA5342,LOC012,LOC008,2024-09-12T01:02:28,2024-09-12T01:02:28,2024-09-12T07:51:55.466236,2024-09-12T07:51:55.466236,0,IN_TRANSIT,0.87,0.13
TR00406,UA731,LOC058,LOC072,2025-01-24T07:03:33,2025-01-24T07:03:33,2025-01-24T13:02:49.103144,2025-01-24T13:02:49.103144,0,IN_TRANSIT,0.4,0.72
TR00407,UA8265,LOC017,LOC012,2025-10-07T22:11:10,2025-10-07T23:27:10,2025-10-08T02:45:37.041777,2025-10-08T04:01:37.041777,76,DELAYED,0.19,0.95
TR00408,UA1959,LOC036,LOC014,2024-05-24T19:21:24,2024-05-24T22:03:24,2024-05-24T23:49:00.537364,2024-05-25T02:31:00.537364,162,DELAYED,0.5,0.3
TR00409,UA7849,LOC072,LOC061,2026-01-26T08:43:53,2026-01-26T08:43:53,2026-01-26T10:25:37.597745,2026-01-26T10:25:37.597745,0,COMPLETED,0.05,0.43
TR00410,UA2320,LOC035,LOC022,2025-06-03T17:09:42,2025-06-03T18:35:42,2025-06-03T19:28:36.655743,2025-06-03T20:54:36.655743,86,DELAYED,0.62,0.07
TR00411,UA5356,LOC052,LOC035,2024-08-18T04:05:42,2024-08-18T05:29:42,2024-08-18T08:16:06.714032,2024-08-18T09:40:06.714032,84,DELAYED,0.31,0.87
TR00412,UA9312,LOC008,LOC050,2024-03-06T06:49:23,2024-03-06T11:08:23,2024-03-06T13:12:20.867159,2024-03-06T17:31:20.867159,259,DELAYED,0.4,0.14
TR00413,UA3344,LOC055,LOC016,2024-08-06T00:17:28,2024-08-06T02:58:28,2024-08-06T06:21:06.797424,2024-08-06T09:02:06.797424,161,DELAYED,0.83,0.36
TR00414,UA3133,LOC024,LOC035,2025-01-07T20:43:12,2025-01-07T20:43:12,2025-01-08T01:49:18.512164,2025-01-08T01:49:18.512164,0,BOARDING,0.96,0.53
TR00415,UA7478,LOC061,LOC065,2026-03-07T13:59:18,2026-03-07T15:17:18,2026-03-07T20:58:22.098216,2026-03-07T22:16:22.098216,78,DELAYED,0.69,0.19
TR00416,UA8138,LOC038,LOC022,2026-02-08T12:16:17,2026-02-08T16:41:17,2026-02-08T14:44:24.022962,2026-02-08T19:09:24.022962,265,DELAYED,0.19,0.83
TR00417,UA1451,LOC038,LOC058,2025-03-07T15:27:27,2025-03-07T16:58:27,2025-03-07T19:18:30.970831,2025-03-07T20:49:30.970831,91,DELAYED,0.13,0.32
TR00418,UA482,LOC008,LOC055,2024-11-10T04:37:38,2024-11-10T04:37:38,2024-11-10T12:23:56.737391,2024-11-10T12:23:56.737391,0,BOARDING,0.69,0.37
TR00419,UA3897,LOC028,LOC065,2024-10-07T10:00:34,2024-10-07T10:33:34,2024-10-07T17:15:07.858999,2024-10-07T17:48:07.858999,33,DELAYED,0.59,0.76
TR00420,UA2808,LOC035,LOC052,2025-10-11T03:19:48,2025-10-11T06:30:48,2025-10-11T09:58:09.603441,2025-10-11T13:09:09.603441,191,DELAYED,0.7,0.51
TR00421,UA1929,LOC052,LOC058,2024-02-29T17:29:08,2024-02-29T21:31:08,2024-02-29T21:17:27.151576,2024-03-01T01:19:27.151576,242,DELAYED,0.07,0.42
TR00422,UA6524,LOC052,LOC058,2024-01-15T07:56:17,2024-01-16T02:12:17,2024-01-15T14:17:19.489448,2024-01-16T08:33:19.489448,1096,CANCELLED,0.67,0.84
TR00423,UA2227,LOC065,LOC014,2025-07-14T08:53:49,2025-07-14T12:46:49,2025-07-14T16:16:19.248139,2025-07-14T20:09:19.248139,233,DELAYED,0.49,0.9
TR00424,UA5658,LOC014,LOC055,2025-06-16T18:35:13,2025-06-16T19:55:13,2025-06-16T21:53:15.456027,2025-06-16T23:13:15.456027,80,DELAYED,0.64,0.52
TR00425,UA694,LOC052,LOC072,2025-08-02T11:20:19,2025-08-02T11:20:19,2025-08-02T13:10:07.225515,2025-08-02T13:10:07.225515,0,ON_TIME,0.18,0.73
TR00426,UA8509,LOC052,LOC038,2025-06-07T18:58:29,2025-06-07T18:58:29,2025-06-07T22:15:24.709347,2025-06-07T22:15:24.709347,0,IN_TRANSIT,0.12,0.82
TR00427,UA3474,LOC019,LOC028,2024-01-05T06:03:15,2024-01-05T06:03:15,2024-01-05T10:19:44.066204,2024-01-05T10:19:44.066204,0,ON_TIME,0.14,0.11
TR00428,UA4025,LOC013,LOC019,2024-06-11T11:40:05,2024-06-11T11:40:05,2024-06-11T16:12:36.963137,2024-06-11T16:12:36.963137,0,ON_TIME,0.55,0.17
TR00429,UA4622,LOC016,LOC024,2026-01-20T00:01:39,2026-01-20T00:01:39,2026-01-20T01:54:05.248898,2026-01-20T01:54:05.248898,0,ON_TIME,0.69,0.44
TR00430,UA7810,LOC019,LOC018,2026-02-17T09:30:02,2026-02-17T10:51:02,2026-02-17T13:31:19.806667,2026-02-17T14:52:19.806667,81,DELAYED,1.0,0.62
TR00431,UA108,LOC061,LOC068,2024-11-09T08:24:51,2024-11-09T10:25:51,2024-11-09T15:07:50.402079,2024-11-09T17:08:50.402079,121,DELAYED,0.95,0.83
TR00432,UA5249,LOC008,LOC068,2024-11-23T20:57:10,2024-11-24T01:16:10,2024-11-23T22:24:17.825006,2024-11-24T02:43:17.825006,259,DELAYED,0.86,0.2
TR00433,UA7148,LOC050,LOC072,2024-08-17T14:36:04,2024-08-17T14:36:04,2024-08-17T16:31:54.052701,2024-08-17T16:31:54.052701,0,COMPLETED,0.62,0.79
TR00434,UA6292,LOC013,LOC028,2025-05-31T13:09:59,2025-05-31T15:52:59,2025-05-31T20:56:20.764562,2025-05-31T23:39:20.764562,163,DELAYED,0.53,0.73
TR00435,UA7179,LOC017,LOC012,2026-02-23T11:03:41,2026-02-23T15:38:41,2026-02-23T12:05:12.943475,2026-02-23T16:40:12.943475,275,DELAYED,0.24,0.91
TR00436,UA8869,LOC012,LOC016,2025-02-28T18:48:25,2025-02-28T20:37:25,2025-02-28T23:36:15.905908,2025-03-01T01:25:15.905908,109,DELAYED,0.09,0.96
TR00437,UA3029,LOC058,LOC017,2026-04-04T16:14:04,2026-04-04T16:14:04,2026-04-04T21:35:20.441126,2026-04-04T21:35:20.441126,0,COMPLETED,0.19,0.73
TR00438,UA3508,LOC014,LOC018,2025-08-29T21:59:09,2025-08-29T21:59:09,2025-08-30T05:30:49.807718,2025-08-30T05:30:49.807718,0,COMPLETED,0.25,0.66
TR00439,UA3355,LOC022,LOC038,2026-04-01T08:40:31,2026-04-01T11:33:31,2026-04-01T13:01:10.620706,2026-04-01T15:54:10.620706,173,DELAYED,0.32,0.98
TR00440,UA5369,LOC013,LOC024,2024-11-01T12:03:14,2024-11-01T16:08:14,2024-11-01T15:46:54.410387,2024-11-01T19:51:54.410387,245,DELAYED,0.57,0.55
TR00441,UA8445,LOC018,LOC019,2025-11-06T15:39:04,2025-11-06T15:39:04,2025-11-06T23:35:47.773119,2025-11-06T23:35:47.773119,0,BOARDING,0.74,0.26
TR00442,UA3960,LOC013,LOC018,2024-03-02T05:52:45,2024-03-02T05:52:45,2024-03-02T09:04:56.064555,2024-03-02T09:04:56.064555,0,COMPLETED,0.33,0.67
TR00443,UA9834,LOC024,LOC061,2025-12-07T17:51:30,2025-12-07T20:50:30,2025-12-07T23:56:01.778110,2025-12-08T02:55:01.778110,179,DELAYED,0.62,0.55
TR00444,UA3947,LOC008,LOC058,2026-04-29T22:13:50,2026-04-29T22:13:50,2026-04-30T05:38:48.524258,2026-04-30T05:38:48.524258,0,COMPLETED,0.36,0.67
TR00445,UA6497,LOC024,LOC050,2025-03-26T19:11:23,2025-03-26T22:36:23,2025-03-27T00:56:48.368060,2025-03-27T04:21:48.368060,205,DELAYED,0.91,0.51
TR00446,UA5813,LOC035,LOC068,2026-04-16T23:37:51,2026-04-16T23:37:51,2026-04-17T02:50:43.355267,2026-04-17T02:50:43.355267,0,IN_TRANSIT,0.01,0.99
TR00447,UA8936,LOC072,LOC050,2025-12-10T01:10:52,2025-12-10T17:25:52,2025-12-10T04:26:04.722712,2025-12-10T20:41:04.722712,975,CANCELLED,0.56,0.0
TR00448,UA3848,LOC058,LOC016,2024-03-10T03:35:22,2024-03-10T03:35:22,2024-03-10T08:58:18.761003,2024-03-10T08:58:18.761003,0,BOARDING,0.52,0.69
TR00449,UA4445,LOC019,LOC038,2025-03-17T22:23:40,2025-03-17T22:53:40,2025-03-18T05:37:42.019804,2025-03-18T06:07:42.019804,30,DELAYED,0.17,0.97
TR00450,UA7444,LOC028,LOC019,2025-05-31T16:25:42,2025-05-31T19:08:42,2025-05-31T20:13:35.739902,2025-05-31T22:56:35.739902,163,DELAYED,0.85,0.54
TR00451,UA6023,LOC068,LOC072,2024-01-28T19:54:57,2024-01-28T19:54:57,2024-01-29T03:49:23.944283,2024-01-29T03:49:23.944283,0,BOARDING,0.79,0.05
TR00452,UA8629,LOC012,LOC061,2025-09-24T18:35:52,2025-09-24T18:35:52,2025-09-24T19:37:06.250658,2025-09-24T19:37:06.250658,0,BOARDING,0.99,0.52
TR00453,UA7642,LOC017,LOC036,2024-04-07T13:17:47,2024-04-07T17:36:47,2024-04-07T19:18:00.955755,2024-04-07T23:37:00.955755,259,DELAYED,0.56,0.71
TR00454,UA6091,LOC008,LOC061,2026-01-07T03:17:49,2026-01-07T03:17:49,2026-01-07T09:15:12.416578,2026-01-07T09:15:12.416578,0,IN_TRANSIT,0.11,0.15
TR00455,UA3097,LOC024,LOC068,2025-10-10T04:01:31,2025-10-10T04:01:31,2025-10-10T07:28:10.878828,2025-10-10T07:28:10.878828,0,ON_TIME,0.35,0.38
TR00456,UA2849,LOC072,LOC008,2025-12-21T02:08:18,2025-12-21T06:05:18,2025-12-21T08:34:22.878744,2025-12-21T12:31:22.878744,237,DELAYED,0.84,0.22
TR00457,UA4928,LOC008,LOC055,2026-06-07T09:53:23,2026-06-07T14:27:23,2026-06-07T14:47:00.188865,2026-06-07T19:21:00.188865,274,DELAYED,0.12,0.2
TR00458,UA6903,LOC072,LOC017,2024-12-24T18:15:44,2024-12-24T18:15:44,2024-12-24T20:57:21.109232,2024-12-24T20:57:21.109232,0,ON_TIME,0.21,0.12
TR00459,UA4705,LOC036,LOC061,2025-05-04T14:44:42,2025-05-04T14:44:42,2025-05-04T16:33:25.698041,2025-05-04T16:33:25.698041,0,COMPLETED,0.01,0.71
TR00460,UA3734,LOC035,LOC008,2024-12-12T06:17:50,2024-12-12T06:51:50,2024-12-12T10:12:29.167708,2024-12-12T10:46:29.167708,34,DELAYED,0.72,0.82
TR00461,UA2551,LOC018,LOC055,2025-11-28T22:02:58,2025-11-28T22:02:58,2025-11-29T05:00:11.049776,2025-11-29T05:00:11.049776,0,BOARDING,0.05,0.95
TR00462,UA9290,LOC065,LOC058,2025-02-15T04:45:00,2025-02-15T04:45:00,2025-02-15T06:30:52.207444,2025-02-15T06:30:52.207444,0,IN_TRANSIT,0.24,0.0
TR00463,UA9089,LOC072,LOC036,2025-04-11T11:20:35,2025-04-11T11:20:35,2025-04-11T15:45:12.360238,2025-04-11T15:45:12.360238,0,IN_TRANSIT,0.92,0.34
TR00464,UA1007,LOC035,LOC038,2024-03-01T03:13:51,2024-03-01T04:15:51,2024-03-01T08:50:01.614951,2024-03-01T09:52:01.614951,62,DELAYED,0.59,1.0
TR00465,UA6010,LOC065,LOC028,2024-12-22T11:22:14,2024-12-22T11:22:14,2024-12-22T12:54:08.592180,2024-12-22T12:54:08.592180,0,COMPLETED,0.59,0.03
TR00466,UA5855,LOC022,LOC072,2026-06-19T07:42:06,2026-06-19T11:25:06,2026-06-19T15:12:10.888640,2026-06-19T18:55:10.888640,223,DELAYED,0.85,0.63
TR00467,UA2846,LOC065,LOC035,2025-01-29T19:05:50,2025-01-29T23:24:50,2025-01-30T01:02:44.561865,2025-01-30T05:21:44.561865,259,DELAYED,0.54,0.72
TR00468,UA5023,LOC008,LOC028,2025-09-05T07:40:47,2025-09-05T07:40:47,2025-09-05T15:39:48.796007,2025-09-05T15:39:48.796007,0,COMPLETED,0.35,0.37
TR00469,UA5029,LOC036,LOC018,2025-02-16T05:33:30,2025-02-16T05:33:30,2025-02-16T08:21:19.990425,2025-02-16T08:21:19.990425,0,IN_TRANSIT,0.53,0.08
TR00470,UA6358,LOC017,LOC065,2024-01-07T15:45:25,2024-01-07T18:33:25,2024-01-07T22:10:18.465393,2024-01-08T00:58:18.465393,168,DELAYED,0.25,0.84
TR00471,UA9329,LOC052,LOC038,2026-04-04T11:31:35,2026-04-04T11:31:35,2026-04-04T17:43:15.430134,2026-04-04T17:43:15.430134,0,IN_TRANSIT,0.92,0.14
TR00472,UA539,LOC031,LOC036,2024-12-22T01:58:21,2024-12-22T06:27:21,2024-12-22T04:07:04.180027,2024-12-22T08:36:04.180027,269,DELAYED,0.93,0.51
TR00473,UA2761,LOC035,LOC058,2024-03-03T23:35:43,2024-03-04T02:37:43,2024-03-04T00:49:04.568259,2024-03-04T03:51:04.568259,182,DELAYED,0.97,0.99
TR00474,UA7924,LOC012,LOC052,2024-12-10T13:20:17,2024-12-10T13:20:17,2024-12-10T18:27:21.804774,2024-12-10T18:27:21.804774,0,COMPLETED,0.19,0.47
TR00475,UA702,LOC016,LOC061,2025-11-28T21:15:05,2025-11-28T22:52:05,2025-11-29T05:02:00.530510,2025-11-29T06:39:00.530510,97,DELAYED,0.48,0.06
TR00476,UA1051,LOC061,LOC016,2025-01-06T05:49:08,2025-01-06T09:22:08,2025-01-06T12:55:59.932769,2025-01-06T16:28:59.932769,213,DELAYED,0.51,0.84
TR00477,UA4934,LOC013,LOC050,2025-09-08T16:29:38,2025-09-08T16:29:38,2025-09-08T22:39:00.719664,2025-09-08T22:39:00.719664,0,BOARDING,0.3,0.73
TR00478,UA101,LOC055,LOC050,2024-01-04T11:54:05,2024-01-04T13:15:05,2024-01-04T13:21:07.230860,2024-01-04T14:42:07.230860,81,DELAYED,0.48,0.73
TR00479,UA8026,LOC036,LOC008,2025-10-29T23:57:47,2025-10-29T23:57:47,2025-10-30T03:27:55.772445,2025-10-30T03:27:55.772445,0,COMPLETED,0.11,0.22
TR00480,UA6105,LOC072,LOC013,2024-03-15T04:45:42,2024-03-15T04:45:42,2024-03-15T07:02:25.946628,2024-03-15T07:02:25.946628,0,BOARDING,0.11,0.73
TR00481,UA3175,LOC028,LOC016,2024-04-28T05:25:35,2024-04-28T05:25:35,2024-04-28T09:23:19.656989,2024-04-28T09:23:19.656989,0,BOARDING,0.07,0.83
TR00482,UA2092,LOC014,LOC035,2025-03-01T01:50:28,2025-03-01T01:50:28,2025-03-01T04:32:27.352110,2025-03-01T04:32:27.352110,0,IN_TRANSIT,0.88,0.73
TR00483,UA9539,LOC038,LOC052,2026-04-11T11:51:03,2026-04-11T11:51:03,2026-04-11T16:30:32.008275,2026-04-11T16:30:32.008275,0,BOARDING,0.54,0.92
TR00484,UA7067,LOC065,LOC072,2026-04-29T00:42:32,2026-04-29T00:42:32,2026-04-29T08:14:45.842772,2026-04-29T08:14:45.842772,0,IN_TRANSIT,0.15,0.52
TR00485,UA4261,LOC052,LOC036,2025-10-09T09:45:17,2025-10-09T12:16:17,2025-10-09T17:40:48.937812,2025-10-09T20:11:48.937812,151,DELAYED,0.98,0.11
TR00486,UA9374,LOC035,LOC068,2024-01-26T09:19:34,2024-01-26T09:19:34,2024-01-26T12:10:29.034966,2024-01-26T12:10:29.034966,0,ON_TIME,0.06,0.7
TR00487,UA6643,LOC013,LOC036,2026-02-18T10:39:51,2026-02-18T13:19:51,2026-02-18T14:46:35.861202,2026-02-18T17:26:35.861202,160,DELAYED,0.47,0.63
TR00488,UA2536,LOC058,LOC035,2025-04-20T16:07:01,2025-04-20T16:07:01,2025-04-20T18:39:28.303047,2025-04-20T18:39:28.303047,0,BOARDING,0.13,0.13
TR00489,UA6532,LOC018,LOC014,2024-03-20T12:42:49,2024-03-20T12:42:49,2024-03-20T20:07:23.561547,2024-03-20T20:07:23.561547,0,ON_TIME,0.87,0.82
TR00490,UA7753,LOC012,LOC028,2026-02-10T11:55:01,2026-02-10T11:55:01,2026-02-10T14:17:36.138672,2026-02-10T14:17:36.138672,0,COMPLETED,0.29,0.14
TR00491,UA8978,LOC016,LOC068,2026-06-20T06:32:17,2026-06-20T08:58:17,2026-06-20T09:59:15.502561,2026-06-20T12:25:15.502561,146,DELAYED,0.75,0.85
TR00492,UA4133,LOC035,LOC016,2024-11-27T12:40:16,2024-11-27T12:40:16,2024-11-27T15:08:21.303544,2024-11-27T15:08:21.303544,0,IN_TRANSIT,0.09,0.53
TR00493,UA7249,LOC028,LOC008,2026-04-09T16:19:07,2026-04-09T20:11:07,2026-04-09T23:22:55.257985,2026-04-10T03:14:55.257985,232,DELAYED,0.1,0.86
TR00494,UA5101,LOC036,LOC050,2026-05-08T01:26:44,2026-05-08T04:07:44,2026-05-08T07:14:17.095213,2026-05-08T09:55:17.095213,161,DELAYED,0.8,0.91
TR00495,UA3920,LOC058,LOC061,2025-03-22T16:54:25,2025-03-22T19:39:25,2025-03-22T20:04:27.510142,2025-03-22T22:49:27.510142,165,DELAYED,0.36,0.64
TR00496,UA8022,LOC052,LOC061,2024-06-29T00:00:30,2024-06-29T01:01:30,2024-06-29T01:58:25.017306,2024-06-29T02:59:25.017306,61,DELAYED,0.8,0.07
TR00497,UA8653,LOC031,LOC055,2024-12-30T19:13:26,2024-12-30T19:13:26,2024-12-31T00:18:55.532181,2024-12-31T00:18:55.532181,0,IN_TRANSIT,0.03,0.5
TR00498,UA8230,LOC065,LOC019,2025-08-27T07:57:35,2025-08-27T07:57:35,2025-08-27T09:17:02.143336,2025-08-27T09:17:02.143336,0,ON_TIME,0.08,0.08
TR00499,UA9074,LOC068,LOC050,2026-05-21T02:27:03,2026-05-21T03:22:03,2026-05-21T10:10:34.339128,2026-05-21T11:05:34.339128,55,DELAYED,0.64,0.17
TR00500,UA3579,LOC019,LOC031,2025-05-25T10:37:32,2025-05-25T14:15:32,2025-05-25T12:31:09.736245,2025-05-25T16:09:09.736245,218,DELAYED,0.59,0.86
TR00501,UA2606,LOC031,LOC038,2024-10-02T07:51:49,2024-10-02T07:51:49,2024-10-02T12:52:49.308125,2024-10-02T12:52:49.308125,0,ON_TIME,0.38,0.78
TR00502,UA217,LOC031,LOC055,2026-04-26T17:25:51,2026-04-26T17:25:51,2026-04-27T00:22:24.587080,2026-04-27T00:22:24.587080,0,ON_TIME,0.25,0.53
TR00503,UA4038,LOC028,LOC019,2024-11-07T02:07:30,2024-11-07T04:36:30,2024-11-07T09:57:21.696386,2024-11-07T12:26:21.696386,149,DELAYED,0.65,0.25
TR00504,UA8253,LOC065,LOC055,2024-01-23T01:50:15,2024-01-23T04:34:15,2024-01-23T04:55:53.351361,2024-01-23T07:39:53.351361,164,DELAYED,0.64,0.98
TR00505,UA733,LOC012,LOC055,2025-10-29T04:56:19,2025-10-29T04:56:19,2025-10-29T11:03:12.701971,2025-10-29T11:03:12.701971,0,ON_TIME,0.95,0.69
TR00506,UA1251,LOC018,LOC013,2024-05-03T18:34:11,2024-05-03T18:34:11,2024-05-03T21:53:40.250161,2024-05-03T21:53:40.250161,0,COMPLETED,0.3,0.47
TR00507,UA7960,LOC058,LOC068,2025-05-25T17:36:50,2025-05-25T17:36:50,2025-05-26T01:03:54.826520,2025-05-26T01:03:54.826520,0,IN_TRANSIT,0.44,0.03
TR00508,UA3602,LOC014,LOC018,2025-01-16T12:29:38,2025-01-16T17:27:38,2025-01-16T18:02:56.994978,2025-01-16T23:00:56.994978,298,DELAYED,0.78,0.43
TR00509,UA9232,LOC052,LOC017,2026-01-15T10:38:45,2026-01-15T11:54:45,2026-01-15T11:53:25.691227,2026-01-15T13:09:25.691227,76,DELAYED,0.97,0.82
TR00510,UA8900,LOC035,LOC024,2024-02-02T03:24:45,2024-02-02T08:00:45,2024-02-02T04:45:03.785449,2024-02-02T09:21:03.785449,276,DELAYED,0.87,0.08
TR00511,UA2281,LOC013,LOC012,2024-06-03T12:08:07,2024-06-03T15:36:07,2024-06-03T18:18:08.002196,2024-06-03T21:46:08.002196,208,DELAYED,0.31,0.08
TR00512,UA9337,LOC019,LOC065,2024-07-20T18:10:59,2024-07-20T21:26:59,2024-07-20T23:00:22.941540,2024-07-21T02:16:22.941540,196,DELAYED,0.07,0.94
TR00513,UA1429,LOC008,LOC012,2025-02-05T02:08:27,2025-02-05T02:08:27,2025-02-05T04:39:37.594339,2025-02-05T04:39:37.594339,0,IN_TRANSIT,0.13,0.25
TR00514,UA4636,LOC024,LOC036,2024-09-19T13:37:13,2024-09-19T13:37:13,2024-09-19T21:16:43.376016,2024-09-19T21:16:43.376016,0,ON_TIME,0.15,0.39
TR00515,UA461,LOC012,LOC058,2025-03-30T02:21:13,2025-03-30T04:10:13,2025-03-30T04:20:06.570654,2025-03-30T06:09:06.570654,109,DELAYED,0.54,0.85
TR00516,UA4520,LOC035,LOC068,2025-02-03T09:06:09,2025-02-03T09:06:09,2025-02-03T16:48:58.606023,2025-02-03T16:48:58.606023,0,COMPLETED,0.43,0.08
TR00517,UA369,LOC013,LOC035,2025-10-07T13:46:59,2025-10-07T15:28:59,2025-10-07T21:04:08.672206,2025-10-07T22:46:08.672206,102,DELAYED,0.93,0.1
TR00518,UA1424,LOC024,LOC022,2024-09-08T10:37:58,2024-09-08T14:12:58,2024-09-08T14:35:19.690505,2024-09-08T18:10:19.690505,215,DELAYED,0.98,0.57
TR00519,UA1854,LOC038,LOC022,2025-10-24T11:11:08,2025-10-24T13:48:08,2025-10-24T18:39:40.744708,2025-10-24T21:16:40.744708,157,DELAYED,0.04,0.71
TR00520,UA8992,LOC016,LOC018,2024-11-13T01:09:02,2024-11-13T01:52:02,2024-11-13T02:23:20.803034,2024-11-13T03:06:20.803034,43,DELAYED,0.79,0.01
TR00521,UA5507,LOC038,LOC036,2024-09-11T14:54:25,2024-09-11T14:54:25,2024-09-11T16:49:25.790842,2024-09-11T16:49:25.790842,0,BOARDING,0.32,0.53
TR00522,UA4295,LOC024,LOC050,2025-07-15T11:04:23,2025-07-15T21:45:23,2025-07-15T12:39:12.931597,2025-07-15T23:20:12.931597,641,CANCELLED,0.29,0.59
TR00523,UA4854,LOC061,LOC024,2024-05-31T14:57:08,2024-05-31T19:45:08,2024-05-31T21:59:25.729243,2024-06-01T02:47:25.729243,288,DELAYED,0.72,0.87
TR00524,UA9799,LOC058,LOC031,2025-03-24T14:26:35,2025-03-24T17:23:35,2025-03-24T20:00:07.897271,2025-03-24T22:57:07.897271,177,DELAYED,0.32,0.47
TR00525,UA3989,LOC014,LOC072,2025-04-25T18:42:49,2025-04-25T19:47:49,2025-04-25T20:18:59.412495,2025-04-25T21:23:59.412495,65,DELAYED,0.75,0.75
TR00526,UA3147,LOC035,LOC018,2026-04-22T11:08:16,2026-04-22T11:08:16,2026-04-22T14:37:57.637772,2026-04-22T14:37:57.637772,0,COMPLETED,0.54,0.5
TR00527,UA2751,LOC036,LOC013,2026-05-02T08:17:52,2026-05-02T10:42:52,2026-05-02T13:35:00.874644,2026-05-02T16:00:00.874644,145,DELAYED,0.74,0.34
TR00528,UA5580,LOC055,LOC050,2024-04-16T13:12:43,2024-04-16T13:12:43,2024-04-16T20:07:23.219640,2024-04-16T20:07:23.219640,0,IN_TRANSIT,0.16,0.95
TR00529,UA2082,LOC068,LOC038,2024-04-28T09:54:09,2024-04-28T09:54:09,2024-04-28T14:11:38.181270,2024-04-28T14:11:38.181270,0,IN_TRANSIT,0.95,0.07
TR00530,UA6636,LOC018,LOC058,2024-08-29T16:01:06,2024-08-29T18:31:06,2024-08-29T18:31:00.582039,2024-08-29T21:01:00.582039,150,DELAYED,0.72,0.99
TR00531,UA8378,LOC068,LOC017,2024-07-07T15:38:39,2024-07-07T16:20:39,2024-07-07T22:49:09.906675,2024-07-07T23:31:09.906675,42,DELAYED,0.76,0.8
TR00532,UA1314,LOC072,LOC068,2024-01-06T04:05:05,2024-01-06T08:17:05,2024-01-06T10:21:42.784526,2024-01-06T14:33:42.784526,252,DELAYED,0.04,0.53
TR00533,UA3086,LOC014,LOC024,2025-01-07T03:07:27,2025-01-08T01:11:27,2025-01-07T06:31:09.143977,2025-01-08T04:35:09.143977,1324,CANCELLED,0.9,0.91
TR00534,UA337,LOC068,LOC018,2024-04-12T11:59:50,2024-04-12T11:59:50,2024-04-12T19:55:25.168173,2024-04-12T19:55:25.168173,0,COMPLETED,0.64,0.96
TR00535,UA9618,LOC022,LOC008,2025-02-23T12:14:05,2025-02-23T16:41:05,2025-02-23T13:49:09.054381,2025-02-23T18:16:09.054381,267,DELAYED,0.21,0.18
TR00536,UA8835,LOC072,LOC013,2024-10-05T00:30:10,2024-10-05T00:30:10,2024-10-05T07:23:04.183412,2024-10-05T07:23:04.183412,0,ON_TIME,0.44,0.28
TR00537,UA8335,LOC017,LOC065,2024-06-25T02:46:05,2024-06-25T04:35:05,2024-06-25T09:09:42.706070,2024-06-25T10:58:42.706070,109,DELAYED,0.5,0.74
TR00538,UA4913,LOC017,LOC036,2025-12-02T01:22:12,2025-12-02T01:22:12,2025-12-02T07:13:23.971001,2025-12-02T07:13:23.971001,0,COMPLETED,0.07,0.76
TR00539,UA2472,LOC012,LOC052,2025-06-08T08:01:28,2025-06-08T11:22:28,2025-06-08T13:06:20.801974,2025-06-08T16:27:20.801974,201,DELAYED,0.25,0.75
TR00540,UA4559,LOC052,LOC024,2024-07-07T15:34:32,2024-07-07T20:02:32,2024-07-07T23:14:26.267438,2024-07-08T03:42:26.267438,268,DELAYED,0.62,0.03
TR00541,UA2522,LOC024,LOC028,2026-02-16T10:36:56,2026-02-16T10:36:56,2026-02-16T18:35:57.109441,2026-02-16T18:35:57.109441,0,ON_TIME,0.54,0.48
TR00542,UA3546,LOC016,LOC017,2026-04-10T11:01:48,2026-04-10T11:01:48,2026-04-10T17:15:43.703599,2026-04-10T17:15:43.703599,0,ON_TIME,0.04,0.74
TR00543,UA729,LOC022,LOC050,2025-12-23T19:32:16,2025-12-23T19:32:16,2025-12-24T00:04:00.974933,2025-12-24T00:04:00.974933,0,IN_TRANSIT,0.24,0.68
TR00544,UA3072,LOC072,LOC028,2026-03-04T11:14:37,2026-03-04T11:14:37,2026-03-04T15:47:23.773679,2026-03-04T15:47:23.773679,0,COMPLETED,0.34,0.2
TR00545,UA7541,LOC036,LOC055,2024-07-08T16:07:30,2024-07-08T20:09:30,2024-07-08T22:39:57.564081,2024-07-09T02:41:57.564081,242,DELAYED,0.92,0.91
TR00546,UA2567,LOC013,LOC012,2026-01-17T13:59:50,2026-01-17T13:59:50,2026-01-17T15:35:24.871905,2026-01-17T15:35:24.871905,0,IN_TRANSIT,0.31,0.87
TR00547,UA3849,LOC055,LOC022,2025-03-08T07:47:49,2025-03-08T07:47:49,2025-03-08T15:31:27.895413,2025-03-08T15:31:27.895413,0,IN_TRANSIT,0.44,0.16
TR00548,UA5705,LOC072,LOC036,2024-05-09T08:27:35,2024-05-09T08:27:35,2024-05-09T11:54:04.240566,2024-05-09T11:54:04.240566,0,ON_TIME,0.98,0.95
TR00549,UA8710,LOC017,LOC038,2025-07-07T10:18:01,2025-07-07T10:18:01,2025-07-07T17:45:22.688717,2025-07-07T17:45:22.688717,0,ON_TIME,0.82,0.63
TR00550,UA1914,LOC065,LOC012,2024-05-22T23:07:51,2024-05-22T23:07:51,2024-05-23T03:02:56.973009,2024-05-23T03:02:56.973009,0,COMPLETED,0.36,0.9
TR00551,UA8732,LOC052,LOC014,2025-07-02T17:44:52,2025-07-02T22:16:52,2025-07-03T00:37:03.442245,2025-07-03T05:09:03.442245,272,DELAYED,0.21,0.19
TR00552,UA3840,LOC031,LOC024,2024-10-01T00:36:51,2024-10-01T00:36:51,2024-10-01T04:16:19.567673,2024-10-01T04:16:19.567673,0,BOARDING,0.05,0.25
TR00553,UA9481,LOC024,LOC014,2025-08-25T13:14:23,2025-08-25T13:14:23,2025-08-25T15:38:31.384850,2025-08-25T15:38:31.384850,0,IN_TRANSIT,0.69,0.99
TR00554,UA4807,LOC052,LOC050,2024-10-21T01:37:17,2024-10-21T01:37:17,2024-10-21T07:42:52.074078,2024-10-21T07:42:52.074078,0,COMPLETED,0.55,0.99
TR00555,UA8186,LOC058,LOC061,2026-04-27T02:25:24,2026-04-27T04:13:24,2026-04-27T10:06:25.908380,2026-04-27T11:54:25.908380,108,DELAYED,0.65,0.73
TR00556,UA5051,LOC035,LOC036,2025-01-23T18:57:44,2025-01-24T05:59:44,2025-01-24T02:21:09.229804,2025-01-24T13:23:09.229804,662,CANCELLED,0.66,0.56
TR00557,UA7059,LOC022,LOC072,2024-01-29T07:34:19,2024-01-29T07:34:19,2024-01-29T11:16:16.397191,2024-01-29T11:16:16.397191,0,IN_TRANSIT,0.62,0.23
TR00558,UA6737,LOC055,LOC052,2024-05-14T06:07:39,2024-05-14T06:07:39,2024-05-14T09:19:58.914410,2024-05-14T09:19:58.914410,0,COMPLETED,0.12,0.42
TR00559,UA3058,LOC055,LOC036,2024-04-08T12:57:10,2024-04-08T17:19:10,2024-04-08T14:12:37.576573,2024-04-08T18:34:37.576573,262,DELAYED,0.57,0.24
TR00560,UA5144,LOC022,LOC028,2024-09-09T02:41:21,2024-09-09T02:41:21,2024-09-09T09:53:37.927856,2024-09-09T09:53:37.927856,0,ON_TIME,0.59,0.07
TR00561,UA9995,LOC050,LOC019,2024-08-14T12:18:01,2024-08-14T12:18:01,2024-08-14T18:06:33.241787,2024-08-14T18:06:33.241787,0,IN_TRANSIT,0.1,0.02
TR00562,UA203,LOC058,LOC013,2025-06-15T10:27:24,2025-06-15T10:27:24,2025-06-15T13:28:42.550510,2025-06-15T13:28:42.550510,0,IN_TRANSIT,0.3,0.31
TR00563,UA8669,LOC072,LOC014,2024-09-06T01:54:07,2024-09-06T20:36:07,2024-09-06T05:20:39.454673,2024-09-07T00:02:39.454673,1122,CANCELLED,0.7,0.34
TR00564,UA8168,LOC061,LOC017,2026-03-22T00:48:11,2026-03-22T02:01:11,2026-03-22T08:06:06.893106,2026-03-22T09:19:06.893106,73,DELAYED,0.88,0.55
TR00565,UA9543,LOC050,LOC052,2026-04-10T19:07:59,2026-04-10T19:07:59,2026-04-11T01:28:34.415512,2026-04-11T01:28:34.415512,0,IN_TRANSIT,0.04,0.63
TR00566,UA9721,LOC016,LOC031,2024-10-28T15:11:55,2024-10-28T15:11:55,2024-10-28T21:22:41.911213,2024-10-28T21:22:41.911213,0,ON_TIME,0.43,0.82
TR00567,UA3562,LOC035,LOC072,2026-01-13T14:52:11,2026-01-13T14:52:11,2026-01-13T20:27:06.356912,2026-01-13T20:27:06.356912,0,COMPLETED,0.09,0.54
TR00568,UA1084,LOC058,LOC019,2025-06-29T20:29:32,2025-06-29T20:29:32,2025-06-29T22:30:40.243816,2025-06-29T22:30:40.243816,0,BOARDING,0.11,0.84
TR00569,UA5280,LOC061,LOC022,2024-02-16T06:37:06,2024-02-16T06:37:06,2024-02-16T07:46:01.562863,2024-02-16T07:46:01.562863,0,IN_TRANSIT,0.01,0.87
TR00570,UA6462,LOC013,LOC068,2025-06-12T10:51:30,2025-06-12T15:13:30,2025-06-12T15:14:12.337336,2025-06-12T19:36:12.337336,262,DELAYED,0.88,0.96
TR00571,UA806,LOC065,LOC061,2025-08-27T17:20:36,2025-08-27T17:20:36,2025-08-27T20:41:01.426597,2025-08-27T20:41:01.426597,0,IN_TRANSIT,0.4,0.23
TR00572,UA3840,LOC024,LOC016,2025-11-02T17:05:54,2025-11-02T17:05:54,2025-11-02T22:15:32.880567,2025-11-02T22:15:32.880567,0,BOARDING,0.88,0.24
TR00573,UA3250,LOC068,LOC038,2024-06-09T21:20:47,2024-06-10T00:34:47,2024-06-09T23:23:29.722664,2024-06-10T02:37:29.722664,194,DELAYED,0.77,0.58
TR00574,UA1432,LOC035,LOC061,2026-03-07T00:23:34,2026-03-07T16:28:34,2026-03-07T05:02:53.326644,2026-03-07T21:07:53.326644,965,CANCELLED,0.93,0.16
TR00575,UA3288,LOC013,LOC018,2025-09-17T04:46:25,2025-09-17T04:46:25,2025-09-17T11:41:18.355577,2025-09-17T11:41:18.355577,0,BOARDING,0.85,0.48
TR00576,UA4013,LOC035,LOC052,2024-11-25T21:21:14,2024-11-25T23:47:14,2024-11-26T01:25:09.506803,2024-11-26T03:51:09.506803,146,DELAYED,0.58,0.26
TR00577,UA2772,LOC014,LOC052,2024-09-17T05:42:38,2024-09-17T17:25:38,2024-09-17T10:14:48.114422,2024-09-17T21:57:48.114422,703,CANCELLED,0.31,0.13
TR00578,UA3696,LOC019,LOC065,2024-10-22T09:04:13,2024-10-22T09:04:13,2024-10-22T13:42:06.203597,2024-10-22T13:42:06.203597,0,IN_TRANSIT,0.18,0.27
TR00579,UA4642,LOC017,LOC036,2026-01-20T23:19:13,2026-01-20T23:19:13,2026-01-21T02:41:41.462789,2026-01-21T02:41:41.462789,0,BOARDING,0.53,0.2
TR00580,UA802,LOC013,LOC052,2026-06-29T20:52:45,2026-06-29T20:52:45,2026-06-29T21:53:27.906855,2026-06-29T21:53:27.906855,0,COMPLETED,0.93,0.49
TR00581,UA6343,LOC035,LOC038,2024-04-13T22:14:01,2024-04-14T00:16:01,2024-04-14T00:49:34.188869,2024-04-14T02:51:34.188869,122,DELAYED,0.56,0.56
TR00582,UA9275,LOC061,LOC072,2024-12-18T05:53:50,2024-12-18T05:53:50,2024-12-18T11:41:52.018005,2024-12-18T11:41:52.018005,0,ON_TIME,0.56,0.9
TR00583,UA9332,LOC065,LOC068,2026-02-06T23:38:32,2026-02-06T23:38:32,2026-02-07T06:47:57.163207,2026-02-07T06:47:57.163207,0,BOARDING,0.0,0.61
TR00584,UA625,LOC035,LOC068,2026-05-15T23:31:54,2026-05-15T23:31:54,2026-05-16T07:10:32.922758,2026-05-16T07:10:32.922758,0,COMPLETED,0.84,0.28
TR00585,UA4002,LOC068,LOC072,2025-12-12T06:00:14,2025-12-12T07:49:14,2025-12-12T12:58:57.335025,2025-12-12T14:47:57.335025,109,DELAYED,0.81,0.28
TR00586,UA3197,LOC008,LOC038,2025-08-24T14:40:51,2025-08-24T19:18:51,2025-08-24T20:56:27.808586,2025-08-25T01:34:27.808586,278,DELAYED,0.06,0.91
TR00587,UA7784,LOC018,LOC012,2025-05-15T13:00:31,2025-05-15T13:58:31,2025-05-15T16:06:44.550560,2025-05-15T17:04:44.550560,58,DELAYED,0.05,0.46
TR00588,UA7834,LOC022,LOC028,2025-07-27T00:30:01,2025-07-27T02:53:01,2025-07-27T07:11:19.335423,2025-07-27T09:34:19.335423,143,DELAYED,0.66,0.66
TR00589,UA4322,LOC017,LOC019,2024-11-05T07:28:24,2024-11-05T10:40:24,2024-11-05T14:02:35.344580,2024-11-05T17:14:35.344580,192,DELAYED,0.46,0.48
TR00590,UA1452,LOC052,LOC036,2024-03-06T04:33:17,2024-03-06T04:33:17,2024-03-06T07:28:32.834603,2024-03-06T07:28:32.834603,0,COMPLETED,0.83,0.36
TR00591,UA9294,LOC061,LOC055,2024-02-26T12:19:31,2024-02-26T12:19:31,2024-02-26T18:18:38.589789,2024-02-26T18:18:38.589789,0,ON_TIME,0.35,0.52
TR00592,UA8804,LOC035,LOC012,2025-12-04T13:41:13,2025-12-04T13:41:13,2025-12-04T16:21:12.959294,2025-12-04T16:21:12.959294,0,BOARDING,0.94,0.47
TR00593,UA8872,LOC068,LOC050,2024-10-19T04:09:01,2024-10-19T04:09:01,2024-10-19T10:39:44.196044,2024-10-19T10:39:44.196044,0,BOARDING,0.55,0.17
TR00594,UA425,LOC031,LOC038,2024-01-06T18:45:23,2024-01-06T18:45:23,2024-01-06T20:20:08.987007,2024-01-06T20:20:08.987007,0,BOARDING,0.04,0.4
TR00595,UA8734,LOC013,LOC065,2026-06-05T22:09:35,2026-06-05T22:09:35,2026-06-06T00:47:26.393389,2026-06-06T00:47:26.393389,0,BOARDING,0.53,0.67
TR00596,UA5771,LOC065,LOC019,2025-07-06T03:04:21,2025-07-06T03:04:21,2025-07-06T06:10:00.003638,2025-07-06T06:10:00.003638,0,BOARDING,0.45,0.47
TR00597,UA1867,LOC031,LOC058,2024-01-27T14:19:45,2024-01-27T16:56:45,2024-01-27T15:48:15.520926,2024-01-27T18:25:15.520926,157,DELAYED,0.74,0.6
TR00598,UA2558,LOC055,LOC068,2025-08-01T17:12:02,2025-08-01T18:22:02,2025-08-02T00:54:47.338285,2025-08-02T02:04:47.338285,70,DELAYED,0.05,0.91
TR00599,UA9644,LOC058,LOC031,2025-06-10T04:36:22,2025-06-10T04:36:22,2025-06-10T10:00:55.395330,2025-06-10T10:00:55.395330,0,BOARDING,0.12,0.54
TR00600,UA9817,LOC061,LOC013,2025-10-07T12:13:06,2025-10-07T17:12:06,2025-10-07T17:32:58.059221,2025-10-07T22:31:58.059221,299,DELAYED,0.78,0.39
TR00601,UA3933,LOC028,LOC024,2024-01-12T13:18:04,2024-01-12T13:18:04,2024-01-12T21:11:51.687282,2024-01-12T21:11:51.687282,0,IN_TRANSIT,0.44,0.93
TR00602,UA6642,LOC014,LOC055,2025-05-04T14:23:44,2025-05-04T17:33:44,2025-05-04T22:14:05.942788,2025-05-05T01:24:05.942788,190,DELAYED,0.92,0.28
TR00603,UA7324,LOC052,LOC012,2025-12-20T23:50:04,2025-12-20T23:50:04,2025-12-21T05:43:16.732787,2025-12-21T05:43:16.732787,0,BOARDING,0.32,0.63
TR00604,UA8691,LOC031,LOC024,2024-05-12T09:25:41,2024-05-12T11:57:41,2024-05-12T13:45:26.869493,2024-05-12T16:17:26.869493,152,DELAYED,0.15,0.98
TR00605,UA1838,LOC008,LOC014,2024-07-27T06:51:01,2024-07-27T06:51:01,2024-07-27T14:13:09.945664,2024-07-27T14:13:09.945664,0,IN_TRANSIT,0.89,0.53
TR00606,UA4040,LOC052,LOC068,2024-05-29T02:17:42,2024-05-29T06:14:42,2024-05-29T03:24:19.679433,2024-05-29T07:21:19.679433,237,DELAYED,0.19,0.89
TR00607,UA9152,LOC008,LOC036,2026-03-19T14:10:30,2026-03-19T14:10:30,2026-03-19T20:30:46.382594,2026-03-19T20:30:46.382594,0,BOARDING,0.3,0.54
TR00608,UA1304,LOC058,LOC038,2026-05-22T02:58:01,2026-05-22T02:58:01,2026-05-22T10:35:05.760766,2026-05-22T10:35:05.760766,0,ON_TIME,0.12,0.31
TR00609,UA6452,LOC050,LOC012,2024-06-29T23:12:25,2024-06-29T23:12:25,2024-06-30T02:23:43.119641,2024-06-30T02:23:43.119641,0,ON_TIME,0.37,0.24
TR00610,UA1867,LOC035,LOC031,2024-07-29T21:53:01,2024-07-30T00:37:01,2024-07-30T00:33:14.481787,2024-07-30T03:17:14.481787,164,DELAYED,0.94,0.67
TR00611,UA4811,LOC065,LOC017,2026-01-05T10:44:33,2026-01-05T13:07:33,2026-01-05T12:09:15.011524,2026-01-05T14:32:15.011524,143,DELAYED,0.93,0.66
TR00612,UA8855,LOC038,LOC022,2026-02-06T22:31:57,2026-02-06T22:31:57,2026-02-07T02:04:26.658215,2026-02-07T02:04:26.658215,0,ON_TIME,0.54,0.63
TR00613,UA1939,LOC068,LOC065,2026-05-09T23:08:49,2026-05-09T23:08:49,2026-05-10T00:10:51.258195,2026-05-10T00:10:51.258195,0,IN_TRANSIT,0.38,0.88
TR00614,UA6755,LOC018,LOC016,2026-05-06T21:18:32,2026-05-07T02:16:32,2026-05-07T01:38:47.690760,2026-05-07T06:36:47.690760,298,DELAYED,0.8,0.37
TR00615,UA2105,LOC028,LOC018,2025-06-13T06:20:27,2025-06-13T06:20:27,2025-06-13T07:38:33.392546,2025-06-13T07:38:33.392546,0,ON_TIME,0.81,0.06
TR00616,UA6256,LOC036,LOC012,2024-07-05T00:43:01,2024-07-05T00:43:01,2024-07-05T06:18:48.624545,2024-07-05T06:18:48.624545,0,IN_TRANSIT,0.31,0.9
TR00617,UA3907,LOC050,LOC016,2024-02-20T10:56:44,2024-02-20T11:46:44,2024-02-20T18:47:03.436731,2024-02-20T19:37:03.436731,50,DELAYED,1.0,0.29
TR00618,UA5204,LOC031,LOC019,2025-05-07T13:06:40,2025-05-07T17:59:40,2025-05-07T20:42:09.110865,2025-05-08T01:35:09.110865,293,DELAYED,0.88,0.97
TR00619,UA5063,LOC022,LOC008,2025-01-17T04:56:44,2025-01-17T06:07:44,2025-01-17T12:43:01.982432,2025-01-17T13:54:01.982432,71,DELAYED,0.27,0.37
TR00620,UA2413,LOC050,LOC061,2025-04-29T18:22:19,2025-04-29T18:22:19,2025-04-30T00:03:31.648794,2025-04-30T00:03:31.648794,0,COMPLETED,0.18,0.7
TR00621,UA658,LOC019,LOC068,2026-04-14T07:51:03,2026-04-14T07:51:03,2026-04-14T09:39:59.625876,2026-04-14T09:39:59.625876,0,BOARDING,0.24,0.04
TR00622,UA2790,LOC008,LOC058,2025-10-23T05:01:55,2025-10-23T05:01:55,2025-10-23T09:37:46.750236,2025-10-23T09:37:46.750236,0,ON_TIME,0.02,0.31
TR00623,UA1270,LOC028,LOC008,2025-03-31T20:39:29,2025-03-31T20:39:29,2025-03-31T23:06:53.321026,2025-03-31T23:06:53.321026,0,ON_TIME,0.99,0.18
TR00624,UA4073,LOC038,LOC031,2024-03-01T11:44:35,2024-03-01T14:59:35,2024-03-01T16:37:23.770941,2024-03-01T19:52:23.770941,195,DELAYED,0.37,0.64
TR00625,UA939,LOC018,LOC017,2024-06-14T13:22:33,2024-06-14T15:25:33,2024-06-14T18:08:18.333757,2024-06-14T20:11:18.333757,123,DELAYED,0.71,0.58
TR00626,UA9820,LOC014,LOC072,2024-03-26T07:18:18,2024-03-26T07:18:18,2024-03-26T08:55:12.141116,2024-03-26T08:55:12.141116,0,COMPLETED,0.99,0.93
TR00627,UA6743,LOC061,LOC017,2025-04-11T08:27:28,2025-04-11T09:44:28,2025-04-11T15:43:28.975493,2025-04-11T17:00:28.975493,77,DELAYED,0.55,0.54
TR00628,UA2267,LOC035,LOC036,2024-07-31T16:43:41,2024-07-31T21:10:41,2024-07-31T23:47:36.084579,2024-08-01T04:14:36.084579,267,DELAYED,0.83,0.97
TR00629,UA9806,LOC050,LOC038,2025-02-05T05:25:42,2025-02-05T07:34:42,2025-02-05T09:19:44.812318,2025-02-05T11:28:44.812318,129,DELAYED,0.21,0.86
TR00630,UA4685,LOC028,LOC012,2025-08-12T15:48:40,2025-08-12T19:50:40,2025-08-12T23:08:02.071088,2025-08-13T03:10:02.071088,242,DELAYED,0.17,0.57
TR00631,UA1004,LOC013,LOC052,2024-08-25T17:37:26,2024-08-25T19:26:26,2024-08-25T22:58:36.502291,2024-08-26T00:47:36.502291,109,DELAYED,0.59,0.63
TR00632,UA8704,LOC024,LOC014,2025-03-12T00:03:52,2025-03-12T00:03:52,2025-03-12T03:27:10.924200,2025-03-12T03:27:10.924200,0,COMPLETED,0.37,0.18
TR00633,UA4580,LOC016,LOC013,2025-06-12T01:55:34,2025-06-12T01:55:34,2025-06-12T04:24:26.797848,2025-06-12T04:24:26.797848,0,IN_TRANSIT,0.75,0.39
TR00634,UA3080,LOC028,LOC008,2025-10-02T01:35:07,2025-10-02T03:41:07,2025-10-02T07:47:19.557532,2025-10-02T09:53:19.557532,126,DELAYED,0.53,0.0
TR00635,UA4180,LOC014,LOC024,2024-04-25T13:43:49,2024-04-25T13:43:49,2024-04-25T21:24:46.630174,2024-04-25T21:24:46.630174,0,COMPLETED,0.65,0.0
TR00636,UA893,LOC050,LOC024,2026-04-04T19:42:37,2026-04-04T19:42:37,2026-04-04T21:09:30.947377,2026-04-04T21:09:30.947377,0,ON_TIME,0.29,0.25
TR00637,UA1740,LOC058,LOC072,2025-07-19T02:53:48,2025-07-19T05:36:48,2025-07-19T10:03:05.631579,2025-07-19T12:46:05.631579,163,DELAYED,0.77,0.08
TR00638,UA3633,LOC019,LOC024,2024-04-26T16:21:56,2024-04-26T17:39:56,2024-04-26T20:52:01.707071,2024-04-26T22:10:01.707071,78,DELAYED,0.53,0.21
TR00639,UA4772,LOC061,LOC016,2026-02-13T01:29:15,2026-02-13T01:29:15,2026-02-13T09:22:07.497514,2026-02-13T09:22:07.497514,0,ON_TIME,0.27,0.89
TR00640,UA7961,LOC018,LOC008,2025-04-24T01:25:51,2025-04-24T01:25:51,2025-04-24T04:13:24.686909,2025-04-24T04:13:24.686909,0,IN_TRANSIT,0.37,0.81
TR00641,UA996,LOC058,LOC014,2025-04-10T18:06:17,2025-04-10T22:40:17,2025-04-10T22:33:49.686373,2025-04-11T03:07:49.686373,274,DELAYED,0.59,0.63
TR00642,UA4223,LOC008,LOC014,2025-09-24T01:14:45,2025-09-24T01:14:45,2025-09-24T08:58:06.288862,2025-09-24T08:58:06.288862,0,BOARDING,0.36,0.48
TR00643,UA2127,LOC065,LOC018,2024-02-05T07:31:09,2024-02-05T09:37:09,2024-02-05T13:38:51.798743,2024-02-05T15:44:51.798743,126,DELAYED,0.97,0.95
TR00644,UA7182,LOC052,LOC072,2024-02-10T14:51:35,2024-02-10T14:51:35,2024-02-10T20:07:34.346717,2024-02-10T20:07:34.346717,0,ON_TIME,0.66,0.58
TR00645,UA886,LOC013,LOC065,2025-03-18T23:21:25,2025-03-19T00:20:25,2025-03-19T01:04:45.224336,2025-03-19T02:03:45.224336,59,DELAYED,0.34,0.11
TR00646,UA4009,LOC068,LOC028,2025-05-24T03:32:56,2025-05-24T04:24:56,2025-05-24T08:29:27.708631,2025-05-24T09:21:27.708631,52,DELAYED,0.66,0.58
TR00647,UA7441,LOC068,LOC052,2024-10-14T00:57:14,2024-10-14T05:13:14,2024-10-14T02:59:21.924001,2024-10-14T07:15:21.924001,256,DELAYED,0.32,0.13
TR00648,UA2461,LOC052,LOC017,2024-05-24T14:08:02,2024-05-24T17:54:02,2024-05-24T16:48:56.539987,2024-05-24T20:34:56.539987,226,DELAYED,0.22,0.54
TR00649,UA686,LOC014,LOC018,2024-08-01T11:33:54,2024-08-01T12:28:54,2024-08-01T13:26:17.874543,2024-08-01T14:21:17.874543,55,DELAYED,0.63,0.71
TR00650,UA3472,LOC012,LOC013,2026-03-26T11:42:59,2026-03-26T15:04:59,2026-03-26T19:24:31.965723,2026-03-26T22:46:31.965723,202,DELAYED,0.35,0.98
TR00651,UA9433,LOC028,LOC013,2024-06-04T12:50:30,2024-06-04T16:20:30,2024-06-04T14:12:07.652842,2024-06-04T17:42:07.652842,210,DELAYED,0.5,0.35
TR00652,UA7430,LOC014,LOC058,2025-07-17T04:10:43,2025-07-17T04:48:43,2025-07-17T05:58:29.794312,2025-07-17T06:36:29.794312,38,DELAYED,0.91,0.85
TR00653,UA9059,LOC072,LOC035,2024-06-25T02:53:45,2024-06-25T02:53:45,2024-06-25T07:32:27.734608,2024-06-25T07:32:27.734608,0,BOARDING,0.1,0.59
TR00654,UA2693,LOC016,LOC017,2024-05-27T19:43:11,2024-05-27T19:43:11,2024-05-27T22:12:08.253240,2024-05-27T22:12:08.253240,0,COMPLETED,0.24,0.55
TR00655,UA2203,LOC065,LOC019,2025-02-14T10:05:03,2025-02-14T12:53:03,2025-02-14T11:57:08.492536,2025-02-14T14:45:08.492536,168,DELAYED,0.76,0.6
TR00656,UA9512,LOC008,LOC072,2025-06-02T12:24:45,2025-06-02T12:24:45,2025-06-02T17:13:30.106212,2025-06-02T17:13:30.106212,0,IN_TRANSIT,0.53,0.47
TR00657,UA2136,LOC038,LOC022,2025-05-09T11:31:16,2025-05-09T12:41:16,2025-05-09T16:24:44.608674,2025-05-09T17:34:44.608674,70,DELAYED,0.87,0.73
TR00658,UA8689,LOC035,LOC061,2024-07-11T04:52:32,2024-07-11T04:52:32,2024-07-11T09:12:06.480821,2024-07-11T09:12:06.480821,0,IN_TRANSIT,0.43,0.89
TR00659,UA9642,LOC038,LOC012,2024-10-10T16:31:41,2024-10-10T16:31:41,2024-10-10T18:58:50.715197,2024-10-10T18:58:50.715197,0,COMPLETED,0.16,0.08
TR00660,UA425,LOC014,LOC050,2026-06-14T10:10:23,2026-06-14T10:10:23,2026-06-14T15:07:59.734377,2026-06-14T15:07:59.734377,0,COMPLETED,0.37,0.15
TR00661,UA1999,LOC008,LOC055,2024-11-25T19:30:28,2024-11-25T19:30:28,2024-11-25T21:14:00.196679,2024-11-25T21:14:00.196679,0,IN_TRANSIT,0.55,0.12
TR00662,UA1395,LOC022,LOC014,2026-06-23T11:02:25,2026-06-23T15:28:25,2026-06-23T18:41:29.110045,2026-06-23T23:07:29.110045,266,DELAYED,0.29,0.69
TR00663,UA8374,LOC052,LOC013,2024-05-02T11:19:33,2024-05-02T12:37:33,2024-05-02T17:08:50.352153,2024-05-02T18:26:50.352153,78,DELAYED,0.29,0.87
TR00664,UA7310,LOC013,LOC031,2024-12-25T15:40:05,2024-12-25T15:40:05,2024-12-25T23:33:10.420532,2024-12-25T23:33:10.420532,0,ON_TIME,0.99,0.16
TR00665,UA8450,LOC017,LOC072,2024-03-17T05:47:12,2024-03-17T05:47:12,2024-03-17T12:15:43.908991,2024-03-17T12:15:43.908991,0,COMPLETED,0.14,0.21
TR00666,UA9702,LOC019,LOC068,2025-03-05T13:13:21,2025-03-05T13:13:21,2025-03-05T19:20:45.504383,2025-03-05T19:20:45.504383,0,ON_TIME,0.13,0.88
TR00667,UA5527,LOC014,LOC028,2025-04-28T21:08:01,2025-04-28T21:08:01,2025-04-29T02:30:29.722068,2025-04-29T02:30:29.722068,0,IN_TRANSIT,0.98,0.7
TR00668,UA5866,LOC038,LOC012,2026-05-04T17:15:19,2026-05-04T19:56:19,2026-05-04T18:32:06.679696,2026-05-04T21:13:06.679696,161,DELAYED,0.22,0.1
TR00669,UA8563,LOC008,LOC024,2026-04-20T21:21:45,2026-04-20T21:21:45,2026-04-20T23:11:08.666168,2026-04-20T23:11:08.666168,0,COMPLETED,0.09,0.49
TR00670,UA7922,LOC014,LOC028,2024-05-03T18:03:25,2024-05-03T18:40:25,2024-05-03T23:04:37.401483,2024-05-03T23:41:37.401483,37,DELAYED,0.77,0.68
TR00671,UA1990,LOC018,LOC012,2026-05-02T17:50:09,2026-05-02T20:36:09,2026-05-02T23:01:22.112061,2026-05-03T01:47:22.112061,166,DELAYED,0.87,0.41
TR00672,UA3984,LOC017,LOC013,2026-06-15T21:36:39,2026-06-15T21:36:39,2026-06-16T04:55:54.254841,2026-06-16T04:55:54.254841,0,BOARDING,0.84,0.82
TR00673,UA7420,LOC038,LOC031,2026-04-28T06:45:53,2026-04-28T06:45:53,2026-04-28T08:30:24.998736,2026-04-28T08:30:24.998736,0,ON_TIME,0.13,0.9
TR00674,UA6038,LOC022,LOC016,2025-04-06T16:39:27,2025-04-06T16:39:27,2025-04-06T23:22:31.417911,2025-04-06T23:22:31.417911,0,COMPLETED,0.62,0.07
TR00675,UA4330,LOC052,LOC008,2026-05-08T01:43:29,2026-05-08T02:14:29,2026-05-08T05:55:12.528083,2026-05-08T06:26:12.528083,31,DELAYED,0.13,0.83
TR00676,UA4352,LOC068,LOC036,2025-04-07T05:19:16,2025-04-07T05:19:16,2025-04-07T12:46:48.361049,2025-04-07T12:46:48.361049,0,BOARDING,0.97,0.93
TR00677,UA3856,LOC012,LOC014,2024-06-05T00:30:53,2024-06-05T00:30:53,2024-06-05T07:46:42.922414,2024-06-05T07:46:42.922414,0,COMPLETED,0.05,0.5
TR00678,UA9181,LOC019,LOC028,2025-09-19T01:09:16,2025-09-19T06:07:16,2025-09-19T06:35:42.405961,2025-09-19T11:33:42.405961,298,DELAYED,0.93,0.54
TR00679,UA8740,LOC008,LOC055,2024-03-04T06:48:05,2024-03-04T11:03:05,2024-03-04T10:00:47.880038,2024-03-04T14:15:47.880038,255,DELAYED,0.69,0.97
TR00680,UA2276,LOC061,LOC052,2025-04-29T12:11:01,2025-04-29T15:58:01,2025-04-29T14:55:59.499168,2025-04-29T18:42:59.499168,227,DELAYED,0.55,0.67
TR00681,UA1613,LOC072,LOC022,2025-10-14T17:06:58,2025-10-14T17:06:58,2025-10-15T00:54:26.999717,2025-10-15T00:54:26.999717,0,BOARDING,0.33,0.18
TR00682,UA5993,LOC019,LOC052,2024-05-24T10:04:43,2024-05-24T10:04:43,2024-05-24T15:36:15.447386,2024-05-24T15:36:15.447386,0,BOARDING,0.39,0.4
TR00683,UA3862,LOC065,LOC018,2025-06-01T17:04:39,2025-06-01T21:44:39,2025-06-01T18:21:30.963472,2025-06-01T23:01:30.963472,280,DELAYED,0.9,0.61
TR00684,UA2611,LOC052,LOC018,2025-02-21T22:50:36,2025-02-21T22:50:36,2025-02-22T05:49:42.696612,2025-02-22T05:49:42.696612,0,BOARDING,0.7,0.52
TR00685,UA3735,LOC068,LOC018,2024-03-21T20:41:38,2024-03-21T20:41:38,2024-03-22T02:22:12.923671,2024-03-22T02:22:12.923671,0,IN_TRANSIT,0.65,0.35
TR00686,UA8311,LOC038,LOC061,2024-07-31T15:41:24,2024-07-31T15:41:24,2024-07-31T20:59:32.417829,2024-07-31T20:59:32.417829,0,IN_TRANSIT,0.38,0.45
TR00687,UA7142,LOC050,LOC028,2024-04-16T19:05:40,2024-04-16T19:05:40,2024-04-17T02:59:58.846048,2024-04-17T02:59:58.846048,0,COMPLETED,0.93,0.32
TR00688,UA6493,LOC024,LOC061,2024-05-26T12:19:00,2024-05-26T13:21:00,2024-05-26T13:53:09.257317,2024-05-26T14:55:09.257317,62,DELAYED,0.29,0.93
TR00689,UA7168,LOC072,LOC028,2024-01-07T05:28:59,2024-01-07T05:28:59,2024-01-07T12:46:35.201647,2024-01-07T12:46:35.201647,0,IN_TRANSIT,0.43,0.15
TR00690,UA5521,LOC018,LOC028,2024-06-14T22:51:44,2024-06-15T00:54:44,2024-06-15T05:47:05.306002,2024-06-15T07:50:05.306002,123,DELAYED,0.46,0.02
TR00691,UA3967,LOC016,LOC031,2026-01-10T22:59:41,2026-01-10T22:59:41,2026-01-11T02:40:29.356670,2026-01-11T02:40:29.356670,0,COMPLETED,0.02,0.83
TR00692,UA1698,LOC012,LOC028,2024-03-07T01:26:28,2024-03-07T01:26:28,2024-03-07T03:27:53.424806,2024-03-07T03:27:53.424806,0,COMPLETED,0.2,0.52
TR00693,UA506,LOC012,LOC036,2025-12-29T21:54:20,2025-12-29T22:29:20,2025-12-30T00:07:56.687172,2025-12-30T00:42:56.687172,35,DELAYED,0.9,0.85
TR00694,UA2665,LOC012,LOC013,2025-07-14T23:50:06,2025-07-14T23:50:06,2025-07-15T02:23:52.074845,2025-07-15T02:23:52.074845,0,COMPLETED,0.25,0.31
TR00695,UA2284,LOC028,LOC055,2025-09-22T16:21:19,2025-09-22T19:33:19,2025-09-22T17:27:05.623067,2025-09-22T20:39:05.623067,192,DELAYED,0.12,0.64
TR00696,UA673,LOC068,LOC061,2026-04-21T21:53:52,2026-04-21T21:53:52,2026-04-21T23:53:03.876381,2026-04-21T23:53:03.876381,0,COMPLETED,1.0,0.22
TR00697,UA8755,LOC058,LOC014,2024-06-15T01:10:58,2024-06-15T19:28:58,2024-06-15T04:28:59.366939,2024-06-15T22:46:59.366939,1098,CANCELLED,0.16,0.01
TR00698,UA2994,LOC013,LOC022,2025-02-14T13:09:23,2025-02-14T13:09:23,2025-02-14T16:45:10.949783,2025-02-14T16:45:10.949783,0,BOARDING,0.24,0.44
TR00699,UA2183,LOC014,LOC022,2024-09-03T16:45:07,2024-09-03T17:44:07,2024-09-03T18:28:34.624494,2024-09-03T19:27:34.624494,59,DELAYED,0.49,0.22
TR00700,UA1636,LOC068,LOC058,2026-05-21T18:41:49,2026-05-22T17:21:49,2026-05-22T02:18:44.565823,2026-05-23T00:58:44.565823,1360,CANCELLED,0.55,0.92
TR00701,UA5229,LOC031,LOC018,2025-01-19T14:17:37,2025-01-19T14:17:37,2025-01-19T16:52:31.252575,2025-01-19T16:52:31.252575,0,BOARDING,0.9,0.35
TR00702,UA1163,LOC018,LOC036,2024-05-07T09:30:45,2024-05-07T09:30:45,2024-05-07T13:20:35.763358,2024-05-07T13:20:35.763358,0,ON_TIME,0.96,0.24
TR00703,UA1425,LOC018,LOC028,2025-06-02T22:45:54,2025-06-03T01:28:54,2025-06-03T05:23:43.261863,2025-06-03T08:06:43.261863,163,DELAYED,0.87,0.94
TR00704,UA3845,LOC017,LOC065,2024-09-18T13:39:15,2024-09-19T08:38:15,2024-09-18T19:57:28.521357,2024-09-19T14:56:28.521357,1139,CANCELLED,0.15,0.62
TR00705,UA3099,LOC017,LOC024,2024-10-14T14:07:01,2024-10-14T14:07:01,2024-10-14T18:28:32.201436,2024-10-14T18:28:32.201436,0,ON_TIME,0.01,0.29
TR00706,UA1815,LOC050,LOC008,2026-06-02T22:25:30,2026-06-02T22:25:30,2026-06-03T02:08:45.516843,2026-06-03T02:08:45.516843,0,IN_TRANSIT,0.45,0.81
TR00707,UA1519,LOC013,LOC031,2024-06-10T08:41:45,2024-06-10T09:22:45,2024-06-10T14:37:01.395341,2024-06-10T15:18:01.395341,41,DELAYED,0.48,0.81
TR00708,UA9891,LOC014,LOC055,2024-01-27T04:02:43,2024-01-27T08:38:43,2024-01-27T08:32:00.422243,2024-01-27T13:08:00.422243,276,DELAYED,0.89,0.07
TR00709,UA8470,LOC052,LOC068,2025-12-31T14:38:21,2025-12-31T18:35:21,2025-12-31T15:39:55.144905,2025-12-31T19:36:55.144905,237,DELAYED,0.88,0.69
TR00710,UA3400,LOC072,LOC008,2024-12-05T07:12:31,2024-12-05T07:12:31,2024-12-05T09:27:49.111277,2024-12-05T09:27:49.111277,0,COMPLETED,0.01,0.76
TR00711,UA3422,LOC052,LOC022,2024-07-15T18:16:48,2024-07-15T18:16:48,2024-07-15T22:44:43.950334,2024-07-15T22:44:43.950334,0,IN_TRANSIT,0.36,0.17
TR00712,UA3750,LOC072,LOC024,2024-09-20T02:33:20,2024-09-20T02:33:20,2024-09-20T04:01:51.183834,2024-09-20T04:01:51.183834,0,COMPLETED,0.22,0.04
TR00713,UA2886,LOC038,LOC050,2026-03-02T18:24:49,2026-03-03T16:25:49,2026-03-02T23:08:06.287031,2026-03-03T21:09:06.287031,1321,CANCELLED,0.03,0.39
TR00714,UA8308,LOC068,LOC058,2025-01-05T15:09:02,2025-01-05T19:57:02,2025-01-05T17:21:52.925133,2025-01-05T22:09:52.925133,288,DELAYED,0.88,0.69
TR00715,UA7058,LOC012,LOC014,2025-09-25T16:00:19,2025-09-25T16:35:19,2025-09-25T18:27:21.025742,2025-09-25T19:02:21.025742,35,DELAYED,0.29,0.29
TR00716,UA3260,LOC022,LOC036,2024-01-09T05:05:40,2024-01-09T09:39:40,2024-01-09T11:04:11.719141,2024-01-09T15:38:11.719141,274,DELAYED,0.86,0.23
TR00717,UA769,LOC016,LOC035,2026-03-23T09:55:32,2026-03-24T08:06:32,2026-03-23T13:32:39.631775,2026-03-24T11:43:39.631775,1331,CANCELLED,0.89,0.6
TR00718,UA7283,LOC038,LOC028,2025-02-28T13:53:59,2025-02-28T13:53:59,2025-02-28T19:08:05.640375,2025-02-28T19:08:05.640375,0,BOARDING,0.76,0.79
TR00719,UA3796,LOC018,LOC061,2026-06-14T20:35:22,2026-06-14T20:35:22,2026-06-14T22:23:18.781050,2026-06-14T22:23:18.781050,0,IN_TRANSIT,0.34,0.17
TR00720,UA8854,LOC031,LOC013,2024-10-18T08:22:08,2024-10-18T09:35:08,2024-10-18T10:49:01.520806,2024-10-18T12:02:01.520806,73,DELAYED,0.43,0.51
TR00721,UA5177,LOC050,LOC019,2026-02-04T07:25:40,2026-02-04T08:52:40,2026-02-04T13:26:34.508106,2026-02-04T14:53:34.508106,87,DELAYED,0.78,0.54
TR00722,UA1897,LOC035,LOC014,2026-04-30T14:39:25,2026-04-30T14:39:25,2026-04-30T17:28:11.972190,2026-04-30T17:28:11.972190,0,BOARDING,0.67,0.1
TR00723,UA6782,LOC065,LOC055,2025-01-04T13:59:28,2025-01-04T13:59:28,2025-01-04T18:43:36.071667,2025-01-04T18:43:36.071667,0,ON_TIME,0.04,0.63
TR00724,UA8619,LOC012,LOC068,2024-04-02T05:32:09,2024-04-02T09:28:09,2024-04-02T09:27:27.458571,2024-04-02T13:23:27.458571,236,DELAYED,0.68,0.74
TR00725,UA9535,LOC012,LOC036,2025-10-29T13:14:20,2025-10-29T13:14:20,2025-10-29T19:19:48.503174,2025-10-29T19:19:48.503174,0,BOARDING,0.17,0.04
TR00726,UA9408,LOC068,LOC031,2024-11-23T18:55:49,2024-11-23T18:55:49,2024-11-24T00:55:27.887220,2024-11-24T00:55:27.887220,0,COMPLETED,0.42,0.55
TR00727,UA4423,LOC061,LOC018,2025-08-26T10:08:07,2025-08-26T11:00:07,2025-08-26T14:26:10.752801,2025-08-26T15:18:10.752801,52,DELAYED,0.77,0.37
TR00728,UA9211,LOC022,LOC058,2024-10-25T23:52:06,2024-10-26T12:48:06,2024-10-26T04:40:47.519242,2024-10-26T17:36:47.519242,776,CANCELLED,0.66,0.0
TR00729,UA8015,LOC014,LOC016,2026-03-30T21:06:26,2026-03-30T21:06:26,2026-03-31T01:18:00.727199,2026-03-31T01:18:00.727199,0,ON_TIME,0.67,0.32
TR00730,UA8517,LOC031,LOC065,2025-03-30T16:52:55,2025-03-30T19:20:55,2025-03-30T23:03:18.748444,2025-03-31T01:31:18.748444,148,DELAYED,0.31,0.03
TR00731,UA9102,LOC052,LOC028,2025-06-18T19:14:11,2025-06-18T22:11:11,2025-06-18T22:50:18.435474,2025-06-19T01:47:18.435474,177,DELAYED,0.88,0.24
TR00732,UA2694,LOC014,LOC065,2024-07-30T14:17:45,2024-07-30T14:17:45,2024-07-30T20:10:10.054746,2024-07-30T20:10:10.054746,0,IN_TRANSIT,0.62,0.27
TR00733,UA8689,LOC072,LOC036,2025-09-20T09:37:14,2025-09-20T11:05:14,2025-09-20T13:59:34.468092,2025-09-20T15:27:34.468092,88,DELAYED,0.63,0.05
TR00734,UA5304,LOC031,LOC017,2025-10-01T07:26:08,2025-10-02T01:29:08,2025-10-01T09:50:10.452365,2025-10-02T03:53:10.452365,1083,CANCELLED,0.55,0.25
TR00735,UA3243,LOC068,LOC036,2026-06-17T09:46:06,2026-06-17T09:46:06,2026-06-17T12:22:09.371724,2026-06-17T12:22:09.371724,0,BOARDING,0.2,0.22
TR00736,UA6195,LOC014,LOC017,2025-03-22T20:50:41,2025-03-22T20:50:41,2025-03-22T23:53:50.292308,2025-03-22T23:53:50.292308,0,COMPLETED,0.05,0.64
TR00737,UA7735,LOC018,LOC050,2025-02-22T10:28:39,2025-02-22T14:41:39,2025-02-22T13:23:59.411310,2025-02-22T17:36:59.411310,253,DELAYED,0.46,0.69
TR00738,UA2859,LOC055,LOC014,2025-01-21T20:32:11,2025-01-22T05:03:11,2025-01-22T02:55:05.151721,2025-01-22T11:26:05.151721,511,CANCELLED,0.73,0.01
TR00739,UA3810,LOC017,LOC024,2024-07-12T15:14:39,2024-07-12T15:14:39,2024-07-12T21:03:04.930422,2024-07-12T21:03:04.930422,0,IN_TRANSIT,0.17,0.9
TR00740,UA5816,LOC072,LOC028,2025-10-14T19:05:35,2025-10-14T19:05:35,2025-10-14T23:39:49.856361,2025-10-14T23:39:49.856361,0,ON_TIME,0.11,0.12
TR00741,UA2845,LOC050,LOC013,2025-01-31T03:03:44,2025-01-31T03:03:44,2025-01-31T10:20:32.219583,2025-01-31T10:20:32.219583,0,BOARDING,0.37,0.98
TR00742,UA4076,LOC061,LOC018,2026-02-12T02:45:08,2026-02-12T02:45:08,2026-02-12T04:37:46.474363,2026-02-12T04:37:46.474363,0,ON_TIME,0.39,0.33
TR00743,UA6406,LOC050,LOC072,2024-01-03T06:09:29,2024-01-03T09:14:29,2024-01-03T12:13:40.068980,2024-01-03T15:18:40.068980,185,DELAYED,0.95,0.6
TR00744,UA4544,LOC055,LOC068,2024-06-27T00:59:50,2024-06-27T00:59:50,2024-06-27T06:17:35.255525,2024-06-27T06:17:35.255525,0,IN_TRANSIT,0.58,0.87
TR00745,UA9522,LOC050,LOC035,2025-09-21T23:48:43,2025-09-21T23:48:43,2025-09-22T07:12:49.072230,2025-09-22T07:12:49.072230,0,BOARDING,0.38,0.58
TR00746,UA1204,LOC017,LOC065,2024-10-23T23:08:43,2024-10-23T23:08:43,2024-10-24T04:54:00.037738,2024-10-24T04:54:00.037738,0,COMPLETED,0.61,0.27
TR00747,UA7576,LOC072,LOC016,2025-01-27T22:08:43,2025-01-27T22:08:43,2025-01-28T04:04:11.338032,2025-01-28T04:04:11.338032,0,BOARDING,0.7,0.09
TR00748,UA208,LOC012,LOC058,2024-07-18T03:18:29,2024-07-18T03:18:29,2024-07-18T09:12:42.597592,2024-07-18T09:12:42.597592,0,COMPLETED,0.69,0.31
TR00749,UA885,LOC055,LOC035,2026-06-14T17:48:11,2026-06-14T19:41:11,2026-06-14T21:46:50.644702,2026-06-14T23:39:50.644702,113,DELAYED,0.69,0.98
TR00750,UA1250,LOC014,LOC013,2024-10-13T09:21:42,2024-10-13T09:21:42,2024-10-13T16:33:42.089301,2024-10-13T16:33:42.089301,0,COMPLETED,0.43,0.62
TR00751,UA432,LOC017,LOC016,2026-06-20T07:34:38,2026-06-20T10:38:38,2026-06-20T13:21:57.370140,2026-06-20T16:25:57.370140,184,DELAYED,0.44,0.64
TR00752,UA4051,LOC013,LOC016,2024-07-05T09:04:31,2024-07-05T10:31:31,2024-07-05T15:44:00.186638,2024-07-05T17:11:00.186638,87,DELAYED,0.2,0.62
TR00753,UA8535,LOC018,LOC036,2025-01-21T11:11:44,2025-01-21T11:11:44,2025-01-21T14:04:12.793528,2025-01-21T14:04:12.793528,0,ON_TIME,0.29,0.25
TR00754,UA6663,LOC014,LOC024,2024-07-24T18:02:26,2024-07-24T20:06:26,2024-07-24T20:04:14.201989,2024-07-24T22:08:14.201989,124,DELAYED,0.29,0.91
TR00755,UA9192,LOC016,LOC050,2024-03-03T10:59:44,2024-03-03T10:59:44,2024-03-03T12:40:58.247419,2024-03-03T12:40:58.247419,0,BOARDING,0.67,0.09
TR00756,UA2737,LOC035,LOC018,2024-12-24T14:55:20,2024-12-24T14:55:20,2024-12-24T18:58:28.504427,2024-12-24T18:58:28.504427,0,COMPLETED,0.53,0.88
TR00757,UA3024,LOC061,LOC036,2025-01-23T08:31:31,2025-01-23T08:31:31,2025-01-23T15:27:46.214402,2025-01-23T15:27:46.214402,0,ON_TIME,0.62,0.97
TR00758,UA8566,LOC028,LOC068,2024-03-13T08:02:22,2024-03-13T08:02:22,2024-03-13T10:29:28.376083,2024-03-13T10:29:28.376083,0,IN_TRANSIT,0.33,0.07
TR00759,UA6312,LOC019,LOC016,2024-04-22T03:46:59,2024-04-22T03:46:59,2024-04-22T11:00:14.537341,2024-04-22T11:00:14.537341,0,COMPLETED,0.46,0.89
TR00760,UA9018,LOC052,LOC036,2025-09-05T04:10:56,2025-09-05T04:10:56,2025-09-05T08:38:33.350089,2025-09-05T08:38:33.350089,0,BOARDING,0.09,0.87
TR00761,UA3276,LOC036,LOC055,2024-07-25T13:11:06,2024-07-25T13:11:06,2024-07-25T14:16:16.623068,2024-07-25T14:16:16.623068,0,ON_TIME,0.87,0.44
TR00762,UA7454,LOC036,LOC008,2024-12-04T20:41:14,2024-12-04T20:41:14,2024-12-05T02:01:09.437292,2024-12-05T02:01:09.437292,0,IN_TRANSIT,0.65,0.22
TR00763,UA5758,LOC036,LOC050,2025-03-05T14:29:47,2025-03-05T18:21:47,2025-03-05T21:12:47.920860,2025-03-06T01:04:47.920860,232,DELAYED,0.85,0.66
TR00764,UA4783,LOC072,LOC014,2024-06-23T22:32:15,2024-06-23T22:32:15,2024-06-24T02:00:08.992137,2024-06-24T02:00:08.992137,0,BOARDING,0.14,0.78
TR00765,UA6694,LOC038,LOC035,2026-06-11T13:41:54,2026-06-11T13:41:54,2026-06-11T19:59:41.576961,2026-06-11T19:59:41.576961,0,IN_TRANSIT,0.1,0.3
TR00766,UA7714,LOC028,LOC035,2024-01-05T09:03:00,2024-01-05T09:03:00,2024-01-05T15:28:46.835326,2024-01-05T15:28:46.835326,0,ON_TIME,0.31,0.81
TR00767,UA6463,LOC008,LOC022,2024-11-22T13:00:32,2024-11-22T13:00:32,2024-11-22T20:41:33.043302,2024-11-22T20:41:33.043302,0,ON_TIME,0.24,0.53
TR00768,UA6547,LOC050,LOC024,2024-06-21T01:57:58,2024-06-21T03:33:58,2024-06-21T04:01:50.912083,2024-06-21T05:37:50.912083,96,DELAYED,0.97,0.36
TR00769,UA2070,LOC068,LOC065,2024-01-22T09:00:25,2024-01-22T13:44:25,2024-01-22T16:29:50.892685,2024-01-22T21:13:50.892685,284,DELAYED,0.32,0.04
TR00770,UA675,LOC036,LOC018,2025-10-04T03:01:21,2025-10-04T03:01:21,2025-10-04T08:49:25.066235,2025-10-04T08:49:25.066235,0,BOARDING,0.35,0.66
TR00771,UA807,LOC035,LOC018,2024-06-15T03:31:16,2024-06-15T03:31:16,2024-06-15T05:47:37.553436,2024-06-15T05:47:37.553436,0,ON_TIME,0.78,0.21
TR00772,UA6317,LOC058,LOC052,2025-06-14T06:42:39,2025-06-14T06:42:39,2025-06-14T08:58:20.976466,2025-06-14T08:58:20.976466,0,IN_TRANSIT,0.6,0.82
TR00773,UA4916,LOC022,LOC061,2024-11-16T12:40:06,2024-11-16T17:39:06,2024-11-16T15:50:25.812735,2024-11-16T20:49:25.812735,299,DELAYED,0.95,0.87
TR00774,UA5754,LOC072,LOC065,2025-11-25T12:08:44,2025-11-25T13:43:44,2025-11-25T18:40:10.387000,2025-11-25T20:15:10.387000,95,DELAYED,0.02,0.01
TR00775,UA8828,LOC061,LOC055,2024-08-12T07:00:52,2024-08-12T07:00:52,2024-08-12T10:16:32.611797,2024-08-12T10:16:32.611797,0,COMPLETED,0.54,0.1
TR00776,UA5900,LOC061,LOC017,2024-08-16T08:05:35,2024-08-16T08:05:35,2024-08-16T09:33:13.370937,2024-08-16T09:33:13.370937,0,COMPLETED,0.64,0.61
TR00777,UA8614,LOC038,LOC024,2024-07-10T10:52:30,2024-07-10T10:52:30,2024-07-10T15:00:14.010946,2024-07-10T15:00:14.010946,0,BOARDING,0.49,0.41
TR00778,UA4238,LOC012,LOC017,2025-07-26T20:15:03,2025-07-27T01:12:03,2025-07-27T00:48:22.533506,2025-07-27T05:45:22.533506,297,DELAYED,0.79,0.91
TR00779,UA9494,LOC068,LOC022,2025-05-20T01:02:21,2025-05-20T01:02:21,2025-05-20T02:39:07.024137,2025-05-20T02:39:07.024137,0,ON_TIME,0.16,0.25
TR00780,UA2063,LOC058,LOC036,2025-09-30T15:55:10,2025-09-30T17:00:10,2025-09-30T17:54:22.880230,2025-09-30T18:59:22.880230,65,DELAYED,0.65,0.82
TR00781,UA9489,LOC024,LOC019,2025-08-11T07:52:40,2025-08-11T11:43:40,2025-08-11T13:47:23.222384,2025-08-11T17:38:23.222384,231,DELAYED,0.84,0.58
TR00782,UA2772,LOC012,LOC035,2026-03-17T00:43:26,2026-03-17T00:43:26,2026-03-17T02:49:08.198555,2026-03-17T02:49:08.198555,0,ON_TIME,0.67,0.14
TR00783,UA1298,LOC058,LOC017,2025-03-03T07:09:04,2025-03-03T08:54:04,2025-03-03T15:03:45.962516,2025-03-03T16:48:45.962516,105,DELAYED,0.52,0.08
TR00784,UA5510,LOC008,LOC036,2025-11-19T19:35:20,2025-11-20T00:00:20,2025-11-19T22:19:00.531437,2025-11-20T02:44:00.531437,265,DELAYED,0.55,0.93
TR00785,UA8577,LOC024,LOC031,2024-11-09T02:17:20,2024-11-09T02:17:20,2024-11-09T07:23:22.253735,2024-11-09T07:23:22.253735,0,COMPLETED,0.1,0.53
TR00786,UA3556,LOC019,LOC036,2024-08-14T16:07:24,2024-08-14T16:07:24,2024-08-14T18:40:16.412801,2024-08-14T18:40:16.412801,0,IN_TRANSIT,0.61,0.72
TR00787,UA9939,LOC012,LOC065,2024-11-17T05:22:18,2024-11-17T05:22:18,2024-11-17T11:18:44.571661,2024-11-17T11:18:44.571661,0,ON_TIME,0.91,0.9
TR00788,UA8540,LOC065,LOC028,2025-08-27T14:50:20,2025-08-27T14:50:20,2025-08-27T20:01:05.044331,2025-08-27T20:01:05.044331,0,IN_TRANSIT,0.28,0.49
TR00789,UA5603,LOC055,LOC014,2025-07-02T15:26:14,2025-07-02T15:26:14,2025-07-02T19:55:27.432630,2025-07-02T19:55:27.432630,0,COMPLETED,0.96,0.21
TR00790,UA9760,LOC068,LOC028,2024-10-19T01:10:25,2024-10-19T05:19:25,2024-10-19T04:04:16.668252,2024-10-19T08:13:16.668252,249,DELAYED,0.87,0.55
TR00791,UA1610,LOC024,LOC055,2025-01-12T03:03:57,2025-01-12T03:46:57,2025-01-12T10:50:23.309403,2025-01-12T11:33:23.309403,43,DELAYED,0.14,0.64
TR00792,UA7386,LOC012,LOC050,2026-01-31T01:17:34,2026-01-31T01:17:34,2026-01-31T06:22:42.194088,2026-01-31T06:22:42.194088,0,BOARDING,0.76,0.05
TR00793,UA9231,LOC035,LOC014,2026-01-29T12:01:00,2026-01-29T13:52:00,2026-01-29T14:12:21.028972,2026-01-29T16:03:21.028972,111,DELAYED,0.94,0.77
TR00794,UA1115,LOC038,LOC014,2025-03-01T11:38:13,2025-03-01T15:21:13,2025-03-01T17:44:15.233342,2025-03-01T21:27:15.233342,223,DELAYED,0.78,0.02
TR00795,UA791,LOC022,LOC061,2025-11-10T13:20:55,2025-11-10T13:20:55,2025-11-10T14:31:54.587606,2025-11-10T14:31:54.587606,0,ON_TIME,0.31,0.85
TR00796,UA5477,LOC008,LOC022,2024-03-17T00:22:13,2024-03-17T00:22:13,2024-03-17T01:25:44.961075,2024-03-17T01:25:44.961075,0,BOARDING,0.03,0.9
TR00797,UA4482,LOC014,LOC038,2025-01-26T15:23:21,2025-01-26T15:23:21,2025-01-26T22:11:20.821175,2025-01-26T22:11:20.821175,0,COMPLETED,0.9,0.63
TR00798,UA3835,LOC008,LOC014,2024-01-05T17:59:16,2024-01-05T17:59:16,2024-01-05T19:20:34.151576,2024-01-05T19:20:34.151576,0,IN_TRANSIT,0.09,0.06
TR00799,UA2645,LOC058,LOC072,2025-11-04T02:20:54,2025-11-04T02:20:54,2025-11-04T08:52:18.839576,2025-11-04T08:52:18.839576,0,COMPLETED,0.91,0.44
TR00800,UA895,LOC058,LOC050,2025-12-21T03:36:31,2025-12-21T03:36:31,2025-12-21T08:14:37.206923,2025-12-21T08:14:37.206923,0,COMPLETED,0.09,0.08
TR00801,UA6339,LOC061,LOC058,2024-09-03T09:13:36,2024-09-03T09:13:36,2024-09-03T15:27:32.866691,2024-09-03T15:27:32.866691,0,ON_TIME,0.75,0.24
TR00802,UA8688,LOC019,LOC028,2024-04-05T09:19:45,2024-04-05T09:19:45,2024-04-05T11:44:43.824289,2024-04-05T11:44:43.824289,0,IN_TRANSIT,0.01,0.23
TR00803,UA7062,LOC068,LOC013,2024-04-02T13:45:45,2024-04-02T13:45:45,2024-04-02T21:13:21.065802,2024-04-02T21:13:21.065802,0,IN_TRANSIT,0.99,0.58
TR00804,UA1167,LOC024,LOC065,2025-12-13T15:21:02,2025-12-13T17:55:02,2025-12-13T16:33:09.302107,2025-12-13T19:07:09.302107,154,DELAYED,0.98,0.7
TR00805,UA2529,LOC022,LOC035,2026-03-25T10:38:58,2026-03-25T10:38:58,2026-03-25T16:57:24.729799,2026-03-25T16:57:24.729799,0,ON_TIME,0.92,0.34
TR00806,UA5319,LOC013,LOC036,2025-03-25T01:25:08,2025-03-25T01:25:08,2025-03-25T03:19:33.635383,2025-03-25T03:19:33.635383,0,ON_TIME,0.02,0.63
TR00807,UA6860,LOC061,LOC031,2024-11-12T15:42:05,2024-11-12T15:42:05,2024-11-12T18:56:22.505656,2024-11-12T18:56:22.505656,0,COMPLETED,0.72,0.18
TR00808,UA6387,LOC052,LOC016,2025-10-04T04:49:52,2025-10-04T09:29:52,2025-10-04T12:42:31.932040,2025-10-04T17:22:31.932040,280,DELAYED,0.19,0.64
TR00809,UA2008,LOC028,LOC013,2024-06-20T12:37:29,2024-06-20T15:56:29,2024-06-20T17:48:47.159050,2024-06-20T21:07:47.159050,199,DELAYED,0.7,0.89
TR00810,UA2745,LOC055,LOC058,2025-03-22T03:57:45,2025-03-22T08:47:45,2025-03-22T11:35:53.715990,2025-03-22T16:25:53.715990,290,DELAYED,0.4,0.67
TR00811,UA1003,LOC035,LOC016,2024-08-06T13:35:47,2024-08-06T13:35:47,2024-08-06T19:29:44.903895,2024-08-06T19:29:44.903895,0,ON_TIME,0.08,0.55
TR00812,UA3665,LOC012,LOC008,2025-03-16T07:38:21,2025-03-16T07:38:21,2025-03-16T13:57:10.689469,2025-03-16T13:57:10.689469,0,IN_TRANSIT,0.63,0.99
TR00813,UA4046,LOC008,LOC035,2025-03-09T22:06:20,2025-03-09T22:06:20,2025-03-10T01:45:21.451862,2025-03-10T01:45:21.451862,0,ON_TIME,0.8,0.49
TR00814,UA992,LOC055,LOC068,2024-10-02T01:16:41,2024-10-02T01:16:41,2024-10-02T07:01:25.286329,2024-10-02T07:01:25.286329,0,ON_TIME,0.41,0.1
TR00815,UA3510,LOC012,LOC052,2025-10-24T00:06:31,2025-10-24T02:31:31,2025-10-24T03:14:56.910929,2025-10-24T05:39:56.910929,145,DELAYED,0.7,0.34
TR00816,UA8678,LOC013,LOC018,2024-01-22T09:17:38,2024-01-22T09:17:38,2024-01-22T10:23:21.793225,2024-01-22T10:23:21.793225,0,ON_TIME,0.68,0.34
TR00817,UA2480,LOC019,LOC012,2026-01-05T03:26:27,2026-01-05T03:26:27,2026-01-05T06:51:51.816829,2026-01-05T06:51:51.816829,0,ON_TIME,0.03,0.24
TR00818,UA6110,LOC072,LOC068,2026-04-02T16:38:03,2026-04-02T16:38:03,2026-04-02T21:48:12.871166,2026-04-02T21:48:12.871166,0,BOARDING,0.36,0.4
TR00819,UA7335,LOC008,LOC065,2024-04-11T10:22:30,2024-04-11T14:06:30,2024-04-11T17:15:47.961536,2024-04-11T20:59:47.961536,224,DELAYED,0.74,0.46
TR00820,UA529,LOC024,LOC018,2025-12-06T22:20:35,2025-12-07T00:44:35,2025-12-07T02:36:55.402093,2025-12-07T05:00:55.402093,144,DELAYED,0.48,0.87
TR00821,UA7126,LOC031,LOC068,2025-06-24T08:31:34,2025-06-25T06:46:34,2025-06-24T11:38:42.656176,2025-06-25T09:53:42.656176,1335,CANCELLED,0.82,0.27
TR00822,UA7706,LOC052,LOC008,2025-04-15T23:57:16,2025-04-15T23:57:16,2025-04-16T07:10:06.541527,2025-04-16T07:10:06.541527,0,BOARDING,0.56,0.19
TR00823,UA1587,LOC017,LOC024,2024-12-14T11:05:48,2024-12-14T15:33:48,2024-12-14T15:57:47.732559,2024-12-14T20:25:47.732559,268,DELAYED,0.83,0.12
TR00824,UA5413,LOC038,LOC014,2025-11-29T00:43:26,2025-11-29T00:43:26,2025-11-29T08:40:37.085693,2025-11-29T08:40:37.085693,0,COMPLETED,0.08,0.17
TR00825,UA9612,LOC072,LOC022,2024-11-08T02:59:23,2024-11-08T05:43:23,2024-11-08T06:58:49.352682,2024-11-08T09:42:49.352682,164,DELAYED,0.47,0.08
TR00826,UA881,LOC013,LOC072,2025-03-04T03:41:35,2025-03-04T08:30:35,2025-03-04T05:10:06.107812,2025-03-04T09:59:06.107812,289,DELAYED,0.42,0.91
TR00827,UA2731,LOC008,LOC050,2026-01-10T17:42:19,2026-01-10T18:39:19,2026-01-11T00:55:36.023631,2026-01-11T01:52:36.023631,57,DELAYED,0.08,0.52
TR00828,UA7201,LOC050,LOC068,2025-08-29T18:26:00,2025-08-29T18:26:00,2025-08-29T21:30:23.442351,2025-08-29T21:30:23.442351,0,BOARDING,0.08,0.97
TR00829,UA3773,LOC018,LOC065,2025-02-22T20:53:20,2025-02-22T23:07:20,2025-02-23T03:21:26.062282,2025-02-23T05:35:26.062282,134,DELAYED,0.89,0.54
TR00830,UA6984,LOC028,LOC052,2024-09-06T06:19:07,2024-09-06T06:19:07,2024-09-06T11:52:37.777967,2024-09-06T11:52:37.777967,0,COMPLETED,0.94,0.18
TR00831,UA3241,LOC019,LOC013,2026-01-16T04:45:24,2026-01-16T17:10:24,2026-01-16T09:11:55.012989,2026-01-16T21:36:55.012989,745,CANCELLED,0.5,0.42
TR00832,UA4593,LOC008,LOC028,2024-12-08T15:17:01,2024-12-08T15:17:01,2024-12-08T23:05:57.877420,2024-12-08T23:05:57.877420,0,IN_TRANSIT,0.53,0.16
TR00833,UA6128,LOC024,LOC035,2025-11-11T14:38:37,2025-11-11T14:38:37,2025-11-11T17:42:06.436313,2025-11-11T17:42:06.436313,0,IN_TRANSIT,0.17,0.12
TR00834,UA2468,LOC024,LOC072,2024-07-26T08:44:46,2024-07-26T08:44:46,2024-07-26T14:01:57.265328,2024-07-26T14:01:57.265328,0,IN_TRANSIT,0.48,0.64
TR00835,UA5157,LOC065,LOC012,2024-01-27T15:14:26,2024-01-27T15:14:26,2024-01-27T19:15:36.295445,2024-01-27T19:15:36.295445,0,BOARDING,0.29,0.48
TR00836,UA3330,LOC013,LOC016,2024-12-30T03:50:49,2024-12-30T06:04:49,2024-12-30T11:39:12.333669,2024-12-30T13:53:12.333669,134,DELAYED,0.72,0.3
TR00837,UA4003,LOC012,LOC013,2026-01-24T19:45:38,2026-01-24T19:45:38,2026-01-25T02:19:39.934587,2026-01-25T02:19:39.934587,0,IN_TRANSIT,0.47,0.36
TR00838,UA3922,LOC018,LOC012,2025-08-20T10:14:35,2025-08-20T10:14:35,2025-08-20T18:11:12.568717,2025-08-20T18:11:12.568717,0,IN_TRANSIT,0.72,0.32
TR00839,UA3060,LOC019,LOC017,2024-12-06T00:10:21,2024-12-06T00:58:21,2024-12-06T03:57:54.024576,2024-12-06T04:45:54.024576,48,DELAYED,0.45,0.59
TR00840,UA2560,LOC012,LOC068,2026-05-07T02:36:09,2026-05-07T02:36:09,2026-05-07T07:24:36.814010,2026-05-07T07:24:36.814010,0,BOARDING,0.56,0.09
TR00841,UA5235,LOC038,LOC031,2026-03-02T18:54:28,2026-03-02T21:38:28,2026-03-02T22:08:54.269285,2026-03-03T00:52:54.269285,164,DELAYED,0.67,0.8
TR00842,UA4414,LOC052,LOC035,2024-08-12T18:30:54,2024-08-12T18:30:54,2024-08-13T02:05:38.133283,2024-08-13T02:05:38.133283,0,IN_TRANSIT,0.3,0.03
TR00843,UA1344,LOC055,LOC052,2024-06-19T14:33:01,2024-06-19T14:33:01,2024-06-19T21:17:32.893775,2024-06-19T21:17:32.893775,0,ON_TIME,0.27,0.99
TR00844,UA5449,LOC016,LOC050,2025-02-19T19:40:36,2025-02-19T19:40:36,2025-02-19T21:06:53.656232,2025-02-19T21:06:53.656232,0,COMPLETED,0.02,0.69
TR00845,UA6170,LOC031,LOC012,2025-07-30T01:41:47,2025-07-30T04:44:47,2025-07-30T07:45:41.950076,2025-07-30T10:48:41.950076,183,DELAYED,0.24,0.67
TR00846,UA8879,LOC019,LOC065,2026-03-21T22:37:23,2026-03-22T01:38:23,2026-03-22T00:56:35.461668,2026-03-22T03:57:35.461668,181,DELAYED,0.04,0.76
TR00847,UA1962,LOC019,LOC018,2025-01-30T20:02:57,2025-01-30T20:02:57,2025-01-31T01:08:28.173055,2025-01-31T01:08:28.173055,0,COMPLETED,0.4,0.85
TR00848,UA809,LOC068,LOC012,2024-06-02T12:49:15,2024-06-02T16:16:15,2024-06-02T18:13:15.147277,2024-06-02T21:40:15.147277,207,DELAYED,0.63,0.99
TR00849,UA334,LOC008,LOC038,2025-02-26T05:53:23,2025-02-26T09:47:23,2025-02-26T09:56:08.018858,2025-02-26T13:50:08.018858,234,DELAYED,0.95,0.46
TR00850,UA810,LOC016,LOC058,2026-03-13T07:47:22,2026-03-13T07:47:22,2026-03-13T11:39:58.667870,2026-03-13T11:39:58.667870,0,BOARDING,0.83,0.98
TR00851,UA672,LOC031,LOC018,2025-04-26T21:44:04,2025-04-26T21:44:04,2025-04-26T23:14:02.887923,2025-04-26T23:14:02.887923,0,COMPLETED,0.99,0.68
TR00852,UA5114,LOC012,LOC008,2025-09-19T03:34:35,2025-09-19T03:34:35,2025-09-19T06:09:20.948278,2025-09-19T06:09:20.948278,0,BOARDING,0.45,0.33
TR00853,UA8131,LOC024,LOC019,2024-02-01T12:49:21,2024-02-01T12:49:21,2024-02-01T14:04:58.870816,2024-02-01T14:04:58.870816,0,IN_TRANSIT,0.58,0.09
TR00854,UA2052,LOC014,LOC013,2024-04-07T19:36:31,2024-04-07T19:36:31,2024-04-07T21:59:33.529269,2024-04-07T21:59:33.529269,0,COMPLETED,0.93,0.59
TR00855,UA1846,LOC028,LOC012,2026-05-31T01:06:11,2026-05-31T01:06:11,2026-05-31T05:05:10.394735,2026-05-31T05:05:10.394735,0,IN_TRANSIT,0.93,0.91
TR00856,UA5529,LOC035,LOC016,2024-06-15T09:41:29,2024-06-16T06:24:29,2024-06-15T15:53:57.385451,2024-06-16T12:36:57.385451,1243,CANCELLED,0.34,0.3
TR00857,UA6724,LOC018,LOC017,2025-01-09T17:32:54,2025-01-09T19:06:54,2025-01-09T22:11:54.582104,2025-01-09T23:45:54.582104,94,DELAYED,0.44,0.43
TR00858,UA600,LOC018,LOC014,2025-03-15T08:02:43,2025-03-15T08:02:43,2025-03-15T15:54:48.445628,2025-03-15T15:54:48.445628,0,ON_TIME,0.89,0.27
TR00859,UA7261,LOC016,LOC035,2025-01-26T14:55:23,2025-01-26T14:55:23,2025-01-26T19:59:40.875228,2025-01-26T19:59:40.875228,0,IN_TRANSIT,0.31,0.28
TR00860,UA7246,LOC008,LOC055,2025-01-14T11:56:51,2025-01-14T14:08:51,2025-01-14T13:45:32.983028,2025-01-14T15:57:32.983028,132,DELAYED,0.41,0.88
TR00861,UA1065,LOC014,LOC028,2026-05-13T15:37:31,2026-05-13T15:37:31,2026-05-13T21:17:12.693652,2026-05-13T21:17:12.693652,0,BOARDING,0.17,0.74
TR00862,UA8906,LOC008,LOC035,2026-06-11T07:41:37,2026-06-11T07:41:37,2026-06-11T13:21:47.396890,2026-06-11T13:21:47.396890,0,BOARDING,0.29,0.13
TR00863,UA624,LOC024,LOC050,2026-04-03T04:49:26,2026-04-03T04:49:26,2026-04-03T11:04:56.779677,2026-04-03T11:04:56.779677,0,IN_TRANSIT,0.42,0.28
TR00864,UA9709,LOC038,LOC014,2024-10-11T04:46:03,2024-10-11T09:41:03,2024-10-11T10:45:46.768909,2024-10-11T15:40:46.768909,295,DELAYED,0.36,0.32
TR00865,UA9709,LOC013,LOC012,2026-02-11T02:52:15,2026-02-11T02:52:15,2026-02-11T04:45:16.988850,2026-02-11T04:45:16.988850,0,BOARDING,0.33,0.06
TR00866,UA1535,LOC065,LOC017,2026-03-31T17:29:16,2026-03-31T21:43:16,2026-03-31T20:24:45.037673,2026-04-01T00:38:45.037673,254,DELAYED,0.43,0.08
TR00867,UA3426,LOC038,LOC068,2024-01-06T05:40:26,2024-01-06T05:40:26,2024-01-06T13:18:00.614378,2024-01-06T13:18:00.614378,0,IN_TRANSIT,0.45,0.76
TR00868,UA6381,LOC012,LOC019,2024-08-19T14:42:46,2024-08-19T19:11:46,2024-08-19T16:38:54.605629,2024-08-19T21:07:54.605629,269,DELAYED,0.36,0.42
TR00869,UA3781,LOC012,LOC061,2024-01-31T09:37:26,2024-02-01T09:00:26,2024-01-31T17:03:20.454245,2024-02-01T16:26:20.454245,1403,CANCELLED,0.68,0.6
TR00870,UA5170,LOC052,LOC035,2025-05-23T13:29:13,2025-05-23T17:29:13,2025-05-23T21:05:20.718676,2025-05-24T01:05:20.718676,240,DELAYED,0.28,0.48
TR00871,UA8163,LOC050,LOC028,2026-05-10T09:51:33,2026-05-10T12:20:33,2026-05-10T11:53:25.175377,2026-05-10T14:22:25.175377,149,DELAYED,0.53,0.78
TR00872,UA6108,LOC050,LOC012,2025-10-14T00:31:31,2025-10-14T00:31:31,2025-10-14T07:37:00.064934,2025-10-14T07:37:00.064934,0,BOARDING,0.37,0.07
TR00873,UA723,LOC035,LOC024,2026-06-01T06:45:01,2026-06-01T06:45:01,2026-06-01T11:45:47.925343,2026-06-01T11:45:47.925343,0,IN_TRANSIT,0.6,0.03
TR00874,UA8902,LOC028,LOC061,2025-06-14T04:26:48,2025-06-14T04:26:48,2025-06-14T05:55:23.826767,2025-06-14T05:55:23.826767,0,ON_TIME,0.62,0.49
TR00875,UA7521,LOC031,LOC022,2024-01-03T06:27:07,2024-01-03T06:27:07,2024-01-03T11:36:23.014247,2024-01-03T11:36:23.014247,0,COMPLETED,0.72,0.24
TR00876,UA6793,LOC016,LOC058,2026-01-17T05:41:51,2026-01-17T05:41:51,2026-01-17T06:50:54.417186,2026-01-17T06:50:54.417186,0,IN_TRANSIT,0.32,0.51
TR00877,UA6573,LOC014,LOC013,2024-10-27T11:11:17,2024-10-27T12:53:17,2024-10-27T13:25:54.549066,2024-10-27T15:07:54.549066,102,DELAYED,0.28,0.89
TR00878,UA2296,LOC061,LOC058,2024-10-18T01:43:46,2024-10-18T01:43:46,2024-10-18T05:34:44.136397,2024-10-18T05:34:44.136397,0,ON_TIME,0.94,0.66
TR00879,UA3287,LOC035,LOC072,2024-06-17T11:54:51,2024-06-17T16:45:51,2024-06-17T14:00:50.788546,2024-06-17T18:51:50.788546,291,DELAYED,0.41,0.76
TR00880,UA2585,LOC018,LOC035,2025-04-20T21:06:37,2025-04-20T22:06:37,2025-04-21T00:25:28.863209,2025-04-21T01:25:28.863209,60,DELAYED,0.51,0.05
TR00881,UA8609,LOC038,LOC019,2025-10-21T23:30:24,2025-10-21T23:30:24,2025-10-22T05:40:53.216319,2025-10-22T05:40:53.216319,0,IN_TRANSIT,0.73,0.55
TR00882,UA6739,LOC008,LOC061,2025-01-25T04:12:39,2025-01-25T04:12:39,2025-01-25T11:51:52.035190,2025-01-25T11:51:52.035190,0,IN_TRANSIT,0.22,0.74
TR00883,UA3365,LOC052,LOC013,2025-02-26T10:42:58,2025-02-26T12:08:58,2025-02-26T17:45:57.558239,2025-02-26T19:11:57.558239,86,DELAYED,0.48,0.73
TR00884,UA3026,LOC013,LOC055,2026-06-29T14:50:06,2026-06-29T14:50:06,2026-06-29T17:59:55.475567,2026-06-29T17:59:55.475567,0,COMPLETED,0.16,0.03
TR00885,UA8564,LOC035,LOC061,2024-11-05T20:39:28,2024-11-05T21:27:28,2024-11-05T21:59:43.589642,2024-11-05T22:47:43.589642,48,DELAYED,0.98,0.36
TR00886,UA9349,LOC022,LOC019,2025-09-16T09:55:08,2025-09-16T09:55:08,2025-09-16T14:08:38.948968,2025-09-16T14:08:38.948968,0,IN_TRANSIT,0.32,0.89
TR00887,UA9472,LOC035,LOC038,2026-05-28T00:46:03,2026-05-28T00:46:03,2026-05-28T08:33:01.476116,2026-05-28T08:33:01.476116,0,IN_TRANSIT,0.33,0.21
TR00888,UA1209,LOC019,LOC013,2026-05-26T04:15:52,2026-05-26T07:13:52,2026-05-26T11:29:33.764151,2026-05-26T14:27:33.764151,178,DELAYED,0.39,0.96
TR00889,UA7166,LOC038,LOC022,2025-07-08T09:43:50,2025-07-08T12:21:50,2025-07-08T13:02:29.134082,2025-07-08T15:40:29.134082,158,DELAYED,0.05,0.16
TR00890,UA5857,LOC017,LOC028,2024-05-29T06:29:32,2024-05-29T06:29:32,2024-05-29T07:42:37.394162,2024-05-29T07:42:37.394162,0,BOARDING,0.07,0.16
TR00891,UA4897,LOC016,LOC055,2025-08-13T04:30:02,2025-08-13T04:30:02,2025-08-13T08:39:05.069331,2025-08-13T08:39:05.069331,0,IN_TRANSIT,0.11,0.64
TR00892,UA665,LOC016,LOC052,2026-01-03T00:00:35,2026-01-03T00:00:35,2026-01-03T03:59:23.260241,2026-01-03T03:59:23.260241,0,COMPLETED,0.04,0.4
TR00893,UA6943,LOC017,LOC018,2024-10-31T21:25:44,2024-10-31T22:56:44,2024-10-31T23:53:41.162197,2024-11-01T01:24:41.162197,91,DELAYED,0.54,0.84
TR00894,UA3489,LOC031,LOC016,2025-01-15T09:56:22,2025-01-15T13:02:22,2025-01-15T13:06:22.997043,2025-01-15T16:12:22.997043,186,DELAYED,0.34,0.06
TR00895,UA9296,LOC008,LOC022,2025-05-19T10:15:17,2025-05-19T12:02:17,2025-05-19T12:45:40.897304,2025-05-19T14:32:40.897304,107,DELAYED,0.85,0.38
TR00896,UA8500,LOC061,LOC014,2024-03-12T03:40:32,2024-03-12T03:40:32,2024-03-12T08:31:23.850773,2024-03-12T08:31:23.850773,0,ON_TIME,0.15,0.68
TR00897,UA5211,LOC052,LOC016,2025-06-06T04:30:17,2025-06-06T04:30:17,2025-06-06T11:38:53.720573,2025-06-06T11:38:53.720573,0,BOARDING,0.09,0.74
TR00898,UA9362,LOC068,LOC019,2025-07-08T09:28:30,2025-07-08T13:54:30,2025-07-08T16:50:27.186207,2025-07-08T21:16:27.186207,266,DELAYED,0.7,0.69
TR00899,UA6188,LOC036,LOC058,2026-01-02T06:27:46,2026-01-02T06:27:46,2026-01-02T14:26:40.865844,2026-01-02T14:26:40.865844,0,BOARDING,0.01,0.58
TR00900,UA7485,LOC014,LOC050,2025-01-09T15:21:44,2025-01-09T15:21:44,2025-01-09T18:39:36.691117,2025-01-09T18:39:36.691117,0,BOARDING,0.58,0.82
TR00901,UA3511,LOC035,LOC017,2026-04-07T04:30:59,2026-04-07T04:30:59,2026-04-07T11:13:26.716008,2026-04-07T11:13:26.716008,0,IN_TRANSIT,0.38,0.55
TR00902,UA727,LOC038,LOC068,2025-06-01T23:08:27,2025-06-01T23:08:27,2025-06-02T01:28:50.996227,2025-06-02T01:28:50.996227,0,BOARDING,0.99,0.64
TR00903,UA9315,LOC016,LOC013,2026-02-05T01:59:06,2026-02-05T01:59:06,2026-02-05T09:36:37.242333,2026-02-05T09:36:37.242333,0,COMPLETED,0.37,0.46
TR00904,UA9183,LOC022,LOC019,2024-12-19T12:42:39,2024-12-19T12:42:39,2024-12-19T19:03:27.778938,2024-12-19T19:03:27.778938,0,BOARDING,0.02,0.31
TR00905,UA4579,LOC028,LOC014,2025-10-31T06:15:09,2025-10-31T06:15:09,2025-10-31T08:26:56.158626,2025-10-31T08:26:56.158626,0,ON_TIME,0.17,0.34
TR00906,UA1242,LOC038,LOC028,2026-05-23T17:06:25,2026-05-23T19:32:25,2026-05-23T22:40:50.069565,2026-05-24T01:06:50.069565,146,DELAYED,0.96,0.5
TR00907,UA9307,LOC016,LOC028,2024-01-26T12:36:21,2024-01-27T06:46:21,2024-01-26T18:57:07.621483,2024-01-27T13:07:07.621483,1090,CANCELLED,0.65,0.84
TR00908,UA9934,LOC038,LOC055,2024-04-28T11:29:14,2024-04-28T14:48:14,2024-04-28T14:38:31.164579,2024-04-28T17:57:31.164579,199,DELAYED,0.98,0.95
TR00909,UA9454,LOC065,LOC038,2024-06-09T07:17:31,2024-06-09T07:17:31,2024-06-09T08:24:10.428164,2024-06-09T08:24:10.428164,0,IN_TRANSIT,0.1,0.33
TR00910,UA8507,LOC008,LOC036,2026-05-27T22:39:11,2026-05-28T00:40:11,2026-05-28T04:02:27.186740,2026-05-28T06:03:27.186740,121,DELAYED,0.91,0.69
TR00911,UA8990,LOC061,LOC038,2024-07-31T19:34:16,2024-07-31T20:21:16,2024-08-01T01:21:01.507649,2024-08-01T02:08:01.507649,47,DELAYED,0.75,0.75
TR00912,UA3653,LOC028,LOC019,2024-12-25T07:39:15,2024-12-25T07:39:15,2024-12-25T13:25:33.282286,2024-12-25T13:25:33.282286,0,IN_TRANSIT,0.52,0.77
TR00913,UA6869,LOC035,LOC016,2025-09-30T01:19:18,2025-09-30T03:19:18,2025-09-30T05:03:51.200269,2025-09-30T07:03:51.200269,120,DELAYED,0.64,0.68
TR00914,UA7972,LOC058,LOC068,2024-03-09T03:50:37,2024-03-09T03:50:37,2024-03-09T09:34:28.812514,2024-03-09T09:34:28.812514,0,BOARDING,0.53,0.67
TR00915,UA1922,LOC024,LOC038,2024-11-14T09:26:18,2024-11-14T11:53:18,2024-11-14T16:06:12.823852,2024-11-14T18:33:12.823852,147,DELAYED,0.02,0.84
TR00916,UA5125,LOC018,LOC022,2025-12-26T14:06:42,2025-12-26T14:06:42,2025-12-26T18:34:37.039405,2025-12-26T18:34:37.039405,0,BOARDING,0.04,0.92
TR00917,UA3599,LOC065,LOC014,2025-10-02T13:53:25,2025-10-02T13:53:25,2025-10-02T19:48:36.116652,2025-10-02T19:48:36.116652,0,ON_TIME,0.3,0.98
TR00918,UA9660,LOC022,LOC065,2026-04-11T01:31:35,2026-04-11T15:52:35,2026-04-11T08:22:19.484607,2026-04-11T22:43:19.484607,861,CANCELLED,0.36,0.8
TR00919,UA3760,LOC022,LOC052,2024-04-22T18:52:19,2024-04-22T20:25:19,2024-04-22T21:30:43.608850,2024-04-22T23:03:43.608850,93,DELAYED,0.69,0.78
TR00920,UA7080,LOC058,LOC035,2024-06-08T09:46:13,2024-06-08T14:10:13,2024-06-08T12:14:47.558973,2024-06-08T16:38:47.558973,264,DELAYED,0.59,0.32
TR00921,UA8177,LOC036,LOC024,2026-05-02T04:05:58,2026-05-02T04:57:58,2026-05-02T06:50:48.723188,2026-05-02T07:42:48.723188,52,DELAYED,0.04,0.98
TR00922,UA2319,LOC012,LOC022,2025-11-16T12:09:16,2025-11-16T21:11:16,2025-11-16T14:51:50.338390,2025-11-16T23:53:50.338390,542,CANCELLED,0.39,0.69
TR00923,UA7984,LOC022,LOC072,2024-07-29T20:03:17,2024-07-29T23:10:17,2024-07-29T22:45:03.660115,2024-07-30T01:52:03.660115,187,DELAYED,0.37,0.28
TR00924,UA5535,LOC055,LOC019,2024-12-08T21:29:28,2024-12-08T21:29:28,2024-12-08T23:58:43.801967,2024-12-08T23:58:43.801967,0,BOARDING,0.78,0.8
TR00925,UA9214,LOC068,LOC065,2024-11-29T06:23:51,2024-11-29T06:23:51,2024-11-29T12:11:07.583934,2024-11-29T12:11:07.583934,0,BOARDING,0.23,0.87
TR00926,UA7616,LOC055,LOC022,2024-12-05T09:10:08,2024-12-05T10:57:08,2024-12-05T14:21:04.456659,2024-12-05T16:08:04.456659,107,DELAYED,0.23,0.87
TR00927,UA548,LOC031,LOC072,2025-07-30T03:17:46,2025-07-30T03:17:46,2025-07-30T09:22:39.896494,2025-07-30T09:22:39.896494,0,IN_TRANSIT,0.14,0.23
TR00928,UA8624,LOC028,LOC019,2024-05-30T11:03:37,2024-05-30T11:03:37,2024-05-30T13:31:13.752587,2024-05-30T13:31:13.752587,0,ON_TIME,0.04,0.3
TR00929,UA3716,LOC024,LOC008,2024-02-26T21:08:18,2024-02-26T23:16:18,2024-02-27T04:24:14.523727,2024-02-27T06:32:14.523727,128,DELAYED,0.68,0.36
TR00930,UA2663,LOC008,LOC012,2025-02-02T09:23:34,2025-02-02T09:23:34,2025-02-02T16:51:36.477308,2025-02-02T16:51:36.477308,0,BOARDING,0.51,0.66
TR00931,UA891,LOC035,LOC038,2024-01-19T04:07:35,2024-01-19T05:02:35,2024-01-19T06:31:40.691077,2024-01-19T07:26:40.691077,55,DELAYED,0.72,0.74
TR00932,UA275,LOC024,LOC019,2025-09-27T13:46:37,2025-09-27T14:37:37,2025-09-27T21:23:38.300013,2025-09-27T22:14:38.300013,51,DELAYED,0.52,0.64
TR00933,UA9282,LOC058,LOC016,2024-07-05T20:16:07,2024-07-06T00:12:07,2024-07-05T23:27:33.528025,2024-07-06T03:23:33.528025,236,DELAYED,0.62,0.5
TR00934,UA5028,LOC065,LOC031,2025-03-11T14:28:32,2025-03-11T14:28:32,2025-03-11T16:26:34.236058,2025-03-11T16:26:34.236058,0,IN_TRANSIT,0.19,0.79
TR00935,UA3445,LOC014,LOC024,2025-11-29T19:08:04,2025-11-30T04:22:04,2025-11-29T20:57:53.372887,2025-11-30T06:11:53.372887,554,CANCELLED,0.57,0.7
TR00936,UA278,LOC016,LOC031,2024-11-20T19:13:58,2024-11-20T19:13:58,2024-11-20T22:56:50.168928,2024-11-20T22:56:50.168928,0,IN_TRANSIT,0.71,0.06
TR00937,UA4306,LOC031,LOC061,2024-05-25T05:17:50,2024-05-25T09:40:50,2024-05-25T12:15:18.581636,2024-05-25T16:38:18.581636,263,DELAYED,0.83,0.5
TR00938,UA1467,LOC072,LOC014,2025-06-13T10:28:38,2025-06-13T10:28:38,2025-06-13T16:12:32.995834,2025-06-13T16:12:32.995834,0,COMPLETED,0.75,0.39
TR00939,UA3830,LOC065,LOC014,2025-01-02T17:10:12,2025-01-02T17:10:12,2025-01-02T18:13:19.344836,2025-01-02T18:13:19.344836,0,COMPLETED,0.59,0.5
TR00940,UA4120,LOC052,LOC061,2024-07-03T12:24:21,2024-07-03T12:24:21,2024-07-03T18:54:46.804641,2024-07-03T18:54:46.804641,0,IN_TRANSIT,0.4,0.58
TR00941,UA4694,LOC072,LOC050,2024-05-25T06:18:40,2024-05-25T06:18:40,2024-05-25T12:32:23.694658,2024-05-25T12:32:23.694658,0,COMPLETED,0.03,0.62
TR00942,UA5766,LOC031,LOC035,2025-01-23T20:28:55,2025-01-23T20:28:55,2025-01-24T00:50:07.205850,2025-01-24T00:50:07.205850,0,ON_TIME,0.17,0.99
TR00943,UA355,LOC058,LOC036,2026-04-14T00:45:01,2026-04-14T03:45:01,2026-04-14T02:25:49.857837,2026-04-14T05:25:49.857837,180,DELAYED,0.62,0.83
TR00944,UA9195,LOC008,LOC065,2025-01-09T16:57:38,2025-01-09T20:00:38,2025-01-09T20:12:34.425385,2025-01-09T23:15:34.425385,183,DELAYED,0.27,0.42
TR00945,UA5788,LOC013,LOC068,2024-03-09T14:47:51,2024-03-09T14:47:51,2024-03-09T22:10:50.098342,2024-03-09T22:10:50.098342,0,COMPLETED,0.16,0.57
TR00946,UA4450,LOC065,LOC016,2026-01-09T11:01:51,2026-01-09T11:58:51,2026-01-09T18:54:14.939431,2026-01-09T19:51:14.939431,57,DELAYED,0.38,0.56
TR00947,UA5511,LOC022,LOC013,2025-03-06T10:20:49,2025-03-06T13:20:49,2025-03-06T11:29:11.009105,2025-03-06T14:29:11.009105,180,DELAYED,0.65,0.99
TR00948,UA1707,LOC052,LOC022,2026-04-20T12:44:36,2026-04-20T12:44:36,2026-04-20T18:57:22.915935,2026-04-20T18:57:22.915935,0,IN_TRANSIT,0.14,0.98
TR00949,UA8360,LOC024,LOC065,2024-09-16T11:37:04,2024-09-16T13:32:04,2024-09-16T18:10:26.731824,2024-09-16T20:05:26.731824,115,DELAYED,0.96,0.29
TR00950,UA1230,LOC013,LOC014,2024-01-10T20:59:28,2024-01-10T20:59:28,2024-01-11T02:06:50.315489,2024-01-11T02:06:50.315489,0,COMPLETED,0.43,0.9
TR00951,UA880,LOC065,LOC035,2026-01-30T11:43:34,2026-01-30T12:35:34,2026-01-30T16:19:26.571565,2026-01-30T17:11:26.571565,52,DELAYED,0.69,0.18
TR00952,UA9428,LOC052,LOC008,2024-12-02T02:25:52,2024-12-02T06:28:52,2024-12-02T07:37:33.988852,2024-12-02T11:40:33.988852,243,DELAYED,0.52,0.89
TR00953,UA4530,LOC052,LOC038,2025-10-01T17:21:07,2025-10-01T20:29:07,2025-10-01T20:16:20.007439,2025-10-01T23:24:20.007439,188,DELAYED,0.95,0.93
TR00954,UA1045,LOC052,LOC035,2025-05-28T19:02:03,2025-05-28T19:02:03,2025-05-28T22:28:29.498341,2025-05-28T22:28:29.498341,0,COMPLETED,0.1,0.19
TR00955,UA9117,LOC016,LOC018,2024-06-04T11:45:28,2024-06-04T15:38:28,2024-06-04T15:24:58.601304,2024-06-04T19:17:58.601304,233,DELAYED,0.62,0.92
TR00956,UA5531,LOC019,LOC035,2024-05-17T19:21:19,2024-05-17T19:21:19,2024-05-18T02:46:42.692713,2024-05-18T02:46:42.692713,0,IN_TRANSIT,1.0,0.67
TR00957,UA3361,LOC016,LOC068,2026-02-21T11:18:50,2026-02-21T11:18:50,2026-02-21T14:12:47.451269,2026-02-21T14:12:47.451269,0,ON_TIME,0.06,0.12
TR00958,UA6139,LOC012,LOC016,2026-06-24T11:18:43,2026-06-24T12:04:43,2026-06-24T15:42:36.342856,2026-06-24T16:28:36.342856,46,DELAYED,0.52,0.52
TR00959,UA9346,LOC031,LOC018,2024-12-22T06:00:47,2024-12-22T06:00:47,2024-12-22T12:49:47.901074,2024-12-22T12:49:47.901074,0,COMPLETED,0.26,0.58
TR00960,UA4446,LOC061,LOC052,2026-06-13T06:42:43,2026-06-13T09:34:43,2026-06-13T14:13:29.523443,2026-06-13T17:05:29.523443,172,DELAYED,0.56,0.12
TR00961,UA4249,LOC035,LOC008,2025-03-07T08:17:11,2025-03-07T09:52:11,2025-03-07T13:17:43.763453,2025-03-07T14:52:43.763453,95,DELAYED,0.9,0.64
TR00962,UA211,LOC019,LOC052,2024-01-01T03:27:50,2024-01-01T03:27:50,2024-01-01T09:30:45.368829,2024-01-01T09:30:45.368829,0,ON_TIME,0.14,0.53
TR00963,UA2464,LOC017,LOC028,2025-10-25T11:39:18,2025-10-25T12:19:18,2025-10-25T17:30:32.731476,2025-10-25T18:10:32.731476,40,DELAYED,0.16,0.19
TR00964,UA4046,LOC035,LOC068,2025-06-26T02:07:38,2025-06-26T02:07:38,2025-06-26T03:08:30.521465,2025-06-26T03:08:30.521465,0,ON_TIME,0.02,0.57
TR00965,UA990,LOC050,LOC072,2025-07-08T10:11:03,2025-07-08T12:23:03,2025-07-08T15:46:32.831695,2025-07-08T17:58:32.831695,132,DELAYED,0.0,0.16
TR00966,UA9536,LOC019,LOC013,2025-12-03T17:02:48,2025-12-03T17:02:48,2025-12-03T23:09:35.266226,2025-12-03T23:09:35.266226,0,IN_TRANSIT,0.69,0.07
TR00967,UA177,LOC058,LOC052,2026-05-14T03:52:38,2026-05-14T03:52:38,2026-05-14T09:56:18.602305,2026-05-14T09:56:18.602305,0,IN_TRANSIT,0.08,0.1
TR00968,UA9462,LOC022,LOC058,2024-09-12T05:20:15,2024-09-12T05:20:15,2024-09-12T06:59:19.403905,2024-09-12T06:59:19.403905,0,BOARDING,0.85,0.9
TR00969,UA7976,LOC017,LOC018,2024-02-11T18:52:52,2024-02-11T18:52:52,2024-02-12T02:43:53.150343,2024-02-12T02:43:53.150343,0,BOARDING,0.67,0.64
TR00970,UA4760,LOC017,LOC055,2024-05-31T11:28:48,2024-05-31T15:09:48,2024-05-31T18:00:04.307057,2024-05-31T21:41:04.307057,221,DELAYED,0.69,0.6
TR00971,UA4470,LOC052,LOC061,2026-06-07T02:40:42,2026-06-07T07:27:42,2026-06-07T04:21:21.300251,2026-06-07T09:08:21.300251,287,DELAYED,0.62,0.76
TR00972,UA9385,LOC035,LOC031,2024-02-03T04:24:38,2024-02-03T17:44:38,2024-02-03T05:56:27.262855,2024-02-03T19:16:27.262855,800,CANCELLED,0.49,0.44
TR00973,UA3031,LOC028,LOC022,2025-03-03T14:21:34,2025-03-03T17:10:34,2025-03-03T20:39:51.820790,2025-03-03T23:28:51.820790,169,DELAYED,0.89,0.75
TR00974,UA5042,LOC055,LOC014,2024-10-26T02:35:02,2024-10-26T04:45:02,2024-10-26T06:45:20.077431,2024-10-26T08:55:20.077431,130,DELAYED,0.22,0.51
TR00975,UA4598,LOC065,LOC058,2024-09-24T07:10:06,2024-09-24T07:10:06,2024-09-24T11:03:57.339364,2024-09-24T11:03:57.339364,0,BOARDING,0.52,0.1
TR00976,UA7989,LOC014,LOC019,2024-08-31T19:40:31,2024-08-31T19:40:31,2024-09-01T02:45:01.676068,2024-09-01T02:45:01.676068,0,COMPLETED,0.85,0.41
TR00977,UA6541,LOC018,LOC036,2024-12-29T20:20:16,2024-12-29T20:20:16,2024-12-29T22:48:20.463529,2024-12-29T22:48:20.463529,0,COMPLETED,0.99,0.25
TR00978,UA2396,LOC072,LOC028,2024-03-11T05:20:00,2024-03-11T08:52:00,2024-03-11T12:01:23.029973,2024-03-11T15:33:23.029973,212,DELAYED,0.32,0.99
TR00979,UA981,LOC068,LOC031,2024-10-05T16:12:08,2024-10-05T20:17:08,2024-10-05T18:12:39.638305,2024-10-05T22:17:39.638305,245,DELAYED,0.86,0.9
TR00980,UA9130,LOC022,LOC028,2024-10-31T06:02:34,2024-10-31T06:02:34,2024-10-31T07:39:27.675275,2024-10-31T07:39:27.675275,0,COMPLETED,0.02,0.36
TR00981,UA9811,LOC019,LOC013,2024-11-20T18:43:44,2024-11-20T22:12:44,2024-11-20T20:45:31.750648,2024-11-21T00:14:31.750648,209,DELAYED,0.88,0.95
TR00982,UA9058,LOC017,LOC055,2024-11-03T00:43:38,2024-11-03T00:43:38,2024-11-03T06:20:00.069146,2024-11-03T06:20:00.069146,0,BOARDING,0.41,0.22
TR00983,UA1694,LOC028,LOC016,2024-07-25T00:44:11,2024-07-25T04:05:11,2024-07-25T01:54:05.711399,2024-07-25T05:15:05.711399,201,DELAYED,0.82,0.53
TR00984,UA7052,LOC068,LOC022,2025-04-03T06:23:45,2025-04-03T07:46:45,2025-04-03T13:36:09.022411,2025-04-03T14:59:09.022411,83,DELAYED,0.64,0.55
TR00985,UA2842,LOC028,LOC017,2025-12-16T21:55:27,2025-12-16T21:55:27,2025-12-17T04:00:21.562651,2025-12-17T04:00:21.562651,0,BOARDING,0.38,0.26
TR00986,UA3930,LOC058,LOC024,2024-04-05T04:30:12,2024-04-05T04:30:12,2024-04-05T11:40:14.850127,2024-04-05T11:40:14.850127,0,BOARDING,0.23,0.58
TR00987,UA5503,LOC031,LOC055,2025-11-29T05:20:41,2025-11-29T05:20:41,2025-11-29T06:57:20.127210,2025-11-29T06:57:20.127210,0,ON_TIME,0.05,0.32
TR00988,UA1702,LOC028,LOC072,2024-12-16T11:54:58,2024-12-16T13:09:58,2024-12-16T17:23:55.070873,2024-12-16T18:38:55.070873,75,DELAYED,0.59,0.56
TR00989,UA8710,LOC036,LOC018,2024-07-27T23:05:03,2024-07-27T23:05:03,2024-07-28T01:14:39.135788,2024-07-28T01:14:39.135788,0,IN_TRANSIT,0.17,0.76
TR00990,UA6440,LOC038,LOC036,2024-02-18T22:03:57,2024-02-19T02:37:57,2024-02-19T00:34:59.553074,2024-02-19T05:08:59.553074,274,DELAYED,0.67,0.09
TR00991,UA7026,LOC072,LOC052,2024-07-02T02:44:39,2024-07-02T02:44:39,2024-07-02T07:25:12.385476,2024-07-02T07:25:12.385476,0,BOARDING,0.33,0.31
TR00992,UA143,LOC061,LOC019,2024-11-13T03:46:15,2024-11-13T03:46:15,2024-11-13T10:29:35.155312,2024-11-13T10:29:35.155312,0,COMPLETED,0.3,0.13
TR00993,UA3801,LOC050,LOC028,2025-07-23T13:25:11,2025-07-23T13:25:11,2025-07-23T19:08:59.058916,2025-07-23T19:08:59.058916,0,ON_TIME,0.17,0.52
TR00994,UA417,LOC038,LOC019,2025-04-10T09:39:37,2025-04-10T09:39:37,2025-04-10T15:14:40.707253,2025-04-10T15:14:40.707253,0,BOARDING,0.91,0.22
TR00995,UA2421,LOC018,LOC024,2025-11-01T19:30:38,2025-11-01T19:30:38,2025-11-02T02:08:48.076558,2025-11-02T02:08:48.076558,0,ON_TIME,0.58,0.52
TR00996,UA8487,LOC008,LOC065,2024-08-27T02:54:24,2024-08-27T02:54:24,2024-08-27T06:23:47.970333,2024-08-27T06:23:47.970333,0,BOARDING,0.19,0.67
TR00997,UA6049,LOC014,LOC068,2024-04-08T06:48:04,2024-04-08T10:08:04,2024-04-08T14:22:54.228166,2024-04-08T17:42:54.228166,200,DELAYED,0.73,0.17
TR00998,UA3408,LOC068,LOC052,2024-09-04T02:31:02,2024-09-04T02:31:02,2024-09-04T05:35:15.137608,2024-09-04T05:35:15.137608,0,ON_TIME,0.43,0.56
TR00999,UA6240,LOC065,LOC017,2026-01-05T21:56:11,2026-01-05T21:56:11,2026-01-06T03:45:58.973319,2026-01-06T03:45:58.973319,0,COMPLETED,0.13,0.06
TR01000,UA5933,LOC035,LOC036,2025-08-10T08:04:23,2025-08-10T12:23:23,2025-08-10T09:57:52.148497,2025-08-10T14:16:52.148497,259,DELAYED,0.24,1.0
TR01001,UA2120,LOC055,LOC031,2024-01-12T20:11:54,2024-01-12T20:11:54,2024-01-12T23:11:00.556139,2024-01-12T23:11:00.556139,0,COMPLETED,0.02,0.98
TR01002,UA5935,LOC013,LOC031,2024-09-23T05:19:43,2024-09-23T05:19:43,2024-09-23T09:54:47.875330,2024-09-23T09:54:47.875330,0,COMPLETED,0.07,0.52
TR01003,UA1368,LOC035,LOC013,2025-08-04T19:42:03,2025-08-04T19:42:03,2025-08-04T21:28:27.272130,2025-08-04T21:28:27.272130,0,COMPLETED,0.5,0.86
TR01004,UA8584,LOC024,LOC019,2024-02-24T13:43:22,2024-02-24T13:43:22,2024-02-24T17:47:21.156411,2024-02-24T17:47:21.156411,0,BOARDING,0.02,0.12
TR01005,UA2070,LOC031,LOC038,2026-04-08T00:47:10,2026-04-08T02:19:10,2026-04-08T07:22:02.319857,2026-04-08T08:54:02.319857,92,DELAYED,0.92,1.0
TR01006,UA182,LOC018,LOC012,2024-09-29T00:02:32,2024-09-29T00:02:32,2024-09-29T02:21:15.659382,2024-09-29T02:21:15.659382,0,ON_TIME,0.15,0.37
TR01007,UA5803,LOC013,LOC072,2025-10-15T00:01:55,2025-10-15T03:52:55,2025-10-15T01:31:14.923295,2025-10-15T05:22:14.923295,231,DELAYED,0.93,0.03
TR01008,UA8518,LOC018,LOC038,2024-06-17T14:05:01,2024-06-17T17:31:01,2024-06-17T20:28:36.306219,2024-06-17T23:54:36.306219,206,DELAYED,0.74,0.86
TR01009,UA221,LOC055,LOC058,2024-05-11T18:35:28,2024-05-12T12:14:28,2024-05-12T01:42:37.461394,2024-05-12T19:21:37.461394,1059,CANCELLED,0.17,0.2
TR01010,UA2675,LOC014,LOC068,2024-09-01T17:18:19,2024-09-01T17:18:19,2024-09-01T22:16:57.475263,2024-09-01T22:16:57.475263,0,COMPLETED,0.02,0.37
TR01011,UA7342,LOC017,LOC022,2024-11-24T23:55:25,2024-11-24T23:55:25,2024-11-25T05:50:09.887538,2024-11-25T05:50:09.887538,0,BOARDING,0.51,0.9
TR01012,UA5485,LOC012,LOC052,2024-04-23T17:34:46,2024-04-23T17:34:46,2024-04-23T21:37:42.467710,2024-04-23T21:37:42.467710,0,IN_TRANSIT,0.49,0.65
TR01013,UA3580,LOC012,LOC017,2024-08-26T19:49:53,2024-08-26T19:49:53,2024-08-26T23:01:28.192340,2024-08-26T23:01:28.192340,0,ON_TIME,0.35,0.37
TR01014,UA9561,LOC018,LOC072,2025-10-06T18:17:29,2025-10-06T20:21:29,2025-10-06T20:00:36.068588,2025-10-06T22:04:36.068588,124,DELAYED,0.3,0.5
TR01015,UA5419,LOC014,LOC024,2024-06-17T10:55:33,2024-06-17T10:55:33,2024-06-17T18:20:54.051104,2024-06-17T18:20:54.051104,0,ON_TIME,0.4,0.99
TR01016,UA6741,LOC052,LOC014,2025-11-06T03:45:02,2025-11-06T04:36:02,2025-11-06T06:39:16.000987,2025-11-06T07:30:16.000987,51,DELAYED,0.11,0.4
TR01017,UA2448,LOC019,LOC008,2024-12-22T03:19:30,2024-12-22T03:19:30,2024-12-22T08:14:51.368226,2024-12-22T08:14:51.368226,0,COMPLETED,0.24,0.23
TR01018,UA6590,LOC072,LOC058,2024-09-15T03:58:54,2024-09-15T03:58:54,2024-09-15T05:15:24.882155,2024-09-15T05:15:24.882155,0,IN_TRANSIT,0.91,0.65
TR01019,UA9036,LOC058,LOC008,2025-02-17T10:25:19,2025-02-17T13:58:19,2025-02-17T12:15:56.701197,2025-02-17T15:48:56.701197,213,DELAYED,0.59,0.49
TR01020,UA3594,LOC072,LOC035,2026-03-19T04:46:05,2026-03-19T04:46:05,2026-03-19T10:59:13.045529,2026-03-19T10:59:13.045529,0,BOARDING,0.61,0.87
TR01021,UA2718,LOC017,LOC018,2026-05-12T03:48:00,2026-05-12T08:47:00,2026-05-12T05:28:11.751728,2026-05-12T10:27:11.751728,299,DELAYED,0.98,0.56
TR01022,UA8277,LOC035,LOC024,2026-04-04T16:06:41,2026-04-04T16:06:41,2026-04-04T17:54:00.901693,2026-04-04T17:54:00.901693,0,ON_TIME,0.6,0.83
TR01023,UA7496,LOC024,LOC068,2026-06-28T17:30:48,2026-06-28T20:10:48,2026-06-28T23:44:49.140227,2026-06-29T02:24:49.140227,160,DELAYED,0.38,0.5
TR01024,UA6585,LOC068,LOC024,2025-05-27T17:07:45,2025-05-27T17:07:45,2025-05-27T21:02:11.778623,2025-05-27T21:02:11.778623,0,BOARDING,0.61,0.97
TR01025,UA633,LOC014,LOC012,2025-12-04T19:07:14,2025-12-04T21:50:14,2025-12-05T01:40:20.136191,2025-12-05T04:23:20.136191,163,DELAYED,0.62,0.46
TR01026,UA2303,LOC024,LOC072,2024-09-01T12:11:28,2024-09-01T16:19:28,2024-09-01T16:13:48.053888,2024-09-01T20:21:48.053888,248,DELAYED,0.22,0.89
TR01027,UA1436,LOC018,LOC072,2026-04-07T18:00:18,2026-04-07T18:00:18,2026-04-07T20:32:26.272156,2026-04-07T20:32:26.272156,0,BOARDING,0.07,0.59
TR01028,UA372,LOC018,LOC072,2026-05-31T06:14:21,2026-05-31T09:29:21,2026-05-31T10:38:59.836789,2026-05-31T13:53:59.836789,195,DELAYED,0.76,0.65
TR01029,UA1868,LOC012,LOC052,2024-11-30T21:41:15,2024-11-30T23:29:15,2024-11-30T23:23:28.418926,2024-12-01T01:11:28.418926,108,DELAYED,0.06,0.46
TR01030,UA4377,LOC031,LOC018,2025-11-28T14:07:01,2025-11-28T14:07:01,2025-11-28T17:07:02.057516,2025-11-28T17:07:02.057516,0,BOARDING,0.19,0.67
TR01031,UA1204,LOC035,LOC013,2025-10-22T00:54:36,2025-10-22T00:54:36,2025-10-22T04:05:49.203646,2025-10-22T04:05:49.203646,0,ON_TIME,0.82,0.9
TR01032,UA9814,LOC052,LOC058,2024-09-24T09:39:30,2024-09-24T09:39:30,2024-09-24T13:45:54.614626,2024-09-24T13:45:54.614626,0,ON_TIME,0.1,0.58
TR01033,UA2339,LOC036,LOC017,2025-11-22T09:37:41,2025-11-22T09:37:41,2025-11-22T17:16:30.775125,2025-11-22T17:16:30.775125,0,ON_TIME,0.05,0.54
TR01034,UA6655,LOC019,LOC055,2025-03-09T16:24:46,2025-03-09T19:21:46,2025-03-09T22:38:27.568703,2025-03-10T01:35:27.568703,177,DELAYED,0.65,0.95
TR01035,UA7514,LOC061,LOC028,2025-05-05T11:16:30,2025-05-05T11:16:30,2025-05-05T18:35:35.138605,2025-05-05T18:35:35.138605,0,IN_TRANSIT,0.31,0.93
TR01036,UA1288,LOC028,LOC012,2025-02-08T06:01:40,2025-02-08T08:10:40,2025-02-08T13:28:39.430317,2025-02-08T15:37:39.430317,129,DELAYED,0.68,0.91
TR01037,UA5715,LOC031,LOC024,2024-11-28T15:58:57,2024-11-28T15:58:57,2024-11-28T20:58:37.797467,2024-11-28T20:58:37.797467,0,COMPLETED,0.29,0.71
TR01038,UA6445,LOC058,LOC065,2024-02-01T02:41:18,2024-02-01T06:04:18,2024-02-01T09:03:13.419642,2024-02-01T12:26:13.419642,203,DELAYED,0.95,0.73
TR01039,UA191,LOC017,LOC038,2024-10-31T21:27:46,2024-10-31T21:27:46,2024-10-31T23:24:57.787018,2024-10-31T23:24:57.787018,0,ON_TIME,0.65,0.06
TR01040,UA214,LOC013,LOC072,2025-09-22T09:55:23,2025-09-22T09:55:23,2025-09-22T12:07:58.945879,2025-09-22T12:07:58.945879,0,ON_TIME,0.89,0.26
TR01041,UA4751,LOC068,LOC031,2025-04-04T02:18:51,2025-04-04T02:18:51,2025-04-04T08:50:22.077602,2025-04-04T08:50:22.077602,0,COMPLETED,0.73,0.01
TR01042,UA3456,LOC019,LOC055,2025-08-06T08:37:43,2025-08-06T08:37:43,2025-08-06T12:04:21.700824,2025-08-06T12:04:21.700824,0,COMPLETED,0.04,0.07
TR01043,UA2846,LOC065,LOC052,2026-04-11T18:56:18,2026-04-12T06:31:18,2026-04-11T21:03:39.812387,2026-04-12T08:38:39.812387,695,CANCELLED,0.98,0.01
TR01044,UA9460,LOC022,LOC019,2025-12-23T03:32:58,2025-12-23T06:41:58,2025-12-23T07:16:53.890172,2025-12-23T10:25:53.890172,189,DELAYED,0.89,0.82
TR01045,UA346,LOC031,LOC016,2024-05-21T09:38:54,2024-05-21T10:17:54,2024-05-21T15:47:12.326873,2024-05-21T16:26:12.326873,39,DELAYED,0.68,0.5
TR01046,UA1956,LOC061,LOC024,2026-06-22T04:15:25,2026-06-22T04:15:25,2026-06-22T12:09:04.067757,2026-06-22T12:09:04.067757,0,COMPLETED,0.55,0.8
TR01047,UA5900,LOC072,LOC017,2024-06-28T04:28:01,2024-06-28T04:28:01,2024-06-28T10:26:45.678077,2024-06-28T10:26:45.678077,0,IN_TRANSIT,0.42,0.3
TR01048,UA2619,LOC055,LOC058,2024-07-15T22:39:41,2024-07-15T22:39:41,2024-07-16T06:01:26.218311,2024-07-16T06:01:26.218311,0,BOARDING,0.7,0.11
TR01049,UA8514,LOC008,LOC016,2024-03-24T13:31:06,2024-03-24T13:31:06,2024-03-24T17:38:28.826505,2024-03-24T17:38:28.826505,0,IN_TRANSIT,0.32,0.53
TR01050,UA611,LOC050,LOC035,2024-12-22T21:14:48,2024-12-22T21:14:48,2024-12-22T23:49:19.155522,2024-12-22T23:49:19.155522,0,COMPLETED,0.01,0.01
TR01051,UA2127,LOC014,LOC036,2026-04-08T19:55:14,2026-04-08T22:41:14,2026-04-09T01:26:09.263715,2026-04-09T04:12:09.263715,166,DELAYED,0.99,0.27
TR01052,UA6609,LOC013,LOC061,2024-06-24T19:05:34,2024-06-24T19:05:34,2024-06-25T00:56:48.177226,2024-06-25T00:56:48.177226,0,ON_TIME,0.09,0.57
TR01053,UA6773,LOC008,LOC072,2026-05-20T00:43:51,2026-05-20T00:43:51,2026-05-20T06:19:16.999753,2026-05-20T06:19:16.999753,0,ON_TIME,0.38,0.19
TR01054,UA1428,LOC028,LOC038,2026-01-14T14:24:26,2026-01-14T14:24:26,2026-01-14T18:01:37.663847,2026-01-14T18:01:37.663847,0,BOARDING,0.75,0.95
TR01055,UA5154,LOC061,LOC022,2025-09-05T00:01:01,2025-09-05T00:01:01,2025-09-05T03:06:18.295081,2025-09-05T03:06:18.295081,0,ON_TIME,0.61,0.14
TR01056,UA735,LOC038,LOC065,2026-06-21T00:39:39,2026-06-21T00:39:39,2026-06-21T06:26:46.323989,2026-06-21T06:26:46.323989,0,COMPLETED,0.82,0.85
TR01057,UA1559,LOC061,LOC008,2024-07-29T01:17:52,2024-07-29T01:17:52,2024-07-29T03:45:31.921711,2024-07-29T03:45:31.921711,0,BOARDING,0.37,0.16
TR01058,UA9495,LOC022,LOC072,2024-03-23T01:42:30,2024-03-23T01:42:30,2024-03-23T07:51:35.261874,2024-03-23T07:51:35.261874,0,ON_TIME,0.24,0.26
TR01059,UA1117,LOC024,LOC014,2026-03-15T14:44:27,2026-03-15T14:44:27,2026-03-15T21:55:45.035535,2026-03-15T21:55:45.035535,0,COMPLETED,0.36,0.05
TR01060,UA5164,LOC031,LOC036,2024-10-06T07:09:13,2024-10-06T11:07:13,2024-10-06T11:04:31.616717,2024-10-06T15:02:31.616717,238,DELAYED,0.74,0.0
TR01061,UA950,LOC012,LOC050,2026-04-17T08:19:20,2026-04-17T11:59:20,2026-04-17T15:20:32.739743,2026-04-17T19:00:32.739743,220,DELAYED,0.49,0.63
TR01062,UA282,LOC061,LOC055,2024-12-26T02:08:46,2024-12-26T02:08:46,2024-12-26T04:14:39.925723,2024-12-26T04:14:39.925723,0,ON_TIME,0.77,0.45
TR01063,UA711,LOC016,LOC008,2024-07-15T09:32:33,2024-07-15T09:32:33,2024-07-15T10:54:08.527827,2024-07-15T10:54:08.527827,0,ON_TIME,0.52,0.11
TR01064,UA8901,LOC019,LOC012,2025-01-08T13:51:09,2025-01-08T18:15:09,2025-01-08T19:06:01.254514,2025-01-08T23:30:01.254514,264,DELAYED,0.0,0.85
TR01065,UA2396,LOC018,LOC058,2024-03-19T20:24:06,2024-03-19T20:24:06,2024-03-19T23:17:51.120799,2024-03-19T23:17:51.120799,0,IN_TRANSIT,0.13,0.55
TR01066,UA6179,LOC031,LOC058,2026-02-28T19:07:17,2026-02-28T21:07:17,2026-02-28T23:31:27.845945,2026-03-01T01:31:27.845945,120,DELAYED,0.18,0.38
TR01067,UA5389,LOC028,LOC038,2026-04-24T13:30:20,2026-04-24T13:30:20,2026-04-24T14:43:44.344357,2026-04-24T14:43:44.344357,0,ON_TIME,0.25,0.76
TR01068,UA7450,LOC028,LOC036,2024-04-25T05:22:02,2024-04-25T08:28:02,2024-04-25T08:17:41.709259,2024-04-25T11:23:41.709259,186,DELAYED,0.96,0.62
TR01069,UA7406,LOC013,LOC038,2025-01-10T03:34:34,2025-01-10T03:34:34,2025-01-10T05:33:34.974676,2025-01-10T05:33:34.974676,0,COMPLETED,0.49,0.17
TR01070,UA7175,LOC012,LOC050,2026-04-17T07:29:02,2026-04-17T07:29:02,2026-04-17T10:50:23.371587,2026-04-17T10:50:23.371587,0,BOARDING,0.48,0.98
TR01071,UA9172,LOC058,LOC036,2026-05-07T22:23:25,2026-05-07T22:23:25,2026-05-08T02:46:48.547813,2026-05-08T02:46:48.547813,0,IN_TRANSIT,0.98,0.47
TR01072,UA3591,LOC036,LOC050,2024-05-09T19:38:11,2024-05-09T23:58:11,2024-05-09T22:54:17.160741,2024-05-10T03:14:17.160741,260,DELAYED,1.0,0.49
TR01073,UA2832,LOC061,LOC028,2025-06-10T19:00:36,2025-06-10T19:00:36,2025-06-10T20:27:51.839909,2025-06-10T20:27:51.839909,0,BOARDING,0.63,1.0
TR01074,UA3696,LOC068,LOC028,2026-03-26T16:14:50,2026-03-26T16:14:50,2026-03-26T18:03:28.164205,2026-03-26T18:03:28.164205,0,IN_TRANSIT,0.64,0.33
TR01075,UA8699,LOC013,LOC035,2026-04-15T01:55:50,2026-04-15T02:48:50,2026-04-15T06:24:16.750086,2026-04-15T07:17:16.750086,53,DELAYED,0.1,0.44
TR01076,UA3900,LOC068,LOC058,2024-05-25T07:17:40,2024-05-25T08:07:40,2024-05-25T12:39:09.820344,2024-05-25T13:29:09.820344,50,DELAYED,0.73,0.47
TR01077,UA8390,LOC017,LOC031,2025-02-07T08:45:36,2025-02-07T08:45:36,2025-02-07T13:11:00.965734,2025-02-07T13:11:00.965734,0,ON_TIME,0.9,0.84
TR01078,UA2404,LOC036,LOC018,2025-02-09T16:00:43,2025-02-09T17:50:43,2025-02-09T18:42:22.692043,2025-02-09T20:32:22.692043,110,DELAYED,0.31,0.86
TR01079,UA485,LOC013,LOC014,2025-05-30T20:41:07,2025-05-30T20:41:07,2025-05-31T02:33:29.989045,2025-05-31T02:33:29.989045,0,IN_TRANSIT,0.63,0.36
TR01080,UA1718,LOC019,LOC017,2026-05-02T16:45:08,2026-05-02T19:01:08,2026-05-02T18:40:13.412360,2026-05-02T20:56:13.412360,136,DELAYED,0.04,0.95
TR01081,UA3779,LOC038,LOC035,2024-07-30T13:09:23,2024-07-30T14:56:23,2024-07-30T15:51:11.474808,2024-07-30T17:38:11.474808,107,DELAYED,1.0,0.62
TR01082,UA8534,LOC017,LOC052,2024-10-03T23:52:51,2024-10-03T23:52:51,2024-10-04T07:00:29.299612,2024-10-04T07:00:29.299612,0,ON_TIME,0.23,0.12
TR01083,UA6316,LOC018,LOC058,2024-03-09T09:07:51,2024-03-09T10:02:51,2024-03-09T16:50:55.475073,2024-03-09T17:45:55.475073,55,DELAYED,0.5,0.86
TR01084,UA6045,LOC050,LOC055,2025-10-26T10:35:01,2025-10-26T13:24:01,2025-10-26T11:51:08.189876,2025-10-26T14:40:08.189876,169,DELAYED,0.58,0.58
TR01085,UA7453,LOC050,LOC012,2026-01-31T23:28:36,2026-01-31T23:28:36,2026-02-01T02:08:28.235077,2026-02-01T02:08:28.235077,0,ON_TIME,0.13,0.13
TR01086,UA5725,LOC019,LOC022,2024-11-14T22:09:09,2024-11-15T02:04:09,2024-11-15T03:37:11.708688,2024-11-15T07:32:11.708688,235,DELAYED,0.99,0.15
TR01087,UA5796,LOC014,LOC016,2024-08-05T00:51:24,2024-08-05T05:45:24,2024-08-05T04:17:32.935641,2024-08-05T09:11:32.935641,294,DELAYED,0.03,0.31
TR01088,UA1115,LOC008,LOC022,2024-12-08T13:07:38,2024-12-08T15:06:38,2024-12-08T18:20:04.672046,2024-12-08T20:19:04.672046,119,DELAYED,0.75,0.28
TR01089,UA5418,LOC068,LOC058,2024-05-18T20:26:35,2024-05-18T20:26:35,2024-05-19T03:53:21.351414,2024-05-19T03:53:21.351414,0,COMPLETED,0.35,0.12
TR01090,UA5736,LOC031,LOC028,2026-03-15T14:45:52,2026-03-15T14:45:52,2026-03-15T18:12:36.520989,2026-03-15T18:12:36.520989,0,BOARDING,0.45,0.68
TR01091,UA687,LOC035,LOC013,2024-08-17T15:12:42,2024-08-18T12:28:42,2024-08-17T21:50:28.558565,2024-08-18T19:06:28.558565,1276,CANCELLED,0.17,0.46
TR01092,UA6095,LOC017,LOC018,2025-11-18T03:54:56,2025-11-18T03:54:56,2025-11-18T07:43:11.493848,2025-11-18T07:43:11.493848,0,BOARDING,0.16,0.12
TR01093,UA9144,LOC068,LOC038,2024-04-20T23:17:54,2024-04-20T23:17:54,2024-04-21T04:07:03.719740,2024-04-21T04:07:03.719740,0,IN_TRANSIT,0.39,0.56
TR01094,UA407,LOC068,LOC024,2025-10-17T17:51:50,2025-10-17T17:51:50,2025-10-18T01:20:15.367562,2025-10-18T01:20:15.367562,0,ON_TIME,0.56,0.63
TR01095,UA5652,LOC028,LOC058,2026-04-29T07:25:59,2026-04-29T08:10:59,2026-04-29T13:20:00.435960,2026-04-29T14:05:00.435960,45,DELAYED,0.73,0.97
TR01096,UA8284,LOC019,LOC035,2024-05-04T12:27:54,2024-05-04T12:27:54,2024-05-04T17:25:24.090360,2024-05-04T17:25:24.090360,0,COMPLETED,0.92,0.11
TR01097,UA8450,LOC016,LOC038,2025-05-14T23:09:17,2025-05-14T23:09:17,2025-05-15T00:58:59.994209,2025-05-15T00:58:59.994209,0,COMPLETED,0.77,0.15
TR01098,UA7085,LOC038,LOC016,2025-12-16T23:34:04,2025-12-17T02:11:04,2025-12-17T01:14:03.143838,2025-12-17T03:51:03.143838,157,DELAYED,0.92,0.3
TR01099,UA6012,LOC050,LOC024,2024-09-12T18:01:26,2024-09-12T18:01:26,2024-09-12T21:36:01.053224,2024-09-12T21:36:01.053224,0,COMPLETED,0.53,0.39
TR01100,UA869,LOC055,LOC052,2025-03-05T05:37:50,2025-03-05T05:37:50,2025-03-05T09:34:37.945725,2025-03-05T09:34:37.945725,0,BOARDING,0.31,0.63
TR01101,UA851,LOC016,LOC035,2025-06-08T13:40:42,2025-06-08T13:40:42,2025-06-08T14:42:38.121541,2025-06-08T14:42:38.121541,0,IN_TRANSIT,0.56,0.14
TR01102,UA6391,LOC014,LOC061,2024-02-16T12:59:39,2024-02-16T12:59:39,2024-02-16T14:22:17.042959,2024-02-16T14:22:17.042959,0,IN_TRANSIT,0.33,0.11
TR01103,UA5014,LOC061,LOC065,2024-02-21T10:17:08,2024-02-21T10:59:08,2024-02-21T17:50:13.507037,2024-02-21T18:32:13.507037,42,DELAYED,0.85,0.8
TR01104,UA1533,LOC061,LOC038,2024-01-18T21:51:18,2024-01-18T21:51:18,2024-01-19T02:04:12.743210,2024-01-19T02:04:12.743210,0,BOARDING,0.82,0.89
TR01105,UA8706,LOC050,LOC036,2024-02-12T10:37:50,2024-02-12T10:37:50,2024-02-12T17:04:02.098262,2024-02-12T17:04:02.098262,0,BOARDING,0.6,0.85
TR01106,UA2722,LOC072,LOC038,2024-02-07T14:30:36,2024-02-07T17:34:36,2024-02-07T20:20:07.008080,2024-02-07T23:24:07.008080,184,DELAYED,0.18,0.38
TR01107,UA6735,LOC017,LOC061,2024-02-17T03:26:00,2024-02-17T03:57:00,2024-02-17T05:38:17.564382,2024-02-17T06:09:17.564382,31,DELAYED,0.15,0.63
TR01108,UA740,LOC008,LOC017,2024-05-09T22:05:38,2024-05-09T22:05:38,2024-05-10T01:13:00.192283,2024-05-10T01:13:00.192283,0,IN_TRANSIT,0.99,0.39
TR01109,UA2656,LOC013,LOC072,2025-05-15T23:32:42,2025-05-15T23:32:42,2025-05-16T02:44:37.897254,2025-05-16T02:44:37.897254,0,BOARDING,0.43,0.6
TR01110,UA990,LOC014,LOC008,2024-09-13T04:48:35,2024-09-13T04:48:35,2024-09-13T08:25:55.598358,2024-09-13T08:25:55.598358,0,COMPLETED,0.04,0.65
TR01111,UA2367,LOC035,LOC055,2026-06-29T01:43:06,2026-06-29T01:43:06,2026-06-29T06:06:05.781125,2026-06-29T06:06:05.781125,0,IN_TRANSIT,0.59,0.95
TR01112,UA9924,LOC024,LOC017,2024-05-05T22:15:18,2024-05-06T00:39:18,2024-05-06T00:20:15.041455,2024-05-06T02:44:15.041455,144,DELAYED,0.87,0.16
TR01113,UA664,LOC038,LOC050,2024-05-08T08:46:00,2024-05-08T12:30:00,2024-05-08T11:15:04.036840,2024-05-08T14:59:04.036840,224,DELAYED,0.82,0.33
TR01114,UA6154,LOC016,LOC019,2024-10-22T19:26:50,2024-10-22T19:26:50,2024-10-23T01:48:03.201981,2024-10-23T01:48:03.201981,0,BOARDING,1.0,0.39
TR01115,UA3355,LOC061,LOC016,2026-01-16T20:46:22,2026-01-16T20:46:22,2026-01-17T03:29:58.404554,2026-01-17T03:29:58.404554,0,BOARDING,0.57,0.04
TR01116,UA1497,LOC031,LOC036,2024-06-01T15:25:14,2024-06-01T15:25:14,2024-06-01T16:58:00.679638,2024-06-01T16:58:00.679638,0,BOARDING,0.98,0.11
TR01117,UA3208,LOC058,LOC061,2025-11-12T22:19:31,2025-11-13T01:11:31,2025-11-12T23:21:53.528476,2025-11-13T02:13:53.528476,172,DELAYED,0.69,0.31
TR01118,UA4729,LOC024,LOC013,2026-04-17T08:32:41,2026-04-17T11:30:41,2026-04-17T13:07:15.370078,2026-04-17T16:05:15.370078,178,DELAYED,0.61,0.5
TR01119,UA973,LOC061,LOC019,2025-07-31T03:59:47,2025-07-31T03:59:47,2025-07-31T09:16:28.158305,2025-07-31T09:16:28.158305,0,BOARDING,0.8,0.99
TR01120,UA6656,LOC050,LOC055,2024-03-29T22:20:39,2024-03-30T01:50:39,2024-03-30T00:09:20.615045,2024-03-30T03:39:20.615045,210,DELAYED,0.44,0.33
TR01121,UA760,LOC028,LOC031,2024-02-10T03:25:55,2024-02-10T08:22:55,2024-02-10T09:14:00.537685,2024-02-10T14:11:00.537685,297,DELAYED,0.31,0.93
TR01122,UA5033,LOC008,LOC028,2024-08-20T16:01:33,2024-08-20T16:01:33,2024-08-20T21:25:16.330824,2024-08-20T21:25:16.330824,0,IN_TRANSIT,0.39,0.52
TR01123,UA5788,LOC052,LOC012,2025-07-02T21:21:05,2025-07-02T22:54:05,2025-07-03T01:56:43.199311,2025-07-03T03:29:43.199311,93,DELAYED,0.76,0.54
TR01124,UA8890,LOC013,LOC050,2025-04-30T23:40:14,2025-04-30T23:40:14,2025-05-01T05:18:03.068898,2025-05-01T05:18:03.068898,0,BOARDING,0.01,0.06
TR01125,UA1557,LOC016,LOC018,2025-08-11T19:49:26,2025-08-11T19:49:26,2025-08-11T22:23:00.793597,2025-08-11T22:23:00.793597,0,ON_TIME,0.38,0.88
TR01126,UA7776,LOC072,LOC022,2024-06-27T21:23:05,2024-06-28T02:12:05,2024-06-28T00:53:30.792342,2024-06-28T05:42:30.792342,289,DELAYED,0.84,0.86
TR01127,UA6563,LOC052,LOC024,2026-02-21T23:13:51,2026-02-21T23:13:51,2026-02-22T01:10:27.209504,2026-02-22T01:10:27.209504,0,ON_TIME,0.24,0.07
TR01128,UA6972,LOC055,LOC008,2025-03-26T06:49:51,2025-03-26T06:49:51,2025-03-26T10:40:26.227864,2025-03-26T10:40:26.227864,0,BOARDING,0.16,0.28
TR01129,UA2661,LOC028,LOC018,2025-03-29T19:41:29,2025-03-30T09:31:29,2025-03-30T00:56:38.858934,2025-03-30T14:46:38.858934,830,CANCELLED,0.65,0.31
TR01130,UA513,LOC036,LOC012,2025-02-09T03:28:49,2025-02-09T06:29:49,2025-02-09T06:23:02.610117,2025-02-09T09:24:02.610117,181,DELAYED,0.85,0.24
TR01131,UA3164,LOC061,LOC035,2024-09-04T10:10:55,2024-09-04T12:08:55,2024-09-04T12:43:54.202120,2024-09-04T14:41:54.202120,118,DELAYED,0.76,0.34
TR01132,UA5225,LOC019,LOC014,2024-05-12T02:32:14,2024-05-12T02:32:14,2024-05-12T03:59:16.901786,2024-05-12T03:59:16.901786,0,BOARDING,0.15,0.41
TR01133,UA1927,LOC028,LOC008,2026-04-27T19:58:31,2026-04-27T19:58:31,2026-04-27T22:48:45.755917,2026-04-27T22:48:45.755917,0,COMPLETED,0.71,0.44
TR01134,UA3346,LOC065,LOC016,2024-08-17T19:44:15,2024-08-17T19:44:15,2024-08-17T23:41:59.694519,2024-08-17T23:41:59.694519,0,COMPLETED,0.36,0.84
TR01135,UA6249,LOC016,LOC068,2026-06-14T09:11:26,2026-06-14T09:11:26,2026-06-14T14:41:11.129445,2026-06-14T14:41:11.129445,0,BOARDING,0.17,0.93
TR01136,UA6757,LOC012,LOC014,2026-04-18T21:09:25,2026-04-19T00:55:25,2026-04-18T22:56:29.867382,2026-04-19T02:42:29.867382,226,DELAYED,0.57,0.63
TR01137,UA1892,LOC055,LOC008,2026-01-10T15:35:05,2026-01-10T15:35:05,2026-01-10T19:52:28.044240,2026-01-10T19:52:28.044240,0,BOARDING,0.1,0.01
TR01138,UA3963,LOC058,LOC024,2025-03-22T02:59:17,2025-03-22T04:28:17,2025-03-22T08:32:16.595665,2025-03-22T10:01:16.595665,89,DELAYED,0.46,0.91
TR01139,UA7267,LOC019,LOC028,2026-02-01T22:59:44,2026-02-02T03:20:44,2026-02-02T05:34:47.358926,2026-02-02T09:55:47.358926,261,DELAYED,0.85,0.51
TR01140,UA3904,LOC055,LOC072,2026-03-22T05:51:11,2026-03-22T07:32:11,2026-03-22T08:46:21.238090,2026-03-22T10:27:21.238090,101,DELAYED,0.04,0.5
TR01141,UA2568,LOC024,LOC014,2024-04-28T23:59:58,2024-04-29T03:34:58,2024-04-29T05:56:06.763966,2024-04-29T09:31:06.763966,215,DELAYED,0.35,0.65
TR01142,UA357,LOC065,LOC019,2024-08-21T21:55:36,2024-08-22T01:01:36,2024-08-22T05:19:42.425179,2024-08-22T08:25:42.425179,186,DELAYED,0.21,0.49
TR01143,UA280,LOC014,LOC065,2024-09-29T23:30:05,2024-09-29T23:30:05,2024-09-30T01:29:42.100196,2024-09-30T01:29:42.100196,0,COMPLETED,0.55,0.73
TR01144,UA235,LOC050,LOC012,2025-03-24T21:51:02,2025-03-24T21:51:02,2025-03-25T04:32:11.319018,2025-03-25T04:32:11.319018,0,COMPLETED,0.6,0.33
TR01145,UA5409,LOC028,LOC072,2026-02-17T22:07:18,2026-02-18T00:57:18,2026-02-18T04:06:42.780798,2026-02-18T06:56:42.780798,170,DELAYED,0.3,0.57
TR01146,UA1216,LOC008,LOC028,2024-03-06T23:01:02,2024-03-07T00:05:02,2024-03-07T06:25:21.408869,2024-03-07T07:29:21.408869,64,DELAYED,0.71,0.02
TR01147,UA2872,LOC024,LOC031,2025-05-02T23:00:18,2025-05-03T00:13:18,2025-05-03T01:09:45.179231,2025-05-03T02:22:45.179231,73,DELAYED,0.18,0.71
TR01148,UA1463,LOC028,LOC061,2025-08-12T10:44:40,2025-08-12T10:44:40,2025-08-12T18:23:26.128816,2025-08-12T18:23:26.128816,0,ON_TIME,0.14,0.34
TR01149,UA4296,LOC052,LOC055,2025-12-29T08:54:15,2025-12-29T08:54:15,2025-12-29T12:48:29.994896,2025-12-29T12:48:29.994896,0,COMPLETED,0.81,0.12
TR01150,UA1726,LOC008,LOC068,2024-03-03T17:35:36,2024-03-03T17:35:36,2024-03-03T19:26:30.425139,2024-03-03T19:26:30.425139,0,IN_TRANSIT,0.01,0.25
TR01151,UA3152,LOC016,LOC050,2026-02-26T19:41:13,2026-02-27T00:08:13,2026-02-26T22:15:12.726950,2026-02-27T02:42:12.726950,267,DELAYED,0.6,0.4
TR01152,UA1593,LOC019,LOC022,2025-11-06T06:24:53,2025-11-06T06:24:53,2025-11-06T08:40:55.847187,2025-11-06T08:40:55.847187,0,IN_TRANSIT,0.32,0.42
TR01153,UA4634,LOC022,LOC050,2025-12-26T22:40:59,2025-12-26T22:40:59,2025-12-27T04:02:22.904173,2025-12-27T04:02:22.904173,0,COMPLETED,0.54,0.36
TR01154,UA9381,LOC017,LOC072,2024-02-10T18:43:17,2024-02-10T22:41:17,2024-02-11T02:40:57.142248,2024-02-11T06:38:57.142248,238,DELAYED,0.95,0.7
TR01155,UA3425,LOC036,LOC068,2024-03-09T13:53:51,2024-03-09T16:13:51,2024-03-09T20:15:15.836352,2024-03-09T22:35:15.836352,140,DELAYED,0.37,0.39
TR01156,UA503,LOC008,LOC068,2024-03-16T21:22:38,2024-03-16T21:22:38,2024-03-17T03:53:58.597384,2024-03-17T03:53:58.597384,0,COMPLETED,0.87,0.49
TR01157,UA2807,LOC016,LOC038,2024-01-05T08:13:37,2024-01-05T08:13:37,2024-01-05T11:33:09.622478,2024-01-05T11:33:09.622478,0,BOARDING,0.37,0.74
TR01158,UA6343,LOC008,LOC036,2025-02-09T21:25:18,2025-02-09T21:25:18,2025-02-10T00:44:34.310527,2025-02-10T00:44:34.310527,0,BOARDING,0.8,0.73
TR01159,UA6989,LOC016,LOC013,2025-01-16T13:06:37,2025-01-16T13:06:37,2025-01-16T17:02:05.790816,2025-01-16T17:02:05.790816,0,COMPLETED,0.14,0.07
TR01160,UA356,LOC072,LOC065,2025-08-10T00:58:27,2025-08-10T00:58:27,2025-08-10T04:14:30.431377,2025-08-10T04:14:30.431377,0,IN_TRANSIT,0.3,0.36
TR01161,UA8733,LOC019,LOC038,2025-06-20T11:39:42,2025-06-20T13:29:42,2025-06-20T18:08:26.637722,2025-06-20T19:58:26.637722,110,DELAYED,0.65,0.63
TR01162,UA9421,LOC028,LOC008,2025-06-14T11:38:17,2025-06-14T11:38:17,2025-06-14T14:14:14.100611,2025-06-14T14:14:14.100611,0,ON_TIME,0.47,0.24
TR01163,UA2787,LOC061,LOC058,2024-05-17T18:32:56,2024-05-17T18:32:56,2024-05-18T01:48:37.404203,2024-05-18T01:48:37.404203,0,BOARDING,0.02,0.28
TR01164,UA7859,LOC035,LOC038,2025-07-15T12:27:24,2025-07-15T17:22:24,2025-07-15T18:50:13.975130,2025-07-15T23:45:13.975130,295,DELAYED,0.96,0.87
TR01165,UA7654,LOC017,LOC014,2026-03-12T09:47:58,2026-03-12T09:47:58,2026-03-12T15:46:14.510104,2026-03-12T15:46:14.510104,0,ON_TIME,0.88,0.54
TR01166,UA8792,LOC022,LOC012,2025-03-03T07:42:00,2025-03-03T07:42:00,2025-03-03T08:49:05.833740,2025-03-03T08:49:05.833740,0,IN_TRANSIT,0.48,0.94
TR01167,UA3808,LOC072,LOC036,2026-04-03T09:08:43,2026-04-03T09:08:43,2026-04-03T12:04:35.920184,2026-04-03T12:04:35.920184,0,IN_TRANSIT,0.11,0.48
TR01168,UA9814,LOC061,LOC013,2024-08-20T22:51:43,2024-08-21T00:24:43,2024-08-21T03:12:41.304440,2024-08-21T04:45:41.304440,93,DELAYED,0.67,0.62
TR01169,UA8882,LOC072,LOC055,2025-09-21T10:19:48,2025-09-21T10:19:48,2025-09-21T15:58:31.052662,2025-09-21T15:58:31.052662,0,BOARDING,0.19,0.03
TR01170,UA9094,LOC035,LOC072,2025-08-09T18:27:57,2025-08-09T22:45:57,2025-08-09T20:33:10.191116,2025-08-10T00:51:10.191116,258,DELAYED,0.62,0.5
TR01171,UA7223,LOC016,LOC014,2026-05-24T14:13:03,2026-05-24T14:13:03,2026-05-24T15:57:16.227677,2026-05-24T15:57:16.227677,0,BOARDING,0.62,0.16
TR01172,UA4325,LOC035,LOC012,2024-07-09T23:37:20,2024-07-09T23:37:20,2024-07-10T06:03:16.243300,2024-07-10T06:03:16.243300,0,IN_TRANSIT,0.38,0.82
TR01173,UA4218,LOC028,LOC018,2025-01-01T07:19:38,2025-01-01T11:59:38,2025-01-01T09:29:20.088454,2025-01-01T14:09:20.088454,280,DELAYED,0.96,0.31
TR01174,UA4522,LOC065,LOC017,2025-10-03T12:43:37,2025-10-03T16:29:37,2025-10-03T13:52:25.112329,2025-10-03T17:38:25.112329,226,DELAYED,0.59,0.18
TR01175,UA5350,LOC014,LOC022,2024-08-19T21:18:10,2024-08-20T01:28:10,2024-08-20T00:22:40.500388,2024-08-20T04:32:40.500388,250,DELAYED,0.65,0.43
TR01176,UA7776,LOC038,LOC055,2025-02-22T12:18:21,2025-02-22T12:18:21,2025-02-22T18:16:17.867441,2025-02-22T18:16:17.867441,0,ON_TIME,0.46,0.62
TR01177,UA7477,LOC065,LOC008,2026-03-05T20:54:32,2026-03-05T23:41:32,2026-03-05T23:04:43.865681,2026-03-06T01:51:43.865681,167,DELAYED,0.69,0.29
TR01178,UA4042,LOC019,LOC031,2024-12-19T22:40:04,2024-12-20T01:59:04,2024-12-20T04:21:41.372596,2024-12-20T07:40:41.372596,199,DELAYED,0.34,0.45
TR01179,UA3734,LOC068,LOC008,2025-05-14T15:37:26,2025-05-14T18:19:26,2025-05-14T20:28:25.797231,2025-05-14T23:10:25.797231,162,DELAYED,0.46,0.93
TR01180,UA6226,LOC068,LOC017,2025-07-28T02:25:48,2025-07-28T02:25:48,2025-07-28T06:04:52.285007,2025-07-28T06:04:52.285007,0,IN_TRANSIT,0.66,0.99
TR01181,UA9018,LOC065,LOC052,2024-03-17T02:46:28,2024-03-17T02:46:28,2024-03-17T10:02:08.948463,2024-03-17T10:02:08.948463,0,BOARDING,0.3,0.83
TR01182,UA4626,LOC014,LOC072,2025-07-22T21:19:20,2025-07-22T21:19:20,2025-07-23T05:05:02.318832,2025-07-23T05:05:02.318832,0,IN_TRANSIT,0.19,0.85
TR01183,UA1250,LOC065,LOC031,2025-04-26T18:20:56,2025-04-26T18:20:56,2025-04-26T23:05:35.972749,2025-04-26T23:05:35.972749,0,IN_TRANSIT,0.21,0.2
TR01184,UA7993,LOC024,LOC061,2024-09-21T10:50:43,2024-09-21T10:50:43,2024-09-21T13:26:03.036741,2024-09-21T13:26:03.036741,0,IN_TRANSIT,0.0,0.78
TR01185,UA1377,LOC019,LOC065,2026-06-15T01:36:06,2026-06-15T01:36:06,2026-06-15T05:15:49.967357,2026-06-15T05:15:49.967357,0,IN_TRANSIT,0.83,0.12
TR01186,UA6807,LOC050,LOC008,2025-08-06T01:08:59,2025-08-06T01:08:59,2025-08-06T04:56:33.973121,2025-08-06T04:56:33.973121,0,ON_TIME,0.55,0.19
TR01187,UA8138,LOC028,LOC058,2024-03-06T01:08:39,2024-03-06T01:08:39,2024-03-06T07:01:24.471630,2024-03-06T07:01:24.471630,0,IN_TRANSIT,0.64,0.93
TR01188,UA6282,LOC061,LOC019,2026-05-08T08:18:29,2026-05-08T13:11:29,2026-05-08T09:36:37.648937,2026-05-08T14:29:37.648937,293,DELAYED,0.84,0.42
TR01189,UA4789,LOC012,LOC065,2024-03-02T04:02:36,2024-03-02T04:02:36,2024-03-02T05:51:39.406962,2024-03-02T05:51:39.406962,0,ON_TIME,0.74,0.21
TR01190,UA2868,LOC019,LOC031,2025-12-30T18:15:58,2025-12-30T18:15:58,2025-12-30T20:02:40.702435,2025-12-30T20:02:40.702435,0,COMPLETED,0.46,0.45
TR01191,UA1918,LOC008,LOC058,2024-03-23T09:21:08,2024-03-23T12:03:08,2024-03-23T10:34:08.462637,2024-03-23T13:16:08.462637,162,DELAYED,0.69,0.57
TR01192,UA2297,LOC061,LOC018,2025-09-23T20:03:52,2025-09-23T20:03:52,2025-09-24T02:36:10.138406,2025-09-24T02:36:10.138406,0,COMPLETED,0.26,0.1
TR01193,UA5572,LOC050,LOC055,2024-11-18T23:41:22,2024-11-18T23:41:22,2024-11-19T01:41:07.324134,2024-11-19T01:41:07.324134,0,COMPLETED,0.01,0.18
TR01194,UA9145,LOC052,LOC016,2025-01-08T10:23:00,2025-01-08T10:23:00,2025-01-08T16:37:19.235977,2025-01-08T16:37:19.235977,0,BOARDING,0.1,0.71
TR01195,UA1377,LOC022,LOC052,2025-09-29T04:44:52,2025-09-29T04:44:52,2025-09-29T09:35:32.492274,2025-09-29T09:35:32.492274,0,COMPLETED,0.66,0.84
TR01196,UA7182,LOC068,LOC052,2026-05-17T05:31:47,2026-05-17T05:31:47,2026-05-17T13:11:37.120116,2026-05-17T13:11:37.120116,0,ON_TIME,0.8,0.94
TR01197,UA3357,LOC050,LOC072,2025-12-15T14:55:29,2025-12-15T14:55:29,2025-12-15T20:09:38.909576,2025-12-15T20:09:38.909576,0,COMPLETED,0.46,0.09
TR01198,UA358,LOC013,LOC028,2025-07-05T14:13:57,2025-07-05T18:47:57,2025-07-05T21:03:10.756345,2025-07-06T01:37:10.756345,274,DELAYED,0.51,0.34
TR01199,UA6244,LOC012,LOC018,2024-01-27T09:35:44,2024-01-27T12:42:44,2024-01-27T16:59:07.420240,2024-01-27T20:06:07.420240,187,DELAYED,0.77,0.75
TR01200,UA794,LOC014,LOC024,2026-03-27T20:03:28,2026-03-27T20:03:28,2026-03-27T23:41:11.259402,2026-03-27T23:41:11.259402,0,COMPLETED,0.87,0.67
TR01201,UA6022,LOC018,LOC028,2024-10-14T00:35:30,2024-10-14T00:35:30,2024-10-14T02:36:27.809230,2024-10-14T02:36:27.809230,0,BOARDING,0.32,0.96
TR01202,UA6807,LOC038,LOC061,2024-07-14T08:55:18,2024-07-14T08:55:18,2024-07-14T16:33:15.689848,2024-07-14T16:33:15.689848,0,COMPLETED,0.3,0.3
TR01203,UA9304,LOC031,LOC072,2024-04-10T05:16:32,2024-04-10T05:16:32,2024-04-10T13:13:35.552995,2024-04-10T13:13:35.552995,0,ON_TIME,0.06,0.85
TR01204,UA9267,LOC024,LOC055,2024-04-04T07:29:55,2024-04-04T07:29:55,2024-04-04T14:11:36.831171,2024-04-04T14:11:36.831171,0,COMPLETED,0.8,0.77
TR01205,UA3573,LOC012,LOC055,2025-02-20T00:42:21,2025-02-20T02:46:21,2025-02-20T08:35:08.026357,2025-02-20T10:39:08.026357,124,DELAYED,0.63,0.47
TR01206,UA5710,LOC014,LOC052,2024-03-13T23:47:14,2024-03-13T23:47:14,2024-03-14T07:32:29.998291,2024-03-14T07:32:29.998291,0,COMPLETED,0.21,0.05
TR01207,UA7784,LOC031,LOC061,2024-07-09T03:47:33,2024-07-09T06:27:33,2024-07-09T05:48:13.770103,2024-07-09T08:28:13.770103,160,DELAYED,0.64,0.83
TR01208,UA7463,LOC019,LOC024,2025-08-31T10:45:38,2025-08-31T13:18:38,2025-08-31T15:12:19.933320,2025-08-31T17:45:19.933320,153,DELAYED,0.55,0.93
TR01209,UA841,LOC013,LOC016,2025-01-27T17:37:50,2025-01-27T17:37:50,2025-01-28T00:09:28.086057,2025-01-28T00:09:28.086057,0,BOARDING,0.65,0.01
TR01210,UA899,LOC019,LOC072,2026-04-01T02:44:03,2026-04-01T04:00:03,2026-04-01T06:17:17.105831,2026-04-01T07:33:17.105831,76,DELAYED,0.72,0.57
TR01211,UA2168,LOC061,LOC013,2024-07-12T00:54:52,2024-07-12T04:38:52,2024-07-12T04:18:08.742236,2024-07-12T08:02:08.742236,224,DELAYED,0.01,0.77
TR01212,UA5368,LOC012,LOC022,2026-05-13T09:28:52,2026-05-13T13:59:52,2026-05-13T14:09:26.486503,2026-05-13T18:40:26.486503,271,DELAYED,0.94,0.26
TR01213,UA7317,LOC016,LOC052,2026-04-02T05:20:51,2026-04-02T16:15:51,2026-04-02T09:46:15.070037,2026-04-02T20:41:15.070037,655,CANCELLED,0.57,0.24
TR01214,UA4930,LOC058,LOC016,2024-01-08T17:21:34,2024-01-08T21:03:34,2024-01-09T00:46:00.844898,2024-01-09T04:28:00.844898,222,DELAYED,0.7,0.1
TR01215,UA9949,LOC024,LOC016,2025-02-10T09:26:47,2025-02-10T09:26:47,2025-02-10T14:53:15.047370,2025-02-10T14:53:15.047370,0,COMPLETED,0.87,0.22
TR01216,UA9018,LOC024,LOC018,2025-02-05T19:36:15,2025-02-05T23:04:15,2025-02-05T23:57:31.568326,2025-02-06T03:25:31.568326,208,DELAYED,0.97,0.13
TR01217,UA2742,LOC068,LOC038,2024-10-02T15:37:54,2024-10-02T15:37:54,2024-10-02T16:51:43.544124,2024-10-02T16:51:43.544124,0,COMPLETED,0.73,0.98
TR01218,UA6256,LOC038,LOC055,2026-04-30T11:26:48,2026-04-30T11:26:48,2026-04-30T16:55:31.781852,2026-04-30T16:55:31.781852,0,ON_TIME,0.16,0.67
TR01219,UA1090,LOC008,LOC028,2026-01-05T18:38:42,2026-01-05T18:38:42,2026-01-06T01:34:58.029556,2026-01-06T01:34:58.029556,0,BOARDING,0.07,0.64
TR01220,UA9490,LOC008,LOC035,2026-02-13T07:27:33,2026-02-13T07:27:33,2026-02-13T13:36:20.944400,2026-02-13T13:36:20.944400,0,BOARDING,0.43,0.71
TR01221,UA8388,LOC031,LOC050,2025-01-21T19:57:52,2025-01-21T19:57:52,2025-01-22T00:52:18.860649,2025-01-22T00:52:18.860649,0,ON_TIME,0.88,1.0
TR01222,UA4399,LOC058,LOC052,2026-03-12T01:19:23,2026-03-12T01:54:23,2026-03-12T07:02:55.155815,2026-03-12T07:37:55.155815,35,DELAYED,0.3,0.77
TR01223,UA8685,LOC038,LOC061,2024-10-28T03:28:59,2024-10-28T05:50:59,2024-10-28T09:33:27.999980,2024-10-28T11:55:27.999980,142,DELAYED,0.45,0.98
TR01224,UA9615,LOC022,LOC036,2025-08-10T08:08:21,2025-08-10T08:08:21,2025-08-10T13:57:15.875684,2025-08-10T13:57:15.875684,0,IN_TRANSIT,0.18,0.07
TR01225,UA5498,LOC013,LOC058,2024-10-18T13:22:00,2024-10-18T13:56:00,2024-10-18T17:52:46.919667,2024-10-18T18:26:46.919667,34,DELAYED,0.77,0.67
TR01226,UA8631,LOC052,LOC031,2026-03-31T17:14:44,2026-03-31T20:15:44,2026-03-31T19:24:10.781295,2026-03-31T22:25:10.781295,181,DELAYED,0.2,0.66
TR01227,UA7956,LOC035,LOC013,2024-04-09T16:16:44,2024-04-09T18:18:44,2024-04-09T17:55:13.784206,2024-04-09T19:57:13.784206,122,DELAYED,0.76,0.15
TR01228,UA4617,LOC036,LOC008,2025-09-12T22:13:15,2025-09-13T00:24:15,2025-09-13T04:38:15.887357,2025-09-13T06:49:15.887357,131,DELAYED,0.11,0.3
TR01229,UA4792,LOC065,LOC024,2025-02-20T00:17:12,2025-02-20T00:17:12,2025-02-20T01:39:00.675557,2025-02-20T01:39:00.675557,0,COMPLETED,0.66,0.36
TR01230,UA244,LOC055,LOC016,2025-01-11T06:53:03,2025-01-11T11:21:03,2025-01-11T07:57:44.034042,2025-01-11T12:25:44.034042,268,DELAYED,0.89,0.33
TR01231,UA7999,LOC038,LOC008,2024-08-28T13:38:02,2024-08-28T13:38:02,2024-08-28T17:31:06.989448,2024-08-28T17:31:06.989448,0,BOARDING,0.13,0.13
TR01232,UA5588,LOC012,LOC028,2024-04-11T19:09:22,2024-04-11T19:09:22,2024-04-11T23:00:35.474137,2024-04-11T23:00:35.474137,0,ON_TIME,0.27,0.96
TR01233,UA2990,LOC008,LOC022,2024-08-07T19:32:16,2024-08-07T21:40:16,2024-08-08T01:29:49.048242,2024-08-08T03:37:49.048242,128,DELAYED,0.06,0.41
TR01234,UA8659,LOC050,LOC019,2025-09-13T12:09:43,2025-09-13T12:09:43,2025-09-13T15:57:10.302161,2025-09-13T15:57:10.302161,0,ON_TIME,0.61,0.78
TR01235,UA6070,LOC065,LOC014,2025-04-03T12:01:51,2025-04-03T16:45:51,2025-04-03T15:04:35.727834,2025-04-03T19:48:35.727834,284,DELAYED,0.85,0.54
TR01236,UA2644,LOC028,LOC022,2024-09-22T10:32:15,2024-09-22T10:32:15,2024-09-22T14:48:44.091188,2024-09-22T14:48:44.091188,0,COMPLETED,0.68,0.64
TR01237,UA4653,LOC038,LOC035,2026-03-21T11:15:39,2026-03-21T11:15:39,2026-03-21T12:49:19.598461,2026-03-21T12:49:19.598461,0,IN_TRANSIT,0.29,0.55
TR01238,UA2859,LOC065,LOC058,2026-06-06T16:05:51,2026-06-06T16:05:51,2026-06-06T17:49:40.824669,2026-06-06T17:49:40.824669,0,BOARDING,0.41,0.07
TR01239,UA7077,LOC013,LOC008,2025-04-22T16:18:14,2025-04-22T16:18:14,2025-04-22T22:14:41.050706,2025-04-22T22:14:41.050706,0,IN_TRANSIT,0.31,0.79
TR01240,UA4458,LOC028,LOC068,2025-09-25T05:57:57,2025-09-25T05:57:57,2025-09-25T12:59:31.596227,2025-09-25T12:59:31.596227,0,COMPLETED,0.12,0.66
TR01241,UA4285,LOC016,LOC014,2025-04-07T06:50:14,2025-04-07T09:05:14,2025-04-07T13:59:26.595327,2025-04-07T16:14:26.595327,135,DELAYED,0.3,0.27
TR01242,UA3024,LOC072,LOC008,2024-09-03T08:46:14,2024-09-03T09:20:14,2024-09-03T14:39:09.656041,2024-09-03T15:13:09.656041,34,DELAYED,0.25,0.51
TR01243,UA971,LOC038,LOC019,2024-02-02T04:06:05,2024-02-02T07:38:05,2024-02-02T11:50:21.526858,2024-02-02T15:22:21.526858,212,DELAYED,0.94,0.22
TR01244,UA3700,LOC036,LOC012,2025-01-12T01:06:59,2025-01-12T01:06:59,2025-01-12T06:56:03.725558,2025-01-12T06:56:03.725558,0,BOARDING,0.88,0.77
TR01245,UA4164,LOC028,LOC061,2025-10-14T03:16:03,2025-10-14T03:16:03,2025-10-14T10:23:54.489315,2025-10-14T10:23:54.489315,0,ON_TIME,0.93,0.45
TR01246,UA5995,LOC068,LOC019,2024-07-21T17:46:46,2024-07-21T17:46:46,2024-07-22T01:17:09.510996,2024-07-22T01:17:09.510996,0,ON_TIME,0.11,1.0
TR01247,UA3995,LOC038,LOC028,2025-07-26T01:35:52,2025-07-26T01:35:52,2025-07-26T09:11:05.725349,2025-07-26T09:11:05.725349,0,COMPLETED,0.01,0.81
TR01248,UA249,LOC052,LOC028,2026-03-31T17:14:10,2026-03-31T19:36:10,2026-03-31T22:55:33.243808,2026-04-01T01:17:33.243808,142,DELAYED,0.43,0.11
TR01249,UA8455,LOC068,LOC008,2025-10-31T08:42:28,2025-10-31T08:42:28,2025-10-31T14:32:24.730482,2025-10-31T14:32:24.730482,0,ON_TIME,0.01,0.5
TR01250,UA6225,LOC052,LOC016,2024-11-28T05:48:45,2024-11-28T07:35:45,2024-11-28T11:27:42.378148,2024-11-28T13:14:42.378148,107,DELAYED,0.98,0.42
TR01251,UA6948,LOC012,LOC038,2024-06-10T16:51:51,2024-06-10T16:51:51,2024-06-10T23:35:21.532304,2024-06-10T23:35:21.532304,0,IN_TRANSIT,0.12,0.62
TR01252,UA3359,LOC072,LOC013,2025-04-25T22:09:59,2025-04-25T22:09:59,2025-04-26T02:16:02.517933,2025-04-26T02:16:02.517933,0,IN_TRANSIT,0.7,0.22
TR01253,UA9912,LOC036,LOC055,2025-01-26T05:38:45,2025-01-26T05:38:45,2025-01-26T12:58:21.001528,2025-01-26T12:58:21.001528,0,BOARDING,0.98,0.49
TR01254,UA5332,LOC050,LOC028,2024-05-07T15:27:19,2024-05-07T15:27:19,2024-05-07T22:59:16.132407,2024-05-07T22:59:16.132407,0,COMPLETED,0.27,0.9
TR01255,UA6210,LOC038,LOC016,2025-12-18T15:18:50,2025-12-18T23:34:50,2025-12-18T17:20:23.130213,2025-12-19T01:36:23.130213,496,CANCELLED,0.11,0.17
TR01256,UA8978,LOC024,LOC068,2024-03-04T08:20:45,2024-03-04T10:03:45,2024-03-04T13:46:50.789693,2024-03-04T15:29:50.789693,103,DELAYED,0.9,0.16
TR01257,UA1588,LOC038,LOC019,2025-08-29T03:07:02,2025-08-29T03:07:02,2025-08-29T08:57:12.320225,2025-08-29T08:57:12.320225,0,BOARDING,0.61,0.26
TR01258,UA6528,LOC022,LOC008,2025-03-29T00:34:47,2025-03-29T01:35:47,2025-03-29T06:52:43.685178,2025-03-29T07:53:43.685178,61,DELAYED,0.89,0.65
TR01259,UA8187,LOC058,LOC019,2025-08-28T15:48:42,2025-08-28T18:06:42,2025-08-28T18:39:32.211501,2025-08-28T20:57:32.211501,138,DELAYED,0.13,0.52
TR01260,UA248,LOC031,LOC022,2024-08-31T09:09:21,2024-08-31T09:09:21,2024-08-31T10:25:19.052206,2024-08-31T10:25:19.052206,0,COMPLETED,0.49,0.11
TR01261,UA6260,LOC061,LOC031,2025-07-04T23:16:57,2025-07-04T23:16:57,2025-07-05T01:11:57.408090,2025-07-05T01:11:57.408090,0,COMPLETED,0.07,0.96
TR01262,UA1275,LOC013,LOC028,2025-08-03T11:14:21,2025-08-03T11:14:21,2025-08-03T14:01:06.642168,2025-08-03T14:01:06.642168,0,ON_TIME,0.26,0.68
TR01263,UA3595,LOC072,LOC050,2025-03-27T10:47:47,2025-03-27T13:01:47,2025-03-27T12:49:36.683954,2025-03-27T15:03:36.683954,134,DELAYED,0.28,0.11
TR01264,UA6627,LOC014,LOC068,2024-03-06T17:46:26,2024-03-06T17:46:26,2024-03-07T00:59:15.521952,2024-03-07T00:59:15.521952,0,COMPLETED,0.59,0.1
TR01265,UA774,LOC058,LOC050,2024-10-16T20:32:43,2024-10-16T23:25:43,2024-10-17T02:08:42.303458,2024-10-17T05:01:42.303458,173,DELAYED,0.8,0.36
TR01266,UA1744,LOC014,LOC052,2025-09-18T11:20:15,2025-09-18T11:20:15,2025-09-18T12:28:19.181947,2025-09-18T12:28:19.181947,0,COMPLETED,0.06,0.91
TR01267,UA1566,LOC052,LOC065,2024-12-21T20:41:10,2024-12-21T21:35:10,2024-12-22T02:30:10.973825,2024-12-22T03:24:10.973825,54,DELAYED,0.46,0.64
TR01268,UA4981,LOC017,LOC012,2025-07-27T07:05:32,2025-07-27T07:49:32,2025-07-27T09:13:27.767452,2025-07-27T09:57:27.767452,44,DELAYED,0.46,0.3
TR01269,UA8594,LOC008,LOC017,2025-06-12T01:32:08,2025-06-12T01:32:08,2025-06-12T07:14:33.574272,2025-06-12T07:14:33.574272,0,ON_TIME,0.46,0.89
TR01270,UA349,LOC036,LOC031,2026-04-24T06:00:02,2026-04-24T09:18:02,2026-04-24T10:36:19.796579,2026-04-24T13:54:19.796579,198,DELAYED,0.26,0.77
TR01271,UA1840,LOC050,LOC014,2024-10-17T10:11:57,2024-10-17T10:11:57,2024-10-17T12:50:44.111794,2024-10-17T12:50:44.111794,0,ON_TIME,0.66,0.97
TR01272,UA2786,LOC061,LOC024,2025-04-01T10:53:31,2025-04-01T10:53:31,2025-04-01T18:00:10.061653,2025-04-01T18:00:10.061653,0,ON_TIME,0.33,0.08
TR01273,UA6921,LOC038,LOC055,2024-10-24T18:03:07,2024-10-24T18:03:07,2024-10-24T20:42:08.719642,2024-10-24T20:42:08.719642,0,ON_TIME,0.06,0.97
TR01274,UA4452,LOC072,LOC065,2024-02-06T03:20:54,2024-02-06T03:20:54,2024-02-06T04:35:25.038405,2024-02-06T04:35:25.038405,0,COMPLETED,0.03,0.43
TR01275,UA8938,LOC068,LOC031,2024-05-11T10:22:20,2024-05-11T10:22:20,2024-05-11T16:48:08.840608,2024-05-11T16:48:08.840608,0,ON_TIME,0.74,0.85
TR01276,UA3049,LOC022,LOC013,2025-12-30T20:36:30,2025-12-31T00:28:30,2025-12-31T03:32:43.387826,2025-12-31T07:24:43.387826,232,DELAYED,0.99,0.32
TR01277,UA4438,LOC036,LOC012,2025-08-09T01:41:14,2025-08-09T06:09:14,2025-08-09T07:57:09.413159,2025-08-09T12:25:09.413159,268,DELAYED,0.82,0.5
TR01278,UA6959,LOC035,LOC055,2025-04-23T00:59:10,2025-04-23T00:59:10,2025-04-23T07:30:07.084696,2025-04-23T07:30:07.084696,0,COMPLETED,0.53,0.97
TR01279,UA8296,LOC058,LOC008,2025-09-30T18:20:05,2025-09-30T19:50:05,2025-10-01T02:06:26.326924,2025-10-01T03:36:26.326924,90,DELAYED,0.97,0.7
TR01280,UA4968,LOC072,LOC013,2025-03-10T15:14:21,2025-03-10T16:19:21,2025-03-10T22:02:27.055305,2025-03-10T23:07:27.055305,65,DELAYED,0.78,0.83
TR01281,UA9023,LOC018,LOC050,2025-03-27T10:22:54,2025-03-27T10:22:54,2025-03-27T13:29:17.520637,2025-03-27T13:29:17.520637,0,BOARDING,0.56,0.55
TR01282,UA675,LOC038,LOC017,2026-03-07T21:17:09,2026-03-07T21:17:09,2026-03-08T03:33:00.941468,2026-03-08T03:33:00.941468,0,COMPLETED,0.43,0.27
TR01283,UA8532,LOC072,LOC038,2026-06-13T08:00:08,2026-06-13T08:00:08,2026-06-13T15:50:23.785701,2026-06-13T15:50:23.785701,0,COMPLETED,0.63,0.89
TR01284,UA1676,LOC019,LOC017,2026-04-03T21:03:55,2026-04-03T21:03:55,2026-04-03T22:32:38.266119,2026-04-03T22:32:38.266119,0,COMPLETED,0.84,0.97
TR01285,UA6852,LOC038,LOC031,2026-02-23T19:49:48,2026-02-23T22:25:48,2026-02-24T01:29:29.618610,2026-02-24T04:05:29.618610,156,DELAYED,0.57,0.38
TR01286,UA5397,LOC050,LOC065,2024-02-04T22:33:43,2024-02-04T22:33:43,2024-02-05T05:28:19.998477,2024-02-05T05:28:19.998477,0,COMPLETED,0.06,0.14
TR01287,UA6679,LOC019,LOC016,2024-12-16T20:54:34,2024-12-17T00:00:34,2024-12-17T00:54:03.627242,2024-12-17T04:00:03.627242,186,DELAYED,0.21,0.35
TR01288,UA7954,LOC028,LOC036,2024-06-18T06:30:59,2024-06-18T07:32:59,2024-06-18T13:59:46.817409,2024-06-18T15:01:46.817409,62,DELAYED,0.88,0.69
TR01289,UA2597,LOC061,LOC050,2025-07-26T05:53:45,2025-07-26T05:53:45,2025-07-26T09:58:46.915419,2025-07-26T09:58:46.915419,0,ON_TIME,0.76,0.02
TR01290,UA5913,LOC061,LOC019,2025-01-10T01:39:43,2025-01-10T05:29:43,2025-01-10T08:25:17.831043,2025-01-10T12:15:17.831043,230,DELAYED,0.67,0.55
TR01291,UA5700,LOC035,LOC014,2026-05-13T20:32:59,2026-05-13T23:35:59,2026-05-14T01:30:07.897632,2026-05-14T04:33:07.897632,183,DELAYED,0.57,0.81
TR01292,UA6137,LOC035,LOC038,2026-02-17T05:30:32,2026-02-17T09:57:32,2026-02-17T09:49:08.474449,2026-02-17T14:16:08.474449,267,DELAYED,0.2,0.56
TR01293,UA9446,LOC072,LOC050,2026-03-16T20:17:11,2026-03-17T00:59:11,2026-03-17T01:57:34.263438,2026-03-17T06:39:34.263438,282,DELAYED,0.35,0.46
TR01294,UA8801,LOC017,LOC036,2024-10-04T05:16:14,2024-10-04T07:01:14,2024-10-04T08:26:43.255305,2024-10-04T10:11:43.255305,105,DELAYED,0.04,0.57
TR01295,UA5932,LOC024,LOC072,2025-03-03T20:53:37,2025-03-03T23:10:37,2025-03-03T23:12:10.713229,2025-03-04T01:29:10.713229,137,DELAYED,0.3,0.82
TR01296,UA9568,LOC012,LOC014,2025-05-30T01:07:32,2025-05-30T16:18:32,2025-05-30T08:57:33.976613,2025-05-31T00:08:33.976613,911,CANCELLED,0.89,0.32
TR01297,UA6530,LOC055,LOC035,2024-07-27T13:20:46,2024-07-27T14:57:46,2024-07-27T18:20:00.082373,2024-07-27T19:57:00.082373,97,DELAYED,0.09,0.66
TR01298,UA9364,LOC019,LOC036,2025-12-24T09:54:33,2025-12-24T09:54:33,2025-12-24T12:42:18.271958,2025-12-24T12:42:18.271958,0,BOARDING,0.07,0.01
TR01299,UA2433,LOC022,LOC055,2024-04-05T14:00:27,2024-04-05T18:12:27,2024-04-05T17:52:33.760756,2024-04-05T22:04:33.760756,252,DELAYED,0.46,0.12
TR01300,UA8476,LOC028,LOC013,2025-06-12T01:28:19,2025-06-12T01:28:19,2025-06-12T06:29:25.437471,2025-06-12T06:29:25.437471,0,ON_TIME,0.77,0.2
TR01301,UA1149,LOC022,LOC052,2024-02-28T07:37:45,2024-02-28T11:40:45,2024-02-28T14:06:39.769742,2024-02-28T18:09:39.769742,243,DELAYED,0.79,0.54
TR01302,UA8161,LOC024,LOC035,2025-03-26T00:39:24,2025-03-26T01:50:24,2025-03-26T04:09:10.358336,2025-03-26T05:20:10.358336,71,DELAYED,0.93,0.66
TR01303,UA6625,LOC055,LOC068,2024-03-30T08:37:43,2024-03-30T08:37:43,2024-03-30T12:55:46.955943,2024-03-30T12:55:46.955943,0,IN_TRANSIT,0.6,0.04
TR01304,UA5527,LOC013,LOC058,2025-03-28T15:17:38,2025-03-28T15:17:38,2025-03-28T20:11:30.471948,2025-03-28T20:11:30.471948,0,BOARDING,0.39,0.43
TR01305,UA894,LOC028,LOC017,2025-01-05T23:44:49,2025-01-06T03:46:49,2025-01-06T03:13:21.030972,2025-01-06T07:15:21.030972,242,DELAYED,0.44,0.81
TR01306,UA5086,LOC036,LOC012,2024-11-13T21:31:38,2024-11-13T23:12:38,2024-11-14T02:23:34.811681,2024-11-14T04:04:34.811681,101,DELAYED,0.65,0.71
TR01307,UA3637,LOC008,LOC036,2024-12-01T18:02:23,2024-12-01T20:48:23,2024-12-01T21:15:47.660483,2024-12-02T00:01:47.660483,166,DELAYED,0.17,0.91
TR01308,UA3066,LOC058,LOC018,2024-11-20T13:44:32,2024-11-20T13:44:32,2024-11-20T18:56:50.433428,2024-11-20T18:56:50.433428,0,ON_TIME,0.19,0.56
TR01309,UA2122,LOC065,LOC031,2025-07-05T13:43:31,2025-07-05T13:43:31,2025-07-05T18:11:35.862649,2025-07-05T18:11:35.862649,0,COMPLETED,0.42,0.2
TR01310,UA9074,LOC028,LOC013,2024-10-28T21:06:25,2024-10-28T22:37:25,2024-10-28T22:13:39.987259,2024-10-28T23:44:39.987259,91,DELAYED,0.26,0.36
TR01311,UA4439,LOC055,LOC061,2026-03-28T10:37:30,2026-03-28T10:37:30,2026-03-28T14:03:43.797520,2026-03-28T14:03:43.797520,0,BOARDING,0.57,0.67
TR01312,UA7221,LOC013,LOC055,2025-02-04T08:23:22,2025-02-04T08:23:22,2025-02-04T12:28:50.052083,2025-02-04T12:28:50.052083,0,BOARDING,0.85,0.51
TR01313,UA6901,LOC016,LOC013,2025-05-04T10:48:10,2025-05-04T12:35:10,2025-05-04T17:08:51.227892,2025-05-04T18:55:51.227892,107,DELAYED,0.8,0.46
TR01314,UA5713,LOC055,LOC052,2024-07-08T19:12:58,2024-07-08T20:22:58,2024-07-08T22:19:50.933912,2024-07-08T23:29:50.933912,70,DELAYED,0.81,0.59
TR01315,UA3667,LOC017,LOC013,2025-09-05T04:13:41,2025-09-05T08:07:41,2025-09-05T08:18:12.972413,2025-09-05T12:12:12.972413,234,DELAYED,0.89,0.86
TR01316,UA3701,LOC031,LOC052,2024-12-10T16:14:31,2024-12-10T16:14:31,2024-12-10T20:53:34.677843,2024-12-10T20:53:34.677843,0,ON_TIME,0.5,0.05
TR01317,UA5690,LOC014,LOC018,2024-08-07T16:22:24,2024-08-07T16:22:24,2024-08-07T19:13:23.077454,2024-08-07T19:13:23.077454,0,ON_TIME,0.76,0.72
TR01318,UA9668,LOC036,LOC031,2024-06-07T17:23:05,2024-06-07T17:23:05,2024-06-07T19:17:54.011451,2024-06-07T19:17:54.011451,0,ON_TIME,0.15,0.16
TR01319,UA820,LOC065,LOC035,2024-05-19T21:35:30,2024-05-19T21:35:30,2024-05-20T02:46:12.954393,2024-05-20T02:46:12.954393,0,IN_TRANSIT,0.42,0.52
TR01320,UA418,LOC035,LOC065,2024-05-26T22:00:26,2024-05-27T00:58:26,2024-05-27T02:49:48.710079,2024-05-27T05:47:48.710079,178,DELAYED,0.51,0.67
TR01321,UA4244,LOC017,LOC072,2025-12-07T10:04:54,2025-12-07T10:04:54,2025-12-07T15:38:56.466935,2025-12-07T15:38:56.466935,0,IN_TRANSIT,0.11,0.9
TR01322,UA7985,LOC022,LOC028,2026-03-28T10:35:00,2026-03-28T10:35:00,2026-03-28T17:24:56.814890,2026-03-28T17:24:56.814890,0,ON_TIME,0.12,0.45
TR01323,UA7164,LOC061,LOC017,2025-12-25T14:31:01,2025-12-25T18:50:01,2025-12-25T19:59:52.840061,2025-12-26T00:18:52.840061,259,DELAYED,0.4,0.84
TR01324,UA6108,LOC061,LOC038,2024-07-11T06:48:29,2024-07-11T08:29:29,2024-07-11T11:13:35.995249,2024-07-11T12:54:35.995249,101,DELAYED,0.45,0.94
TR01325,UA3199,LOC017,LOC014,2026-04-25T15:52:47,2026-04-25T18:22:47,2026-04-25T17:20:27.971092,2026-04-25T19:50:27.971092,150,DELAYED,0.63,0.02
TR01326,UA4785,LOC058,LOC024,2024-03-16T01:53:07,2024-03-16T04:04:07,2024-03-16T03:49:56.348355,2024-03-16T06:00:56.348355,131,DELAYED,0.11,0.16
TR01327,UA2872,LOC050,LOC017,2024-11-04T13:02:55,2024-11-04T14:59:55,2024-11-04T21:02:27.113711,2024-11-04T22:59:27.113711,117,DELAYED,0.85,0.6
TR01328,UA8843,LOC052,LOC017,2025-01-09T12:43:20,2025-01-09T13:54:20,2025-01-09T16:23:57.020931,2025-01-09T17:34:57.020931,71,DELAYED,0.56,0.95
TR01329,UA2152,LOC022,LOC024,2024-05-22T00:20:08,2024-05-22T00:20:08,2024-05-22T03:50:22.010334,2024-05-22T03:50:22.010334,0,COMPLETED,0.22,0.81
TR01330,UA5510,LOC008,LOC018,2024-11-03T13:36:28,2024-11-03T18:31:28,2024-11-03T19:45:41.348487,2024-11-04T00:40:41.348487,295,DELAYED,0.17,0.98
TR01331,UA8926,LOC014,LOC072,2026-02-04T04:45:10,2026-02-04T04:45:10,2026-02-04T07:50:07.851770,2026-02-04T07:50:07.851770,0,ON_TIME,0.11,0.84
TR01332,UA3344,LOC052,LOC038,2024-12-02T18:13:42,2024-12-02T18:13:42,2024-12-02T19:27:54.448726,2024-12-02T19:27:54.448726,0,BOARDING,0.14,0.28
TR01333,UA5646,LOC036,LOC058,2024-07-28T06:14:22,2024-07-28T06:14:22,2024-07-28T09:00:31.955630,2024-07-28T09:00:31.955630,0,ON_TIME,0.3,0.97
TR01334,UA5038,LOC024,LOC061,2025-09-21T03:17:22,2025-09-21T03:17:22,2025-09-21T10:41:09.777237,2025-09-21T10:41:09.777237,0,IN_TRANSIT,0.42,0.2
TR01335,UA9547,LOC050,LOC012,2025-05-16T19:03:52,2025-05-16T19:03:52,2025-05-17T00:58:58.385007,2025-05-17T00:58:58.385007,0,BOARDING,0.11,0.33
TR01336,UA1859,LOC012,LOC036,2024-12-16T15:21:44,2024-12-16T15:21:44,2024-12-16T17:50:38.636220,2024-12-16T17:50:38.636220,0,BOARDING,0.24,0.05
TR01337,UA7031,LOC058,LOC024,2024-03-01T21:53:50,2024-03-02T02:40:50,2024-03-02T03:59:10.071457,2024-03-02T08:46:10.071457,287,DELAYED,0.95,0.65
TR01338,UA8712,LOC038,LOC024,2025-09-23T16:53:46,2025-09-23T16:53:46,2025-09-23T20:21:48.506799,2025-09-23T20:21:48.506799,0,BOARDING,0.72,0.77
TR01339,UA9088,LOC013,LOC017,2024-02-23T23:51:08,2024-02-23T23:51:08,2024-02-24T07:26:16.206695,2024-02-24T07:26:16.206695,0,BOARDING,0.1,0.17
TR01340,UA553,LOC068,LOC050,2024-04-29T08:49:32,2024-04-29T08:49:32,2024-04-29T13:55:20.277817,2024-04-29T13:55:20.277817,0,ON_TIME,0.94,1.0
TR01341,UA7343,LOC018,LOC050,2024-05-10T06:43:28,2024-05-10T09:31:28,2024-05-10T12:11:30.385934,2024-05-10T14:59:30.385934,168,DELAYED,0.54,0.24
TR01342,UA9684,LOC012,LOC017,2026-02-23T07:31:51,2026-02-23T11:53:51,2026-02-23T08:46:40.229514,2026-02-23T13:08:40.229514,262,DELAYED,0.94,1.0
TR01343,UA536,LOC038,LOC065,2026-02-10T13:03:55,2026-02-10T13:03:55,2026-02-10T20:16:37.446015,2026-02-10T20:16:37.446015,0,IN_TRANSIT,0.52,0.69
TR01344,UA2199,LOC038,LOC013,2025-05-23T15:53:15,2025-05-23T18:41:15,2025-05-23T21:14:44.390161,2025-05-24T00:02:44.390161,168,DELAYED,0.87,0.37
TR01345,UA3454,LOC038,LOC050,2025-08-27T19:40:20,2025-08-27T19:40:20,2025-08-27T21:36:45.492417,2025-08-27T21:36:45.492417,0,BOARDING,0.61,0.94
TR01346,UA7012,LOC017,LOC035,2024-05-28T01:19:55,2024-05-28T01:19:55,2024-05-28T04:01:51.260057,2024-05-28T04:01:51.260057,0,COMPLETED,0.73,0.74
TR01347,UA1317,LOC019,LOC013,2025-12-18T05:54:46,2025-12-18T08:15:46,2025-12-18T08:25:35.261295,2025-12-18T10:46:35.261295,141,DELAYED,0.64,0.59
TR01348,UA8919,LOC052,LOC061,2026-02-16T18:50:02,2026-02-16T20:52:02,2026-02-17T01:46:41.630906,2026-02-17T03:48:41.630906,122,DELAYED,0.45,0.86
TR01349,UA3426,LOC065,LOC017,2025-09-24T13:25:22,2025-09-24T17:09:22,2025-09-24T20:44:21.602481,2025-09-25T00:28:21.602481,224,DELAYED,0.08,0.14
TR01350,UA6875,LOC038,LOC017,2026-05-08T08:33:01,2026-05-08T08:33:01,2026-05-08T09:35:19.942784,2026-05-08T09:35:19.942784,0,COMPLETED,0.83,0.65
TR01351,UA1370,LOC055,LOC012,2026-03-25T17:48:38,2026-03-25T20:24:38,2026-03-25T21:20:42.716886,2026-03-25T23:56:42.716886,156,DELAYED,0.67,0.93
TR01352,UA4076,LOC068,LOC065,2024-01-14T00:30:06,2024-01-14T04:04:06,2024-01-14T02:51:27.729561,2024-01-14T06:25:27.729561,214,DELAYED,0.57,0.9
TR01353,UA4676,LOC036,LOC018,2024-01-17T13:52:43,2024-01-17T13:52:43,2024-01-17T20:19:09.880861,2024-01-17T20:19:09.880861,0,ON_TIME,0.2,0.74
TR01354,UA9694,LOC031,LOC072,2024-10-14T02:55:03,2024-10-14T07:02:03,2024-10-14T09:32:41.663539,2024-10-14T13:39:41.663539,247,DELAYED,0.6,0.18
TR01355,UA9130,LOC016,LOC018,2024-11-20T05:01:56,2024-11-20T05:48:56,2024-11-20T10:22:28.759667,2024-11-20T11:09:28.759667,47,DELAYED,0.54,0.67
TR01356,UA2440,LOC052,LOC018,2024-02-11T06:34:25,2024-02-11T06:34:25,2024-02-11T13:34:05.350678,2024-02-11T13:34:05.350678,0,COMPLETED,0.51,0.96
TR01357,UA7296,LOC019,LOC018,2024-02-15T16:02:42,2024-02-15T20:29:42,2024-02-15T21:23:49.699648,2024-02-16T01:50:49.699648,267,DELAYED,0.99,0.24
TR01358,UA6853,LOC058,LOC013,2026-06-29T11:01:46,2026-06-29T11:01:46,2026-06-29T14:58:03.872157,2026-06-29T14:58:03.872157,0,IN_TRANSIT,0.78,0.08
TR01359,UA3349,LOC031,LOC014,2024-06-14T19:46:17,2024-06-15T00:20:17,2024-06-15T01:11:54.948826,2024-06-15T05:45:54.948826,274,DELAYED,0.41,0.66
TR01360,UA2436,LOC008,LOC018,2025-06-03T18:21:45,2025-06-03T18:21:45,2025-06-03T20:35:37.028388,2025-06-03T20:35:37.028388,0,ON_TIME,0.04,0.22
TR01361,UA5747,LOC072,LOC061,2025-10-06T17:10:02,2025-10-06T17:10:02,2025-10-07T00:43:33.639093,2025-10-07T00:43:33.639093,0,BOARDING,0.56,0.26
TR01362,UA5142,LOC012,LOC061,2024-06-23T00:12:28,2024-06-23T03:43:28,2024-06-23T04:00:13.108692,2024-06-23T07:31:13.108692,211,DELAYED,0.17,0.34
TR01363,UA8996,LOC035,LOC038,2026-05-03T23:48:32,2026-05-04T01:44:32,2026-05-04T02:12:20.600253,2026-05-04T04:08:20.600253,116,DELAYED,0.51,0.68
TR01364,UA2750,LOC018,LOC068,2024-07-17T16:43:08,2024-07-17T16:43:08,2024-07-17T18:22:53.328143,2024-07-17T18:22:53.328143,0,COMPLETED,0.47,0.09
TR01365,UA1615,LOC065,LOC038,2026-03-24T19:16:46,2026-03-24T20:54:46,2026-03-24T23:57:41.996874,2026-03-25T01:35:41.996874,98,DELAYED,0.29,0.29
TR01366,UA9009,LOC031,LOC022,2024-01-21T09:09:23,2024-01-21T09:09:23,2024-01-21T17:08:06.730860,2024-01-21T17:08:06.730860,0,BOARDING,0.42,0.35
TR01367,UA3507,LOC058,LOC072,2025-01-14T15:21:51,2025-01-14T19:23:51,2025-01-14T21:21:50.891141,2025-01-15T01:23:50.891141,242,DELAYED,0.09,0.19
TR01368,UA6529,LOC017,LOC065,2025-08-09T02:25:57,2025-08-09T02:25:57,2025-08-09T06:43:37.234495,2025-08-09T06:43:37.234495,0,BOARDING,0.05,0.37
TR01369,UA8911,LOC008,LOC058,2025-06-02T14:54:11,2025-06-02T14:54:11,2025-06-02T22:45:02.444899,2025-06-02T22:45:02.444899,0,COMPLETED,0.0,0.07
TR01370,UA1526,LOC013,LOC050,2026-01-03T15:36:50,2026-01-03T15:36:50,2026-01-03T20:48:19.949713,2026-01-03T20:48:19.949713,0,COMPLETED,0.26,0.84
TR01371,UA9039,LOC072,LOC065,2026-02-11T14:36:49,2026-02-11T19:35:49,2026-02-11T16:54:34.116641,2026-02-11T21:53:34.116641,299,DELAYED,0.78,0.82
TR01372,UA8117,LOC022,LOC017,2025-02-13T22:25:33,2025-02-13T22:25:33,2025-02-14T02:23:11.717488,2025-02-14T02:23:11.717488,0,IN_TRANSIT,0.31,0.31
TR01373,UA3452,LOC038,LOC017,2025-03-16T15:12:28,2025-03-16T17:29:28,2025-03-16T18:35:12.081056,2025-03-16T20:52:12.081056,137,DELAYED,0.85,0.66
TR01374,UA8500,LOC065,LOC024,2024-07-04T22:46:28,2024-07-05T01:11:28,2024-07-05T04:28:49.743968,2024-07-05T06:53:49.743968,145,DELAYED,0.93,1.0
TR01375,UA2123,LOC031,LOC061,2025-10-07T11:22:09,2025-10-07T14:30:09,2025-10-07T19:08:53.401225,2025-10-07T22:16:53.401225,188,DELAYED,0.68,0.12
TR01376,UA3891,LOC061,LOC008,2024-01-05T18:36:39,2024-01-05T20:37:39,2024-01-05T20:58:12.326505,2024-01-05T22:59:12.326505,121,DELAYED,0.03,0.92
TR01377,UA4646,LOC031,LOC012,2024-11-27T23:22:45,2024-11-27T23:22:45,2024-11-28T04:29:39.521055,2024-11-28T04:29:39.521055,0,IN_TRANSIT,0.32,0.85
TR01378,UA2154,LOC065,LOC072,2025-08-31T13:55:26,2025-08-31T18:22:26,2025-08-31T21:37:12.617866,2025-09-01T02:04:12.617866,267,DELAYED,0.26,0.39
TR01379,UA5873,LOC035,LOC022,2025-07-25T12:29:12,2025-07-25T12:29:12,2025-07-25T18:08:48.977149,2025-07-25T18:08:48.977149,0,ON_TIME,0.0,0.35
TR01380,UA7828,LOC050,LOC013,2025-06-21T04:04:53,2025-06-21T04:04:53,2025-06-21T07:19:28.723971,2025-06-21T07:19:28.723971,0,COMPLETED,0.12,0.93
TR01381,UA7305,LOC022,LOC008,2024-07-27T01:08:03,2024-07-27T01:08:03,2024-07-27T06:06:11.908853,2024-07-27T06:06:11.908853,0,IN_TRANSIT,0.23,0.58
TR01382,UA349,LOC024,LOC038,2024-03-31T00:20:52,2024-03-31T00:20:52,2024-03-31T04:16:07.720990,2024-03-31T04:16:07.720990,0,COMPLETED,0.28,0.84
TR01383,UA5146,LOC028,LOC024,2024-04-28T10:52:42,2024-04-28T10:52:42,2024-04-28T17:15:49.188581,2024-04-28T17:15:49.188581,0,COMPLETED,0.58,0.13
TR01384,UA5052,LOC016,LOC028,2025-04-28T11:24:55,2025-04-28T11:24:55,2025-04-28T14:01:26.354469,2025-04-28T14:01:26.354469,0,BOARDING,0.23,0.92
TR01385,UA3544,LOC061,LOC050,2024-04-20T03:48:59,2024-04-20T06:00:59,2024-04-20T08:48:21.800958,2024-04-20T11:00:21.800958,132,DELAYED,0.55,0.4
TR01386,UA8616,LOC013,LOC061,2024-07-10T08:14:46,2024-07-10T08:14:46,2024-07-10T14:25:39.340679,2024-07-10T14:25:39.340679,0,BOARDING,0.68,0.65
TR01387,UA9687,LOC072,LOC061,2026-03-28T01:15:46,2026-03-28T01:15:46,2026-03-28T06:25:40.093984,2026-03-28T06:25:40.093984,0,COMPLETED,0.62,0.97
TR01388,UA1806,LOC038,LOC065,2026-06-12T06:36:19,2026-06-12T06:36:19,2026-06-12T14:15:14.754520,2026-06-12T14:15:14.754520,0,ON_TIME,0.01,0.29
TR01389,UA931,LOC012,LOC052,2025-03-21T14:01:39,2025-03-21T14:01:39,2025-03-21T16:45:31.940603,2025-03-21T16:45:31.940603,0,ON_TIME,0.79,0.78
TR01390,UA4497,LOC018,LOC038,2024-06-18T02:27:03,2024-06-18T02:59:03,2024-06-18T07:41:10.457946,2024-06-18T08:13:10.457946,32,DELAYED,0.82,0.66
TR01391,UA7068,LOC055,LOC036,2026-04-17T15:55:35,2026-04-17T15:55:35,2026-04-17T22:31:31.192183,2026-04-17T22:31:31.192183,0,IN_TRANSIT,0.55,0.24
TR01392,UA1592,LOC072,LOC018,2025-03-29T23:37:37,2025-03-29T23:37:37,2025-03-30T04:50:05.895010,2025-03-30T04:50:05.895010,0,COMPLETED,0.84,0.82
TR01393,UA8703,LOC036,LOC012,2024-12-16T20:04:40,2024-12-16T23:22:40,2024-12-17T01:27:57.293742,2024-12-17T04:45:57.293742,198,DELAYED,0.66,0.1
TR01394,UA4440,LOC022,LOC058,2024-12-25T09:20:05,2024-12-25T09:20:05,2024-12-25T13:55:11.891280,2024-12-25T13:55:11.891280,0,BOARDING,0.58,0.53
TR01395,UA1777,LOC065,LOC036,2025-09-08T17:18:44,2025-09-08T19:39:44,2025-09-09T00:16:00.257019,2025-09-09T02:37:00.257019,141,DELAYED,0.75,0.61
TR01396,UA8076,LOC038,LOC052,2026-04-03T03:40:33,2026-04-03T03:40:33,2026-04-03T04:47:24.646983,2026-04-03T04:47:24.646983,0,IN_TRANSIT,0.13,0.69
TR01397,UA7442,LOC014,LOC036,2026-01-11T12:46:54,2026-01-11T12:46:54,2026-01-11T13:48:49.620015,2026-01-11T13:48:49.620015,0,IN_TRANSIT,0.57,0.17
TR01398,UA5467,LOC031,LOC022,2025-06-16T18:06:48,2025-06-16T18:06:48,2025-06-16T20:15:25.773896,2025-06-16T20:15:25.773896,0,IN_TRANSIT,0.17,0.52
TR01399,UA9863,LOC013,LOC008,2024-02-10T23:22:26,2024-02-11T01:10:26,2024-02-11T00:41:54.525841,2024-02-11T02:29:54.525841,108,DELAYED,0.5,0.04
TR01400,UA6126,LOC013,LOC061,2024-08-04T09:14:37,2024-08-04T09:14:37,2024-08-04T11:36:47.213365,2024-08-04T11:36:47.213365,0,ON_TIME,0.66,0.55
TR01401,UA3458,LOC013,LOC031,2025-09-24T16:27:45,2025-09-24T21:10:45,2025-09-24T21:58:10.368999,2025-09-25T02:41:10.368999,283,DELAYED,0.34,0.13
TR01402,UA1141,LOC055,LOC065,2024-10-29T11:09:47,2024-10-29T11:09:47,2024-10-29T17:47:35.779265,2024-10-29T17:47:35.779265,0,ON_TIME,0.48,0.44
TR01403,UA3741,LOC014,LOC017,2024-09-22T00:27:16,2024-09-22T00:27:16,2024-09-22T01:46:48.689104,2024-09-22T01:46:48.689104,0,COMPLETED,0.02,0.57
TR01404,UA2969,LOC022,LOC014,2024-09-01T22:39:56,2024-09-01T23:12:56,2024-09-02T02:07:46.728789,2024-09-02T02:40:46.728789,33,DELAYED,0.14,0.46
TR01405,UA4551,LOC055,LOC014,2024-11-30T21:36:49,2024-11-30T21:36:49,2024-12-01T03:00:09.290033,2024-12-01T03:00:09.290033,0,ON_TIME,0.84,0.87
TR01406,UA2462,LOC013,LOC068,2026-02-24T19:33:05,2026-02-24T19:33:05,2026-02-25T01:51:12.273508,2026-02-25T01:51:12.273508,0,COMPLETED,0.51,0.53
TR01407,UA7778,LOC068,LOC012,2024-08-17T17:27:09,2024-08-17T17:27:09,2024-08-17T21:44:26.547469,2024-08-17T21:44:26.547469,0,BOARDING,0.61,0.67
TR01408,UA4851,LOC018,LOC013,2024-04-24T04:20:11,2024-04-24T04:20:11,2024-04-24T07:05:06.147563,2024-04-24T07:05:06.147563,0,COMPLETED,0.19,0.86
TR01409,UA3275,LOC038,LOC022,2025-01-08T01:09:25,2025-01-08T02:35:25,2025-01-08T03:49:16.967336,2025-01-08T05:15:16.967336,86,DELAYED,0.74,0.8
TR01410,UA2025,LOC036,LOC038,2025-12-02T01:22:58,2025-12-02T02:39:58,2025-12-02T04:12:34.358450,2025-12-02T05:29:34.358450,77,DELAYED,0.41,0.82
TR01411,UA1976,LOC068,LOC024,2025-03-03T05:28:34,2025-03-03T07:14:34,2025-03-03T08:10:49.655086,2025-03-03T09:56:49.655086,106,DELAYED,0.65,0.81
TR01412,UA5660,LOC031,LOC052,2025-06-04T16:50:10,2025-06-04T16:50:10,2025-06-04T18:07:32.336120,2025-06-04T18:07:32.336120,0,ON_TIME,0.27,0.44
TR01413,UA9863,LOC014,LOC019,2025-06-08T14:10:13,2025-06-08T14:41:13,2025-06-08T16:41:57.063375,2025-06-08T17:12:57.063375,31,DELAYED,0.37,0.25
TR01414,UA1251,LOC014,LOC065,2025-10-11T18:11:52,2025-10-11T18:11:52,2025-10-11T21:26:52.671124,2025-10-11T21:26:52.671124,0,BOARDING,0.96,0.14
TR01415,UA5644,LOC050,LOC068,2024-04-29T05:14:49,2024-04-29T05:57:49,2024-04-29T12:23:22.019861,2024-04-29T13:06:22.019861,43,DELAYED,0.85,0.54
TR01416,UA6477,LOC036,LOC012,2024-05-23T06:23:15,2024-05-23T06:23:15,2024-05-23T12:57:18.290027,2024-05-23T12:57:18.290027,0,IN_TRANSIT,0.65,0.07
TR01417,UA6719,LOC019,LOC012,2025-01-31T08:34:54,2025-01-31T08:34:54,2025-01-31T11:46:38.256030,2025-01-31T11:46:38.256030,0,COMPLETED,0.88,0.8
TR01418,UA1043,LOC012,LOC019,2024-02-26T16:10:47,2024-02-26T16:10:47,2024-02-26T23:11:39.475549,2024-02-26T23:11:39.475549,0,BOARDING,0.19,0.23
TR01419,UA5671,LOC052,LOC022,2025-04-01T15:11:24,2025-04-01T19:42:24,2025-04-01T16:32:42.096890,2025-04-01T21:03:42.096890,271,DELAYED,0.14,0.23
TR01420,UA4373,LOC022,LOC013,2024-07-21T00:42:24,2024-07-21T04:52:24,2024-07-21T06:18:34.167871,2024-07-21T10:28:34.167871,250,DELAYED,0.05,0.83
TR01421,UA2582,LOC072,LOC031,2026-03-18T07:05:01,2026-03-18T07:05:01,2026-03-18T13:12:03.274871,2026-03-18T13:12:03.274871,0,IN_TRANSIT,0.52,0.65
TR01422,UA2476,LOC014,LOC031,2026-04-12T19:26:39,2026-04-12T19:26:39,2026-04-12T22:54:54.315403,2026-04-12T22:54:54.315403,0,ON_TIME,0.74,0.62
TR01423,UA3794,LOC008,LOC028,2025-09-24T15:18:11,2025-09-24T15:18:11,2025-09-24T16:58:42.878160,2025-09-24T16:58:42.878160,0,COMPLETED,0.78,0.72
TR01424,UA7938,LOC038,LOC052,2024-03-07T13:41:30,2024-03-07T13:41:30,2024-03-07T17:27:51.027054,2024-03-07T17:27:51.027054,0,ON_TIME,0.25,0.83
TR01425,UA9608,LOC052,LOC058,2025-07-23T20:38:09,2025-07-24T00:43:09,2025-07-24T04:30:41.980669,2025-07-24T08:35:41.980669,245,DELAYED,0.67,0.53
TR01426,UA3457,LOC036,LOC061,2024-02-03T00:24:51,2024-02-03T01:47:51,2024-02-03T07:53:44.865068,2024-02-03T09:16:44.865068,83,DELAYED,0.03,0.47
TR01427,UA624,LOC052,LOC072,2025-06-08T06:36:24,2025-06-08T06:36:24,2025-06-08T10:39:20.184750,2025-06-08T10:39:20.184750,0,BOARDING,0.01,0.27
TR01428,UA2555,LOC016,LOC068,2025-01-04T04:11:02,2025-01-04T05:46:02,2025-01-04T07:30:40.056858,2025-01-04T09:05:40.056858,95,DELAYED,0.18,0.95
TR01429,UA2454,LOC013,LOC035,2026-02-03T21:05:24,2026-02-03T21:05:24,2026-02-03T22:41:34.899698,2026-02-03T22:41:34.899698,0,IN_TRANSIT,0.15,0.9
TR01430,UA2779,LOC018,LOC008,2025-09-06T09:10:48,2025-09-06T09:10:48,2025-09-06T13:45:26.691022,2025-09-06T13:45:26.691022,0,ON_TIME,0.12,0.53
TR01431,UA3619,LOC038,LOC028,2025-10-27T21:57:29,2025-10-27T21:57:29,2025-10-28T05:17:18.162188,2025-10-28T05:17:18.162188,0,COMPLETED,0.7,0.82
TR01432,UA4932,LOC013,LOC014,2025-11-07T07:48:59,2025-11-07T09:40:59,2025-11-07T09:42:12.603726,2025-11-07T11:34:12.603726,112,DELAYED,0.64,0.69
TR01433,UA3582,LOC018,LOC012,2024-03-13T00:21:59,2024-03-13T00:21:59,2024-03-13T01:54:25.502958,2024-03-13T01:54:25.502958,0,IN_TRANSIT,0.88,0.3
TR01434,UA413,LOC008,LOC036,2026-03-17T18:22:14,2026-03-17T18:22:14,2026-03-17T21:26:21.456597,2026-03-17T21:26:21.456597,0,COMPLETED,0.06,0.38
TR01435,UA6570,LOC013,LOC028,2024-05-29T02:35:33,2024-05-29T07:07:33,2024-05-29T05:59:17.556805,2024-05-29T10:31:17.556805,272,DELAYED,0.37,0.3
TR01436,UA6150,LOC035,LOC012,2024-06-29T23:54:22,2024-06-30T03:43:22,2024-06-30T02:46:17.039945,2024-06-30T06:35:17.039945,229,DELAYED,0.43,0.12
TR01437,UA1569,LOC068,LOC061,2024-07-19T01:30:24,2024-07-19T01:30:24,2024-07-19T09:23:50.064228,2024-07-19T09:23:50.064228,0,IN_TRANSIT,0.92,0.42
TR01438,UA458,LOC022,LOC038,2025-10-24T13:40:06,2025-10-24T13:40:06,2025-10-24T15:57:06.818373,2025-10-24T15:57:06.818373,0,BOARDING,0.6,0.93
TR01439,UA8871,LOC036,LOC052,2024-01-28T21:55:35,2024-01-28T21:55:35,2024-01-29T00:56:11.335773,2024-01-29T00:56:11.335773,0,BOARDING,0.87,0.71
TR01440,UA2193,LOC028,LOC038,2024-03-06T11:47:00,2024-03-06T11:47:00,2024-03-06T14:37:14.974858,2024-03-06T14:37:14.974858,0,COMPLETED,0.31,0.04
TR01441,UA1771,LOC068,LOC013,2024-10-26T17:16:16,2024-10-26T22:03:16,2024-10-26T22:30:00.126185,2024-10-27T03:17:00.126185,287,DELAYED,0.41,0.67
TR01442,UA1421,LOC008,LOC058,2024-03-27T00:59:38,2024-03-27T00:59:38,2024-03-27T08:35:22.214258,2024-03-27T08:35:22.214258,0,ON_TIME,0.43,0.1
TR01443,UA6585,LOC024,LOC028,2026-03-19T04:34:13,2026-03-19T04:34:13,2026-03-19T07:18:09.696744,2026-03-19T07:18:09.696744,0,COMPLETED,0.25,0.64
TR01444,UA397,LOC008,LOC031,2024-11-11T15:10:54,2024-11-11T15:10:54,2024-11-11T22:53:54.949099,2024-11-11T22:53:54.949099,0,COMPLETED,0.06,0.27
TR01445,UA9525,LOC008,LOC065,2025-07-15T07:03:51,2025-07-15T07:03:51,2025-07-15T09:11:27.528335,2025-07-15T09:11:27.528335,0,ON_TIME,0.84,0.83
TR01446,UA2431,LOC055,LOC035,2025-08-29T18:14:27,2025-08-29T18:14:27,2025-08-29T22:56:58.196193,2025-08-29T22:56:58.196193,0,IN_TRANSIT,0.03,0.31
TR01447,UA4014,LOC013,LOC068,2025-09-10T00:11:20,2025-09-10T00:11:20,2025-09-10T06:31:46.711404,2025-09-10T06:31:46.711404,0,BOARDING,0.16,0.48
TR01448,UA2341,LOC018,LOC019,2024-05-17T07:02:08,2024-05-17T07:02:08,2024-05-17T09:39:59.724870,2024-05-17T09:39:59.724870,0,IN_TRANSIT,0.47,0.62
TR01449,UA4776,LOC065,LOC058,2024-02-12T08:40:53,2024-02-12T08:40:53,2024-02-12T10:59:34.088485,2024-02-12T10:59:34.088485,0,ON_TIME,0.36,0.73
TR01450,UA6355,LOC016,LOC058,2025-08-23T01:42:57,2025-08-23T04:56:57,2025-08-23T06:59:16.944227,2025-08-23T10:13:16.944227,194,DELAYED,0.29,0.15
TR01451,UA4693,LOC031,LOC024,2024-08-27T05:13:51,2024-08-27T06:02:51,2024-08-27T12:24:13.841729,2024-08-27T13:13:13.841729,49,DELAYED,0.87,0.76
TR01452,UA1807,LOC052,LOC035,2025-12-08T19:04:16,2025-12-08T19:04:16,2025-12-08T20:49:41.643422,2025-12-08T20:49:41.643422,0,COMPLETED,0.09,0.95
TR01453,UA2690,LOC012,LOC050,2024-04-22T21:41:05,2024-04-22T23:46:05,2024-04-23T02:34:23.117314,2024-04-23T04:39:23.117314,125,DELAYED,0.89,0.63
TR01454,UA2826,LOC016,LOC019,2025-05-12T16:33:55,2025-05-12T20:26:55,2025-05-12T20:27:46.821051,2025-05-13T00:20:46.821051,233,DELAYED,0.14,0.96
TR01455,UA4644,LOC019,LOC016,2024-11-26T15:45:06,2024-11-26T15:45:06,2024-11-26T22:55:52.705036,2024-11-26T22:55:52.705036,0,COMPLETED,0.12,0.31
TR01456,UA2637,LOC068,LOC055,2024-06-04T06:14:50,2024-06-05T03:52:50,2024-06-04T13:04:55.356426,2024-06-05T10:42:55.356426,1298,CANCELLED,0.35,0.08
TR01457,UA1879,LOC022,LOC052,2024-09-29T15:25:05,2024-09-29T15:25:05,2024-09-29T16:58:13.482686,2024-09-29T16:58:13.482686,0,BOARDING,0.5,0.41
TR01458,UA5709,LOC031,LOC024,2024-12-05T14:09:02,2024-12-05T16:21:02,2024-12-05T19:43:59.990298,2024-12-05T21:55:59.990298,132,DELAYED,0.55,0.7
TR01459,UA5677,LOC036,LOC008,2025-01-29T14:48:35,2025-01-29T14:48:35,2025-01-29T22:33:48.248335,2025-01-29T22:33:48.248335,0,COMPLETED,0.1,0.8
TR01460,UA7159,LOC058,LOC016,2025-06-13T00:00:19,2025-06-13T00:00:19,2025-06-13T05:35:14.412075,2025-06-13T05:35:14.412075,0,ON_TIME,0.56,0.6
TR01461,UA9268,LOC017,LOC013,2025-07-06T17:00:42,2025-07-06T19:14:42,2025-07-06T23:54:29.887226,2025-07-07T02:08:29.887226,134,DELAYED,0.3,0.27
TR01462,UA8789,LOC028,LOC072,2024-03-21T20:38:30,2024-03-21T21:18:30,2024-03-21T23:40:27.933181,2024-03-22T00:20:27.933181,40,DELAYED,0.85,0.7
TR01463,UA6685,LOC008,LOC024,2025-10-29T15:51:39,2025-10-29T20:02:39,2025-10-29T20:00:29.776992,2025-10-30T00:11:29.776992,251,DELAYED,0.89,0.82
TR01464,UA8989,LOC035,LOC008,2026-03-01T19:43:19,2026-03-01T20:46:19,2026-03-01T23:09:42.632229,2026-03-02T00:12:42.632229,63,DELAYED,0.65,0.18
TR01465,UA2691,LOC016,LOC018,2026-05-04T20:21:00,2026-05-04T21:26:00,2026-05-05T03:58:22.973083,2026-05-05T05:03:22.973083,65,DELAYED,0.97,0.52
TR01466,UA2224,LOC024,LOC072,2024-10-11T21:47:34,2024-10-12T00:32:34,2024-10-12T04:58:14.818050,2024-10-12T07:43:14.818050,165,DELAYED,0.35,0.78
TR01467,UA4289,LOC012,LOC038,2025-11-08T16:13:23,2025-11-08T16:13:23,2025-11-08T17:45:46.239720,2025-11-08T17:45:46.239720,0,IN_TRANSIT,0.36,0.98
TR01468,UA4504,LOC022,LOC058,2026-06-07T15:15:11,2026-06-07T15:15:11,2026-06-07T20:27:38.161044,2026-06-07T20:27:38.161044,0,COMPLETED,0.13,0.26
TR01469,UA9750,LOC019,LOC022,2024-06-17T23:22:36,2024-06-18T01:38:36,2024-06-18T05:57:50.670576,2024-06-18T08:13:50.670576,136,DELAYED,0.83,0.12
TR01470,UA5455,LOC013,LOC008,2026-01-24T00:30:22,2026-01-24T09:37:22,2026-01-24T06:14:27.522453,2026-01-24T15:21:27.522453,547,CANCELLED,0.39,0.05
TR01471,UA9685,LOC013,LOC016,2026-01-23T20:10:57,2026-01-23T23:37:57,2026-01-23T23:06:42.443502,2026-01-24T02:33:42.443502,207,DELAYED,0.85,0.39
TR01472,UA2835,LOC019,LOC038,2025-10-21T09:31:16,2025-10-21T09:31:16,2025-10-21T16:57:17.924943,2025-10-21T16:57:17.924943,0,BOARDING,0.93,0.67
TR01473,UA639,LOC022,LOC024,2026-05-22T01:25:21,2026-05-22T01:25:21,2026-05-22T03:18:21.991718,2026-05-22T03:18:21.991718,0,ON_TIME,0.91,0.4
TR01474,UA2466,LOC058,LOC036,2024-08-09T12:21:23,2024-08-09T16:04:23,2024-08-09T19:32:56.863783,2024-08-09T23:15:56.863783,223,DELAYED,0.7,0.89
TR01475,UA3776,LOC035,LOC055,2024-11-23T13:22:43,2024-11-23T13:22:43,2024-11-23T17:27:00.977474,2024-11-23T17:27:00.977474,0,COMPLETED,0.06,0.63
TR01476,UA9054,LOC072,LOC022,2026-03-25T18:29:02,2026-03-25T18:29:02,2026-03-25T21:00:42.612323,2026-03-25T21:00:42.612323,0,COMPLETED,0.71,0.93
TR01477,UA3189,LOC050,LOC038,2025-02-13T18:32:42,2025-02-13T18:32:42,2025-02-13T23:56:15.019797,2025-02-13T23:56:15.019797,0,IN_TRANSIT,0.3,0.29
TR01478,UA5800,LOC017,LOC068,2025-03-27T02:55:38,2025-03-27T02:55:38,2025-03-27T05:55:52.879320,2025-03-27T05:55:52.879320,0,BOARDING,0.78,0.4
TR01479,UA2484,LOC061,LOC018,2024-03-03T16:03:10,2024-03-03T20:09:10,2024-03-03T18:16:40.732288,2024-03-03T22:22:40.732288,246,DELAYED,0.99,0.2
TR01480,UA6831,LOC012,LOC065,2024-06-28T22:24:07,2024-06-29T02:35:07,2024-06-29T02:34:37.521658,2024-06-29T06:45:37.521658,251,DELAYED,0.05,0.13
TR01481,UA3789,LOC068,LOC072,2025-01-11T02:08:47,2025-01-11T03:14:47,2025-01-11T09:02:06.842532,2025-01-11T10:08:06.842532,66,DELAYED,0.15,0.47
TR01482,UA7404,LOC018,LOC050,2025-04-17T06:10:20,2025-04-17T06:10:20,2025-04-17T12:06:51.269231,2025-04-17T12:06:51.269231,0,IN_TRANSIT,0.04,0.77
TR01483,UA4821,LOC035,LOC038,2026-05-11T10:24:13,2026-05-11T10:24:13,2026-05-11T12:33:40.808706,2026-05-11T12:33:40.808706,0,COMPLETED,0.73,0.65
TR01484,UA6668,LOC055,LOC022,2024-01-08T16:53:07,2024-01-08T21:35:07,2024-01-08T19:41:53.567849,2024-01-09T00:23:53.567849,282,DELAYED,0.96,0.76
TR01485,UA3606,LOC016,LOC028,2026-03-30T22:10:42,2026-03-31T01:21:42,2026-03-31T06:03:16.002567,2026-03-31T09:14:16.002567,191,DELAYED,0.81,0.85
TR01486,UA4103,LOC022,LOC061,2025-11-26T01:23:59,2025-11-26T05:33:59,2025-11-26T02:49:17.062131,2025-11-26T06:59:17.062131,250,DELAYED,0.26,0.62
TR01487,UA7877,LOC019,LOC038,2024-10-28T11:25:25,2024-10-28T11:25:25,2024-10-28T18:08:49.244241,2024-10-28T18:08:49.244241,0,COMPLETED,0.93,0.43
TR01488,UA415,LOC050,LOC058,2025-06-16T05:23:59,2025-06-16T09:35:59,2025-06-16T12:33:26.029394,2025-06-16T16:45:26.029394,252,DELAYED,0.2,0.42
TR01489,UA7775,LOC036,LOC050,2025-04-08T14:39:33,2025-04-08T16:24:33,2025-04-08T15:59:25.326534,2025-04-08T17:44:25.326534,105,DELAYED,0.73,0.13
TR01490,UA5809,LOC038,LOC017,2025-01-03T19:52:14,2025-01-03T19:52:14,2025-01-03T21:11:59.482518,2025-01-03T21:11:59.482518,0,ON_TIME,0.25,0.35
TR01491,UA7246,LOC019,LOC024,2026-01-10T19:37:53,2026-01-10T19:37:53,2026-01-11T01:56:58.087557,2026-01-11T01:56:58.087557,0,COMPLETED,0.89,0.5
TR01492,UA1458,LOC072,LOC019,2026-05-04T20:13:53,2026-05-05T00:50:53,2026-05-04T21:58:04.033554,2026-05-05T02:35:04.033554,277,DELAYED,0.03,0.98
TR01493,UA1382,LOC035,LOC058,2026-04-01T03:55:59,2026-04-01T03:55:59,2026-04-01T08:36:14.347637,2026-04-01T08:36:14.347637,0,BOARDING,0.26,0.78
TR01494,UA3798,LOC018,LOC012,2024-07-31T00:54:45,2024-07-31T05:41:45,2024-07-31T01:55:15.552507,2024-07-31T06:42:15.552507,287,DELAYED,0.6,0.3
TR01495,UA5135,LOC052,LOC055,2025-09-24T23:06:26,2025-09-25T03:14:26,2025-09-25T05:42:25.025283,2025-09-25T09:50:25.025283,248,DELAYED,1.0,0.8
TR01496,UA9015,LOC036,LOC065,2024-03-12T15:29:59,2024-03-12T15:29:59,2024-03-12T21:17:25.958142,2024-03-12T21:17:25.958142,0,IN_TRANSIT,0.5,0.43
TR01497,UA875,LOC061,LOC035,2024-11-25T06:28:10,2024-11-25T09:28:10,2024-11-25T13:31:09.770135,2024-11-25T16:31:09.770135,180,DELAYED,0.53,0.38
TR01498,UA4735,LOC019,LOC028,2024-12-29T02:44:12,2024-12-29T06:33:12,2024-12-29T04:46:47.619833,2024-12-29T08:35:47.619833,229,DELAYED,0.66,0.86
TR01499,UA7873,LOC055,LOC050,2025-08-04T11:00:44,2025-08-04T11:00:44,2025-08-04T16:34:20.580880,2025-08-04T16:34:20.580880,0,IN_TRANSIT,0.26,0.75
TR01500,UA2192,LOC013,LOC024,2024-07-11T20:10:03,2024-07-11T20:10:03,2024-07-12T02:19:07.131460,2024-07-12T02:19:07.131460,0,ON_TIME,0.58,0.05
TR01501,UA4695,LOC052,LOC038,2024-03-23T22:54:32,2024-03-24T00:45:32,2024-03-24T05:32:08.046013,2024-03-24T07:23:08.046013,111,DELAYED,0.49,0.69
TR01502,UA7082,LOC012,LOC052,2024-06-08T04:32:06,2024-06-08T06:00:06,2024-06-08T06:21:54.960799,2024-06-08T07:49:54.960799,88,DELAYED,0.93,0.95
TR01503,UA3352,LOC036,LOC052,2025-07-29T15:35:00,2025-07-29T15:35:00,2025-07-29T19:24:02.358196,2025-07-29T19:24:02.358196,0,ON_TIME,0.34,0.02
TR01504,UA9440,LOC008,LOC014,2025-12-02T10:24:12,2025-12-02T11:12:12,2025-12-02T12:48:18.966603,2025-12-02T13:36:18.966603,48,DELAYED,0.4,0.52
TR01505,UA6993,LOC050,LOC019,2024-01-29T01:06:30,2024-01-29T01:06:30,2024-01-29T03:56:47.605152,2024-01-29T03:56:47.605152,0,IN_TRANSIT,0.22,0.17
TR01506,UA1503,LOC050,LOC058,2024-03-14T18:36:09,2024-03-14T18:36:09,2024-03-14T19:57:23.850583,2024-03-14T19:57:23.850583,0,IN_TRANSIT,0.01,0.28
TR01507,UA2001,LOC028,LOC018,2026-02-27T05:13:24,2026-02-27T09:31:24,2026-02-27T09:00:56.389239,2026-02-27T13:18:56.389239,258,DELAYED,0.83,0.97
TR01508,UA7118,LOC012,LOC014,2025-07-26T01:05:14,2025-07-26T04:25:14,2025-07-26T02:33:57.114235,2025-07-26T05:53:57.114235,200,DELAYED,0.91,0.52
TR01509,UA6460,LOC024,LOC016,2026-05-26T20:39:37,2026-05-27T00:26:37,2026-05-27T01:05:15.400210,2026-05-27T04:52:15.400210,227,DELAYED,0.97,0.37
TR01510,UA8648,LOC024,LOC065,2026-06-21T07:25:11,2026-06-21T07:25:11,2026-06-21T08:46:23.600061,2026-06-21T08:46:23.600061,0,COMPLETED,0.87,0.3
TR01511,UA8739,LOC035,LOC012,2024-04-10T17:24:27,2024-04-10T17:24:27,2024-04-10T21:00:14.111879,2024-04-10T21:00:14.111879,0,COMPLETED,0.14,0.34
TR01512,UA9075,LOC038,LOC018,2025-03-25T11:44:06,2025-03-25T12:27:06,2025-03-25T16:04:11.748178,2025-03-25T16:47:11.748178,43,DELAYED,0.79,0.62
TR01513,UA7094,LOC012,LOC035,2025-03-19T22:04:10,2025-03-19T22:04:10,2025-03-20T02:12:37.686757,2025-03-20T02:12:37.686757,0,IN_TRANSIT,0.33,0.19
TR01514,UA5223,LOC024,LOC052,2026-06-10T19:31:59,2026-06-10T19:31:59,2026-06-11T02:10:33.691736,2026-06-11T02:10:33.691736,0,BOARDING,0.88,0.02
TR01515,UA8473,LOC036,LOC028,2024-10-09T09:10:34,2024-10-09T09:10:34,2024-10-09T10:13:47.152424,2024-10-09T10:13:47.152424,0,COMPLETED,0.01,0.96
TR01516,UA9355,LOC031,LOC036,2024-01-25T12:04:14,2024-01-25T12:04:14,2024-01-25T14:08:26.188401,2024-01-25T14:08:26.188401,0,BOARDING,0.37,0.69
TR01517,UA8362,LOC028,LOC038,2025-12-04T21:05:17,2025-12-04T21:05:17,2025-12-04T22:56:14.028310,2025-12-04T22:56:14.028310,0,IN_TRANSIT,0.32,0.33
TR01518,UA5359,LOC013,LOC018,2025-01-31T12:11:11,2025-01-31T16:10:11,2025-01-31T16:42:26.932748,2025-01-31T20:41:26.932748,239,DELAYED,0.11,0.07
TR01519,UA9728,LOC014,LOC016,2026-06-24T12:03:13,2026-06-24T12:03:13,2026-06-24T18:31:26.811520,2026-06-24T18:31:26.811520,0,COMPLETED,0.81,0.28
TR01520,UA7160,LOC065,LOC055,2024-09-14T06:03:15,2024-09-14T06:03:15,2024-09-14T10:13:34.653270,2024-09-14T10:13:34.653270,0,BOARDING,0.7,0.3
TR01521,UA9337,LOC036,LOC038,2025-09-17T19:31:31,2025-09-17T19:31:31,2025-09-18T00:17:55.985663,2025-09-18T00:17:55.985663,0,IN_TRANSIT,0.19,0.16
TR01522,UA7679,LOC052,LOC008,2026-06-08T19:03:40,2026-06-08T19:03:40,2026-06-08T22:19:14.012851,2026-06-08T22:19:14.012851,0,IN_TRANSIT,0.61,0.29
TR01523,UA7122,LOC072,LOC052,2025-10-15T14:14:47,2025-10-15T14:14:47,2025-10-15T21:58:14.973635,2025-10-15T21:58:14.973635,0,COMPLETED,0.04,0.65
TR01524,UA7212,LOC035,LOC024,2026-06-08T16:22:20,2026-06-08T20:13:20,2026-06-08T19:25:21.521672,2026-06-08T23:16:21.521672,231,DELAYED,0.59,0.38
TR01525,UA2392,LOC028,LOC031,2025-08-06T21:22:28,2025-08-06T21:22:28,2025-08-07T00:30:48.720734,2025-08-07T00:30:48.720734,0,BOARDING,0.4,0.25
TR01526,UA124,LOC019,LOC017,2025-04-05T11:01:40,2025-04-05T12:51:40,2025-04-05T13:06:49.820011,2025-04-05T14:56:49.820011,110,DELAYED,0.32,0.49
TR01527,UA5121,LOC055,LOC058,2026-05-08T14:05:46,2026-05-08T15:36:46,2026-05-08T20:30:40.241335,2026-05-08T22:01:40.241335,91,DELAYED,0.8,0.58
TR01528,UA5171,LOC019,LOC035,2025-12-09T16:27:10,2025-12-09T16:27:10,2025-12-09T22:42:00.989463,2025-12-09T22:42:00.989463,0,ON_TIME,0.42,0.02
TR01529,UA4682,LOC016,LOC012,2024-05-19T06:34:07,2024-05-19T07:45:07,2024-05-19T08:02:00.542344,2024-05-19T09:13:00.542344,71,DELAYED,0.64,0.65
TR01530,UA9594,LOC072,LOC022,2026-03-22T05:29:24,2026-03-22T05:29:24,2026-03-22T09:46:14.050386,2026-03-22T09:46:14.050386,0,IN_TRANSIT,0.21,0.36
TR01531,UA1766,LOC008,LOC019,2025-04-04T02:48:36,2025-04-04T06:37:36,2025-04-04T04:39:53.215928,2025-04-04T08:28:53.215928,229,DELAYED,0.96,0.47
TR01532,UA1971,LOC012,LOC024,2024-08-13T12:44:30,2024-08-13T12:44:30,2024-08-13T19:18:36.645328,2024-08-13T19:18:36.645328,0,IN_TRANSIT,0.12,0.98
TR01533,UA4819,LOC014,LOC019,2026-04-11T12:06:38,2026-04-11T13:42:38,2026-04-11T18:35:59.258967,2026-04-11T20:11:59.258967,96,DELAYED,0.72,0.32
TR01534,UA5280,LOC031,LOC014,2025-07-22T20:11:53,2025-07-22T21:47:53,2025-07-23T04:06:04.946134,2025-07-23T05:42:04.946134,96,DELAYED,0.32,0.01
TR01535,UA2847,LOC058,LOC012,2026-06-18T21:06:29,2026-06-19T00:30:29,2026-06-18T22:41:19.984048,2026-06-19T02:05:19.984048,204,DELAYED,0.82,0.07
TR01536,UA6940,LOC072,LOC014,2025-08-19T16:14:33,2025-08-19T16:14:33,2025-08-19T18:03:15.676847,2025-08-19T18:03:15.676847,0,IN_TRANSIT,0.96,0.07
TR01537,UA2107,LOC058,LOC038,2026-06-02T12:57:16,2026-06-02T12:57:16,2026-06-02T15:18:32.668817,2026-06-02T15:18:32.668817,0,IN_TRANSIT,0.33,0.8
TR01538,UA8323,LOC061,LOC028,2025-01-20T13:35:49,2025-01-20T13:35:49,2025-01-20T16:34:06.948700,2025-01-20T16:34:06.948700,0,BOARDING,0.78,0.24
TR01539,UA6939,LOC052,LOC014,2024-08-16T06:00:59,2024-08-16T06:00:59,2024-08-16T08:50:56.281011,2024-08-16T08:50:56.281011,0,ON_TIME,0.41,0.12
TR01540,UA9261,LOC068,LOC022,2025-05-28T04:28:57,2025-05-28T07:14:57,2025-05-28T10:55:47.464294,2025-05-28T13:41:47.464294,166,DELAYED,0.91,0.68
TR01541,UA6219,LOC022,LOC052,2026-05-28T05:23:53,2026-05-28T05:23:53,2026-05-28T12:57:05.522572,2026-05-28T12:57:05.522572,0,IN_TRANSIT,0.49,0.54
TR01542,UA9967,LOC013,LOC058,2024-06-08T22:01:47,2024-06-08T22:01:47,2024-06-08T23:10:19.843342,2024-06-08T23:10:19.843342,0,IN_TRANSIT,0.23,0.08
TR01543,UA8346,LOC036,LOC061,2025-04-02T08:18:26,2025-04-02T08:18:26,2025-04-02T12:10:41.358991,2025-04-02T12:10:41.358991,0,ON_TIME,0.58,0.78
TR01544,UA1034,LOC024,LOC068,2024-02-03T01:07:42,2024-02-03T03:47:42,2024-02-03T09:00:46.257545,2024-02-03T11:40:46.257545,160,DELAYED,0.34,0.37
TR01545,UA7955,LOC017,LOC016,2026-02-16T09:41:42,2026-02-16T11:23:42,2026-02-16T15:06:33.867133,2026-02-16T16:48:33.867133,102,DELAYED,0.31,0.86
TR01546,UA7735,LOC019,LOC061,2025-04-25T22:28:28,2025-04-25T22:28:28,2025-04-26T01:03:20.659710,2025-04-26T01:03:20.659710,0,IN_TRANSIT,0.31,0.67
TR01547,UA2838,LOC055,LOC061,2026-06-03T15:48:37,2026-06-03T15:48:37,2026-06-03T21:23:16.469679,2026-06-03T21:23:16.469679,0,ON_TIME,0.2,0.22
TR01548,UA913,LOC022,LOC038,2024-10-29T01:39:29,2024-10-29T01:39:29,2024-10-29T02:50:27.220404,2024-10-29T02:50:27.220404,0,IN_TRANSIT,0.15,0.1
TR01549,UA5098,LOC012,LOC017,2024-09-29T01:04:59,2024-09-29T03:53:59,2024-09-29T08:53:54.934122,2024-09-29T11:42:54.934122,169,DELAYED,0.59,0.51
TR01550,UA7555,LOC035,LOC028,2024-10-22T17:43:18,2024-10-22T20:44:18,2024-10-22T19:20:19.785802,2024-10-22T22:21:19.785802,181,DELAYED,0.21,0.93
TR01551,UA2163,LOC068,LOC065,2024-06-17T07:45:44,2024-06-17T10:25:44,2024-06-17T15:16:29.647880,2024-06-17T17:56:29.647880,160,DELAYED,0.77,0.13
TR01552,UA3359,LOC068,LOC031,2024-10-14T07:36:25,2024-10-14T07:36:25,2024-10-14T10:25:02.737441,2024-10-14T10:25:02.737441,0,COMPLETED,0.33,0.63
TR01553,UA4569,LOC019,LOC038,2024-12-12T11:04:59,2024-12-12T11:04:59,2024-12-12T17:05:57.849953,2024-12-12T17:05:57.849953,0,ON_TIME,0.92,0.05
TR01554,UA3808,LOC008,LOC036,2025-04-02T09:12:27,2025-04-02T09:12:27,2025-04-02T14:54:40.108769,2025-04-02T14:54:40.108769,0,IN_TRANSIT,0.5,0.5
TR01555,UA2149,LOC024,LOC017,2024-08-07T11:45:20,2024-08-07T16:06:20,2024-08-07T15:14:26.193636,2024-08-07T19:35:26.193636,261,DELAYED,0.89,0.82
TR01556,UA3053,LOC017,LOC068,2025-10-29T18:53:11,2025-10-29T18:53:11,2025-10-30T01:58:24.731623,2025-10-30T01:58:24.731623,0,IN_TRANSIT,0.53,0.05
TR01557,UA9370,LOC050,LOC013,2025-09-19T22:07:19,2025-09-19T22:07:19,2025-09-20T05:32:59.464253,2025-09-20T05:32:59.464253,0,IN_TRANSIT,0.69,0.02
TR01558,UA9318,LOC065,LOC055,2026-05-26T00:16:48,2026-05-26T00:16:48,2026-05-26T02:14:49.676469,2026-05-26T02:14:49.676469,0,IN_TRANSIT,0.88,0.91
TR01559,UA7376,LOC019,LOC022,2026-05-19T16:40:28,2026-05-19T17:56:28,2026-05-19T19:00:12.626688,2026-05-19T20:16:12.626688,76,DELAYED,0.36,0.01
TR01560,UA840,LOC012,LOC072,2024-03-26T02:04:03,2024-03-26T02:04:03,2024-03-26T07:59:55.623319,2024-03-26T07:59:55.623319,0,ON_TIME,0.18,0.11
TR01561,UA4659,LOC018,LOC061,2025-09-25T12:35:53,2025-09-25T12:35:53,2025-09-25T17:48:20.330066,2025-09-25T17:48:20.330066,0,COMPLETED,0.24,0.9
TR01562,UA1647,LOC018,LOC019,2024-02-05T16:02:08,2024-02-05T16:02:08,2024-02-05T19:11:31.383865,2024-02-05T19:11:31.383865,0,IN_TRANSIT,0.02,0.61
TR01563,UA4134,LOC065,LOC058,2026-05-16T16:20:17,2026-05-16T19:33:17,2026-05-16T19:54:55.807724,2026-05-16T23:07:55.807724,193,DELAYED,0.3,0.87
TR01564,UA3042,LOC028,LOC038,2026-01-04T17:52:52,2026-01-04T21:18:52,2026-01-04T20:23:45.129846,2026-01-04T23:49:45.129846,206,DELAYED,0.8,0.19
TR01565,UA6170,LOC014,LOC035,2024-08-28T18:50:57,2024-08-28T18:50:57,2024-08-28T21:11:15.787644,2024-08-28T21:11:15.787644,0,IN_TRANSIT,0.51,0.6
TR01566,UA8541,LOC024,LOC016,2025-09-10T06:17:01,2025-09-10T06:17:01,2025-09-10T11:15:38.808359,2025-09-10T11:15:38.808359,0,COMPLETED,0.39,0.17
TR01567,UA1145,LOC019,LOC052,2024-07-01T20:47:43,2024-07-01T23:56:43,2024-07-02T00:12:37.762122,2024-07-02T03:21:37.762122,189,DELAYED,0.18,0.06
TR01568,UA9127,LOC013,LOC031,2025-12-11T04:57:41,2025-12-11T04:57:41,2025-12-11T11:44:05.619039,2025-12-11T11:44:05.619039,0,ON_TIME,0.4,0.77
TR01569,UA124,LOC065,LOC012,2025-10-10T21:07:15,2025-10-10T21:48:15,2025-10-11T03:19:20.609566,2025-10-11T04:00:20.609566,41,DELAYED,0.95,0.0
TR01570,UA1638,LOC019,LOC024,2024-02-17T09:52:49,2024-02-17T11:05:49,2024-02-17T13:16:33.306419,2024-02-17T14:29:33.306419,73,DELAYED,0.76,0.93
TR01571,UA3849,LOC031,LOC050,2025-11-17T14:33:25,2025-11-17T14:33:25,2025-11-17T16:16:10.737503,2025-11-17T16:16:10.737503,0,COMPLETED,0.55,0.95
TR01572,UA9912,LOC052,LOC068,2024-09-27T04:00:25,2024-09-27T04:00:25,2024-09-27T08:58:10.481320,2024-09-27T08:58:10.481320,0,COMPLETED,0.17,0.03
TR01573,UA1586,LOC013,LOC052,2024-12-01T09:35:27,2024-12-01T09:35:27,2024-12-01T11:33:19.714679,2024-12-01T11:33:19.714679,0,ON_TIME,0.61,0.35
TR01574,UA5409,LOC018,LOC065,2025-04-25T19:03:42,2025-04-25T19:03:42,2025-04-26T02:59:53.303318,2025-04-26T02:59:53.303318,0,BOARDING,0.27,0.55
TR01575,UA9059,LOC065,LOC061,2026-05-22T12:11:22,2026-05-22T14:32:22,2026-05-22T17:06:59.317336,2026-05-22T19:27:59.317336,141,DELAYED,0.94,0.88
TR01576,UA5536,LOC058,LOC022,2024-12-20T08:34:13,2024-12-20T10:37:13,2024-12-20T14:19:11.832542,2024-12-20T16:22:11.832542,123,DELAYED,0.64,0.63
TR01577,UA5579,LOC038,LOC068,2026-03-18T18:46:23,2026-03-18T19:26:23,2026-03-19T00:29:13.376171,2026-03-19T01:09:13.376171,40,DELAYED,0.99,0.54
TR01578,UA6314,LOC038,LOC013,2024-12-08T09:00:31,2024-12-08T11:37:31,2024-12-08T14:43:58.981110,2024-12-08T17:20:58.981110,157,DELAYED,0.51,0.76
TR01579,UA9601,LOC072,LOC055,2025-05-21T01:53:14,2025-05-21T01:53:14,2025-05-21T04:48:00.233344,2025-05-21T04:48:00.233344,0,IN_TRANSIT,0.89,0.73
TR01580,UA9335,LOC017,LOC016,2025-07-16T00:56:44,2025-07-16T00:56:44,2025-07-16T02:28:30.484748,2025-07-16T02:28:30.484748,0,IN_TRANSIT,0.71,0.87
TR01581,UA5860,LOC050,LOC012,2025-01-13T23:33:17,2025-01-13T23:33:17,2025-01-14T02:43:31.688044,2025-01-14T02:43:31.688044,0,IN_TRANSIT,0.59,0.92
TR01582,UA8947,LOC055,LOC014,2026-03-19T02:46:46,2026-03-19T06:48:46,2026-03-19T07:36:48.131241,2026-03-19T11:38:48.131241,242,DELAYED,0.81,0.2
TR01583,UA5813,LOC016,LOC050,2024-08-03T04:30:50,2024-08-03T05:07:50,2024-08-03T11:43:51.406030,2024-08-03T12:20:51.406030,37,DELAYED,0.79,0.91
TR01584,UA8963,LOC028,LOC036,2026-05-21T17:18:39,2026-05-21T17:18:39,2026-05-21T22:34:30.729436,2026-05-21T22:34:30.729436,0,IN_TRANSIT,0.26,0.24
TR01585,UA6277,LOC018,LOC024,2024-01-28T04:25:12,2024-01-28T14:18:12,2024-01-28T05:38:12.965684,2024-01-28T15:31:12.965684,593,CANCELLED,0.08,0.25
TR01586,UA9177,LOC013,LOC031,2025-03-18T06:26:18,2025-03-18T09:46:18,2025-03-18T13:51:13.704098,2025-03-18T17:11:13.704098,200,DELAYED,0.3,0.82
TR01587,UA5040,LOC065,LOC061,2024-01-05T18:32:28,2024-01-05T22:51:28,2024-01-05T20:34:59.508473,2024-01-06T00:53:59.508473,259,DELAYED,0.8,0.89
TR01588,UA6623,LOC038,LOC050,2025-06-19T10:42:33,2025-06-19T10:42:33,2025-06-19T13:22:20.034755,2025-06-19T13:22:20.034755,0,ON_TIME,0.92,0.23
TR01589,UA8594,LOC008,LOC068,2025-09-24T23:39:49,2025-09-24T23:39:49,2025-09-25T01:55:00.571259,2025-09-25T01:55:00.571259,0,ON_TIME,0.44,0.84
TR01590,UA8497,LOC022,LOC055,2024-07-02T00:05:56,2024-07-02T00:05:56,2024-07-02T02:01:53.189681,2024-07-02T02:01:53.189681,0,COMPLETED,0.3,0.31
TR01591,UA1054,LOC017,LOC031,2024-08-09T07:09:17,2024-08-09T07:09:17,2024-08-09T12:56:27.265459,2024-08-09T12:56:27.265459,0,ON_TIME,0.76,0.41
TR01592,UA6136,LOC058,LOC036,2026-05-29T15:59:42,2026-05-29T15:59:42,2026-05-29T17:31:39.247375,2026-05-29T17:31:39.247375,0,BOARDING,0.55,0.46
TR01593,UA6369,LOC012,LOC055,2025-11-05T10:13:06,2025-11-05T10:13:06,2025-11-05T16:48:53.527979,2025-11-05T16:48:53.527979,0,COMPLETED,0.63,0.85
TR01594,UA4918,LOC019,LOC013,2025-06-14T06:04:03,2025-06-14T08:02:03,2025-06-14T07:47:16.976886,2025-06-14T09:45:16.976886,118,DELAYED,0.3,0.84
TR01595,UA5435,LOC031,LOC052,2024-02-16T12:14:24,2024-02-16T12:14:24,2024-02-16T16:07:06.364307,2024-02-16T16:07:06.364307,0,COMPLETED,0.59,0.57
TR01596,UA6793,LOC065,LOC058,2026-05-03T05:36:21,2026-05-03T05:36:21,2026-05-03T13:27:01.652652,2026-05-03T13:27:01.652652,0,ON_TIME,0.16,0.58
TR01597,UA4842,LOC018,LOC024,2024-08-16T17:35:36,2024-08-16T18:56:36,2024-08-16T23:20:08.834652,2024-08-17T00:41:08.834652,81,DELAYED,0.9,0.2
TR01598,UA8042,LOC013,LOC014,2025-09-23T01:23:12,2025-09-23T01:23:12,2025-09-23T04:44:24.193804,2025-09-23T04:44:24.193804,0,ON_TIME,0.6,0.09
TR01599,UA5156,LOC016,LOC013,2025-07-11T06:07:57,2025-07-11T06:07:57,2025-07-11T09:37:31.236671,2025-07-11T09:37:31.236671,0,IN_TRANSIT,0.12,0.32
TR01600,UA4329,LOC072,LOC012,2026-04-25T20:26:49,2026-04-26T00:16:49,2026-04-26T03:01:52.448588,2026-04-26T06:51:52.448588,230,DELAYED,0.21,0.15
TR01601,UA3768,LOC018,LOC014,2024-08-15T18:06:05,2024-08-15T22:55:05,2024-08-15T23:48:53.310083,2024-08-16T04:37:53.310083,289,DELAYED,0.77,0.51
TR01602,UA3319,LOC038,LOC068,2025-11-05T10:07:12,2025-11-05T12:03:12,2025-11-05T12:19:43.770506,2025-11-05T14:15:43.770506,116,DELAYED,0.89,0.86
TR01603,UA1637,LOC022,LOC065,2025-02-17T06:38:09,2025-02-17T06:38:09,2025-02-17T08:13:23.706926,2025-02-17T08:13:23.706926,0,COMPLETED,0.31,0.24
TR01604,UA6440,LOC055,LOC016,2024-05-25T05:50:07,2024-05-25T05:50:07,2024-05-25T08:25:38.962705,2024-05-25T08:25:38.962705,0,COMPLETED,0.55,0.53
TR01605,UA1604,LOC055,LOC014,2026-05-05T08:22:33,2026-05-05T08:22:33,2026-05-05T12:49:44.626812,2026-05-05T12:49:44.626812,0,ON_TIME,0.51,0.02
TR01606,UA6818,LOC050,LOC017,2025-08-17T02:10:07,2025-08-17T02:10:07,2025-08-17T07:59:42.184621,2025-08-17T07:59:42.184621,0,BOARDING,0.41,0.38
TR01607,UA1674,LOC031,LOC014,2026-06-08T23:45:18,2026-06-09T04:13:18,2026-06-09T03:30:03.117538,2026-06-09T07:58:03.117538,268,DELAYED,0.83,0.17
TR01608,UA5376,LOC016,LOC058,2025-08-10T15:54:04,2025-08-10T15:54:04,2025-08-10T18:53:25.616191,2025-08-10T18:53:25.616191,0,BOARDING,0.0,0.69
TR01609,UA3212,LOC055,LOC038,2025-06-19T11:59:49,2025-06-19T11:59:49,2025-06-19T16:32:27.736945,2025-06-19T16:32:27.736945,0,IN_TRANSIT,0.3,0.57
TR01610,UA8665,LOC022,LOC061,2025-09-24T03:15:41,2025-09-24T05:45:41,2025-09-24T10:58:37.755534,2025-09-24T13:28:37.755534,150,DELAYED,0.44,0.19
TR01611,UA9677,LOC052,LOC055,2024-04-23T02:20:08,2024-04-23T07:07:08,2024-04-23T04:36:16.418554,2024-04-23T09:23:16.418554,287,DELAYED,0.57,0.79
TR01612,UA9804,LOC024,LOC038,2024-12-02T12:37:49,2024-12-02T12:37:49,2024-12-02T15:00:25.186335,2024-12-02T15:00:25.186335,0,BOARDING,0.57,0.5
TR01613,UA5277,LOC017,LOC058,2024-01-24T04:44:46,2024-01-24T04:44:46,2024-01-24T08:37:24.409495,2024-01-24T08:37:24.409495,0,BOARDING,0.88,0.8
TR01614,UA8510,LOC008,LOC028,2026-05-22T17:12:02,2026-05-22T17:12:02,2026-05-23T01:00:44.886883,2026-05-23T01:00:44.886883,0,ON_TIME,0.78,0.24
TR01615,UA2905,LOC072,LOC012,2026-01-18T15:37:05,2026-01-18T15:37:05,2026-01-18T20:14:02.923326,2026-01-18T20:14:02.923326,0,COMPLETED,0.77,0.07
TR01616,UA8936,LOC052,LOC013,2025-10-23T16:42:32,2025-10-23T21:05:32,2025-10-23T20:13:54.619453,2025-10-24T00:36:54.619453,263,DELAYED,0.46,0.86
TR01617,UA4243,LOC022,LOC024,2024-06-01T15:07:44,2024-06-01T15:07:44,2024-06-01T18:19:18.385600,2024-06-01T18:19:18.385600,0,BOARDING,0.39,0.49
TR01618,UA4393,LOC036,LOC014,2024-08-14T08:44:39,2024-08-14T08:44:39,2024-08-14T12:59:17.720020,2024-08-14T12:59:17.720020,0,ON_TIME,0.67,0.19
TR01619,UA3676,LOC022,LOC017,2024-10-22T14:23:56,2024-10-22T14:23:56,2024-10-22T15:53:24.672645,2024-10-22T15:53:24.672645,0,IN_TRANSIT,0.01,0.02
TR01620,UA2954,LOC024,LOC017,2026-04-01T00:04:51,2026-04-01T03:35:51,2026-04-01T07:44:05.586481,2026-04-01T11:15:05.586481,211,DELAYED,0.4,0.19
TR01621,UA9172,LOC036,LOC008,2025-05-02T07:23:07,2025-05-02T07:23:07,2025-05-02T10:47:09.065543,2025-05-02T10:47:09.065543,0,BOARDING,0.44,0.01
TR01622,UA7478,LOC065,LOC058,2026-06-06T19:19:33,2026-06-06T19:19:33,2026-06-06T21:32:24.342706,2026-06-06T21:32:24.342706,0,IN_TRANSIT,0.17,0.65
TR01623,UA1036,LOC012,LOC036,2025-06-07T06:46:15,2025-06-07T06:46:15,2025-06-07T14:10:36.318091,2025-06-07T14:10:36.318091,0,BOARDING,0.03,0.11
TR01624,UA6011,LOC022,LOC058,2024-07-05T16:51:23,2024-07-05T16:51:23,2024-07-05T19:35:50.193416,2024-07-05T19:35:50.193416,0,ON_TIME,0.02,0.51
TR01625,UA8946,LOC017,LOC013,2025-01-26T08:39:04,2025-01-26T08:39:04,2025-01-26T16:38:48.409995,2025-01-26T16:38:48.409995,0,BOARDING,0.7,0.1
TR01626,UA7954,LOC061,LOC019,2024-10-25T07:48:13,2024-10-25T09:42:13,2024-10-25T12:27:05.501596,2024-10-25T14:21:05.501596,114,DELAYED,0.43,0.4
TR01627,UA6792,LOC028,LOC038,2025-02-18T20:14:09,2025-02-18T23:48:09,2025-02-19T03:07:56.061627,2025-02-19T06:41:56.061627,214,DELAYED,0.03,0.4
TR01628,UA6967,LOC017,LOC038,2025-09-11T07:30:47,2025-09-11T12:04:47,2025-09-11T12:58:26.883335,2025-09-11T17:32:26.883335,274,DELAYED,0.13,0.6
TR01629,UA7440,LOC072,LOC014,2026-04-21T03:23:36,2026-04-21T05:01:36,2026-04-21T08:21:41.111495,2026-04-21T09:59:41.111495,98,DELAYED,0.23,0.12
TR01630,UA887,LOC018,LOC008,2024-08-19T09:20:04,2024-08-19T09:20:04,2024-08-19T15:29:37.651774,2024-08-19T15:29:37.651774,0,COMPLETED,0.46,0.83
TR01631,UA2213,LOC022,LOC061,2025-01-08T18:14:52,2025-01-08T21:54:52,2025-01-08T23:36:38.517614,2025-01-09T03:16:38.517614,220,DELAYED,0.06,0.42
TR01632,UA9409,LOC028,LOC052,2025-04-27T17:19:39,2025-04-27T17:19:39,2025-04-27T21:22:51.784827,2025-04-27T21:22:51.784827,0,ON_TIME,0.66,0.48
TR01633,UA4795,LOC017,LOC052,2026-03-01T18:03:38,2026-03-01T18:03:38,2026-03-02T00:57:34.081098,2026-03-02T00:57:34.081098,0,COMPLETED,0.95,0.13
TR01634,UA9044,LOC022,LOC014,2025-02-26T09:13:15,2025-02-26T09:13:15,2025-02-26T10:16:28.739747,2025-02-26T10:16:28.739747,0,BOARDING,0.41,0.11
TR01635,UA2981,LOC016,LOC068,2024-03-04T00:15:49,2024-03-04T01:33:49,2024-03-04T07:40:47.810007,2024-03-04T08:58:47.810007,78,DELAYED,0.56,0.8
TR01636,UA3249,LOC012,LOC013,2024-02-15T18:07:42,2024-02-15T20:14:42,2024-02-15T23:41:31.369852,2024-02-16T01:48:31.369852,127,DELAYED,0.96,0.89
TR01637,UA5048,LOC014,LOC068,2024-09-12T03:30:52,2024-09-12T06:28:52,2024-09-12T04:56:20.755037,2024-09-12T07:54:20.755037,178,DELAYED,0.73,0.88
TR01638,UA3104,LOC017,LOC052,2026-01-13T04:41:26,2026-01-13T04:41:26,2026-01-13T10:32:14.403657,2026-01-13T10:32:14.403657,0,ON_TIME,0.44,0.92
TR01639,UA800,LOC061,LOC068,2024-12-13T13:26:01,2024-12-13T13:26:01,2024-12-13T16:55:41.703935,2024-12-13T16:55:41.703935,0,COMPLETED,0.55,0.25
TR01640,UA1455,LOC036,LOC012,2024-01-02T12:28:09,2024-01-02T12:28:09,2024-01-02T13:30:53.847319,2024-01-02T13:30:53.847319,0,COMPLETED,0.18,0.21
TR01641,UA3668,LOC017,LOC018,2024-01-11T02:50:04,2024-01-11T07:18:04,2024-01-11T05:11:15.571741,2024-01-11T09:39:15.571741,268,DELAYED,0.77,0.02
TR01642,UA2847,LOC019,LOC058,2026-03-09T07:31:43,2026-03-09T09:23:43,2026-03-09T12:27:51.470768,2026-03-09T14:19:51.470768,112,DELAYED,0.94,0.37
TR01643,UA4943,LOC024,LOC031,2025-11-05T13:56:39,2025-11-05T13:56:39,2025-11-05T17:53:32.735074,2025-11-05T17:53:32.735074,0,ON_TIME,0.64,0.45
TR01644,UA5411,LOC065,LOC035,2025-08-29T21:20:39,2025-08-30T02:02:39,2025-08-29T22:59:59.995139,2025-08-30T03:41:59.995139,282,DELAYED,0.56,0.58
TR01645,UA915,LOC052,LOC016,2025-08-27T17:38:41,2025-08-27T21:04:41,2025-08-27T20:48:11.520413,2025-08-28T00:14:11.520413,206,DELAYED,0.55,0.35
TR01646,UA6531,LOC038,LOC052,2024-04-07T06:04:55,2024-04-07T09:08:55,2024-04-07T08:03:05.460867,2024-04-07T11:07:05.460867,184,DELAYED,0.78,0.58
TR01647,UA4470,LOC024,LOC068,2024-03-26T16:10:29,2024-03-26T16:10:29,2024-03-26T20:49:46.874696,2024-03-26T20:49:46.874696,0,COMPLETED,0.84,0.3
TR01648,UA5905,LOC038,LOC035,2024-06-30T10:01:15,2024-06-30T10:01:15,2024-06-30T16:02:37.264045,2024-06-30T16:02:37.264045,0,ON_TIME,0.53,0.66
TR01649,UA4400,LOC052,LOC018,2025-08-24T11:23:37,2025-08-24T15:28:37,2025-08-24T17:01:04.730964,2025-08-24T21:06:04.730964,245,DELAYED,0.07,0.09
TR01650,UA4015,LOC016,LOC019,2026-02-21T18:43:43,2026-02-21T18:43:43,2026-02-21T23:29:57.303316,2026-02-21T23:29:57.303316,0,COMPLETED,0.21,0.87
TR01651,UA9730,LOC055,LOC068,2024-11-09T21:17:36,2024-11-09T21:17:36,2024-11-10T04:08:02.246824,2024-11-10T04:08:02.246824,0,IN_TRANSIT,0.62,0.52
TR01652,UA6081,LOC065,LOC024,2024-04-26T14:19:05,2024-04-26T14:19:05,2024-04-26T21:03:14.437637,2024-04-26T21:03:14.437637,0,COMPLETED,0.0,0.85
TR01653,UA7438,LOC031,LOC008,2024-05-06T03:52:52,2024-05-06T05:33:52,2024-05-06T06:10:16.783857,2024-05-06T07:51:16.783857,101,DELAYED,0.84,0.36
TR01654,UA5147,LOC014,LOC017,2024-10-27T07:58:21,2024-10-27T07:58:21,2024-10-27T15:04:49.966144,2024-10-27T15:04:49.966144,0,ON_TIME,0.18,0.06
TR01655,UA8438,LOC068,LOC058,2025-06-04T03:46:35,2025-06-04T12:59:35,2025-06-04T09:02:45.948264,2025-06-04T18:15:45.948264,553,CANCELLED,0.94,0.88
TR01656,UA237,LOC038,LOC016,2024-02-09T14:09:43,2024-02-09T14:09:43,2024-02-09T18:15:52.156754,2024-02-09T18:15:52.156754,0,COMPLETED,0.16,0.69
TR01657,UA3900,LOC017,LOC055,2024-03-15T10:26:36,2024-03-15T10:26:36,2024-03-15T17:01:19.518399,2024-03-15T17:01:19.518399,0,BOARDING,0.03,0.94
TR01658,UA5510,LOC050,LOC068,2024-04-12T20:57:04,2024-04-12T22:09:04,2024-04-13T03:28:23.738737,2024-04-13T04:40:23.738737,72,DELAYED,0.21,0.96
TR01659,UA4611,LOC013,LOC035,2025-08-05T20:09:02,2025-08-05T23:42:02,2025-08-06T00:56:42.672981,2025-08-06T04:29:42.672981,213,DELAYED,0.58,0.23
TR01660,UA1927,LOC022,LOC014,2026-03-30T22:16:18,2026-03-31T00:03:18,2026-03-31T00:27:44.943122,2026-03-31T02:14:44.943122,107,DELAYED,0.24,0.14
TR01661,UA6828,LOC024,LOC012,2024-03-27T23:19:07,2024-03-27T23:19:07,2024-03-28T06:28:06.129486,2024-03-28T06:28:06.129486,0,COMPLETED,0.16,0.54
TR01662,UA4676,LOC012,LOC013,2025-03-09T19:05:08,2025-03-09T19:05:08,2025-03-09T21:36:07.917897,2025-03-09T21:36:07.917897,0,IN_TRANSIT,0.41,0.25
TR01663,UA5613,LOC072,LOC024,2024-05-04T10:30:35,2024-05-04T10:30:35,2024-05-04T15:27:19.321858,2024-05-04T15:27:19.321858,0,COMPLETED,0.39,0.2
TR01664,UA594,LOC008,LOC052,2025-03-31T05:07:15,2025-03-31T08:41:15,2025-03-31T07:40:34.789781,2025-03-31T11:14:34.789781,214,DELAYED,0.31,0.17
TR01665,UA6504,LOC068,LOC055,2024-04-23T15:42:24,2024-04-23T15:42:24,2024-04-23T21:20:26.012101,2024-04-23T21:20:26.012101,0,COMPLETED,0.95,0.85
TR01666,UA817,LOC028,LOC014,2025-05-14T06:23:29,2025-05-14T06:23:29,2025-05-14T13:44:31.572509,2025-05-14T13:44:31.572509,0,COMPLETED,0.73,0.25
TR01667,UA351,LOC072,LOC019,2024-03-25T09:19:41,2024-03-25T09:19:41,2024-03-25T11:13:59.338797,2024-03-25T11:13:59.338797,0,IN_TRANSIT,0.29,0.21
TR01668,UA3321,LOC072,LOC068,2025-12-04T22:10:05,2025-12-05T01:34:05,2025-12-05T02:25:09.012964,2025-12-05T05:49:09.012964,204,DELAYED,0.26,0.02
TR01669,UA8552,LOC036,LOC031,2025-09-25T11:33:07,2025-09-25T11:33:07,2025-09-25T14:55:45.080425,2025-09-25T14:55:45.080425,0,COMPLETED,0.49,0.43
TR01670,UA6174,LOC008,LOC018,2024-10-02T06:05:32,2024-10-02T06:05:32,2024-10-02T13:37:50.720014,2024-10-02T13:37:50.720014,0,IN_TRANSIT,0.15,0.3
TR01671,UA3168,LOC036,LOC028,2026-03-21T14:24:06,2026-03-21T14:24:06,2026-03-21T16:23:21.418530,2026-03-21T16:23:21.418530,0,ON_TIME,0.04,0.27
TR01672,UA4349,LOC068,LOC065,2024-10-31T07:39:47,2024-10-31T07:39:47,2024-10-31T10:12:19.962959,2024-10-31T10:12:19.962959,0,BOARDING,0.81,0.76
TR01673,UA7740,LOC014,LOC058,2026-06-23T19:46:24,2026-06-24T00:01:24,2026-06-24T03:21:37.095115,2026-06-24T07:36:37.095115,255,DELAYED,0.1,0.67
TR01674,UA1376,LOC072,LOC031,2025-11-19T15:55:46,2025-11-19T17:22:46,2025-11-19T19:15:21.972127,2025-11-19T20:42:21.972127,87,DELAYED,0.47,0.14
TR01675,UA7666,LOC055,LOC050,2025-09-30T16:13:20,2025-09-30T17:05:20,2025-09-30T23:31:37.021031,2025-10-01T00:23:37.021031,52,DELAYED,0.69,0.98
TR01676,UA4657,LOC031,LOC058,2024-08-11T03:35:24,2024-08-11T07:34:24,2024-08-11T10:12:54.481014,2024-08-11T14:11:54.481014,239,DELAYED,0.27,0.89
TR01677,UA8565,LOC065,LOC038,2024-03-19T03:17:20,2024-03-19T07:56:20,2024-03-19T06:15:26.053429,2024-03-19T10:54:26.053429,279,DELAYED,0.32,0.65
TR01678,UA8325,LOC050,LOC016,2025-07-26T05:29:44,2025-07-26T06:55:44,2025-07-26T08:38:01.588515,2025-07-26T10:04:01.588515,86,DELAYED,0.21,0.69
TR01679,UA9718,LOC068,LOC008,2024-12-08T13:14:14,2024-12-08T13:14:14,2024-12-08T17:27:47.325968,2024-12-08T17:27:47.325968,0,BOARDING,0.19,0.66
TR01680,UA5578,LOC031,LOC068,2025-03-10T15:42:30,2025-03-10T19:14:30,2025-03-10T17:37:01.118757,2025-03-10T21:09:01.118757,212,DELAYED,0.79,0.78
TR01681,UA9154,LOC052,LOC018,2025-02-23T14:51:35,2025-02-23T14:51:35,2025-02-23T19:36:24.257424,2025-02-23T19:36:24.257424,0,COMPLETED,0.14,0.1
TR01682,UA8368,LOC012,LOC072,2024-01-27T03:01:00,2024-01-27T07:51:00,2024-01-27T06:59:28.503426,2024-01-27T11:49:28.503426,290,DELAYED,0.26,0.74
TR01683,UA2808,LOC055,LOC008,2026-02-08T08:57:32,2026-02-08T12:44:32,2026-02-08T15:36:43.487977,2026-02-08T19:23:43.487977,227,DELAYED,0.75,0.42
TR01684,UA3269,LOC072,LOC035,2025-11-15T12:36:21,2025-11-15T15:28:21,2025-11-15T16:50:10.175882,2025-11-15T19:42:10.175882,172,DELAYED,0.44,0.5
TR01685,UA306,LOC061,LOC058,2025-11-18T16:51:49,2025-11-18T18:52:49,2025-11-18T23:29:03.991434,2025-11-19T01:30:03.991434,121,DELAYED,0.49,0.65
TR01686,UA8076,LOC065,LOC008,2025-03-13T07:06:58,2025-03-13T09:11:58,2025-03-13T14:13:25.360971,2025-03-13T16:18:25.360971,125,DELAYED,0.92,0.57
TR01687,UA4621,LOC050,LOC013,2025-08-29T23:46:02,2025-08-30T00:27:02,2025-08-30T05:33:47.798249,2025-08-30T06:14:47.798249,41,DELAYED,0.98,0.18
TR01688,UA7676,LOC061,LOC035,2024-09-09T03:26:26,2024-09-09T03:26:26,2024-09-09T10:00:34.408210,2024-09-09T10:00:34.408210,0,BOARDING,0.19,0.09
TR01689,UA837,LOC013,LOC055,2024-03-31T09:10:55,2024-03-31T09:10:55,2024-03-31T15:15:09.236927,2024-03-31T15:15:09.236927,0,BOARDING,0.91,0.89
TR01690,UA7416,LOC008,LOC031,2025-11-28T12:52:06,2025-11-28T13:54:06,2025-11-28T19:54:03.532769,2025-11-28T20:56:03.532769,62,DELAYED,0.72,0.36
TR01691,UA3757,LOC035,LOC012,2024-08-05T01:31:50,2024-08-05T04:03:50,2024-08-05T07:32:30.182750,2024-08-05T10:04:30.182750,152,DELAYED,0.86,0.37
TR01692,UA9012,LOC058,LOC068,2025-09-18T09:06:08,2025-09-18T11:20:08,2025-09-18T14:47:02.875133,2025-09-18T17:01:02.875133,134,DELAYED,0.23,0.93
TR01693,UA2602,LOC036,LOC072,2025-10-01T11:16:44,2025-10-01T13:33:44,2025-10-01T18:03:48.016390,2025-10-01T20:20:48.016390,137,DELAYED,0.86,0.45
TR01694,UA1493,LOC050,LOC019,2024-07-20T23:49:27,2024-07-21T02:48:27,2024-07-21T01:37:36.010105,2024-07-21T04:36:36.010105,179,DELAYED,0.09,0.91
TR01695,UA1516,LOC068,LOC036,2024-08-01T02:55:47,2024-08-01T02:55:47,2024-08-01T07:49:33.667171,2024-08-01T07:49:33.667171,0,ON_TIME,0.89,0.47
TR01696,UA2830,LOC038,LOC017,2025-06-19T05:46:23,2025-06-19T05:46:23,2025-06-19T13:26:31.375455,2025-06-19T13:26:31.375455,0,IN_TRANSIT,0.31,0.36
TR01697,UA9981,LOC061,LOC019,2024-01-31T05:36:50,2024-01-31T05:36:50,2024-01-31T11:47:39.628967,2024-01-31T11:47:39.628967,0,COMPLETED,0.75,0.55
TR01698,UA701,LOC058,LOC050,2026-05-12T21:13:01,2026-05-12T21:13:01,2026-05-13T03:45:47.381307,2026-05-13T03:45:47.381307,0,IN_TRANSIT,0.37,0.44
TR01699,UA2939,LOC061,LOC055,2024-05-23T00:36:01,2024-05-23T05:24:01,2024-05-23T02:31:00.100874,2024-05-23T07:19:00.100874,288,DELAYED,0.89,0.92
TR01700,UA319,LOC028,LOC065,2026-02-03T10:35:52,2026-02-03T13:59:52,2026-02-03T18:09:54.537624,2026-02-03T21:33:54.537624,204,DELAYED,0.66,0.2
TR01701,UA9328,LOC036,LOC024,2026-01-06T13:11:46,2026-01-06T13:11:46,2026-01-06T17:09:50.962083,2026-01-06T17:09:50.962083,0,BOARDING,0.05,0.63
TR01702,UA4395,LOC013,LOC022,2025-08-20T06:11:56,2025-08-20T06:11:56,2025-08-20T10:13:18.284491,2025-08-20T10:13:18.284491,0,IN_TRANSIT,0.15,0.13
TR01703,UA593,LOC072,LOC061,2024-03-15T02:12:09,2024-03-15T05:23:09,2024-03-15T05:50:08.112188,2024-03-15T09:01:08.112188,191,DELAYED,0.84,0.3
TR01704,UA5166,LOC038,LOC012,2024-09-07T01:27:50,2024-09-07T05:29:50,2024-09-07T04:00:46.584288,2024-09-07T08:02:46.584288,242,DELAYED,0.92,0.47
TR01705,UA3982,LOC017,LOC072,2026-05-28T08:26:11,2026-05-28T08:26:11,2026-05-28T10:52:54.497601,2026-05-28T10:52:54.497601,0,ON_TIME,0.33,0.3
TR01706,UA8342,LOC058,LOC013,2024-04-13T18:15:53,2024-04-13T18:15:53,2024-04-14T00:06:59.345511,2024-04-14T00:06:59.345511,0,BOARDING,0.75,0.52
TR01707,UA4646,LOC036,LOC072,2025-02-13T09:42:08,2025-02-13T09:42:08,2025-02-13T17:00:06.066482,2025-02-13T17:00:06.066482,0,ON_TIME,0.32,0.22
TR01708,UA8487,LOC012,LOC016,2024-02-05T07:37:29,2024-02-05T07:37:29,2024-02-05T14:41:21.567260,2024-02-05T14:41:21.567260,0,COMPLETED,0.19,0.1
TR01709,UA6456,LOC022,LOC031,2025-09-09T03:37:51,2025-09-09T03:37:51,2025-09-09T11:24:46.157992,2025-09-09T11:24:46.157992,0,IN_TRANSIT,0.77,0.86
TR01710,UA4858,LOC068,LOC017,2026-03-24T23:26:38,2026-03-25T01:28:38,2026-03-25T02:03:56.817140,2026-03-25T04:05:56.817140,122,DELAYED,0.42,0.68
TR01711,UA1987,LOC052,LOC008,2026-04-08T19:39:53,2026-04-08T19:39:53,2026-04-09T00:34:34.561211,2026-04-09T00:34:34.561211,0,COMPLETED,0.6,0.87
TR01712,UA7108,LOC058,LOC061,2025-02-12T05:51:35,2025-02-12T05:51:35,2025-02-12T13:18:41.631068,2025-02-12T13:18:41.631068,0,ON_TIME,0.48,0.09
TR01713,UA3254,LOC018,LOC028,2024-04-14T07:50:06,2024-04-14T07:50:06,2024-04-14T10:04:30.718537,2024-04-14T10:04:30.718537,0,IN_TRANSIT,0.24,0.87
TR01714,UA9040,LOC016,LOC061,2024-10-30T08:08:18,2024-10-30T11:24:18,2024-10-30T10:56:04.652763,2024-10-30T14:12:04.652763,196,DELAYED,0.58,0.09
TR01715,UA369,LOC016,LOC052,2024-11-04T06:21:05,2024-11-04T06:21:05,2024-11-04T10:20:44.945710,2024-11-04T10:20:44.945710,0,ON_TIME,0.82,0.76
TR01716,UA8139,LOC052,LOC038,2024-11-10T19:57:09,2024-11-10T19:57:09,2024-11-10T23:24:09.409311,2024-11-10T23:24:09.409311,0,COMPLETED,0.66,0.48
TR01717,UA5296,LOC024,LOC038,2025-12-06T01:22:02,2025-12-06T02:31:02,2025-12-06T04:40:32.419820,2025-12-06T05:49:32.419820,69,DELAYED,0.09,0.47
TR01718,UA6077,LOC017,LOC065,2024-12-26T13:48:13,2024-12-26T13:48:13,2024-12-26T20:59:27.585733,2024-12-26T20:59:27.585733,0,IN_TRANSIT,0.16,0.8
TR01719,UA5462,LOC035,LOC058,2024-05-18T13:07:35,2024-05-18T13:07:35,2024-05-18T20:04:22.016635,2024-05-18T20:04:22.016635,0,ON_TIME,0.38,0.18
TR01720,UA2492,LOC028,LOC050,2024-07-25T02:08:04,2024-07-25T06:46:04,2024-07-25T04:17:48.858227,2024-07-25T08:55:48.858227,278,DELAYED,0.9,0.69
TR01721,UA9196,LOC016,LOC019,2025-05-03T02:13:50,2025-05-03T02:13:50,2025-05-03T07:36:55.769945,2025-05-03T07:36:55.769945,0,IN_TRANSIT,0.5,0.18
TR01722,UA4822,LOC012,LOC052,2025-07-09T22:41:37,2025-07-09T23:41:37,2025-07-10T05:57:59.409427,2025-07-10T06:57:59.409427,60,DELAYED,0.24,0.03
TR01723,UA8092,LOC018,LOC050,2024-09-23T00:36:23,2024-09-23T02:06:23,2024-09-23T08:23:55.543957,2024-09-23T09:53:55.543957,90,DELAYED,0.38,0.41
TR01724,UA9965,LOC031,LOC016,2024-11-10T18:10:04,2024-11-10T21:52:04,2024-11-11T01:12:58.963684,2024-11-11T04:54:58.963684,222,DELAYED,0.56,0.5
TR01725,UA9570,LOC061,LOC014,2025-06-19T12:52:49,2025-06-19T12:52:49,2025-06-19T18:12:18.331681,2025-06-19T18:12:18.331681,0,IN_TRANSIT,0.32,0.27
TR01726,UA4969,LOC008,LOC013,2025-09-15T10:00:25,2025-09-15T10:00:25,2025-09-15T12:26:42.255830,2025-09-15T12:26:42.255830,0,ON_TIME,0.38,0.73
TR01727,UA1253,LOC058,LOC018,2024-06-17T21:07:30,2024-06-17T23:02:30,2024-06-18T01:04:40.115941,2024-06-18T02:59:40.115941,115,DELAYED,0.91,0.3
TR01728,UA5589,LOC013,LOC052,2025-12-26T18:12:34,2025-12-26T22:54:34,2025-12-26T22:53:51.810610,2025-12-27T03:35:51.810610,282,DELAYED,0.77,0.26
TR01729,UA9327,LOC065,LOC012,2026-04-26T03:20:38,2026-04-26T05:38:38,2026-04-26T05:39:33.243160,2026-04-26T07:57:33.243160,138,DELAYED,0.29,0.5
TR01730,UA3610,LOC035,LOC016,2024-05-02T22:57:24,2024-05-02T22:57:24,2024-05-03T00:49:55.704752,2024-05-03T00:49:55.704752,0,IN_TRANSIT,0.02,0.28
TR01731,UA3376,LOC012,LOC014,2025-12-22T04:40:56,2025-12-22T04:40:56,2025-12-22T09:53:43.754379,2025-12-22T09:53:43.754379,0,IN_TRANSIT,0.45,0.85
TR01732,UA2223,LOC065,LOC018,2024-01-17T12:44:22,2024-01-17T12:44:22,2024-01-17T20:13:28.814516,2024-01-17T20:13:28.814516,0,ON_TIME,0.6,0.52
TR01733,UA4366,LOC068,LOC058,2024-11-14T07:51:39,2024-11-14T08:29:39,2024-11-14T13:50:58.512966,2024-11-14T14:28:58.512966,38,DELAYED,0.83,0.71
TR01734,UA7112,LOC035,LOC017,2024-09-12T04:32:11,2024-09-12T09:11:11,2024-09-12T09:25:06.071680,2024-09-12T14:04:06.071680,279,DELAYED,0.45,0.92
TR01735,UA4105,LOC012,LOC022,2024-06-06T22:01:52,2024-06-06T22:01:52,2024-06-06T23:52:03.864350,2024-06-06T23:52:03.864350,0,BOARDING,0.37,0.82
TR01736,UA8783,LOC017,LOC016,2024-05-02T02:13:06,2024-05-02T02:13:06,2024-05-02T04:21:17.754023,2024-05-02T04:21:17.754023,0,IN_TRANSIT,0.49,0.27
TR01737,UA6530,LOC016,LOC061,2024-09-10T19:21:10,2024-09-10T19:21:10,2024-09-10T23:24:17.926179,2024-09-10T23:24:17.926179,0,IN_TRANSIT,0.49,0.52
TR01738,UA7388,LOC019,LOC024,2024-01-01T17:18:56,2024-01-02T05:25:56,2024-01-01T23:05:47.130203,2024-01-02T11:12:47.130203,727,CANCELLED,0.8,0.91
TR01739,UA7908,LOC035,LOC013,2025-08-13T01:04:19,2025-08-13T01:04:19,2025-08-13T08:13:31.118657,2025-08-13T08:13:31.118657,0,ON_TIME,0.75,0.84
TR01740,UA6606,LOC022,LOC014,2024-06-23T22:46:44,2024-06-23T22:46:44,2024-06-23T23:52:15.830135,2024-06-23T23:52:15.830135,0,ON_TIME,0.72,0.97
TR01741,UA761,LOC028,LOC050,2024-12-06T00:06:17,2024-12-06T00:06:17,2024-12-06T05:04:02.128603,2024-12-06T05:04:02.128603,0,COMPLETED,0.56,0.77
TR01742,UA4633,LOC068,LOC018,2025-10-17T09:33:20,2025-10-17T09:33:20,2025-10-17T12:51:29.594366,2025-10-17T12:51:29.594366,0,ON_TIME,0.97,0.26
TR01743,UA4863,LOC008,LOC031,2025-01-04T16:16:32,2025-01-04T20:10:32,2025-01-04T20:06:31.825387,2025-01-05T00:00:31.825387,234,DELAYED,0.08,0.74
TR01744,UA7345,LOC012,LOC014,2026-03-08T09:00:11,2026-03-08T09:00:11,2026-03-08T15:13:33.494632,2026-03-08T15:13:33.494632,0,BOARDING,0.63,0.43
TR01745,UA8250,LOC022,LOC036,2025-05-08T14:48:00,2025-05-08T14:48:00,2025-05-08T17:05:37.809990,2025-05-08T17:05:37.809990,0,COMPLETED,0.6,0.01
TR01746,UA796,LOC052,LOC068,2024-07-24T14:35:58,2024-07-24T14:35:58,2024-07-24T19:00:22.271043,2024-07-24T19:00:22.271043,0,COMPLETED,0.64,0.87
TR01747,UA6262,LOC008,LOC019,2025-12-27T14:09:10,2025-12-27T14:09:10,2025-12-27T18:50:33.249057,2025-12-27T18:50:33.249057,0,ON_TIME,0.65,0.84
TR01748,UA5329,LOC017,LOC055,2026-02-09T02:49:41,2026-02-09T04:44:41,2026-02-09T04:51:44.675769,2026-02-09T06:46:44.675769,115,DELAYED,0.39,0.31
TR01749,UA4936,LOC058,LOC061,2026-04-28T08:33:37,2026-04-28T08:33:37,2026-04-28T12:40:03.238113,2026-04-28T12:40:03.238113,0,IN_TRANSIT,0.41,0.89
TR01750,UA3804,LOC024,LOC028,2026-06-09T19:13:49,2026-06-09T19:13:49,2026-06-09T20:39:20.387136,2026-06-09T20:39:20.387136,0,ON_TIME,0.84,0.82
TR01751,UA311,LOC016,LOC028,2025-06-19T21:14:08,2025-06-19T23:17:08,2025-06-20T00:19:54.549532,2025-06-20T02:22:54.549532,123,DELAYED,0.99,0.5
TR01752,UA8064,LOC017,LOC012,2025-08-07T01:35:30,2025-08-07T02:53:30,2025-08-07T05:52:06.749017,2025-08-07T07:10:06.749017,78,DELAYED,0.13,0.54
TR01753,UA9333,LOC024,LOC055,2024-07-07T09:03:27,2024-07-07T09:03:27,2024-07-07T10:57:01.912143,2024-07-07T10:57:01.912143,0,BOARDING,0.04,0.73
TR01754,UA4936,LOC013,LOC018,2024-10-22T18:08:57,2024-10-22T18:08:57,2024-10-23T01:22:53.074732,2024-10-23T01:22:53.074732,0,IN_TRANSIT,0.01,0.56
TR01755,UA5027,LOC022,LOC058,2024-12-05T01:05:18,2024-12-05T01:05:18,2024-12-05T04:02:16.095517,2024-12-05T04:02:16.095517,0,BOARDING,0.16,0.75
TR01756,UA8580,LOC050,LOC036,2025-11-26T03:36:44,2025-11-26T03:36:44,2025-11-26T08:33:45.776832,2025-11-26T08:33:45.776832,0,IN_TRANSIT,0.78,0.06
TR01757,UA8693,LOC018,LOC022,2024-04-25T11:26:53,2024-04-25T11:26:53,2024-04-25T14:00:09.018769,2024-04-25T14:00:09.018769,0,IN_TRANSIT,0.93,0.66
TR01758,UA596,LOC018,LOC055,2026-04-26T22:06:41,2026-04-26T22:06:41,2026-04-26T23:09:28.235234,2026-04-26T23:09:28.235234,0,IN_TRANSIT,0.32,0.37
TR01759,UA3157,LOC008,LOC072,2025-04-05T22:49:39,2025-04-06T02:56:39,2025-04-06T02:55:15.044681,2025-04-06T07:02:15.044681,247,DELAYED,0.68,0.43
TR01760,UA811,LOC018,LOC065,2025-04-22T01:27:09,2025-04-22T01:27:09,2025-04-22T05:12:02.250919,2025-04-22T05:12:02.250919,0,ON_TIME,0.08,0.63
TR01761,UA7390,LOC013,LOC058,2025-02-15T00:57:12,2025-02-15T14:06:12,2025-02-15T02:01:56.178865,2025-02-15T15:10:56.178865,789,CANCELLED,0.48,0.65
TR01762,UA2371,LOC061,LOC019,2024-03-17T09:43:12,2024-03-17T11:20:12,2024-03-17T17:29:37.856693,2024-03-17T19:06:37.856693,97,DELAYED,0.17,0.83
TR01763,UA9084,LOC024,LOC018,2024-09-19T01:21:08,2024-09-19T01:21:08,2024-09-19T09:04:27.853561,2024-09-19T09:04:27.853561,0,ON_TIME,0.34,0.1
TR01764,UA4471,LOC061,LOC065,2026-06-18T03:28:16,2026-06-18T22:39:16,2026-06-18T05:04:28.779486,2026-06-19T00:15:28.779486,1151,CANCELLED,0.96,0.72
TR01765,UA5633,LOC061,LOC036,2025-05-16T19:09:28,2025-05-16T19:09:28,2025-05-17T00:22:18.286548,2025-05-17T00:22:18.286548,0,IN_TRANSIT,0.76,0.24
TR01766,UA3263,LOC024,LOC016,2024-03-15T05:34:38,2024-03-15T05:34:38,2024-03-15T07:26:21.883768,2024-03-15T07:26:21.883768,0,COMPLETED,0.76,0.76
TR01767,UA6895,LOC028,LOC036,2024-08-06T19:18:38,2024-08-06T19:18:38,2024-08-07T02:49:02.136146,2024-08-07T02:49:02.136146,0,COMPLETED,0.86,0.42
TR01768,UA7189,LOC036,LOC024,2025-09-06T12:36:35,2025-09-06T17:32:35,2025-09-06T19:17:26.437295,2025-09-07T00:13:26.437295,296,DELAYED,0.54,0.68
TR01769,UA4070,LOC052,LOC018,2025-04-01T17:43:47,2025-04-01T17:43:47,2025-04-01T22:43:47.796367,2025-04-01T22:43:47.796367,0,COMPLETED,0.89,0.31
TR01770,UA7081,LOC013,LOC055,2026-03-03T16:11:35,2026-03-03T16:11:35,2026-03-03T20:14:19.100364,2026-03-03T20:14:19.100364,0,IN_TRANSIT,0.39,0.18
TR01771,UA6702,LOC035,LOC068,2024-03-07T19:12:10,2024-03-07T19:12:10,2024-03-07T20:30:30.135146,2024-03-07T20:30:30.135146,0,BOARDING,0.88,0.49
TR01772,UA3660,LOC052,LOC008,2024-05-26T19:49:15,2024-05-26T23:43:15,2024-05-27T01:46:10.442682,2024-05-27T05:40:10.442682,234,DELAYED,0.76,0.13
TR01773,UA3597,LOC031,LOC052,2025-10-31T18:48:01,2025-10-31T18:48:01,2025-10-31T22:37:58.066476,2025-10-31T22:37:58.066476,0,BOARDING,0.1,0.04
TR01774,UA6518,LOC031,LOC050,2025-03-03T19:20:59,2025-03-03T19:20:59,2025-03-03T20:43:18.572667,2025-03-03T20:43:18.572667,0,IN_TRANSIT,0.8,0.26
TR01775,UA368,LOC018,LOC072,2025-03-18T08:38:43,2025-03-18T08:38:43,2025-03-18T15:18:08.299015,2025-03-18T15:18:08.299015,0,ON_TIME,0.11,0.12
TR01776,UA6472,LOC036,LOC024,2024-03-23T04:15:34,2024-03-23T04:15:34,2024-03-23T05:34:22.541202,2024-03-23T05:34:22.541202,0,IN_TRANSIT,0.74,0.49
TR01777,UA6497,LOC014,LOC017,2025-01-02T09:38:20,2025-01-02T10:47:20,2025-01-02T12:01:25.366619,2025-01-02T13:10:25.366619,69,DELAYED,0.92,0.64
TR01778,UA7174,LOC065,LOC038,2025-12-02T18:02:14,2025-12-02T18:02:14,2025-12-02T22:25:52.951803,2025-12-02T22:25:52.951803,0,IN_TRANSIT,0.01,0.7
TR01779,UA2032,LOC038,LOC024,2024-11-14T06:51:52,2024-11-14T06:51:52,2024-11-14T09:02:59.065018,2024-11-14T09:02:59.065018,0,COMPLETED,0.65,0.19
TR01780,UA7474,LOC055,LOC072,2025-01-23T13:22:14,2025-01-24T00:18:14,2025-01-23T18:29:57.125406,2025-01-24T05:25:57.125406,656,CANCELLED,0.97,0.18
TR01781,UA2931,LOC061,LOC072,2024-06-06T20:29:53,2024-06-06T20:29:53,2024-06-07T01:51:53.129904,2024-06-07T01:51:53.129904,0,COMPLETED,0.82,0.16
TR01782,UA3216,LOC058,LOC036,2025-09-10T19:55:17,2025-09-10T19:55:17,2025-09-11T03:19:47.411089,2025-09-11T03:19:47.411089,0,IN_TRANSIT,0.5,0.01
TR01783,UA8683,LOC019,LOC018,2025-12-31T17:42:34,2025-12-31T22:23:34,2025-12-31T22:24:13.770522,2026-01-01T03:05:13.770522,281,DELAYED,0.81,0.38
TR01784,UA1554,LOC014,LOC058,2026-04-09T19:44:30,2026-04-10T00:09:30,2026-04-10T00:30:57.087781,2026-04-10T04:55:57.087781,265,DELAYED,0.91,0.87
TR01785,UA7081,LOC018,LOC036,2024-06-17T05:04:06,2024-06-17T05:04:06,2024-06-17T06:25:49.624492,2024-06-17T06:25:49.624492,0,IN_TRANSIT,0.52,0.05
TR01786,UA3587,LOC022,LOC038,2024-08-08T05:41:22,2024-08-08T09:01:22,2024-08-08T11:54:28.861866,2024-08-08T15:14:28.861866,200,DELAYED,0.87,0.64
TR01787,UA6917,LOC072,LOC038,2025-12-20T13:32:13,2025-12-20T14:20:13,2025-12-20T17:11:20.284442,2025-12-20T17:59:20.284442,48,DELAYED,0.28,0.44
TR01788,UA9412,LOC018,LOC008,2026-02-15T04:36:42,2026-02-15T04:36:42,2026-02-15T09:04:29.563842,2026-02-15T09:04:29.563842,0,BOARDING,0.35,0.79
TR01789,UA6217,LOC038,LOC072,2026-03-08T12:35:45,2026-03-08T12:35:45,2026-03-08T19:16:54.268204,2026-03-08T19:16:54.268204,0,BOARDING,0.73,0.72
TR01790,UA7203,LOC036,LOC031,2024-09-21T13:55:20,2024-09-21T13:55:20,2024-09-21T20:43:36.869990,2024-09-21T20:43:36.869990,0,ON_TIME,0.76,0.4
TR01791,UA1464,LOC022,LOC052,2024-10-16T22:45:14,2024-10-17T01:52:14,2024-10-16T23:47:02.029737,2024-10-17T02:54:02.029737,187,DELAYED,0.25,0.48
TR01792,UA7615,LOC065,LOC058,2024-04-26T18:51:36,2024-04-26T20:26:36,2024-04-26T23:53:53.249799,2024-04-27T01:28:53.249799,95,DELAYED,0.96,0.07
TR01793,UA2310,LOC036,LOC058,2024-01-22T18:27:42,2024-01-22T18:27:42,2024-01-23T01:52:23.135689,2024-01-23T01:52:23.135689,0,ON_TIME,0.43,0.97
TR01794,UA2265,LOC072,LOC013,2024-09-07T20:17:47,2024-09-08T00:35:47,2024-09-08T00:36:55.915680,2024-09-08T04:54:55.915680,258,DELAYED,0.61,0.7
TR01795,UA2110,LOC012,LOC061,2024-05-23T08:01:13,2024-05-23T09:34:13,2024-05-23T15:50:28.623093,2024-05-23T17:23:28.623093,93,DELAYED,0.49,0.75
TR01796,UA9068,LOC022,LOC035,2026-02-02T15:15:23,2026-02-02T16:36:23,2026-02-02T22:56:40.345031,2026-02-03T00:17:40.345031,81,DELAYED,0.09,0.89
TR01797,UA5086,LOC012,LOC022,2026-04-13T00:37:30,2026-04-13T09:32:30,2026-04-13T05:16:32.399613,2026-04-13T14:11:32.399613,535,CANCELLED,0.83,0.86
TR01798,UA8703,LOC068,LOC050,2024-10-10T08:04:01,2024-10-10T08:04:01,2024-10-10T09:39:37.221855,2024-10-10T09:39:37.221855,0,BOARDING,0.04,0.25
TR01799,UA3764,LOC028,LOC058,2024-06-07T23:26:08,2024-06-07T23:26:08,2024-06-08T06:02:42.075216,2024-06-08T06:02:42.075216,0,ON_TIME,0.14,0.27
TR01800,UA7277,LOC013,LOC019,2024-10-27T09:55:48,2024-10-27T09:55:48,2024-10-27T13:09:59.386815,2024-10-27T13:09:59.386815,0,COMPLETED,0.21,0.52
TR01801,UA5207,LOC019,LOC055,2025-02-09T14:27:09,2025-02-09T14:27:09,2025-02-09T18:41:57.069523,2025-02-09T18:41:57.069523,0,BOARDING,0.73,0.63
TR01802,UA648,LOC019,LOC052,2026-03-17T21:32:54,2026-03-18T01:45:54,2026-03-18T05:31:59.682999,2026-03-18T09:44:59.682999,253,DELAYED,0.38,0.36
TR01803,UA4326,LOC061,LOC052,2025-10-14T05:48:12,2025-10-14T05:48:12,2025-10-14T09:35:49.850262,2025-10-14T09:35:49.850262,0,IN_TRANSIT,0.56,0.33
TR01804,UA3679,LOC035,LOC050,2024-09-23T14:26:35,2024-09-23T14:26:35,2024-09-23T19:32:44.403351,2024-09-23T19:32:44.403351,0,COMPLETED,0.24,0.4
TR01805,UA1538,LOC058,LOC008,2026-06-08T09:05:05,2026-06-08T09:05:05,2026-06-08T13:10:36.149586,2026-06-08T13:10:36.149586,0,COMPLETED,0.55,0.04
TR01806,UA426,LOC017,LOC013,2026-04-28T09:01:06,2026-04-28T09:44:06,2026-04-28T11:52:07.996408,2026-04-28T12:35:07.996408,43,DELAYED,0.97,0.93
TR01807,UA1578,LOC031,LOC036,2025-06-12T09:14:49,2025-06-12T13:37:49,2025-06-12T10:51:34.014753,2025-06-12T15:14:34.014753,263,DELAYED,0.92,0.48
TR01808,UA6830,LOC017,LOC068,2026-02-02T05:12:34,2026-02-02T05:12:34,2026-02-02T08:00:18.648929,2026-02-02T08:00:18.648929,0,ON_TIME,0.5,0.99
TR01809,UA122,LOC017,LOC014,2025-11-11T07:15:04,2025-11-11T07:15:04,2025-11-11T10:05:21.367820,2025-11-11T10:05:21.367820,0,COMPLETED,0.77,0.34
TR01810,UA5560,LOC072,LOC014,2024-12-29T07:06:03,2024-12-29T07:06:03,2024-12-29T11:16:16.253259,2024-12-29T11:16:16.253259,0,COMPLETED,0.36,0.64
TR01811,UA2539,LOC024,LOC022,2025-10-23T19:11:43,2025-10-23T20:00:43,2025-10-24T02:18:57.160199,2025-10-24T03:07:57.160199,49,DELAYED,0.86,0.36
TR01812,UA1042,LOC018,LOC022,2024-12-25T19:44:50,2024-12-25T20:46:50,2024-12-25T21:25:40.516531,2024-12-25T22:27:40.516531,62,DELAYED,0.6,0.65
TR01813,UA4057,LOC061,LOC018,2026-04-17T20:47:40,2026-04-17T21:34:40,2026-04-18T04:35:48.780759,2026-04-18T05:22:48.780759,47,DELAYED,0.29,0.01
TR01814,UA3344,LOC013,LOC068,2025-01-12T12:47:32,2025-01-12T12:47:32,2025-01-12T15:08:28.828765,2025-01-12T15:08:28.828765,0,IN_TRANSIT,0.12,0.39
TR01815,UA3943,LOC024,LOC068,2024-06-27T14:58:07,2024-06-27T17:15:07,2024-06-27T16:32:49.458071,2024-06-27T18:49:49.458071,137,DELAYED,0.82,0.46
TR01816,UA6290,LOC052,LOC061,2026-03-11T11:47:17,2026-03-11T11:47:17,2026-03-11T19:02:35.925871,2026-03-11T19:02:35.925871,0,ON_TIME,0.16,0.33
TR01817,UA3428,LOC036,LOC050,2024-10-02T07:06:50,2024-10-02T11:49:50,2024-10-02T08:40:10.142873,2024-10-02T13:23:10.142873,283,DELAYED,0.38,0.81
TR01818,UA7249,LOC008,LOC017,2026-04-24T07:35:12,2026-04-25T02:43:12,2026-04-24T08:39:18.632289,2026-04-25T03:47:18.632289,1148,CANCELLED,0.88,0.94
TR01819,UA3841,LOC072,LOC016,2025-05-09T16:21:52,2025-05-09T20:54:52,2025-05-09T19:58:58.583437,2025-05-10T00:31:58.583437,273,DELAYED,0.74,0.93
TR01820,UA427,LOC016,LOC008,2025-09-26T11:11:38,2025-09-26T11:11:38,2025-09-26T17:29:43.705458,2025-09-26T17:29:43.705458,0,IN_TRANSIT,0.28,0.22
TR01821,UA6820,LOC061,LOC035,2024-02-15T07:03:00,2024-02-15T07:03:00,2024-02-15T11:29:13.217670,2024-02-15T11:29:13.217670,0,COMPLETED,0.1,0.96
TR01822,UA3988,LOC036,LOC017,2025-06-09T19:07:25,2025-06-09T19:07:25,2025-06-10T02:55:11.038797,2025-06-10T02:55:11.038797,0,BOARDING,0.24,0.61
TR01823,UA7460,LOC014,LOC061,2024-12-21T14:19:10,2024-12-21T16:08:10,2024-12-21T19:41:32.639076,2024-12-21T21:30:32.639076,109,DELAYED,0.02,0.77
TR01824,UA8639,LOC024,LOC008,2026-06-08T05:33:51,2026-06-08T08:21:51,2026-06-08T09:24:24.903623,2026-06-08T12:12:24.903623,168,DELAYED,0.77,0.63
TR01825,UA3104,LOC022,LOC024,2025-11-29T11:54:57,2025-11-29T11:54:57,2025-11-29T13:59:26.166513,2025-11-29T13:59:26.166513,0,IN_TRANSIT,0.46,0.94
TR01826,UA9259,LOC065,LOC008,2024-02-05T14:28:13,2024-02-05T14:28:13,2024-02-05T15:50:50.090163,2024-02-05T15:50:50.090163,0,COMPLETED,0.23,0.0
TR01827,UA8423,LOC068,LOC061,2026-02-04T13:53:17,2026-02-04T14:52:17,2026-02-04T21:28:18.108828,2026-02-04T22:27:18.108828,59,DELAYED,0.84,0.64
TR01828,UA1168,LOC019,LOC024,2026-04-26T00:05:54,2026-04-26T03:50:54,2026-04-26T06:03:27.559633,2026-04-26T09:48:27.559633,225,DELAYED,0.83,0.78
TR01829,UA5121,LOC012,LOC050,2025-10-27T22:41:30,2025-10-28T01:50:30,2025-10-28T00:47:29.849591,2025-10-28T03:56:29.849591,189,DELAYED,0.43,0.93
TR01830,UA4029,LOC058,LOC050,2025-09-17T16:46:43,2025-09-17T16:46:43,2025-09-17T23:38:30.609821,2025-09-17T23:38:30.609821,0,COMPLETED,0.69,0.33
TR01831,UA8374,LOC019,LOC013,2024-07-03T20:27:13,2024-07-04T00:23:13,2024-07-04T01:45:20.730849,2024-07-04T05:41:20.730849,236,DELAYED,0.8,0.67
TR01832,UA4920,LOC028,LOC050,2025-12-05T14:27:14,2025-12-05T17:46:14,2025-12-05T19:50:02.634356,2025-12-05T23:09:02.634356,199,DELAYED,0.59,0.32
TR01833,UA8354,LOC016,LOC072,2026-01-13T01:06:31,2026-01-13T19:25:31,2026-01-13T02:48:23.929049,2026-01-13T21:07:23.929049,1099,CANCELLED,0.96,0.91
TR01834,UA8044,LOC013,LOC061,2024-04-04T21:33:39,2024-04-04T21:33:39,2024-04-05T05:01:18.146189,2024-04-05T05:01:18.146189,0,ON_TIME,0.71,0.24
TR01835,UA9495,LOC012,LOC036,2025-09-17T12:13:41,2025-09-17T15:33:41,2025-09-17T14:13:21.256198,2025-09-17T17:33:21.256198,200,DELAYED,0.22,0.4
TR01836,UA7828,LOC017,LOC016,2026-02-10T05:32:04,2026-02-10T05:32:04,2026-02-10T13:30:41.318275,2026-02-10T13:30:41.318275,0,BOARDING,0.02,0.34
TR01837,UA6025,LOC014,LOC024,2025-01-01T12:51:01,2025-01-01T12:51:01,2025-01-01T16:56:00.712985,2025-01-01T16:56:00.712985,0,IN_TRANSIT,0.44,0.2
TR01838,UA5516,LOC014,LOC013,2025-09-21T06:39:06,2025-09-21T06:39:06,2025-09-21T09:51:33.226053,2025-09-21T09:51:33.226053,0,ON_TIME,0.09,0.28
TR01839,UA5908,LOC035,LOC072,2026-03-16T02:46:51,2026-03-16T04:35:51,2026-03-16T10:02:09.741384,2026-03-16T11:51:09.741384,109,DELAYED,0.99,0.78
TR01840,UA9615,LOC061,LOC038,2024-08-15T15:33:45,2024-08-15T15:33:45,2024-08-15T17:00:50.387662,2024-08-15T17:00:50.387662,0,BOARDING,0.18,0.92
TR01841,UA5329,LOC052,LOC038,2024-01-25T00:27:31,2024-01-25T00:27:31,2024-01-25T07:53:13.556411,2024-01-25T07:53:13.556411,0,BOARDING,0.62,0.16
TR01842,UA1825,LOC016,LOC022,2025-07-21T03:24:14,2025-07-21T12:56:14,2025-07-21T05:30:38.495238,2025-07-21T15:02:38.495238,572,CANCELLED,0.83,0.89
TR01843,UA5550,LOC072,LOC024,2024-01-04T11:56:26,2024-01-04T15:25:26,2024-01-04T17:33:32.662054,2024-01-04T21:02:32.662054,209,DELAYED,0.61,0.09
TR01844,UA923,LOC016,LOC013,2025-08-07T06:39:06,2025-08-07T06:39:06,2025-08-07T11:06:21.870481,2025-08-07T11:06:21.870481,0,IN_TRANSIT,0.77,0.46
TR01845,UA242,LOC052,LOC065,2026-04-19T19:47:55,2026-04-19T19:47:55,2026-04-20T03:33:49.055913,2026-04-20T03:33:49.055913,0,COMPLETED,0.62,0.69
TR01846,UA2103,LOC022,LOC055,2024-08-11T02:53:42,2024-08-11T06:39:42,2024-08-11T06:41:16.622876,2024-08-11T10:27:16.622876,226,DELAYED,0.18,0.77
TR01847,UA3189,LOC016,LOC022,2024-05-11T00:53:21,2024-05-11T00:53:21,2024-05-11T06:36:47.434126,2024-05-11T06:36:47.434126,0,ON_TIME,0.44,0.03
TR01848,UA4594,LOC055,LOC024,2024-09-22T13:06:54,2024-09-22T13:06:54,2024-09-22T14:13:53.410172,2024-09-22T14:13:53.410172,0,IN_TRANSIT,0.04,0.12
TR01849,UA9067,LOC012,LOC072,2024-10-07T07:37:31,2024-10-07T12:36:31,2024-10-07T10:46:07.727727,2024-10-07T15:45:07.727727,299,DELAYED,0.49,0.22
TR01850,UA6716,LOC068,LOC012,2024-12-13T19:54:11,2024-12-13T19:54:11,2024-12-14T01:31:40.114426,2024-12-14T01:31:40.114426,0,BOARDING,0.45,0.2
TR01851,UA2446,LOC012,LOC024,2025-06-26T14:59:24,2025-06-26T14:59:24,2025-06-26T22:51:21.140368,2025-06-26T22:51:21.140368,0,ON_TIME,1.0,0.98
TR01852,UA6605,LOC036,LOC008,2025-05-24T08:38:51,2025-05-24T11:02:51,2025-05-24T11:34:40.423482,2025-05-24T13:58:40.423482,144,DELAYED,0.01,1.0
TR01853,UA9474,LOC013,LOC028,2024-09-04T08:02:44,2024-09-04T08:02:44,2024-09-04T10:33:16.531682,2024-09-04T10:33:16.531682,0,BOARDING,0.06,0.93
TR01854,UA8131,LOC014,LOC036,2024-05-13T21:21:48,2024-05-13T23:40:48,2024-05-13T23:41:27.549821,2024-05-14T02:00:27.549821,139,DELAYED,0.75,0.45
TR01855,UA3981,LOC012,LOC035,2025-09-03T01:24:11,2025-09-03T01:24:11,2025-09-03T04:45:46.660156,2025-09-03T04:45:46.660156,0,BOARDING,0.48,0.47
TR01856,UA2767,LOC019,LOC072,2025-07-22T14:58:44,2025-07-22T16:11:44,2025-07-22T19:54:39.174108,2025-07-22T21:07:39.174108,73,DELAYED,0.72,0.42
TR01857,UA3516,LOC068,LOC055,2024-01-24T00:58:57,2024-01-24T02:19:57,2024-01-24T05:36:04.660660,2024-01-24T06:57:04.660660,81,DELAYED,0.45,0.96
TR01858,UA3442,LOC008,LOC038,2025-06-04T11:36:26,2025-06-04T16:12:26,2025-06-04T18:47:54.695094,2025-06-04T23:23:54.695094,276,DELAYED,0.53,0.86
TR01859,UA9044,LOC055,LOC072,2026-04-17T10:09:17,2026-04-17T10:09:17,2026-04-17T12:51:11.720519,2026-04-17T12:51:11.720519,0,IN_TRANSIT,0.94,0.06
TR01860,UA2152,LOC012,LOC055,2025-11-25T19:53:37,2025-11-25T19:53:37,2025-11-25T23:54:26.530870,2025-11-25T23:54:26.530870,0,IN_TRANSIT,0.17,0.7
TR01861,UA680,LOC055,LOC019,2024-06-11T22:59:22,2024-06-12T03:25:22,2024-06-12T02:48:43.655603,2024-06-12T07:14:43.655603,266,DELAYED,0.6,0.87
TR01862,UA3218,LOC019,LOC068,2025-02-15T12:30:31,2025-02-15T12:30:31,2025-02-15T15:27:33.617429,2025-02-15T15:27:33.617429,0,BOARDING,0.34,0.51
TR01863,UA2778,LOC055,LOC052,2025-09-21T01:03:33,2025-09-21T05:38:33,2025-09-21T05:30:56.080491,2025-09-21T10:05:56.080491,275,DELAYED,0.47,0.7
TR01864,UA2481,LOC018,LOC068,2026-06-03T13:57:22,2026-06-03T13:57:22,2026-06-03T19:32:11.230102,2026-06-03T19:32:11.230102,0,BOARDING,0.26,0.49
TR01865,UA1295,LOC018,LOC035,2024-08-21T13:06:02,2024-08-21T14:57:02,2024-08-21T18:07:54.170892,2024-08-21T19:58:54.170892,111,DELAYED,0.72,0.3
TR01866,UA2724,LOC008,LOC024,2024-04-23T04:29:55,2024-04-23T04:29:55,2024-04-23T06:20:24.587269,2024-04-23T06:20:24.587269,0,ON_TIME,0.44,0.1
TR01867,UA9825,LOC035,LOC052,2026-03-23T04:47:35,2026-03-23T08:30:35,2026-03-23T10:21:31.257516,2026-03-23T14:04:31.257516,223,DELAYED,0.76,0.84
TR01868,UA2974,LOC072,LOC012,2024-09-27T15:11:45,2024-09-27T15:11:45,2024-09-27T16:21:02.063724,2024-09-27T16:21:02.063724,0,ON_TIME,0.82,0.15
TR01869,UA9117,LOC052,LOC013,2024-04-23T00:26:19,2024-04-23T23:55:19,2024-04-23T07:05:00.015876,2024-04-24T06:34:00.015876,1409,CANCELLED,0.16,0.51
TR01870,UA8552,LOC035,LOC038,2026-06-05T10:11:27,2026-06-05T12:02:27,2026-06-05T14:00:36.708786,2026-06-05T15:51:36.708786,111,DELAYED,0.82,1.0
TR01871,UA8874,LOC058,LOC022,2024-08-03T12:45:16,2024-08-03T14:32:16,2024-08-03T20:41:56.100599,2024-08-03T22:28:56.100599,107,DELAYED,0.81,0.16
TR01872,UA808,LOC068,LOC065,2025-05-23T14:04:43,2025-05-23T15:51:43,2025-05-23T18:21:04.241973,2025-05-23T20:08:04.241973,107,DELAYED,0.44,0.97
TR01873,UA8991,LOC018,LOC014,2026-06-01T03:37:03,2026-06-01T05:53:03,2026-06-01T05:47:36.304098,2026-06-01T08:03:36.304098,136,DELAYED,0.58,0.57
TR01874,UA7891,LOC017,LOC031,2025-09-10T03:55:19,2025-09-10T03:55:19,2025-09-10T11:32:05.973005,2025-09-10T11:32:05.973005,0,BOARDING,0.2,0.05
TR01875,UA1601,LOC016,LOC068,2025-12-10T11:58:08,2025-12-10T16:52:08,2025-12-10T14:52:25.665683,2025-12-10T19:46:25.665683,294,DELAYED,0.76,0.8
TR01876,UA1979,LOC012,LOC065,2024-03-02T06:14:11,2024-03-02T07:11:11,2024-03-02T07:35:09.916645,2024-03-02T08:32:09.916645,57,DELAYED,0.92,0.73
TR01877,UA6500,LOC017,LOC013,2026-05-16T02:05:28,2026-05-16T04:23:28,2026-05-16T04:58:29.715258,2026-05-16T07:16:29.715258,138,DELAYED,0.27,0.89
TR01878,UA3262,LOC036,LOC058,2026-04-09T22:38:16,2026-04-10T08:11:16,2026-04-10T06:02:58.460735,2026-04-10T15:35:58.460735,573,CANCELLED,0.24,0.84
TR01879,UA5776,LOC058,LOC028,2025-02-21T03:03:26,2025-02-21T07:57:26,2025-02-21T06:08:07.717080,2025-02-21T11:02:07.717080,294,DELAYED,0.92,0.31
TR01880,UA3998,LOC028,LOC050,2024-12-31T09:36:24,2024-12-31T12:19:24,2024-12-31T17:03:06.138926,2024-12-31T19:46:06.138926,163,DELAYED,0.23,0.51
TR01881,UA8005,LOC017,LOC019,2025-10-29T22:06:38,2025-10-30T00:44:38,2025-10-29T23:32:18.051812,2025-10-30T02:10:18.051812,158,DELAYED,0.92,0.84
TR01882,UA3110,LOC036,LOC013,2026-04-21T17:55:01,2026-04-21T17:55:01,2026-04-22T00:31:32.912973,2026-04-22T00:31:32.912973,0,BOARDING,0.29,0.0
TR01883,UA9169,LOC068,LOC038,2025-03-24T15:23:48,2025-03-24T17:42:48,2025-03-24T20:00:35.507932,2025-03-24T22:19:35.507932,139,DELAYED,0.22,0.17
TR01884,UA5197,LOC035,LOC036,2026-04-29T07:25:36,2026-04-29T07:25:36,2026-04-29T15:17:48.740945,2026-04-29T15:17:48.740945,0,COMPLETED,0.16,0.21
TR01885,UA679,LOC016,LOC028,2024-01-26T02:43:21,2024-01-26T02:43:21,2024-01-26T05:50:57.612991,2024-01-26T05:50:57.612991,0,IN_TRANSIT,0.32,0.66
TR01886,UA8827,LOC065,LOC022,2024-09-02T23:13:47,2024-09-03T00:31:47,2024-09-03T06:35:16.719493,2024-09-03T07:53:16.719493,78,DELAYED,0.55,0.4
TR01887,UA2358,LOC019,LOC065,2024-07-16T02:12:30,2024-07-16T02:12:30,2024-07-16T07:37:17.179055,2024-07-16T07:37:17.179055,0,COMPLETED,0.43,0.11
TR01888,UA1277,LOC072,LOC050,2024-02-28T16:50:37,2024-02-28T16:50:37,2024-02-29T00:34:22.904381,2024-02-29T00:34:22.904381,0,COMPLETED,0.45,0.36
TR01889,UA3265,LOC058,LOC068,2025-05-29T00:09:41,2025-05-29T04:44:41,2025-05-29T04:41:15.621552,2025-05-29T09:16:15.621552,275,DELAYED,0.95,0.48
TR01890,UA4959,LOC068,LOC019,2024-02-22T16:17:41,2024-02-22T20:31:41,2024-02-22T18:46:27.794690,2024-02-22T23:00:27.794690,254,DELAYED,0.62,0.67
TR01891,UA340,LOC022,LOC024,2024-12-22T23:31:48,2024-12-23T01:21:48,2024-12-23T07:26:10.674547,2024-12-23T09:16:10.674547,110,DELAYED,0.47,0.67
TR01892,UA3948,LOC016,LOC019,2026-04-22T09:45:01,2026-04-22T09:45:01,2026-04-22T17:40:32.928732,2026-04-22T17:40:32.928732,0,COMPLETED,0.4,0.42
TR01893,UA850,LOC052,LOC065,2025-11-03T21:02:05,2025-11-03T21:02:05,2025-11-03T23:07:18.063203,2025-11-03T23:07:18.063203,0,IN_TRANSIT,0.35,0.46
TR01894,UA781,LOC016,LOC065,2025-01-24T13:25:54,2025-01-24T13:25:54,2025-01-24T18:29:36.692766,2025-01-24T18:29:36.692766,0,ON_TIME,0.04,0.83
TR01895,UA7091,LOC055,LOC038,2026-02-27T03:47:51,2026-02-27T05:37:51,2026-02-27T09:03:35.302682,2026-02-27T10:53:35.302682,110,DELAYED,0.86,0.02
TR01896,UA2459,LOC058,LOC031,2025-03-29T09:36:47,2025-03-29T09:36:47,2025-03-29T15:54:24.306275,2025-03-29T15:54:24.306275,0,BOARDING,0.0,0.42
TR01897,UA5703,LOC022,LOC065,2024-07-20T22:18:37,2024-07-20T22:18:37,2024-07-21T04:51:03.836379,2024-07-21T04:51:03.836379,0,COMPLETED,0.07,0.19
TR01898,UA8527,LOC050,LOC072,2025-04-08T03:21:46,2025-04-08T14:07:46,2025-04-08T09:43:31.808046,2025-04-08T20:29:31.808046,646,CANCELLED,0.09,0.58
TR01899,UA2668,LOC017,LOC072,2025-06-08T15:08:59,2025-06-08T19:39:59,2025-06-08T22:18:20.732237,2025-06-09T02:49:20.732237,271,DELAYED,0.51,0.86
TR01900,UA597,LOC016,LOC035,2026-03-06T16:24:36,2026-03-06T16:24:36,2026-03-06T22:39:11.579202,2026-03-06T22:39:11.579202,0,COMPLETED,0.57,0.61
TR01901,UA8138,LOC036,LOC022,2026-05-09T21:29:57,2026-05-10T00:25:57,2026-05-09T22:48:38.340077,2026-05-10T01:44:38.340077,176,DELAYED,0.65,0.43
TR01902,UA3955,LOC055,LOC031,2024-04-12T13:18:07,2024-04-12T16:02:07,2024-04-12T14:31:48.234468,2024-04-12T17:15:48.234468,164,DELAYED,0.82,0.97
TR01903,UA2565,LOC031,LOC065,2024-05-10T12:16:25,2024-05-10T12:16:25,2024-05-10T16:07:50.751143,2024-05-10T16:07:50.751143,0,IN_TRANSIT,0.97,0.2
TR01904,UA8732,LOC038,LOC016,2025-03-16T12:06:15,2025-03-16T13:03:15,2025-03-16T14:59:56.150394,2025-03-16T15:56:56.150394,57,DELAYED,0.16,0.97
TR01905,UA9958,LOC035,LOC072,2025-06-22T16:52:19,2025-06-22T16:52:19,2025-06-22T19:31:07.100038,2025-06-22T19:31:07.100038,0,IN_TRANSIT,0.77,0.34
TR01906,UA2590,LOC072,LOC016,2025-12-02T22:41:53,2025-12-02T22:41:53,2025-12-03T01:24:29.362077,2025-12-03T01:24:29.362077,0,IN_TRANSIT,0.38,0.18
TR01907,UA3391,LOC008,LOC018,2026-04-27T16:53:12,2026-04-27T19:17:12,2026-04-27T21:38:31.792764,2026-04-28T00:02:31.792764,144,DELAYED,0.25,0.99
TR01908,UA1323,LOC035,LOC012,2026-02-27T10:16:21,2026-02-27T12:52:21,2026-02-27T14:55:26.547390,2026-02-27T17:31:26.547390,156,DELAYED,0.93,0.74
TR01909,UA2748,LOC017,LOC036,2025-12-12T07:12:24,2025-12-12T07:12:24,2025-12-12T15:11:20.158392,2025-12-12T15:11:20.158392,0,IN_TRANSIT,0.09,0.77
TR01910,UA122,LOC018,LOC008,2024-02-25T14:42:04,2024-02-25T14:42:04,2024-02-25T18:32:53.076801,2024-02-25T18:32:53.076801,0,BOARDING,0.24,0.96
TR01911,UA5567,LOC019,LOC012,2025-11-16T16:47:31,2025-11-16T21:09:31,2025-11-17T00:04:46.050152,2025-11-17T04:26:46.050152,262,DELAYED,0.0,0.89
TR01912,UA8636,LOC072,LOC008,2024-05-22T09:32:43,2024-05-22T10:08:43,2024-05-22T17:11:15.141175,2024-05-22T17:47:15.141175,36,DELAYED,0.65,0.97
TR01913,UA2474,LOC019,LOC017,2025-07-08T11:36:29,2025-07-08T14:11:29,2025-07-08T15:43:10.139861,2025-07-08T18:18:10.139861,155,DELAYED,0.6,0.04
TR01914,UA3370,LOC036,LOC065,2024-10-05T03:10:50,2024-10-05T03:10:50,2024-10-05T07:33:57.834764,2024-10-05T07:33:57.834764,0,IN_TRANSIT,0.55,0.26
TR01915,UA6871,LOC017,LOC008,2024-12-31T11:54:30,2024-12-31T11:54:30,2024-12-31T17:53:04.667163,2024-12-31T17:53:04.667163,0,COMPLETED,0.13,0.68
TR01916,UA5220,LOC068,LOC031,2026-04-25T00:37:50,2026-04-25T00:37:50,2026-04-25T07:10:19.656676,2026-04-25T07:10:19.656676,0,IN_TRANSIT,0.85,0.57
TR01917,UA4661,LOC019,LOC008,2025-09-15T22:43:17,2025-09-15T22:43:17,2025-09-16T01:13:31.286783,2025-09-16T01:13:31.286783,0,BOARDING,0.14,0.4
TR01918,UA9962,LOC031,LOC024,2025-11-26T06:57:39,2025-11-26T09:56:39,2025-11-26T10:28:37.823133,2025-11-26T13:27:37.823133,179,DELAYED,0.45,0.84
TR01919,UA1557,LOC024,LOC016,2025-08-29T14:45:10,2025-08-29T14:45:10,2025-08-29T18:16:00.844348,2025-08-29T18:16:00.844348,0,ON_TIME,0.49,0.7
TR01920,UA7943,LOC072,LOC019,2026-01-11T22:16:19,2026-01-11T22:16:19,2026-01-12T04:00:19.069866,2026-01-12T04:00:19.069866,0,IN_TRANSIT,0.45,0.87
TR01921,UA459,LOC052,LOC012,2024-10-31T10:59:24,2024-10-31T12:32:24,2024-10-31T15:13:07.458850,2024-10-31T16:46:07.458850,93,DELAYED,0.67,0.81
TR01922,UA6600,LOC052,LOC035,2026-04-17T17:26:47,2026-04-18T06:56:47,2026-04-17T19:57:05.099105,2026-04-18T09:27:05.099105,810,CANCELLED,0.08,0.58
TR01923,UA6197,LOC014,LOC028,2024-10-17T02:57:22,2024-10-17T02:57:22,2024-10-17T05:25:07.316765,2024-10-17T05:25:07.316765,0,ON_TIME,0.61,0.53
TR01924,UA1960,LOC065,LOC008,2024-02-10T17:28:25,2024-02-11T10:21:25,2024-02-10T22:41:05.061115,2024-02-11T15:34:05.061115,1013,CANCELLED,0.31,0.9
TR01925,UA3260,LOC018,LOC061,2025-12-03T04:01:14,2025-12-03T04:01:14,2025-12-03T08:10:45.737072,2025-12-03T08:10:45.737072,0,ON_TIME,0.43,0.86
TR01926,UA8290,LOC008,LOC036,2025-03-03T01:00:59,2025-03-03T01:00:59,2025-03-03T06:17:03.912597,2025-03-03T06:17:03.912597,0,IN_TRANSIT,0.39,0.45
TR01927,UA4076,LOC035,LOC031,2025-08-14T00:08:25,2025-08-14T00:08:25,2025-08-14T02:27:19.738373,2025-08-14T02:27:19.738373,0,IN_TRANSIT,0.11,0.26
TR01928,UA3849,LOC036,LOC012,2024-05-01T03:44:49,2024-05-01T03:44:49,2024-05-01T06:20:57.228887,2024-05-01T06:20:57.228887,0,COMPLETED,0.47,0.6
TR01929,UA1431,LOC028,LOC065,2024-04-08T14:44:47,2024-04-08T14:44:47,2024-04-08T22:41:32.444168,2024-04-08T22:41:32.444168,0,ON_TIME,0.23,0.73
TR01930,UA3084,LOC055,LOC017,2025-12-17T18:27:41,2025-12-17T18:27:41,2025-12-18T01:44:05.116324,2025-12-18T01:44:05.116324,0,ON_TIME,0.45,0.64
TR01931,UA2718,LOC036,LOC018,2026-02-07T19:08:39,2026-02-07T19:08:39,2026-02-07T23:23:57.803563,2026-02-07T23:23:57.803563,0,BOARDING,0.96,0.36
TR01932,UA3067,LOC008,LOC035,2026-04-06T17:45:13,2026-04-06T22:37:13,2026-04-06T20:38:41.476735,2026-04-07T01:30:41.476735,292,DELAYED,0.09,0.96
TR01933,UA9498,LOC017,LOC035,2026-02-04T00:39:22,2026-02-04T04:13:22,2026-02-04T07:06:01.016679,2026-02-04T10:40:01.016679,214,DELAYED,0.16,0.53
TR01934,UA4262,LOC012,LOC058,2025-08-20T06:14:40,2025-08-20T06:14:40,2025-08-20T10:51:34.487082,2025-08-20T10:51:34.487082,0,BOARDING,0.15,0.7
TR01935,UA3906,LOC052,LOC008,2026-04-21T22:21:32,2026-04-21T22:21:32,2026-04-22T02:54:26.007785,2026-04-22T02:54:26.007785,0,IN_TRANSIT,0.5,0.43
TR01936,UA5167,LOC052,LOC013,2024-08-20T21:18:49,2024-08-20T21:18:49,2024-08-20T23:54:44.886522,2024-08-20T23:54:44.886522,0,BOARDING,0.13,0.22
TR01937,UA5095,LOC022,LOC031,2026-06-11T14:22:27,2026-06-11T14:22:27,2026-06-11T21:28:31.622937,2026-06-11T21:28:31.622937,0,IN_TRANSIT,0.36,0.32
TR01938,UA1039,LOC012,LOC017,2025-11-09T00:34:43,2025-11-09T05:18:43,2025-11-09T07:59:35.753289,2025-11-09T12:43:35.753289,284,DELAYED,0.98,0.75
TR01939,UA6050,LOC024,LOC017,2026-02-24T17:47:44,2026-02-24T17:47:44,2026-02-25T00:41:07.309002,2026-02-25T00:41:07.309002,0,COMPLETED,0.05,0.93
TR01940,UA4371,LOC014,LOC016,2026-02-11T09:55:54,2026-02-11T09:55:54,2026-02-11T12:11:16.817090,2026-02-11T12:11:16.817090,0,BOARDING,0.38,0.3
TR01941,UA5332,LOC031,LOC061,2024-08-27T02:22:44,2024-08-27T02:22:44,2024-08-27T06:16:34.376941,2024-08-27T06:16:34.376941,0,BOARDING,0.12,0.15
TR01942,UA3964,LOC028,LOC061,2024-07-20T03:38:40,2024-07-20T03:38:40,2024-07-20T09:12:02.303472,2024-07-20T09:12:02.303472,0,ON_TIME,0.82,0.2
TR01943,UA5080,LOC065,LOC028,2025-05-12T06:47:59,2025-05-12T15:35:59,2025-05-12T13:12:37.300175,2025-05-12T22:00:37.300175,528,CANCELLED,0.59,0.86
TR01944,UA4821,LOC022,LOC052,2026-03-12T18:13:52,2026-03-12T18:13:52,2026-03-12T22:29:56.026156,2026-03-12T22:29:56.026156,0,IN_TRANSIT,0.48,0.12
TR01945,UA3129,LOC068,LOC035,2026-06-15T00:49:19,2026-06-15T00:49:19,2026-06-15T04:02:14.576081,2026-06-15T04:02:14.576081,0,BOARDING,0.14,0.11
TR01946,UA5121,LOC036,LOC012,2024-10-31T17:08:08,2024-10-31T20:04:08,2024-10-31T19:20:27.290424,2024-10-31T22:16:27.290424,176,DELAYED,0.2,0.58
TR01947,UA7114,LOC035,LOC014,2026-02-06T06:11:36,2026-02-06T06:11:36,2026-02-06T09:02:27.583536,2026-02-06T09:02:27.583536,0,BOARDING,0.45,0.88
TR01948,UA357,LOC050,LOC036,2024-02-29T07:27:02,2024-02-29T07:27:02,2024-02-29T10:09:39.790122,2024-02-29T10:09:39.790122,0,BOARDING,0.1,0.2
TR01949,UA4772,LOC024,LOC013,2026-04-06T15:38:31,2026-04-06T18:49:31,2026-04-06T21:32:06.933571,2026-04-07T00:43:06.933571,191,DELAYED,0.63,0.46
TR01950,UA2221,LOC008,LOC014,2025-05-09T09:21:49,2025-05-09T14:13:49,2025-05-09T16:41:36.796122,2025-05-09T21:33:36.796122,292,DELAYED,0.85,0.33
TR01951,UA8344,LOC065,LOC052,2026-03-25T14:33:20,2026-03-25T14:33:20,2026-03-25T16:18:05.773101,2026-03-25T16:18:05.773101,0,BOARDING,0.43,0.01
TR01952,UA9194,LOC072,LOC024,2024-01-02T00:24:22,2024-01-02T00:56:22,2024-01-02T06:12:33.942076,2024-01-02T06:44:33.942076,32,DELAYED,0.13,0.79
TR01953,UA737,LOC017,LOC055,2025-09-11T04:38:54,2025-09-11T06:04:54,2025-09-11T07:07:11.242736,2025-09-11T08:33:11.242736,86,DELAYED,0.6,0.9
TR01954,UA9026,LOC052,LOC019,2024-10-16T07:25:31,2024-10-16T07:25:31,2024-10-16T12:50:21.467239,2024-10-16T12:50:21.467239,0,BOARDING,0.82,0.65
TR01955,UA9693,LOC058,LOC012,2025-01-03T21:57:24,2025-01-03T22:42:24,2025-01-04T04:51:48.167853,2025-01-04T05:36:48.167853,45,DELAYED,0.23,0.84
TR01956,UA8660,LOC050,LOC065,2025-07-26T17:25:15,2025-07-26T20:26:15,2025-07-26T23:18:56.010922,2025-07-27T02:19:56.010922,181,DELAYED,0.04,0.46
TR01957,UA9110,LOC028,LOC038,2024-03-21T13:55:44,2024-03-21T13:55:44,2024-03-21T16:33:30.355252,2024-03-21T16:33:30.355252,0,IN_TRANSIT,0.11,0.12
TR01958,UA675,LOC072,LOC028,2025-02-22T09:14:46,2025-02-22T09:14:46,2025-02-22T13:37:22.561245,2025-02-22T13:37:22.561245,0,IN_TRANSIT,0.68,0.67
TR01959,UA1436,LOC065,LOC055,2024-02-16T10:40:08,2024-02-16T10:40:08,2024-02-16T18:02:10.511365,2024-02-16T18:02:10.511365,0,IN_TRANSIT,0.28,0.89
TR01960,UA5638,LOC050,LOC035,2025-07-13T19:05:33,2025-07-13T19:05:33,2025-07-14T00:40:22.134322,2025-07-14T00:40:22.134322,0,COMPLETED,0.64,0.85
TR01961,UA2786,LOC065,LOC035,2025-08-29T02:00:41,2025-08-29T02:00:41,2025-08-29T03:27:37.393488,2025-08-29T03:27:37.393488,0,ON_TIME,0.02,0.92
TR01962,UA8191,LOC052,LOC028,2025-08-14T18:26:32,2025-08-14T19:54:32,2025-08-15T00:47:52.017306,2025-08-15T02:15:52.017306,88,DELAYED,0.14,0.94
TR01963,UA1443,LOC035,LOC014,2025-05-30T13:16:07,2025-05-30T13:16:07,2025-05-30T14:17:24.243388,2025-05-30T14:17:24.243388,0,ON_TIME,0.91,0.67
TR01964,UA2486,LOC016,LOC022,2025-12-10T08:36:12,2025-12-10T08:36:12,2025-12-10T13:32:45.185233,2025-12-10T13:32:45.185233,0,ON_TIME,0.97,0.72
TR01965,UA3573,LOC012,LOC035,2026-06-03T05:04:16,2026-06-03T05:04:16,2026-06-03T10:32:58.845412,2026-06-03T10:32:58.845412,0,ON_TIME,0.84,0.96
TR01966,UA4891,LOC028,LOC018,2024-02-29T12:30:59,2024-02-29T12:30:59,2024-02-29T13:44:50.668164,2024-02-29T13:44:50.668164,0,COMPLETED,0.35,0.54
TR01967,UA4336,LOC018,LOC022,2024-02-17T14:07:24,2024-02-17T15:19:24,2024-02-17T19:18:57.986188,2024-02-17T20:30:57.986188,72,DELAYED,0.18,0.72
TR01968,UA9021,LOC017,LOC068,2024-07-12T21:49:52,2024-07-13T02:38:52,2024-07-13T05:45:54.926129,2024-07-13T10:34:54.926129,289,DELAYED,0.46,0.99
TR01969,UA6937,LOC022,LOC055,2024-09-17T20:29:55,2024-09-17T20:29:55,2024-09-18T03:09:22.786961,2024-09-18T03:09:22.786961,0,IN_TRANSIT,0.08,0.24
TR01970,UA8385,LOC050,LOC072,2025-03-10T08:08:05,2025-03-10T10:43:05,2025-03-10T13:02:24.391284,2025-03-10T15:37:24.391284,155,DELAYED,0.59,0.48
TR01971,UA1475,LOC055,LOC013,2026-04-21T14:39:11,2026-04-21T14:39:11,2026-04-21T17:35:57.910080,2026-04-21T17:35:57.910080,0,ON_TIME,0.32,0.18
TR01972,UA510,LOC035,LOC016,2024-09-30T06:17:45,2024-09-30T09:20:45,2024-09-30T07:49:57.101089,2024-09-30T10:52:57.101089,183,DELAYED,0.6,0.22
TR01973,UA6509,LOC052,LOC035,2025-06-16T06:13:39,2025-06-16T06:13:39,2025-06-16T10:47:01.627671,2025-06-16T10:47:01.627671,0,IN_TRANSIT,0.27,0.39
TR01974,UA4586,LOC028,LOC019,2025-08-04T19:27:52,2025-08-04T23:38:52,2025-08-04T21:53:01.427790,2025-08-05T02:04:01.427790,251,DELAYED,0.01,0.21
TR01975,UA470,LOC016,LOC024,2025-02-20T19:47:08,2025-02-20T19:47:08,2025-02-20T23:25:08.473569,2025-02-20T23:25:08.473569,0,ON_TIME,0.87,0.02
TR01976,UA7974,LOC024,LOC038,2025-01-25T05:37:43,2025-01-25T06:54:43,2025-01-25T08:39:37.911546,2025-01-25T09:56:37.911546,77,DELAYED,0.46,0.17
TR01977,UA5532,LOC065,LOC024,2024-10-10T14:10:56,2024-10-10T14:10:56,2024-10-10T17:08:03.373863,2024-10-10T17:08:03.373863,0,COMPLETED,0.24,0.3
TR01978,UA9545,LOC008,LOC052,2026-03-24T08:39:32,2026-03-24T08:39:32,2026-03-24T11:08:45.629643,2026-03-24T11:08:45.629643,0,COMPLETED,0.12,0.57
TR01979,UA9566,LOC031,LOC035,2025-09-02T18:33:55,2025-09-02T18:33:55,2025-09-02T20:19:06.648365,2025-09-02T20:19:06.648365,0,COMPLETED,0.61,0.15
TR01980,UA2213,LOC019,LOC055,2025-12-16T15:36:43,2025-12-16T15:36:43,2025-12-16T19:32:32.488138,2025-12-16T19:32:32.488138,0,COMPLETED,0.52,0.42
TR01981,UA1945,LOC031,LOC013,2025-09-04T03:52:58,2025-09-04T07:16:58,2025-09-04T08:40:22.469991,2025-09-04T12:04:22.469991,204,DELAYED,0.21,0.43
TR01982,UA8400,LOC022,LOC017,2024-10-31T15:24:29,2024-10-31T17:36:29,2024-10-31T21:15:54.804642,2024-10-31T23:27:54.804642,132,DELAYED,0.07,0.88
TR01983,UA2113,LOC052,LOC012,2024-08-06T00:46:56,2024-08-06T00:46:56,2024-08-06T04:49:30.764589,2024-08-06T04:49:30.764589,0,BOARDING,0.36,0.13
TR01984,UA800,LOC018,LOC038,2025-07-02T09:32:12,2025-07-02T09:32:12,2025-07-02T11:09:15.720008,2025-07-02T11:09:15.720008,0,COMPLETED,0.04,0.01
TR01985,UA7396,LOC013,LOC024,2025-04-01T23:13:27,2025-04-02T00:52:27,2025-04-02T03:10:37.967987,2025-04-02T04:49:37.967987,99,DELAYED,0.66,0.32
TR01986,UA7417,LOC014,LOC024,2024-10-15T10:59:00,2024-10-15T10:59:00,2024-10-15T15:05:13.235961,2024-10-15T15:05:13.235961,0,ON_TIME,0.49,0.3
TR01987,UA7295,LOC055,LOC050,2025-01-18T02:50:19,2025-01-18T02:50:19,2025-01-18T04:07:09.205465,2025-01-18T04:07:09.205465,0,ON_TIME,0.13,0.16
TR01988,UA6896,LOC018,LOC050,2024-07-25T18:14:58,2024-07-25T19:39:58,2024-07-25T19:15:20.768962,2024-07-25T20:40:20.768962,85,DELAYED,0.3,0.19
TR01989,UA7654,LOC031,LOC072,2026-04-07T12:36:40,2026-04-07T14:34:40,2026-04-07T15:04:18.470710,2026-04-07T17:02:18.470710,118,DELAYED,0.68,0.39
TR01990,UA6409,LOC019,LOC016,2026-06-13T20:49:11,2026-06-13T20:49:11,2026-06-14T03:55:15.410533,2026-06-14T03:55:15.410533,0,BOARDING,0.36,0.13
TR01991,UA9465,LOC068,LOC036,2025-02-22T06:27:34,2025-02-22T08:13:34,2025-02-22T11:39:56.737961,2025-02-22T13:25:56.737961,106,DELAYED,0.52,0.3
TR01992,UA3912,LOC036,LOC017,2025-08-30T23:54:13,2025-08-31T02:31:13,2025-08-31T04:43:55.460350,2025-08-31T07:20:55.460350,157,DELAYED,0.36,0.53
TR01993,UA6345,LOC017,LOC052,2024-12-11T04:06:36,2024-12-11T05:40:36,2024-12-11T07:28:19.634208,2024-12-11T09:02:19.634208,94,DELAYED,0.79,0.13
TR01994,UA426,LOC028,LOC038,2024-10-29T06:00:49,2024-10-29T06:00:49,2024-10-29T13:43:37.464485,2024-10-29T13:43:37.464485,0,COMPLETED,0.42,0.79
TR01995,UA8149,LOC022,LOC017,2026-04-28T11:08:38,2026-04-28T14:47:38,2026-04-28T17:57:29.771524,2026-04-28T21:36:29.771524,219,DELAYED,0.55,0.57
TR01996,UA2131,LOC014,LOC017,2026-06-08T11:52:08,2026-06-08T16:05:08,2026-06-08T13:36:09.162925,2026-06-08T17:49:09.162925,253,DELAYED,0.83,0.93
TR01997,UA6071,LOC016,LOC031,2024-06-09T03:56:38,2024-06-09T03:56:38,2024-06-09T08:19:15.295407,2024-06-09T08:19:15.295407,0,ON_TIME,0.6,0.17
TR01998,UA1736,LOC028,LOC012,2025-06-12T11:03:21,2025-06-12T11:38:21,2025-06-12T15:51:05.112109,2025-06-12T16:26:05.112109,35,DELAYED,0.09,0.17
TR01999,UA1096,LOC012,LOC072,2025-09-20T23:48:20,2025-09-20T23:48:20,2025-09-21T03:28:12.079981,2025-09-21T03:28:12.079981,0,COMPLETED,0.22,0.46
TR02000,UA2307,LOC038,LOC022,2024-09-12T10:04:44,2024-09-12T12:29:44,2024-09-12T16:05:36.885726,2024-09-12T18:30:36.885726,145,DELAYED,0.72,0.06
