event_id,event_type,severity,latitude,longitude,affected_radius_km,start_time,end_time,temperature,precipitation,wind_speed,visibility,delay_multiplier,expected_delay_minutes
WE00001,Fog,HIGH,40.0494,-122.3314,395,2024-06-21T22:43:23,2024-06-23T01:52:29.331128,39.6,41.6,126.3,3.0,2.61,145
WE00002,Thunderstorm,MEDIUM,38.0466,-102.2455,172,2024-02-08T20:28:06,2024-02-11T16:30:10.381542,-19.3,160.2,28.1,0.9,1.94,66
WE00003,Thunderstorm,HIGH,47.9593,-110.6076,208,2025-03-03T05:50:10,2025-03-04T23:14:33.389456,31.6,198.2,161.0,0.0,2.16,220
WE00004,Extreme Heat,MEDIUM,38.8073,-80.001,289,2025-01-15T10:13:48,2025-01-18T02:00:46.118646,-14.8,38.2,164.3,7.6,1.86,73
WE00005,Extreme Wind,MEDIUM,39.8005,-84.7241,266,2024-12-12T17:53:58,2024-12-13T14:54:31.158735,19.1,135.9,76.3,0.6,1.95,61
WE00006,Tornado,MEDIUM,31.0903,-85.0225,218,2024-08-04T18:21:03,2024-08-05T15:09:24.405360,11.8,130.6,45.4,0.0,1.96,55
WE00007,Heavy Rain,HIGH,41.6773,-81.9987,429,2024-06-08T05:17:49,2024-06-09T12:17:47.575736,36.3,3.7,36.6,0.0,2.0,146
WE00008,Tornado,HIGH,35.0349,-111.4382,280,2026-04-27T04:44:17,2026-04-27T20:27:05.245428,-5.3,29.3,35.5,0.0,2.61,228
WE00009,Hurricane,CRITICAL,40.9468,-86.4943,708,2024-05-15T01:18:52,2024-05-15T16:03:56.827037,-16.8,180.8,141.8,0.0,3.01,271
WE00010,Heavy Rain,LOW,36.6997,-75.9731,56,2025-10-17T10:23:08,2025-10-19T00:04:19.293761,31.5,12.8,86.0,3.5,1.43,23
WE00011,Extreme Heat,HIGH,36.2415,-83.8525,354,2024-02-19T08:56:39,2024-02-19T18:42:51.855801,25.6,149.0,149.6,0.0,2.32,153
WE00012,Snowstorm,MEDIUM,35.9661,-84.4912,285,2024-02-16T06:55:15,2024-02-18T11:53:53.913654,-10.4,36.3,40.0,5.5,1.68,87
WE00013,Heavy Rain,MEDIUM,29.2296,-99.4655,123,2024-05-25T13:12:42,2024-05-26T22:36:16.155140,38.0,157.8,96.9,1.1,1.59,35
WE00014,Heavy Rain,MEDIUM,44.315,-93.5069,156,2024-12-05T15:24:52,2024-12-07T12:29:29.192612,11.7,109.9,195.8,0.0,1.56,77
WE00015,Tornado,MEDIUM,35.1056,-81.449,237,2024-12-27T10:13:36,2024-12-27T19:15:08.300013,21.7,160.0,137.7,0.0,1.99,78
WE00016,Extreme Heat,LOW,30.6197,-114.6001,145,2026-02-24T01:00:38,2026-02-26T08:48:26.378977,29.7,115.5,173.3,8.7,1.49,16
WE00017,Heavy Rain,MEDIUM,39.0748,-89.3655,278,2024-02-11T05:19:57,2024-02-11T17:19:31.349956,35.5,90.2,6.9,1.3,1.74,88
WE00018,Tornado,MEDIUM,29.8809,-80.9532,161,2026-05-21T20:43:57,2026-05-22T07:51:39.813910,-7.8,136.2,175.7,6.1,1.86,85
WE00019,Hurricane,LOW,30.3344,-81.6906,107,2024-11-04T21:12:17,2024-11-06T23:24:05.321509,11.3,81.7,148.5,3.5,1.07,28
WE00020,Snowstorm,MEDIUM,42.0208,-96.8212,291,2026-04-26T12:53:27,2026-04-28T17:15:09.491073,33.1,89.7,61.7,2.2,1.65,67
WE00021,Thunderstorm,MEDIUM,41.69,-74.9012,289,2025-10-13T16:49:57,2025-10-14T21:20:23.852921,41.6,171.0,162.0,4.2,1.62,57
WE00022,Thunderstorm,LOW,35.8737,-82.8737,109,2024-12-08T10:37:19,2024-12-10T11:11:12.184903,13.0,5.8,12.3,6.9,1.2,29
WE00023,Snowstorm,LOW,43.9956,-97.2095,100,2025-11-28T19:43:37,2025-12-01T08:36:00.811517,34.4,128.4,0.6,9.5,1.14,23
WE00024,Snowstorm,LOW,39.4266,-80.0408,61,2025-03-08T03:42:04,2025-03-09T15:57:12.609880,21.6,70.4,118.7,2.7,1.31,9
WE00025,Snowstorm,LOW,38.8953,-111.0092,70,2024-01-11T02:17:28,2024-01-13T11:36:25.002035,18.4,26.5,7.5,4.8,1.42,12
WE00026,Extreme Wind,HIGH,39.1855,-122.921,232,2024-09-05T00:31:50,2024-09-05T16:20:27.548189,-11.6,29.3,183.5,0.5,2.67,171
WE00027,Ice,MEDIUM,36.4339,-113.1031,112,2025-10-18T12:12:24,2025-10-18T18:36:18.792924,38.1,198.4,22.7,1.5,1.97,69
WE00028,Heavy Rain,LOW,27.0934,-89.0294,99,2025-06-12T13:27:31,2025-06-12T20:27:08.445925,6.2,19.1,130.7,2.4,1.42,14
WE00029,Ice,MEDIUM,43.8511,-68.9139,268,2025-03-07T15:47:40,2025-03-10T04:53:18.580313,7.7,173.8,91.1,0.5,1.8,59
WE00030,Fog,MEDIUM,36.0442,-97.6183,131,2024-08-29T12:41:45,2024-08-31T23:28:49.510247,12.0,78.9,169.1,0.0,1.51,41
WE00031,Thunderstorm,CRITICAL,33.3033,-99.2972,515,2024-11-30T11:28:43,2024-12-03T05:31:46.424546,-17.1,182.9,80.1,0.0,3.59,294
WE00032,Fog,CRITICAL,29.5752,-79.4277,401,2025-06-06T21:09:15,2025-06-08T06:01:55.778618,14.9,134.0,65.4,0.0,4.43,373
WE00033,Extreme Wind,LOW,44.7717,-72.7401,96,2024-06-07T18:40:31,2024-06-08T21:27:20.983370,-13.3,189.1,56.1,10.0,1.2,8
WE00034,Ice,HIGH,33.037,-87.1518,376,2024-05-24T01:48:56,2024-05-25T22:21:16.823334,-19.7,190.5,124.8,0.0,2.23,211
WE00035,Fog,HIGH,44.8874,-85.2259,276,2025-08-13T04:42:59,2025-08-14T04:48:18.765916,-11.2,122.1,105.9,1.4,2.96,183
WE00036,Thunderstorm,HIGH,30.3551,-96.3498,255,2024-05-30T05:50:52,2024-05-30T15:36:17.680522,-12.7,137.9,71.0,0.7,2.59,155
WE00037,Extreme Wind,MEDIUM,32.2807,-82.5415,255,2025-07-11T15:43:16,2025-07-13T20:47:45.916125,-14.3,68.4,193.6,2.1,1.87,39
WE00038,Extreme Wind,HIGH,39.9088,-75.2139,460,2025-06-18T07:35:55,2025-06-20T01:49:46.448568,-9.5,150.3,16.5,1.0,2.56,128
WE00039,Ice,MEDIUM,31.8858,-98.5656,220,2025-02-14T22:03:09,2025-02-16T12:06:52.661229,9.1,144.8,58.4,5.9,1.55,71
WE00040,Thunderstorm,LOW,37.6297,-98.3455,69,2024-03-08T11:56:59,2024-03-09T22:26:32.015862,-11.9,28.6,154.9,0.8,1.38,17
WE00041,Extreme Heat,LOW,36.9029,-108.1718,110,2025-12-14T16:36:03,2025-12-16T20:06:49.036224,21.4,198.7,59.7,1.1,1.04,17
WE00042,Fog,HIGH,24.7166,-78.3713,409,2026-04-13T00:01:56,2026-04-15T13:16:11.968224,17.7,112.7,104.6,2.2,2.62,173
WE00043,Thunderstorm,HIGH,48.0884,-119.3379,310,2024-07-12T21:51:23,2024-07-15T06:33:41.005443,5.3,177.3,138.4,0.7,2.85,212
WE00044,Extreme Wind,CRITICAL,36.5824,-87.9842,603,2025-08-11T00:47:04,2025-08-12T12:54:30.726563,26.9,4.0,26.2,1.4,4.9,382
WE00045,Ice,LOW,26.8698,-95.1585,72,2024-05-02T09:53:03,2024-05-04T23:12:30.208878,-16.5,62.1,118.4,6.2,1.4,5
WE00046,Snowstorm,HIGH,42.3683,-72.9995,282,2026-05-07T13:33:59,2026-05-08T15:04:13.796749,30.7,160.1,15.4,1.3,2.9,190
WE00047,Extreme Heat,MEDIUM,36.4628,-85.6456,249,2025-03-31T10:28:42,2025-04-01T14:44:31.863454,44.0,71.2,169.5,6.5,1.88,64
WE00048,Extreme Heat,MEDIUM,42.6056,-70.6046,287,2025-07-15T18:43:51,2025-07-17T00:08:24.883305,-2.4,143.4,52.3,0.0,1.5,73
WE00049,Extreme Wind,MEDIUM,39.0597,-97.8707,142,2026-06-15T21:14:53,2026-06-16T03:57:36.362038,17.7,128.2,40.2,0.0,1.55,85
WE00050,Extreme Wind,MEDIUM,43.9629,-72.3312,291,2024-10-25T17:02:17,2024-10-27T04:48:46.864740,13.6,178.9,53.3,4.5,1.52,31
WE00051,Thunderstorm,LOW,35.6318,-103.6792,78,2024-04-18T01:12:14,2024-04-19T18:21:44.289441,42.0,148.7,107.1,8.2,1.2,19
WE00052,Thunderstorm,CRITICAL,32.8405,-84.9298,424,2024-03-12T04:27:24,2024-03-14T12:52:35.016451,44.8,118.7,19.7,0.0,3.85,343
WE00053,Hurricane,HIGH,41.8926,-84.717,323,2024-12-20T00:39:48,2024-12-20T15:32:17.884097,2.1,35.9,185.2,0.0,2.06,192
WE00054,Tornado,LOW,36.9422,-79.6085,60,2025-03-25T13:09:54,2025-03-27T23:11:08.469214,36.5,139.7,110.8,8.7,1.35,26
WE00055,Heavy Rain,CRITICAL,38.9182,-79.6055,401,2024-05-03T22:51:37,2024-05-06T18:16:26.708433,14.9,102.3,179.4,0.0,3.93,340
WE00056,Extreme Wind,MEDIUM,43.3932,-75.3696,180,2024-12-27T15:04:23,2024-12-29T04:11:11.031572,30.6,125.7,9.8,0.0,1.54,36
WE00057,Ice,MEDIUM,31.5363,-87.9822,135,2024-06-05T21:36:22,2024-06-08T14:39:44.971351,21.9,170.6,17.7,4.1,1.94,47
WE00058,Extreme Heat,LOW,32.6421,-112.2945,76,2025-08-13T12:07:58,2025-08-15T18:18:06.270009,2.7,186.2,102.3,9.3,1.43,15
WE00059,Hurricane,MEDIUM,34.0696,-99.8559,190,2025-03-07T19:36:25,2025-03-10T17:45:42.597042,-6.9,13.1,46.5,6.4,1.92,56
WE00060,Hurricane,HIGH,31.1929,-87.2449,240,2025-12-05T08:21:40,2025-12-08T02:57:46.575981,-14.4,11.1,194.9,2.1,2.38,163
WE00061,Extreme Wind,MEDIUM,35.3537,-82.4125,196,2025-07-20T17:55:46,2025-07-21T02:39:13.769656,-2.1,66.6,99.1,0.8,1.99,60
WE00062,Heavy Rain,MEDIUM,39.8645,-121.7699,106,2024-09-09T16:11:03,2024-09-12T12:49:39.492517,43.4,42.4,151.3,0.0,1.66,67
WE00063,Hurricane,LOW,39.3712,-102.2217,91,2025-07-29T01:20:48,2025-07-30T09:54:29.638142,9.0,134.2,140.1,0.6,1.06,25
WE00064,Snowstorm,LOW,25.7893,-81.9661,140,2025-07-05T21:27:06,2025-07-06T17:28:58.084041,-19.2,182.5,157.0,1.4,1.12,13
WE00065,Heavy Rain,HIGH,34.0784,-83.496,225,2024-11-21T10:59:17,2024-11-21T16:56:08.119117,38.2,36.0,131.7,0.0,2.59,226
WE00066,Hurricane,MEDIUM,39.0649,-74.8328,284,2025-02-18T17:39:16,2025-02-19T14:52:03.161598,31.0,33.3,188.5,0.0,1.74,50
WE00067,Snowstorm,CRITICAL,31.7244,-109.3839,406,2024-04-20T22:04:42,2024-04-22T09:57:11.524782,-10.4,18.2,186.6,0.0,4.07,571
WE00068,Heavy Rain,MEDIUM,44.7994,-72.1884,287,2024-09-22T20:30:40,2024-09-25T12:59:26.848098,26.6,63.3,96.5,0.0,1.55,37
WE00069,Snowstorm,HIGH,44.2306,-78.208,251,2026-04-09T18:10:40,2026-04-11T08:45:59.181414,-13.2,109.2,40.2,1.7,2.63,93
WE00070,Thunderstorm,CRITICAL,30.482,-112.0186,783,2025-01-15T07:12:46,2025-01-17T13:51:03.571690,-13.7,75.7,119.1,0.0,3.33,533
WE00071,Snowstorm,LOW,47.5141,-96.1733,131,2024-09-10T20:05:11,2024-09-13T04:44:35.131742,25.0,109.9,196.2,6.1,1.02,21
WE00072,Thunderstorm,LOW,41.5194,-96.7108,137,2025-12-19T02:18:35,2025-12-19T23:16:36.791889,11.9,89.9,176.5,5.4,1.41,9
WE00073,Snowstorm,MEDIUM,43.7873,-119.7097,289,2025-08-12T11:07:27,2025-08-13T21:32:57.094021,9.9,118.1,114.1,4.6,1.54,69
WE00074,Thunderstorm,HIGH,39.2067,-77.3459,395,2025-02-23T08:23:03,2025-02-25T01:16:21.506848,-17.6,115.6,84.0,0.0,2.91,198
WE00075,Extreme Heat,LOW,38.9799,-96.0703,84,2026-05-15T04:35:29,2026-05-17T00:01:09.827543,33.7,80.6,79.9,7.0,1.24,9
WE00076,Extreme Wind,HIGH,29.645,-88.8496,295,2024-12-07T03:50:49,2024-12-08T16:40:20.363508,17.5,63.7,66.6,0.0,2.88,111
WE00077,Ice,LOW,35.1179,-113.4873,80,2025-05-18T18:08:11,2025-05-19T13:05:12.350758,-1.8,120.6,45.6,6.2,1.49,18
WE00078,Extreme Wind,HIGH,29.4762,-80.9826,382,2024-03-27T21:31:04,2024-03-30T13:06:39.523588,-4.8,133.5,130.2,4.1,2.27,225
WE00079,Tornado,LOW,36.5026,-84.4727,92,2024-12-21T19:31:51,2024-12-24T10:06:31.871816,8.5,48.2,78.1,3.9,1.13,20
WE00080,Extreme Wind,LOW,27.0336,-97.5239,121,2024-02-19T20:47:01,2024-02-22T11:44:29.323978,11.7,114.7,75.5,3.1,1.36,21
WE00081,Hurricane,LOW,38.045,-125.0564,66,2025-05-05T00:56:31,2025-05-06T15:31:29.238426,-0.2,5.4,113.8,4.4,1.31,25
WE00082,Hurricane,HIGH,39.8325,-124.4279,230,2025-09-15T04:30:26,2025-09-16T22:38:07.464770,-6.2,39.7,112.6,0.0,2.38,148
WE00083,Extreme Heat,MEDIUM,40.7268,-90.7956,271,2025-02-19T22:06:12,2025-02-22T10:05:13.717470,-5.8,72.7,89.9,0.0,1.99,81
WE00084,Tornado,LOW,40.009,-71.3088,100,2024-04-12T19:41:24,2024-04-13T00:01:47.026634,-16.5,155.9,115.4,7.9,1.41,7
WE00085,Ice,LOW,32.9718,-86.9182,66,2024-11-23T18:00:37,2024-11-25T16:54:37.768952,30.0,185.8,130.7,1.2,1.08,20
WE00086,Fog,MEDIUM,40.2899,-81.9766,125,2026-05-31T02:00:17,2026-06-01T01:13:20.265790,27.8,0.9,95.2,2.1,1.66,83
WE00087,Hurricane,LOW,38.9299,-94.7921,138,2025-05-03T20:02:30,2025-05-06T08:13:31.496875,-4.4,110.7,154.3,0.7,1.06,28
WE00088,Extreme Heat,LOW,35.857,-87.3995,107,2024-11-26T07:17:31,2024-11-28T11:29:58.554716,29.5,37.8,188.9,2.4,1.02,14
WE00089,Extreme Heat,LOW,37.8593,-86.1249,73,2026-02-14T12:41:25,2026-02-16T21:48:44.756784,36.0,127.9,189.5,7.7,1.12,23
WE00090,Hurricane,LOW,40.5934,-97.2512,83,2025-09-06T14:13:34,2025-09-08T06:28:26.237355,5.6,15.8,85.1,7.2,1.42,9
WE00091,Tornado,CRITICAL,28.9481,-81.3634,730,2025-12-13T19:14:13,2025-12-15T01:07:35.929405,-17.0,164.4,188.3,0.0,3.97,383
WE00092,Tornado,MEDIUM,37.0696,-90.7959,141,2024-08-09T22:38:20,2024-08-10T15:11:49.075549,38.3,94.4,7.2,4.8,1.55,59
WE00093,Tornado,HIGH,44.4377,-71.9663,301,2025-02-15T11:26:54,2025-02-15T22:44:02.274827,8.8,169.6,84.3,0.0,2.28,155
WE00094,Snowstorm,HIGH,33.0782,-116.5998,311,2024-08-04T21:47:44,2024-08-07T19:52:59.064827,42.8,102.0,128.9,0.0,2.11,237
WE00095,Fog,LOW,38.889,-74.6441,146,2025-01-18T02:56:23,2025-01-19T07:48:49.681196,39.3,147.9,164.7,6.9,1.1,10
WE00096,Fog,HIGH,28.5976,-81.2954,363,2026-05-22T01:19:15,2026-05-24T02:48:02.622480,19.9,44.6,186.9,1.2,2.19,181
WE00097,Extreme Heat,LOW,30.9265,-85.4766,121,2026-04-17T06:31:47,2026-04-17T20:19:10.259634,38.0,190.5,48.7,2.7,1.47,20
WE00098,Heavy Rain,HIGH,41.8377,-107.8535,394,2025-02-12T03:43:01,2025-02-12T11:49:59.878031,38.6,72.3,146.7,0.0,2.98,157
WE00099,Tornado,MEDIUM,36.0909,-83.3716,108,2026-06-27T02:56:43,2026-06-29T11:02:09.387329,9.2,46.8,27.2,5.4,1.58,67
WE00100,Extreme Wind,HIGH,39.0888,-89.7787,488,2025-10-27T13:10:14,2025-10-29T12:47:51.876370,-15.3,23.3,86.4,0.3,2.94,154
WE00101,Heavy Rain,LOW,44.4165,-79.378,61,2026-06-25T11:41:03,2026-06-27T11:42:35.583251,-14.3,143.1,92.3,9.6,1.16,19
WE00102,Extreme Heat,LOW,35.2781,-86.6477,66,2025-09-12T10:43:48,2025-09-13T05:41:17.759709,6.5,54.9,144.0,5.2,1.14,27
WE00103,Heavy Rain,CRITICAL,40.9759,-96.7777,363,2025-07-16T08:12:20,2025-07-17T04:01:02.994169,5.7,175.2,127.6,0.0,3.79,550
WE00104,Tornado,LOW,30.7047,-116.7042,59,2024-12-06T16:52:13,2024-12-07T15:28:14.752661,39.7,11.8,74.0,2.8,1.29,5
WE00105,Tornado,CRITICAL,44.0866,-116.3207,632,2024-08-02T21:22:52,2024-08-04T06:41:25.520525,9.2,72.6,29.7,0.6,3.4,261
WE00106,Extreme Wind,HIGH,39.3114,-73.3149,391,2026-03-02T12:31:01,2026-03-04T22:13:15.069347,-12.0,118.1,59.8,4.7,2.01,177
WE00107,Extreme Wind,HIGH,41.5165,-84.5708,232,2026-02-05T15:36:14,2026-02-07T06:41:42.775084,16.4,104.0,2.3,3.7,2.11,112
WE00108,Ice,LOW,45.994,-118.0617,82,2024-05-21T05:20:54,2024-05-21T10:57:41.580237,14.9,31.9,133.2,2.3,1.02,17
WE00109,Extreme Heat,LOW,28.1856,-92.4021,63,2024-03-14T04:37:32,2024-03-15T09:22:01.123722,22.3,77.6,10.3,0.8,1.28,17
WE00110,Hurricane,CRITICAL,40.9038,-94.2132,557,2024-06-19T08:00:57,2024-06-20T00:03:51.778182,-12.0,87.3,8.4,0.0,4.04,341
WE00111,Snowstorm,MEDIUM,46.0848,-96.2443,110,2024-08-25T10:20:14,2024-08-26T01:35:44.525241,44.6,88.0,21.8,0.7,1.99,49
WE00112,Extreme Heat,LOW,38.298,-74.2946,52,2024-09-05T12:33:40,2024-09-06T04:06:56.924610,-5.3,128.1,26.0,3.2,1.3,5
WE00113,Fog,HIGH,32.5377,-117.7687,246,2025-10-17T19:15:51,2025-10-20T10:07:04.310453,7.0,161.7,46.4,2.8,2.8,106
WE00114,Snowstorm,LOW,43.7329,-92.0854,121,2024-04-08T16:29:04,2024-04-10T10:42:55.973874,17.9,149.6,179.5,6.6,1.16,10
WE00115,Extreme Heat,MEDIUM,39.3531,-69.0564,124,2025-08-20T17:09:54,2025-08-21T18:05:56.234756,42.1,143.0,55.7,0.0,1.88,40
WE00116,Extreme Heat,LOW,27.1076,-82.9128,145,2025-08-15T19:47:53,2025-08-16T03:29:22.855111,1.2,170.0,113.3,5.7,1.06,27
WE00117,Fog,LOW,39.2365,-82.2451,126,2025-12-28T02:09:52,2025-12-30T12:27:50.255159,-8.8,92.2,158.4,2.8,1.02,7
WE00118,Ice,MEDIUM,35.9108,-86.2646,158,2026-04-01T22:48:45,2026-04-02T02:13:00.051431,26.5,92.1,21.3,5.9,1.75,89
WE00119,Tornado,HIGH,40.1655,-92.3814,330,2025-01-25T13:23:51,2025-01-26T22:41:04.095858,12.9,128.7,64.9,2.3,2.96,93
WE00120,Thunderstorm,HIGH,29.8778,-91.7,203,2026-05-09T09:45:22,2026-05-10T13:44:42.045266,-18.6,80.3,133.0,0.0,2.96,224
WE00121,Fog,MEDIUM,47.2207,-115.5246,230,2024-01-18T20:02:36,2024-01-20T07:40:46.840936,27.7,42.2,40.2,6.0,1.98,86
WE00122,Fog,LOW,42.0225,-114.4593,134,2024-06-26T22:47:54,2024-06-29T16:58:22.621519,31.8,50.6,140.6,2.6,1.06,9
WE00123,Tornado,HIGH,36.7826,-79.9983,356,2026-04-14T03:42:17,2026-04-17T02:38:19.272853,43.9,86.6,93.2,4.0,2.03,231
WE00124,Extreme Heat,MEDIUM,37.4509,-117.9485,249,2025-02-18T11:57:50,2025-02-21T09:36:38.054551,-11.7,32.5,198.2,2.8,1.67,72
WE00125,Fog,HIGH,35.7017,-120.7274,335,2025-06-12T10:39:39,2025-06-14T11:40:03.953000,-18.3,179.1,108.1,0.0,2.35,160
WE00126,Tornado,CRITICAL,42.8518,-74.8614,518,2024-06-22T06:57:59,2024-06-22T20:51:35.297149,-5.1,24.0,11.5,0.0,4.8,421
WE00127,Heavy Rain,CRITICAL,40.4333,-86.1419,621,2025-03-31T22:28:40,2025-04-02T19:57:58.460381,9.7,165.4,152.2,0.0,4.79,467
WE00128,Snowstorm,CRITICAL,34.92,-80.4166,449,2025-11-06T09:13:24,2025-11-07T04:03:37.889670,23.4,86.5,149.6,0.0,3.11,396
WE00129,Snowstorm,LOW,33.3757,-94.278,107,2024-09-02T16:32:54,2024-09-04T11:36:16.530628,-14.7,193.5,114.0,2.8,1.32,23
WE00130,Fog,LOW,40.9664,-97.4918,147,2025-12-05T20:02:45,2025-12-08T10:13:56.532050,-5.9,2.9,167.2,2.4,1.29,7
WE00131,Snowstorm,HIGH,36.7196,-91.8223,304,2024-01-06T00:59:38,2024-01-08T18:41:16.720719,30.0,88.4,116.9,0.4,2.17,229
WE00132,Ice,LOW,40.2803,-71.9801,99,2025-02-13T03:51:19,2025-02-15T09:28:09.939391,-9.1,41.8,16.4,2.1,1.45,20
WE00133,Tornado,LOW,26.9585,-81.7628,144,2026-02-16T15:12:10,2026-02-17T19:49:40.376116,-3.9,63.3,92.9,2.0,1.28,29
WE00134,Tornado,MEDIUM,42.7444,-76.343,129,2024-10-04T12:37:29,2024-10-04T22:48:57.162475,39.0,78.6,57.7,5.5,1.71,75
WE00135,Extreme Wind,CRITICAL,32.6968,-86.3354,389,2026-02-27T15:44:40,2026-02-28T13:40:09.362595,0.9,12.8,139.7,0.6,4.76,389
WE00136,Fog,LOW,42.0743,-85.5375,77,2024-06-14T07:16:58,2024-06-15T09:00:58.356446,-1.5,46.9,90.1,3.9,1.4,9
WE00137,Ice,HIGH,47.5226,-120.0383,439,2025-04-08T14:49:41,2025-04-09T20:37:29.208779,42.9,96.4,116.1,0.6,2.27,137
WE00138,Heavy Rain,LOW,27.8071,-78.5197,58,2026-02-27T15:02:38,2026-02-28T13:54:32.335248,14.6,76.2,84.7,6.1,1.21,18
WE00139,Thunderstorm,LOW,29.1532,-93.9983,60,2024-11-04T23:56:36,2024-11-07T14:43:43.602607,-6.6,7.1,91.7,0.5,1.45,26
WE00140,Hurricane,CRITICAL,36.4831,-120.3494,500,2024-08-25T10:15:39,2024-08-27T18:18:04.137171,-17.9,82.3,120.6,0.0,3.63,553
WE00141,Hurricane,LOW,44.9299,-71.5298,128,2025-08-03T20:31:07,2025-08-06T09:34:33.700166,30.9,80.9,8.1,0.4,1.15,18
WE00142,Snowstorm,LOW,41.9048,-80.5199,100,2024-09-07T22:59:04,2024-09-08T13:20:54.911525,43.7,197.9,25.6,9.5,1.22,13
WE00143,Snowstorm,MEDIUM,45.5409,-87.601,234,2026-04-17T21:30:27,2026-04-20T06:35:58.614863,19.3,74.1,192.4,0.0,1.88,61
WE00144,Extreme Wind,MEDIUM,27.7442,-79.1007,154,2026-04-03T21:01:04,2026-04-05T16:03:02.734716,2.5,80.8,185.1,5.5,1.64,40
WE00145,Fog,HIGH,41.2284,-87.4784,409,2024-01-01T21:19:18,2024-01-03T21:30:22.873912,-0.2,75.9,109.3,4.4,2.05,212
WE00146,Tornado,MEDIUM,33.301,-83.5435,162,2025-05-18T13:24:49,2025-05-20T04:48:41.686405,29.4,106.2,77.2,0.0,1.84,65
WE00147,Fog,LOW,36.0034,-88.8317,61,2026-01-29T00:32:28,2026-02-01T00:07:38.111413,-6.0,24.5,22.5,6.5,1.37,18
WE00148,Snowstorm,MEDIUM,49.5109,-94.5196,193,2024-01-31T06:08:44,2024-02-02T18:49:44.940745,-6.6,157.3,182.9,2.4,1.53,32
WE00149,Extreme Wind,LOW,40.217,-71.9544,85,2024-06-22T18:43:51,2024-06-25T00:40:05.838728,0.4,7.1,136.8,2.0,1.46,10
WE00150,Thunderstorm,HIGH,41.7358,-93.1955,296,2025-07-17T20:54:13,2025-07-20T16:56:28.133003,26.8,76.5,172.7,4.1,2.47,150
WE00151,Thunderstorm,LOW,34.4073,-107.2484,117,2025-04-22T16:57:27,2025-04-23T23:37:44.250986,31.6,104.7,39.8,10.0,1.23,23
WE00152,Fog,CRITICAL,39.854,-74.0337,315,2025-01-06T23:25:45,2025-01-09T19:55:20.806594,-18.2,130.8,6.7,0.0,3.45,374
WE00153,Heavy Rain,HIGH,42.2092,-72.0707,366,2024-03-30T23:36:24,2024-03-31T14:52:15.607740,12.3,109.4,196.4,0.1,2.33,185
WE00154,Tornado,MEDIUM,46.827,-116.7449,215,2025-01-09T04:20:37,2025-01-10T03:49:47.584648,20.2,167.2,165.2,0.5,1.87,48
WE00155,Thunderstorm,LOW,32.8481,-79.1445,78,2026-05-31T08:35:59,2026-06-02T03:37:52.329053,25.8,46.5,127.6,5.2,1.33,29
WE00156,Fog,MEDIUM,37.4363,-122.1159,255,2024-05-02T08:16:32,2024-05-03T06:30:27.193848,1.2,179.3,32.4,4.9,1.66,54
WE00157,Hurricane,LOW,28.477,-77.9113,57,2024-05-13T01:23:31,2024-05-15T17:02:25.796013,27.7,178.1,98.1,4.4,1.49,15
WE00158,Ice,MEDIUM,38.6604,-75.2827,249,2026-01-24T23:02:15,2026-01-25T17:38:25.890467,31.5,104.9,192.8,7.5,1.57,64
WE00159,Extreme Wind,MEDIUM,42.0806,-76.9463,172,2024-04-17T12:25:46,2024-04-18T01:46:06.845790,11.2,21.2,182.8,5.0,1.69,69
WE00160,Heavy Rain,LOW,35.5396,-78.8896,117,2026-04-07T12:43:31,2026-04-08T13:41:12.780068,-15.4,35.2,189.0,1.9,1.23,14
WE00161,Ice,HIGH,42.1153,-102.5845,377,2024-07-14T08:41:30,2024-07-15T21:42:43.426283,35.5,0.1,186.7,4.5,2.39,206
WE00162,Tornado,LOW,42.2126,-96.6063,147,2024-07-18T10:46:50,2024-07-20T21:45:18.526820,40.5,28.3,9.5,6.9,1.49,14
WE00163,Heavy Rain,MEDIUM,44.3829,-118.1572,208,2026-01-08T07:48:40,2026-01-09T13:27:26.673662,-19.7,144.6,12.1,4.5,1.85,40
WE00164,Fog,LOW,39.8107,-106.8829,121,2026-05-04T02:09:49,2026-05-06T06:00:53.295835,35.4,92.1,188.2,3.8,1.46,12
WE00165,Ice,MEDIUM,34.7226,-89.93,128,2024-09-13T12:22:45,2024-09-13T20:13:45.740543,22.7,2.3,31.4,4.1,1.99,86
WE00166,Fog,HIGH,36.8443,-114.0566,390,2025-02-15T18:01:38,2025-02-16T22:52:25.215994,9.4,137.8,21.2,0.0,2.33,186
WE00167,Tornado,LOW,37.4669,-77.0359,55,2026-03-30T17:06:16,2026-04-01T18:32:13.327839,-7.4,196.2,15.7,6.2,1.2,23
WE00168,Hurricane,HIGH,44.0212,-99.6356,403,2025-10-19T07:43:32,2025-10-19T13:18:46.108620,7.3,13.9,44.1,0.7,2.51,215
WE00169,Ice,MEDIUM,31.2031,-94.0161,264,2024-11-25T00:24:33,2024-11-25T07:51:45.092984,25.1,104.4,65.7,7.0,1.69,76
WE00170,Heavy Rain,MEDIUM,35.2082,-96.1546,159,2026-04-17T18:24:55,2026-04-18T19:37:37.723124,-8.8,20.9,89.6,5.4,1.54,70
WE00171,Extreme Heat,MEDIUM,44.952,-82.6137,243,2024-11-08T11:27:18,2024-11-11T01:00:55.463224,22.3,63.9,78.6,1.9,1.72,36
WE00172,Extreme Wind,MEDIUM,41.3649,-88.6923,197,2025-04-29T05:37:32,2025-04-30T23:41:11.590254,27.4,121.9,0.1,6.2,1.77,62
WE00173,Heavy Rain,LOW,37.6033,-97.8811,67,2025-09-11T19:30:39,2025-09-12T15:29:32.313285,26.6,107.5,38.3,8.0,1.24,23
WE00174,Heavy Rain,MEDIUM,35.8479,-109.3773,284,2025-08-03T02:07:31,2025-08-04T12:10:29.580696,43.1,79.9,187.4,0.0,1.79,31
WE00175,Ice,MEDIUM,44.7676,-82.6184,284,2025-11-11T13:33:17,2025-11-12T20:08:19.646361,-12.9,6.9,110.2,0.0,1.51,37
WE00176,Extreme Wind,MEDIUM,39.8997,-79.1342,182,2026-03-15T00:37:33,2026-03-16T15:20:10.545441,7.6,17.9,79.0,0.0,1.86,66
WE00177,Extreme Heat,HIGH,36.6931,-81.2236,406,2025-12-02T08:37:24,2025-12-04T02:15:01.513833,10.2,109.5,77.3,0.0,2.4,135
WE00178,Tornado,CRITICAL,46.3806,-122.7767,721,2024-07-06T23:21:48,2024-07-09T05:40:18.981033,22.4,105.0,52.9,0.0,3.72,298
WE00179,Tornado,MEDIUM,41.7137,-74.9467,141,2025-01-20T02:35:28,2025-01-20T19:56:10.498651,41.1,134.8,92.8,0.6,1.86,36
WE00180,Ice,HIGH,33.9599,-89.7758,489,2024-12-15T01:19:26,2024-12-15T12:51:26.630276,-11.5,13.3,20.9,0.0,2.75,238
WE00181,Extreme Heat,LOW,34.2705,-92.1927,53,2024-04-09T11:03:30,2024-04-11T22:03:30.552463,22.8,104.8,81.4,2.1,1.21,11
WE00182,Thunderstorm,LOW,40.3306,-73.382,138,2025-06-09T04:44:36,2025-06-09T15:24:52.187720,-2.5,61.2,60.4,9.0,1.27,26
WE00183,Extreme Heat,LOW,40.2464,-81.5528,90,2024-02-02T16:12:50,2024-02-04T16:33:58.497094,34.4,134.3,97.6,8.5,1.31,11
WE00184,Hurricane,HIGH,39.1118,-97.0652,249,2026-05-10T11:41:28,2026-05-11T04:50:32.827216,-18.2,27.1,42.2,0.0,2.65,206
WE00185,Hurricane,MEDIUM,35.0478,-124.1443,211,2024-12-23T11:17:56,2024-12-26T08:33:01.819724,23.6,76.5,61.4,1.2,1.5,79
WE00186,Fog,HIGH,34.4486,-78.5262,262,2024-12-08T02:17:57,2024-12-08T10:14:11.407128,44.8,58.1,6.9,0.9,2.8,92
WE00187,Snowstorm,LOW,36.9744,-87.9302,84,2024-01-12T04:05:38,2024-01-14T05:06:55.568631,33.6,198.2,21.4,5.1,1.08,8
WE00188,Extreme Wind,MEDIUM,28.9038,-81.9547,210,2024-04-20T06:48:50,2024-04-21T18:05:45.042237,-5.5,198.8,51.7,3.3,1.87,70
WE00189,Snowstorm,MEDIUM,31.0762,-87.1872,231,2024-04-01T10:58:23,2024-04-03T21:19:45.745128,33.1,159.3,167.9,3.3,1.88,40
WE00190,Tornado,CRITICAL,37.3561,-94.2762,630,2024-12-21T15:34:06,2024-12-22T03:50:05.737632,-3.0,169.2,75.9,1.9,3.19,313
WE00191,Extreme Heat,LOW,37.7428,-107.6661,139,2024-04-14T16:51:58,2024-04-17T03:49:52.577939,42.0,146.5,48.2,4.6,1.03,13
WE00192,Ice,MEDIUM,40.9643,-80.6896,111,2024-02-18T19:09:35,2024-02-20T17:36:15.459499,5.6,149.2,172.1,7.4,1.68,30
WE00193,Extreme Heat,LOW,30.7722,-79.7415,147,2025-05-28T07:16:01,2025-05-30T00:00:56.578731,-17.7,6.9,179.8,3.1,1.38,9
WE00194,Heavy Rain,MEDIUM,40.0475,-83.7934,299,2024-04-20T01:45:12,2024-04-22T03:34:04.750635,11.5,20.6,94.2,5.8,1.66,47
WE00195,Fog,LOW,39.6463,-83.533,142,2026-03-09T17:07:46,2026-03-12T08:42:44.446073,-15.7,20.8,54.2,8.3,1.04,28
WE00196,Snowstorm,LOW,35.9871,-86.9152,85,2025-01-04T17:27:21,2025-01-07T13:33:50.966233,-15.5,123.4,68.1,2.3,1.03,26
WE00197,Heavy Rain,LOW,44.9195,-90.5456,91,2025-03-08T14:23:05,2025-03-11T05:29:28.475914,44.8,28.0,130.4,0.8,1.08,6
WE00198,Thunderstorm,HIGH,32.2307,-88.9722,219,2026-01-24T01:33:51,2026-01-25T21:54:09.443772,-10.9,164.5,76.7,0.0,2.77,171
WE00199,Thunderstorm,LOW,29.5381,-89.2234,142,2024-11-28T19:19:37,2024-12-01T18:24:34.137542,-11.7,129.5,188.9,9.8,1.43,13
WE00200,Extreme Wind,LOW,37.1807,-94.4516,58,2026-04-17T16:05:53,2026-04-19T09:31:17.011909,15.9,177.6,129.0,8.9,1.26,13
WE00201,Tornado,LOW,33.6196,-81.9089,82,2024-07-24T12:56:35,2024-07-26T05:39:33.113569,36.1,50.3,26.6,1.2,1.45,24
WE00202,Extreme Heat,MEDIUM,33.9555,-117.9772,129,2026-06-06T02:01:46,2026-06-07T00:50:49.424837,40.7,17.3,49.4,4.2,1.81,39
WE00203,Hurricane,HIGH,40.6091,-80.8349,359,2026-06-14T02:43:38,2026-06-14T19:22:02.459060,44.4,133.3,171.7,4.3,2.94,107
WE00204,Thunderstorm,HIGH,38.8324,-84.9579,489,2026-01-04T06:27:11,2026-01-04T23:09:09.186472,25.0,37.2,150.5,0.0,2.07,128
WE00205,Extreme Heat,MEDIUM,38.9798,-82.9797,160,2025-01-12T11:35:37,2025-01-14T14:34:12.473359,32.4,163.5,16.5,4.7,1.69,54
WE00206,Heavy Rain,HIGH,43.7913,-86.7168,278,2026-01-04T17:42:33,2026-01-05T18:45:09.415998,32.8,128.2,20.4,0.0,2.97,200
WE00207,Extreme Wind,HIGH,40.9446,-74.889,461,2025-09-24T08:17:43,2025-09-25T21:29:59.137036,15.3,70.3,122.8,0.5,2.37,116
WE00208,Extreme Heat,MEDIUM,36.6828,-88.9081,108,2024-10-22T18:59:46,2024-10-23T11:32:09.151139,17.8,78.6,120.9,1.0,1.93,36
WE00209,Ice,MEDIUM,36.3643,-83.6065,172,2024-05-26T12:43:14,2024-05-27T21:41:03.920661,11.5,175.1,138.6,3.7,1.96,48
WE00210,Extreme Heat,CRITICAL,46.2168,-118.4239,777,2024-05-30T13:50:33,2024-05-31T09:36:43.515216,-11.5,175.0,139.7,1.5,3.0,593
WE00211,Fog,LOW,43.8743,-88.4007,136,2025-10-31T14:45:10,2025-11-01T03:13:38.987720,19.4,124.0,121.8,5.8,1.35,13
WE00212,Extreme Heat,CRITICAL,34.0265,-86.0564,600,2025-07-04T09:10:14,2025-07-05T12:20:42.834351,-3.9,138.6,97.4,0.0,4.87,408
WE00213,Tornado,LOW,44.6778,-71.5472,96,2025-10-20T00:09:20,2025-10-21T13:03:03.364255,4.2,194.0,41.4,5.3,1.08,21
WE00214,Thunderstorm,HIGH,29.9761,-98.2711,338,2025-09-30T15:00:13,2025-10-01T16:13:38.164486,17.5,40.5,53.7,0.0,2.9,166
WE00215,Fog,LOW,44.1363,-69.9985,114,2025-12-26T11:56:29,2025-12-28T03:27:43.534951,15.8,106.3,49.1,7.8,1.19,20
WE00216,Thunderstorm,CRITICAL,30.5585,-80.9791,329,2024-03-25T03:38:53,2024-03-26T22:12:46.754571,-17.7,188.5,131.4,0.0,4.01,358
WE00217,Tornado,LOW,33.9772,-118.3609,136,2024-06-01T21:17:03,2024-06-03T17:17:24.216578,-7.3,100.4,136.4,7.3,1.03,15
WE00218,Extreme Heat,LOW,43.7521,-72.0779,83,2024-04-04T03:48:15,2024-04-06T08:23:50.506130,0.2,181.8,30.2,4.3,1.07,20
WE00219,Extreme Wind,LOW,38.6679,-95.3408,101,2025-09-17T10:48:33,2025-09-19T21:32:06.457591,-10.4,24.4,8.0,6.3,1.3,17
WE00220,Ice,MEDIUM,40.7377,-73.833,225,2025-06-11T02:07:04,2025-06-12T20:26:03.126260,35.5,33.3,77.9,2.0,1.84,31
WE00221,Hurricane,MEDIUM,43.5561,-79.5429,202,2024-06-18T17:50:41,2024-06-20T07:10:57.242012,-6.4,37.9,180.4,0.0,1.62,48
WE00222,Hurricane,HIGH,27.549,-82.7896,411,2025-01-21T06:34:48,2025-01-23T14:27:47.575066,-0.6,53.7,157.7,3.0,2.06,168
WE00223,Snowstorm,CRITICAL,37.334,-124.2296,360,2024-10-24T14:59:44,2024-10-27T01:03:59.400534,17.4,139.8,19.4,0.0,3.38,434
WE00224,Fog,MEDIUM,43.587,-98.2172,264,2024-10-22T11:30:07,2024-10-25T11:03:03.204468,2.5,16.2,53.3,5.8,1.55,33
WE00225,Snowstorm,MEDIUM,44.6861,-80.0811,174,2026-04-13T02:10:55,2026-04-14T04:26:14.646503,42.2,138.3,27.2,2.5,1.53,40
WE00226,Extreme Wind,LOW,39.9397,-89.2096,99,2025-11-27T21:31:31,2025-11-30T09:45:37.223746,19.3,130.9,92.5,0.4,1.14,13
WE00227,Extreme Heat,LOW,40.4647,-73.332,113,2024-08-05T18:22:29,2024-08-06T23:14:09.663008,21.4,115.7,10.3,9.8,1.18,8
WE00228,Extreme Wind,MEDIUM,43.8153,-70.4549,238,2025-10-17T08:53:15,2025-10-19T04:58:06.620322,12.4,121.1,174.1,2.8,1.91,48
WE00229,Thunderstorm,LOW,37.5921,-81.8675,146,2024-10-12T00:55:47,2024-10-13T10:27:25.317135,20.8,138.2,166.0,9.1,1.41,6
WE00230,Hurricane,LOW,43.8794,-92.6156,53,2025-03-08T16:54:56,2025-03-11T01:17:32.294303,31.7,94.1,104.9,2.8,1.4,8
WE00231,Heavy Rain,LOW,38.8687,-78.7025,114,2025-12-19T16:01:28,2025-12-22T10:43:08.451876,26.1,188.7,60.1,0.3,1.24,15
WE00232,Fog,HIGH,45.1288,-86.8504,419,2025-01-23T01:27:33,2025-01-24T06:01:09.248665,-12.5,123.1,73.4,0.0,2.25,97
WE00233,Ice,MEDIUM,41.8433,-105.9152,151,2024-04-27T02:33:08,2024-04-27T10:44:09.171974,-13.1,194.0,176.8,1.1,1.65,49
WE00234,Snowstorm,CRITICAL,43.3558,-69.2089,779,2025-11-19T09:06:41,2025-11-20T23:39:27.541409,-4.5,12.6,66.0,0.0,4.13,328
WE00235,Heavy Rain,HIGH,43.5371,-89.4028,236,2026-05-04T21:36:53,2026-05-05T03:50:28.027261,-17.6,71.8,43.4,0.0,2.82,138
WE00236,Extreme Heat,HIGH,39.4944,-82.5352,206,2024-06-01T02:18:07,2024-06-02T00:01:32.781658,42.4,139.7,121.6,0.0,2.45,234
WE00237,Extreme Heat,LOW,40.35,-83.1528,87,2024-03-19T14:04:10,2024-03-22T12:08:31.164147,-10.2,1.2,144.7,5.2,1.27,23
WE00238,Fog,MEDIUM,50.444,-123.0432,128,2026-04-19T18:34:44,2026-04-20T14:57:17.357621,35.0,163.7,149.5,7.6,1.59,83
WE00239,Snowstorm,CRITICAL,40.7007,-84.8473,422,2024-01-23T22:12:45,2024-01-26T15:00:46.021045,-17.6,192.9,58.3,0.0,3.91,348
WE00240,Extreme Heat,CRITICAL,40.827,-76.031,671,2024-05-24T21:05:17,2024-05-26T14:53:38.397496,17.3,95.6,191.1,0.0,4.91,578
WE00241,Ice,CRITICAL,41.1509,-95.3433,527,2025-01-02T04:51:58,2025-01-04T06:01:03.926740,10.6,176.8,160.4,0.0,3.45,508
WE00242,Thunderstorm,HIGH,34.3226,-111.9225,271,2024-09-15T08:31:39,2024-09-17T19:24:12.019021,-13.3,10.8,193.7,0.0,2.17,153
WE00243,Ice,HIGH,40.6928,-68.6034,272,2025-09-23T08:12:51,2025-09-25T01:20:09.512627,26.1,49.7,143.9,0.0,2.78,205
WE00244,Tornado,HIGH,34.408,-82.8202,448,2026-01-24T10:00:48,2026-01-26T14:21:59.692452,10.6,52.3,26.1,4.7,2.51,224
WE00245,Thunderstorm,CRITICAL,42.5175,-72.2287,436,2026-01-17T18:20:33,2026-01-18T23:02:06.780786,23.0,139.7,101.1,1.2,4.37,366
WE00246,Ice,MEDIUM,35.932,-91.5398,248,2024-11-28T01:04:36,2024-11-28T17:29:36.004616,32.0,112.8,58.0,7.8,1.74,73
WE00247,Ice,MEDIUM,38.9684,-77.9251,208,2025-09-14T23:51:56,2025-09-16T23:48:27.103262,5.8,93.4,84.6,0.0,1.72,75
WE00248,Snowstorm,LOW,34.9449,-116.2952,149,2024-04-01T02:05:10,2024-04-01T09:19:33.935923,-6.0,90.1,56.9,1.1,1.23,19
WE00249,Fog,MEDIUM,41.3295,-102.1505,275,2024-09-12T18:07:00,2024-09-15T16:00:16.707808,-17.4,31.4,3.7,1.8,1.9,34
WE00250,Ice,LOW,39.7418,-83.6368,114,2025-08-11T17:08:31,2025-08-13T20:40:33.874425,35.1,159.2,84.9,0.1,1.39,17
WE00251,Extreme Wind,MEDIUM,38.588,-113.2938,175,2024-01-04T08:21:29,2024-01-05T03:55:37.448147,5.7,2.4,39.2,0.0,1.95,84
WE00252,Heavy Rain,MEDIUM,38.8206,-94.2091,261,2025-08-29T11:58:41,2025-08-31T17:13:40.626151,-12.6,122.4,180.0,4.4,1.94,45
WE00253,Tornado,MEDIUM,39.8461,-95.4657,268,2025-02-15T23:29:11,2025-02-17T20:08:02.646185,32.2,35.4,58.2,2.4,1.89,54
WE00254,Extreme Wind,MEDIUM,41.5281,-91.9826,275,2025-12-07T19:56:29,2025-12-08T14:10:01.914666,-12.8,185.1,141.7,3.7,1.77,65
WE00255,Snowstorm,MEDIUM,37.0225,-87.0634,105,2025-03-19T02:51:43,2025-03-20T19:14:23.465314,28.8,148.9,109.1,4.8,1.65,75
WE00256,Heavy Rain,MEDIUM,30.4921,-97.3062,282,2025-10-19T02:51:43,2025-10-21T17:01:09.229419,39.9,57.0,42.1,6.9,1.53,56
WE00257,Extreme Heat,CRITICAL,27.5611,-95.9793,453,2026-05-13T08:32:41,2026-05-14T07:53:08.554669,17.9,98.5,146.8,0.0,3.62,290
WE00258,Hurricane,MEDIUM,31.9775,-96.7629,169,2026-01-26T00:25:31,2026-01-26T19:27:55.487649,13.5,159.5,179.6,7.4,1.82,72
WE00259,Fog,LOW,40.5315,-81.203,97,2024-08-28T11:14:38,2024-08-29T14:19:02.447862,-16.0,135.8,157.1,4.0,1.18,9
WE00260,Ice,CRITICAL,39.8022,-73.8491,604,2024-10-21T23:54:20,2024-10-24T16:03:13.507381,14.6,78.6,79.9,0.0,3.96,436
WE00261,Snowstorm,LOW,33.3872,-90.7776,98,2025-04-05T22:04:10,2025-04-06T11:05:44.338353,28.6,171.0,146.5,1.3,1.16,12
WE00262,Snowstorm,MEDIUM,33.4715,-86.2819,178,2024-12-04T04:28:39,2024-12-05T05:44:26.933472,35.8,183.5,161.3,0.0,1.57,34
WE00263,Fog,MEDIUM,30.7134,-87.5978,102,2024-03-31T20:24:54,2024-04-01T02:50:04.548336,7.1,128.0,161.9,0.0,1.86,34
WE00264,Extreme Heat,LOW,38.4074,-81.2331,94,2026-06-18T17:24:22,2026-06-21T01:37:17.663001,5.9,160.9,98.8,8.1,1.47,25
WE00265,Heavy Rain,MEDIUM,40.8555,-120.8219,164,2026-04-22T06:30:08,2026-04-23T19:26:20.746294,28.7,133.4,177.6,6.2,1.87,40
WE00266,Hurricane,HIGH,25.8418,-82.2552,374,2024-04-04T16:39:46,2024-04-06T00:00:31.190194,35.2,106.9,123.4,4.1,2.64,223
WE00267,Ice,LOW,32.5299,-92.8375,136,2025-05-02T04:02:05,2025-05-03T14:16:09.792635,32.4,45.9,122.2,8.9,1.3,18
WE00268,Extreme Heat,MEDIUM,34.8357,-80.2678,204,2024-03-29T19:16:33,2024-03-30T12:41:53.498336,38.5,105.6,72.1,6.0,1.72,56
WE00269,Fog,LOW,29.5718,-91.0111,67,2024-03-18T21:26:30,2024-03-20T08:44:46.517954,31.6,166.8,98.1,8.9,1.08,13
WE00270,Tornado,LOW,46.0094,-114.5025,149,2026-06-26T11:43:09,2026-06-28T08:36:44.301022,-11.6,148.7,8.6,8.6,1.39,18
WE00271,Snowstorm,MEDIUM,29.9017,-109.4405,129,2026-01-10T15:57:51,2026-01-11T09:42:32.849498,28.6,54.9,192.4,6.5,1.71,73
WE00272,Extreme Heat,HIGH,34.8406,-96.055,389,2026-02-20T03:37:15,2026-02-22T12:14:21.614783,-10.4,38.7,29.3,3.6,2.47,131
WE00273,Extreme Wind,MEDIUM,29.9409,-107.7995,192,2026-04-05T01:49:03,2026-04-07T12:38:36.635895,-19.5,70.4,2.3,0.0,1.7,57
WE00274,Tornado,MEDIUM,39.0706,-81.4616,152,2024-09-01T13:31:03,2024-09-04T04:02:27.700216,11.5,62.3,47.8,2.0,1.95,47
WE00275,Heavy Rain,MEDIUM,38.1902,-120.2773,124,2024-03-29T08:37:27,2024-03-31T18:17:56.552840,29.6,23.5,89.2,0.0,1.97,64
WE00276,Tornado,MEDIUM,38.1674,-96.107,180,2026-02-27T21:13:07,2026-03-01T07:34:02.384555,-5.5,33.2,79.6,5.7,1.58,76
WE00277,Hurricane,MEDIUM,30.9873,-115.3507,206,2024-05-04T10:46:18,2024-05-07T05:23:19.138769,-1.6,169.8,169.2,5.1,1.71,52
WE00278,Fog,MEDIUM,41.7055,-84.0006,136,2024-10-15T16:03:24,2024-10-16T17:12:41.308228,23.9,43.7,142.8,3.2,1.69,58
WE00279,Thunderstorm,LOW,40.5754,-86.5491,128,2024-04-16T10:39:37,2024-04-16T22:11:20.539731,44.5,122.3,4.4,1.6,1.45,22
WE00280,Hurricane,HIGH,41.2087,-78.6673,462,2024-04-15T13:45:52,2024-04-18T06:01:07.691804,-11.1,67.8,92.1,0.0,2.24,198
WE00281,Ice,MEDIUM,40.6029,-80.5364,137,2024-12-31T09:02:12,2025-01-01T05:35:31.030685,-0.1,137.4,10.3,0.0,1.64,43
WE00282,Snowstorm,HIGH,31.839,-116.4961,231,2025-09-19T05:50:37,2025-09-20T13:52:37.645795,15.7,58.7,10.4,0.0,2.11,222
WE00283,Thunderstorm,HIGH,35.4199,-87.6403,309,2024-07-05T05:41:48,2024-07-05T13:52:53.029767,42.2,186.3,53.6,0.0,2.76,166
WE00284,Thunderstorm,MEDIUM,25.8722,-79.9589,271,2026-06-03T23:02:19,2026-06-04T16:17:51.294116,29.5,170.3,80.3,7.4,1.58,69
WE00285,Snowstorm,LOW,35.1615,-123.2707,133,2025-01-17T11:34:24,2025-01-18T05:33:59.478808,29.3,170.4,183.0,7.5,1.13,18
WE00286,Ice,LOW,34.0504,-119.7891,63,2026-06-18T07:40:00,2026-06-19T05:27:00.446717,-5.6,106.5,159.8,2.2,1.34,9
WE00287,Snowstorm,LOW,34.1146,-119.5902,126,2024-03-02T17:40:35,2024-03-04T01:17:06.154484,15.6,46.7,136.3,4.5,1.31,12
WE00288,Hurricane,LOW,40.0505,-84.7928,56,2024-05-07T08:33:46,2024-05-08T23:14:45.952809,-7.6,117.9,3.5,6.9,1.47,8
WE00289,Thunderstorm,HIGH,42.1554,-97.0135,359,2025-10-13T05:50:15,2025-10-14T02:05:08.830488,0.1,46.8,63.8,0.0,2.32,154
WE00290,Extreme Heat,LOW,36.2515,-82.0872,135,2026-06-25T16:52:48,2026-06-27T09:44:26.711914,-15.8,89.3,54.5,5.8,1.29,8
WE00291,Fog,LOW,41.7696,-73.556,115,2026-05-28T01:11:13,2026-05-28T21:54:23.793856,-19.5,88.7,126.9,3.7,1.14,9
WE00292,Extreme Wind,MEDIUM,43.3681,-93.8651,251,2026-03-23T02:45:08,2026-03-24T19:21:10.431183,42.2,160.6,29.6,2.4,1.75,65
WE00293,Hurricane,LOW,42.8671,-110.7484,73,2025-05-06T11:07:21,2025-05-07T16:57:57.091234,19.7,93.6,116.4,1.5,1.07,19
WE00294,Fog,HIGH,24.7754,-78.3349,358,2025-02-09T02:02:59,2025-02-11T14:04:07.647517,-4.7,119.2,160.2,3.9,2.69,220
WE00295,Fog,LOW,44.1914,-80.1267,134,2024-11-13T07:20:05,2024-11-16T03:56:06.293319,-5.1,180.0,24.9,5.8,1.38,14
WE00296,Extreme Heat,CRITICAL,34.3423,-95.6748,502,2025-05-03T01:37:24,2025-05-03T06:04:45.795376,-13.3,117.5,158.6,0.0,4.2,347
WE00297,Tornado,LOW,40.4426,-82.7208,96,2025-01-05T18:51:26,2025-01-05T22:40:51.503772,12.9,81.9,131.5,8.4,1.11,15
WE00298,Fog,LOW,34.7651,-81.0095,72,2025-02-16T14:49:36,2025-02-17T10:12:30.496624,-0.3,75.7,95.3,8.1,1.43,18
WE00299,Tornado,LOW,29.0776,-89.0492,142,2025-09-06T19:57:57,2025-09-09T06:14:45.492492,-16.7,169.0,158.6,0.5,1.34,14
WE00300,Snowstorm,MEDIUM,38.1291,-84.0664,154,2024-07-22T07:29:45,2024-07-24T22:11:22.214695,26.8,127.0,74.4,0.0,1.99,72
WE00301,Snowstorm,HIGH,35.591,-120.231,402,2025-04-11T00:42:06,2025-04-13T13:23:01.332250,37.9,5.9,195.1,2.9,2.08,232
WE00302,Hurricane,MEDIUM,38.5841,-120.5235,291,2025-12-11T06:34:03,2025-12-12T14:08:48.097949,31.7,66.4,89.3,0.7,1.7,83
WE00303,Hurricane,LOW,47.2254,-108.1527,97,2025-05-06T03:56:24,2025-05-07T06:12:35.201974,-7.7,146.6,138.5,1.8,1.31,28
WE00304,Thunderstorm,LOW,38.0987,-86.5897,80,2024-04-22T16:36:12,2024-04-24T08:07:49.336965,20.8,153.1,139.4,0.2,1.11,10
WE00305,Thunderstorm,HIGH,50.2871,-119.547,347,2024-01-15T11:18:19,2024-01-15T18:59:59.857827,10.8,188.1,179.1,1.8,2.86,171
WE00306,Tornado,CRITICAL,40.827,-94.1674,751,2025-12-12T22:07:21,2025-12-14T16:46:00.992536,-11.9,30.0,124.4,1.5,4.27,583
WE00307,Tornado,MEDIUM,38.0261,-78.3543,180,2026-05-24T13:55:27,2026-05-24T20:35:57.528916,-17.2,24.7,59.7,3.5,1.7,56
WE00308,Fog,MEDIUM,37.8181,-87.5886,225,2024-06-04T07:34:16,2024-06-05T14:56:21.978894,-7.4,161.4,147.5,5.9,1.92,41
WE00309,Heavy Rain,MEDIUM,40.3814,-81.2769,240,2024-04-23T19:21:27,2024-04-24T17:53:02.711854,34.7,166.0,97.3,4.2,1.95,44
WE00310,Ice,LOW,45.486,-95.0347,111,2026-04-15T04:27:48,2026-04-16T05:43:32.877062,25.2,93.5,156.5,3.6,1.26,12
WE00311,Snowstorm,MEDIUM,33.0771,-81.1635,164,2024-11-27T02:58:07,2024-11-28T23:47:46.449034,26.3,155.0,7.1,0.7,1.5,48
WE00312,Extreme Heat,MEDIUM,34.1519,-87.5237,161,2026-02-24T20:44:54,2026-02-26T10:37:50.761889,37.9,61.2,193.3,4.6,1.74,83
WE00313,Fog,MEDIUM,31.9596,-89.9044,174,2025-02-15T23:23:17,2025-02-16T19:27:56.644470,-16.3,39.9,70.6,0.0,1.54,36
WE00314,Ice,LOW,44.9573,-90.5987,64,2024-07-24T18:20:19,2024-07-26T23:08:44.034258,44.0,23.1,163.3,5.0,1.07,29
WE00315,Heavy Rain,LOW,35.3404,-86.3489,68,2025-06-26T03:59:32,2025-06-27T14:35:44.815092,0.9,170.4,172.9,0.9,1.46,28
WE00316,Extreme Wind,MEDIUM,37.8203,-84.8075,186,2024-04-16T20:43:33,2024-04-16T23:27:04.007443,18.2,36.8,53.4,0.2,1.66,47
WE00317,Snowstorm,MEDIUM,43.4835,-74.8562,294,2025-01-14T11:34:59,2025-01-15T00:26:24.379887,-5.7,158.6,79.7,0.3,1.61,63
WE00318,Hurricane,LOW,37.904,-74.3304,140,2025-07-28T00:58:06,2025-07-28T15:33:47.098173,9.3,161.7,148.1,1.3,1.01,11
WE00319,Thunderstorm,MEDIUM,31.5789,-86.6143,155,2025-03-18T17:06:00,2025-03-19T11:26:20.427978,34.9,76.7,46.7,0.0,1.67,73
WE00320,Extreme Wind,HIGH,41.782,-116.3163,300,2024-09-02T01:13:41,2024-09-02T08:06:22.013334,44.3,15.9,95.0,0.0,2.44,157
WE00321,Fog,MEDIUM,25.4919,-80.6141,202,2025-11-11T16:42:17,2025-11-14T00:52:39.429733,36.4,92.3,110.9,0.0,1.83,44
WE00322,Fog,LOW,37.8374,-94.8776,98,2026-04-23T20:38:00,2026-04-26T19:30:13.067569,-11.7,17.3,57.9,3.0,1.02,25
WE00323,Thunderstorm,HIGH,41.9067,-97.5384,365,2025-04-14T22:39:23,2025-04-15T22:33:37.616229,-2.3,175.6,37.3,4.7,2.81,97
WE00324,Extreme Wind,HIGH,31.4678,-90.3954,466,2026-04-01T16:20:18,2026-04-04T00:08:02.757415,13.8,121.0,135.7,3.3,2.61,236
WE00325,Fog,LOW,39.3774,-85.5663,148,2024-01-13T03:39:59,2024-01-14T00:48:50.299321,21.8,59.6,187.5,5.5,1.28,10
WE00326,Extreme Wind,MEDIUM,37.8585,-95.0111,250,2026-05-11T13:04:18,2026-05-13T20:09:05.555361,11.3,54.0,182.9,7.2,1.61,63
WE00327,Extreme Heat,LOW,38.6804,-79.2791,141,2025-04-10T01:38:55,2025-04-11T12:50:31.115416,22.6,64.9,96.7,9.5,1.45,20
WE00328,Snowstorm,LOW,38.8699,-110.932,116,2024-06-09T21:59:04,2024-06-11T17:45:27.966725,24.6,29.2,56.5,7.1,1.03,11
WE00329,Fog,LOW,34.7485,-105.9255,127,2024-07-27T14:44:08,2024-07-28T18:47:09.134387,19.9,162.3,115.5,3.4,1.24,13
WE00330,Snowstorm,LOW,42.5767,-72.1259,126,2025-02-14T20:00:15,2025-02-17T16:54:29.306255,2.0,89.4,98.4,4.2,1.37,27
WE00331,Ice,CRITICAL,45.681,-87.9396,654,2024-06-28T07:29:33,2024-06-28T12:33:51.077074,36.4,36.2,7.8,0.0,3.76,419
WE00332,Extreme Wind,MEDIUM,37.1717,-87.2141,232,2024-06-15T06:35:25,2024-06-17T07:40:49.165543,-8.1,116.3,56.9,2.2,1.97,53
WE00333,Hurricane,HIGH,41.0002,-93.2016,269,2026-05-09T09:40:20,2026-05-10T17:20:13.787094,-15.8,14.9,0.8,0.1,2.52,221
WE00334,Heavy Rain,MEDIUM,32.8466,-79.9286,180,2024-08-29T11:31:05,2024-08-29T16:32:22.112331,30.2,132.8,81.4,6.0,1.92,47
WE00335,Tornado,LOW,42.476,-83.967,120,2025-02-27T01:52:38,2025-02-28T00:17:28.625997,4.7,195.0,181.1,3.9,1.41,17
WE00336,Ice,CRITICAL,31.0279,-98.3736,453,2025-03-13T16:38:06,2025-03-15T14:32:44.858794,4.9,6.6,166.0,0.0,3.95,325
WE00337,Tornado,CRITICAL,36.3237,-83.3024,353,2024-11-23T04:50:33,2024-11-25T08:56:16.352732,3.5,40.5,37.5,0.0,4.04,361
WE00338,Fog,LOW,37.0746,-90.8304,70,2025-06-16T15:30:13,2025-06-16T22:48:17.481391,40.1,6.7,179.0,8.5,1.05,14
WE00339,Ice,HIGH,27.0393,-82.4927,417,2024-11-12T06:39:28,2024-11-12T15:49:27.284169,0.4,23.0,60.4,4.5,2.66,158
WE00340,Snowstorm,CRITICAL,39.3972,-82.4155,448,2025-02-14T02:01:59,2025-02-14T18:55:25.011792,-12.8,82.8,80.5,0.0,3.03,525
WE00341,Hurricane,HIGH,44.2936,-97.9949,428,2026-02-24T03:00:55,2026-02-25T00:25:04.746467,26.1,85.3,72.1,0.0,2.67,106
WE00342,Extreme Wind,LOW,32.7396,-80.9556,78,2026-01-28T21:47:15,2026-01-31T09:42:10.393841,15.6,147.8,186.8,7.0,1.07,22
WE00343,Tornado,LOW,26.8057,-92.6051,70,2025-01-25T02:28:43,2025-01-25T19:42:17.363819,2.8,113.3,37.6,6.3,1.19,28
WE00344,Extreme Wind,HIGH,38.3928,-76.3466,413,2024-03-19T21:55:12,2024-03-20T13:03:44.514527,36.1,90.3,74.3,0.0,2.62,165
WE00345,Extreme Heat,LOW,34.938,-87.6823,59,2024-05-23T09:08:10,2024-05-26T02:27:15.452799,14.0,118.5,198.9,2.4,1.15,15
WE00346,Thunderstorm,HIGH,48.0832,-115.6714,255,2025-10-20T00:02:57,2025-10-20T03:28:53.187123,16.0,130.4,172.8,0.0,2.39,131
WE00347,Ice,LOW,40.1347,-91.1735,97,2025-03-05T19:23:11,2025-03-07T06:52:22.911208,6.1,109.4,10.0,2.5,1.32,20
WE00348,Heavy Rain,LOW,41.8352,-88.1049,60,2024-03-09T11:40:25,2024-03-09T22:16:22.001249,15.2,170.4,80.1,8.3,1.44,8
WE00349,Thunderstorm,LOW,32.6362,-87.2004,95,2024-01-06T12:11:34,2024-01-08T02:59:17.762985,16.5,184.2,195.4,2.5,1.24,6
WE00350,Snowstorm,LOW,37.5357,-82.6082,109,2025-06-02T03:53:20,2025-06-03T15:20:09.804892,-16.9,198.9,131.9,9.1,1.43,25
WE00351,Extreme Heat,MEDIUM,28.8397,-79.2404,234,2024-07-22T05:18:37,2024-07-23T11:35:51.446103,1.4,173.6,25.8,4.3,1.77,33
WE00352,Hurricane,HIGH,31.6061,-91.0406,319,2025-02-10T22:24:00,2025-02-12T00:11:55.548964,20.3,146.0,80.0,1.1,2.58,119
WE00353,Extreme Wind,LOW,40.2474,-73.4559,108,2024-09-08T00:12:45,2024-09-08T22:25:52.027025,2.4,175.6,191.2,3.6,1.37,7
WE00354,Tornado,LOW,29.6015,-87.9773,109,2025-11-17T08:49:18,2025-11-18T02:30:34.441392,6.8,39.5,26.5,3.3,1.42,11
WE00355,Thunderstorm,LOW,43.2591,-74.0452,125,2026-05-07T00:08:12,2026-05-09T11:44:38.391765,4.9,170.6,48.6,3.0,1.13,6
WE00356,Hurricane,LOW,29.3743,-83.9062,137,2025-10-26T09:19:26,2025-10-27T23:14:10.063851,17.3,103.3,112.6,3.4,1.36,13
WE00357,Ice,LOW,45.1516,-70.8113,60,2026-05-21T08:07:25,2026-05-21T12:44:11.318123,22.3,27.4,29.7,1.0,1.22,12
WE00358,Tornado,LOW,29.7515,-90.9535,129,2024-01-16T00:30:45,2024-01-18T11:06:08.541424,35.1,11.6,45.6,7.7,1.16,9
WE00359,Extreme Wind,CRITICAL,33.9133,-93.9038,350,2024-06-22T18:57:38,2024-06-25T06:15:05.500254,4.3,2.4,93.4,0.0,4.76,529
WE00360,Tornado,LOW,29.658,-99.8761,53,2024-04-26T21:17:39,2024-04-28T19:37:37.743228,-17.2,93.1,52.8,5.2,1.41,24
WE00361,Ice,MEDIUM,42.8237,-120.1688,243,2024-08-19T13:08:47,2024-08-22T13:04:01.955946,24.8,56.6,117.8,2.3,1.62,65
WE00362,Extreme Heat,LOW,39.0827,-81.7308,53,2026-04-27T13:04:49,2026-04-30T06:08:37.594309,-13.6,190.9,163.0,1.8,1.21,19
WE00363,Hurricane,CRITICAL,45.5099,-122.1468,365,2024-02-25T23:13:34,2024-02-28T12:20:26.754494,41.8,88.1,140.6,0.0,3.51,320
WE00364,Extreme Wind,HIGH,37.8362,-82.6515,360,2025-07-27T13:22:10,2025-07-30T11:29:29.854904,29.3,47.3,84.5,0.9,2.29,141
WE00365,Heavy Rain,LOW,39.3376,-81.8798,123,2026-06-23T21:31:50,2026-06-24T07:18:15.937040,33.9,103.2,1.7,1.4,1.17,28
WE00366,Tornado,HIGH,37.9558,-102.959,277,2026-05-08T07:37:43,2026-05-10T06:51:56.679425,-13.1,103.4,25.9,3.8,2.29,171
WE00367,Fog,LOW,37.3091,-86.5517,105,2024-08-18T01:20:11,2024-08-19T00:47:11.904503,43.0,28.8,130.1,7.3,1.47,20
WE00368,Thunderstorm,MEDIUM,36.1693,-94.76,204,2025-10-29T15:36:36,2025-11-01T01:30:54.564956,20.3,178.1,110.4,5.4,1.96,42
WE00369,Extreme Wind,HIGH,32.451,-89.759,364,2024-07-16T23:30:48,2024-07-18T22:25:42.547661,-11.4,106.5,70.4,0.7,2.47,151
WE00370,Tornado,LOW,25.3695,-81.01,118,2024-03-05T23:29:34,2024-03-08T07:56:32.580872,25.9,35.0,189.1,7.4,1.46,9
WE00371,Thunderstorm,MEDIUM,38.4626,-88.6135,242,2025-04-23T20:42:15,2025-04-25T21:10:25.866799,22.9,36.8,141.9,0.3,1.52,43
WE00372,Fog,LOW,40.4919,-71.4407,131,2025-07-20T11:11:37,2025-07-21T06:58:17.336479,23.1,114.9,163.1,0.7,1.33,16
WE00373,Heavy Rain,MEDIUM,29.7392,-88.3891,257,2024-03-02T23:23:19,2024-03-04T18:57:28.936487,-9.3,125.5,149.9,6.4,1.58,73
WE00374,Thunderstorm,LOW,31.7285,-90.553,54,2025-07-09T20:05:42,2025-07-11T11:45:32.731129,-11.3,99.7,103.9,1.1,1.25,12
WE00375,Fog,MEDIUM,35.7178,-113.8308,268,2024-11-22T08:13:15,2024-11-23T20:38:59.785859,28.5,131.6,183.1,7.6,1.88,40
WE00376,Ice,HIGH,40.7591,-74.4832,437,2025-01-22T15:08:34,2025-01-24T10:43:46.391650,-1.9,60.3,10.1,0.0,2.6,234
WE00377,Fog,LOW,43.2207,-89.6165,98,2024-06-08T16:25:26,2024-06-11T12:45:47.463993,13.5,139.7,130.5,2.6,1.34,6
WE00378,Ice,LOW,36.3463,-89.6856,106,2025-07-03T10:05:42,2025-07-03T18:52:22.525866,38.7,139.8,193.6,8.3,1.43,19
WE00379,Ice,LOW,36.1871,-94.6537,126,2026-05-19T17:58:13,2026-05-22T02:18:07.066553,-12.2,135.4,194.5,2.7,1.28,28
WE00380,Extreme Heat,HIGH,39.0819,-77.7224,266,2025-09-23T06:50:49,2025-09-24T13:05:32.398239,-3.8,186.9,105.0,3.1,2.62,126
WE00381,Heavy Rain,MEDIUM,44.2385,-76.5241,163,2024-08-28T02:09:57,2024-08-28T09:53:00.743486,-19.0,178.4,12.1,0.0,1.82,73
WE00382,Ice,MEDIUM,39.1707,-121.996,156,2025-01-02T18:12:26,2025-01-03T01:10:04.640282,15.6,137.9,126.7,6.1,1.98,45
WE00383,Tornado,MEDIUM,40.52,-75.0397,221,2024-09-09T10:30:17,2024-09-11T19:56:51.252243,3.0,80.5,148.5,7.2,1.84,64
WE00384,Tornado,MEDIUM,40.4483,-84.7183,253,2024-10-02T00:59:26,2024-10-02T08:45:09.930972,20.3,188.0,60.9,0.0,1.68,47
WE00385,Thunderstorm,LOW,40.4198,-73.5137,113,2025-10-02T11:26:59,2025-10-02T20:01:34.364182,30.2,23.3,67.0,8.4,1.37,8
WE00386,Thunderstorm,LOW,31.7533,-92.1094,69,2024-02-08T12:06:09,2024-02-09T07:09:40.378621,-2.7,80.5,178.1,1.1,1.15,25
WE00387,Ice,LOW,43.0027,-86.6838,121,2024-10-05T15:03:00,2024-10-07T10:03:56.567797,1.9,172.2,158.3,4.8,1.12,17
WE00388,Snowstorm,HIGH,50.4656,-123.8847,497,2025-05-31T00:46:18,2025-06-01T03:13:38.666151,35.5,23.7,90.4,0.0,2.33,230
WE00389,Snowstorm,MEDIUM,37.6972,-80.6505,172,2025-10-01T13:46:45,2025-10-02T00:40:53.742880,37.7,153.2,172.0,3.9,1.69,46
WE00390,Extreme Heat,LOW,33.3302,-88.7035,141,2025-01-20T12:20:43,2025-01-22T10:11:01.771247,22.5,53.0,186.4,1.4,1.01,23
WE00391,Ice,CRITICAL,30.891,-95.6757,621,2025-02-18T11:14:16,2025-02-19T15:55:34.835772,38.0,110.9,178.7,0.0,3.7,402
WE00392,Heavy Rain,LOW,43.327,-71.5153,54,2024-09-04T07:19:32,2024-09-05T15:33:19.262745,32.4,149.1,188.8,8.1,1.0,15
WE00393,Thunderstorm,HIGH,38.7451,-79.1232,288,2024-06-16T22:05:49,2024-06-17T07:33:11.978486,-3.7,65.6,24.7,3.5,2.01,207
WE00394,Extreme Heat,MEDIUM,38.7603,-103.1419,282,2025-08-17T06:11:20,2025-08-19T03:30:19.585919,-16.7,9.0,95.2,4.8,1.69,37
WE00395,Tornado,MEDIUM,39.0875,-72.1814,110,2024-03-01T03:45:28,2024-03-03T00:52:54.344323,41.2,116.2,62.5,2.7,1.6,79
WE00396,Tornado,HIGH,38.635,-120.2139,338,2026-01-01T04:35:45,2026-01-01T20:45:20.968450,19.5,4.8,129.7,0.9,2.37,175
WE00397,Ice,MEDIUM,41.5539,-96.6987,246,2024-12-11T12:55:48,2024-12-14T00:17:09.422494,18.8,174.0,20.5,2.9,1.91,60
WE00398,Tornado,MEDIUM,30.9081,-79.4903,243,2024-11-06T00:36:51,2024-11-07T16:45:59.377788,-15.6,91.9,40.8,4.7,1.71,78
WE00399,Heavy Rain,MEDIUM,39.4887,-96.9679,276,2025-12-16T01:20:54,2025-12-16T18:14:37.275815,13.3,26.7,148.5,4.0,1.99,62
WE00400,Extreme Wind,MEDIUM,34.076,-116.6726,195,2025-06-27T04:12:39,2025-06-29T08:14:19.590334,-6.7,174.2,187.7,1.2,1.51,32
WE00401,Tornado,CRITICAL,45.1299,-115.3875,657,2025-04-19T02:20:24,2025-04-21T02:57:24.003176,36.4,75.0,131.5,0.0,4.49,384
WE00402,Fog,HIGH,39.7475,-95.769,496,2024-12-19T13:22:29,2024-12-21T03:28:15.146813,31.8,75.8,164.8,2.0,2.12,224
WE00403,Tornado,MEDIUM,30.728,-96.0048,213,2024-12-12T07:11:32,2024-12-13T07:11:41.155957,19.2,100.3,121.6,6.4,1.99,67
WE00404,Heavy Rain,HIGH,31.8322,-87.6,429,2024-02-06T18:16:26,2024-02-08T07:01:37.894966,8.4,68.8,182.1,4.6,2.22,131
WE00405,Heavy Rain,HIGH,43.9315,-93.7256,434,2024-10-27T00:24:01,2024-10-28T21:24:45.534351,17.7,73.6,23.1,0.9,2.86,93
WE00406,Heavy Rain,MEDIUM,33.6642,-117.2643,297,2025-09-10T23:53:18,2025-09-12T09:48:16.089317,-14.4,21.8,196.6,6.7,1.67,42
WE00407,Ice,LOW,40.0923,-71.1117,57,2025-05-24T22:29:33,2025-05-26T15:23:29.528218,-13.0,190.2,49.9,9.7,1.49,18
WE00408,Extreme Heat,LOW,38.0604,-77.2039,63,2025-03-08T19:04:29,2025-03-10T04:57:56.880910,32.3,198.3,127.4,5.8,1.49,7
WE00409,Extreme Heat,MEDIUM,42.8757,-110.9445,194,2024-04-17T20:11:35,2024-04-18T12:11:29.519268,11.1,176.8,121.9,7.5,1.88,49
WE00410,Snowstorm,MEDIUM,43.9004,-73.2107,188,2025-03-09T14:32:02,2025-03-10T04:19:30.998456,25.5,171.7,186.6,6.4,1.57,39
WE00411,Thunderstorm,MEDIUM,32.7957,-113.3474,153,2025-06-29T11:40:35,2025-07-01T20:19:32.396881,-6.3,46.4,126.9,5.7,1.77,30
WE00412,Thunderstorm,MEDIUM,33.2094,-83.9506,221,2026-03-02T08:01:12,2026-03-02T22:22:35.212229,27.3,196.8,148.9,0.5,1.75,49
WE00413,Extreme Wind,LOW,34.4686,-94.1077,149,2025-09-12T21:05:24,2025-09-14T10:00:20.137242,37.8,10.5,157.1,6.5,1.04,7
WE00414,Tornado,MEDIUM,38.4211,-79.7979,231,2026-04-12T23:34:17,2026-04-14T10:06:21.864439,-15.1,63.5,37.2,3.2,1.61,79
WE00415,Ice,MEDIUM,41.5537,-117.227,179,2025-05-29T10:09:42,2025-06-01T04:30:32.968730,-19.3,33.5,23.1,0.5,1.55,52
WE00416,Thunderstorm,LOW,27.1254,-82.3976,100,2024-02-12T21:01:21,2024-02-13T08:30:10.732321,6.2,117.0,6.9,6.0,1.15,13
WE00417,Extreme Wind,MEDIUM,41.9402,-78.24,187,2024-06-28T04:15:07,2024-06-28T14:58:33.980859,21.5,101.5,12.8,5.4,1.67,87
WE00418,Extreme Wind,LOW,26.8419,-95.378,68,2025-02-09T18:48:30,2025-02-10T10:41:51.775417,3.2,4.2,156.9,5.9,1.12,10
WE00419,Extreme Wind,LOW,35.6733,-95.3474,77,2024-10-04T09:29:26,2024-10-06T09:30:47.326635,1.7,64.7,150.8,0.2,1.19,10
WE00420,Ice,CRITICAL,41.0536,-78.0,433,2026-06-20T21:57:14,2026-06-21T23:15:35.638077,-13.8,117.8,55.1,0.9,4.65,422
WE00421,Hurricane,LOW,30.4273,-91.4065,53,2025-02-16T09:18:12,2025-02-19T07:10:38.404353,5.6,153.8,162.0,2.2,1.22,19
WE00422,Extreme Wind,MEDIUM,44.5803,-75.9731,249,2024-02-29T10:19:54,2024-03-01T16:52:02.203397,8.3,4.3,140.3,7.4,1.89,81
WE00423,Snowstorm,LOW,39.5237,-87.1327,80,2024-06-17T09:32:23,2024-06-19T04:02:36.642084,-17.2,178.7,72.9,2.7,1.36,12
WE00424,Extreme Wind,HIGH,35.7556,-87.6165,292,2025-11-06T01:42:40,2025-11-07T11:18:01.605122,37.7,193.7,80.1,0.0,2.72,232
WE00425,Extreme Wind,LOW,40.044,-93.0636,141,2025-06-21T00:08:58,2025-06-21T09:20:33.947177,28.2,143.7,47.2,9.1,1.17,28
WE00426,Ice,CRITICAL,41.4935,-94.2385,402,2025-05-02T06:44:16,2025-05-03T10:32:30.790573,36.4,130.1,153.7,0.0,4.2,391
WE00427,Tornado,MEDIUM,37.3966,-92.7526,170,2025-11-08T21:56:35,2025-11-09T22:38:13.441209,-12.1,7.7,165.5,7.7,1.84,33
WE00428,Hurricane,MEDIUM,34.1399,-84.5294,149,2026-03-05T11:14:01,2026-03-07T14:46:51.875650,24.1,144.5,47.0,7.5,1.92,50
WE00429,Extreme Heat,MEDIUM,43.3597,-122.7056,117,2024-06-28T15:35:14,2024-06-29T20:06:31.172805,18.3,86.9,75.7,4.4,1.77,88
WE00430,Tornado,LOW,30.6921,-80.1609,138,2025-08-21T09:07:35,2025-08-23T04:38:12.067998,-5.4,183.6,168.1,7.7,1.0,9
WE00431,Hurricane,MEDIUM,42.9244,-77.5996,101,2026-06-14T16:45:37,2026-06-17T10:07:25.347449,-11.3,32.8,80.9,0.0,1.51,40
WE00432,Extreme Heat,CRITICAL,37.7137,-95.6372,373,2024-10-22T06:39:01,2024-10-24T15:28:29.433903,37.8,42.7,41.3,0.0,4.18,350
WE00433,Hurricane,LOW,35.3794,-120.9852,106,2025-01-30T16:44:36,2025-01-31T01:15:38.661656,24.3,81.8,186.1,6.5,1.17,20
WE00434,Extreme Wind,LOW,40.4879,-120.2096,94,2024-03-09T22:50:59,2024-03-10T19:38:54.499542,29.8,183.9,70.7,3.4,1.09,6
WE00435,Tornado,LOW,44.0099,-89.4404,70,2025-11-08T09:24:09,2025-11-08T15:17:26.092403,29.1,108.3,96.5,0.4,1.43,27
WE00436,Extreme Heat,LOW,41.0097,-85.896,93,2024-01-03T15:03:19,2024-01-06T07:06:37.954280,29.6,154.5,45.9,6.4,1.02,21
WE00437,Tornado,LOW,34.2717,-113.1673,145,2026-03-18T16:02:07,2026-03-20T19:39:03.710870,-10.1,61.9,192.9,1.7,1.26,28
WE00438,Tornado,CRITICAL,37.8618,-76.4832,769,2026-04-16T10:56:43,2026-04-18T14:05:28.032722,37.1,68.4,131.9,0.0,4.49,485
WE00439,Tornado,LOW,48.422,-111.4678,142,2024-11-02T02:00:07,2024-11-04T22:58:38.212142,20.6,185.4,44.3,0.4,1.07,29
WE00440,Heavy Rain,MEDIUM,40.6451,-84.3468,280,2025-07-19T19:09:38,2025-07-21T14:54:18.948596,39.2,167.3,178.8,4.4,1.79,44
WE00441,Fog,MEDIUM,42.3163,-77.4586,231,2025-10-31T23:55:57,2025-11-02T02:43:14.645276,33.0,87.1,16.4,3.1,1.64,38
WE00442,Thunderstorm,LOW,38.0483,-102.3205,68,2024-04-18T16:48:45,2024-04-21T16:44:02.893391,13.2,180.8,27.1,5.8,1.28,7
WE00443,Tornado,HIGH,34.127,-98.5619,292,2025-05-27T22:44:58,2025-05-28T02:32:37.036552,5.8,132.8,57.9,0.0,2.94,101
WE00444,Hurricane,CRITICAL,41.3721,-80.0262,455,2025-05-02T15:37:24,2025-05-04T20:38:19.488668,28.7,75.2,94.2,0.0,4.03,391
WE00445,Snowstorm,LOW,35.6131,-96.7132,116,2024-07-12T14:22:06,2024-07-14T14:42:46.536010,-1.5,148.8,166.2,8.2,1.2,10
WE00446,Tornado,MEDIUM,40.7916,-86.3154,184,2025-04-11T12:49:32,2025-04-12T21:14:51.017041,43.3,124.6,101.7,4.4,1.55,80
WE00447,Snowstorm,LOW,45.332,-120.7763,77,2026-02-26T18:53:50,2026-03-01T16:39:21.784974,-2.5,192.5,36.4,8.9,1.32,5
WE00448,Thunderstorm,LOW,28.8178,-92.1132,72,2025-04-25T10:58:04,2025-04-26T00:51:34.764075,14.0,174.4,7.4,4.3,1.21,13
WE00449,Snowstorm,LOW,46.2717,-114.9538,113,2025-09-26T09:59:28,2025-09-27T08:45:01.143555,-3.1,18.7,94.9,6.9,1.37,21
WE00450,Fog,HIGH,38.8585,-112.2113,422,2025-05-21T16:58:48,2025-05-24T04:10:48.171060,13.6,166.3,98.6,0.0,2.61,163
WE00451,Heavy Rain,LOW,31.3494,-91.1173,121,2025-09-17T02:34:25,2025-09-18T03:25:42.711256,25.0,129.8,196.2,6.0,1.09,20
WE00452,Tornado,MEDIUM,30.8795,-78.6426,279,2025-04-04T06:49:29,2025-04-05T22:18:08.572186,41.9,100.0,39.2,3.9,1.58,77
WE00453,Extreme Wind,CRITICAL,29.6753,-80.7517,685,2026-05-11T05:59:43,2026-05-11T11:35:19.878261,4.3,97.3,186.9,1.0,3.73,400
WE00454,Thunderstorm,LOW,34.7501,-75.8655,90,2024-07-16T17:37:59,2024-07-17T07:06:45.697723,0.8,87.0,24.1,7.7,1.06,15
WE00455,Hurricane,LOW,30.354,-110.1943,121,2024-10-25T00:19:01,2024-10-26T22:02:58.888851,-0.4,140.2,69.8,8.7,1.01,13
WE00456,Fog,MEDIUM,41.54,-89.1331,108,2025-10-15T03:22:31,2025-10-15T20:09:06.004599,-18.4,62.1,122.9,4.4,1.88,48
WE00457,Fog,CRITICAL,38.5424,-81.9493,534,2025-08-11T23:33:37,2025-08-12T23:24:16.152668,23.5,13.2,0.5,1.8,3.03,461
WE00458,Thunderstorm,LOW,37.1138,-76.2328,51,2024-09-27T08:12:34,2024-09-28T20:31:29.483441,-7.4,199.5,147.2,2.1,1.12,16
WE00459,Extreme Wind,HIGH,32.1682,-87.8968,413,2026-06-03T01:46:54,2026-06-03T16:59:15.900862,14.5,77.0,125.2,0.0,2.59,221
WE00460,Extreme Heat,LOW,34.0528,-88.8828,80,2025-04-12T12:13:28,2025-04-13T03:00:32.066523,14.0,149.2,181.5,6.5,1.19,20
WE00461,Extreme Heat,MEDIUM,29.7305,-84.1836,297,2025-09-22T19:34:46,2025-09-24T13:24:34.168233,5.1,195.7,197.7,1.1,1.97,66
WE00462,Hurricane,HIGH,30.9359,-95.2918,492,2026-05-01T04:34:47,2026-05-03T07:27:15.771333,2.7,196.2,43.1,3.7,2.13,229
WE00463,Hurricane,LOW,38.6326,-81.3701,132,2024-01-01T15:08:04,2024-01-03T18:28:40.273701,20.9,53.9,49.6,1.5,1.07,10
WE00464,Tornado,MEDIUM,44.2685,-109.1111,182,2025-04-17T01:16:45,2025-04-19T06:10:16.164868,9.9,106.2,151.1,6.8,1.54,85
WE00465,Extreme Heat,LOW,44.2847,-80.5768,86,2025-03-21T16:55:07,2025-03-22T05:33:43.073469,-7.2,31.0,61.0,2.7,1.08,15
WE00466,Hurricane,LOW,43.6656,-107.9301,65,2024-11-22T12:10:42,2024-11-24T07:13:32.305835,3.1,79.8,161.2,9.3,1.06,15
WE00467,Extreme Wind,HIGH,32.5122,-84.0348,330,2025-10-29T19:23:30,2025-10-31T05:43:31.137200,10.6,188.1,57.3,0.0,2.73,147
WE00468,Tornado,MEDIUM,48.2555,-120.9768,118,2026-06-19T23:23:59,2026-06-21T22:23:18.754272,4.6,128.5,150.3,0.0,1.54,89
WE00469,Fog,HIGH,44.3421,-81.5335,364,2025-05-15T14:19:19,2025-05-17T21:30:55.878640,12.3,150.0,193.7,0.0,2.72,212
WE00470,Ice,HIGH,40.3293,-86.9457,292,2025-12-23T08:00:58,2025-12-24T14:44:09.263088,16.5,141.0,136.6,0.0,2.38,237
WE00471,Extreme Wind,HIGH,35.0629,-91.4,458,2025-11-17T06:58:35,2025-11-20T02:03:21.664159,38.0,108.9,37.0,2.2,2.65,194
WE00472,Tornado,MEDIUM,27.7688,-82.9512,279,2025-11-17T20:54:43,2025-11-18T05:16:16.198951,26.1,34.5,62.8,3.1,1.59,31
WE00473,Heavy Rain,HIGH,44.5908,-99.5004,366,2024-11-27T23:21:56,2024-11-29T17:06:16.087241,28.7,72.8,115.5,3.7,2.29,99
WE00474,Fog,LOW,40.3505,-85.6126,135,2026-03-05T01:56:52,2026-03-07T06:25:38.424419,25.6,160.4,153.2,1.0,1.38,13
WE00475,Snowstorm,CRITICAL,32.3658,-108.4863,414,2026-01-05T01:39:34,2026-01-06T23:42:49.997006,12.8,8.9,53.9,0.0,3.38,567
WE00476,Extreme Wind,CRITICAL,44.1344,-108.9096,476,2024-09-20T14:33:13,2024-09-22T02:53:12.810387,-12.9,176.6,88.7,1.8,4.92,498
WE00477,Ice,CRITICAL,33.8944,-87.5738,404,2024-05-11T17:24:24,2024-05-13T06:16:52.680497,41.9,1.8,24.9,0.0,4.75,447
WE00478,Thunderstorm,LOW,45.6788,-110.5569,130,2025-03-16T20:19:26,2025-03-19T00:11:02.839644,28.1,91.0,28.3,4.4,1.11,23
WE00479,Hurricane,LOW,32.0838,-80.7092,78,2026-03-11T17:26:37,2026-03-13T09:49:19.350028,-10.2,89.9,179.9,8.0,1.49,6
WE00480,Fog,MEDIUM,38.9749,-99.2656,131,2025-06-04T16:43:26,2025-06-07T08:42:02.048529,20.4,94.2,159.1,0.7,1.98,39
WE00481,Tornado,MEDIUM,34.5632,-117.6179,172,2024-05-25T01:43:37,2024-05-26T12:36:28.287514,-8.2,163.7,105.8,6.4,1.82,49
WE00482,Snowstorm,MEDIUM,32.1252,-93.5324,203,2024-12-30T20:32:09,2024-12-31T16:31:28.930932,1.2,134.2,137.2,4.0,1.62,84
WE00483,Snowstorm,LOW,45.356,-89.6623,137,2025-04-27T05:16:35,2025-04-27T10:23:24.779432,38.0,72.6,37.7,8.6,1.36,13
WE00484,Extreme Wind,MEDIUM,37.3216,-94.9134,101,2024-12-14T23:12:39,2024-12-17T14:10:18.359129,-11.9,160.7,31.9,7.6,1.76,47
WE00485,Heavy Rain,MEDIUM,29.8252,-82.4323,299,2024-11-05T08:06:07,2024-11-07T03:32:57.995907,3.8,150.2,160.2,3.3,1.5,43
WE00486,Ice,HIGH,41.8862,-110.0699,432,2024-08-16T21:45:14,2024-08-18T17:07:10.233135,16.4,79.0,161.7,4.9,2.07,119
WE00487,Extreme Heat,LOW,34.3781,-120.5124,121,2024-02-07T22:38:40,2024-02-10T05:15:35.199960,24.7,33.5,106.5,5.8,1.17,9
WE00488,Extreme Wind,LOW,44.6012,-116.4015,143,2024-03-12T18:58:20,2024-03-13T10:08:39.321368,6.9,178.2,190.1,0.2,1.31,27
WE00489,Fog,CRITICAL,37.0003,-87.8553,684,2025-01-15T08:23:29,2025-01-18T04:28:16.688465,44.4,15.2,85.8,0.0,3.38,288
WE00490,Thunderstorm,CRITICAL,45.0665,-118.6777,374,2026-01-08T02:22:00,2026-01-08T18:16:30.273342,10.7,175.8,115.8,0.0,4.14,292
WE00491,Hurricane,LOW,42.2859,-85.636,73,2024-04-23T03:13:59,2024-04-25T19:00:36.588594,20.3,116.3,190.3,4.7,1.23,23
WE00492,Heavy Rain,MEDIUM,39.1654,-72.1921,131,2025-12-08T11:08:43,2025-12-10T08:31:46.834981,-7.2,48.2,170.4,0.2,1.91,58
WE00493,Ice,LOW,43.9701,-87.673,53,2025-10-05T19:28:50,2025-10-07T06:25:26.782534,-19.0,28.1,148.2,4.5,1.28,27
WE00494,Heavy Rain,LOW,41.758,-73.1998,74,2026-06-13T06:34:00,2026-06-15T00:28:16.249824,-18.6,116.8,9.5,4.1,1.39,10
WE00495,Extreme Wind,MEDIUM,32.5648,-86.3442,266,2024-10-29T01:04:15,2024-10-29T04:16:32.333805,-6.9,150.4,188.0,7.7,1.71,44
WE00496,Extreme Heat,MEDIUM,41.9058,-70.153,191,2025-08-19T11:45:17,2025-08-20T05:53:20.135485,35.3,189.5,199.2,0.0,1.92,68
WE00497,Thunderstorm,LOW,29.8532,-84.9116,54,2026-02-06T23:43:00,2026-02-09T15:49:03.901983,20.8,122.8,109.2,5.2,1.24,18
WE00498,Extreme Heat,MEDIUM,39.7182,-83.8368,108,2025-09-12T20:08:19,2025-09-13T09:09:47.940174,6.6,60.8,20.6,1.4,1.76,64
WE00499,Extreme Heat,LOW,40.664,-88.4453,105,2025-01-14T00:23:57,2025-01-15T08:20:49.537209,30.6,142.9,190.4,7.9,1.37,8
WE00500,Extreme Wind,HIGH,33.8411,-86.2399,319,2024-08-17T05:51:30,2024-08-20T01:40:58.899233,-6.3,42.4,30.3,1.2,2.18,186
WE00501,Extreme Heat,MEDIUM,35.4798,-99.2736,216,2024-01-09T14:43:32,2024-01-10T14:22:19.491399,40.6,154.4,176.1,5.2,1.74,77
WE00502,Tornado,MEDIUM,41.3041,-80.0305,226,2024-06-14T13:51:44,2024-06-17T07:52:42.282590,42.0,188.7,170.3,0.0,1.54,66
WE00503,Snowstorm,MEDIUM,39.7008,-104.5811,215,2025-10-22T10:35:56,2025-10-23T14:04:01.638686,43.3,140.8,149.0,2.1,1.73,80
WE00504,Tornado,MEDIUM,35.9747,-94.8946,198,2024-12-05T22:59:20,2024-12-08T05:19:04.775788,15.1,6.0,134.2,2.9,2.0,78
WE00505,Tornado,LOW,39.1852,-95.1569,127,2024-09-30T05:31:50,2024-10-01T00:03:26.539081,20.5,162.2,69.1,3.3,1.06,17
WE00506,Thunderstorm,LOW,33.3154,-85.1141,60,2026-03-15T14:51:52,2026-03-18T07:27:51.009100,-4.9,156.3,108.4,7.0,1.22,14
WE00507,Tornado,LOW,31.2575,-101.4407,87,2025-12-22T15:40:30,2025-12-23T08:10:09.564348,-5.9,159.6,16.4,3.7,1.45,18
WE00508,Extreme Wind,HIGH,35.4178,-94.8444,251,2024-03-19T00:16:37,2024-03-21T09:22:21.992280,5.7,4.7,106.8,0.0,2.21,191
WE00509,Snowstorm,HIGH,45.1354,-71.1851,447,2026-05-15T21:35:39,2026-05-16T12:29:31.439358,7.1,93.5,142.8,0.0,2.91,91
WE00510,Extreme Heat,LOW,37.0872,-78.5428,116,2025-01-22T02:47:06,2025-01-25T00:09:46.725595,0.6,164.0,110.1,7.7,1.12,28
WE00511,Thunderstorm,LOW,36.7628,-76.2994,58,2024-07-07T12:34:35,2024-07-09T23:49:00.227717,-8.0,160.5,124.4,5.0,1.29,12
WE00512,Fog,MEDIUM,41.8588,-69.081,286,2025-12-10T02:07:49,2025-12-12T07:36:29.460950,-2.3,64.4,170.4,4.0,1.96,79
WE00513,Snowstorm,LOW,38.7398,-78.7618,148,2024-07-26T03:14:31,2024-07-26T23:05:26.120533,13.8,28.2,156.4,1.2,1.27,8
WE00514,Thunderstorm,LOW,38.8706,-77.125,116,2025-12-22T19:09:19,2025-12-23T17:46:08.689949,-14.4,37.4,71.1,6.9,1.5,11
WE00515,Ice,CRITICAL,37.3885,-121.2432,769,2026-04-05T02:01:54,2026-04-07T22:22:30.216128,22.7,133.2,65.8,0.0,3.94,493
WE00516,Thunderstorm,MEDIUM,36.3607,-88.2011,147,2026-05-18T06:14:42,2026-05-20T05:26:25.533164,19.8,65.9,140.5,0.1,1.54,48
WE00517,Ice,MEDIUM,37.3655,-84.7234,254,2025-05-07T21:43:30,2025-05-08T10:47:35.563533,41.3,18.1,92.3,0.0,1.73,88
WE00518,Fog,CRITICAL,43.2448,-79.3485,349,2025-11-18T12:19:59,2025-11-20T08:11:15.390988,-17.5,13.3,125.9,0.0,4.4,478
WE00519,Ice,HIGH,35.1071,-94.4833,446,2026-02-23T03:29:38,2026-02-23T16:52:45.049288,11.8,102.4,46.6,4.7,2.62,106
WE00520,Tornado,MEDIUM,33.0361,-78.0421,143,2025-10-24T22:02:54,2025-10-25T03:27:21.695469,32.0,173.2,54.3,0.0,1.7,60
WE00521,Heavy Rain,LOW,36.9789,-92.0169,127,2026-05-01T02:08:48,2026-05-01T19:26:29.222879,35.4,134.4,35.5,7.4,1.29,26
WE00522,Tornado,MEDIUM,31.3309,-111.7089,247,2025-11-23T16:51:51,2025-11-25T04:55:32.897940,7.7,137.6,74.4,3.0,1.97,65
WE00523,Fog,HIGH,44.4886,-90.855,231,2024-09-04T05:50:12,2024-09-06T05:23:34.957471,37.8,199.7,183.2,0.4,2.86,147
WE00524,Extreme Wind,MEDIUM,34.5739,-116.2532,244,2026-01-07T09:08:44,2026-01-08T22:25:51.835195,-15.2,59.3,110.1,5.4,1.8,59
WE00525,Fog,MEDIUM,38.8836,-77.4784,187,2025-11-30T03:49:00,2025-11-30T14:46:45.422928,8.1,136.4,105.7,2.3,1.8,80
WE00526,Extreme Wind,HIGH,43.6809,-98.7074,416,2025-02-06T15:21:40,2025-02-09T04:41:46.929847,34.4,110.3,64.8,0.0,2.51,231
WE00527,Tornado,CRITICAL,44.6752,-77.0508,648,2025-01-19T01:45:55,2025-01-19T14:42:24.454897,-15.2,186.4,96.4,0.0,4.25,546
WE00528,Extreme Wind,HIGH,39.8899,-94.7409,435,2025-03-06T18:54:59,2025-03-07T05:23:20.729848,11.4,29.5,126.6,0.0,2.12,220
WE00529,Fog,MEDIUM,41.1692,-98.0231,209,2026-03-20T19:27:56,2026-03-21T12:13:05.920887,20.3,42.6,189.2,4.3,1.9,53
WE00530,Snowstorm,MEDIUM,40.3069,-70.2793,282,2026-01-22T19:05:10,2026-01-24T16:53:58.755479,-11.7,24.2,142.8,0.0,1.59,31
WE00531,Heavy Rain,MEDIUM,47.9699,-122.011,115,2025-01-06T15:43:56,2025-01-07T06:15:30.963734,37.2,94.9,36.5,6.1,1.86,62
WE00532,Snowstorm,MEDIUM,48.0519,-114.8381,132,2025-03-02T13:44:05,2025-03-02T18:28:49.703105,29.9,6.0,89.1,4.1,1.8,64
WE00533,Fog,LOW,36.6828,-79.052,106,2025-11-14T07:38:20,2025-11-16T13:56:30.224487,26.3,55.9,76.8,0.8,1.16,6
WE00534,Hurricane,CRITICAL,43.6721,-121.9325,688,2024-04-30T08:47:19,2024-04-30T22:03:31.630957,-19.4,23.0,166.8,0.0,3.14,432
WE00535,Thunderstorm,LOW,37.7417,-107.2267,113,2025-03-19T20:43:03,2025-03-22T12:51:48.015683,-1.7,90.7,85.6,0.6,1.41,16
WE00536,Heavy Rain,LOW,43.44,-81.1723,70,2024-12-30T06:33:15,2024-12-30T16:33:50.235550,5.8,88.8,83.7,5.7,1.02,10
WE00537,Thunderstorm,LOW,41.893,-85.803,122,2025-02-26T02:16:24,2025-02-26T16:40:12.867736,-12.5,9.8,54.0,7.2,1.45,29
WE00538,Extreme Wind,LOW,38.7084,-94.4274,140,2025-06-05T17:18:13,2025-06-08T10:18:34.660583,3.5,42.9,96.8,3.0,1.12,8
WE00539,Thunderstorm,LOW,40.1146,-92.7231,75,2025-05-11T15:38:11,2025-05-12T18:57:34.839398,26.3,156.8,36.1,7.4,1.22,28
WE00540,Hurricane,HIGH,43.3955,-71.4557,329,2026-04-19T02:20:04,2026-04-19T12:50:36.513077,-17.1,136.8,49.9,0.0,2.44,106
WE00541,Thunderstorm,CRITICAL,42.35,-80.3815,662,2024-05-05T04:09:10,2024-05-05T17:50:57.028202,-5.9,20.0,104.5,0.3,4.05,478
WE00542,Heavy Rain,MEDIUM,31.3426,-118.6814,213,2024-08-02T22:57:32,2024-08-05T18:23:13.253100,24.5,185.4,8.3,6.0,1.71,57
WE00543,Extreme Heat,CRITICAL,35.8929,-120.7981,637,2024-08-22T07:22:28,2024-08-22T17:24:31.397157,-0.8,121.8,153.0,0.0,3.82,410
WE00544,Extreme Heat,HIGH,41.3582,-69.0247,382,2024-12-25T06:03:10,2024-12-25T12:38:04.110952,44.5,19.5,137.3,0.8,2.82,109
WE00545,Fog,HIGH,40.9091,-71.0644,242,2025-08-18T00:35:26,2025-08-20T23:20:05.233532,35.1,118.5,125.0,0.0,2.18,230
WE00546,Tornado,HIGH,30.8707,-97.4558,244,2024-08-25T08:59:35,2024-08-25T16:05:57.700779,21.5,101.1,114.0,0.0,2.0,97
WE00547,Extreme Wind,LOW,42.9749,-72.8071,149,2024-11-28T08:44:29,2024-11-29T13:35:14.391827,26.1,120.1,149.1,7.4,1.17,19
WE00548,Snowstorm,CRITICAL,32.6505,-88.6337,546,2024-04-09T18:37:30,2024-04-12T07:38:04.474390,13.9,25.3,192.6,1.8,4.92,566
WE00549,Extreme Heat,HIGH,43.6684,-78.8253,410,2025-10-06T11:23:46,2025-10-07T10:57:31.358407,-19.4,184.4,73.2,0.0,2.38,98
WE00550,Ice,HIGH,36.7348,-87.8755,265,2025-09-25T04:24:21,2025-09-27T05:42:16.906581,14.0,17.8,125.5,2.9,2.6,148
WE00551,Snowstorm,LOW,47.5516,-119.7005,67,2025-05-29T00:09:08,2025-05-31T13:24:25.742623,12.2,52.6,34.9,1.6,1.3,7
WE00552,Tornado,HIGH,42.8422,-85.5974,218,2026-04-22T22:00:34,2026-04-23T08:04:25.575393,39.4,61.0,99.8,1.6,2.23,114
WE00553,Tornado,HIGH,35.1671,-86.397,355,2025-12-24T18:55:01,2025-12-26T11:47:52.562807,-1.3,71.9,185.4,4.8,2.19,194
WE00554,Thunderstorm,LOW,48.2362,-120.71,112,2025-10-07T21:11:13,2025-10-08T22:18:21.186738,-14.7,136.4,116.7,3.8,1.06,5
WE00555,Heavy Rain,LOW,33.1693,-98.4771,106,2024-04-06T17:26:02,2024-04-07T20:47:13.867723,34.3,38.8,44.3,9.2,1.25,18
WE00556,Extreme Wind,MEDIUM,32.7257,-88.6843,158,2024-11-17T07:20:41,2024-11-18T11:45:22.018133,3.1,171.6,195.5,3.7,1.72,38
WE00557,Tornado,LOW,34.0825,-95.2416,50,2025-10-14T16:05:08,2025-10-15T02:15:36.702091,-19.8,125.0,155.5,7.5,1.48,21
WE00558,Ice,MEDIUM,38.3373,-75.9326,292,2025-08-28T00:44:52,2025-08-29T13:43:08.546606,-1.4,198.3,182.7,0.0,1.65,88
WE00559,Tornado,LOW,39.8903,-85.3388,103,2026-06-26T08:03:31,2026-06-26T12:41:23.203375,13.1,56.6,122.5,5.8,1.27,11
WE00560,Snowstorm,MEDIUM,42.9635,-75.6298,136,2024-01-31T08:12:14,2024-01-31T15:01:47.054463,26.1,36.8,35.1,7.7,1.8,48
WE00561,Extreme Wind,HIGH,40.699,-73.3546,340,2026-06-13T07:17:30,2026-06-16T05:46:42.635651,11.9,44.4,179.3,0.0,2.48,94
WE00562,Snowstorm,MEDIUM,42.2839,-80.8773,220,2025-08-13T21:37:57,2025-08-14T18:46:45.845693,41.3,106.4,54.5,0.0,1.92,37
WE00563,Heavy Rain,MEDIUM,34.0877,-85.0824,262,2026-01-10T23:05:36,2026-01-13T14:49:22.607665,40.8,155.2,136.0,7.0,1.65,32
WE00564,Hurricane,MEDIUM,32.5268,-116.1104,232,2024-01-10T03:49:18,2024-01-10T18:04:25.477453,43.3,63.6,198.8,1.1,1.84,82
WE00565,Extreme Heat,HIGH,33.2659,-98.3522,244,2025-06-30T10:31:07,2025-07-01T09:35:20.445297,27.5,77.4,154.2,0.6,2.87,125
WE00566,Thunderstorm,LOW,41.1901,-118.2743,90,2025-04-08T21:05:11,2025-04-10T14:26:57.435610,14.8,182.9,36.0,9.8,1.34,14
WE00567,Thunderstorm,CRITICAL,46.4217,-110.376,522,2025-08-28T19:45:21,2025-08-30T13:01:32.190831,2.1,14.4,88.6,0.0,3.74,371
WE00568,Extreme Wind,CRITICAL,42.0079,-76.3498,484,2025-10-12T22:14:44,2025-10-15T11:41:52.674118,24.1,67.4,101.5,0.5,4.39,438
WE00569,Snowstorm,MEDIUM,36.7145,-85.017,234,2026-04-16T02:19:01,2026-04-16T14:43:28.757389,42.5,108.8,146.7,5.9,1.77,61
WE00570,Hurricane,HIGH,44.7393,-115.6674,351,2026-04-28T09:17:17,2026-04-29T05:39:54.216103,43.0,73.9,128.6,0.1,2.61,102
WE00571,Heavy Rain,LOW,37.9208,-119.7823,73,2024-12-08T14:16:42,2024-12-10T23:20:49.148526,4.7,182.8,183.2,0.9,1.22,15
WE00572,Heavy Rain,MEDIUM,30.7462,-108.2402,283,2026-01-28T10:30:51,2026-01-31T00:29:25.317473,-8.6,169.1,21.8,0.9,1.93,85
WE00573,Hurricane,HIGH,31.9134,-101.2285,354,2024-12-06T20:37:53,2024-12-07T01:03:04.780390,15.9,115.8,98.0,0.0,2.65,179
WE00574,Heavy Rain,MEDIUM,31.2514,-96.0527,164,2025-02-27T23:45:57,2025-02-28T14:54:33.220575,41.0,44.6,174.3,7.8,1.76,63
WE00575,Tornado,LOW,32.4405,-84.1226,64,2025-11-08T01:08:34,2025-11-10T02:48:02.366877,44.0,73.2,121.1,4.7,1.29,26
WE00576,Tornado,CRITICAL,38.3528,-81.6362,380,2026-01-24T10:02:45,2026-01-27T02:22:17.104238,5.1,92.8,170.9,0.0,4.4,409
WE00577,Fog,LOW,28.6664,-81.3605,57,2024-02-15T02:07:25,2024-02-17T19:31:02.982520,42.3,161.0,58.7,8.6,1.14,19
WE00578,Fog,LOW,25.3741,-80.983,110,2025-08-27T01:38:50,2025-08-28T15:27:45.770910,27.3,59.5,40.7,4.0,1.35,29
WE00579,Extreme Wind,LOW,35.9346,-82.2688,90,2025-06-06T03:49:03,2025-06-08T07:40:46.089760,34.1,45.4,56.7,1.2,1.3,14
WE00580,Tornado,LOW,35.8257,-85.7095,126,2025-09-20T02:01:04,2025-09-20T05:21:20.616152,40.0,49.5,152.9,0.6,1.16,26
WE00581,Ice,LOW,38.2102,-84.2134,142,2024-09-13T09:18:48,2024-09-14T01:27:58.671369,32.7,12.5,19.8,4.2,1.38,14
WE00582,Extreme Heat,MEDIUM,34.7412,-120.2265,203,2025-12-27T01:34:03,2025-12-29T03:22:23.240880,14.7,140.1,127.1,6.2,1.97,49
WE00583,Tornado,HIGH,35.3073,-92.748,394,2024-07-17T06:18:32,2024-07-19T00:50:58.013247,32.4,36.1,3.1,4.0,2.95,109
WE00584,Hurricane,CRITICAL,41.5235,-78.5262,555,2026-04-09T17:34:20,2026-04-11T15:45:16.875294,21.6,148.7,178.2,0.0,3.65,527
WE00585,Thunderstorm,CRITICAL,40.835,-79.1612,566,2024-02-11T21:22:55,2024-02-13T04:43:52.102504,-5.6,64.1,80.9,0.0,4.52,274
WE00586,Ice,MEDIUM,38.0221,-109.9389,168,2025-09-04T02:08:23,2025-09-06T09:06:51.029133,-9.1,127.3,163.1,3.0,1.77,58
WE00587,Tornado,HIGH,32.6281,-109.7875,240,2026-05-26T18:03:29,2026-05-27T15:41:49.252232,3.7,32.5,31.7,1.6,2.12,115
WE00588,Extreme Heat,CRITICAL,46.3712,-124.5421,463,2024-02-12T02:26:15,2024-02-13T05:59:07.964257,-18.3,48.4,9.8,0.0,3.73,321
WE00589,Fog,MEDIUM,35.6275,-89.6647,280,2024-05-10T09:47:17,2024-05-12T23:08:10.371429,16.7,37.7,104.4,7.2,1.76,66
WE00590,Fog,MEDIUM,26.5021,-83.1688,139,2025-10-27T19:50:32,2025-10-27T22:28:45.551502,28.3,150.6,87.6,4.0,1.64,44
WE00591,Tornado,MEDIUM,43.3456,-70.7626,265,2024-07-29T19:14:36,2024-08-01T06:00:25.915414,-3.2,95.2,127.5,5.0,1.62,72
WE00592,Tornado,LOW,40.9598,-96.2304,94,2025-12-18T05:21:56,2025-12-19T16:29:21.008292,43.7,119.0,66.6,3.9,1.17,23
WE00593,Fog,CRITICAL,42.2538,-81.5054,481,2024-10-09T07:20:57,2024-10-10T15:39:50.583037,-12.0,105.3,26.9,0.0,4.83,336
WE00594,Tornado,LOW,36.5244,-88.4717,57,2024-03-19T02:44:49,2024-03-20T14:52:07.384849,-8.5,108.0,85.1,2.2,1.09,19
WE00595,Fog,LOW,28.3855,-92.561,144,2025-02-08T03:19:49,2025-02-10T14:41:48.293410,28.8,143.1,158.9,1.6,1.07,26
WE00596,Ice,HIGH,42.4478,-91.33,441,2025-08-11T22:00:59,2025-08-13T05:54:42.644242,31.2,9.0,162.8,0.0,2.8,105
WE00597,Snowstorm,LOW,41.4853,-94.0743,106,2025-05-23T12:35:31,2025-05-24T05:31:36.711817,40.3,190.3,62.5,0.6,1.22,13
WE00598,Ice,MEDIUM,40.2971,-73.3049,176,2024-11-24T19:16:02,2024-11-27T01:28:12.252329,34.0,143.8,188.5,4.8,1.54,52
WE00599,Fog,LOW,34.5009,-84.6053,82,2025-12-07T08:25:10,2025-12-07T23:14:27.892502,10.9,5.3,186.6,7.5,1.38,17
WE00600,Extreme Wind,HIGH,26.2153,-80.046,404,2025-05-22T17:41:41,2025-05-23T16:40:32.640933,22.3,52.5,186.6,5.0,2.08,200
WE00601,Fog,LOW,35.18,-100.0573,62,2025-06-08T06:55:56,2025-06-11T03:50:30.573757,12.6,22.2,118.4,9.3,1.18,17
WE00602,Extreme Wind,CRITICAL,38.2223,-95.0851,623,2025-08-11T22:50:59,2025-08-14T15:26:32.286612,27.6,36.7,142.4,0.0,3.08,527
WE00603,Extreme Heat,LOW,30.2255,-87.4522,79,2025-03-08T06:09:30,2025-03-09T18:02:13.796867,18.2,91.9,66.9,4.2,1.24,27
WE00604,Extreme Heat,LOW,39.0174,-124.0204,70,2025-10-16T21:04:33,2025-10-17T21:57:56.517193,26.7,2.7,33.9,1.0,1.25,17
WE00605,Hurricane,LOW,43.6262,-74.1389,128,2025-01-26T21:21:51,2025-01-27T05:15:02.480686,-14.4,58.1,105.0,1.8,1.22,24
WE00606,Extreme Wind,MEDIUM,35.8532,-121.5216,259,2024-05-07T05:41:08,2024-05-08T04:32:39.446429,-2.3,2.9,104.8,5.4,1.92,36
WE00607,Thunderstorm,HIGH,41.1299,-92.937,255,2025-12-31T14:18:35,2026-01-02T03:20:07.494644,43.0,180.1,199.0,0.0,2.53,175
WE00608,Extreme Wind,MEDIUM,41.0443,-118.6994,143,2024-01-31T02:39:40,2024-02-02T23:36:22.869039,8.1,178.7,104.1,0.0,1.77,44
WE00609,Heavy Rain,MEDIUM,34.2776,-83.1441,121,2026-04-17T22:59:59,2026-04-20T04:06:24.821082,-3.3,127.8,138.8,0.5,1.58,50
WE00610,Hurricane,MEDIUM,45.8876,-94.0957,125,2024-03-21T21:53:31,2024-03-22T05:40:07.302996,37.0,168.0,71.2,0.9,1.96,72
WE00611,Ice,LOW,46.5886,-118.9508,101,2025-06-27T15:28:02,2025-06-30T14:16:45.906128,-13.3,153.1,189.7,3.2,1.41,7
WE00612,Tornado,CRITICAL,35.4886,-86.7597,772,2024-12-14T07:36:29,2024-12-16T18:05:51.122573,4.5,124.8,22.5,0.0,4.19,356
WE00613,Tornado,LOW,37.3983,-74.4595,52,2024-04-16T14:16:41,2024-04-16T18:00:39.012609,22.8,195.6,54.7,8.3,1.47,27
WE00614,Heavy Rain,CRITICAL,41.1328,-73.1183,394,2024-03-03T12:55:55,2024-03-03T21:11:22.971695,31.2,65.2,168.9,0.0,4.55,385
WE00615,Snowstorm,MEDIUM,38.4256,-76.0552,180,2024-02-18T04:52:55,2024-02-18T18:30:33.241007,43.3,41.0,147.4,6.7,1.53,45
WE00616,Fog,HIGH,37.4288,-79.4938,237,2025-01-19T03:23:23,2025-01-21T00:06:12.490473,-5.3,191.0,126.2,0.0,2.05,109
WE00617,Ice,HIGH,37.3257,-125.089,314,2024-11-05T16:42:17,2024-11-06T11:38:13.317149,20.1,126.5,160.6,4.1,2.22,149
WE00618,Thunderstorm,CRITICAL,40.7101,-69.7633,423,2024-02-01T15:49:19,2024-02-01T19:27:45.478128,-1.1,44.6,97.2,0.0,4.04,512
WE00619,Tornado,LOW,35.025,-97.2216,54,2024-08-24T17:13:32,2024-08-27T08:19:36.791907,42.0,90.7,102.4,3.2,1.37,14
WE00620,Thunderstorm,MEDIUM,31.1329,-106.5921,220,2025-01-05T13:36:00,2025-01-08T03:37:31.754202,9.8,25.6,58.3,2.5,1.58,79
WE00621,Extreme Heat,HIGH,28.4041,-91.2472,345,2024-07-15T01:51:32,2024-07-17T22:22:05.730627,-2.6,50.3,4.0,3.4,2.79,126
WE00622,Ice,LOW,41.397,-72.6307,121,2026-01-05T15:38:09,2026-01-07T15:19:11.189779,35.5,93.3,49.7,6.1,1.37,21
WE00623,Thunderstorm,MEDIUM,34.4835,-87.2915,270,2024-06-26T16:44:51,2024-06-29T15:12:55.621961,20.9,144.2,18.0,6.7,1.9,70
WE00624,Thunderstorm,LOW,39.2646,-74.6115,54,2026-05-26T02:18:35,2026-05-28T10:11:16.466336,-15.3,43.2,108.3,9.3,1.44,18
WE00625,Hurricane,LOW,43.2638,-75.8559,122,2024-12-04T14:18:25,2024-12-05T11:18:44.205242,26.4,4.4,6.9,0.1,1.45,9
WE00626,Fog,MEDIUM,43.6968,-71.0414,122,2025-12-23T09:43:24,2025-12-24T21:19:32.609603,-11.3,129.6,161.2,3.9,1.65,33
WE00627,Extreme Wind,HIGH,38.3496,-121.3272,347,2025-02-02T01:27:26,2025-02-04T10:13:32.680124,-4.9,114.5,58.6,0.0,2.37,171
WE00628,Thunderstorm,MEDIUM,38.9124,-86.8736,125,2025-07-27T01:24:32,2025-07-29T23:05:47.203705,18.1,167.8,66.5,0.0,1.54,50
WE00629,Extreme Heat,LOW,38.5857,-73.6324,100,2024-09-17T15:37:57,2024-09-19T05:31:03.080065,8.6,179.0,189.5,5.5,1.29,21
WE00630,Fog,MEDIUM,41.1625,-91.9773,282,2024-06-26T22:05:41,2024-06-28T16:23:57.746977,25.0,37.7,48.4,6.4,1.54,44
WE00631,Fog,HIGH,39.234,-93.7656,202,2024-09-11T09:37:54,2024-09-12T10:35:03.070922,-6.0,80.4,55.7,0.0,2.13,207
WE00632,Fog,MEDIUM,39.3218,-92.5169,248,2025-04-28T04:22:17,2025-04-29T18:33:12.030439,42.9,10.5,127.8,0.6,1.77,84
WE00633,Snowstorm,LOW,34.3542,-117.9227,79,2024-06-16T22:12:48,2024-06-18T06:19:16.679164,0.3,179.1,20.2,4.7,1.1,17
WE00634,Snowstorm,CRITICAL,28.1847,-83.2393,733,2026-06-17T22:55:50,2026-06-19T00:30:20.406978,34.9,124.2,150.7,0.0,4.16,260
WE00635,Extreme Wind,MEDIUM,39.1905,-96.5815,224,2024-02-09T21:21:39,2024-02-10T01:03:08.665574,20.6,24.5,62.6,2.3,1.5,64
WE00636,Thunderstorm,LOW,36.3772,-89.5193,99,2025-04-29T14:36:32,2025-04-29T18:46:41.250125,-1.0,127.5,133.8,1.9,1.24,22
WE00637,Fog,LOW,34.4158,-83.826,116,2026-06-13T11:15:28,2026-06-15T22:52:24.608244,-12.1,15.7,101.2,4.5,1.44,7
WE00638,Snowstorm,MEDIUM,34.6751,-95.0502,186,2025-08-06T00:27:27,2025-08-08T18:19:32.051784,30.0,17.7,93.2,5.1,1.81,81
WE00639,Tornado,HIGH,25.327,-84.8659,393,2025-09-08T04:20:57,2025-09-09T06:05:21.068863,-8.9,112.0,156.5,0.0,2.45,166
WE00640,Heavy Rain,HIGH,40.7372,-88.7057,458,2024-11-04T02:16:12,2024-11-05T11:37:32.257043,19.4,69.5,26.9,4.0,2.27,111
WE00641,Extreme Wind,LOW,40.2064,-68.8675,149,2024-04-28T01:21:14,2024-04-30T00:12:44.387534,-1.9,113.4,64.9,7.2,1.39,14
WE00642,Hurricane,LOW,22.9212,-82.6745,134,2025-01-12T06:04:52,2025-01-12T14:05:08.168992,15.5,94.2,169.9,9.5,1.2,24
WE00643,Fog,CRITICAL,47.2825,-124.8616,399,2024-06-07T07:09:21,2024-06-08T17:11:39.239404,14.6,32.4,149.6,0.0,4.61,362
WE00644,Thunderstorm,LOW,45.3148,-70.8133,88,2025-04-13T11:49:02,2025-04-14T05:21:28.417309,7.8,78.5,199.2,3.5,1.19,13
WE00645,Tornado,HIGH,36.3226,-92.3018,230,2024-07-07T01:15:35,2024-07-07T18:00:32.318926,18.4,112.7,50.1,0.0,2.1,151
WE00646,Hurricane,MEDIUM,44.0549,-95.819,209,2026-05-29T03:29:41,2026-05-29T15:03:55.889034,-17.1,60.3,91.0,3.4,1.53,66
WE00647,Hurricane,HIGH,36.2177,-94.6538,463,2024-03-04T19:10:05,2024-03-05T21:03:19.565378,11.9,157.0,86.5,0.2,2.42,138
WE00648,Extreme Heat,MEDIUM,35.5123,-82.849,250,2025-06-23T08:41:40,2025-06-25T11:06:47.152734,31.1,25.5,125.7,0.0,1.66,66
WE00649,Tornado,LOW,38.805,-100.2661,92,2026-04-07T14:10:56,2026-04-08T17:57:17.240417,-6.3,126.7,45.1,8.8,1.28,17
WE00650,Extreme Wind,MEDIUM,28.7791,-98.1431,163,2025-10-27T11:05:23,2025-10-27T14:43:26.734669,25.8,151.6,24.9,3.0,1.69,87
WE00651,Snowstorm,CRITICAL,42.8307,-110.5661,344,2025-07-29T15:53:01,2025-07-30T14:09:00.858621,-6.0,137.2,159.4,0.0,4.27,593
WE00652,Extreme Heat,MEDIUM,46.1205,-96.0321,170,2024-04-17T02:53:36,2024-04-17T22:45:01.658706,22.8,4.2,165.9,1.4,1.72,66
WE00653,Extreme Wind,LOW,44.8659,-81.3906,112,2026-02-24T23:35:07,2026-02-25T14:42:37.978357,18.0,49.2,30.0,8.0,1.3,18
WE00654,Fog,LOW,35.328,-121.3232,121,2025-06-14T02:01:13,2025-06-14T07:42:07.416078,28.2,9.4,105.4,2.6,1.05,20
WE00655,Tornado,LOW,38.3856,-112.5965,69,2024-01-20T15:42:22,2024-01-23T14:04:49.596739,17.9,45.6,29.6,0.1,1.34,23
WE00656,Tornado,LOW,41.3738,-77.5709,147,2025-10-14T12:55:29,2025-10-15T07:03:06.800426,-10.6,188.6,66.1,0.3,1.3,12
WE00657,Extreme Wind,LOW,31.8617,-89.2603,72,2026-01-31T12:02:39,2026-02-01T16:04:43.657049,5.7,184.0,196.4,3.9,1.2,13
WE00658,Fog,MEDIUM,42.0417,-84.8382,256,2024-06-12T22:46:27,2024-06-14T00:59:04.794126,9.5,95.0,12.2,6.7,1.75,39
WE00659,Thunderstorm,CRITICAL,40.6005,-76.9021,583,2025-11-04T10:55:25,2025-11-04T13:40:18.648321,7.2,72.0,55.1,0.0,4.22,465
WE00660,Hurricane,LOW,38.4983,-82.1943,90,2025-07-16T15:20:55,2025-07-17T00:27:25.635983,32.7,31.5,39.4,6.9,1.17,23
WE00661,Thunderstorm,MEDIUM,34.2246,-80.8487,266,2025-12-15T04:19:30,2025-12-17T12:32:23.581713,31.1,62.4,190.3,5.6,1.98,42
WE00662,Fog,LOW,33.8334,-89.4283,139,2024-08-25T15:55:24,2024-08-27T16:23:51.344042,28.5,77.3,113.5,7.7,1.34,14
WE00663,Ice,LOW,37.6545,-78.0668,93,2025-11-07T12:08:15,2025-11-09T22:16:11.042220,-18.2,103.8,148.1,0.2,1.04,14
WE00664,Hurricane,HIGH,39.4122,-94.8731,288,2024-09-30T14:51:42,2024-10-03T09:17:26.475224,-8.4,171.9,66.7,0.0,2.67,135
WE00665,Ice,LOW,37.4164,-115.631,122,2026-03-21T12:07:42,2026-03-21T14:40:55.934101,17.6,5.4,78.4,3.4,1.08,29
WE00666,Thunderstorm,MEDIUM,37.2325,-92.357,118,2025-02-23T13:24:05,2025-02-23T23:32:42.992963,-5.1,185.2,155.5,0.0,1.51,79
WE00667,Fog,HIGH,40.9561,-75.1667,472,2026-04-16T00:32:24,2026-04-16T18:32:34.106356,-12.7,74.8,6.3,1.7,2.47,226
WE00668,Hurricane,CRITICAL,36.5528,-77.721,780,2026-01-21T02:05:36,2026-01-22T05:56:56.977779,37.9,136.4,184.6,0.0,4.09,436
WE00669,Extreme Heat,MEDIUM,48.4562,-109.2239,153,2025-12-23T03:45:01,2025-12-23T23:22:51.690618,-18.9,3.3,19.6,4.3,1.9,86
WE00670,Fog,LOW,35.4315,-82.3967,115,2025-11-07T15:23:38,2025-11-09T19:01:07.725282,38.1,98.6,148.8,7.2,1.11,19
WE00671,Ice,MEDIUM,39.4946,-84.6207,162,2025-02-20T22:30:39,2025-02-22T09:05:17.068956,35.3,127.6,113.4,6.9,1.85,72
WE00672,Hurricane,LOW,41.5925,-86.2393,136,2025-05-15T16:23:08,2025-05-17T23:05:35.694713,-12.3,164.5,178.0,7.1,1.22,13
WE00673,Fog,LOW,35.8877,-106.0053,68,2025-01-16T08:43:23,2025-01-18T17:16:43.381481,42.1,2.9,69.0,8.6,1.08,29
WE00674,Tornado,MEDIUM,42.3086,-70.8669,149,2024-05-14T15:01:37,2024-05-16T05:00:28.823022,37.2,168.0,26.0,7.6,1.53,79
WE00675,Hurricane,HIGH,36.1432,-115.6681,214,2025-03-09T07:11:55,2025-03-11T08:33:48.251285,16.2,78.9,52.0,2.2,2.96,120
WE00676,Snowstorm,MEDIUM,38.2268,-79.4459,271,2025-12-01T07:07:00,2025-12-01T14:13:23.774442,17.3,172.8,63.3,3.2,1.63,44
WE00677,Hurricane,LOW,41.7051,-76.1718,146,2025-01-13T19:53:16,2025-01-16T00:10:53.813967,24.0,117.7,95.6,9.2,1.33,10
WE00678,Extreme Wind,MEDIUM,33.3667,-98.5012,170,2025-12-22T21:35:14,2025-12-23T21:11:32.978634,-12.9,30.5,108.8,7.4,1.77,58
WE00679,Fog,MEDIUM,37.2403,-120.2402,132,2026-06-04T05:32:04,2026-06-06T21:57:44.807992,25.3,112.2,5.9,0.0,1.9,65
WE00680,Heavy Rain,LOW,41.7663,-85.835,108,2025-08-11T17:44:43,2025-08-12T05:28:29.081886,30.1,106.9,128.2,3.3,1.43,5
WE00681,Extreme Wind,LOW,41.9255,-109.8362,94,2025-06-06T13:46:30,2025-06-08T10:06:36.274586,9.6,57.3,40.8,7.9,1.04,17
WE00682,Fog,LOW,38.0254,-82.991,90,2024-02-14T14:00:48,2024-02-16T20:39:43.996505,-16.9,87.5,171.6,3.6,1.48,7
WE00683,Fog,MEDIUM,41.3276,-86.9828,247,2026-02-06T21:04:55,2026-02-07T05:23:26.627062,10.0,183.4,17.5,6.5,1.83,53
WE00684,Fog,MEDIUM,31.1439,-114.5954,289,2025-05-19T21:24:23,2025-05-22T16:31:13.283972,-16.2,37.5,118.3,1.2,1.73,89
WE00685,Hurricane,HIGH,35.6738,-120.939,367,2024-10-09T11:28:52,2024-10-10T09:34:07.174518,21.3,152.6,168.4,0.0,2.7,184
WE00686,Heavy Rain,MEDIUM,41.5407,-69.8833,251,2026-01-27T09:10:44,2026-01-28T15:20:00.576711,-18.1,96.9,17.1,5.1,1.95,35
WE00687,Ice,HIGH,41.5684,-81.0879,254,2024-11-25T12:24:04,2024-11-25T22:35:38.566367,17.8,27.1,66.5,1.5,2.38,193
WE00688,Tornado,HIGH,45.4094,-114.953,326,2025-07-05T04:50:00,2025-07-06T23:25:00.691612,9.3,46.7,83.5,0.0,2.94,177
WE00689,Thunderstorm,CRITICAL,43.5945,-80.0677,445,2025-02-05T08:04:33,2025-02-06T07:17:01.036336,32.0,35.1,178.2,0.0,4.48,594
WE00690,Extreme Wind,MEDIUM,31.4256,-89.081,143,2025-06-12T16:45:06,2025-06-13T00:23:29.273698,11.9,95.2,9.1,2.4,1.7,74
WE00691,Ice,CRITICAL,43.8782,-71.2271,664,2025-03-10T10:25:26,2025-03-11T11:14:11.856779,-12.5,125.2,81.1,0.1,4.41,341
WE00692,Ice,MEDIUM,35.9935,-91.8677,236,2025-03-05T04:02:20,2025-03-05T13:53:24.770794,30.2,159.7,109.9,7.5,1.68,67
WE00693,Ice,LOW,28.9345,-81.5226,140,2026-05-13T09:23:29,2026-05-13T18:37:47.483004,-5.7,85.5,87.5,6.6,1.07,13
WE00694,Hurricane,LOW,34.9692,-83.4179,138,2024-01-16T18:27:39,2024-01-17T15:39:46.063708,5.1,35.5,158.1,8.8,1.26,11
WE00695,Snowstorm,LOW,35.4179,-87.7542,130,2026-03-13T13:15:35,2026-03-16T10:44:39.912647,-19.8,38.5,21.5,2.7,1.38,27
WE00696,Fog,MEDIUM,29.0552,-95.2673,234,2024-10-23T19:05:59,2024-10-24T17:48:16.569555,-7.5,181.0,166.6,0.5,1.59,79
WE00697,Extreme Wind,LOW,27.2083,-101.4818,144,2024-05-12T23:52:57,2024-05-15T22:08:28.588271,22.4,145.7,100.9,5.2,1.42,11
WE00698,Extreme Wind,LOW,46.4894,-95.0254,66,2025-01-09T22:24:20,2025-01-10T06:16:20.543370,9.2,58.5,65.7,7.4,1.1,25
WE00699,Hurricane,CRITICAL,39.2822,-81.5504,779,2025-09-23T08:44:19,2025-09-23T19:51:39.040944,-8.1,2.2,80.8,0.0,3.96,560
WE00700,Hurricane,MEDIUM,39.2101,-86.8737,157,2026-01-28T23:30:08,2026-01-30T16:40:10.976677,-0.2,165.8,39.0,3.6,1.72,33
WE00701,Ice,LOW,38.2464,-97.1947,51,2026-05-12T10:28:09,2026-05-12T14:22:42.761138,32.6,195.2,114.9,2.5,1.32,5
WE00702,Ice,HIGH,39.5717,-107.0131,376,2025-01-08T07:55:32,2025-01-10T00:19:59.664975,-9.9,169.2,94.3,0.8,2.68,171
WE00703,Ice,MEDIUM,40.8792,-92.7372,120,2026-01-09T14:02:15,2026-01-12T12:23:25.428158,36.0,157.4,15.3,0.0,1.6,57
WE00704,Tornado,HIGH,40.225,-73.5957,260,2026-02-01T11:08:44,2026-02-03T02:58:36.242768,12.6,10.8,64.8,2.2,2.22,149
WE00705,Hurricane,MEDIUM,43.5863,-116.5825,259,2025-11-27T05:09:29,2025-11-30T04:27:53.911886,-8.2,90.2,60.9,1.2,1.89,36
WE00706,Extreme Wind,CRITICAL,28.0382,-80.2034,685,2024-01-27T18:52:31,2024-01-28T06:58:39.766755,18.1,119.9,128.7,0.0,3.87,388
WE00707,Tornado,LOW,31.0455,-86.8908,114,2024-05-24T13:16:49,2024-05-25T21:42:50.348177,41.5,159.9,87.6,8.8,1.06,25
WE00708,Extreme Wind,CRITICAL,33.0098,-83.9831,353,2025-04-02T01:53:51,2025-04-03T09:59:05.734383,-0.8,189.2,83.5,0.0,4.18,456
WE00709,Ice,LOW,39.257,-95.808,134,2024-12-10T05:42:45,2024-12-10T18:45:16.644306,25.7,11.1,91.5,5.6,1.31,6
WE00710,Heavy Rain,LOW,38.4064,-79.1335,79,2025-09-20T05:10:00,2025-09-21T11:45:47.243264,37.1,45.8,149.1,0.9,1.12,12
WE00711,Thunderstorm,HIGH,45.6188,-108.1254,280,2025-01-12T23:04:26,2025-01-14T23:13:31.832511,16.2,31.5,30.2,1.1,2.98,158
WE00712,Extreme Wind,MEDIUM,44.6504,-90.2663,258,2025-04-20T16:11:17,2025-04-22T06:06:45.420629,43.6,29.6,97.6,2.4,1.66,84
WE00713,Hurricane,CRITICAL,37.2235,-75.1859,588,2026-06-22T09:57:49,2026-06-23T07:07:32.083870,15.5,164.7,173.2,0.0,4.44,406
WE00714,Snowstorm,HIGH,39.8665,-71.5335,475,2025-07-27T06:04:46,2025-07-28T02:15:31.982851,-17.7,148.3,55.5,3.8,2.93,105
WE00715,Heavy Rain,MEDIUM,40.0824,-70.9866,179,2026-01-05T04:25:47,2026-01-06T00:54:48.486524,38.5,149.5,156.8,0.0,1.54,89
WE00716,Extreme Wind,LOW,35.0848,-111.9463,79,2026-05-09T18:58:02,2026-05-12T07:07:58.612922,27.9,122.4,186.6,6.4,1.17,13
WE00717,Tornado,LOW,43.0263,-79.7237,131,2026-04-04T18:12:15,2026-04-06T01:52:16.877712,20.8,62.0,97.8,6.2,1.47,9
WE00718,Extreme Heat,MEDIUM,36.3722,-97.8531,207,2025-06-18T00:12:16,2025-06-19T17:51:00.354058,1.8,48.7,77.6,0.0,1.52,69
WE00719,Thunderstorm,HIGH,33.2953,-81.3274,276,2025-10-22T23:55:54,2025-10-24T17:38:36.745050,-5.2,107.0,64.2,0.2,2.96,143
WE00720,Heavy Rain,MEDIUM,34.4033,-88.921,277,2026-05-04T23:58:10,2026-05-07T01:57:19.732393,-12.4,45.5,6.2,5.2,1.77,70
WE00721,Extreme Heat,LOW,33.5517,-110.4087,60,2025-05-28T20:47:36,2025-05-29T13:08:58.077435,40.2,92.4,92.7,2.9,1.2,20
WE00722,Heavy Rain,HIGH,32.9623,-89.0559,220,2025-06-30T12:26:49,2025-07-02T00:01:14.895803,32.7,177.3,175.2,0.6,2.33,215
WE00723,Extreme Wind,LOW,33.2825,-112.5316,137,2025-12-05T20:50:58,2025-12-06T09:06:00.093408,12.6,14.2,102.6,9.9,1.01,15
WE00724,Hurricane,HIGH,27.7341,-93.0814,479,2025-02-24T20:29:47,2025-02-24T22:48:45.684007,33.8,78.9,73.9,2.8,2.28,212
WE00725,Tornado,LOW,41.497,-85.8016,80,2025-04-21T07:44:01,2025-04-23T11:34:36.972805,-3.5,124.0,123.0,3.5,1.35,6
WE00726,Extreme Wind,MEDIUM,41.2303,-75.3291,269,2025-01-25T13:00:30,2025-01-28T04:39:25.993537,1.7,25.4,148.3,0.8,1.92,84
WE00727,Extreme Heat,MEDIUM,40.3903,-69.9282,187,2024-12-24T03:04:52,2024-12-26T17:37:30.090827,5.1,80.1,57.8,0.8,1.97,79
WE00728,Extreme Wind,MEDIUM,27.6061,-78.684,143,2024-07-06T10:22:38,2024-07-06T14:27:39.132074,23.8,127.2,149.7,0.0,1.97,34
WE00729,Fog,CRITICAL,39.7555,-71.8779,566,2024-10-26T04:03:46,2024-10-28T13:44:33.703471,-0.0,28.2,97.6,0.0,4.05,392
WE00730,Thunderstorm,MEDIUM,40.0786,-84.7327,142,2025-05-05T04:28:48,2025-05-07T22:10:46.558612,-13.8,166.9,8.0,3.4,1.58,74
WE00731,Ice,LOW,40.3011,-71.0719,77,2024-07-04T17:19:25,2024-07-04T22:02:48.304002,-17.9,65.9,184.1,0.1,1.41,21
WE00732,Tornado,LOW,38.7117,-83.1251,132,2026-04-12T10:27:23,2026-04-13T22:05:39.531737,-7.3,75.7,86.1,4.7,1.01,21
WE00733,Heavy Rain,MEDIUM,38.6933,-104.1036,202,2024-10-14T14:53:11,2024-10-16T09:51:33.422633,-17.5,130.5,173.4,0.0,1.73,46
WE00734,Extreme Wind,MEDIUM,35.8107,-91.177,293,2024-10-24T13:09:54,2024-10-25T21:37:09.063101,33.7,148.7,184.3,3.7,1.73,50
WE00735,Extreme Heat,LOW,40.7903,-91.9177,149,2024-12-02T03:24:14,2024-12-02T14:33:17.483268,6.7,75.8,11.4,9.7,1.17,29
WE00736,Ice,LOW,35.5198,-79.0883,108,2026-01-22T04:13:54,2026-01-23T08:47:29.327716,-13.8,181.0,178.4,5.5,1.07,29
WE00737,Fog,MEDIUM,40.8305,-69.5265,270,2025-03-05T12:39:11,2025-03-08T08:09:32.205267,6.4,49.4,94.2,5.5,1.98,68
WE00738,Hurricane,LOW,40.3978,-86.9756,134,2026-03-25T23:52:48,2026-03-28T20:31:34.357981,-13.9,134.1,15.1,7.6,1.43,8
WE00739,Thunderstorm,MEDIUM,38.9824,-84.837,293,2025-03-15T14:57:22,2025-03-16T14:24:03.069798,27.8,44.7,8.4,7.5,1.66,88
WE00740,Thunderstorm,HIGH,29.3925,-99.5536,286,2024-06-05T03:53:05,2024-06-05T12:44:49.090195,41.5,123.2,57.5,4.4,2.01,139
WE00741,Fog,CRITICAL,43.0899,-115.7883,777,2024-10-28T13:13:40,2024-10-30T12:01:12.018624,8.6,52.4,191.6,0.0,3.31,389
WE00742,Fog,HIGH,36.8138,-91.3286,292,2025-04-05T04:52:07,2025-04-06T15:32:15.802410,18.4,181.5,181.4,0.0,2.45,190
WE00743,Extreme Heat,MEDIUM,34.9314,-92.6631,236,2024-12-19T09:11:13,2024-12-20T07:54:01.206003,-8.3,136.6,29.4,1.8,1.64,77
WE00744,Thunderstorm,HIGH,45.1223,-116.114,255,2025-07-14T14:37:17,2025-07-16T05:39:10.061475,8.1,116.8,110.2,4.4,2.96,158
WE00745,Fog,CRITICAL,29.1224,-92.8514,439,2024-10-05T18:03:56,2024-10-07T00:32:16.798036,-14.5,12.9,140.6,0.4,3.22,530
WE00746,Hurricane,HIGH,38.1696,-75.1293,324,2025-04-14T13:21:09,2025-04-15T10:25:01.736195,44.1,132.2,170.0,0.0,2.53,219
WE00747,Snowstorm,LOW,35.7349,-90.6351,130,2024-01-22T23:29:21,2024-01-25T11:22:24.391278,-15.3,80.4,171.3,2.1,1.42,16
WE00748,Snowstorm,HIGH,39.2946,-121.392,206,2026-04-09T17:59:58,2026-04-12T16:11:57.199021,10.5,16.6,128.4,0.0,2.11,133
WE00749,Extreme Wind,CRITICAL,43.5209,-77.7416,580,2024-07-15T15:21:17,2024-07-18T15:05:28.054007,42.2,67.3,198.9,0.0,4.72,502
WE00750,Hurricane,MEDIUM,41.6076,-76.9653,202,2025-03-02T03:04:03,2025-03-03T12:54:21.874162,-11.3,82.8,115.0,5.2,1.95,73
WE00751,Hurricane,HIGH,48.0048,-109.3926,208,2024-03-11T16:56:53,2024-03-13T12:20:24.423089,-18.4,104.0,28.9,4.8,2.44,111
WE00752,Tornado,HIGH,39.9332,-122.6155,266,2024-03-25T16:52:38,2024-03-27T21:42:08.857922,19.8,160.7,57.8,4.9,2.42,225
WE00753,Extreme Wind,CRITICAL,36.4976,-93.9657,547,2026-05-09T14:43:03,2026-05-11T21:45:46.050708,-5.9,163.6,48.8,0.0,3.51,267
WE00754,Thunderstorm,LOW,29.7221,-93.0791,110,2025-03-29T19:38:36,2025-03-31T05:09:07.281013,27.9,110.0,85.8,7.9,1.07,20
WE00755,Ice,MEDIUM,33.4433,-87.1178,278,2024-07-15T04:02:26,2024-07-16T18:10:19.086171,22.1,94.4,199.3,5.6,1.97,48
WE00756,Ice,MEDIUM,44.7107,-87.0233,135,2026-02-01T13:17:03,2026-02-03T18:56:10.243182,11.2,9.2,38.4,6.3,1.72,69
WE00757,Hurricane,LOW,38.9245,-123.7529,96,2024-06-08T08:44:40,2024-06-10T11:54:23.425460,14.9,88.7,181.8,3.1,1.41,25
WE00758,Hurricane,LOW,37.3507,-98.3189,69,2024-01-20T01:17:14,2024-01-20T23:12:16.609712,19.7,139.1,54.3,9.6,1.04,5
WE00759,Fog,MEDIUM,39.8018,-75.8361,149,2026-06-10T18:39:55,2026-06-12T16:36:59.402206,22.3,142.2,127.6,5.5,1.67,53
WE00760,Thunderstorm,HIGH,32.2206,-82.7154,462,2025-03-17T16:56:18,2025-03-18T22:22:03.725480,9.4,68.4,39.0,3.8,2.56,131
WE00761,Ice,MEDIUM,49.8625,-119.0901,263,2025-12-30T04:23:11,2025-12-31T17:11:23.325312,37.8,145.9,159.9,6.2,1.8,76
WE00762,Tornado,HIGH,44.8132,-69.6649,230,2026-01-13T15:45:33,2026-01-14T10:38:38.349920,30.0,127.0,130.5,0.0,2.95,112
WE00763,Heavy Rain,LOW,35.8257,-96.2822,138,2025-11-15T05:52:01,2025-11-16T16:15:14.385416,15.2,154.4,157.2,4.5,1.22,10
WE00764,Thunderstorm,CRITICAL,35.3491,-97.0592,645,2025-06-13T06:26:16,2025-06-13T08:45:04.238841,27.8,80.5,146.6,0.0,3.39,344
WE00765,Hurricane,LOW,39.6623,-75.5792,101,2024-10-13T09:34:32,2024-10-14T14:59:37.229582,-6.9,196.1,127.4,7.1,1.41,27
WE00766,Hurricane,MEDIUM,33.6202,-118.8886,155,2024-03-20T19:27:46,2024-03-21T23:14:27.370167,-18.3,162.4,15.6,3.3,1.87,76
WE00767,Thunderstorm,CRITICAL,42.4652,-80.3436,612,2025-01-27T05:04:35,2025-01-27T08:16:58.627637,5.1,126.9,178.7,0.0,3.32,582
WE00768,Snowstorm,LOW,29.7077,-98.2705,50,2026-01-12T03:02:06,2026-01-14T04:05:24.522350,44.4,41.4,138.9,5.8,1.4,20
WE00769,Heavy Rain,LOW,34.3685,-80.7706,141,2024-06-26T05:28:36,2024-06-27T18:23:05.573683,27.5,4.9,73.8,2.8,1.27,20
WE00770,Extreme Wind,LOW,43.6244,-80.4462,126,2024-04-11T12:10:47,2024-04-13T13:27:59.802718,4.5,93.5,12.8,4.5,1.39,15
WE00771,Heavy Rain,HIGH,45.9219,-117.1055,461,2025-09-14T11:27:22,2025-09-15T17:39:42.424072,10.7,101.4,158.9,4.8,2.25,195
WE00772,Heavy Rain,MEDIUM,39.2581,-97.4207,208,2026-02-02T21:38:26,2026-02-03T05:02:18.077976,-15.8,188.0,189.4,2.9,1.79,61
WE00773,Snowstorm,HIGH,39.6074,-74.0751,436,2024-04-25T01:59:00,2024-04-28T01:51:40.376306,-11.6,113.6,186.5,0.0,2.88,234
WE00774,Tornado,CRITICAL,36.9994,-89.1385,588,2026-06-15T08:54:28,2026-06-18T02:23:37.044681,27.8,58.6,136.5,0.0,4.74,544
WE00775,Fog,HIGH,40.0857,-106.2675,288,2024-03-24T06:41:28,2024-03-25T19:59:13.062811,-2.3,27.7,171.4,4.6,2.58,211
WE00776,Tornado,LOW,46.0147,-94.1222,105,2024-08-23T16:47:34,2024-08-24T04:29:26.798123,-19.7,27.5,25.5,7.7,1.44,13
WE00777,Tornado,CRITICAL,33.6013,-108.433,531,2024-08-19T18:29:20,2024-08-21T09:51:04.856084,11.6,23.9,63.5,1.3,3.78,272
WE00778,Hurricane,LOW,36.868,-89.1694,113,2026-05-24T08:10:51,2026-05-25T13:28:10.673993,1.9,131.3,172.5,3.8,1.16,6
WE00779,Thunderstorm,CRITICAL,38.8553,-112.4786,684,2025-04-16T23:48:32,2025-04-17T04:06:42.372139,12.5,142.1,50.6,0.0,3.42,259
WE00780,Thunderstorm,LOW,32.3401,-113.4968,108,2024-05-12T07:46:27,2024-05-12T13:05:46.114489,37.1,31.4,113.0,7.8,1.43,22
WE00781,Hurricane,MEDIUM,43.6789,-73.4157,299,2025-01-20T13:13:46,2025-01-21T03:20:57.106647,3.6,108.4,185.9,4.3,1.52,45
WE00782,Fog,HIGH,24.0646,-80.1263,282,2024-07-03T00:11:39,2024-07-05T23:12:41.107531,-10.4,31.2,18.1,3.7,2.51,207
WE00783,Snowstorm,MEDIUM,37.8598,-88.5615,196,2026-05-16T22:28:14,2026-05-19T16:38:52.939127,-10.9,175.6,82.8,6.6,1.65,45
WE00784,Fog,LOW,48.1679,-105.6921,109,2025-10-08T12:05:31,2025-10-10T14:47:02.605700,33.2,15.5,104.7,3.7,1.18,14
WE00785,Tornado,CRITICAL,37.619,-83.6667,516,2024-12-16T14:13:34,2024-12-16T21:05:20.158124,37.8,192.7,146.3,0.0,3.19,530
WE00786,Hurricane,MEDIUM,34.0333,-97.3112,254,2026-03-22T18:54:58,2026-03-25T06:10:21.563105,1.2,27.0,104.0,2.1,1.84,65
WE00787,Hurricane,MEDIUM,42.3297,-83.8152,137,2025-08-13T21:31:14,2025-08-15T13:37:14.687519,-8.6,1.3,83.1,1.3,1.81,58
WE00788,Snowstorm,MEDIUM,34.01,-104.0108,137,2025-11-30T20:23:47,2025-12-01T16:53:28.212373,-9.6,139.9,46.4,3.0,1.52,60
WE00789,Extreme Heat,MEDIUM,43.472,-114.4554,265,2025-11-18T17:50:07,2025-11-19T16:47:01.717308,-3.4,5.8,123.8,4.8,1.98,77
WE00790,Snowstorm,HIGH,41.5951,-74.7068,270,2025-04-06T22:07:41,2025-04-07T00:48:27.423473,-16.5,93.7,65.8,0.0,2.17,118
WE00791,Heavy Rain,LOW,33.3174,-84.5201,61,2025-10-28T03:56:06,2025-10-30T14:46:23.283452,-13.1,135.3,73.8,9.7,1.08,29
WE00792,Tornado,MEDIUM,40.7591,-95.8501,142,2025-04-19T09:24:02,2025-04-21T02:36:19.386689,12.9,65.9,17.0,0.0,1.83,75
WE00793,Extreme Heat,HIGH,42.459,-75.8873,384,2026-06-02T08:02:35,2026-06-04T21:39:37.141294,34.4,45.4,185.0,2.7,2.36,108
WE00794,Thunderstorm,MEDIUM,33.7917,-107.8225,270,2024-04-03T13:32:54,2024-04-04T21:51:04.587259,6.9,54.8,152.4,6.8,1.86,40
WE00795,Extreme Heat,MEDIUM,48.2859,-108.8901,152,2024-06-03T03:41:44,2024-06-04T01:39:06.561938,42.2,41.1,121.8,2.7,1.56,57
WE00796,Extreme Heat,HIGH,31.2417,-91.9478,371,2024-11-18T18:53:40,2024-11-20T14:15:48.278711,-7.0,128.1,19.1,0.0,2.31,116
WE00797,Thunderstorm,LOW,37.7857,-82.9414,63,2024-11-23T19:35:22,2024-11-24T00:24:12.929153,27.9,89.4,174.7,4.8,1.4,7
WE00798,Thunderstorm,LOW,29.7805,-106.5735,74,2025-02-15T02:43:21,2025-02-16T02:22:30.412349,10.0,27.7,108.5,0.3,1.33,20
WE00799,Hurricane,HIGH,41.0526,-118.2177,405,2024-05-06T02:53:17,2024-05-06T05:50:17.025278,16.2,193.5,46.6,4.0,2.7,97
WE00800,Extreme Heat,MEDIUM,43.5015,-72.4059,236,2024-08-31T23:30:46,2024-09-01T07:35:15.658865,0.3,157.4,64.0,0.0,1.88,44
WE00801,Extreme Wind,LOW,37.5686,-77.3711,146,2025-01-07T14:49:19,2025-01-10T13:55:43.135415,41.2,114.8,85.9,7.0,1.39,16
WE00802,Hurricane,CRITICAL,39.52,-74.8295,623,2024-09-27T00:14:19,2024-09-29T20:27:42.003179,-15.4,137.3,72.1,0.0,3.76,327
WE00803,Thunderstorm,LOW,40.0604,-79.1318,142,2026-05-07T11:45:45,2026-05-09T01:32:56.313523,35.2,14.3,22.6,1.1,1.45,14
WE00804,Extreme Heat,LOW,32.594,-87.5336,66,2024-04-26T14:37:16,2024-04-28T11:36:03.064197,2.3,102.1,59.7,8.8,1.4,24
WE00805,Snowstorm,LOW,43.9426,-69.9196,117,2024-08-31T03:57:32,2024-09-01T10:09:19.452423,22.7,85.3,39.4,6.2,1.28,10
WE00806,Extreme Heat,LOW,45.5409,-79.9998,57,2024-01-05T03:45:29,2024-01-06T02:01:27.929468,34.5,4.5,194.9,5.1,1.47,8
WE00807,Snowstorm,MEDIUM,39.3907,-72.8538,208,2025-09-26T14:38:20,2025-09-27T12:18:35.543088,31.8,27.3,30.3,3.8,1.68,78
WE00808,Heavy Rain,LOW,38.5396,-82.5861,107,2025-11-30T19:59:43,2025-12-03T13:13:03.992030,-8.4,21.7,55.5,2.4,1.28,11
WE00809,Hurricane,MEDIUM,43.8622,-124.1889,209,2025-12-30T23:36:25,2026-01-02T08:26:22.208352,10.5,21.9,103.3,2.4,1.91,58
WE00810,Tornado,LOW,39.6847,-91.8804,67,2025-03-28T10:56:00,2025-03-28T14:34:37.580492,7.4,31.0,17.7,1.4,1.03,6
WE00811,Snowstorm,LOW,22.903,-82.834,76,2024-02-20T16:54:07,2024-02-23T11:00:37.786011,34.1,83.5,81.3,5.5,1.37,9
WE00812,Extreme Wind,HIGH,34.7083,-104.5788,468,2024-12-25T14:03:34,2024-12-27T21:56:04.336309,-13.5,171.4,123.7,0.0,2.35,185
WE00813,Ice,MEDIUM,45.6503,-124.5385,126,2025-03-23T13:19:43,2025-03-26T00:02:36.087997,-14.0,24.8,160.9,2.2,1.68,62
WE00814,Hurricane,MEDIUM,27.5265,-77.5904,297,2025-03-15T04:30:17,2025-03-15T14:21:24.772220,27.6,79.8,6.2,7.0,1.58,34
WE00815,Heavy Rain,MEDIUM,35.9157,-123.4212,297,2025-12-06T07:30:53,2025-12-07T04:27:34.451230,36.6,60.1,5.2,3.3,1.57,44
WE00816,Extreme Wind,LOW,32.4352,-82.5953,136,2024-04-20T13:46:25,2024-04-21T02:33:44.829756,17.9,176.3,189.7,4.1,1.37,23
WE00817,Heavy Rain,HIGH,39.2842,-94.3957,480,2024-12-28T14:40:12,2024-12-29T00:13:27.969054,1.6,15.0,195.8,0.0,2.32,151
WE00818,Snowstorm,HIGH,38.7696,-76.9188,281,2025-02-14T23:18:40,2025-02-17T02:50:18.380664,9.2,4.7,138.3,0.0,2.93,103
WE00819,Extreme Wind,MEDIUM,32.945,-110.1247,131,2024-11-03T07:14:05,2024-11-05T17:11:03.247842,22.3,172.1,43.4,7.0,1.88,30
WE00820,Fog,CRITICAL,30.9595,-113.2109,755,2025-10-22T10:19:46,2025-10-25T04:07:11.378877,-2.5,110.5,26.8,0.0,4.42,312
WE00821,Snowstorm,MEDIUM,37.4354,-76.7259,152,2024-06-27T07:10:14,2024-06-28T06:15:55.462313,-11.7,155.5,158.0,5.4,1.85,33
WE00822,Ice,CRITICAL,40.29,-71.9454,500,2026-04-25T22:45:25,2026-04-27T16:19:02.144768,18.6,3.1,77.0,0.0,3.64,563
WE00823,Fog,MEDIUM,39.9435,-97.7962,193,2024-12-15T05:30:13,2024-12-16T04:35:14.238189,30.8,90.1,80.6,0.0,1.73,38
WE00824,Extreme Wind,HIGH,41.197,-75.9153,401,2024-08-19T10:43:38,2024-08-21T01:52:25.844360,-12.6,130.4,157.4,0.0,2.04,228
WE00825,Ice,LOW,46.0258,-93.0802,127,2025-02-16T15:29:46,2025-02-19T01:08:59.553815,39.4,146.3,38.3,6.0,1.03,13
WE00826,Extreme Heat,LOW,38.703,-77.2032,84,2024-08-08T22:57:11,2024-08-09T22:02:45.321396,-1.6,77.9,38.1,3.6,1.45,21
WE00827,Extreme Heat,HIGH,39.021,-123.5911,363,2024-04-20T22:21:06,2024-04-21T05:26:13.683036,-14.5,175.6,147.4,0.0,2.66,137
WE00828,Extreme Heat,HIGH,42.0248,-76.4916,299,2024-04-02T15:28:02,2024-04-03T09:50:00.499387,29.4,151.0,54.5,0.0,2.29,223
WE00829,Hurricane,HIGH,34.178,-121.3523,380,2024-09-14T18:02:59,2024-09-16T18:05:37.665917,34.4,118.2,7.8,0.0,2.99,121
WE00830,Fog,LOW,31.81,-97.7479,146,2025-04-22T20:35:58,2025-04-25T11:15:24.627520,16.8,11.1,24.4,8.2,1.25,15
WE00831,Ice,MEDIUM,38.699,-76.5123,178,2026-06-03T05:34:36,2026-06-04T05:26:47.677739,29.6,67.3,109.9,4.4,1.7,61
WE00832,Fog,CRITICAL,40.3179,-90.8998,785,2025-03-24T08:10:57,2025-03-27T07:54:08.623654,-13.6,14.8,134.6,0.0,4.76,392
WE00833,Snowstorm,LOW,31.8013,-91.2795,96,2025-11-13T04:49:38,2025-11-14T07:59:55.527298,35.0,92.1,108.5,1.1,1.09,21
WE00834,Heavy Rain,LOW,35.9877,-117.0684,73,2024-07-12T04:14:25,2024-07-13T19:17:16.492832,-11.6,36.0,82.3,6.1,1.1,29
WE00835,Ice,MEDIUM,41.3445,-112.6244,100,2025-12-29T02:19:36,2025-12-31T04:47:39.456983,19.6,135.4,126.3,4.4,1.75,34
WE00836,Extreme Heat,MEDIUM,40.0713,-120.7811,217,2025-04-17T09:20:28,2025-04-19T21:40:02.339277,2.4,172.7,100.1,6.5,1.53,45
WE00837,Tornado,MEDIUM,27.4734,-78.5405,131,2025-09-17T06:36:18,2025-09-17T21:27:26.819274,-17.4,127.7,175.6,0.0,1.65,47
WE00838,Ice,MEDIUM,28.777,-81.8807,238,2025-02-26T22:04:25,2025-03-01T16:34:02.681040,-15.3,130.3,34.5,2.6,1.54,54
WE00839,Ice,MEDIUM,29.2921,-84.4448,216,2026-02-16T10:57:18,2026-02-18T19:17:02.855050,-4.1,31.6,62.3,2.6,1.9,32
WE00840,Thunderstorm,MEDIUM,42.2193,-74.4502,289,2026-04-18T19:58:18,2026-04-21T14:28:55.843781,-19.0,158.4,111.5,6.2,1.57,33
WE00841,Snowstorm,MEDIUM,27.6052,-82.7792,138,2026-02-06T02:01:12,2026-02-07T05:01:48.144579,25.5,95.7,11.2,2.5,1.93,55
WE00842,Hurricane,LOW,44.9088,-99.4798,63,2025-11-11T00:50:00,2025-11-11T20:35:57.832543,20.9,95.0,16.9,2.5,1.19,12
WE00843,Snowstorm,LOW,28.9381,-93.2629,146,2024-05-04T23:05:22,2024-05-06T01:05:09.441519,17.2,58.7,48.1,4.9,1.44,25
WE00844,Hurricane,MEDIUM,39.4894,-83.7575,218,2024-03-02T22:07:03,2024-03-03T05:48:10.290480,12.7,50.3,72.8,4.7,1.67,57
WE00845,Extreme Wind,LOW,33.5697,-84.7266,82,2025-11-02T03:11:45,2025-11-02T14:19:20.195166,32.1,15.5,154.8,9.2,1.4,24
WE00846,Ice,LOW,28.3486,-101.1621,146,2025-05-15T17:01:10,2025-05-18T04:11:24.583044,17.9,176.6,12.2,9.4,1.02,11
WE00847,Heavy Rain,MEDIUM,42.5482,-75.0236,197,2025-01-23T22:23:31,2025-01-26T20:22:39.951071,42.9,68.3,177.4,2.4,1.74,32
WE00848,Hurricane,MEDIUM,33.873,-84.8452,276,2024-02-10T04:18:47,2024-02-11T03:45:24.983621,24.1,122.7,160.5,0.0,1.59,65
WE00849,Ice,MEDIUM,39.2699,-122.175,228,2024-05-21T20:54:47,2024-05-22T09:34:19.916630,23.7,128.3,38.8,3.6,1.55,56
WE00850,Ice,MEDIUM,41.347,-75.2288,260,2024-12-21T14:55:14,2024-12-23T07:34:19.302891,28.3,110.4,123.1,0.0,1.79,48
WE00851,Extreme Heat,CRITICAL,39.0358,-77.7697,736,2026-06-12T12:58:37,2026-06-14T11:20:33.749553,36.0,23.6,134.2,0.0,3.49,378
WE00852,Tornado,MEDIUM,45.0032,-95.5697,149,2024-02-02T05:26:47,2024-02-04T14:15:19.438006,31.6,37.5,62.6,7.6,1.69,62
WE00853,Extreme Wind,CRITICAL,39.4621,-85.7884,410,2025-02-22T16:05:57,2025-02-25T07:10:58.229183,15.8,161.2,91.2,0.0,3.16,386
WE00854,Extreme Heat,HIGH,36.2807,-120.5278,475,2026-06-14T04:02:41,2026-06-14T23:11:14.572217,20.6,48.7,38.0,0.0,2.56,98
WE00855,Hurricane,MEDIUM,46.5874,-99.2199,256,2024-03-03T11:56:43,2024-03-04T13:33:37.110783,22.2,76.0,14.0,5.7,1.98,58
WE00856,Heavy Rain,MEDIUM,44.0635,-68.7908,149,2024-09-29T03:35:01,2024-10-01T00:42:34.877307,-14.1,161.8,130.1,2.0,1.8,46
WE00857,Hurricane,LOW,41.1259,-74.6011,65,2025-12-31T21:32:31,2026-01-01T11:21:59.239153,-13.6,59.4,193.5,6.2,1.21,12
WE00858,Snowstorm,LOW,40.1405,-102.6603,132,2026-03-17T04:22:27,2026-03-19T18:11:58.447342,4.9,33.7,88.4,7.9,1.46,18
WE00859,Fog,MEDIUM,27.6756,-81.5176,144,2025-11-17T23:30:25,2025-11-19T17:56:05.227002,-9.4,10.8,60.8,0.9,1.88,86
WE00860,Ice,MEDIUM,34.2034,-116.735,160,2025-03-08T02:25:43,2025-03-10T19:32:50.749895,28.3,72.1,23.2,4.9,1.71,66
WE00861,Extreme Wind,MEDIUM,43.1364,-67.5768,234,2024-10-08T22:24:20,2024-10-09T20:35:01.277829,33.9,127.3,58.4,1.8,1.53,51
WE00862,Fog,LOW,46.7805,-120.0906,118,2025-11-08T02:58:12,2025-11-10T09:21:41.227069,-2.5,108.3,190.5,4.1,1.16,15
WE00863,Tornado,HIGH,38.9293,-95.3055,257,2026-02-02T20:51:59,2026-02-03T08:28:54.282156,-19.8,192.1,103.4,0.0,2.78,140
WE00864,Snowstorm,MEDIUM,35.8143,-112.5637,170,2024-05-21T17:45:48,2024-05-23T02:59:25.454094,14.0,133.5,85.9,7.5,1.85,43
WE00865,Snowstorm,HIGH,33.4845,-86.2314,293,2025-12-31T03:15:27,2026-01-02T20:40:05.745651,-17.9,29.9,13.8,2.7,2.34,178
WE00866,Heavy Rain,MEDIUM,37.6748,-76.6415,140,2025-06-24T12:55:42,2025-06-26T13:56:25.762651,25.3,92.2,112.7,6.8,1.68,62
WE00867,Extreme Heat,HIGH,38.0367,-88.5299,414,2025-09-26T08:19:13,2025-09-28T13:26:33.459885,28.1,51.0,64.0,0.0,2.13,126
WE00868,Fog,MEDIUM,41.9783,-68.5211,154,2025-06-01T18:38:15,2025-06-02T20:01:29.190533,-17.0,189.6,11.6,0.0,1.63,83
WE00869,Ice,LOW,44.486,-71.2885,67,2025-05-13T17:55:09,2025-05-14T15:13:45.958805,9.8,169.8,160.4,1.8,1.03,9
WE00870,Extreme Wind,MEDIUM,49.5484,-98.6416,127,2024-06-11T11:45:58,2024-06-14T07:09:59.327872,3.8,174.3,82.2,4.8,1.71,33
WE00871,Tornado,CRITICAL,32.8301,-79.0584,435,2024-09-06T19:59:06,2024-09-07T12:27:14.611776,-13.9,69.4,15.0,0.0,4.4,387
WE00872,Ice,HIGH,34.6232,-79.2356,403,2025-05-27T07:58:18,2025-05-30T05:39:19.820315,37.5,76.1,17.5,0.0,2.45,210
WE00873,Ice,LOW,42.9545,-69.8213,59,2025-10-01T11:14:28,2025-10-04T10:32:04.874705,31.8,185.1,117.4,2.3,1.43,13
WE00874,Hurricane,MEDIUM,31.948,-89.1854,113,2026-02-08T16:25:26,2026-02-11T14:52:42.641365,2.4,119.7,36.5,4.8,1.82,40
WE00875,Tornado,MEDIUM,34.8347,-83.4316,272,2025-03-23T17:32:17,2025-03-25T02:17:40.145568,-12.8,57.5,82.3,0.0,1.52,78
WE00876,Snowstorm,MEDIUM,35.726,-106.1996,242,2025-09-14T01:56:31,2025-09-16T07:35:28.658085,-6.6,64.7,1.7,1.0,1.59,69
WE00877,Thunderstorm,MEDIUM,30.8599,-96.576,226,2026-05-04T13:05:17,2026-05-06T13:36:57.646714,36.1,181.0,87.7,0.0,1.9,63
WE00878,Fog,HIGH,44.733,-89.1179,383,2024-02-27T00:10:05,2024-02-28T07:33:47.025665,21.5,165.4,92.8,0.6,2.24,181
WE00879,Fog,MEDIUM,42.1328,-70.0345,291,2025-12-07T13:08:20,2025-12-09T21:41:53.185709,21.3,96.6,4.7,0.0,1.68,58
WE00880,Thunderstorm,LOW,41.2126,-81.4995,54,2024-05-16T19:06:25,2024-05-17T20:37:26.641622,43.5,59.3,138.7,8.7,1.1,13
WE00881,Ice,MEDIUM,39.9051,-92.3341,147,2025-05-03T14:02:58,2025-05-04T05:55:03.831106,17.0,27.2,146.7,2.3,1.86,64
WE00882,Extreme Heat,HIGH,33.692,-109.1371,412,2025-01-27T02:06:40,2025-01-27T21:20:05.596564,33.8,0.4,90.1,3.0,2.24,182
WE00883,Extreme Heat,MEDIUM,42.0808,-74.317,215,2025-05-17T04:31:13,2025-05-19T04:24:06.295799,-10.3,85.4,131.9,4.5,1.62,55
WE00884,Tornado,LOW,37.6327,-124.6843,138,2024-06-29T01:52:13,2024-06-29T15:23:28.785377,10.8,180.6,43.6,8.7,1.13,15
WE00885,Thunderstorm,LOW,29.7659,-99.6476,77,2025-09-19T20:44:17,2025-09-22T15:42:34.310179,22.3,98.6,93.5,9.2,1.31,19
WE00886,Snowstorm,MEDIUM,34.2545,-95.4089,105,2026-03-10T09:32:19,2026-03-12T19:40:09.706754,3.6,153.5,177.3,1.4,1.87,56
WE00887,Extreme Heat,HIGH,42.8015,-80.5791,242,2024-01-02T18:54:53,2024-01-05T00:38:49.319123,-8.4,198.7,133.0,0.0,2.79,98
WE00888,Snowstorm,LOW,36.6844,-97.053,50,2026-04-22T21:21:19,2026-04-25T06:01:52.479171,11.0,49.3,170.4,2.8,1.13,13
WE00889,Extreme Heat,HIGH,34.6163,-95.8253,202,2025-12-18T15:43:35,2025-12-18T20:41:15.596798,-5.4,150.5,175.9,0.0,2.85,230
WE00890,Extreme Heat,LOW,33.5539,-111.8039,69,2025-10-03T22:59:10,2025-10-05T13:30:02.743217,31.2,73.5,53.3,2.6,1.03,16
WE00891,Hurricane,MEDIUM,43.1218,-86.6374,141,2024-03-25T04:52:29,2024-03-27T10:39:36.484714,-0.1,116.1,199.1,2.2,1.8,42
WE00892,Extreme Wind,MEDIUM,43.3075,-94.5626,165,2024-10-18T09:35:02,2024-10-20T15:33:28.256112,21.8,96.3,101.4,6.7,1.66,68
WE00893,Thunderstorm,LOW,38.7251,-121.9718,51,2026-03-16T08:49:17,2026-03-17T22:27:18.447340,7.2,95.1,161.6,2.8,1.13,12
WE00894,Ice,MEDIUM,40.5081,-75.0264,246,2025-07-16T00:06:43,2025-07-17T01:44:44.082555,24.7,122.7,120.9,3.9,1.78,40
WE00895,Fog,MEDIUM,46.9134,-116.0298,260,2026-02-13T09:10:11,2026-02-13T22:07:42.059359,-12.4,33.1,157.6,0.4,1.85,37
WE00896,Heavy Rain,LOW,45.5672,-74.9393,141,2025-11-17T16:28:52,2025-11-19T07:51:00.345128,-4.4,43.8,52.9,6.5,1.21,29
WE00897,Ice,CRITICAL,29.73,-81.2442,608,2024-03-21T04:13:35,2024-03-22T04:52:26.116755,11.8,45.4,6.0,0.0,3.57,354
WE00898,Ice,HIGH,42.3504,-73.9157,406,2024-11-12T05:12:04,2024-11-13T14:55:49.815543,30.7,90.3,133.4,2.8,2.1,226
WE00899,Extreme Heat,MEDIUM,38.3845,-77.6431,115,2025-02-18T20:34:41,2025-02-21T11:53:35.079507,12.7,137.4,28.5,4.8,1.66,53
WE00900,Hurricane,LOW,36.2473,-92.1406,80,2026-05-03T04:23:32,2026-05-03T12:05:09.813753,5.3,30.7,120.0,4.7,1.19,12
WE00901,Ice,CRITICAL,35.2553,-93.8903,603,2024-07-22T12:31:37,2024-07-25T03:59:41.808348,-10.5,57.3,125.1,0.0,4.56,311
WE00902,Extreme Wind,MEDIUM,35.9139,-87.5548,167,2025-03-23T10:30:17,2025-03-24T03:59:36.408919,-5.6,178.5,140.8,4.1,1.72,64
WE00903,Hurricane,HIGH,41.3044,-82.2849,212,2025-11-11T14:09:06,2025-11-14T09:06:52.158877,-2.2,13.6,62.8,2.6,2.1,174
WE00904,Fog,CRITICAL,39.8509,-71.453,662,2026-01-22T23:21:56,2026-01-24T11:57:02.698977,-18.1,119.7,115.3,0.0,3.1,563
WE00905,Tornado,LOW,44.0485,-69.9222,134,2024-07-07T15:05:33,2024-07-08T05:49:24.821810,9.7,146.9,50.2,8.5,1.25,19
WE00906,Extreme Heat,MEDIUM,27.5657,-89.6827,209,2024-02-14T20:19:50,2024-02-16T14:32:37.751003,9.2,103.7,41.1,2.1,1.83,82
WE00907,Hurricane,HIGH,30.6543,-86.0986,391,2025-01-06T17:39:21,2025-01-08T14:44:11.450834,-17.1,76.7,175.9,1.4,2.06,194
WE00908,Thunderstorm,LOW,34.3806,-87.1941,119,2024-09-03T00:45:57,2024-09-04T00:01:58.007348,3.1,83.7,98.8,9.5,1.28,25
WE00909,Heavy Rain,LOW,39.9658,-91.6507,114,2025-04-27T17:36:17,2025-04-29T21:46:40.339334,-17.0,26.5,65.6,2.9,1.34,13
WE00910,Fog,HIGH,30.9756,-86.5185,276,2026-05-05T16:46:00,2026-05-08T14:42:49.630011,22.9,175.4,151.1,2.3,2.82,208
WE00911,Extreme Wind,MEDIUM,28.9378,-81.5819,127,2024-01-22T05:49:15,2024-01-24T04:00:57.579920,-7.0,132.4,119.2,0.8,1.6,43
WE00912,Fog,HIGH,44.4815,-90.7949,258,2026-05-07T21:25:29,2026-05-08T16:03:12.484785,27.1,194.1,127.0,2.2,2.41,109
WE00913,Tornado,LOW,26.2558,-85.0213,144,2025-09-25T18:59:43,2025-09-27T02:14:45.023067,42.5,129.8,99.5,8.0,1.27,10
WE00914,Extreme Heat,LOW,39.7389,-82.1689,101,2024-05-24T19:05:27,2024-05-26T01:36:10.099897,-2.6,187.8,163.0,4.7,1.04,26
WE00915,Snowstorm,MEDIUM,45.0543,-120.4366,234,2024-12-15T01:26:51,2024-12-17T03:14:40.975720,-7.3,9.1,127.8,3.3,1.67,89
WE00916,Thunderstorm,LOW,36.4251,-82.7695,69,2024-06-25T06:08:13,2024-06-27T05:25:43.898332,37.0,9.6,29.6,4.8,1.29,14
WE00917,Fog,LOW,38.2178,-87.893,143,2025-12-17T20:01:27,2025-12-20T09:08:59.895216,10.1,136.4,167.3,8.5,1.41,9
WE00918,Thunderstorm,MEDIUM,31.7267,-90.5665,291,2024-07-01T11:27:19,2024-07-04T04:50:31.574394,21.1,62.4,39.5,5.5,1.73,81
WE00919,Extreme Heat,LOW,34.0433,-86.6399,112,2024-08-27T04:27:34,2024-08-30T01:04:59.722259,-14.5,84.1,135.2,0.0,1.33,7
WE00920,Hurricane,HIGH,41.1104,-96.8462,467,2026-02-13T04:47:07,2026-02-15T11:38:41.508419,39.5,114.7,140.5,0.0,2.81,108
WE00921,Tornado,LOW,36.3749,-121.5113,54,2025-03-29T09:23:15,2025-04-01T00:39:47.574914,20.6,54.4,38.1,1.5,1.26,29
WE00922,Snowstorm,CRITICAL,29.3572,-90.244,562,2026-03-01T12:07:25,2026-03-04T04:34:06.893726,-2.5,71.7,46.4,0.0,4.77,458
WE00923,Snowstorm,MEDIUM,43.3069,-121.0622,181,2025-02-28T18:01:08,2025-03-03T09:45:05.893655,29.2,103.2,148.9,6.0,1.83,86
WE00924,Heavy Rain,LOW,36.2652,-124.1417,61,2025-10-07T10:36:09,2025-10-09T01:57:01.998047,6.0,140.8,131.4,6.7,1.11,18
WE00925,Ice,HIGH,35.8262,-91.2374,293,2026-01-19T12:53:16,2026-01-20T07:16:53.089378,36.5,196.0,85.0,3.8,2.83,238
WE00926,Snowstorm,MEDIUM,29.1068,-93.8747,298,2026-01-03T13:37:46,2026-01-04T01:09:39.075670,-9.7,98.6,176.3,3.1,1.82,69
WE00927,Fog,MEDIUM,44.9576,-90.3733,111,2025-01-13T14:56:48,2025-01-14T03:05:03.064981,38.7,111.2,99.0,3.9,1.91,63
WE00928,Hurricane,MEDIUM,34.3957,-120.7201,212,2025-12-10T14:14:02,2025-12-11T21:31:03.190215,39.3,143.8,135.6,4.5,1.86,86
WE00929,Ice,HIGH,34.0579,-108.2525,208,2026-05-06T08:39:06,2026-05-07T00:08:20.608640,-9.3,138.7,119.2,2.0,2.24,92
WE00930,Tornado,MEDIUM,43.4054,-82.8269,285,2024-08-12T16:38:36,2024-08-13T14:48:17.186181,37.7,76.2,184.9,0.0,1.65,88
WE00931,Tornado,MEDIUM,45.3672,-119.9299,219,2025-08-18T21:07:23,2025-08-19T03:53:13.857897,-16.1,164.7,47.5,0.5,1.99,36
WE00932,Hurricane,LOW,42.068,-77.6593,69,2024-10-23T02:28:10,2024-10-23T13:30:02.446824,22.3,0.6,24.4,1.5,1.26,16
WE00933,Thunderstorm,HIGH,32.7682,-96.0243,461,2026-02-28T12:35:37,2026-03-02T12:44:58.587273,21.0,20.5,113.7,4.6,2.08,187
WE00934,Fog,HIGH,39.0263,-85.8998,330,2024-07-31T01:23:59,2024-07-31T09:32:39.646781,42.7,87.1,171.9,1.4,2.99,224
WE00935,Fog,CRITICAL,30.8704,-110.6941,722,2024-04-18T10:42:30,2024-04-20T23:48:53.061753,-1.4,94.9,183.1,0.0,3.49,571
WE00936,Snowstorm,LOW,42.9,-83.8587,140,2025-03-05T03:14:58,2025-03-05T18:26:53.528158,-9.8,191.4,53.9,2.4,1.14,29
WE00937,Ice,MEDIUM,41.8546,-110.1509,235,2025-10-06T14:10:29,2025-10-08T19:58:13.397820,38.5,158.6,14.1,4.9,1.6,55
WE00938,Ice,MEDIUM,36.7731,-106.5009,290,2025-06-11T23:28:02,2025-06-14T16:16:29.532002,42.7,141.9,41.5,4.3,1.83,73
WE00939,Extreme Wind,HIGH,33.4198,-86.2107,224,2026-02-27T17:49:57,2026-02-28T02:45:35.274598,-17.7,17.3,19.0,0.0,2.5,174
WE00940,Ice,MEDIUM,42.2593,-74.9247,214,2025-02-19T00:55:07,2025-02-21T16:22:41.558499,-8.6,103.7,170.4,7.2,1.77,89
WE00941,Tornado,LOW,39.9349,-98.1171,54,2024-01-04T23:38:23,2024-01-07T08:26:13.828021,9.0,169.2,72.2,8.3,1.11,29
WE00942,Tornado,CRITICAL,41.7847,-75.4101,685,2025-03-15T09:00:05,2025-03-17T02:09:58.551999,3.3,143.6,30.6,0.0,3.46,562
WE00943,Snowstorm,LOW,27.5542,-78.5764,67,2025-04-08T18:58:07,2025-04-11T08:10:24.175077,20.8,114.1,49.1,4.2,1.36,13
WE00944,Snowstorm,MEDIUM,40.743,-81.3572,285,2026-06-19T21:06:38,2026-06-21T19:24:02.983272,30.8,51.7,174.3,0.9,1.65,32
WE00945,Fog,LOW,34.5687,-113.5933,74,2026-01-30T15:06:54,2026-01-31T03:52:37.802762,39.2,154.6,17.0,4.9,1.23,26
WE00946,Ice,MEDIUM,30.953,-88.711,292,2024-08-18T20:02:19,2024-08-20T15:28:02.857967,29.1,73.3,80.8,2.6,1.82,35
WE00947,Thunderstorm,LOW,41.734,-118.5027,118,2025-11-24T16:29:36,2025-11-26T18:12:19.549351,29.5,63.3,85.2,4.3,1.01,25
WE00948,Tornado,MEDIUM,37.8377,-87.1825,128,2026-04-16T15:44:21,2026-04-17T12:36:44.503563,16.1,114.4,86.5,0.0,1.8,69
WE00949,Extreme Wind,HIGH,45.1709,-67.7885,223,2026-01-22T09:33:20,2026-01-22T20:46:05.648379,-1.1,143.6,183.2,4.7,2.89,107
WE00950,Extreme Heat,LOW,31.2716,-82.8291,145,2025-06-20T03:09:11,2025-06-21T18:47:59.922355,20.0,11.0,26.9,1.2,1.22,9
WE00951,Fog,HIGH,39.3828,-79.0226,437,2025-05-31T10:15:35,2025-06-01T01:07:54.346993,-17.8,188.4,25.0,2.3,2.05,172
WE00952,Heavy Rain,LOW,35.2352,-110.9043,111,2026-05-07T08:58:21,2026-05-09T21:26:17.776228,25.1,46.6,156.5,4.9,1.26,6
WE00953,Tornado,LOW,35.9329,-88.6718,96,2026-04-24T04:32:28,2026-04-25T02:04:14.574825,29.0,74.4,162.2,8.8,1.02,24
WE00954,Hurricane,LOW,29.7758,-103.8182,101,2025-08-08T23:24:36,2025-08-10T21:12:10.654102,19.4,191.1,23.6,9.9,1.08,15
WE00955,Fog,MEDIUM,41.7807,-71.8587,135,2025-12-08T08:28:39,2025-12-08T19:00:18.293105,45.0,76.7,54.1,6.2,1.85,82
WE00956,Ice,MEDIUM,41.261,-109.0104,126,2025-05-14T20:43:44,2025-05-16T06:10:58.122691,19.7,32.2,197.7,5.3,1.69,51
WE00957,Thunderstorm,LOW,41.5956,-76.9609,114,2024-10-20T01:28:12,2024-10-21T07:01:30.346709,17.4,58.8,147.3,1.7,1.19,17
WE00958,Thunderstorm,LOW,30.3003,-116.1522,60,2025-01-05T23:18:57,2025-01-07T08:13:19.836901,10.2,87.2,30.4,3.5,1.34,15
WE00959,Hurricane,CRITICAL,27.6947,-79.9489,547,2026-06-07T06:09:40,2026-06-10T05:18:23.168073,-13.9,76.5,156.6,0.0,4.29,331
WE00960,Hurricane,LOW,36.3081,-81.5182,81,2025-08-17T22:11:17,2025-08-18T08:59:25.150266,9.7,28.1,18.3,1.6,1.32,23
WE00961,Extreme Heat,LOW,49.9373,-124.2642,111,2024-12-28T19:50:20,2024-12-30T17:07:16.540382,18.8,143.4,84.9,7.3,1.25,22
WE00962,Tornado,MEDIUM,34.5174,-92.1368,246,2025-09-30T02:48:20,2025-10-02T20:20:01.991336,-13.3,16.5,1.3,4.2,1.89,42
WE00963,Snowstorm,CRITICAL,39.7918,-76.1435,661,2024-03-08T19:17:21,2024-03-10T20:02:11.282512,9.6,27.7,179.5,0.0,4.39,361
WE00964,Thunderstorm,HIGH,26.9322,-81.8134,334,2025-05-09T06:28:23,2025-05-09T22:23:44.143095,42.9,82.0,130.3,2.3,2.71,102
WE00965,Extreme Wind,LOW,40.4346,-72.882,118,2026-01-04T17:49:57,2026-01-06T07:18:43.890672,20.2,20.5,174.6,6.5,1.45,26
WE00966,Fog,MEDIUM,25.5593,-84.5451,257,2025-08-15T05:19:38,2025-08-16T10:30:48.956960,-5.7,191.6,31.9,1.4,1.85,42
WE00967,Hurricane,MEDIUM,41.1259,-91.9038,156,2025-08-22T18:03:32,2025-08-25T04:39:54.865326,8.8,93.4,199.6,3.9,1.73,56
WE00968,Fog,MEDIUM,34.941,-92.0101,201,2024-08-24T06:53:50,2024-08-25T20:30:36.817889,-13.2,146.4,129.8,7.3,2.0,67
WE00969,Fog,HIGH,44.5319,-94.6955,370,2026-02-08T11:11:25,2026-02-10T02:52:53.989395,36.2,41.9,76.3,0.9,2.89,104
WE00970,Tornado,HIGH,43.3215,-94.3689,211,2024-02-27T12:11:28,2024-02-29T03:46:16.794345,43.2,164.5,169.4,0.9,2.9,152
WE00971,Ice,MEDIUM,36.915,-86.6052,259,2024-07-15T02:48:07,2024-07-18T00:43:00.811060,41.4,163.2,33.4,3.4,1.91,77
WE00972,Thunderstorm,MEDIUM,46.7117,-123.0608,244,2026-02-19T06:46:16,2026-02-20T19:42:16.980165,-7.8,173.5,44.6,2.9,1.98,86
WE00973,Fog,MEDIUM,29.0466,-109.3923,222,2025-05-30T17:39:34,2025-05-30T21:08:42.255451,6.1,121.1,114.4,3.6,1.61,58
WE00974,Ice,HIGH,41.3082,-76.2917,330,2024-06-04T21:51:48,2024-06-07T10:59:07.070572,18.2,138.9,94.3,0.0,2.07,130
WE00975,Ice,MEDIUM,35.7494,-123.5764,178,2025-11-14T23:48:19,2025-11-17T12:08:56.306654,-12.8,24.1,40.1,0.0,2.0,78
WE00976,Thunderstorm,LOW,47.5994,-99.4496,58,2024-06-03T21:31:17,2024-06-04T03:14:39.390904,-15.1,72.5,86.5,3.1,1.43,18
WE00977,Thunderstorm,LOW,28.4695,-97.7242,74,2026-03-28T00:52:39,2026-03-28T22:26:35.022420,-1.8,71.7,4.6,4.5,1.05,29
WE00978,Snowstorm,LOW,35.5319,-76.846,83,2025-12-10T19:30:48,2025-12-13T04:45:35.029381,-3.9,81.7,29.4,4.5,1.12,5
WE00979,Extreme Wind,CRITICAL,42.2807,-111.526,789,2024-01-24T20:11:59,2024-01-26T00:27:18.777399,0.3,145.2,199.3,0.1,3.84,496
WE00980,Extreme Heat,MEDIUM,38.5278,-87.8233,150,2024-08-11T22:30:12,2024-08-12T02:16:09.666931,11.3,88.0,125.2,4.4,1.64,58
WE00981,Extreme Heat,MEDIUM,26.4996,-78.8057,253,2025-09-28T21:06:38,2025-09-30T11:16:40.775568,12.5,38.4,104.2,0.0,1.72,57
WE00982,Tornado,LOW,38.7974,-84.0848,135,2024-08-27T19:00:12,2024-08-30T08:44:50.581813,3.8,49.1,140.7,5.3,1.41,29
WE00983,Hurricane,LOW,28.0231,-92.9266,85,2024-04-26T05:47:57,2024-04-28T23:45:57.835462,-5.9,85.4,33.2,4.6,1.31,15
WE00984,Extreme Wind,CRITICAL,33.8082,-106.6902,701,2025-12-30T07:52:41,2025-12-31T07:02:02.366650,7.2,29.0,37.2,1.6,4.56,299
WE00985,Extreme Wind,MEDIUM,47.5902,-110.7751,185,2025-02-15T16:45:55,2025-02-16T12:13:49.214527,34.4,76.7,10.9,5.8,1.81,38
WE00986,Ice,MEDIUM,30.088,-107.4253,119,2025-06-09T22:28:39,2025-06-11T06:38:12.476731,24.8,182.9,120.1,0.0,1.52,73
WE00987,Hurricane,MEDIUM,35.3669,-94.0838,175,2025-09-09T11:15:08,2025-09-11T03:17:56.371184,20.2,190.2,37.3,7.8,1.52,80
WE00988,Extreme Heat,LOW,37.2681,-84.4492,96,2024-05-04T18:22:19,2024-05-06T01:03:19.370628,-14.4,74.7,133.0,3.3,1.31,26
WE00989,Extreme Wind,LOW,33.8561,-117.1861,122,2025-05-25T09:48:46,2025-05-26T11:39:48.077865,16.7,97.4,2.9,8.5,1.18,25
WE00990,Heavy Rain,HIGH,39.4753,-97.3931,442,2026-04-08T22:52:54,2026-04-09T05:15:40.776449,-14.3,117.5,76.0,4.9,2.64,90
WE00991,Thunderstorm,LOW,38.2641,-96.3878,66,2025-08-13T07:46:37,2025-08-14T06:07:55.707058,24.2,69.0,6.4,2.5,1.25,26
WE00992,Heavy Rain,LOW,39.9421,-88.3362,88,2025-05-06T21:59:00,2025-05-08T16:16:52.959262,34.3,192.1,165.4,6.2,1.09,29
WE00993,Fog,MEDIUM,40.193,-83.443,235,2026-01-28T00:00:02,2026-01-28T18:05:01.850057,-18.2,179.9,68.1,7.5,1.95,46
WE00994,Tornado,MEDIUM,41.5904,-93.7723,163,2026-04-20T10:32:20,2026-04-22T09:46:02.056703,22.3,60.3,106.4,0.0,1.77,72
WE00995,Extreme Heat,LOW,45.6088,-121.0043,138,2024-02-25T18:24:55,2024-02-28T08:51:16.106470,28.9,106.1,112.8,1.9,1.32,29
WE00996,Heavy Rain,HIGH,40.061,-76.6273,429,2024-04-16T06:54:37,2024-04-17T18:28:59.017010,7.5,145.3,177.8,0.0,2.6,188
WE00997,Heavy Rain,LOW,43.6864,-114.9447,101,2024-12-30T16:52:08,2025-01-01T23:43:08.586839,30.0,108.1,49.7,2.1,1.32,12
WE00998,Extreme Wind,HIGH,43.0887,-112.4286,395,2025-03-22T10:15:56,2025-03-22T17:45:16.560093,35.2,1.3,43.8,0.0,2.4,161
WE00999,Tornado,LOW,35.8586,-107.2118,128,2024-12-19T09:18:11,2024-12-20T18:51:48.725687,39.0,173.4,102.4,2.7,1.15,6
WE01000,Fog,LOW,29.0019,-91.1349,52,2024-05-20T09:35:08,2024-05-20T11:38:22.735212,3.1,38.3,105.7,7.9,1.02,21
WE01001,Fog,MEDIUM,35.8824,-82.7792,262,2025-11-05T03:37:44,2025-11-07T16:21:15.551544,36.8,184.3,3.3,0.0,1.65,80
WE01002,Heavy Rain,CRITICAL,34.9233,-75.085,746,2024-06-01T22:13:32,2024-06-02T08:49:11.799462,25.0,39.1,30.4,0.1,4.01,314
WE01003,Thunderstorm,HIGH,34.6397,-98.8244,323,2024-06-05T03:10:53,2024-06-07T18:22:00.291475,44.7,115.8,98.6,0.0,2.33,101
WE01004,Heavy Rain,LOW,35.2,-108.6963,113,2025-11-20T05:32:07,2025-11-20T17:42:22.314257,-15.9,171.2,128.3,7.6,1.23,12
WE01005,Hurricane,LOW,41.0377,-85.3245,145,2024-09-15T10:31:43,2024-09-15T13:29:53.410681,30.5,149.3,11.3,5.1,1.26,21
WE01006,Heavy Rain,MEDIUM,29.9171,-106.4704,189,2025-04-10T04:54:16,2025-04-10T08:15:09.360790,27.3,72.5,95.7,5.2,1.86,55
WE01007,Extreme Heat,LOW,40.552,-118.6803,146,2024-02-14T23:13:54,2024-02-17T01:16:34.610992,31.8,133.0,174.6,0.5,1.33,7
WE01008,Ice,HIGH,44.5463,-85.441,498,2024-03-12T10:40:03,2024-03-15T05:19:21.920253,28.8,80.0,84.8,0.8,2.15,110
WE01009,Extreme Heat,CRITICAL,39.0845,-97.5963,338,2025-05-18T21:33:50,2025-05-21T15:47:06.306572,17.5,168.6,185.5,0.0,3.77,541
WE01010,Extreme Heat,MEDIUM,30.3069,-89.079,112,2024-03-28T04:16:35,2024-03-31T00:29:01.445957,14.3,167.4,32.4,4.6,1.62,38
WE01011,Thunderstorm,HIGH,39.8519,-106.4648,397,2025-03-31T17:32:36,2025-04-02T19:59:20.507756,7.2,141.8,159.6,0.0,2.26,122
WE01012,Extreme Wind,LOW,41.906,-115.7169,148,2025-07-10T20:28:55,2025-07-12T08:28:48.617822,16.1,143.4,38.6,7.2,1.17,23
WE01013,Fog,HIGH,35.2715,-75.4903,301,2025-08-05T07:05:19,2025-08-05T22:52:27.578188,27.0,43.4,191.8,4.9,2.14,166
WE01014,Heavy Rain,MEDIUM,38.319,-90.7084,122,2025-10-31T01:10:02,2025-11-01T01:13:16.234937,8.5,32.8,32.7,1.9,1.78,30
WE01015,Extreme Heat,LOW,38.2545,-80.7863,132,2024-08-14T03:14:07,2024-08-17T00:45:02.921676,15.6,111.2,97.7,5.1,1.12,28
WE01016,Snowstorm,HIGH,39.5647,-79.4323,214,2025-01-14T08:20:24,2025-01-16T20:20:03.164773,11.1,41.2,129.8,4.2,2.51,187
WE01017,Extreme Wind,LOW,43.1943,-110.8244,78,2026-04-05T03:18:56,2026-04-07T14:21:01.492773,1.7,82.8,190.7,8.3,1.44,16
WE01018,Ice,HIGH,38.4286,-85.2991,483,2025-10-02T02:24:09,2025-10-04T16:28:44.009076,-5.3,132.2,98.3,4.0,2.2,210
WE01019,Ice,LOW,43.6467,-90.9225,87,2026-05-29T03:19:38,2026-06-01T03:16:29.581827,42.2,75.3,9.6,3.6,1.37,7
WE01020,Extreme Wind,LOW,42.3833,-71.8944,78,2024-10-06T17:00:26,2024-10-08T20:00:48.226634,-2.3,102.0,134.3,2.5,1.12,16
WE01021,Fog,CRITICAL,36.3347,-116.155,464,2024-09-21T01:26:59,2024-09-23T11:17:28.307309,44.9,55.0,52.6,1.4,3.58,540
WE01022,Extreme Heat,LOW,36.3879,-77.6165,119,2024-09-28T23:03:31,2024-10-01T05:13:08.031275,40.8,167.2,24.7,0.4,1.45,22
WE01023,Extreme Heat,CRITICAL,46.057,-123.1753,767,2024-05-02T16:09:12,2024-05-05T08:03:06.966831,9.1,41.6,170.4,0.0,4.52,418
WE01024,Tornado,MEDIUM,35.3644,-106.9388,119,2025-08-17T06:17:06,2025-08-19T09:51:58.920166,-15.3,20.2,193.3,5.4,1.68,42
WE01025,Fog,LOW,28.7403,-99.5456,125,2025-01-09T02:47:07,2025-01-11T20:31:29.815302,-10.1,159.5,138.6,1.6,1.25,16
WE01026,Extreme Wind,LOW,31.9504,-96.5693,82,2026-02-12T02:22:47,2026-02-14T08:11:24.829391,-15.9,63.4,115.0,0.8,1.14,18
WE01027,Tornado,HIGH,39.7515,-74.6603,333,2026-06-24T21:40:25,2026-06-25T08:52:40.790288,0.4,35.9,110.2,0.0,2.29,130
WE01028,Fog,CRITICAL,33.0645,-103.7259,547,2024-08-10T07:48:55,2024-08-12T11:43:16.170877,20.0,5.3,110.1,0.0,4.39,254
WE01029,Hurricane,HIGH,39.2056,-88.6096,224,2024-12-26T16:36:45,2024-12-28T03:43:16.486954,32.8,59.0,1.3,0.0,2.22,191
WE01030,Ice,MEDIUM,40.8716,-70.2748,261,2025-12-17T08:54:53,2025-12-18T12:53:01.540585,1.7,127.2,187.4,5.2,1.6,30
WE01031,Snowstorm,MEDIUM,46.6415,-98.6022,219,2025-01-29T12:57:41,2025-01-30T06:50:17.323444,-4.4,60.4,174.4,7.2,1.83,45
WE01032,Hurricane,HIGH,41.7802,-116.6553,488,2025-12-14T22:01:48,2025-12-17T16:22:40.376307,-12.9,9.1,51.4,1.3,2.25,206
WE01033,Tornado,LOW,45.9633,-122.3687,77,2025-01-31T15:16:10,2025-02-02T05:05:22.646309,43.2,71.3,73.7,3.3,1.46,11
WE01034,Hurricane,MEDIUM,40.9846,-71.6868,229,2024-01-15T14:21:41,2024-01-16T04:31:16.618371,-1.0,177.8,72.5,6.5,1.75,45
WE01035,Tornado,LOW,36.1922,-83.9765,76,2025-12-23T17:53:54,2025-12-25T03:59:04.697717,17.2,161.5,115.1,3.1,1.0,18
WE01036,Snowstorm,LOW,31.0615,-95.5201,62,2025-03-22T19:41:08,2025-03-23T13:33:53.556464,29.7,172.8,118.5,4.9,1.14,20
WE01037,Fog,LOW,41.444,-80.7779,73,2026-04-29T02:39:20,2026-04-29T13:55:26.644432,34.5,0.7,175.9,6.7,1.27,15
WE01038,Ice,HIGH,41.1868,-71.0646,384,2024-09-02T09:45:29,2024-09-04T08:12:19.655384,5.5,67.9,136.3,4.3,2.65,154
WE01039,Heavy Rain,HIGH,31.0642,-81.6756,223,2024-04-24T17:46:16,2024-04-27T13:10:14.672510,21.1,167.0,117.8,2.2,2.46,125
WE01040,Hurricane,MEDIUM,32.7416,-105.0771,247,2025-11-17T04:52:47,2025-11-18T08:27:26.846619,-13.6,143.2,22.9,4.2,1.87,64
WE01041,Hurricane,MEDIUM,32.5903,-100.1868,198,2025-06-20T19:37:12,2025-06-21T14:07:29.379627,16.0,32.8,180.5,0.0,1.9,59
WE01042,Ice,HIGH,39.7933,-87.0621,446,2025-04-09T17:16:43,2025-04-11T19:19:13.649424,23.3,48.7,71.9,0.0,2.91,233
WE01043,Extreme Heat,HIGH,41.2352,-78.0287,412,2025-10-21T03:23:01,2025-10-21T16:24:17.104705,1.0,14.1,189.3,0.0,2.01,178
WE01044,Heavy Rain,LOW,41.8254,-84.6595,115,2025-01-23T12:20:15,2025-01-26T08:31:03.691977,13.3,64.1,85.2,8.5,1.34,19
WE01045,Extreme Heat,CRITICAL,28.0373,-83.3817,799,2025-12-10T16:04:24,2025-12-11T14:29:54.921076,-15.2,122.0,189.4,0.0,3.39,255
WE01046,Snowstorm,HIGH,23.131,-78.4706,370,2025-04-14T07:54:44,2025-04-15T07:45:41.739717,10.7,43.9,129.6,2.6,2.9,205
WE01047,Hurricane,MEDIUM,38.5638,-112.861,221,2024-11-05T11:20:52,2024-11-06T06:14:52.597994,2.5,19.9,164.8,5.2,1.86,81
WE01048,Heavy Rain,LOW,34.2243,-107.8504,88,2025-08-20T14:24:13,2025-08-23T01:12:11.800692,44.3,38.4,168.7,5.2,1.28,24
WE01049,Fog,MEDIUM,29.6199,-87.7632,106,2026-01-20T15:18:08,2026-01-20T20:50:05.844377,42.1,166.7,14.8,4.2,1.99,61
WE01050,Hurricane,LOW,34.025,-85.2906,90,2024-06-14T16:19:19,2024-06-15T22:44:06.530058,-16.0,80.6,176.6,3.1,1.18,8
WE01051,Extreme Wind,LOW,37.9963,-95.3572,134,2025-01-03T11:40:10,2025-01-06T06:02:21.160734,-5.8,25.7,142.0,7.1,1.16,29
WE01052,Extreme Wind,LOW,44.6863,-71.4197,92,2025-08-15T10:17:29,2025-08-17T09:42:21.077946,-3.0,193.5,158.1,4.8,1.29,27
WE01053,Fog,CRITICAL,37.7277,-92.9613,606,2026-06-07T10:49:24,2026-06-09T19:49:43.399372,22.8,31.6,107.5,0.0,4.7,524
WE01054,Fog,HIGH,39.8926,-96.7855,362,2025-07-11T14:58:02,2025-07-12T11:52:39.204968,-8.6,188.9,121.8,0.0,2.6,169
WE01055,Heavy Rain,MEDIUM,41.036,-79.2116,126,2026-06-11T22:32:31,2026-06-14T20:27:37.728225,39.3,193.0,138.9,2.3,1.75,64
WE01056,Heavy Rain,MEDIUM,33.2845,-95.141,210,2025-04-04T14:55:19,2025-04-06T16:11:48.507332,25.0,190.8,28.5,4.3,1.65,83
WE01057,Snowstorm,HIGH,44.6421,-72.8087,283,2025-04-03T15:00:01,2025-04-06T12:18:17.847660,35.8,101.4,10.0,0.0,2.64,90
WE01058,Hurricane,LOW,41.6059,-109.8485,103,2024-02-04T01:58:02,2024-02-05T00:25:15.914404,13.6,160.0,163.1,1.0,1.0,18
WE01059,Hurricane,LOW,41.3248,-76.5053,105,2025-09-06T20:42:27,2025-09-09T02:53:28.264301,-19.0,188.1,179.3,9.3,1.42,7
WE01060,Ice,MEDIUM,37.3197,-95.6972,224,2025-03-02T09:22:13,2025-03-04T23:41:05.619502,19.9,190.5,69.8,5.6,1.86,75
WE01061,Tornado,CRITICAL,29.68,-94.8314,354,2024-01-13T13:54:50,2024-01-15T02:08:32.914062,-9.7,75.0,90.4,0.0,4.92,340
WE01062,Tornado,HIGH,41.7656,-78.8333,413,2026-05-29T03:21:46,2026-06-01T01:49:50.132581,42.9,75.5,91.7,1.8,2.81,194
WE01063,Thunderstorm,LOW,42.3917,-70.5556,129,2024-03-17T04:30:07,2024-03-17T15:27:18.865922,6.0,103.1,66.9,5.1,1.2,7
WE01064,Thunderstorm,MEDIUM,29.9026,-94.059,205,2026-02-10T15:20:07,2026-02-13T02:52:27.856363,43.6,178.5,137.4,4.8,1.6,37
WE01065,Snowstorm,HIGH,30.9863,-80.8827,271,2025-03-20T14:05:28,2025-03-22T16:55:51.954354,22.8,146.9,167.4,3.4,2.09,140
WE01066,Extreme Wind,MEDIUM,39.9075,-83.999,219,2024-12-23T11:26:07,2024-12-23T13:36:03.526562,31.1,166.6,46.5,0.0,1.94,62
WE01067,Fog,HIGH,32.2521,-89.5963,243,2025-07-01T07:28:38,2025-07-02T02:33:24.345157,14.7,199.0,86.6,0.0,2.72,108
WE01068,Snowstorm,CRITICAL,33.2485,-85.4205,563,2024-12-06T05:04:51,2024-12-07T18:29:12.737613,16.4,166.1,152.8,0.0,4.96,524
WE01069,Thunderstorm,LOW,45.5206,-107.7382,116,2024-10-22T08:38:03,2024-10-23T04:40:29.044902,-9.5,141.4,131.3,1.6,1.2,7
WE01070,Tornado,HIGH,33.5049,-107.5429,397,2025-01-24T08:02:39,2025-01-26T21:03:45.927014,17.2,127.8,64.2,0.5,2.15,147
WE01071,Fog,MEDIUM,33.259,-79.9483,294,2024-07-31T11:29:58,2024-08-03T04:57:02.520167,11.8,125.3,101.9,0.0,1.53,64
WE01072,Fog,HIGH,36.0059,-84.4457,450,2024-05-30T22:32:01,2024-05-31T20:08:02.599171,-12.5,129.8,24.1,1.4,2.27,191
WE01073,Thunderstorm,HIGH,36.6642,-96.8053,201,2024-03-02T05:46:48,2024-03-03T00:49:29.220583,36.3,135.9,54.7,4.3,2.51,145
WE01074,Snowstorm,HIGH,37.8035,-81.8173,393,2025-04-24T21:51:09,2025-04-27T13:17:25.222670,-2.8,171.9,92.2,0.0,2.4,172
WE01075,Tornado,MEDIUM,32.2465,-90.2356,284,2025-11-15T19:04:47,2025-11-17T17:12:32.510056,28.5,197.0,84.6,2.9,1.59,84
WE01076,Extreme Heat,LOW,25.7089,-84.7202,93,2024-02-21T19:55:11,2024-02-22T16:49:28.182071,22.5,64.5,175.8,3.1,1.11,22
WE01077,Extreme Heat,CRITICAL,37.826,-80.369,784,2026-06-19T08:04:39,2026-06-21T06:55:30.610855,-9.6,54.7,186.0,2.0,3.15,387
WE01078,Snowstorm,MEDIUM,36.8134,-119.7216,281,2025-07-20T19:00:45,2025-07-20T23:50:49.765343,15.9,129.4,141.4,3.1,1.6,87
WE01079,Tornado,CRITICAL,42.3458,-74.6761,537,2024-07-23T03:23:14,2024-07-23T07:29:08.700829,-18.4,118.8,182.4,0.0,4.64,265
WE01080,Extreme Wind,LOW,39.8125,-93.4285,51,2024-05-20T00:24:56,2024-05-20T13:15:53.230254,33.2,78.9,136.3,1.7,1.39,29
WE01081,Extreme Heat,MEDIUM,38.3067,-84.4441,184,2025-04-03T10:30:54,2025-04-04T20:17:46.532368,3.6,98.4,115.2,7.2,1.92,30
WE01082,Hurricane,LOW,41.7058,-96.6274,148,2025-05-22T12:58:18,2025-05-23T00:05:03.062546,18.2,158.3,50.8,5.6,1.33,13
WE01083,Extreme Wind,MEDIUM,40.1858,-96.562,242,2025-10-07T11:04:41,2025-10-08T09:33:27.635927,12.4,112.8,9.6,0.0,1.94,33
WE01084,Fog,LOW,42.5215,-91.5286,132,2024-09-29T20:20:11,2024-10-01T09:10:13.453695,5.7,70.3,144.1,1.3,1.08,24
WE01085,Thunderstorm,CRITICAL,37.868,-88.1048,634,2024-11-07T22:10:21,2024-11-08T08:18:40.976011,13.9,163.3,137.7,0.0,3.16,256
WE01086,Tornado,MEDIUM,40.7498,-73.8825,217,2024-07-24T07:16:27,2024-07-25T23:31:42.426824,-10.3,0.3,110.6,0.0,1.55,40
WE01087,Heavy Rain,LOW,35.3353,-86.4677,79,2026-04-17T22:34:43,2026-04-20T07:45:30.228468,38.6,183.1,87.0,9.5,1.15,11
WE01088,Thunderstorm,LOW,26.873,-82.9545,142,2025-07-22T08:09:26,2025-07-23T16:06:38.308537,9.2,179.4,181.2,2.0,1.03,25
WE01089,Tornado,LOW,38.971,-115.1437,83,2026-04-04T15:36:39,2026-04-05T19:11:33.342117,19.8,182.5,178.5,1.3,1.23,19
WE01090,Tornado,HIGH,40.3032,-84.5848,222,2026-02-18T12:15:52,2026-02-21T06:52:38.890944,36.2,158.8,107.4,4.0,2.05,209
WE01091,Fog,MEDIUM,43.9808,-72.9826,120,2025-02-27T08:33:21,2025-02-27T11:48:39.643714,-13.1,150.9,78.6,5.8,1.83,68
WE01092,Extreme Heat,CRITICAL,41.2957,-95.4244,547,2024-09-12T14:39:38,2024-09-13T11:41:24.290276,0.3,155.7,65.8,0.0,4.26,391
WE01093,Thunderstorm,LOW,37.3294,-116.3493,76,2025-02-03T04:32:20,2025-02-05T03:01:54.488804,0.8,31.8,116.3,5.2,1.49,20
WE01094,Snowstorm,LOW,32.0727,-82.7063,81,2026-01-18T12:35:20,2026-01-21T04:59:48.943501,-14.1,123.4,175.9,7.3,1.03,29
WE01095,Heavy Rain,MEDIUM,42.0245,-71.5375,298,2025-04-03T11:40:14,2025-04-05T13:42:48.239471,28.8,47.6,49.6,7.6,1.52,68
WE01096,Fog,MEDIUM,32.3073,-88.6184,227,2025-06-10T04:13:11,2025-06-11T04:56:02.610131,-17.3,98.6,87.8,5.8,1.57,88
WE01097,Heavy Rain,LOW,29.8715,-94.4495,119,2024-06-27T21:50:16,2024-06-29T22:51:11.769280,19.8,173.6,34.4,7.5,1.11,23
WE01098,Heavy Rain,LOW,42.348,-85.1961,109,2025-12-28T12:39:34,2025-12-28T22:27:31.036207,27.5,96.1,153.2,2.6,1.01,10
WE01099,Extreme Heat,HIGH,42.5945,-87.7146,419,2024-04-26T23:21:49,2024-04-27T07:05:59.628552,14.6,154.0,155.1,0.0,2.24,181
WE01100,Fog,LOW,42.332,-72.7141,100,2024-08-06T15:48:06,2024-08-07T14:33:38.427271,41.4,118.5,62.2,5.6,1.01,14
WE01101,Fog,MEDIUM,32.8672,-76.5848,224,2024-12-16T11:31:31,2024-12-19T08:52:33.215651,-9.1,156.9,159.0,0.0,1.5,66
WE01102,Heavy Rain,MEDIUM,42.0383,-107.6633,105,2025-09-09T08:34:27,2025-09-10T01:09:37.188523,12.6,190.0,157.6,7.6,1.64,32
WE01103,Snowstorm,HIGH,40.7265,-81.9467,487,2026-05-15T18:07:13,2026-05-17T08:17:44.198018,-7.8,47.9,22.4,0.0,2.15,212
WE01104,Hurricane,MEDIUM,29.6647,-93.0733,194,2025-07-22T05:04:56,2025-07-22T18:00:25.350507,-18.6,43.8,138.6,0.2,1.52,86
WE01105,Extreme Wind,MEDIUM,38.6429,-95.3413,284,2024-05-20T06:44:06,2024-05-20T22:14:43.397858,28.4,197.1,104.2,0.9,1.8,32
WE01106,Ice,LOW,40.5417,-73.6363,73,2025-09-04T22:48:21,2025-09-05T20:56:25.895249,-14.1,18.0,37.0,9.9,1.48,14
WE01107,Hurricane,MEDIUM,34.2191,-87.7424,247,2024-01-22T14:55:30,2024-01-24T10:43:33.776044,12.9,140.5,40.2,7.6,1.79,44
WE01108,Thunderstorm,HIGH,36.3614,-117.8659,287,2025-02-14T19:43:49,2025-02-16T23:27:23.325625,17.7,64.4,172.8,1.3,2.94,234
WE01109,Extreme Heat,MEDIUM,31.4493,-95.6946,235,2026-04-13T12:51:56,2026-04-14T16:54:59.514184,7.9,108.5,69.3,0.0,1.66,74
WE01110,Thunderstorm,LOW,43.5994,-77.1811,138,2024-07-10T23:43:19,2024-07-13T23:38:13.776106,-17.9,73.5,130.9,0.5,1.05,25
WE01111,Snowstorm,MEDIUM,36.3851,-92.5535,287,2025-12-07T11:39:07,2025-12-09T16:28:02.070480,9.4,4.4,69.5,0.5,1.63,53
WE01112,Fog,MEDIUM,39.3629,-72.4245,113,2025-07-26T13:52:09,2025-07-29T12:48:35.918872,-4.4,197.6,59.9,5.2,1.57,74
WE01113,Fog,LOW,40.2137,-76.2417,112,2025-02-11T06:05:08,2025-02-11T09:59:59.547639,-16.3,23.5,162.9,3.2,1.42,21
WE01114,Extreme Wind,LOW,34.4661,-77.0289,117,2026-06-27T01:58:47,2026-06-29T18:36:43.168900,20.9,83.3,167.0,3.5,1.2,26
WE01115,Heavy Rain,MEDIUM,50.1865,-120.3222,178,2025-08-14T21:39:36,2025-08-15T23:14:30.995177,28.4,195.3,66.5,5.7,1.93,64
WE01116,Heavy Rain,MEDIUM,30.3688,-96.8664,262,2025-07-31T01:32:28,2025-08-02T22:59:22.820596,5.3,144.4,3.5,0.6,1.55,47
WE01117,Tornado,HIGH,43.5273,-106.1265,367,2024-06-17T07:26:07,2024-06-18T06:37:30.651668,21.5,119.9,71.4,1.7,2.12,119
WE01118,Hurricane,MEDIUM,37.6438,-86.7508,173,2024-12-29T05:30:44,2024-12-30T14:17:55.414564,-3.1,142.9,64.6,7.5,1.77,42
WE01119,Extreme Wind,MEDIUM,30.0945,-111.8774,275,2026-01-02T09:55:54,2026-01-04T11:23:23.813105,-18.4,82.7,115.3,4.3,1.65,88
WE01120,Fog,MEDIUM,35.316,-98.58,118,2024-02-08T20:59:11,2024-02-10T11:23:25.971175,21.5,182.5,95.7,0.3,1.52,76
WE01121,Fog,MEDIUM,27.7467,-81.8226,223,2026-05-22T02:47:03,2026-05-24T06:45:03.090002,28.2,22.7,122.6,0.7,1.9,60
WE01122,Extreme Heat,MEDIUM,49.5637,-97.0558,243,2025-05-24T12:57:37,2025-05-27T00:23:03.486920,29.0,118.1,183.5,2.6,1.91,40
WE01123,Snowstorm,LOW,32.4419,-89.2714,116,2024-12-09T21:10:02,2024-12-10T21:29:37.789486,29.4,50.3,186.1,6.7,1.44,17
WE01124,Fog,LOW,33.7882,-87.8157,90,2024-04-08T04:54:07,2024-04-09T18:04:12.416855,-14.2,28.1,150.9,4.1,1.1,28
WE01125,Tornado,LOW,34.9419,-125.0925,132,2025-12-22T05:08:53,2025-12-23T17:06:10.752082,-1.0,185.0,145.3,2.3,1.45,27
WE01126,Ice,LOW,39.2765,-84.7715,123,2025-04-14T10:27:58,2025-04-14T20:35:19.944576,-5.4,48.5,172.0,2.5,1.29,22
WE01127,Heavy Rain,MEDIUM,27.9259,-80.0369,259,2025-09-26T06:22:22,2025-09-27T01:17:06.670165,-8.4,121.2,51.3,0.1,1.7,73
WE01128,Fog,LOW,42.8501,-72.6608,96,2024-06-30T05:59:39,2024-06-30T21:26:00.892970,-6.5,116.9,123.8,4.6,1.44,12
WE01129,Fog,MEDIUM,42.2479,-90.2154,129,2024-08-05T03:15:53,2024-08-06T11:18:48.151852,25.1,156.8,173.2,4.4,1.71,60
WE01130,Extreme Heat,HIGH,39.507,-110.7643,385,2024-03-11T10:39:05,2024-03-14T00:37:12.149318,-1.6,19.3,20.6,0.0,2.94,157
WE01131,Thunderstorm,MEDIUM,35.9381,-93.9039,216,2024-02-27T19:22:07,2024-02-28T05:22:38.918679,-19.5,188.8,57.3,6.9,1.7,58
WE01132,Fog,MEDIUM,31.0145,-94.7687,265,2025-04-17T19:32:02,2025-04-19T06:17:19.356274,7.9,73.2,153.5,5.7,1.84,32
WE01133,Snowstorm,CRITICAL,32.9577,-90.984,437,2026-02-04T06:22:37,2026-02-05T08:18:29.968536,39.7,122.2,137.6,0.0,4.38,406
WE01134,Extreme Heat,HIGH,38.821,-102.9604,368,2024-06-29T09:17:07,2024-06-30T02:33:52.682571,28.8,64.9,93.7,1.1,2.23,152
WE01135,Snowstorm,HIGH,31.1456,-81.5502,213,2024-05-30T23:34:49,2024-06-02T15:09:57.816702,-3.4,188.5,160.6,4.8,2.81,224
WE01136,Snowstorm,CRITICAL,40.9843,-79.75,612,2024-12-30T17:58:46,2024-12-30T23:02:19.785762,25.2,192.6,198.9,0.9,3.29,299
WE01137,Fog,LOW,34.4699,-96.0924,76,2026-04-15T01:11:24,2026-04-16T05:37:58.236654,39.8,194.9,159.7,4.7,1.19,9
WE01138,Ice,LOW,40.2107,-78.6173,96,2024-07-29T17:55:20,2024-07-31T12:50:12.982231,17.3,140.0,151.6,0.3,1.13,12
WE01139,Ice,HIGH,40.8563,-83.6056,486,2025-08-26T17:46:00,2025-08-27T15:56:33.950530,-7.7,147.7,182.4,2.1,2.39,93
WE01140,Snowstorm,MEDIUM,40.268,-89.4805,144,2025-12-05T17:03:54,2025-12-08T07:17:41.869716,38.0,67.2,173.7,1.8,1.53,78
WE01141,Tornado,MEDIUM,35.2972,-122.2923,165,2025-07-30T08:18:42,2025-07-31T08:46:34.168711,-11.5,120.6,92.0,0.0,1.56,73
WE01142,Ice,HIGH,40.4912,-85.2338,299,2026-04-19T03:50:09,2026-04-21T07:49:17.925360,39.2,83.4,56.2,0.0,2.24,210
WE01143,Extreme Heat,MEDIUM,38.6554,-81.194,288,2025-10-13T02:10:40,2025-10-15T02:23:57.675641,-6.2,6.3,22.7,3.2,1.61,83
WE01144,Heavy Rain,CRITICAL,42.5909,-81.4106,546,2024-08-28T01:01:52,2024-08-28T05:40:02.403272,7.9,175.6,149.7,0.0,3.76,493
WE01145,Heavy Rain,MEDIUM,34.297,-91.6255,176,2025-10-06T12:00:58,2025-10-07T08:44:15.309253,28.6,72.5,70.9,0.0,1.73,63
WE01146,Extreme Heat,MEDIUM,30.2665,-116.7342,220,2024-06-02T19:47:38,2024-06-03T03:25:59.567332,10.1,184.6,10.3,2.9,1.56,30
WE01147,Extreme Wind,MEDIUM,38.0296,-121.5405,265,2026-01-30T04:10:47,2026-02-01T20:56:20.116111,34.8,164.5,29.8,0.5,1.71,37
WE01148,Thunderstorm,LOW,35.1386,-87.9519,59,2025-09-25T23:39:46,2025-09-27T11:49:18.387345,20.8,50.7,37.3,2.2,1.02,11
WE01149,Fog,MEDIUM,32.3089,-93.4922,174,2025-03-10T13:28:06,2025-03-12T18:04:35.458799,2.8,42.3,130.4,0.0,1.75,50
WE01150,Ice,LOW,43.3886,-97.3815,132,2024-02-20T19:45:05,2024-02-21T01:46:47.288946,-13.2,73.5,98.0,0.5,1.09,11
WE01151,Extreme Wind,MEDIUM,33.7415,-87.461,189,2025-07-29T14:21:29,2025-07-30T21:30:43.452960,-16.3,161.6,102.1,1.8,1.72,52
WE01152,Heavy Rain,LOW,34.0812,-111.2512,149,2024-12-03T12:24:03,2024-12-05T09:12:31.025880,27.8,141.9,39.3,1.2,1.3,19
WE01153,Hurricane,LOW,33.1374,-105.9838,108,2025-11-19T18:31:10,2025-11-21T18:10:33.880316,4.2,193.4,26.0,0.1,1.33,14
WE01154,Ice,HIGH,34.1535,-104.829,434,2025-11-21T19:27:47,2025-11-24T10:35:29.328417,11.5,0.7,12.4,0.0,2.9,230
WE01155,Extreme Wind,CRITICAL,23.4148,-80.9535,605,2025-01-01T18:55:01,2025-01-02T04:17:51.294708,38.4,119.5,87.3,0.0,4.06,397
WE01156,Snowstorm,MEDIUM,29.7306,-83.0502,208,2025-07-17T09:54:56,2025-07-17T19:35:18.613912,12.1,53.7,14.5,1.5,1.94,78
WE01157,Hurricane,MEDIUM,43.6518,-74.4102,270,2024-06-03T08:12:31,2024-06-03T20:13:04.585260,7.3,162.1,175.0,7.7,1.88,76
WE01158,Extreme Heat,LOW,37.206,-95.6493,65,2025-07-24T15:14:23,2025-07-25T11:08:34.865686,35.7,7.4,34.7,1.0,1.38,19
WE01159,Tornado,MEDIUM,29.3781,-79.5031,132,2026-04-25T19:09:30,2026-04-28T14:16:58.379318,-6.9,15.8,138.9,1.9,1.71,33
WE01160,Extreme Wind,HIGH,37.7045,-97.4948,290,2025-07-11T04:19:48,2025-07-12T18:13:06.198225,28.4,195.8,64.7,4.5,2.27,111
WE01161,Ice,HIGH,38.5348,-85.3793,353,2024-04-04T01:28:15,2024-04-04T20:55:19.487481,-12.1,77.0,0.2,0.6,2.96,209
WE01162,Heavy Rain,MEDIUM,40.1896,-99.6494,166,2025-09-10T11:43:18,2025-09-12T14:26:37.076440,26.2,143.7,172.3,0.0,1.98,50
WE01163,Heavy Rain,HIGH,33.722,-113.9348,206,2025-03-04T13:36:20,2025-03-05T23:52:46.570474,5.9,62.0,177.8,0.0,2.15,178
WE01164,Extreme Heat,MEDIUM,30.2363,-105.6988,150,2024-10-21T20:34:33,2024-10-22T15:50:06.845961,-17.6,131.1,72.8,6.1,1.55,47
WE01165,Thunderstorm,MEDIUM,44.9419,-82.7401,194,2024-07-08T18:26:39,2024-07-10T00:34:27.432009,-1.6,82.0,136.5,0.0,1.82,70
WE01166,Extreme Wind,MEDIUM,40.9043,-73.9062,131,2025-12-07T09:05:32,2025-12-09T06:42:28.413618,35.0,50.1,112.1,2.9,1.74,85
WE01167,Thunderstorm,LOW,38.9507,-81.1451,71,2024-05-22T09:49:58,2024-05-22T22:32:49.371933,39.5,139.8,188.7,1.3,1.17,17
WE01168,Snowstorm,CRITICAL,36.077,-83.2416,506,2024-11-25T11:52:40,2024-11-27T03:40:29.834508,7.4,70.7,77.6,0.0,4.74,558
WE01169,Hurricane,MEDIUM,33.9383,-83.5074,274,2024-02-03T04:15:49,2024-02-03T18:26:23.561241,23.7,134.9,172.4,0.0,1.59,79
WE01170,Extreme Wind,MEDIUM,34.2622,-86.97,131,2024-03-19T13:42:12,2024-03-22T01:58:34.224188,40.5,134.7,64.1,3.5,1.75,67
WE01171,Fog,LOW,38.7214,-96.7393,101,2025-06-02T02:07:21,2025-06-04T21:42:36.338416,-15.7,196.1,90.9,9.6,1.01,11
WE01172,Heavy Rain,HIGH,42.6558,-80.2437,262,2025-01-13T08:54:23,2025-01-15T05:55:42.454249,-1.3,119.3,110.9,0.0,2.31,216
WE01173,Ice,HIGH,39.8534,-73.6775,410,2024-07-14T14:46:57,2024-07-16T07:04:34.744805,39.3,9.8,105.1,0.0,2.82,92
WE01174,Fog,HIGH,40.5639,-75.4711,329,2026-05-27T00:59:33,2026-05-27T10:26:22.612475,17.0,108.4,113.1,3.8,2.93,100
WE01175,Fog,MEDIUM,50.4009,-116.402,211,2024-11-14T18:37:06,2024-11-15T11:22:40.791901,37.2,103.3,124.0,7.6,1.55,65
WE01176,Hurricane,CRITICAL,33.2111,-89.0473,529,2024-04-16T13:58:18,2024-04-19T02:13:41.050067,37.9,70.8,179.3,0.0,4.27,493
WE01177,Ice,MEDIUM,42.2083,-103.8062,186,2026-05-10T22:21:50,2026-05-13T10:07:04.884427,22.0,88.5,70.1,2.0,1.58,74
WE01178,Snowstorm,HIGH,45.1683,-79.9684,216,2024-11-17T19:23:11,2024-11-17T22:06:20.286593,11.2,159.1,161.8,2.1,2.49,239
WE01179,Heavy Rain,MEDIUM,40.6462,-98.4846,198,2024-12-01T11:14:59,2024-12-01T15:46:38.341748,27.2,76.8,145.7,2.8,1.83,65
WE01180,Ice,MEDIUM,42.6144,-73.1665,238,2024-12-27T22:49:13,2024-12-28T14:13:44.652414,-13.4,77.1,106.2,7.8,1.73,44
WE01181,Heavy Rain,LOW,32.2302,-93.6468,145,2025-05-25T09:35:16,2025-05-27T04:01:34.133142,12.3,97.5,137.3,1.0,1.38,11
WE01182,Snowstorm,HIGH,35.1289,-121.6254,298,2024-08-17T05:13:06,2024-08-18T07:37:44.380559,-6.6,77.1,189.4,4.9,2.2,104
WE01183,Fog,HIGH,45.9008,-95.2784,470,2024-01-05T09:43:01,2024-01-07T05:30:46.852412,16.8,20.8,31.1,0.0,2.36,217
WE01184,Hurricane,MEDIUM,41.7066,-85.4863,114,2025-03-06T17:33:19,2025-03-08T13:07:27.031610,29.5,177.1,123.5,0.0,1.89,50
WE01185,Snowstorm,MEDIUM,35.2719,-77.3098,168,2024-08-12T18:21:31,2024-08-13T14:19:29.908094,-4.5,83.6,180.0,6.2,1.78,48
WE01186,Thunderstorm,HIGH,36.8324,-79.3631,346,2024-07-20T22:27:28,2024-07-21T01:06:21.934249,-13.7,93.8,163.9,1.9,2.98,170
WE01187,Fog,CRITICAL,40.5192,-75.5322,443,2026-04-19T04:41:31,2026-04-21T01:44:10.560939,1.5,138.6,177.7,0.0,3.29,315
WE01188,Fog,MEDIUM,39.5137,-81.9556,201,2025-01-24T09:03:56,2025-01-25T15:35:48.090226,36.8,83.0,29.9,0.0,1.91,69
WE01189,Extreme Wind,MEDIUM,42.3072,-71.5619,152,2024-09-28T01:43:27,2024-09-28T14:07:09.179828,30.9,158.4,82.4,0.0,1.91,89
WE01190,Extreme Heat,LOW,41.7178,-71.839,82,2024-06-19T18:21:04,2024-06-22T08:40:25.183848,-14.5,38.9,171.8,1.1,1.47,28
WE01191,Extreme Heat,MEDIUM,44.4314,-77.9298,155,2024-02-10T01:09:13,2024-02-12T19:38:35.750157,14.1,170.5,39.5,5.7,1.97,87
WE01192,Extreme Heat,LOW,36.8078,-84.7295,119,2024-07-23T17:58:50,2024-07-24T22:35:57.641964,23.9,177.4,111.3,9.2,1.02,25
WE01193,Extreme Heat,LOW,44.4019,-68.7119,133,2024-01-24T02:01:59,2024-01-26T22:36:02.079642,26.0,21.7,123.8,7.2,1.04,18
WE01194,Hurricane,LOW,36.2758,-112.7591,94,2025-07-10T12:14:24,2025-07-12T12:13:26.772530,37.8,116.7,60.8,9.5,1.04,8
WE01195,Hurricane,CRITICAL,33.3381,-90.7314,769,2025-01-04T14:43:59,2025-01-06T15:19:23.315267,26.7,30.8,170.3,0.0,3.56,579
WE01196,Extreme Heat,HIGH,44.1021,-80.1156,328,2025-05-17T23:04:30,2025-05-19T22:27:52.329116,37.6,105.1,170.6,0.0,2.22,190
WE01197,Hurricane,LOW,32.6401,-87.2997,113,2024-01-25T12:21:41,2024-01-27T02:06:44.747428,21.3,14.0,165.2,6.5,1.02,23
WE01198,Extreme Wind,LOW,34.6073,-107.7143,77,2024-09-27T16:22:09,2024-09-29T01:44:12.332111,28.8,157.1,120.6,9.5,1.25,11
WE01199,Heavy Rain,HIGH,40.7996,-80.2618,272,2025-02-16T05:37:04,2025-02-17T04:04:47.951577,3.1,149.3,51.9,2.1,2.08,111
WE01200,Fog,CRITICAL,35.8128,-121.8971,562,2024-03-22T09:34:37,2024-03-23T19:15:31.421611,-15.2,81.7,19.5,0.0,3.51,598
WE01201,Tornado,LOW,38.0239,-107.3597,116,2024-07-15T21:54:03,2024-07-18T20:29:39.605109,11.7,173.9,106.9,0.6,1.28,29
WE01202,Tornado,LOW,29.201,-91.2129,139,2025-10-15T22:32:49,2025-10-17T03:59:02.893460,26.1,156.5,81.9,1.5,1.05,25
WE01203,Extreme Heat,LOW,46.1368,-118.4425,134,2026-03-28T05:53:24,2026-03-30T02:02:02.289299,8.8,70.8,105.9,2.7,1.29,10
WE01204,Thunderstorm,MEDIUM,39.5697,-74.3719,149,2024-06-25T13:09:11,2024-06-28T10:42:04.584254,-3.2,96.0,148.3,4.9,2.0,71
WE01205,Snowstorm,LOW,32.7073,-98.693,124,2024-04-08T17:36:55,2024-04-11T03:32:52.478416,-12.8,41.1,50.5,9.8,1.44,26
WE01206,Hurricane,LOW,31.9628,-89.4462,80,2026-01-09T19:44:11,2026-01-12T01:19:56.672970,8.0,40.1,185.6,6.3,1.17,18
WE01207,Tornado,MEDIUM,38.7891,-87.671,275,2025-11-27T08:54:40,2025-11-29T07:56:37.163778,33.8,44.6,60.6,4.5,1.93,55
WE01208,Snowstorm,LOW,44.022,-74.8433,61,2025-07-16T09:47:28,2025-07-18T07:53:46.060242,-11.9,29.0,39.6,0.4,1.03,26
WE01209,Tornado,CRITICAL,35.0653,-84.0932,755,2026-03-08T06:53:52,2026-03-10T21:48:45.385584,-16.4,129.6,48.7,0.0,3.26,413
WE01210,Hurricane,CRITICAL,34.3194,-110.798,518,2024-06-18T09:49:41,2024-06-18T23:05:33.547984,-12.8,38.9,143.5,0.0,4.42,343
WE01211,Tornado,LOW,40.5,-81.8883,136,2025-12-03T03:59:00,2025-12-04T06:42:34.497057,36.9,84.2,49.8,5.6,1.25,5
WE01212,Extreme Heat,MEDIUM,38.6742,-91.6737,104,2026-02-21T16:28:04,2026-02-22T09:31:01.352421,37.0,1.7,12.7,0.0,1.85,67
WE01213,Ice,CRITICAL,32.9912,-82.6116,648,2024-12-10T03:58:24,2024-12-10T10:00:00.211292,-19.5,195.9,114.2,0.0,3.63,283
WE01214,Heavy Rain,MEDIUM,36.6071,-85.0801,141,2024-03-08T08:45:56,2024-03-09T22:44:31.408478,-17.9,23.0,98.2,0.1,1.81,82
WE01215,Ice,LOW,30.5847,-88.9573,106,2026-03-21T01:06:37,2026-03-23T14:54:22.300733,20.8,59.7,30.7,7.7,1.02,27
WE01216,Extreme Wind,MEDIUM,41.4828,-76.3543,109,2025-04-13T13:35:37,2025-04-15T06:57:48.346593,-5.8,2.4,125.1,0.0,1.71,32
WE01217,Extreme Heat,HIGH,42.0577,-93.5804,330,2025-12-12T13:03:46,2025-12-14T02:48:10.879788,37.9,146.5,98.7,0.0,2.21,209
WE01218,Thunderstorm,MEDIUM,42.3134,-74.6019,273,2024-02-18T09:22:48,2024-02-21T08:00:48.599901,40.1,74.4,84.0,1.1,1.82,86
WE01219,Thunderstorm,MEDIUM,36.051,-82.2463,102,2024-04-04T11:44:07,2024-04-05T12:17:39.991171,5.6,117.0,183.0,5.0,1.65,73
WE01220,Hurricane,HIGH,45.1127,-119.8539,209,2026-01-14T01:44:23,2026-01-15T02:47:06.060977,11.6,157.7,159.3,0.0,2.04,153
WE01221,Heavy Rain,HIGH,36.5068,-119.4338,345,2025-09-15T21:22:35,2025-09-18T15:24:40.822936,-15.7,81.7,121.0,2.7,2.4,180
WE01222,Snowstorm,MEDIUM,31.6322,-83.7696,182,2025-10-24T04:37:56,2025-10-26T07:25:16.352857,11.0,149.9,98.1,0.0,1.67,35
WE01223,Ice,LOW,28.9287,-92.041,129,2024-06-16T17:06:31,2024-06-18T15:04:20.272582,5.7,139.7,42.2,4.9,1.25,14
WE01224,Ice,MEDIUM,38.4963,-86.6283,205,2026-01-31T14:32:51,2026-02-02T01:08:47.465373,33.0,23.8,52.1,0.7,1.87,37
WE01225,Extreme Wind,MEDIUM,32.9821,-80.2025,293,2025-11-20T01:12:08,2025-11-22T10:29:08.606774,31.6,14.6,113.5,2.6,1.73,53
WE01226,Tornado,MEDIUM,45.1419,-69.6956,209,2024-04-24T03:55:56,2024-04-26T03:01:55.155939,3.7,60.6,45.5,6.0,1.76,66
WE01227,Tornado,MEDIUM,44.6713,-77.4318,275,2024-05-05T12:05:14,2024-05-07T04:56:05.633978,6.0,73.0,127.4,0.0,1.69,55
WE01228,Tornado,CRITICAL,39.5731,-83.7456,792,2025-05-15T09:11:56,2025-05-15T18:05:00.367565,10.9,113.0,41.5,0.0,4.77,502
WE01229,Fog,MEDIUM,38.4158,-75.1704,206,2024-08-18T10:17:09,2024-08-18T21:11:51.869780,-17.8,151.5,175.6,3.8,2.0,37
WE01230,Snowstorm,LOW,32.8044,-81.8718,78,2024-04-12T00:48:40,2024-04-14T22:42:20.105589,14.4,15.7,77.7,6.9,1.12,6
WE01231,Snowstorm,MEDIUM,27.5283,-98.2435,176,2024-07-15T00:45:48,2024-07-17T16:31:50.235332,19.2,137.0,144.8,0.0,1.64,70
WE01232,Thunderstorm,LOW,36.8184,-104.5343,86,2025-03-03T05:20:22,2025-03-03T07:40:15.605794,-10.5,51.3,185.6,2.8,1.36,24
WE01233,Heavy Rain,MEDIUM,40.3974,-79.4983,230,2026-05-01T20:12:34,2026-05-03T18:55:53.537452,-14.9,176.2,103.1,0.8,1.56,82
WE01234,Extreme Wind,MEDIUM,41.1243,-111.466,196,2025-05-20T03:47:31,2025-05-21T10:52:00.988989,-13.4,37.5,58.5,7.0,1.68,62
WE01235,Heavy Rain,HIGH,47.6514,-125.3107,360,2025-08-14T17:08:42,2025-08-16T09:12:05.997725,10.5,84.1,127.5,0.0,2.54,236
WE01236,Extreme Heat,LOW,33.1166,-92.57,144,2026-04-04T04:35:33,2026-04-06T23:02:04.213279,14.8,19.1,29.6,9.3,1.04,9
WE01237,Tornado,HIGH,41.8863,-112.4784,224,2025-04-03T02:35:05,2025-04-04T21:40:59.550449,13.4,48.4,47.0,0.0,2.75,155
WE01238,Extreme Wind,MEDIUM,28.4503,-82.914,107,2025-12-05T19:44:12,2025-12-06T14:36:54.659493,4.1,58.6,118.7,2.4,1.74,44
WE01239,Tornado,MEDIUM,39.2595,-85.1365,298,2026-02-24T08:18:36,2026-02-26T07:51:40.804397,32.9,197.3,111.5,5.7,1.7,80
WE01240,Heavy Rain,LOW,38.9684,-81.6715,74,2025-10-30T06:59:36,2025-10-31T00:25:07.766723,-6.7,86.0,5.4,1.6,1.1,29
WE01241,Snowstorm,LOW,47.6231,-124.4913,87,2024-06-03T01:38:27,2024-06-04T06:04:55.618604,36.0,133.8,109.0,8.6,1.21,11
WE01242,Fog,CRITICAL,32.8119,-89.5613,757,2024-06-26T17:39:56,2024-06-27T06:23:58.823368,15.6,192.4,52.7,0.4,3.11,311
WE01243,Extreme Wind,MEDIUM,44.7314,-81.2206,263,2026-05-06T11:16:01,2026-05-06T23:43:58.567726,-1.4,153.0,165.5,1.4,1.59,46
WE01244,Thunderstorm,LOW,39.2161,-95.5514,141,2024-11-30T00:38:27,2024-12-02T05:37:12.915906,17.0,163.8,165.0,1.5,1.14,14
WE01245,Hurricane,LOW,39.1934,-91.796,109,2025-10-30T02:10:10,2025-11-01T00:15:27.256273,-1.3,35.6,178.5,3.6,1.06,8
WE01246,Thunderstorm,LOW,36.9596,-87.9541,142,2025-12-02T11:11:14,2025-12-05T08:40:36.836458,-16.7,4.7,33.2,0.5,1.46,26
WE01247,Extreme Wind,MEDIUM,27.5697,-92.2558,136,2024-12-20T22:51:28,2024-12-22T18:01:30.764566,24.4,0.6,176.9,6.4,1.53,46
WE01248,Heavy Rain,LOW,41.1598,-89.4548,79,2025-10-04T20:05:17,2025-10-05T23:47:12.311308,7.5,177.8,163.6,2.3,1.1,23
WE01249,Extreme Wind,MEDIUM,37.8353,-91.4691,159,2025-06-10T12:17:11,2025-06-12T04:42:15.739398,33.8,127.3,30.3,2.3,1.6,62
WE01250,Fog,LOW,37.3203,-85.8528,114,2025-12-05T11:39:52,2025-12-05T15:35:53.462848,-9.9,158.6,154.1,6.7,1.14,17
WE01251,Fog,HIGH,46.0993,-116.4775,390,2025-09-11T09:44:19,2025-09-12T20:33:25.141557,42.8,57.9,33.5,4.7,2.74,211
WE01252,Ice,MEDIUM,41.2241,-98.2592,156,2025-10-08T05:13:05,2025-10-10T13:59:50.338995,3.9,141.2,36.9,4.0,1.72,62
WE01253,Tornado,LOW,41.0006,-93.9632,77,2024-05-27T17:03:25,2024-05-29T19:14:09.579772,14.9,38.1,168.6,5.8,1.49,14
WE01254,Heavy Rain,LOW,33.1378,-98.9819,104,2025-04-30T12:38:49,2025-05-01T21:20:32.043071,38.3,186.2,181.7,9.4,1.49,24
WE01255,Heavy Rain,MEDIUM,35.0906,-83.4499,222,2025-10-24T22:54:55,2025-10-25T12:08:14.978677,40.3,12.9,166.6,2.5,1.74,69
WE01256,Extreme Wind,MEDIUM,34.9087,-98.8121,110,2025-04-30T11:43:23,2025-05-01T15:56:25.670629,30.9,170.6,100.9,6.3,1.93,31
WE01257,Fog,MEDIUM,33.6252,-89.4141,217,2025-01-30T22:58:49,2025-01-31T20:36:54.339900,-13.6,132.8,86.0,0.0,1.75,87
WE01258,Heavy Rain,HIGH,38.5226,-77.4451,314,2025-08-04T10:57:12,2025-08-06T13:03:05.523808,32.5,56.7,44.4,2.2,2.71,171
WE01259,Fog,HIGH,36.5707,-81.6257,430,2024-08-25T02:47:29,2024-08-26T16:11:32.611528,7.0,128.4,27.4,0.0,2.97,201
WE01260,Tornado,MEDIUM,36.4711,-94.8838,245,2026-01-06T17:59:18,2026-01-08T18:35:06.798767,-10.8,68.9,109.3,3.9,1.5,64
WE01261,Thunderstorm,MEDIUM,46.6879,-125.0366,250,2024-04-14T06:54:40,2024-04-14T19:29:12.333293,9.2,179.3,110.0,1.9,1.92,34
WE01262,Ice,LOW,37.8713,-88.1425,118,2024-05-21T17:06:23,2024-05-22T16:41:22.336938,42.0,190.6,194.4,1.1,1.22,17
WE01263,Heavy Rain,HIGH,39.6136,-102.5628,463,2024-05-12T14:36:50,2024-05-13T03:39:23.108835,40.1,127.6,69.0,0.0,2.99,237
WE01264,Hurricane,HIGH,26.5057,-82.2679,360,2024-05-24T19:52:12,2024-05-24T23:08:37.203992,27.2,145.7,8.5,0.0,2.72,145
WE01265,Extreme Wind,HIGH,41.0847,-96.0161,234,2025-11-01T21:31:25,2025-11-04T01:01:28.638139,34.6,75.7,55.7,0.0,2.06,204
WE01266,Ice,LOW,37.0384,-122.0158,93,2024-05-30T00:10:58,2024-05-31T02:13:05.035231,16.7,131.4,113.3,7.2,1.46,24
WE01267,Extreme Heat,CRITICAL,45.3938,-98.6938,317,2025-08-01T21:16:54,2025-08-03T13:27:44.269872,26.1,167.5,110.1,1.7,4.3,265
WE01268,Snowstorm,LOW,41.413,-73.2005,73,2024-07-21T03:03:20,2024-07-24T00:39:44.197302,26.4,185.7,39.8,3.0,1.15,26
WE01269,Extreme Wind,LOW,42.8607,-124.2754,141,2026-05-14T07:00:16,2026-05-14T22:34:57.910211,18.4,115.5,164.5,9.1,1.47,9
WE01270,Ice,LOW,40.3669,-70.5254,84,2024-04-03T04:15:10,2024-04-05T12:33:20.811139,-18.0,117.9,47.9,1.2,1.21,12
WE01271,Thunderstorm,HIGH,37.1852,-89.3736,428,2026-05-22T09:27:32,2026-05-25T05:20:47.641634,5.2,95.2,181.2,0.6,2.83,146
WE01272,Snowstorm,MEDIUM,37.3623,-83.5299,234,2026-05-22T13:04:27,2026-05-23T03:20:10.867039,32.9,63.5,190.3,0.4,1.8,43
WE01273,Extreme Wind,HIGH,40.1993,-93.6516,208,2025-05-27T02:05:34,2025-05-27T16:06:59.547488,21.4,120.6,161.9,0.7,2.04,147
WE01274,Extreme Heat,MEDIUM,30.3343,-83.9372,274,2024-07-08T21:06:45,2024-07-10T22:35:54.189003,1.7,131.1,12.3,2.4,1.87,83
WE01275,Tornado,HIGH,41.2321,-84.6621,491,2025-09-30T04:03:21,2025-10-01T01:54:38.117960,17.4,37.9,71.1,0.0,2.56,237
WE01276,Hurricane,LOW,36.2786,-113.7869,137,2025-07-03T07:05:30,2025-07-03T10:28:48.658965,-2.4,27.2,172.0,4.6,1.14,18
WE01277,Tornado,MEDIUM,29.7352,-81.8088,185,2025-10-19T00:13:43,2025-10-19T13:50:47.140500,43.4,159.9,98.0,6.8,2.0,79
WE01278,Ice,LOW,31.1838,-90.8699,71,2024-03-20T22:02:55,2024-03-21T15:20:47.030580,-16.6,161.3,121.8,0.9,1.23,12
WE01279,Snowstorm,HIGH,44.3427,-77.9035,213,2025-03-22T19:36:05,2025-03-23T15:47:19.591828,28.6,13.0,189.2,4.9,2.2,119
WE01280,Extreme Heat,CRITICAL,36.3451,-98.0757,524,2025-04-30T08:56:21,2025-05-02T16:49:33.806047,35.7,155.5,171.8,1.9,3.62,523
WE01281,Tornado,MEDIUM,40.5518,-94.5692,299,2025-06-30T06:19:12,2025-07-01T18:21:45.568518,0.4,103.5,92.4,4.2,1.79,73
WE01282,Tornado,MEDIUM,31.6545,-82.8613,129,2024-06-09T22:30:32,2024-06-10T06:53:14.002697,13.1,26.1,133.3,2.2,1.9,49
WE01283,Extreme Heat,CRITICAL,25.4614,-79.1197,758,2026-06-16T18:21:50,2026-06-18T23:55:19.460369,-14.3,42.1,61.0,0.0,4.26,379
WE01284,Fog,MEDIUM,44.486,-86.3941,204,2026-02-27T05:42:39,2026-03-01T08:06:52.386521,43.0,142.2,0.0,0.0,1.59,43
WE01285,Extreme Wind,MEDIUM,37.7246,-73.9985,190,2024-11-26T11:28:39,2024-11-27T15:18:17.258213,22.7,131.3,171.5,0.0,1.57,49
WE01286,Extreme Heat,LOW,26.4724,-80.9332,57,2024-08-28T08:45:32,2024-08-31T03:28:04.807090,35.3,165.7,88.6,4.8,1.5,15
WE01287,Hurricane,MEDIUM,30.3413,-81.1664,263,2026-01-19T01:19:25,2026-01-20T08:36:11.283987,4.8,141.1,151.7,5.6,1.9,36
WE01288,Fog,HIGH,42.6764,-95.5751,425,2024-12-14T08:27:16,2024-12-15T22:43:09.593027,26.2,23.7,53.9,0.0,2.24,225
WE01289,Ice,MEDIUM,32.3155,-86.9314,239,2024-06-17T02:40:25,2024-06-17T08:54:28.290744,25.4,21.4,116.2,3.6,1.69,52
WE01290,Ice,LOW,32.5396,-84.4365,63,2025-06-27T21:11:44,2025-06-28T02:25:30.175927,42.5,70.6,118.0,6.8,1.04,25
WE01291,Extreme Wind,LOW,35.456,-92.2404,100,2026-05-14T03:04:48,2026-05-14T16:27:24.776861,-8.0,31.6,108.1,6.3,1.09,25
WE01292,Fog,MEDIUM,39.7703,-79.3517,122,2025-07-24T23:40:09,2025-07-25T18:22:27.872293,5.1,46.2,120.2,4.8,1.99,44
WE01293,Extreme Heat,HIGH,34.2258,-89.2867,371,2024-06-27T11:14:05,2024-06-28T23:57:41.832636,9.8,190.2,82.7,4.0,2.46,196
WE01294,Ice,LOW,29.0723,-97.5085,93,2025-03-08T17:46:32,2025-03-10T13:43:30.092254,-6.5,176.0,123.5,0.5,1.03,13
WE01295,Snowstorm,LOW,31.1017,-111.2616,64,2026-06-10T19:59:58,2026-06-11T18:23:25.136773,2.5,130.9,82.4,2.0,1.06,21
WE01296,Hurricane,MEDIUM,28.6161,-80.6907,105,2024-12-17T07:49:19,2024-12-17T10:51:08.898477,-0.4,132.7,92.8,0.0,1.82,82
WE01297,Extreme Heat,HIGH,48.4848,-109.0714,499,2025-10-28T14:28:12,2025-10-29T03:15:12.591353,-12.9,32.6,72.2,0.0,2.08,153
WE01298,Heavy Rain,LOW,31.9197,-110.2488,57,2026-05-21T10:19:01,2026-05-21T13:07:26.331564,40.5,6.7,181.0,7.0,1.45,7
WE01299,Ice,MEDIUM,40.1672,-76.3054,289,2026-05-14T20:45:45,2026-05-16T21:38:17.034060,-10.0,159.1,108.4,1.6,1.62,54
WE01300,Hurricane,MEDIUM,43.7173,-93.7416,143,2024-02-10T18:48:49,2024-02-11T18:26:54.393429,23.0,178.7,14.1,5.4,1.87,75
WE01301,Snowstorm,MEDIUM,39.7398,-71.6097,239,2025-02-19T11:10:26,2025-02-20T14:51:57.523279,-2.0,61.9,94.5,6.4,1.5,46
WE01302,Ice,LOW,29.219,-96.7948,53,2024-02-14T23:27:10,2024-02-15T11:25:50.090561,2.7,8.5,81.3,8.2,1.37,27
WE01303,Extreme Wind,MEDIUM,41.8608,-89.6115,128,2024-10-07T06:23:55,2024-10-08T11:57:30.106463,18.8,154.1,143.1,5.3,1.96,76
WE01304,Heavy Rain,HIGH,39.785,-89.5059,392,2025-02-28T12:15:30,2025-03-01T16:04:16.040875,34.9,78.6,15.0,2.9,2.54,104
WE01305,Extreme Wind,LOW,41.5869,-71.7311,92,2025-04-24T23:47:02,2025-04-25T04:10:57.771508,39.7,134.5,107.4,9.3,1.14,17
WE01306,Extreme Wind,LOW,42.8025,-80.7057,65,2025-06-11T21:34:53,2025-06-14T05:20:19.783643,15.5,79.8,76.0,3.7,1.06,11
WE01307,Hurricane,HIGH,42.5402,-84.0108,259,2025-06-29T07:06:06,2025-07-01T21:44:42.061354,-0.4,139.6,131.9,0.0,2.89,237
WE01308,Extreme Heat,MEDIUM,30.2987,-94.9649,272,2024-01-10T11:38:25,2024-01-10T22:21:21.364213,-2.0,158.3,11.9,3.1,1.69,50
WE01309,Ice,HIGH,36.836,-95.7517,248,2024-10-08T19:17:21,2024-10-11T07:38:34.020861,8.7,102.1,184.9,1.7,2.03,142
WE01310,Hurricane,MEDIUM,44.9126,-83.0633,217,2024-08-10T12:48:09,2024-08-12T23:37:32.468823,24.9,182.4,67.7,2.6,1.78,79
WE01311,Snowstorm,LOW,39.5841,-96.241,88,2026-05-29T17:58:50,2026-05-30T22:22:02.115666,22.8,196.4,47.4,9.0,1.16,21
WE01312,Snowstorm,LOW,43.8599,-114.6201,129,2025-09-14T14:19:24,2025-09-16T10:29:00.928990,27.5,138.4,180.5,6.5,1.14,19
WE01313,Tornado,MEDIUM,42.1524,-107.118,188,2024-04-18T02:19:57,2024-04-19T02:19:10.988886,-9.4,182.6,123.2,7.8,1.76,81
WE01314,Ice,MEDIUM,32.2082,-87.0778,214,2024-08-08T09:28:13,2024-08-09T00:02:42.470001,-0.6,126.4,60.3,0.1,1.54,39
WE01315,Extreme Heat,HIGH,33.3348,-114.0166,367,2024-02-17T14:58:46,2024-02-19T17:10:53.218667,40.1,10.7,69.6,4.3,2.85,116
WE01316,Snowstorm,HIGH,29.9604,-90.657,430,2024-05-22T12:58:27,2024-05-24T01:30:28.843774,-5.7,12.2,81.6,0.0,2.38,186
WE01317,Thunderstorm,LOW,42.575,-76.4652,128,2026-04-04T01:49:41,2026-04-04T20:21:26.826845,14.1,20.4,47.8,6.6,1.02,10
WE01318,Ice,LOW,29.9239,-119.5924,118,2024-11-30T04:44:06,2024-12-01T00:58:32.210444,36.3,57.0,120.9,6.9,1.04,15
WE01319,Extreme Heat,MEDIUM,40.9611,-82.0175,234,2025-08-07T09:32:38,2025-08-08T06:59:37.130685,2.0,118.6,188.0,1.8,1.5,54
WE01320,Hurricane,LOW,32.9206,-88.5027,90,2025-10-14T04:29:23,2025-10-15T03:50:31.068835,36.9,115.4,104.7,0.9,1.05,28
WE01321,Extreme Wind,LOW,39.6177,-89.2809,82,2025-12-05T17:08:27,2025-12-06T20:29:59.780805,-3.8,69.3,42.8,0.3,1.11,17
WE01322,Snowstorm,LOW,40.0312,-75.503,137,2025-06-13T13:31:24,2025-06-16T02:43:32.239594,25.9,38.5,168.6,5.9,1.04,23
WE01323,Thunderstorm,HIGH,39.8505,-102.8318,382,2024-09-01T12:38:35,2024-09-02T19:26:12.278143,1.3,35.8,67.4,0.0,2.82,98
WE01324,Fog,LOW,29.6121,-88.6803,149,2025-07-28T20:34:45,2025-07-30T08:45:22.465657,13.7,177.0,152.5,2.2,1.06,11
WE01325,Heavy Rain,LOW,33.8607,-117.3018,78,2025-04-29T02:40:59,2025-05-01T15:13:15.035575,-12.0,84.0,113.1,3.7,1.08,19
WE01326,Tornado,CRITICAL,43.3396,-93.997,318,2025-05-18T21:52:14,2025-05-21T01:29:01.886224,-16.7,143.1,109.0,0.0,4.38,297
WE01327,Ice,MEDIUM,32.0903,-86.1428,253,2026-05-31T17:25:17,2026-06-02T05:41:48.443244,12.4,96.7,139.1,0.0,1.98,65
WE01328,Tornado,MEDIUM,43.8543,-107.8819,128,2024-05-11T23:25:40,2024-05-13T21:24:50.692502,16.0,170.3,145.2,4.5,1.91,67
WE01329,Ice,LOW,38.7864,-82.1386,125,2024-03-22T17:23:57,2024-03-22T21:21:26.966395,27.7,198.9,98.1,8.5,1.15,20
WE01330,Heavy Rain,MEDIUM,37.9558,-88.8387,162,2024-08-29T16:26:21,2024-08-31T22:40:02.838828,15.4,148.1,35.2,4.4,1.62,81
WE01331,Extreme Wind,CRITICAL,45.6601,-68.0508,412,2024-09-01T12:39:58,2024-09-02T12:36:32.428831,7.7,51.3,181.3,0.0,4.7,283
WE01332,Extreme Wind,LOW,34.3112,-108.5246,70,2024-03-18T07:16:48,2024-03-20T18:22:31.571817,-5.5,128.5,170.9,5.1,1.35,13
WE01333,Ice,MEDIUM,25.2633,-81.8646,217,2024-05-06T17:34:47,2024-05-08T21:24:15.504243,-8.1,127.5,83.7,5.0,1.69,85
WE01334,Hurricane,HIGH,40.3285,-84.0154,312,2025-02-26T16:43:45,2025-02-28T08:25:27.397957,26.7,187.4,96.0,1.8,2.05,185
WE01335,Hurricane,HIGH,31.803,-95.0081,345,2025-11-19T08:26:56,2025-11-21T01:16:06.387933,8.2,105.8,50.3,0.1,2.77,185
WE01336,Heavy Rain,MEDIUM,42.3103,-96.231,261,2025-10-20T16:24:59,2025-10-21T16:39:52.974534,43.5,104.8,83.3,5.9,1.85,80
WE01337,Extreme Heat,HIGH,29.4528,-90.357,226,2026-01-24T10:46:50,2026-01-25T20:39:56.657267,13.0,101.9,118.6,0.0,2.78,210
WE01338,Heavy Rain,LOW,41.0277,-77.3367,89,2025-11-17T16:36:06,2025-11-18T16:22:55.698687,11.8,129.7,163.3,1.5,1.14,27
WE01339,Extreme Heat,LOW,33.6312,-109.8852,81,2025-10-05T09:53:20,2025-10-05T23:28:10.571164,29.6,78.7,1.8,9.4,1.24,24
WE01340,Tornado,HIGH,37.7871,-86.1832,471,2025-02-28T08:23:53,2025-03-02T19:18:29.752325,17.7,90.2,74.7,0.0,2.62,236
WE01341,Ice,LOW,31.6541,-83.4629,100,2024-11-30T20:59:36,2024-12-01T15:52:39.790977,-18.4,157.1,15.3,5.2,1.19,18
WE01342,Tornado,MEDIUM,47.5369,-121.3859,175,2026-03-06T21:39:17,2026-03-09T15:06:41.282817,38.0,154.3,135.6,3.8,1.73,65
WE01343,Hurricane,MEDIUM,36.8211,-119.8188,247,2024-06-25T19:25:27,2024-06-27T22:12:40.560898,-17.3,165.7,130.6,0.2,1.57,44
WE01344,Heavy Rain,HIGH,36.6769,-85.9455,377,2025-06-20T04:58:36,2025-06-21T15:46:44.342520,-7.9,102.8,162.8,0.0,2.13,238
WE01345,Tornado,MEDIUM,45.4221,-78.0977,263,2025-10-29T20:20:31,2025-10-31T09:44:56.864947,0.3,106.4,86.5,3.6,1.9,30
WE01346,Extreme Heat,MEDIUM,37.5319,-92.8471,198,2024-06-21T06:16:13,2024-06-21T13:41:43.867597,-0.8,178.0,29.9,0.8,1.73,44
WE01347,Extreme Wind,LOW,37.3102,-120.7452,127,2025-03-16T00:11:37,2025-03-18T02:51:00.341704,7.8,167.5,63.2,2.1,1.27,18
WE01348,Tornado,HIGH,25.0092,-81.21,202,2026-01-25T22:59:02,2026-01-26T16:05:27.685528,30.0,76.3,42.2,0.0,2.18,114
WE01349,Tornado,HIGH,38.1743,-80.3778,306,2026-03-29T13:31:38,2026-03-30T21:49:43.787845,-5.4,133.1,91.2,2.0,2.49,193
WE01350,Fog,LOW,30.4656,-93.9178,63,2025-04-24T02:42:30,2025-04-25T01:09:37.241436,0.3,17.1,28.8,0.8,1.36,26
WE01351,Ice,MEDIUM,39.3123,-83.9166,271,2024-03-11T13:16:55,2024-03-14T06:15:48.542132,29.1,164.8,30.5,0.0,1.81,88
WE01352,Fog,CRITICAL,45.9916,-69.2498,497,2024-12-08T13:31:23,2024-12-10T04:40:09.634026,-17.4,139.3,175.5,0.0,4.93,355
WE01353,Tornado,MEDIUM,40.4234,-83.4824,230,2025-09-06T00:29:14,2025-09-06T22:27:33.193898,20.4,185.6,179.9,1.8,1.99,31
WE01354,Fog,LOW,29.9727,-84.8615,124,2024-03-26T02:25:10,2024-03-28T05:25:04.660796,38.8,183.7,177.7,0.3,1.04,12
WE01355,Thunderstorm,LOW,41.7211,-91.4201,131,2024-01-12T22:35:43,2024-01-14T09:45:59.673710,35.6,159.3,172.8,9.9,1.26,26
WE01356,Extreme Wind,LOW,36.9779,-99.0387,55,2024-11-13T13:26:47,2024-11-14T20:02:38.339648,1.7,120.2,182.1,7.2,1.45,12
WE01357,Extreme Wind,LOW,35.2459,-86.768,58,2025-04-13T05:43:41,2025-04-14T08:03:09.951427,18.4,111.4,43.1,9.4,1.12,5
WE01358,Ice,HIGH,32.7677,-92.6282,273,2024-11-24T03:22:24,2024-11-27T01:01:22.570782,22.9,123.9,29.0,3.8,2.38,153
WE01359,Snowstorm,MEDIUM,34.6542,-85.2679,125,2024-08-01T04:29:03,2024-08-03T04:37:08.753864,18.0,122.2,34.3,2.8,1.6,30
WE01360,Extreme Wind,HIGH,42.2803,-102.9225,223,2025-01-31T22:27:27,2025-02-02T22:46:43.532496,4.7,121.9,88.9,1.1,2.9,163
WE01361,Extreme Heat,LOW,50.4789,-124.3074,138,2025-03-25T15:22:16,2025-03-27T04:20:57.644707,-9.9,198.1,177.9,5.5,1.19,22
WE01362,Ice,LOW,39.4207,-74.3329,82,2025-05-24T17:17:17,2025-05-25T20:37:48.796332,-5.6,56.3,143.0,2.1,1.06,22
WE01363,Heavy Rain,HIGH,42.2567,-77.4711,454,2024-07-05T09:20:26,2024-07-07T07:26:57.556951,26.2,141.2,90.6,3.0,2.09,120
WE01364,Snowstorm,LOW,38.8243,-121.7173,92,2024-01-13T00:11:30,2024-01-14T16:26:51.682903,23.6,184.9,109.1,6.8,1.23,28
WE01365,Fog,HIGH,49.1761,-116.9252,228,2026-02-11T15:52:08,2026-02-14T07:39:20.155669,33.6,45.4,73.3,2.7,2.51,196
WE01366,Hurricane,LOW,46.4182,-122.6754,98,2025-10-30T23:58:57,2025-11-02T01:19:08.019035,-8.1,104.9,34.6,7.2,1.2,24
WE01367,Heavy Rain,LOW,47.5468,-123.0671,122,2024-09-29T22:22:37,2024-09-30T17:50:18.105446,4.2,17.1,135.5,6.5,1.31,10
WE01368,Extreme Wind,LOW,31.3655,-92.3778,129,2024-07-19T16:23:31,2024-07-21T09:11:38.195979,-7.6,47.6,37.4,7.0,1.37,6
WE01369,Snowstorm,MEDIUM,36.2081,-97.7627,228,2025-08-13T15:09:39,2025-08-14T03:17:04.621308,-16.7,21.7,61.1,2.0,1.6,63
WE01370,Extreme Wind,HIGH,42.3795,-112.6645,253,2026-04-07T08:06:32,2026-04-08T01:30:33.261798,33.7,195.4,112.7,0.0,2.87,217
WE01371,Tornado,LOW,28.4092,-97.7722,97,2024-12-23T11:08:57,2024-12-25T15:37:40.370668,25.3,129.0,78.2,2.9,1.48,7
WE01372,Fog,HIGH,28.0142,-77.4743,231,2026-02-16T03:07:55,2026-02-18T03:20:05.735836,43.8,82.6,198.4,0.0,2.45,236
WE01373,Ice,CRITICAL,42.1235,-94.0623,303,2026-05-17T22:43:27,2026-05-19T20:09:23.099248,11.7,9.3,57.6,0.1,3.28,520
WE01374,Thunderstorm,LOW,38.1193,-84.3429,144,2025-07-04T04:18:33,2025-07-05T20:45:00.241230,1.5,7.7,96.6,5.7,1.19,14
WE01375,Ice,LOW,48.5899,-119.7338,58,2024-04-21T23:10:09,2024-04-22T19:55:48.983958,-15.0,31.2,167.2,7.8,1.41,10
WE01376,Thunderstorm,LOW,44.3984,-83.615,125,2025-09-08T19:53:10,2025-09-10T19:37:43.283376,-6.4,129.7,181.5,9.7,1.32,15
WE01377,Thunderstorm,LOW,31.9808,-93.6895,74,2024-03-06T17:08:33,2024-03-09T16:39:17.209251,17.7,165.9,114.8,6.7,1.02,21
WE01378,Extreme Wind,HIGH,34.7458,-120.8841,488,2025-11-08T15:26:43,2025-11-11T09:08:55.777763,33.3,193.3,153.6,0.0,2.02,116
WE01379,Fog,LOW,37.2257,-73.6168,73,2024-01-30T02:44:06,2024-01-30T10:34:51.167226,29.8,117.6,21.6,9.1,1.38,8
WE01380,Extreme Heat,HIGH,41.293,-82.1961,374,2025-12-15T04:52:50,2025-12-15T12:08:04.608702,37.2,163.2,45.6,4.4,2.11,189
WE01381,Ice,MEDIUM,28.7697,-104.7728,135,2024-04-30T22:55:42,2024-05-03T05:25:22.134023,-12.6,43.6,36.3,1.0,1.98,50
WE01382,Hurricane,CRITICAL,25.6932,-80.4452,799,2025-05-01T07:44:46,2025-05-02T01:18:19.061237,14.5,141.8,35.8,0.0,4.04,363
WE01383,Fog,MEDIUM,41.1204,-121.0442,279,2026-06-13T09:51:26,2026-06-15T04:22:26.321045,-4.6,60.3,87.3,0.0,1.76,42
WE01384,Extreme Heat,MEDIUM,38.6335,-75.6895,112,2025-10-28T20:52:41,2025-10-30T15:51:51.717825,27.3,157.3,93.5,0.0,1.61,72
WE01385,Thunderstorm,LOW,38.0915,-113.6231,107,2026-06-09T17:53:22,2026-06-11T17:17:19.180082,-18.7,2.5,11.6,4.3,1.07,27
WE01386,Snowstorm,LOW,46.3931,-107.3777,125,2025-09-20T05:58:40,2025-09-21T15:49:36.162865,26.7,6.3,83.6,4.3,1.26,22
WE01387,Extreme Heat,LOW,35.679,-82.1234,60,2025-10-10T20:45:34,2025-10-11T23:19:41.400711,27.4,138.6,73.6,0.4,1.02,29
WE01388,Hurricane,MEDIUM,41.2007,-98.5348,148,2025-03-25T17:54:33,2025-03-27T22:10:24.817034,27.1,124.2,10.1,1.3,1.67,63
WE01389,Tornado,HIGH,43.3007,-69.9387,276,2024-06-27T21:58:28,2024-06-28T03:10:54.123669,42.7,71.3,167.7,0.0,2.84,137
WE01390,Ice,HIGH,36.4385,-86.0776,277,2025-09-21T04:41:56,2025-09-23T17:54:13.026270,41.3,72.0,46.3,0.0,2.37,185
WE01391,Snowstorm,HIGH,44.1666,-82.116,467,2024-02-02T09:35:19,2024-02-04T18:55:40.057708,43.1,114.7,90.1,0.7,2.89,228
WE01392,Hurricane,MEDIUM,39.2777,-95.7669,137,2025-05-19T12:14:07,2025-05-20T06:55:01.700438,21.2,158.9,100.8,7.8,1.86,59
WE01393,Snowstorm,MEDIUM,29.4742,-80.0627,236,2024-09-23T23:53:47,2024-09-24T07:22:22.797223,-16.9,26.8,62.0,4.2,1.62,59
WE01394,Hurricane,CRITICAL,41.1419,-84.8652,756,2025-12-15T17:39:20,2025-12-16T14:52:36.325075,-7.8,20.5,193.0,0.0,4.34,573
WE01395,Hurricane,HIGH,27.7902,-98.4571,275,2025-07-16T02:50:46,2025-07-16T04:50:49.286965,-11.9,56.1,59.6,1.7,2.8,99
WE01396,Extreme Wind,MEDIUM,41.1201,-72.0193,123,2024-05-16T21:43:12,2024-05-17T07:48:13.480503,-14.8,181.2,198.2,7.8,1.96,77
WE01397,Fog,MEDIUM,38.0395,-117.843,142,2025-11-09T09:47:42,2025-11-09T19:41:39.459025,3.0,72.2,34.6,3.9,1.69,81
WE01398,Extreme Heat,LOW,33.7634,-82.1936,119,2024-06-13T10:51:49,2024-06-14T12:19:14.180923,-12.3,166.0,92.5,2.2,1.09,22
WE01399,Fog,MEDIUM,39.3413,-102.7263,291,2025-01-12T23:29:44,2025-01-15T22:16:56.124141,17.2,106.0,50.1,0.6,1.59,71
WE01400,Extreme Wind,MEDIUM,43.0743,-121.0602,212,2025-11-07T19:11:53,2025-11-09T21:54:30.606214,15.5,22.0,95.0,2.7,1.96,67
WE01401,Extreme Wind,LOW,37.92,-88.4765,148,2025-09-14T01:51:04,2025-09-16T15:13:58.388644,43.9,1.7,115.8,5.2,1.3,19
WE01402,Thunderstorm,MEDIUM,38.7455,-76.016,108,2026-03-24T22:44:22,2026-03-26T09:54:40.829752,4.3,160.5,102.1,7.6,1.63,85
WE01403,Hurricane,MEDIUM,34.2484,-92.9253,130,2024-05-02T04:10:33,2024-05-02T14:49:58.517988,39.1,12.4,41.0,7.9,1.62,62
WE01404,Snowstorm,HIGH,49.1972,-116.1541,430,2025-09-06T19:15:06,2025-09-08T00:46:02.099018,3.1,91.8,93.4,0.6,2.87,158
WE01405,Ice,CRITICAL,44.2946,-96.4433,559,2025-04-26T23:52:26,2025-04-28T22:01:47.029153,21.7,41.6,13.9,0.0,4.7,253
WE01406,Heavy Rain,MEDIUM,36.2363,-85.1588,211,2025-06-11T09:58:21,2025-06-14T04:23:05.550513,-19.7,138.3,120.6,0.0,1.96,52
WE01407,Heavy Rain,MEDIUM,41.9287,-76.1651,129,2024-12-10T04:48:18,2024-12-12T06:05:02.185716,-5.9,149.9,50.6,0.0,1.83,79
WE01408,Extreme Wind,MEDIUM,33.4823,-115.4187,176,2025-06-01T09:41:53,2025-06-02T16:32:01.714575,11.9,183.0,58.0,7.1,1.99,43
WE01409,Hurricane,HIGH,38.8147,-87.9761,318,2024-09-18T04:26:30,2024-09-21T02:11:40.373164,-12.2,71.1,192.2,0.0,2.86,171
WE01410,Extreme Heat,MEDIUM,28.958,-95.5213,287,2024-04-28T15:37:46,2024-05-01T13:04:15.357275,42.6,112.3,45.0,0.0,1.86,57
WE01411,Thunderstorm,LOW,40.1522,-72.8252,50,2026-03-04T00:11:46,2026-03-04T10:11:31.220521,-6.7,21.1,102.2,0.8,1.19,23
WE01412,Hurricane,LOW,34.889,-115.7622,127,2024-06-26T03:13:16,2024-06-26T11:42:35.858207,31.2,31.9,174.3,1.6,1.32,25
WE01413,Snowstorm,MEDIUM,32.7868,-109.642,126,2026-04-04T06:22:53,2026-04-06T02:36:15.513290,-1.4,27.2,110.7,2.7,1.62,61
WE01414,Extreme Heat,HIGH,31.2886,-94.2711,402,2026-03-03T04:23:27,2026-03-06T02:39:27.373337,21.0,98.2,32.8,0.0,2.39,144
WE01415,Extreme Wind,HIGH,31.933,-104.0445,441,2024-10-28T05:15:14,2024-10-29T01:11:25.474341,7.0,47.2,42.5,4.9,2.09,137
WE01416,Tornado,MEDIUM,26.4392,-79.8543,268,2025-06-26T17:39:14,2025-06-28T18:45:46.891743,28.1,187.4,165.2,3.8,1.65,73
WE01417,Fog,HIGH,41.9973,-114.7394,407,2025-06-29T09:56:48,2025-06-30T08:39:18.606497,-2.7,38.9,130.3,4.3,2.61,211
WE01418,Heavy Rain,HIGH,43.2696,-69.2111,269,2024-08-17T10:16:34,2024-08-19T00:40:03.994803,-15.7,27.0,12.6,0.0,2.45,236
WE01419,Fog,MEDIUM,44.8092,-75.8979,193,2025-01-02T00:44:28,2025-01-02T12:41:15.681921,18.6,34.4,7.7,3.3,1.72,76
WE01420,Ice,MEDIUM,36.2683,-85.2642,269,2024-06-08T16:49:50,2024-06-10T02:56:23.821112,36.8,17.1,131.5,6.2,2.0,64
WE01421,Hurricane,MEDIUM,32.0996,-95.9329,195,2024-08-15T11:50:10,2024-08-15T15:21:05.079538,-0.2,166.0,92.4,0.0,1.66,52
WE01422,Snowstorm,MEDIUM,37.8641,-119.7389,228,2025-02-01T15:11:13,2025-02-01T21:33:49.789301,38.1,30.3,15.7,0.0,1.71,46
WE01423,Extreme Wind,CRITICAL,40.1,-81.1234,373,2024-11-02T10:49:33,2024-11-03T08:31:38.166558,14.0,65.9,32.0,0.0,4.59,501
WE01424,Heavy Rain,LOW,37.029,-76.0293,147,2024-09-26T12:30:44,2024-09-28T04:27:13.328666,39.1,192.4,20.6,6.6,1.36,14
WE01425,Hurricane,LOW,34.2038,-89.7503,81,2024-08-25T11:23:55,2024-08-26T22:27:53.220977,23.0,13.0,47.7,4.1,1.21,6
WE01426,Tornado,MEDIUM,43.9473,-83.0146,209,2024-04-27T01:22:25,2024-04-27T14:09:37.841523,15.2,154.4,170.9,0.0,1.57,77
WE01427,Thunderstorm,MEDIUM,38.9625,-88.1604,100,2024-10-02T04:29:10,2024-10-03T00:50:42.493110,-12.9,136.5,37.4,2.6,1.51,69
WE01428,Thunderstorm,HIGH,41.8343,-72.672,458,2026-02-06T14:01:04,2026-02-07T10:23:44.311603,-6.1,152.2,48.0,1.4,2.25,128
WE01429,Ice,MEDIUM,40.5686,-83.0922,124,2025-12-21T17:25:26,2025-12-23T13:53:49.022630,5.4,60.9,79.4,2.7,1.84,63
WE01430,Thunderstorm,CRITICAL,43.3937,-118.9597,636,2026-05-25T17:34:55,2026-05-27T18:49:31.836636,13.9,48.5,115.5,0.0,3.6,474
WE01431,Heavy Rain,MEDIUM,40.7758,-74.3739,223,2026-06-19T04:08:10,2026-06-20T23:05:24.581507,39.1,20.9,37.3,7.1,1.69,53
WE01432,Extreme Wind,LOW,29.8747,-97.8105,112,2025-11-28T08:24:03,2025-12-01T03:40:09.579579,17.2,50.6,159.1,6.2,1.3,21
WE01433,Extreme Heat,MEDIUM,35.346,-121.8938,260,2026-05-26T21:46:44,2026-05-27T07:06:43.474462,11.7,115.3,137.8,6.6,1.53,89
WE01434,Thunderstorm,LOW,37.4903,-122.714,80,2025-05-17T02:04:35,2025-05-19T03:59:31.918676,30.4,175.8,99.0,4.3,1.1,10
WE01435,Heavy Rain,MEDIUM,27.9258,-97.2306,229,2025-05-06T02:30:44,2025-05-07T02:54:29.146027,21.1,167.6,198.3,4.4,1.9,30
WE01436,Fog,CRITICAL,31.9234,-87.7435,507,2024-08-22T12:05:59,2024-08-24T18:43:14.243766,38.7,41.0,49.2,0.0,3.33,302
WE01437,Tornado,LOW,37.2158,-124.8125,53,2025-11-14T03:32:46,2025-11-15T04:44:34.227515,9.5,74.9,127.8,7.8,1.3,8
WE01438,Heavy Rain,MEDIUM,40.0192,-75.8138,259,2024-04-16T01:53:46,2024-04-17T09:54:00.517035,44.5,155.2,123.9,5.1,1.71,58
WE01439,Fog,LOW,48.8729,-94.8346,123,2025-12-29T10:38:42,2025-12-31T03:45:24.282593,13.1,8.4,53.1,7.6,1.23,8
WE01440,Extreme Wind,LOW,37.1347,-81.6628,87,2025-11-17T22:42:41,2025-11-18T12:13:03.536557,-4.1,76.2,184.1,3.6,1.44,18
WE01441,Fog,LOW,43.2468,-98.0018,69,2025-04-15T09:57:50,2025-04-18T06:20:19.908500,32.4,73.6,145.8,2.3,1.03,12
WE01442,Heavy Rain,MEDIUM,36.1778,-85.9405,230,2025-03-02T16:34:35,2025-03-04T07:07:03.104363,-19.7,72.3,120.0,5.4,1.77,69
WE01443,Ice,LOW,37.5235,-80.9336,140,2024-03-28T06:14:54,2024-03-31T00:45:26.612896,23.5,107.2,151.3,7.9,1.02,22
WE01444,Heavy Rain,LOW,34.5584,-95.1163,101,2025-06-30T17:21:25,2025-07-02T07:36:50.213623,20.7,61.9,163.6,2.0,1.37,8
WE01445,Hurricane,LOW,36.1326,-124.1513,122,2026-02-27T02:53:24,2026-03-01T17:43:37.297817,-19.2,43.8,60.3,2.5,1.08,15
WE01446,Extreme Heat,MEDIUM,32.709,-91.8179,152,2024-04-25T06:01:41,2024-04-26T05:43:11.412195,32.0,75.6,29.8,0.1,1.99,42
WE01447,Snowstorm,LOW,41.4445,-91.949,145,2025-04-27T04:50:36,2025-04-28T03:21:38.304477,-1.9,82.2,173.5,2.7,1.37,23
WE01448,Extreme Heat,CRITICAL,41.8506,-84.1949,324,2025-12-18T07:00:27,2025-12-19T19:43:46.418324,-12.2,187.0,128.7,0.0,4.73,329
WE01449,Hurricane,CRITICAL,37.2823,-89.768,704,2025-12-03T00:34:12,2025-12-05T08:34:05.400037,17.3,24.3,14.2,0.0,3.02,338
WE01450,Snowstorm,MEDIUM,45.6463,-92.2101,213,2024-02-28T10:05:59,2024-03-01T14:18:45.673252,-8.2,114.0,114.3,2.7,1.99,42
WE01451,Thunderstorm,LOW,38.0062,-105.6187,118,2024-03-29T09:00:53,2024-03-30T18:08:07.665199,-6.6,194.0,181.1,6.4,1.33,19
WE01452,Thunderstorm,MEDIUM,40.6083,-96.4461,256,2025-07-26T19:32:02,2025-07-27T21:46:39.247221,-8.1,193.5,83.7,0.8,1.68,32
WE01453,Snowstorm,LOW,34.8727,-122.2929,100,2025-03-21T23:00:27,2025-03-24T20:18:08.418547,34.4,27.8,14.7,5.5,1.14,7
WE01454,Extreme Wind,HIGH,44.3101,-119.7828,273,2024-04-29T04:44:20,2024-04-30T17:23:57.238035,43.1,168.6,106.1,0.0,2.29,203
WE01455,Extreme Wind,MEDIUM,34.3899,-117.9327,214,2024-05-20T06:29:51,2024-05-23T01:05:37.090533,39.4,101.1,180.4,0.0,1.6,36
WE01456,Heavy Rain,HIGH,39.4427,-98.9519,492,2026-02-26T16:51:30,2026-02-28T02:26:39.768131,-2.1,11.3,150.2,2.0,2.14,97
WE01457,Ice,HIGH,40.0182,-71.7882,351,2025-08-20T06:32:44,2025-08-22T15:35:44.531212,19.3,78.8,173.8,0.0,2.99,164
WE01458,Ice,LOW,39.0747,-84.439,100,2025-12-19T19:08:27,2025-12-20T18:19:33.776083,41.1,92.2,74.4,9.6,1.41,23
WE01459,Snowstorm,CRITICAL,32.9967,-99.3549,694,2026-06-20T12:14:54,2026-06-20T23:36:44.194507,-9.1,68.0,131.4,0.0,4.53,581
WE01460,Hurricane,LOW,42.3229,-91.6449,131,2026-05-11T02:24:43,2026-05-11T18:02:39.922645,24.0,76.1,48.8,4.7,1.29,28
WE01461,Thunderstorm,CRITICAL,32.7894,-87.0499,507,2024-03-04T17:26:15,2024-03-05T21:27:01.441702,4.1,8.7,197.2,0.0,4.72,377
WE01462,Tornado,LOW,41.4758,-69.0079,85,2025-11-29T15:17:15,2025-12-02T12:20:21.319200,-16.8,137.8,8.5,5.2,1.24,11
WE01463,Thunderstorm,MEDIUM,40.4123,-85.2711,272,2026-06-07T00:54:21,2026-06-09T14:17:37.873453,-9.7,152.3,37.0,2.6,1.97,81
WE01464,Hurricane,LOW,37.4758,-83.4419,140,2024-10-19T10:04:33,2024-10-20T03:53:20.562287,35.6,186.2,163.6,5.5,1.49,28
WE01465,Thunderstorm,MEDIUM,35.4316,-116.496,170,2025-05-14T11:23:11,2025-05-14T18:14:40.123808,7.8,185.2,143.5,0.0,1.73,63
WE01466,Extreme Wind,CRITICAL,29.7317,-118.1915,669,2026-01-08T20:44:07,2026-01-11T10:20:09.221206,32.1,51.2,169.3,0.0,3.61,367
WE01467,Snowstorm,LOW,35.2889,-82.1037,76,2026-02-17T20:19:40,2026-02-19T16:27:02.018874,-10.3,45.7,41.3,2.2,1.37,28
WE01468,Extreme Wind,MEDIUM,40.2484,-71.5493,219,2024-08-22T08:30:30,2024-08-23T14:17:12.053431,-14.9,42.4,159.9,5.7,1.77,79
WE01469,Extreme Heat,HIGH,35.8203,-84.0786,376,2024-04-06T02:49:07,2024-04-08T14:48:49.011610,44.8,95.2,12.7,3.9,2.88,181
WE01470,Extreme Heat,LOW,39.8942,-95.4953,72,2025-11-30T20:43:08,2025-11-30T23:42:10.465797,32.4,7.7,118.6,9.3,1.23,23
WE01471,Hurricane,HIGH,35.4882,-81.1445,361,2024-06-09T18:49:46,2024-06-11T08:27:39.279669,-10.2,134.9,40.3,0.0,2.02,217
WE01472,Tornado,MEDIUM,40.5737,-82.5457,128,2025-06-17T12:17:17,2025-06-18T23:31:35.098113,34.4,170.6,144.9,5.0,1.61,86
WE01473,Heavy Rain,CRITICAL,31.0764,-83.353,630,2024-05-11T00:01:04,2024-05-13T14:27:18.694935,27.4,101.1,56.2,2.0,3.54,476
WE01474,Thunderstorm,MEDIUM,45.3932,-119.053,294,2026-02-22T18:57:00,2026-02-25T12:39:09.846898,8.5,24.7,110.3,7.4,1.72,35
WE01475,Extreme Heat,HIGH,38.0344,-114.6158,489,2024-09-25T01:27:45,2024-09-26T19:51:24.255688,27.7,173.5,78.5,3.2,2.01,136
WE01476,Hurricane,CRITICAL,40.7758,-69.4123,453,2024-03-01T19:19:27,2024-03-02T14:36:44.966766,12.7,144.4,29.7,1.4,4.25,428
WE01477,Thunderstorm,MEDIUM,32.4575,-94.7499,253,2025-01-19T20:33:19,2025-01-21T23:28:39.819544,23.6,7.0,112.9,3.1,1.97,51
WE01478,Fog,LOW,38.3082,-114.7823,70,2025-11-11T00:48:40,2025-11-13T02:48:10.282294,-8.7,88.3,66.9,7.7,1.18,23
WE01479,Fog,LOW,35.1552,-76.4289,149,2025-11-13T14:49:54,2025-11-15T18:50:31.762976,-7.2,135.5,121.2,6.4,1.45,23
WE01480,Ice,MEDIUM,31.2865,-111.0562,206,2026-03-25T02:41:30,2026-03-27T06:42:37.040508,15.2,90.4,142.4,3.8,1.95,32
WE01481,Ice,LOW,40.7002,-75.3855,67,2026-03-23T01:27:33,2026-03-24T09:36:58.857860,12.3,79.6,154.2,8.3,1.43,27
WE01482,Tornado,CRITICAL,41.2149,-79.4725,772,2024-09-03T14:29:15,2024-09-05T18:19:37.770008,28.5,190.3,39.6,0.0,3.47,543
WE01483,Tornado,MEDIUM,39.2076,-98.4983,152,2025-07-19T07:05:57,2025-07-20T18:54:37.382754,40.7,192.9,109.1,3.6,1.75,38
WE01484,Extreme Heat,HIGH,46.7713,-119.6842,432,2025-08-02T04:55:45,2025-08-04T15:57:22.272201,40.8,126.7,82.5,0.0,2.61,134
WE01485,Extreme Heat,MEDIUM,32.6137,-97.2102,212,2025-03-15T11:02:13,2025-03-16T10:11:35.237911,16.2,190.7,143.6,3.4,1.79,45
WE01486,Heavy Rain,MEDIUM,38.2545,-119.4013,167,2025-08-24T19:56:10,2025-08-25T19:30:52.984918,38.3,75.6,2.3,3.8,1.61,75
WE01487,Snowstorm,HIGH,32.9647,-94.7477,419,2025-09-27T00:01:39,2025-09-28T05:21:11.758249,-10.0,64.9,44.9,0.0,2.78,111
WE01488,Thunderstorm,HIGH,32.4169,-84.2454,327,2025-06-09T15:14:29,2025-06-10T10:00:49.149881,-15.8,63.5,172.7,0.6,2.47,166
WE01489,Extreme Heat,LOW,32.7782,-112.1511,95,2024-03-22T08:19:40,2024-03-22T16:13:35.224303,34.4,93.0,129.6,6.4,1.02,25
WE01490,Snowstorm,LOW,34.5286,-86.3012,63,2025-06-03T20:37:55,2025-06-06T11:55:17.163111,6.4,120.7,31.3,1.5,1.38,13
WE01491,Ice,MEDIUM,44.0422,-80.005,136,2024-04-12T09:22:19,2024-04-14T05:47:48.096438,-3.9,145.9,158.8,0.9,1.52,32
WE01492,Snowstorm,LOW,43.317,-72.3833,126,2025-05-27T03:45:44,2025-05-28T02:11:00.509425,-13.8,73.4,160.5,2.2,1.21,14
WE01493,Extreme Wind,HIGH,35.9306,-78.4197,433,2024-05-26T19:26:13,2024-05-28T20:51:40.013727,29.9,24.1,185.7,0.0,2.37,185
WE01494,Snowstorm,HIGH,37.9793,-85.0863,489,2026-05-16T18:22:34,2026-05-16T23:50:42.446960,37.7,2.2,68.9,1.3,2.58,160
WE01495,Tornado,HIGH,34.7816,-90.7485,243,2025-08-23T12:09:29,2025-08-24T19:46:19.742693,-13.8,108.2,179.5,0.0,2.72,183
WE01496,Tornado,LOW,27.2561,-83.9121,147,2025-03-17T09:46:01,2025-03-20T01:15:34.509143,42.8,76.0,66.9,5.7,1.47,13
WE01497,Tornado,CRITICAL,45.295,-93.4019,740,2025-01-26T11:05:01,2025-01-28T10:23:41.548919,6.7,37.1,66.3,0.0,4.59,420
WE01498,Fog,HIGH,36.6528,-91.9878,350,2024-08-21T14:19:26,2024-08-22T11:05:45.726132,8.0,99.9,188.3,2.0,2.67,143
WE01499,Tornado,LOW,41.4973,-79.5345,58,2025-06-01T20:38:15,2025-06-02T20:17:40.066895,-13.1,130.7,108.0,4.7,1.09,6
WE01500,Fog,MEDIUM,29.747,-83.224,101,2024-05-06T14:36:51,2024-05-08T14:20:45.526559,15.2,101.1,108.1,1.8,1.57,44
WE01501,Ice,LOW,41.1606,-117.8283,114,2026-06-24T06:06:13,2026-06-26T11:45:52.128067,34.1,33.2,111.6,5.8,1.43,27
WE01502,Heavy Rain,HIGH,45.2344,-106.7522,363,2024-08-07T16:49:55,2024-08-09T08:56:07.913286,-13.2,34.3,133.1,0.0,2.11,178
WE01503,Hurricane,LOW,46.7237,-116.1259,135,2025-06-27T10:15:51,2025-06-27T20:04:12.888357,24.2,164.3,130.9,0.5,1.19,16
WE01504,Ice,LOW,45.1618,-78.4579,114,2025-04-26T22:16:38,2025-04-29T07:47:21.528881,-18.4,164.8,66.4,7.2,1.17,10
WE01505,Fog,LOW,39.9478,-125.0825,71,2025-08-31T21:15:10,2025-09-02T04:12:52.116645,20.0,43.2,24.1,5.3,1.13,13
WE01506,Hurricane,LOW,33.2595,-83.3681,66,2024-07-19T07:39:58,2024-07-21T00:13:46.302491,-11.4,174.8,39.5,6.8,1.32,19
WE01507,Snowstorm,LOW,35.6756,-86.6345,89,2024-05-11T14:33:13,2024-05-14T12:42:36.136251,2.6,169.6,129.8,3.8,1.11,5
WE01508,Thunderstorm,MEDIUM,37.4718,-95.4389,176,2025-04-25T22:02:57,2025-04-27T13:37:25.080815,9.4,149.5,15.8,0.0,1.53,78
WE01509,Thunderstorm,MEDIUM,41.0946,-90.3679,110,2026-05-18T06:07:30,2026-05-20T16:49:22.105708,7.8,77.6,177.6,7.8,1.92,49
WE01510,Fog,HIGH,39.1965,-81.7575,332,2025-08-08T03:37:20,2025-08-09T04:52:42.843892,28.5,79.7,93.9,2.0,2.01,201
WE01511,Snowstorm,LOW,37.3493,-72.4849,98,2025-05-25T06:29:36,2025-05-26T04:00:57.690332,16.7,160.8,141.2,7.1,1.34,23
WE01512,Extreme Wind,LOW,43.3513,-87.008,145,2024-07-17T12:29:48,2024-07-17T15:20:40.263711,-15.6,195.8,181.9,6.8,1.3,20
WE01513,Extreme Wind,LOW,34.5579,-84.5898,92,2026-03-28T17:21:58,2026-03-29T18:21:54.631477,20.4,101.5,194.3,4.7,1.41,29
WE01514,Tornado,MEDIUM,39.2742,-96.5948,260,2024-05-25T04:10:44,2024-05-25T14:17:40.311992,41.2,124.8,132.2,1.9,1.95,32
WE01515,Heavy Rain,LOW,44.1188,-83.2894,126,2025-10-19T17:44:00,2025-10-20T11:09:27.115806,18.2,111.7,118.6,6.7,1.06,8
WE01516,Snowstorm,MEDIUM,40.8811,-113.6785,165,2026-02-28T21:49:29,2026-03-01T13:53:13.531083,21.1,85.9,97.8,6.9,1.63,30
WE01517,Extreme Wind,LOW,45.0766,-83.4944,135,2025-07-16T01:55:45,2025-07-18T23:55:18.497284,13.4,137.6,146.7,4.0,1.07,24
WE01518,Fog,LOW,36.0855,-80.9721,133,2024-01-29T07:41:01,2024-01-30T13:06:44.887444,34.3,34.5,170.4,4.4,1.21,29
WE01519,Snowstorm,MEDIUM,35.6297,-93.0926,173,2025-07-17T06:37:15,2025-07-17T22:56:12.118336,4.7,164.1,88.6,0.0,1.94,77
WE01520,Extreme Wind,LOW,41.175,-110.1758,82,2025-04-24T19:21:42,2025-04-27T08:02:02.155853,-14.7,22.6,1.1,7.1,1.22,13
WE01521,Snowstorm,MEDIUM,29.8217,-110.6602,213,2024-10-07T00:41:19,2024-10-09T14:58:07.574589,-5.6,163.3,47.0,6.4,1.52,38
WE01522,Fog,MEDIUM,40.3554,-85.9579,232,2024-11-28T17:40:52,2024-11-29T17:26:15.209503,22.0,53.0,117.3,0.0,1.71,36
WE01523,Hurricane,MEDIUM,29.8162,-90.3192,244,2025-06-14T20:42:18,2025-06-16T20:51:29.098580,-2.4,111.8,159.5,3.5,1.56,56
WE01524,Hurricane,LOW,45.157,-68.851,108,2026-01-25T09:29:38,2026-01-27T18:55:11.941762,37.5,30.8,131.2,8.7,1.25,27
WE01525,Extreme Wind,LOW,35.178,-94.6044,119,2024-10-25T06:28:26,2024-10-27T19:36:38.307828,-18.6,146.1,165.1,4.4,1.26,21
WE01526,Thunderstorm,LOW,32.4881,-95.1595,99,2024-12-17T22:08:12,2024-12-18T23:47:43.633301,37.9,121.3,23.3,0.2,1.15,13
WE01527,Heavy Rain,CRITICAL,30.4478,-113.8656,334,2024-08-01T16:48:29,2024-08-03T12:11:55.935989,-18.8,143.7,163.2,0.0,3.35,518
WE01528,Hurricane,MEDIUM,44.7164,-95.6961,280,2024-08-28T16:46:29,2024-08-29T14:39:35.119875,43.9,106.0,59.9,4.3,1.62,47
WE01529,Snowstorm,MEDIUM,38.6456,-91.2424,118,2024-04-29T20:55:22,2024-04-30T12:31:50.587473,39.5,117.9,96.8,7.0,1.71,74
WE01530,Thunderstorm,LOW,27.8625,-81.0595,118,2025-04-04T11:55:43,2025-04-04T19:47:14.832109,-2.1,14.2,165.9,0.0,1.18,19
WE01531,Thunderstorm,MEDIUM,42.1534,-109.2572,134,2024-06-06T02:48:03,2024-06-08T16:58:02.192599,7.3,58.4,175.9,0.0,1.72,35
WE01532,Ice,MEDIUM,40.2614,-72.3908,106,2026-02-27T16:02:39,2026-03-01T07:41:44.864080,3.5,197.1,62.6,3.6,1.65,72
WE01533,Fog,LOW,38.0273,-85.3298,110,2026-04-18T12:06:44,2026-04-20T09:33:04.942374,42.1,134.1,195.0,7.6,1.32,22
WE01534,Fog,HIGH,45.2544,-115.1265,355,2026-03-28T22:31:19,2026-03-29T10:24:06.164278,4.6,149.2,141.5,0.0,2.85,154
WE01535,Extreme Heat,LOW,42.9891,-77.6217,88,2024-02-28T15:19:42,2024-03-01T09:40:43.069388,-17.2,125.4,128.9,1.2,1.13,16
WE01536,Heavy Rain,HIGH,37.5539,-87.6301,493,2025-06-07T03:29:08,2025-06-08T07:24:31.147098,13.9,97.8,78.7,4.0,2.58,104
WE01537,Heavy Rain,LOW,43.7983,-79.9041,120,2024-07-22T13:51:44,2024-07-24T07:14:36.394024,16.2,111.3,129.2,5.8,1.42,23
WE01538,Extreme Heat,LOW,33.4267,-92.1957,135,2025-08-08T05:08:05,2025-08-10T16:53:07.457770,16.8,25.5,172.2,8.1,1.03,25
WE01539,Heavy Rain,LOW,43.2722,-79.3185,130,2024-08-27T14:57:35,2024-08-29T16:09:00.094243,22.4,51.5,106.4,2.0,1.13,6
WE01540,Thunderstorm,MEDIUM,32.1616,-86.4859,282,2024-09-09T01:00:52,2024-09-09T05:31:54.234338,-10.0,135.2,124.9,6.9,1.72,50
WE01541,Hurricane,LOW,28.689,-93.1397,91,2024-10-07T22:25:34,2024-10-09T12:57:33.580391,11.2,166.7,159.2,2.3,1.29,7
WE01542,Thunderstorm,MEDIUM,23.6804,-79.8482,101,2024-09-14T03:44:50,2024-09-16T06:18:39.546625,28.7,107.2,131.4,2.7,1.58,52
WE01543,Hurricane,MEDIUM,40.9492,-75.3186,218,2025-11-10T21:38:50,2025-11-12T05:11:31.214157,15.5,39.7,0.5,0.9,1.93,56
WE01544,Ice,MEDIUM,27.0522,-101.2696,170,2024-03-08T20:58:18,2024-03-11T18:16:44.811191,36.5,35.2,95.4,6.9,1.98,54
WE01545,Extreme Heat,LOW,29.3702,-98.0775,97,2025-09-30T05:55:09,2025-10-02T12:26:34.927040,-4.0,175.0,55.0,6.8,1.28,25
WE01546,Extreme Heat,HIGH,29.0059,-80.6752,331,2025-07-19T22:03:59,2025-07-22T09:16:11.699204,-13.8,101.9,146.4,2.7,2.05,173
WE01547,Extreme Heat,LOW,39.8426,-92.1995,71,2025-01-03T23:46:03,2025-01-04T15:57:10.176830,39.2,142.2,158.8,10.0,1.38,14
WE01548,Thunderstorm,HIGH,39.4228,-74.6852,410,2025-11-21T00:55:41,2025-11-21T21:00:52.748090,-7.6,160.2,93.8,2.4,2.67,154
WE01549,Snowstorm,MEDIUM,28.7393,-95.1306,124,2025-03-18T14:52:59,2025-03-21T05:03:14.574222,-2.9,27.1,93.3,2.5,1.55,47
WE01550,Extreme Heat,LOW,27.2936,-80.7972,69,2025-11-28T09:14:51,2025-12-01T02:01:10.453587,1.1,133.7,151.9,6.7,1.39,22
WE01551,Fog,CRITICAL,38.2351,-85.6782,509,2024-12-29T12:15:43,2024-12-31T08:13:31.670230,4.0,151.5,159.3,0.0,4.38,526
WE01552,Thunderstorm,MEDIUM,25.5892,-80.8927,141,2026-04-09T13:22:43,2026-04-10T12:33:43.264520,7.1,76.3,72.0,0.9,1.79,62
WE01553,Extreme Wind,LOW,39.6443,-91.2989,109,2025-01-06T12:50:52,2025-01-08T14:16:38.681484,40.8,35.1,126.9,9.1,1.48,22
WE01554,Heavy Rain,MEDIUM,40.1234,-111.6832,191,2025-04-25T17:47:57,2025-04-26T06:25:35.247353,19.6,11.0,121.6,2.7,1.83,89
WE01555,Ice,MEDIUM,36.9658,-83.6647,246,2025-12-29T14:10:08,2025-12-30T14:43:39.514809,44.9,90.0,183.9,2.1,1.91,31
WE01556,Extreme Wind,MEDIUM,40.0257,-94.1011,122,2024-10-28T09:26:50,2024-10-30T19:49:25.264534,20.6,128.5,192.7,0.5,1.79,87
WE01557,Thunderstorm,MEDIUM,35.7011,-86.4151,236,2025-07-25T10:06:17,2025-07-26T23:39:16.589597,-16.0,180.4,161.9,3.5,1.82,48
WE01558,Extreme Wind,MEDIUM,32.6552,-119.8966,124,2026-06-05T02:46:34,2026-06-06T10:12:27.839175,26.6,53.1,59.4,6.7,1.83,58
WE01559,Extreme Wind,MEDIUM,36.1973,-91.9892,112,2025-11-15T10:39:42,2025-11-17T13:46:49.309922,27.4,165.8,30.0,6.2,1.92,37
WE01560,Extreme Wind,LOW,26.7305,-82.0696,83,2025-12-18T04:40:37,2025-12-20T14:18:38.818540,39.1,122.9,36.3,7.9,1.43,29
WE01561,Ice,LOW,40.7379,-83.7538,74,2025-03-13T17:12:41,2025-03-15T10:56:33.868838,1.3,38.5,74.2,8.3,1.4,21
WE01562,Thunderstorm,MEDIUM,34.2216,-114.6434,115,2025-08-16T05:14:10,2025-08-17T17:20:32.650928,-15.3,39.7,91.6,7.6,1.87,45
WE01563,Heavy Rain,HIGH,40.4084,-119.6523,468,2026-02-20T05:43:13,2026-02-20T19:08:27.539090,44.8,192.2,187.3,1.8,2.16,158
WE01564,Extreme Heat,HIGH,43.7977,-97.483,294,2026-03-30T09:07:34,2026-03-30T19:08:43.597318,-6.4,78.9,58.7,3.9,2.91,125
WE01565,Extreme Heat,LOW,49.2381,-125.0979,138,2025-10-12T08:48:24,2025-10-14T16:49:54.988853,-18.1,139.3,85.2,9.2,1.02,17
WE01566,Fog,LOW,29.683,-93.715,135,2024-09-08T17:57:59,2024-09-11T13:04:50.149314,-11.2,73.2,151.1,4.1,1.44,28
WE01567,Hurricane,LOW,35.6057,-117.6327,142,2024-11-06T05:16:15,2024-11-07T07:22:24.210307,12.0,30.3,19.8,1.0,1.2,26
WE01568,Ice,CRITICAL,34.5142,-120.3768,567,2024-08-02T23:52:16,2024-08-03T09:09:40.637238,-17.2,83.1,123.9,0.0,4.66,418
WE01569,Extreme Wind,CRITICAL,28.9625,-92.3768,670,2025-01-23T08:47:43,2025-01-25T10:33:00.307512,32.0,43.3,175.8,0.0,4.01,268
WE01570,Hurricane,LOW,42.8762,-91.6686,72,2024-03-22T01:24:14,2024-03-24T17:20:09.533872,43.0,192.7,104.3,3.0,1.01,26
WE01571,Heavy Rain,LOW,38.8934,-71.6809,77,2026-01-16T13:43:05,2026-01-17T04:20:31.890177,26.4,158.7,14.4,6.4,1.47,23
WE01572,Thunderstorm,LOW,28.9671,-95.2608,137,2025-07-30T15:47:25,2025-07-31T10:56:04.591301,-2.4,74.8,72.9,7.4,1.45,24
WE01573,Thunderstorm,MEDIUM,49.3878,-97.0612,215,2026-05-11T10:46:38,2026-05-13T16:06:13.264625,40.3,176.0,146.4,5.2,1.78,66
WE01574,Ice,LOW,41.101,-79.4857,61,2024-06-08T08:49:20,2024-06-10T13:35:19.976700,6.8,166.6,81.9,1.3,1.15,10
WE01575,Tornado,HIGH,26.9312,-81.3861,248,2026-03-12T10:29:45,2026-03-12T13:26:16.654456,36.0,138.7,163.4,0.0,2.08,94
WE01576,Extreme Heat,CRITICAL,42.2847,-67.5398,618,2024-07-12T16:19:27,2024-07-14T00:19:36.587686,44.4,189.9,66.7,0.0,3.15,490
WE01577,Extreme Heat,HIGH,34.6602,-97.9471,225,2025-03-18T19:55:10,2025-03-19T17:01:12.660668,-10.6,29.7,191.8,4.2,2.24,237
WE01578,Fog,LOW,38.5754,-119.577,138,2024-05-10T07:05:28,2024-05-13T04:33:47.347898,7.4,89.4,115.4,8.2,1.06,19
WE01579,Fog,LOW,34.7153,-118.4356,59,2024-09-06T00:52:37,2024-09-06T17:31:54.422103,42.7,102.9,157.2,3.5,1.35,22
WE01580,Thunderstorm,MEDIUM,38.5562,-121.764,106,2025-02-27T18:23:48,2025-02-28T14:08:12.425999,-16.8,194.4,125.5,4.5,1.78,66
WE01581,Hurricane,HIGH,32.5678,-96.9168,210,2025-11-28T23:50:04,2025-12-01T10:25:37.360737,1.7,115.5,137.0,0.2,2.73,237
WE01582,Hurricane,MEDIUM,47.6276,-110.7392,105,2026-03-08T11:10:38,2026-03-10T18:08:18.795779,-15.0,123.5,112.3,4.2,1.63,64
WE01583,Extreme Wind,LOW,34.2517,-88.7558,141,2024-08-16T21:33:21,2024-08-17T21:47:40.417065,-12.9,140.9,131.9,0.4,1.37,7
WE01584,Extreme Wind,LOW,31.9372,-118.0551,91,2025-11-10T14:09:33,2025-11-12T13:06:47.374294,18.7,85.1,74.9,3.9,1.26,8
WE01585,Tornado,HIGH,38.0022,-96.1725,254,2024-05-22T11:19:46,2024-05-23T22:48:50.200824,34.5,69.5,182.7,0.7,2.52,152
WE01586,Ice,MEDIUM,39.0537,-96.7423,224,2024-12-10T22:10:36,2024-12-13T11:21:34.044909,29.4,60.1,25.9,0.0,1.72,66
WE01587,Heavy Rain,LOW,36.0628,-108.975,148,2025-12-01T19:16:13,2025-12-02T04:23:38.304232,4.1,65.5,110.2,2.0,1.29,29
WE01588,Thunderstorm,MEDIUM,37.9278,-97.8965,245,2025-06-27T01:28:34,2025-06-27T04:26:21.910849,4.7,167.2,13.5,5.2,1.88,57
WE01589,Extreme Wind,MEDIUM,41.2528,-71.0595,219,2024-02-11T10:20:12,2024-02-12T23:24:01.966318,40.9,17.7,110.8,1.3,1.65,40
WE01590,Hurricane,MEDIUM,41.9544,-90.4129,289,2025-10-06T12:28:40,2025-10-07T07:37:52.019367,-11.6,170.8,143.2,0.1,1.87,71
WE01591,Extreme Wind,MEDIUM,32.5573,-87.4674,143,2024-03-23T17:33:38,2024-03-26T17:23:47.516747,-12.4,48.9,199.3,0.0,1.7,74
WE01592,Ice,MEDIUM,32.6542,-100.4902,191,2025-09-07T20:52:30,2025-09-08T20:45:04.999797,43.3,102.3,87.1,2.2,1.89,72
WE01593,Thunderstorm,CRITICAL,46.9667,-122.6044,691,2026-02-18T20:10:54,2026-02-20T09:17:16.581996,32.6,49.5,22.3,0.0,3.29,449
WE01594,Snowstorm,LOW,40.9283,-89.3917,89,2025-08-03T22:17:41,2025-08-04T11:05:44.732031,-19.6,157.1,161.7,7.2,1.13,10
WE01595,Extreme Wind,LOW,30.4259,-86.6693,115,2025-01-01T06:26:37,2025-01-03T22:50:34.374954,-4.8,58.8,48.3,5.5,1.03,9
WE01596,Ice,LOW,32.2905,-80.0084,81,2025-08-22T21:18:58,2025-08-24T11:29:28.784950,-5.0,97.6,48.2,1.8,1.36,10
WE01597,Tornado,LOW,24.9813,-81.7052,71,2024-05-06T18:28:16,2024-05-07T13:07:08.951542,39.3,105.9,120.5,6.0,1.26,12
WE01598,Extreme Wind,MEDIUM,40.5239,-81.4289,148,2025-08-05T09:45:27,2025-08-05T19:18:59.786417,-13.8,46.8,144.2,6.2,1.86,75
WE01599,Extreme Wind,LOW,34.5681,-90.6612,125,2024-12-14T19:24:42,2024-12-15T22:31:05.188655,33.9,176.4,40.1,7.4,1.13,26
WE01600,Extreme Heat,LOW,28.5588,-89.2667,134,2024-02-13T18:54:28,2024-02-14T05:53:28.323721,-16.2,60.2,187.0,6.0,1.35,23
WE01601,Snowstorm,MEDIUM,26.8104,-79.7708,262,2025-05-10T01:25:59,2025-05-11T23:36:53.093898,6.3,140.8,126.1,6.7,1.97,44
WE01602,Extreme Wind,LOW,44.1746,-88.2864,108,2024-06-02T22:05:11,2024-06-03T22:56:31.459979,32.2,112.6,122.0,7.6,1.38,6
WE01603,Snowstorm,LOW,33.8476,-85.4452,120,2025-06-04T20:31:49,2025-06-05T06:28:43.154464,9.7,106.0,74.6,3.6,1.13,25
WE01604,Extreme Heat,CRITICAL,36.3924,-79.3038,341,2024-08-14T21:06:46,2024-08-17T00:16:03.967276,14.3,100.3,9.0,0.0,4.03,309
WE01605,Ice,HIGH,47.5206,-95.2374,274,2024-08-01T18:05:04,2024-08-02T18:41:51.491041,-1.8,95.4,38.5,0.0,2.34,195
WE01606,Extreme Heat,LOW,36.5548,-73.9966,85,2024-02-29T12:02:47,2024-03-02T18:39:48.527653,42.8,123.0,91.3,1.8,1.02,15
WE01607,Thunderstorm,CRITICAL,33.0325,-110.3322,602,2025-03-21T15:38:20,2025-03-21T18:06:05.026490,44.0,183.7,90.3,1.8,4.19,408
WE01608,Extreme Wind,HIGH,43.4357,-86.1603,250,2026-01-03T22:23:47,2026-01-04T01:16:16.363654,21.8,23.8,36.4,0.0,2.91,92
WE01609,Hurricane,LOW,43.4717,-86.5363,144,2024-08-03T14:33:59,2024-08-05T03:24:24.371120,-18.9,7.7,68.6,0.8,1.21,13
WE01610,Extreme Wind,MEDIUM,32.2252,-114.746,177,2025-12-29T17:41:35,2025-12-30T19:10:37.223498,-19.4,38.9,48.1,0.1,1.52,65
WE01611,Extreme Wind,HIGH,39.1131,-89.3667,371,2025-11-27T21:04:30,2025-11-30T14:35:12.242345,-9.4,133.4,24.2,0.0,2.6,130
WE01612,Thunderstorm,CRITICAL,37.8266,-94.4686,487,2024-01-09T03:46:43,2024-01-09T06:10:13.205146,30.2,6.4,70.4,0.0,4.4,375
WE01613,Thunderstorm,HIGH,39.0157,-93.0764,476,2024-05-03T01:45:03,2024-05-03T03:55:09.107361,-8.8,95.2,103.1,0.0,2.11,97
WE01614,Heavy Rain,LOW,42.3614,-71.516,86,2024-01-30T12:30:58,2024-02-02T09:38:24.295541,25.6,114.7,2.6,3.9,1.19,13
WE01615,Snowstorm,LOW,38.8858,-93.0217,65,2025-02-01T13:32:08,2025-02-04T10:30:36.096052,-9.1,131.3,114.0,6.7,1.33,28
WE01616,Tornado,MEDIUM,42.1681,-102.1089,127,2024-12-01T00:11:29,2024-12-03T11:19:49.143438,-12.5,194.2,184.2,1.3,1.5,74
WE01617,Hurricane,MEDIUM,30.6705,-108.0352,285,2024-08-20T06:29:43,2024-08-22T20:15:14.798553,-10.3,171.0,43.4,1.7,1.74,88
WE01618,Tornado,HIGH,37.6194,-121.6122,277,2026-05-02T12:54:18,2026-05-04T00:22:00.890999,29.8,131.9,67.2,2.4,2.34,187
WE01619,Fog,LOW,36.8927,-86.5669,122,2026-03-30T20:44:52,2026-04-01T04:37:49.493499,12.5,156.0,12.7,5.0,1.19,17
WE01620,Ice,MEDIUM,33.9931,-90.3593,252,2025-10-19T12:04:52,2025-10-21T17:17:03.454928,15.4,166.5,119.9,6.0,1.87,50
WE01621,Tornado,LOW,37.5676,-103.3546,109,2024-06-21T17:20:47,2024-06-23T23:30:01.580622,14.3,198.2,45.9,9.2,1.3,13
WE01622,Extreme Heat,MEDIUM,41.5045,-71.5973,182,2025-03-23T13:12:19,2025-03-25T10:01:39.642413,-2.0,167.8,81.3,5.4,1.96,33
WE01623,Thunderstorm,MEDIUM,42.2074,-93.7481,169,2025-01-04T03:52:11,2025-01-04T23:43:16.131624,30.1,182.2,21.1,2.8,1.52,41
WE01624,Extreme Heat,CRITICAL,45.5888,-124.0491,702,2025-04-12T19:43:49,2025-04-15T09:49:36.374304,24.5,39.7,3.4,0.0,4.01,534
WE01625,Tornado,LOW,40.6894,-75.4793,125,2024-07-08T06:50:08,2024-07-11T04:19:50.700422,1.4,14.9,25.7,4.5,1.42,24
WE01626,Tornado,CRITICAL,34.7732,-122.2806,737,2024-03-15T04:13:42,2024-03-15T22:22:21.455621,-14.7,23.5,159.8,0.0,3.84,294
WE01627,Thunderstorm,LOW,32.6619,-118.5944,148,2025-01-05T09:40:08,2025-01-07T17:23:07.121413,28.5,101.0,39.5,0.3,1.04,5
WE01628,Extreme Wind,CRITICAL,48.9855,-121.1884,348,2025-10-14T04:13:50,2025-10-14T17:33:38.847728,30.4,105.2,137.4,0.0,3.48,336
WE01629,Snowstorm,LOW,45.3518,-94.2059,72,2025-12-11T02:25:51,2025-12-13T22:07:50.041329,44.9,108.5,7.9,6.8,1.0,14
WE01630,Hurricane,LOW,37.8735,-82.3925,90,2024-04-07T13:37:13,2024-04-09T12:55:28.748302,43.8,56.1,25.7,0.9,1.37,23
WE01631,Heavy Rain,MEDIUM,35.6124,-107.9901,295,2024-06-21T05:04:54,2024-06-23T07:48:07.898660,6.2,48.8,54.1,7.3,1.73,66
WE01632,Heavy Rain,LOW,43.5617,-95.2313,54,2026-02-15T10:59:02,2026-02-16T15:11:42.092780,-7.9,107.7,59.8,2.0,1.07,24
WE01633,Extreme Wind,HIGH,35.037,-111.439,334,2026-04-12T17:32:01,2026-04-13T06:22:03.559497,-3.8,137.8,180.5,3.9,2.01,210
WE01634,Fog,LOW,41.6259,-85.212,110,2024-01-26T12:45:15,2024-01-28T14:29:54.706771,44.4,132.0,32.4,9.4,1.5,25
WE01635,Snowstorm,MEDIUM,32.0447,-98.2929,208,2026-03-11T14:35:59,2026-03-14T01:31:32.092192,6.3,36.3,150.6,3.9,1.82,53
WE01636,Snowstorm,CRITICAL,39.1939,-76.0081,415,2026-06-12T07:19:23,2026-06-13T10:59:11.937527,-13.7,23.5,54.4,0.0,4.32,246
WE01637,Tornado,CRITICAL,35.7724,-121.0655,489,2025-01-10T20:06:26,2025-01-13T18:15:30.435841,39.4,166.2,22.9,0.0,4.47,551
WE01638,Ice,CRITICAL,37.5078,-120.7247,315,2024-08-11T00:55:57,2024-08-11T10:30:01.388617,26.1,85.6,90.7,1.1,4.63,385
WE01639,Heavy Rain,MEDIUM,45.5783,-75.8881,153,2025-03-28T11:24:24,2025-03-29T03:22:24.607687,22.4,21.9,157.8,0.9,1.7,83
WE01640,Thunderstorm,MEDIUM,48.451,-116.7202,219,2025-10-28T19:11:09,2025-10-29T16:49:48.620289,26.8,36.5,199.6,0.7,1.53,39
WE01641,Fog,MEDIUM,33.0101,-105.5162,129,2024-01-03T10:19:21,2024-01-04T11:56:47.148838,-16.0,93.1,88.6,4.0,1.87,78
WE01642,Thunderstorm,LOW,32.2229,-112.9342,72,2025-07-02T01:56:07,2025-07-02T14:20:19.694993,-4.6,183.4,149.9,2.2,1.17,20
WE01643,Extreme Wind,LOW,34.3856,-87.9862,106,2025-01-08T16:53:05,2025-01-11T05:29:33.761933,27.0,2.8,116.7,1.5,1.21,10
WE01644,Tornado,LOW,41.6927,-72.8647,58,2026-06-05T11:53:07,2026-06-05T19:46:16.441706,29.1,173.9,9.2,9.3,1.32,23
WE01645,Fog,MEDIUM,38.3621,-84.0941,270,2025-10-09T02:45:56,2025-10-09T19:13:56.253542,15.5,3.5,107.5,3.2,1.54,82
WE01646,Snowstorm,LOW,35.7446,-96.0473,103,2024-10-17T23:34:07,2024-10-18T08:23:25.968149,3.2,158.9,111.6,6.0,1.23,14
WE01647,Extreme Heat,MEDIUM,37.7438,-91.4098,127,2024-05-12T23:55:10,2024-05-15T11:45:21.523219,25.4,39.7,142.1,5.0,1.62,76
WE01648,Heavy Rain,MEDIUM,39.873,-79.4697,244,2026-03-24T04:55:07,2026-03-26T18:33:58.036536,42.7,84.3,79.2,1.8,1.51,86
WE01649,Extreme Heat,LOW,40.6418,-85.8478,116,2025-07-14T04:16:57,2025-07-16T20:27:04.892359,21.8,93.2,101.0,1.4,1.49,11
WE01650,Extreme Wind,MEDIUM,39.1883,-91.2984,269,2024-04-15T03:16:04,2024-04-15T08:40:40.761228,17.2,38.8,105.7,6.3,1.72,75
WE01651,Snowstorm,LOW,32.4662,-90.7217,76,2026-03-28T04:55:03,2026-03-28T18:22:12.765428,-6.9,149.7,94.1,8.8,1.22,19
WE01652,Hurricane,LOW,42.826,-74.6753,116,2026-04-25T04:50:44,2026-04-26T23:10:47.631428,41.1,141.1,32.5,1.9,1.1,27
WE01653,Hurricane,MEDIUM,39.784,-93.3258,114,2026-02-27T02:32:50,2026-02-27T19:01:47.695673,41.3,181.3,169.3,0.0,2.0,46
WE01654,Snowstorm,HIGH,40.562,-77.7518,499,2026-02-27T13:32:30,2026-02-28T01:28:00.250545,29.1,128.9,114.2,0.0,2.34,171
WE01655,Ice,MEDIUM,39.5759,-72.6759,250,2026-05-10T20:16:56,2026-05-12T06:23:51.764283,34.3,94.3,38.4,5.6,1.82,63
WE01656,Fog,HIGH,43.23,-76.4585,239,2024-02-01T14:07:04,2024-02-02T00:36:51.869744,-6.9,111.4,23.1,0.0,2.76,91
WE01657,Fog,MEDIUM,29.5307,-87.6066,215,2025-08-29T13:10:12,2025-08-31T07:57:05.083731,36.2,121.6,114.2,6.2,1.95,82
WE01658,Fog,LOW,39.7081,-98.0991,54,2025-12-31T07:54:22,2025-12-31T16:01:15.282703,29.9,66.7,176.0,5.9,1.32,20
WE01659,Ice,MEDIUM,41.7278,-110.1167,169,2024-03-08T15:04:51,2024-03-11T11:23:29.057094,38.3,182.5,33.9,2.4,1.76,79
WE01660,Extreme Wind,MEDIUM,38.1747,-121.6349,263,2025-08-23T23:58:51,2025-08-26T14:42:09.390453,32.5,189.6,177.0,0.0,1.96,33
WE01661,Heavy Rain,LOW,41.9589,-71.6549,99,2025-08-02T21:43:18,2025-08-03T14:49:11.416200,26.6,64.1,179.2,3.2,1.46,5
WE01662,Extreme Heat,LOW,33.9431,-96.2179,98,2025-01-29T00:46:01,2025-01-29T03:19:42.005609,30.8,68.3,29.0,3.8,1.19,16
WE01663,Extreme Heat,LOW,34.7406,-84.1251,125,2024-01-26T05:33:15,2024-01-26T09:06:53.942461,38.2,171.9,146.8,6.5,1.38,7
WE01664,Heavy Rain,LOW,39.6355,-74.5479,107,2025-07-08T17:25:28,2025-07-09T20:34:58.681140,15.0,140.4,89.9,7.9,1.15,8
WE01665,Extreme Wind,LOW,44.9946,-97.5261,136,2024-04-14T22:48:10,2024-04-17T19:12:54.025331,-7.9,63.4,149.8,3.6,1.09,8
WE01666,Heavy Rain,MEDIUM,43.3784,-71.3963,178,2025-06-19T15:10:07,2025-06-20T07:29:37.910972,13.2,94.0,12.0,0.8,1.72,64
WE01667,Tornado,MEDIUM,30.3834,-113.6203,299,2025-01-09T13:49:33,2025-01-12T03:55:29.114494,-8.4,138.6,184.5,0.0,1.69,67
WE01668,Heavy Rain,LOW,40.6882,-84.7957,113,2024-06-10T00:52:08,2024-06-11T04:24:08.115126,-6.7,48.8,48.7,5.3,1.1,10
WE01669,Tornado,MEDIUM,39.4574,-82.371,172,2026-06-22T22:55:41,2026-06-23T13:04:24.920845,-8.2,174.3,62.6,0.0,1.72,56
WE01670,Thunderstorm,LOW,29.264,-93.0529,60,2025-05-31T13:11:32,2025-06-03T06:29:31.322082,22.6,66.2,131.6,8.4,1.43,9
WE01671,Hurricane,MEDIUM,34.071,-89.479,273,2024-07-26T05:52:12,2024-07-29T00:04:01.393147,8.3,112.4,118.0,1.3,1.66,52
WE01672,Tornado,LOW,33.6848,-89.5092,91,2024-03-09T20:57:15,2024-03-11T12:21:48.750611,8.6,66.1,198.9,0.1,1.32,13
WE01673,Ice,CRITICAL,43.0631,-81.151,658,2025-07-01T06:39:37,2025-07-01T23:25:22.026506,8.4,62.5,72.9,0.6,3.48,276
WE01674,Tornado,CRITICAL,31.7248,-92.2979,771,2026-04-28T04:52:04,2026-04-29T14:11:07.977846,-5.9,32.6,55.2,0.0,3.95,327
WE01675,Hurricane,LOW,32.3971,-98.9056,114,2025-06-09T21:57:23,2025-06-10T05:28:07.664008,4.6,84.2,23.5,8.6,1.33,11
WE01676,Tornado,CRITICAL,31.4397,-83.0563,644,2024-09-28T23:47:44,2024-09-30T09:26:55.261142,27.1,12.9,72.7,0.6,4.51,487
WE01677,Extreme Wind,MEDIUM,37.4722,-76.5293,181,2025-12-22T18:23:49,2025-12-24T11:18:23.119151,33.3,98.6,196.1,4.8,1.84,38
WE01678,Extreme Wind,CRITICAL,39.7477,-77.6377,578,2026-01-13T08:56:06,2026-01-15T06:09:10.183822,38.3,126.1,182.8,0.7,4.58,344
WE01679,Fog,MEDIUM,38.4853,-113.0565,139,2024-10-10T03:48:58,2024-10-10T11:03:21.803798,-3.2,63.6,73.5,3.3,1.68,51
WE01680,Tornado,HIGH,33.3171,-84.0625,381,2024-07-28T11:40:07,2024-07-30T13:27:08.239787,21.1,106.3,92.7,0.0,2.56,150
WE01681,Heavy Rain,MEDIUM,33.8187,-88.2145,217,2024-04-08T00:33:30,2024-04-10T07:58:45.284451,19.6,147.5,30.1,0.2,1.88,46
WE01682,Hurricane,MEDIUM,33.9044,-76.7683,206,2025-12-11T23:31:53,2025-12-14T21:09:42.228251,-0.5,128.8,17.2,2.8,1.77,81
WE01683,Extreme Heat,LOW,26.4524,-82.3071,72,2024-02-27T10:51:20,2024-02-28T18:41:49.457911,-1.8,33.1,111.9,1.3,1.47,21
WE01684,Thunderstorm,CRITICAL,42.337,-85.7906,525,2025-03-31T20:19:55,2025-04-02T08:46:03.614560,23.6,148.0,32.3,0.0,3.1,259
WE01685,Extreme Heat,MEDIUM,44.9146,-85.3469,155,2024-11-09T03:51:25,2024-11-09T11:50:41.089141,13.0,78.2,62.7,5.0,1.91,50
WE01686,Thunderstorm,MEDIUM,29.2181,-105.4098,202,2024-03-09T01:12:58,2024-03-11T16:31:12.243201,17.7,27.7,25.2,0.0,1.67,48
WE01687,Thunderstorm,MEDIUM,32.1133,-92.8388,232,2024-11-05T20:46:27,2024-11-08T02:36:26.618578,11.2,197.5,2.6,0.0,1.86,71
WE01688,Ice,MEDIUM,32.4279,-83.3908,263,2024-03-06T02:22:00,2024-03-08T20:10:07.395322,-0.2,10.0,64.0,0.5,1.88,34
WE01689,Ice,LOW,35.9122,-115.7202,142,2025-05-05T06:15:53,2025-05-08T05:48:36.439801,38.0,195.5,70.0,9.1,1.06,26
WE01690,Hurricane,MEDIUM,39.7086,-77.3885,119,2025-04-26T16:28:00,2025-04-28T21:51:09.604452,-12.7,28.6,183.8,5.3,1.54,44
WE01691,Ice,HIGH,28.7004,-90.3755,404,2026-03-11T14:53:34,2026-03-14T10:49:02.023235,42.4,85.1,83.7,0.0,2.11,204
WE01692,Heavy Rain,HIGH,45.338,-90.2746,226,2025-09-10T14:52:07,2025-09-12T08:49:04.910656,41.2,92.9,133.4,0.0,2.05,91
WE01693,Snowstorm,LOW,31.6571,-120.4959,101,2026-04-23T13:39:06,2026-04-24T11:52:41.128403,-5.9,47.0,98.9,8.9,1.08,21
WE01694,Extreme Heat,HIGH,40.2648,-121.3316,316,2026-01-05T09:37:21,2026-01-06T04:47:36.603417,33.0,181.5,8.1,2.7,2.64,178
WE01695,Extreme Heat,HIGH,31.8074,-115.4757,271,2025-01-28T12:13:18,2025-01-30T10:57:09.716623,21.1,39.7,54.5,0.0,2.29,101
WE01696,Extreme Wind,CRITICAL,38.5021,-79.1536,684,2024-02-26T21:19:16,2024-02-27T18:04:08.108093,-18.0,136.8,109.8,0.0,3.75,536
WE01697,Tornado,HIGH,48.6469,-94.9074,376,2024-10-23T20:51:08,2024-10-25T05:43:32.946191,40.0,93.9,100.1,0.0,2.3,183
WE01698,Extreme Wind,LOW,38.5773,-77.9323,53,2025-03-20T10:59:14,2025-03-22T01:46:55.044242,3.7,89.6,67.2,2.9,1.06,27
WE01699,Fog,MEDIUM,33.611,-110.6523,158,2025-07-08T12:57:42,2025-07-10T05:32:55.815190,-18.8,13.0,192.5,5.3,1.87,64
WE01700,Extreme Wind,LOW,39.1505,-83.4074,134,2024-03-15T06:15:48,2024-03-18T00:42:22.240871,10.3,3.0,44.7,5.0,1.24,9
WE01701,Extreme Heat,MEDIUM,40.8282,-69.4911,216,2025-05-30T15:02:57,2025-05-31T20:37:21.643121,-5.3,56.6,147.9,4.4,1.94,41
WE01702,Snowstorm,LOW,38.4567,-75.3771,59,2025-02-28T10:15:12,2025-03-01T16:56:32.970998,-2.5,165.3,22.0,5.3,1.42,23
WE01703,Hurricane,LOW,46.3562,-123.3094,119,2024-07-12T08:45:52,2024-07-13T20:07:04.991978,40.8,16.3,192.4,5.9,1.21,14
WE01704,Extreme Heat,MEDIUM,40.0386,-73.2967,201,2025-07-25T16:44:57,2025-07-25T23:13:22.815609,41.5,138.2,199.9,4.9,1.57,84
WE01705,Extreme Heat,MEDIUM,34.3383,-112.3449,112,2025-11-09T18:43:41,2025-11-11T09:05:53.537244,37.2,197.0,104.2,7.0,1.65,54
WE01706,Snowstorm,MEDIUM,34.3719,-78.2485,207,2025-09-13T09:53:33,2025-09-15T09:33:28.875946,36.4,195.5,69.8,0.0,1.75,63
WE01707,Extreme Heat,CRITICAL,45.4448,-88.6506,369,2025-11-14T02:34:11,2025-11-15T07:45:30.390200,-4.6,123.9,196.9,0.0,4.36,346
WE01708,Thunderstorm,HIGH,40.1608,-77.3547,420,2025-08-23T15:09:42,2025-08-24T18:54:04.231970,-7.4,99.6,117.1,0.0,2.59,216
WE01709,Snowstorm,LOW,35.1868,-96.5395,72,2025-06-10T16:12:05,2025-06-10T23:25:02.950844,8.6,92.0,124.1,1.5,1.38,28
WE01710,Heavy Rain,MEDIUM,25.8083,-81.3166,138,2024-10-17T05:03:02,2024-10-19T07:53:42.353293,-11.6,105.2,70.0,6.1,1.55,78
WE01711,Extreme Wind,LOW,33.552,-104.6571,141,2026-02-09T19:47:49,2026-02-11T12:33:16.625634,-4.4,18.9,87.9,5.0,1.31,9
WE01712,Extreme Heat,LOW,43.4206,-114.2103,100,2026-02-11T21:00:59,2026-02-12T15:45:37.654253,25.1,164.6,73.7,2.4,1.1,15
WE01713,Snowstorm,LOW,34.6718,-90.3749,74,2025-07-24T15:41:09,2025-07-25T13:42:09.573786,-8.1,139.7,84.9,2.5,1.09,12
WE01714,Tornado,MEDIUM,35.2697,-93.2769,161,2026-03-17T16:00:25,2026-03-18T02:58:06.631743,37.8,149.9,180.5,2.6,1.63,70
WE01715,Tornado,LOW,46.0393,-115.9953,113,2025-02-18T08:04:05,2025-02-18T16:59:22.261421,39.3,187.9,188.8,2.6,1.1,26
WE01716,Extreme Wind,CRITICAL,35.1927,-78.5808,772,2024-05-08T07:58:48,2024-05-10T10:24:33.799185,25.0,84.5,103.2,0.0,3.27,469
WE01717,Extreme Wind,LOW,25.7102,-81.2325,119,2025-10-21T10:29:40,2025-10-21T20:15:20.100544,11.0,167.3,85.8,3.7,1.0,27
WE01718,Tornado,HIGH,40.1858,-71.5603,311,2024-05-02T14:36:43,2024-05-04T19:12:41.044708,44.1,190.2,160.0,1.9,2.17,227
WE01719,Heavy Rain,HIGH,39.9887,-80.7431,268,2025-10-30T22:11:53,2025-11-02T18:31:12.562671,11.1,173.3,77.8,0.0,2.32,122
WE01720,Extreme Heat,CRITICAL,28.3013,-79.9482,341,2024-10-07T07:54:19,2024-10-07T11:06:34.411921,-17.6,26.7,12.7,0.0,3.33,284
WE01721,Heavy Rain,LOW,45.3598,-117.3321,92,2026-04-27T08:45:34,2026-04-30T05:54:03.737878,19.9,26.6,115.4,6.9,1.21,22
WE01722,Extreme Heat,MEDIUM,36.3933,-100.4025,159,2025-04-01T08:24:21,2025-04-02T23:15:54.597115,1.2,36.5,101.9,2.1,1.67,37
WE01723,Snowstorm,MEDIUM,45.2379,-90.8074,143,2025-05-13T23:37:48,2025-05-15T01:21:21.031918,4.6,50.0,77.0,2.9,1.9,84
WE01724,Thunderstorm,LOW,42.3263,-72.0796,96,2024-06-08T09:07:38,2024-06-09T22:17:23.177946,25.1,134.7,9.4,9.1,1.42,24
WE01725,Snowstorm,HIGH,43.9341,-74.139,308,2024-05-04T09:11:07,2024-05-06T10:36:17.534403,-2.5,64.4,46.3,4.4,2.36,205
WE01726,Hurricane,HIGH,41.598,-75.1162,473,2025-05-24T09:44:24,2025-05-27T04:13:00.353500,-14.5,64.8,68.5,0.0,2.33,128
WE01727,Tornado,MEDIUM,45.713,-69.4799,271,2025-04-04T06:15:22,2025-04-07T04:37:30.009058,11.9,157.9,98.8,4.2,1.68,60
WE01728,Extreme Wind,LOW,32.8855,-120.0,90,2025-04-21T02:59:37,2025-04-23T04:36:42.316049,20.9,18.3,35.4,9.9,1.07,12
WE01729,Fog,MEDIUM,36.1445,-85.1279,224,2025-11-23T16:56:40,2025-11-25T04:36:26.882013,-15.2,171.9,187.9,5.4,1.68,60
WE01730,Thunderstorm,LOW,42.5261,-77.4722,73,2025-10-23T22:45:31,2025-10-25T00:57:49.187030,27.9,33.3,184.1,1.8,1.22,10
WE01731,Thunderstorm,LOW,36.0222,-85.0125,138,2024-09-15T20:58:02,2024-09-16T09:55:38.523593,-5.3,155.2,116.3,1.4,1.39,28
WE01732,Hurricane,HIGH,41.5473,-94.2173,385,2025-11-20T14:06:14,2025-11-21T20:59:22.805378,19.7,119.2,122.4,0.0,2.34,167
WE01733,Snowstorm,HIGH,38.7429,-86.093,348,2025-06-30T02:37:17,2025-07-02T18:02:54.713825,-19.5,31.5,80.8,0.0,2.18,202
WE01734,Hurricane,MEDIUM,38.3136,-122.6219,281,2025-11-25T14:12:07,2025-11-28T01:18:47.136829,-1.8,164.6,52.8,4.6,1.57,50
WE01735,Fog,LOW,45.3661,-122.1849,117,2024-03-06T19:06:53,2024-03-07T13:36:40.212678,-13.1,113.0,139.4,7.2,1.23,10
WE01736,Hurricane,MEDIUM,34.837,-81.7738,125,2025-07-01T16:21:49,2025-07-04T11:16:56.421270,12.4,102.9,28.4,6.2,1.87,31
WE01737,Ice,LOW,43.7103,-91.4546,101,2025-11-06T15:45:26,2025-11-09T05:07:52.196835,15.4,66.6,152.2,5.6,1.29,18
WE01738,Heavy Rain,HIGH,37.9032,-99.1034,278,2025-03-02T12:09:56,2025-03-03T20:17:47.157027,20.9,129.7,193.5,2.7,2.81,234
WE01739,Fog,CRITICAL,43.6131,-79.1242,726,2024-03-30T02:27:49,2024-03-30T06:44:56.316423,-11.9,163.1,71.8,0.0,3.47,566
WE01740,Extreme Wind,MEDIUM,28.4441,-88.7925,118,2024-04-26T13:44:14,2024-04-28T17:59:48.325470,24.2,83.1,96.0,3.3,1.68,75
WE01741,Fog,HIGH,31.3286,-91.608,230,2025-09-23T00:36:54,2025-09-24T15:51:13.691390,35.4,26.4,49.9,4.2,2.34,144
WE01742,Fog,HIGH,38.081,-79.0007,407,2025-07-18T09:13:14,2025-07-20T18:26:45.536224,-15.1,61.1,73.6,1.1,2.24,180
WE01743,Extreme Heat,LOW,29.7145,-95.6572,85,2026-03-08T01:13:59,2026-03-09T03:26:33.424940,30.6,142.7,190.3,5.9,1.19,22
WE01744,Fog,LOW,34.8692,-118.6281,79,2024-09-05T12:44:14,2024-09-05T15:19:03.581938,-9.4,15.9,28.2,0.9,1.19,26
WE01745,Heavy Rain,LOW,33.3684,-118.1802,148,2024-02-18T09:00:23,2024-02-21T06:56:47.064859,1.8,3.0,197.7,7.8,1.23,26
WE01746,Ice,MEDIUM,24.0631,-80.46,253,2024-08-09T19:12:15,2024-08-11T16:21:47.614814,-14.4,193.8,143.1,0.0,1.68,31
WE01747,Snowstorm,LOW,40.869,-89.4164,115,2025-11-11T16:16:01,2025-11-14T01:39:02.649842,7.7,152.9,79.7,4.0,1.5,7
WE01748,Extreme Wind,MEDIUM,38.8797,-84.3952,238,2024-02-24T01:23:58,2024-02-25T05:55:56.117456,19.8,20.0,25.9,0.0,1.97,66
WE01749,Ice,LOW,32.1672,-99.6441,65,2024-07-15T02:11:47,2024-07-15T10:33:29.336746,34.4,11.8,119.0,8.4,1.35,15
WE01750,Heavy Rain,LOW,42.8515,-68.9706,87,2024-04-14T10:38:29,2024-04-15T15:05:00.145199,37.2,57.2,147.4,0.1,1.03,12
WE01751,Extreme Wind,MEDIUM,29.7223,-97.6147,256,2025-01-01T14:32:43,2025-01-04T10:03:21.257086,-16.4,23.6,89.8,2.8,1.54,38
WE01752,Ice,LOW,42.7804,-80.4107,101,2025-07-23T01:42:55,2025-07-24T04:56:03.375064,7.7,139.2,9.3,6.4,1.16,25
WE01753,Hurricane,HIGH,29.4766,-79.7269,303,2025-07-16T13:57:08,2025-07-19T06:59:59.291480,-18.9,146.1,73.7,0.0,2.54,127
WE01754,Extreme Heat,MEDIUM,34.2508,-91.3235,228,2025-08-17T17:50:47,2025-08-19T00:55:30.243697,-4.2,25.4,88.0,3.0,1.63,57
WE01755,Heavy Rain,MEDIUM,37.0749,-96.5291,134,2026-05-31T04:24:47,2026-06-01T16:48:45.017270,23.6,76.1,84.4,2.1,1.79,31
WE01756,Fog,MEDIUM,42.3526,-93.3304,104,2024-02-20T07:24:44,2024-02-20T19:31:52.703652,-13.8,27.9,175.4,0.2,1.85,83
WE01757,Fog,MEDIUM,32.4464,-95.6119,258,2024-08-26T08:35:21,2024-08-28T03:53:11.132105,-19.5,87.3,168.0,5.7,1.53,51
WE01758,Hurricane,HIGH,38.5557,-89.7421,239,2025-11-29T22:19:44,2025-12-01T08:02:07.703123,32.8,159.0,44.4,2.2,2.12,125
WE01759,Heavy Rain,MEDIUM,40.0133,-76.3241,288,2025-07-30T06:33:33,2025-07-31T01:38:43.095926,-14.8,169.2,128.1,0.0,1.6,74
WE01760,Hurricane,MEDIUM,38.6488,-89.4863,154,2025-07-31T21:39:50,2025-08-03T06:32:58.815328,25.7,174.1,147.2,0.0,1.63,71
WE01761,Extreme Wind,LOW,40.983,-76.6707,141,2025-11-20T15:15:22,2025-11-21T13:31:42.539595,37.2,20.7,162.5,7.1,1.24,11
WE01762,Hurricane,LOW,41.5264,-72.6417,131,2024-04-29T10:29:47,2024-04-30T05:56:10.698053,4.2,84.5,123.2,3.2,1.16,11
WE01763,Ice,HIGH,38.8086,-79.54,454,2026-06-10T13:21:17,2026-06-11T22:23:43.533937,10.6,146.1,70.0,0.6,2.41,223
WE01764,Thunderstorm,HIGH,30.0792,-103.8419,326,2024-08-01T21:38:44,2024-08-02T04:13:35.993211,27.3,172.7,53.0,0.0,2.27,149
WE01765,Thunderstorm,MEDIUM,32.5642,-89.6229,287,2026-04-02T11:41:42,2026-04-04T05:38:14.389184,31.6,44.4,199.4,0.0,1.74,86
WE01766,Extreme Heat,LOW,35.1544,-96.1441,68,2025-07-24T00:53:08,2025-07-24T04:59:49.876061,-12.3,187.6,168.2,9.8,1.15,23
WE01767,Ice,MEDIUM,37.6825,-84.2561,291,2025-09-10T07:47:05,2025-09-12T23:45:33.005828,18.0,149.2,54.9,2.8,1.59,54
WE01768,Fog,MEDIUM,36.8326,-91.5172,152,2025-05-03T09:08:19,2025-05-05T18:33:38.539274,39.2,36.8,5.5,7.2,1.68,49
WE01769,Thunderstorm,MEDIUM,39.6293,-96.659,144,2025-03-08T22:18:27,2025-03-10T05:16:44.801491,28.7,194.6,6.2,0.0,1.68,51
WE01770,Snowstorm,HIGH,38.8503,-76.9098,269,2025-01-22T18:11:48,2025-01-25T11:52:47.476911,-2.5,54.2,53.0,2.6,2.32,149
WE01771,Snowstorm,MEDIUM,45.7845,-78.4684,107,2024-06-25T05:40:15,2024-06-26T10:35:20.490554,41.3,129.4,30.2,0.6,1.79,71
WE01772,Extreme Heat,LOW,27.8066,-83.3739,116,2024-02-10T06:07:09,2024-02-12T15:35:19.786099,3.7,63.9,117.9,1.9,1.43,8
WE01773,Ice,LOW,40.7401,-120.8386,130,2024-10-16T00:22:26,2024-10-17T15:10:56.109055,18.3,14.6,98.0,4.6,1.33,11
WE01774,Hurricane,MEDIUM,41.8278,-79.4123,288,2026-02-14T05:42:26,2026-02-16T20:59:25.400050,44.3,39.5,84.3,6.5,1.84,72
WE01775,Snowstorm,HIGH,40.289,-104.7409,305,2026-03-15T06:56:34,2026-03-17T23:54:47.335250,17.9,144.5,162.5,3.9,2.35,146
WE01776,Thunderstorm,CRITICAL,37.4291,-116.9396,771,2025-08-24T03:56:06,2025-08-25T06:31:10.589070,17.3,160.0,111.9,0.0,4.42,256
WE01777,Extreme Heat,MEDIUM,40.7379,-97.5396,297,2026-05-22T12:40:35,2026-05-24T02:33:43.891868,16.0,166.8,120.4,5.3,1.62,60
WE01778,Extreme Wind,MEDIUM,43.4458,-96.188,180,2024-07-01T22:26:53,2024-07-04T05:29:21.634324,4.4,51.3,93.5,7.8,1.73,82
WE01779,Heavy Rain,LOW,38.6708,-123.8787,50,2025-02-10T15:44:30,2025-02-10T19:48:04.598975,20.3,189.6,31.1,3.5,1.32,23
WE01780,Extreme Wind,MEDIUM,39.6725,-92.9572,269,2025-02-08T08:18:21,2025-02-08T12:21:58.560710,-8.0,27.0,101.9,6.1,1.68,38
WE01781,Ice,LOW,33.9668,-86.5235,128,2025-11-24T06:16:03,2025-11-26T18:58:51.343898,38.0,37.0,9.0,1.6,1.07,19
WE01782,Tornado,MEDIUM,38.3817,-91.8378,206,2024-11-29T07:45:54,2024-12-02T03:29:53.692168,-6.1,83.6,8.4,6.4,1.89,32
WE01783,Extreme Heat,LOW,38.6552,-86.5188,62,2025-03-19T15:04:39,2025-03-21T05:09:52.216883,31.8,15.0,24.2,8.2,1.2,21
WE01784,Tornado,MEDIUM,44.7632,-97.4597,132,2026-02-02T01:16:14,2026-02-04T13:07:52.790043,29.3,132.7,25.9,6.3,1.65,63
WE01785,Fog,MEDIUM,35.806,-81.2537,265,2024-11-06T23:11:22,2024-11-08T01:01:04.251831,40.0,12.8,162.0,1.1,1.96,73
WE01786,Extreme Wind,HIGH,39.4293,-71.0325,289,2024-07-09T12:15:16,2024-07-11T18:01:54.406823,32.5,62.4,56.8,3.2,2.86,157
WE01787,Fog,MEDIUM,29.789,-93.582,108,2024-07-29T20:19:19,2024-08-01T17:57:35.502693,20.1,60.5,169.6,7.8,1.54,88
WE01788,Extreme Wind,LOW,44.1048,-85.7261,126,2024-04-25T00:51:36,2024-04-26T17:50:11.410550,6.7,166.7,142.5,1.9,1.06,12
WE01789,Thunderstorm,MEDIUM,39.5559,-84.038,214,2025-12-03T05:22:22,2025-12-05T06:45:05.647098,-6.0,180.9,141.9,7.5,1.51,81
WE01790,Thunderstorm,MEDIUM,29.0336,-88.7573,145,2024-09-25T05:05:44,2024-09-25T13:39:15.026001,29.5,88.4,99.6,2.7,1.83,34
WE01791,Fog,MEDIUM,41.3812,-96.948,285,2025-11-22T10:56:52,2025-11-24T23:56:50.558003,36.6,121.3,194.1,0.2,1.72,35
WE01792,Heavy Rain,LOW,28.9296,-100.9821,106,2024-05-16T09:04:33,2024-05-17T08:22:19.789639,16.1,114.4,186.7,8.5,1.24,25
WE01793,Snowstorm,LOW,41.1977,-87.833,90,2025-05-11T11:05:44,2025-05-11T19:17:49.535130,35.2,57.4,198.6,1.3,1.42,26
WE01794,Thunderstorm,CRITICAL,43.1702,-88.6831,403,2025-06-23T16:57:13,2025-06-26T13:32:01.833863,34.6,167.4,199.0,0.0,3.58,259
WE01795,Snowstorm,LOW,37.2601,-79.6536,93,2024-04-10T21:06:15,2024-04-13T17:48:00.293350,0.8,6.0,180.7,7.4,1.46,25
WE01796,Tornado,MEDIUM,34.7648,-99.9442,274,2026-05-04T09:22:47,2026-05-05T08:47:44.430369,-11.4,184.5,69.6,1.0,1.95,76
WE01797,Hurricane,MEDIUM,40.4175,-87.1537,185,2026-04-22T05:36:48,2026-04-22T22:13:19.603881,43.1,194.5,106.4,5.9,1.96,79
WE01798,Snowstorm,MEDIUM,35.9285,-80.0721,291,2025-03-27T01:29:25,2025-03-28T00:07:07.936982,36.7,184.7,133.5,0.0,1.74,85
WE01799,Thunderstorm,LOW,36.1766,-121.006,86,2025-04-10T23:11:43,2025-04-12T12:45:12.596790,30.5,179.5,24.2,8.3,1.35,9
WE01800,Thunderstorm,HIGH,32.1795,-84.5658,395,2024-09-01T16:13:16,2024-09-04T02:49:15.465735,-1.3,13.5,110.9,3.3,2.01,188
WE01801,Snowstorm,LOW,38.0111,-94.6578,95,2024-09-27T10:34:59,2024-09-28T01:11:12.038096,-11.3,90.4,122.4,2.6,1.06,5
WE01802,Extreme Heat,MEDIUM,37.6714,-104.4647,225,2025-07-15T13:24:19,2025-07-18T02:24:47.186482,26.4,3.5,82.2,7.5,1.83,70
WE01803,Extreme Heat,LOW,41.5597,-79.2664,62,2026-03-01T07:47:20,2026-03-02T15:11:29.996197,7.0,1.1,31.7,4.7,1.32,26
WE01804,Snowstorm,MEDIUM,29.5274,-98.6435,137,2024-12-14T08:20:00,2024-12-14T15:57:28.792391,-19.5,15.4,135.5,3.1,1.51,72
WE01805,Extreme Wind,MEDIUM,31.4977,-120.7026,251,2024-07-07T12:43:12,2024-07-08T11:15:53.060664,29.6,137.7,69.9,1.6,1.6,30
WE01806,Extreme Heat,MEDIUM,46.9038,-110.7378,136,2024-11-08T05:05:28,2024-11-08T20:40:49.890774,26.4,87.2,136.4,3.1,1.62,71
WE01807,Fog,LOW,37.8131,-75.7948,64,2024-08-03T17:42:18,2024-08-04T21:09:04.869336,-2.9,36.8,2.5,2.0,1.14,25
WE01808,Heavy Rain,LOW,33.4066,-111.7137,98,2025-01-02T18:09:52,2025-01-03T18:07:07.385028,5.8,106.7,143.9,0.9,1.04,15
WE01809,Heavy Rain,LOW,39.3544,-70.73,89,2026-02-06T10:28:22,2026-02-07T21:02:57.931966,-9.8,1.4,187.8,4.6,1.2,6
WE01810,Tornado,MEDIUM,36.3932,-125.0323,200,2024-02-10T19:56:22,2024-02-13T00:53:26.784590,35.1,0.3,9.5,7.3,1.97,81
WE01811,Extreme Heat,CRITICAL,36.7085,-84.06,496,2025-07-14T15:11:51,2025-07-17T11:13:08.705758,-6.1,1.9,191.9,0.0,4.9,561
WE01812,Extreme Wind,LOW,27.139,-81.6353,111,2026-05-10T15:24:58,2026-05-11T09:41:25.946876,-3.1,136.0,79.2,3.7,1.42,20
WE01813,Ice,LOW,37.1148,-82.6161,51,2026-06-08T00:02:53,2026-06-10T08:34:59.556600,25.2,39.9,17.7,0.1,1.21,13
WE01814,Extreme Heat,CRITICAL,32.9338,-87.3045,611,2025-07-27T02:00:18,2025-07-28T02:28:03.792559,37.4,18.3,150.7,0.0,4.61,469
WE01815,Ice,HIGH,29.6212,-98.3521,225,2025-12-27T02:09:09,2025-12-28T12:46:21.688503,32.7,193.9,191.1,0.0,2.91,132
WE01816,Tornado,MEDIUM,35.8469,-124.6391,214,2026-05-06T22:53:18,2026-05-09T04:16:52.488018,19.5,67.7,138.2,7.2,1.54,71
WE01817,Heavy Rain,MEDIUM,42.2991,-90.8307,246,2024-07-20T14:13:19,2024-07-21T17:06:18.497218,2.7,52.3,88.2,6.8,1.92,49
WE01818,Hurricane,HIGH,41.8214,-88.4629,397,2024-05-13T22:20:46,2024-05-15T01:36:56.401246,-18.3,168.6,69.5,0.0,2.1,134
WE01819,Hurricane,MEDIUM,28.8581,-79.4645,242,2024-04-12T03:16:01,2024-04-14T11:18:31.340186,-17.9,147.7,79.4,7.8,1.54,84
WE01820,Tornado,MEDIUM,38.0991,-98.1267,119,2025-04-25T11:11:37,2025-04-27T02:31:03.846354,17.0,58.7,21.0,0.1,1.6,48
WE01821,Extreme Heat,HIGH,43.59,-85.5988,432,2025-09-10T12:28:47,2025-09-12T17:24:21.756214,6.9,142.6,13.9,0.0,2.53,225
WE01822,Tornado,LOW,30.2035,-85.0699,64,2026-01-13T13:55:43,2026-01-15T00:51:09.571631,16.4,76.1,188.7,5.0,1.08,13
WE01823,Ice,MEDIUM,34.2717,-84.1073,202,2026-03-27T15:21:16,2026-03-30T11:14:59.275727,27.5,56.2,87.1,3.8,1.68,40
WE01824,Heavy Rain,HIGH,42.9049,-69.4128,426,2025-09-30T03:33:07,2025-10-01T12:20:49.953539,-14.3,133.0,9.4,0.0,2.02,221
WE01825,Thunderstorm,CRITICAL,43.4599,-98.0286,421,2025-09-28T00:47:17,2025-09-29T10:40:50.323658,1.2,94.8,106.2,0.0,3.64,564
WE01826,Ice,MEDIUM,43.3865,-90.9166,209,2026-06-12T01:50:40,2026-06-13T08:16:29.897828,32.0,193.4,43.3,2.2,1.83,37
WE01827,Hurricane,HIGH,29.3602,-89.8324,377,2024-04-24T13:37:33,2024-04-26T17:24:05.014853,0.0,180.0,26.1,0.9,2.63,238
WE01828,Thunderstorm,HIGH,40.8587,-86.6746,464,2024-07-13T16:31:15,2024-07-16T06:48:27.391912,21.2,19.1,115.9,0.5,2.56,198
WE01829,Extreme Heat,HIGH,40.9821,-81.3354,492,2025-05-07T11:38:53,2025-05-09T00:03:14.162225,-15.1,145.7,113.0,2.8,2.99,114
WE01830,Ice,MEDIUM,37.0829,-83.6514,208,2024-04-25T05:04:20,2024-04-27T19:20:27.560860,13.9,132.1,94.0,2.5,1.83,82
WE01831,Heavy Rain,MEDIUM,39.2047,-97.0032,193,2025-11-30T00:15:54,2025-11-30T20:41:57.007970,32.0,16.7,166.0,1.3,1.72,81
WE01832,Hurricane,LOW,43.6745,-75.4629,133,2025-12-24T15:31:13,2025-12-25T00:56:50.673893,-8.4,111.1,191.3,2.0,1.02,21
WE01833,Hurricane,HIGH,41.0647,-76.2731,484,2026-03-14T16:34:45,2026-03-15T22:43:24.214298,-18.4,25.6,28.7,0.8,2.02,151
WE01834,Snowstorm,LOW,27.0858,-85.2406,57,2025-06-19T04:26:31,2025-06-19T09:09:27.833457,-18.5,166.9,140.9,0.5,1.46,20
WE01835,Extreme Heat,HIGH,36.0591,-83.7635,266,2024-07-18T08:39:39,2024-07-20T15:02:55.267651,4.0,6.1,27.6,1.0,2.87,129
WE01836,Fog,MEDIUM,31.4471,-98.0805,216,2026-05-06T10:04:55,2026-05-08T22:00:23.109850,40.2,7.0,121.7,5.8,1.82,60
WE01837,Extreme Heat,MEDIUM,43.6818,-80.163,256,2024-10-09T16:04:38,2024-10-11T06:52:20.863634,-1.1,139.5,111.6,2.0,1.99,86
WE01838,Extreme Wind,CRITICAL,30.2529,-104.439,426,2024-07-19T10:41:50,2024-07-19T14:13:20.104380,20.3,3.0,11.6,0.0,4.04,311
WE01839,Fog,HIGH,37.3351,-88.6413,405,2025-11-03T01:10:43,2025-11-04T11:44:07.621648,-10.8,68.6,187.3,0.2,2.1,203
WE01840,Extreme Heat,LOW,43.4184,-74.5692,139,2026-02-20T04:07:14,2026-02-22T02:40:12.347955,42.9,87.5,108.1,6.4,1.41,11
WE01841,Extreme Wind,MEDIUM,48.7038,-106.4901,149,2024-03-27T01:56:26,2024-03-29T02:44:34.495891,34.8,117.0,64.2,0.0,1.63,50
WE01842,Hurricane,LOW,37.7209,-89.0106,111,2024-07-11T21:03:43,2024-07-14T12:32:22.143958,-13.7,23.0,82.5,7.1,1.14,19
WE01843,Fog,LOW,35.5887,-116.9519,141,2026-03-15T20:14:51,2026-03-18T00:55:26.166541,26.3,2.7,17.7,0.8,1.14,21
WE01844,Extreme Wind,LOW,38.3823,-93.2018,94,2024-08-25T16:49:48,2024-08-25T22:23:09.013231,16.8,124.5,99.6,0.5,1.33,12
WE01845,Heavy Rain,CRITICAL,35.8551,-94.8558,574,2025-04-17T10:35:05,2025-04-18T17:09:18.579338,-0.7,188.5,126.3,2.0,4.38,399
WE01846,Snowstorm,LOW,43.4967,-85.4249,137,2024-09-12T18:51:39,2024-09-14T22:08:38.491784,37.3,126.3,116.1,8.2,1.07,7
WE01847,Extreme Heat,LOW,30.5628,-92.954,110,2024-09-08T14:33:57,2024-09-09T18:14:51.020918,7.5,128.5,41.1,2.3,1.23,25
WE01848,Fog,CRITICAL,31.678,-114.8727,626,2025-05-16T05:39:52,2025-05-18T22:35:42.081376,25.5,62.1,0.6,0.0,4.38,452
WE01849,Ice,LOW,34.1598,-107.3431,133,2024-12-16T06:08:29,2024-12-17T18:56:46.014880,17.5,190.9,62.0,5.6,1.18,16
WE01850,Snowstorm,MEDIUM,38.0568,-79.4885,248,2025-06-21T12:40:31,2025-06-22T12:09:29.196419,-8.1,40.2,48.2,2.1,1.85,31
WE01851,Fog,HIGH,41.3188,-88.891,470,2026-03-17T01:54:42,2026-03-17T22:42:31.071964,-1.2,123.5,73.0,0.0,2.68,216
WE01852,Heavy Rain,MEDIUM,40.7026,-96.8303,176,2025-03-17T06:05:18,2025-03-18T00:37:48.042015,20.3,40.2,27.4,0.0,1.53,76
WE01853,Heavy Rain,LOW,33.8626,-77.0308,75,2024-05-02T12:06:37,2024-05-03T00:08:06.189597,-12.3,14.4,166.2,6.1,1.03,12
WE01854,Thunderstorm,MEDIUM,33.2798,-87.5457,136,2025-01-24T07:14:35,2025-01-25T00:52:27.256205,24.6,175.5,156.8,0.3,1.71,79
WE01855,Tornado,LOW,40.1857,-69.0912,148,2024-10-31T22:39:57,2024-11-01T16:34:20.188895,9.1,181.3,91.7,4.7,1.34,10
WE01856,Thunderstorm,LOW,36.7374,-112.2252,123,2026-05-05T16:51:23,2026-05-08T15:59:37.857811,28.5,112.1,156.5,0.5,1.45,5
WE01857,Hurricane,LOW,34.1413,-99.3371,71,2025-03-02T08:16:34,2025-03-04T19:35:48.770687,-2.8,174.9,23.6,9.9,1.18,11
WE01858,Hurricane,HIGH,33.9691,-89.3297,241,2024-07-13T10:41:12,2024-07-13T15:10:56.811608,31.8,61.2,174.4,2.0,2.0,92
WE01859,Ice,MEDIUM,31.8728,-99.1244,292,2025-04-15T10:07:10,2025-04-17T11:12:42.423292,-3.4,17.7,23.3,7.7,1.54,36
WE01860,Snowstorm,HIGH,47.6462,-116.5025,279,2026-04-08T17:30:09,2026-04-10T23:16:58.743714,4.7,156.3,175.5,0.0,2.6,237
WE01861,Hurricane,MEDIUM,34.1684,-119.9093,234,2024-05-25T03:15:48,2024-05-27T10:50:43.922844,38.3,144.8,110.9,0.9,1.51,31
WE01862,Ice,MEDIUM,38.4474,-105.8037,102,2026-02-19T17:17:05,2026-02-20T16:01:20.307340,30.4,33.7,162.9,6.4,1.77,36
WE01863,Fog,LOW,36.4383,-84.0469,76,2024-09-18T23:12:07,2024-09-21T11:31:32.950662,19.4,22.9,22.6,7.5,1.42,13
WE01864,Snowstorm,HIGH,26.1029,-83.0892,367,2026-06-21T00:04:14,2026-06-21T06:49:44.657505,27.9,3.3,38.4,0.0,2.71,213
WE01865,Extreme Heat,MEDIUM,42.5647,-92.2074,174,2024-08-27T12:46:44,2024-08-28T15:53:54.425823,-19.0,113.5,122.1,0.1,1.68,62
WE01866,Ice,LOW,39.8786,-78.9257,65,2024-09-22T22:49:18,2024-09-24T20:37:00.681280,43.7,161.5,57.8,9.2,1.03,15
WE01867,Thunderstorm,HIGH,32.3404,-112.1349,470,2025-06-08T11:22:13,2025-06-08T16:16:17.015885,32.4,123.0,91.0,3.7,2.1,237
WE01868,Snowstorm,LOW,40.6049,-103.4137,52,2026-05-25T13:12:12,2026-05-26T22:38:39.881474,-18.3,133.5,46.4,2.1,1.49,19
WE01869,Snowstorm,LOW,26.1836,-80.6808,64,2024-03-04T23:50:05,2024-03-05T22:21:33.542679,-17.5,96.2,17.2,2.4,1.22,26
WE01870,Tornado,HIGH,34.0424,-86.2118,357,2024-02-14T01:50:25,2024-02-14T12:03:00.660056,5.8,196.7,20.9,0.0,2.33,220
WE01871,Extreme Heat,LOW,38.7472,-95.5973,83,2024-05-06T04:12:27,2024-05-09T01:55:15.167651,1.2,150.8,31.9,2.5,1.07,27
WE01872,Tornado,MEDIUM,43.7509,-117.75,275,2024-03-11T14:56:19,2024-03-14T00:38:04.972060,33.8,91.3,159.9,6.5,1.73,32
WE01873,Thunderstorm,MEDIUM,45.239,-68.7879,194,2026-06-14T23:35:24,2026-06-17T04:02:19.417127,-8.6,5.3,65.2,5.7,1.83,75
WE01874,Heavy Rain,HIGH,38.3307,-99.7097,334,2025-02-15T03:05:14,2025-02-17T15:33:19.817485,-2.9,190.9,25.1,2.1,2.01,176
WE01875,Hurricane,LOW,40.1653,-83.4647,81,2024-11-23T11:30:21,2024-11-26T07:29:28.658540,4.7,174.9,197.8,3.4,1.26,27
WE01876,Ice,HIGH,33.7848,-87.6432,393,2026-06-07T18:49:15,2026-06-10T05:07:51.079589,-2.9,159.8,78.5,3.1,2.79,119
WE01877,Fog,HIGH,27.8085,-83.1266,489,2025-10-09T03:28:51,2025-10-09T08:54:49.884548,29.8,115.1,92.7,3.1,2.49,141
WE01878,Heavy Rain,MEDIUM,36.2597,-94.7087,298,2024-02-17T01:08:24,2024-02-17T21:54:50.919711,6.9,15.3,190.1,0.4,1.98,47
WE01879,Tornado,LOW,42.7698,-85.508,145,2026-02-12T16:12:16,2026-02-13T19:11:41.920815,-1.5,14.5,111.5,3.8,1.03,10
WE01880,Fog,CRITICAL,34.623,-91.8056,357,2026-04-27T12:36:10,2026-04-27T20:19:08.473539,33.8,54.3,28.2,0.0,4.93,425
WE01881,Extreme Wind,HIGH,28.9966,-81.4067,247,2025-03-25T23:44:31,2025-03-28T22:45:54.603328,5.2,45.4,34.9,0.0,2.31,93
WE01882,Fog,HIGH,34.7656,-113.2368,318,2025-04-14T06:53:05,2025-04-16T20:48:35.890077,0.5,66.0,113.7,1.7,2.51,110
WE01883,Fog,LOW,47.765,-95.5854,68,2026-01-20T05:29:16,2026-01-20T11:46:50.774434,30.9,130.7,8.3,0.8,1.32,29
WE01884,Ice,HIGH,44.086,-92.8871,454,2025-01-15T09:42:36,2025-01-17T06:11:13.972767,-0.6,2.1,141.2,5.0,2.44,231
WE01885,Tornado,HIGH,33.2532,-92.0256,209,2025-09-22T20:13:36,2025-09-24T09:34:08.074624,5.9,46.5,111.7,1.3,2.03,223
WE01886,Ice,LOW,44.7544,-73.541,92,2025-04-07T01:08:18,2025-04-09T18:28:14.865127,-17.2,78.7,194.1,9.8,1.39,26
WE01887,Hurricane,LOW,42.2221,-84.5443,129,2025-12-05T13:21:03,2025-12-07T15:14:02.545097,13.1,61.0,35.7,3.9,1.03,15
WE01888,Hurricane,MEDIUM,40.312,-74.0673,286,2024-04-23T08:37:53,2024-04-25T22:25:34.827558,-6.8,12.7,174.9,0.0,1.61,67
WE01889,Hurricane,MEDIUM,39.2942,-92.7706,198,2024-04-03T01:43:11,2024-04-03T13:29:06.039558,-6.1,92.4,5.5,7.0,1.83,60
WE01890,Extreme Heat,HIGH,38.8632,-79.0396,425,2024-09-02T13:39:58,2024-09-04T15:17:31.887279,-8.6,151.6,125.1,0.7,2.83,163
WE01891,Extreme Heat,LOW,48.5569,-116.8972,122,2025-11-13T21:40:51,2025-11-16T13:17:20.910013,14.7,19.5,24.7,8.7,1.26,26
WE01892,Hurricane,LOW,42.4475,-80.3365,148,2025-10-07T15:30:06,2025-10-09T01:03:10.488163,24.1,0.4,161.4,6.0,1.23,23
WE01893,Heavy Rain,MEDIUM,45.3042,-75.0696,238,2026-01-22T06:11:26,2026-01-23T06:43:10.966410,-8.5,26.5,25.6,0.0,1.75,78
WE01894,Extreme Heat,HIGH,44.4145,-83.4036,232,2025-12-22T11:39:31,2025-12-23T17:24:46.307287,23.8,102.7,148.8,0.0,2.81,196
WE01895,Thunderstorm,MEDIUM,37.4395,-92.5466,143,2024-11-12T22:31:45,2024-11-15T16:53:22.667800,15.1,104.1,7.2,4.9,1.65,62
WE01896,Tornado,HIGH,42.1365,-110.0566,478,2025-06-12T11:17:53,2025-06-15T10:06:29.452057,37.0,106.4,189.0,3.4,2.23,226
WE01897,Extreme Wind,LOW,45.7466,-94.5723,50,2024-08-11T04:21:25,2024-08-11T20:34:36.767293,27.5,125.9,144.9,8.0,1.03,8
WE01898,Extreme Wind,CRITICAL,36.3576,-111.4585,568,2025-04-30T13:55:12,2025-05-01T18:40:25.943722,3.9,199.2,5.7,0.0,3.33,400
WE01899,Heavy Rain,MEDIUM,38.491,-75.4655,226,2025-05-11T00:58:40,2025-05-12T11:40:57.164369,31.7,197.1,73.7,2.0,1.83,73
WE01900,Heavy Rain,LOW,35.7022,-86.6121,93,2025-06-20T12:20:51,2025-06-22T13:49:10.467175,22.2,42.3,182.2,9.7,1.2,20
WE01901,Tornado,LOW,40.8071,-72.6616,114,2025-09-11T09:13:57,2025-09-14T03:38:23.018051,45.0,12.4,104.5,8.6,1.01,12
WE01902,Extreme Heat,LOW,36.2559,-87.9589,111,2024-07-22T03:18:55,2024-07-23T16:01:08.255074,8.0,2.7,159.0,9.9,1.26,29
WE01903,Extreme Wind,MEDIUM,44.2694,-76.5621,282,2025-07-29T14:44:23,2025-08-01T07:12:11.690363,-17.3,13.2,160.7,0.0,1.52,88
WE01904,Tornado,LOW,32.5362,-114.9702,85,2026-03-10T23:51:03,2026-03-12T11:05:42.827874,35.7,101.3,115.0,5.2,1.42,29
WE01905,Extreme Wind,HIGH,29.896,-91.3583,208,2026-05-22T11:52:30,2026-05-24T22:27:54.517430,-17.8,157.2,4.8,1.3,2.26,222
WE01906,Tornado,HIGH,49.7264,-98.9926,272,2024-06-13T22:49:26,2024-06-14T20:17:40.367624,1.0,171.3,68.6,0.0,2.85,96
WE01907,Snowstorm,LOW,37.8943,-112.062,93,2025-05-10T17:30:09,2025-05-11T09:56:38.237290,22.3,4.6,93.4,8.4,1.1,28
WE01908,Hurricane,MEDIUM,34.1765,-87.3048,150,2025-01-10T12:38:26,2025-01-13T11:56:36.146216,-3.4,79.7,135.9,5.1,1.54,72
WE01909,Extreme Heat,MEDIUM,41.7162,-76.3855,267,2025-12-25T15:21:28,2025-12-28T08:12:18.870755,23.8,62.1,101.1,4.6,1.76,82
WE01910,Fog,LOW,38.7043,-76.1416,137,2024-07-09T07:56:52,2024-07-11T03:44:43.442067,39.2,37.7,62.9,4.7,1.48,6
WE01911,Fog,CRITICAL,46.024,-114.4388,698,2025-02-19T12:04:00,2025-02-20T14:46:47.121039,1.6,35.9,4.7,0.0,3.75,377
WE01912,Ice,MEDIUM,33.8285,-88.4475,172,2025-11-29T10:09:15,2025-11-29T19:58:46.993584,37.5,70.6,149.3,0.0,1.9,31
WE01913,Ice,HIGH,33.1072,-91.5706,441,2025-01-20T03:05:09,2025-01-21T10:32:47.157914,15.4,162.4,36.1,2.7,2.76,207
WE01914,Hurricane,LOW,35.6237,-85.0554,135,2024-08-06T20:17:56,2024-08-07T18:37:33.217577,-17.9,193.2,34.3,9.6,1.08,20
WE01915,Heavy Rain,MEDIUM,45.3008,-107.4713,281,2024-05-30T09:24:00,2024-05-31T02:15:30.415790,5.5,109.4,29.3,3.8,1.74,38
WE01916,Fog,HIGH,33.6985,-76.1671,419,2024-03-19T14:42:07,2024-03-19T18:27:46.001924,-19.0,60.4,143.3,1.9,2.77,153
WE01917,Extreme Wind,HIGH,36.3283,-83.4916,493,2025-03-26T19:53:15,2025-03-27T13:33:38.861269,27.3,4.4,81.7,1.7,2.31,206
WE01918,Heavy Rain,MEDIUM,43.4898,-72.138,129,2025-08-19T18:08:37,2025-08-21T18:28:48.574084,6.7,86.7,69.0,7.1,1.71,44
WE01919,Fog,LOW,39.54,-120.2149,129,2025-10-11T13:11:35,2025-10-13T18:25:48.915125,-12.5,56.3,180.8,3.7,1.32,26
WE01920,Ice,HIGH,31.4753,-85.6719,432,2025-01-20T16:11:12,2025-01-21T14:48:33.480786,-2.8,185.1,12.2,1.5,2.38,221
WE01921,Thunderstorm,MEDIUM,33.1755,-91.0986,228,2024-09-05T02:02:05,2024-09-06T02:31:29.224313,32.5,97.5,40.0,1.9,1.53,32
WE01922,Tornado,MEDIUM,38.7438,-74.7659,251,2025-05-23T15:41:31,2025-05-26T03:53:58.531550,36.0,156.7,99.2,0.0,1.58,55
WE01923,Extreme Wind,MEDIUM,34.8853,-88.1294,220,2026-06-16T09:44:01,2026-06-19T00:29:22.117033,13.5,18.1,97.7,2.2,1.62,30
WE01924,Hurricane,MEDIUM,36.2475,-80.0286,196,2025-04-30T18:51:26,2025-05-02T17:21:29.760828,26.2,178.5,167.4,3.7,1.63,82
WE01925,Extreme Heat,LOW,36.2427,-118.6914,67,2024-10-21T21:31:41,2024-10-22T20:18:40.838224,22.9,113.3,100.9,0.1,1.41,14
WE01926,Ice,MEDIUM,26.5824,-80.9934,200,2024-09-04T12:42:56,2024-09-06T23:03:12.943277,-4.8,193.8,162.3,0.1,1.93,40
WE01927,Fog,HIGH,37.2595,-76.5348,218,2026-02-13T00:41:08,2026-02-13T17:17:20.920915,26.8,193.2,134.1,0.0,2.97,105
WE01928,Thunderstorm,LOW,40.3376,-91.8324,108,2026-03-10T14:19:58,2026-03-12T08:06:23.675882,-11.6,107.9,152.1,7.3,1.15,27
WE01929,Extreme Wind,MEDIUM,42.8324,-72.4358,201,2025-12-26T04:07:44,2025-12-27T00:17:13.178102,23.8,108.0,125.5,4.5,1.86,35
WE01930,Snowstorm,HIGH,33.1808,-117.831,368,2026-02-13T19:06:34,2026-02-15T11:36:02.635977,-12.5,3.2,158.9,0.0,2.57,205
WE01931,Extreme Wind,LOW,31.3884,-85.4551,102,2025-04-24T07:13:22,2025-04-27T01:36:55.840770,9.8,160.0,35.7,7.1,1.38,21
WE01932,Heavy Rain,HIGH,38.4577,-73.6818,490,2026-02-11T15:18:28,2026-02-14T08:25:56.561710,8.2,167.4,184.5,1.3,2.13,119
WE01933,Extreme Heat,LOW,36.3914,-79.6079,81,2024-02-06T00:04:30,2024-02-06T08:33:12.692252,18.6,170.3,183.0,1.9,1.13,25
WE01934,Snowstorm,MEDIUM,28.3527,-81.4646,244,2024-05-19T21:16:24,2024-05-20T09:19:57.037584,0.2,2.5,144.3,2.3,1.93,37
WE01935,Extreme Heat,LOW,41.4193,-69.1031,135,2025-09-02T21:07:52,2025-09-05T06:26:26.770974,-11.4,24.9,27.6,9.8,1.18,19
WE01936,Thunderstorm,LOW,36.4747,-119.4256,123,2026-02-24T04:20:07,2026-02-25T05:41:30.119682,10.7,15.0,100.1,0.4,1.43,8
WE01937,Hurricane,CRITICAL,36.4645,-80.5352,391,2025-12-11T06:47:37,2025-12-13T01:05:13.531443,11.2,179.2,106.6,0.0,3.37,256
WE01938,Tornado,HIGH,42.5387,-80.2373,405,2025-01-08T23:00:51,2025-01-11T21:10:37.071871,-6.6,26.6,186.4,0.7,2.88,201
WE01939,Fog,MEDIUM,33.0751,-84.8904,274,2024-11-30T05:09:55,2024-11-30T10:49:45.977942,9.7,142.8,19.0,1.8,1.58,65
WE01940,Heavy Rain,LOW,40.714,-76.97,105,2026-06-25T04:38:41,2026-06-27T17:19:01.442793,-5.2,133.9,124.2,7.5,1.05,28
WE01941,Extreme Wind,HIGH,45.2246,-117.033,265,2025-07-02T04:52:57,2025-07-04T01:13:34.991234,22.7,136.0,71.6,0.7,2.18,216
WE01942,Heavy Rain,HIGH,33.0493,-89.1245,489,2024-03-16T14:06:24,2024-03-16T23:52:56.552539,-11.9,29.1,89.2,1.8,2.75,114
WE01943,Fog,LOW,35.3077,-89.1892,59,2024-03-19T12:16:58,2024-03-21T00:16:00.372940,23.6,40.8,95.2,5.6,1.3,5
WE01944,Extreme Heat,HIGH,43.3024,-85.0329,346,2025-03-13T01:43:28,2025-03-15T02:28:08.197469,-0.8,166.9,175.5,3.8,2.76,91
WE01945,Snowstorm,MEDIUM,30.0761,-95.306,103,2026-02-07T18:59:35,2026-02-09T01:52:06.846184,1.6,133.2,47.7,0.3,1.56,34
WE01946,Hurricane,MEDIUM,43.1244,-69.2055,295,2026-01-01T00:44:58,2026-01-03T05:16:26.499517,39.2,118.2,173.0,1.2,1.77,34
WE01947,Thunderstorm,HIGH,41.0479,-112.5703,459,2025-03-19T21:28:18,2025-03-20T16:14:31.389396,-5.5,51.3,2.6,1.1,2.86,122
WE01948,Extreme Wind,MEDIUM,39.166,-82.6116,289,2026-04-13T17:16:53,2026-04-14T03:48:18.237411,10.2,189.1,65.5,7.0,1.95,82
WE01949,Snowstorm,LOW,42.9099,-72.7178,142,2024-01-13T16:52:32,2024-01-14T23:35:08.482520,27.2,151.2,197.5,0.3,1.39,24
WE01950,Thunderstorm,MEDIUM,39.1929,-79.4191,203,2024-06-15T23:46:54,2024-06-17T21:42:54.174722,34.5,170.9,24.9,6.6,1.5,46
WE01951,Fog,LOW,43.5137,-71.6721,140,2025-10-31T10:09:06,2025-11-02T17:52:12.735626,-3.5,147.1,62.9,1.7,1.06,27
WE01952,Ice,HIGH,31.177,-90.2621,361,2024-07-27T01:27:23,2024-07-27T03:45:13.246655,14.2,88.9,111.6,0.6,3.0,144
WE01953,Ice,LOW,28.5912,-83.0945,95,2025-02-14T20:15:51,2025-02-15T12:04:48.860138,-15.4,4.0,29.8,2.2,1.0,27
WE01954,Extreme Wind,LOW,40.6923,-84.9601,111,2025-07-22T05:10:43,2025-07-23T01:22:23.048742,5.2,165.2,3.2,8.0,1.1,27
WE01955,Tornado,HIGH,39.9367,-94.3891,348,2025-09-18T10:24:05,2025-09-18T22:16:15.439683,37.0,72.2,177.5,4.7,2.52,104
WE01956,Tornado,LOW,34.382,-83.2104,80,2025-07-22T11:08:00,2025-07-24T12:33:50.385680,4.5,142.8,181.9,1.0,1.07,11
WE01957,Fog,MEDIUM,40.581,-124.1019,163,2024-03-11T06:45:31,2024-03-13T16:26:12.373450,21.2,18.7,15.9,0.0,1.99,43
WE01958,Fog,LOW,40.7255,-72.8559,77,2025-09-14T06:45:55,2025-09-16T00:09:07.658325,21.7,2.2,136.0,9.6,1.17,21
WE01959,Snowstorm,MEDIUM,41.8557,-102.7943,181,2024-03-20T11:17:48,2024-03-21T10:17:12.288248,1.5,130.5,181.0,0.6,1.63,35
WE01960,Fog,MEDIUM,37.4573,-97.939,175,2026-06-04T21:38:26,2026-06-06T07:31:16.226843,10.9,40.7,102.3,0.0,1.93,42
WE01961,Snowstorm,MEDIUM,38.294,-96.4658,118,2026-05-22T18:03:03,2026-05-24T11:00:46.639561,30.6,44.8,119.1,1.5,1.76,48
WE01962,Extreme Wind,MEDIUM,39.8018,-72.487,277,2024-10-29T09:16:32,2024-10-30T01:22:34.282955,18.9,43.5,77.4,6.3,1.84,52
WE01963,Thunderstorm,MEDIUM,35.3625,-116.3431,112,2025-07-17T03:51:57,2025-07-19T23:14:12.973078,36.1,143.5,146.9,0.0,1.58,46
WE01964,Fog,LOW,40.3918,-75.1581,83,2026-05-09T09:38:44,2026-05-10T03:20:05.511311,14.4,110.7,194.7,7.5,1.2,10
WE01965,Tornado,MEDIUM,44.7368,-121.2307,274,2025-03-24T07:51:04,2025-03-24T21:55:28.788093,25.1,9.9,23.3,6.3,1.6,47
WE01966,Snowstorm,MEDIUM,43.7751,-121.0436,148,2024-04-24T05:27:44,2024-04-26T23:06:06.747354,27.0,65.6,129.9,3.3,1.62,77
WE01967,Tornado,HIGH,39.1281,-118.5485,223,2025-08-23T04:07:41,2025-08-23T10:41:33.799255,29.5,122.6,66.4,0.0,2.35,112
WE01968,Extreme Wind,LOW,44.6935,-72.6454,80,2026-02-22T08:00:31,2026-02-24T05:44:26.168010,24.1,55.7,124.6,1.9,1.13,27
WE01969,Ice,MEDIUM,38.5088,-78.9356,245,2025-11-30T14:25:41,2025-12-01T17:12:27.891015,-4.4,19.6,54.5,4.4,1.7,70
WE01970,Thunderstorm,MEDIUM,38.142,-87.1885,141,2026-05-04T04:09:29,2026-05-07T04:03:48.661784,-12.5,83.8,91.2,1.9,1.59,52
WE01971,Fog,HIGH,32.807,-99.8032,291,2025-03-10T12:44:33,2025-03-11T23:07:37.193139,19.8,55.8,160.1,0.0,2.83,180
WE01972,Fog,LOW,37.5008,-87.4142,104,2024-07-03T13:35:45,2024-07-04T07:11:18.482790,44.1,107.2,197.7,8.7,1.46,13
WE01973,Extreme Heat,MEDIUM,32.4203,-116.0634,285,2024-07-18T20:55:07,2024-07-20T22:30:12.375308,37.5,163.8,56.5,7.6,1.71,62
WE01974,Extreme Heat,MEDIUM,36.1018,-79.6212,288,2024-05-30T04:32:49,2024-06-01T13:15:56.558387,-12.4,30.2,100.3,4.9,1.52,69
WE01975,Snowstorm,MEDIUM,40.5284,-81.3086,253,2025-09-03T21:47:41,2025-09-04T16:14:22.820848,6.2,28.2,193.2,5.7,1.78,84
WE01976,Snowstorm,MEDIUM,32.0599,-99.6177,115,2025-08-02T17:50:32,2025-08-04T20:50:51.595529,24.3,57.8,141.2,0.0,1.87,62
WE01977,Snowstorm,CRITICAL,36.1291,-95.1467,336,2025-06-10T18:00:58,2025-06-12T22:51:18.756078,24.2,78.5,59.6,0.0,4.8,289
WE01978,Thunderstorm,LOW,35.4358,-107.4845,93,2026-05-16T13:28:41,2026-05-18T14:09:10.071232,-15.6,9.7,115.8,5.8,1.38,28
WE01979,Heavy Rain,MEDIUM,44.1986,-123.244,140,2025-07-21T22:47:36,2025-07-24T02:24:29.265971,35.9,155.6,47.5,7.6,1.6,88
WE01980,Hurricane,LOW,29.5571,-88.5658,111,2024-08-12T02:40:37,2024-08-12T16:20:33.413355,-10.7,59.7,48.9,4.3,1.37,18
WE01981,Tornado,MEDIUM,30.6935,-103.6142,261,2024-11-05T05:24:56,2024-11-06T08:52:00.288555,38.5,55.7,89.3,0.0,1.96,59
WE01982,Extreme Heat,LOW,36.5763,-95.9891,111,2026-03-01T21:27:47,2026-03-03T19:58:00.192864,-8.5,97.3,75.8,5.6,1.39,7
WE01983,Ice,MEDIUM,39.8277,-95.0129,180,2025-09-15T12:47:42,2025-09-16T13:12:55.207829,-14.5,170.2,182.7,4.0,1.92,74
WE01984,Hurricane,MEDIUM,41.3857,-87.5089,255,2026-02-15T20:15:20,2026-02-17T03:26:45.385650,9.7,13.7,3.0,2.4,1.88,31
WE01985,Heavy Rain,HIGH,45.5848,-118.6516,278,2024-03-03T12:48:42,2024-03-04T06:11:32.468733,-2.8,49.1,166.8,1.9,2.16,151
WE01986,Extreme Wind,LOW,37.9622,-87.8006,50,2024-03-11T09:01:53,2024-03-12T17:02:56.485843,-19.3,15.4,111.4,3.1,1.05,7
WE01987,Tornado,HIGH,45.6025,-106.6281,343,2024-03-01T10:49:04,2024-03-01T18:54:50.549783,26.3,184.2,118.3,2.3,2.54,146
WE01988,Tornado,LOW,31.3431,-91.6019,122,2024-07-31T21:05:10,2024-08-03T06:31:01.001500,5.5,70.5,68.6,3.5,1.42,11
WE01989,Tornado,MEDIUM,44.2212,-71.8649,240,2025-06-01T08:39:26,2025-06-03T22:53:42.897392,33.8,32.0,68.3,2.9,1.58,61
WE01990,Thunderstorm,LOW,35.7487,-121.2178,67,2026-01-05T22:27:43,2026-01-08T20:09:56.540372,35.1,119.9,152.2,5.1,1.31,17
WE01991,Fog,LOW,34.8638,-105.3235,75,2026-03-17T18:07:36,2026-03-18T08:28:56.102142,4.6,134.5,63.4,7.4,1.16,18
WE01992,Snowstorm,LOW,42.8544,-84.2472,68,2025-12-10T21:46:06,2025-12-12T19:48:07.658324,22.6,185.1,164.9,2.5,1.41,28
WE01993,Snowstorm,HIGH,37.5954,-87.3518,265,2024-08-19T08:54:37,2024-08-21T18:17:49.604073,15.3,139.4,196.0,0.0,2.72,231
WE01994,Fog,HIGH,41.933,-69.7973,362,2026-03-11T19:26:48,2026-03-12T22:32:38.996372,16.9,29.9,185.3,3.9,2.46,162
WE01995,Tornado,MEDIUM,29.7182,-97.4294,162,2024-08-05T03:24:46,2024-08-06T04:01:04.089255,9.4,133.0,148.0,5.8,1.94,52
WE01996,Ice,MEDIUM,42.4693,-104.9399,143,2025-05-24T11:27:10,2025-05-26T05:20:28.547735,-15.9,103.4,116.3,3.6,1.64,59
WE01997,Extreme Heat,MEDIUM,30.1374,-107.9057,167,2025-05-09T19:39:37,2025-05-11T11:49:35.085441,19.0,68.4,142.7,6.0,1.65,60
WE01998,Extreme Heat,MEDIUM,32.7276,-113.0993,136,2024-09-09T10:30:55,2024-09-11T06:45:00.497081,-7.5,29.5,30.4,0.0,1.59,77
WE01999,Hurricane,LOW,50.066,-117.6224,92,2025-09-02T10:24:31,2025-09-04T22:03:17.605312,10.5,184.8,170.6,2.3,1.32,19
WE02000,Thunderstorm,MEDIUM,31.8752,-93.7563,160,2025-04-09T20:15:53,2025-04-10T04:06:36.048445,27.5,26.0,21.2,7.9,1.95,88
WE02001,Fog,LOW,34.9489,-88.5901,64,2025-06-06T12:54:40,2025-06-08T20:43:59.548907,1.2,135.4,159.3,4.5,1.48,6
WE02002,Fog,CRITICAL,37.8934,-74.4496,433,2026-02-27T02:04:24,2026-02-28T10:17:06.066594,-8.5,49.5,124.6,0.0,3.51,312
WE02003,Thunderstorm,HIGH,34.6901,-96.5804,348,2026-03-02T19:31:08,2026-03-04T16:51:11.774848,5.3,188.4,17.1,5.0,2.76,214
WE02004,Tornado,HIGH,39.9686,-76.8826,413,2026-04-06T23:04:02,2026-04-07T07:01:30.441835,36.9,139.2,151.9,0.3,2.88,90
WE02005,Ice,MEDIUM,34.2991,-116.4407,225,2026-01-30T22:48:24,2026-02-01T12:31:59.674749,10.1,70.6,2.9,0.1,1.7,81
WE02006,Heavy Rain,MEDIUM,33.6341,-107.8755,147,2026-05-24T11:20:15,2026-05-25T01:01:20.826135,26.7,101.3,31.0,1.0,1.52,42
WE02007,Thunderstorm,LOW,32.2704,-112.7442,62,2025-04-10T17:00:08,2025-04-12T17:24:58.067677,41.1,164.7,186.4,6.4,1.01,29
WE02008,Ice,CRITICAL,32.2967,-96.2631,517,2026-01-07T17:16:45,2026-01-10T12:20:55.228091,-15.4,110.3,79.8,0.0,4.15,493
WE02009,Fog,LOW,42.1117,-83.5049,80,2024-01-26T20:16:14,2024-01-28T07:09:28.211027,27.3,31.7,164.3,5.7,1.09,18
WE02010,Tornado,MEDIUM,33.3261,-89.7742,146,2025-07-26T05:22:28,2025-07-27T17:32:57.617805,14.8,173.3,169.2,2.7,1.9,37
WE02011,Hurricane,MEDIUM,39.1698,-83.559,202,2025-05-29T13:30:25,2025-05-31T18:32:13.369861,40.4,142.6,64.8,0.0,1.92,65
WE02012,Heavy Rain,HIGH,43.8114,-71.9626,247,2024-06-19T06:21:18,2024-06-21T10:40:54.664252,28.2,106.3,179.8,0.0,2.11,93
WE02013,Heavy Rain,CRITICAL,32.3622,-111.0885,371,2025-10-09T01:44:48,2025-10-09T14:50:50.084149,26.5,127.8,160.4,1.9,4.34,536
WE02014,Thunderstorm,HIGH,36.1934,-79.8889,338,2026-06-25T17:59:35,2026-06-27T08:51:24.695488,-15.7,198.8,18.3,0.0,2.48,237
WE02015,Extreme Wind,HIGH,30.6859,-85.8848,445,2025-04-22T23:03:39,2025-04-24T07:38:07.870944,23.1,198.3,165.0,0.0,2.06,157
WE02016,Fog,MEDIUM,44.1449,-95.486,143,2024-02-11T09:28:40,2024-02-14T05:13:09.891687,-13.6,97.2,124.3,6.3,1.52,47
WE02017,Extreme Heat,HIGH,43.2725,-70.7138,480,2026-01-07T06:00:20,2026-01-09T17:15:46.139474,-10.7,152.6,45.6,3.2,2.82,137
WE02018,Fog,MEDIUM,23.0183,-82.0245,156,2025-02-16T11:41:31,2025-02-17T15:01:04.041832,-15.3,69.7,44.3,0.0,1.7,86
WE02019,Extreme Heat,HIGH,38.1021,-75.9797,418,2026-06-17T15:05:10,2026-06-19T00:23:18.834491,-13.1,4.8,105.8,0.0,2.17,198
WE02020,Hurricane,LOW,42.3383,-79.4792,66,2026-06-16T07:46:16,2026-06-18T19:03:27.989519,43.8,35.7,146.1,3.5,1.45,28
WE02021,Heavy Rain,LOW,45.6741,-92.8398,89,2024-12-19T11:25:34,2024-12-20T06:28:34.025125,30.5,67.9,136.3,5.9,1.38,6
WE02022,Thunderstorm,HIGH,37.388,-107.6192,480,2024-03-20T18:39:33,2024-03-22T13:54:59.051366,16.2,99.1,43.0,4.3,2.77,232
WE02023,Heavy Rain,HIGH,45.4088,-86.072,369,2026-06-25T11:19:28,2026-06-26T04:42:06.902794,28.2,70.9,185.7,3.1,2.06,191
WE02024,Fog,HIGH,41.2051,-85.7555,394,2026-01-16T08:25:44,2026-01-19T00:19:40.082717,18.0,99.1,1.3,2.0,2.4,209
WE02025,Ice,MEDIUM,38.6589,-78.2947,294,2024-09-21T21:09:01,2024-09-22T13:59:39.484106,44.4,170.2,161.9,1.9,1.65,51
WE02026,Hurricane,LOW,47.4578,-119.25,142,2026-03-25T08:47:52,2026-03-26T02:51:19.842698,42.0,53.5,187.5,9.7,1.49,19
WE02027,Snowstorm,MEDIUM,33.6297,-92.8391,193,2025-08-13T14:31:23,2025-08-15T02:46:31.423272,39.8,145.9,36.0,7.3,1.73,72
WE02028,Tornado,MEDIUM,42.6304,-73.9204,190,2024-08-17T13:28:39,2024-08-19T00:31:27.496219,41.6,144.5,187.0,0.4,1.84,89
WE02029,Fog,MEDIUM,49.161,-115.3203,136,2025-01-11T05:44:32,2025-01-12T03:19:37.715860,10.3,10.4,167.1,4.4,1.73,60
WE02030,Ice,HIGH,39.2171,-94.6376,407,2024-02-19T01:02:02,2024-02-20T23:04:21.019992,-13.3,85.3,83.2,4.4,2.97,144
WE02031,Hurricane,MEDIUM,40.8522,-91.6045,290,2026-06-08T10:58:00,2026-06-10T11:11:40.794741,18.0,101.4,77.8,0.0,1.62,78
WE02032,Extreme Wind,MEDIUM,45.4585,-76.6023,281,2024-06-19T17:12:07,2024-06-22T01:03:57.360246,30.5,161.9,10.8,7.6,1.62,58
WE02033,Thunderstorm,MEDIUM,41.8968,-76.4161,285,2024-10-23T08:57:19,2024-10-24T20:14:47.401254,26.4,172.4,52.1,0.0,1.61,69
WE02034,Hurricane,HIGH,43.9072,-116.2552,448,2024-01-30T10:02:10,2024-01-31T14:49:49.469410,19.1,183.6,114.4,0.0,2.16,237
WE02035,Fog,MEDIUM,32.5949,-82.2252,248,2025-11-16T03:06:34,2025-11-17T00:48:29.257708,-18.2,72.0,36.4,5.0,1.64,45
WE02036,Hurricane,MEDIUM,37.3286,-75.2277,206,2025-05-02T07:18:12,2025-05-03T00:12:02.381999,2.4,118.4,137.7,1.6,1.93,76
WE02037,Fog,LOW,35.077,-76.4079,54,2025-10-12T13:15:40,2025-10-14T04:10:16.973842,12.9,178.7,88.9,7.0,1.3,28
WE02038,Thunderstorm,HIGH,42.741,-95.6996,200,2024-08-23T05:45:59,2024-08-24T15:38:42.163480,-4.8,90.9,27.2,0.4,2.42,172
WE02039,Extreme Wind,LOW,40.0565,-74.822,91,2025-10-03T12:16:07,2025-10-04T14:42:23.796604,23.5,189.6,11.8,9.7,1.14,15
WE02040,Hurricane,MEDIUM,40.1136,-84.864,177,2024-11-12T17:37:58,2024-11-13T01:00:37.838480,-2.6,73.3,168.2,5.3,1.92,61
WE02041,Snowstorm,LOW,39.0004,-96.2015,72,2025-09-29T11:58:43,2025-10-01T20:47:44.475547,-7.6,86.5,191.1,6.3,1.45,10
WE02042,Extreme Wind,LOW,41.3807,-78.1006,134,2026-02-18T13:11:13,2026-02-19T02:15:27.423153,20.3,171.9,146.1,7.7,1.13,17
WE02043,Fog,HIGH,31.2432,-93.6561,234,2026-01-02T14:43:33,2026-01-05T06:56:18.183605,44.3,58.8,135.1,0.0,2.12,145
WE02044,Extreme Heat,CRITICAL,39.3516,-121.2376,516,2024-04-06T18:00:52,2024-04-07T15:13:41.424810,8.2,58.1,14.1,0.0,4.42,483
WE02045,Tornado,LOW,42.073,-104.852,137,2024-08-02T12:05:17,2024-08-03T13:58:24.065248,-10.5,123.6,9.6,2.1,1.22,29
WE02046,Thunderstorm,MEDIUM,39.0018,-98.5255,197,2026-03-16T17:54:42,2026-03-18T09:30:51.087917,-2.5,120.5,157.3,4.0,1.58,64
WE02047,Hurricane,LOW,34.654,-95.8555,101,2024-11-18T02:15:32,2024-11-19T10:33:36.600211,37.2,185.5,96.7,8.0,1.41,10
WE02048,Ice,LOW,39.4578,-72.2953,97,2026-05-21T07:22:28,2026-05-22T05:27:42.886149,39.8,93.9,35.4,0.2,1.09,19
WE02049,Heavy Rain,HIGH,31.9927,-87.0499,394,2025-05-19T22:43:29,2025-05-22T21:46:43.076746,29.3,166.5,177.8,0.0,2.01,107
WE02050,Fog,HIGH,47.8948,-109.9005,371,2026-01-13T02:57:46,2026-01-14T14:46:17.230197,30.1,74.9,31.4,1.8,2.95,158
WE02051,Extreme Heat,HIGH,43.9641,-84.4396,282,2026-03-27T07:12:29,2026-03-29T20:46:11.241957,42.3,152.9,23.2,0.0,2.77,238
WE02052,Hurricane,LOW,45.6324,-71.3544,58,2025-08-08T09:02:45,2025-08-10T18:47:48.584827,-1.1,142.2,172.0,2.9,1.44,10
WE02053,Snowstorm,LOW,35.2469,-82.9972,114,2025-05-02T09:32:40,2025-05-04T02:30:07.738303,16.5,27.2,88.5,5.1,1.13,26
WE02054,Heavy Rain,HIGH,31.8082,-91.756,477,2024-09-26T00:42:31,2024-09-27T05:00:52.452207,30.4,41.4,119.8,0.0,2.45,176
WE02055,Fog,LOW,42.4064,-89.9597,137,2025-12-15T01:29:54,2025-12-17T17:18:44.999125,20.5,140.1,50.2,7.0,1.13,15
WE02056,Ice,HIGH,32.3164,-88.1459,464,2026-04-08T04:25:03,2026-04-08T22:01:05.987390,23.2,99.1,106.4,0.0,2.96,157
WE02057,Ice,LOW,43.0404,-73.2026,142,2025-06-15T18:52:34,2025-06-18T08:24:41.971881,-2.0,50.4,175.4,5.9,1.11,20
WE02058,Thunderstorm,HIGH,33.7869,-116.0623,239,2026-04-28T14:32:30,2026-04-28T21:34:42.794804,-12.1,91.9,121.7,3.5,2.53,207
WE02059,Extreme Wind,LOW,28.941,-95.4721,70,2025-07-04T08:46:34,2025-07-04T22:49:51.686571,23.2,116.8,95.9,6.6,1.16,15
WE02060,Thunderstorm,CRITICAL,36.8756,-96.2442,776,2025-02-14T16:08:11,2025-02-15T18:47:50.907121,24.9,189.8,8.3,0.0,4.08,505
WE02061,Extreme Heat,HIGH,41.7778,-88.92,333,2026-01-22T03:32:33,2026-01-23T03:13:49.606685,8.7,53.2,94.6,0.0,2.62,179
WE02062,Hurricane,MEDIUM,41.7464,-85.9602,224,2024-10-25T16:07:39,2024-10-26T01:53:22.057738,0.6,113.9,36.1,0.8,1.72,35
WE02063,Extreme Heat,MEDIUM,27.7869,-79.8098,186,2025-01-17T22:53:58,2025-01-18T10:25:29.589110,11.0,38.5,12.7,0.0,1.98,74
WE02064,Heavy Rain,MEDIUM,28.2739,-91.0548,251,2025-03-09T10:06:44,2025-03-10T19:30:38.768008,26.9,77.3,174.2,0.5,1.61,48
WE02065,Snowstorm,LOW,41.2963,-79.4446,52,2026-05-16T22:58:42,2026-05-18T12:40:48.872424,-12.5,131.6,147.6,3.7,1.16,23
WE02066,Extreme Wind,MEDIUM,33.9009,-92.522,134,2025-04-08T16:51:19,2025-04-10T19:39:18.339063,-9.2,58.6,48.2,7.5,1.79,61
WE02067,Snowstorm,MEDIUM,44.2605,-69.5505,129,2024-12-15T07:39:02,2024-12-18T03:57:44.681865,7.9,136.0,128.2,6.1,1.99,54
WE02068,Ice,LOW,43.41,-71.5447,86,2025-04-07T07:52:30,2025-04-07T23:00:32.101544,37.2,65.7,7.2,8.1,1.22,8
WE02069,Extreme Wind,MEDIUM,39.3607,-117.9242,248,2025-03-24T22:51:18,2025-03-25T09:27:29.174760,37.4,110.0,62.6,5.0,1.54,53
WE02070,Fog,CRITICAL,43.052,-110.7988,486,2024-11-17T23:52:34,2024-11-18T03:36:19.592113,38.0,96.2,23.2,0.0,3.73,311
WE02071,Heavy Rain,MEDIUM,41.2871,-79.9334,117,2026-01-29T15:21:22,2026-02-01T06:28:57.233722,18.2,32.8,111.2,6.8,1.84,82
WE02072,Hurricane,HIGH,37.2313,-117.6867,326,2025-05-07T12:08:08,2025-05-08T19:40:24.082363,-9.7,169.1,84.3,0.0,2.94,208
WE02073,Ice,LOW,35.6101,-124.2137,61,2026-01-15T08:22:05,2026-01-16T20:18:14.082901,8.0,74.9,30.0,1.9,1.16,26
WE02074,Hurricane,LOW,30.4664,-106.9264,74,2025-06-25T20:19:29,2025-06-27T12:58:27.841443,30.4,135.8,6.1,1.1,1.42,28
WE02075,Extreme Wind,MEDIUM,30.1073,-90.6753,258,2026-05-20T16:29:30,2026-05-22T00:10:50.972922,35.5,30.3,183.6,3.5,1.87,89
WE02076,Tornado,MEDIUM,31.6971,-89.7023,176,2025-02-28T19:14:09,2025-03-03T06:36:30.264695,11.2,94.4,146.1,7.8,1.98,76
WE02077,Thunderstorm,HIGH,31.2822,-83.1097,338,2025-03-23T01:33:56,2025-03-25T03:26:36.560831,-17.4,183.4,137.8,0.0,2.15,184
WE02078,Extreme Heat,MEDIUM,32.2558,-97.4122,265,2024-07-08T07:47:45,2024-07-09T23:18:00.816297,-8.2,46.8,180.5,7.1,1.96,89
WE02079,Hurricane,LOW,41.4429,-84.6794,71,2026-06-09T20:45:53,2026-06-10T20:22:19.774337,27.0,119.7,72.5,3.0,1.0,19
WE02080,Thunderstorm,LOW,30.4893,-82.8244,54,2026-04-23T19:37:25,2026-04-26T17:41:54.228853,-9.1,64.7,87.6,4.5,1.09,26
WE02081,Thunderstorm,CRITICAL,41.5841,-82.1196,468,2025-08-12T20:01:30,2025-08-13T05:26:53.443472,34.1,137.3,74.4,0.0,3.35,320
WE02082,Tornado,CRITICAL,36.9494,-78.4062,625,2025-09-04T21:14:09,2025-09-05T23:19:21.133630,-1.7,1.6,134.2,0.0,3.33,502
WE02083,Thunderstorm,HIGH,29.5592,-107.1685,351,2025-06-20T03:33:11,2025-06-22T10:08:39.120277,-10.6,66.1,68.6,0.0,2.3,174
WE02084,Extreme Wind,LOW,45.8353,-120.878,83,2024-08-15T13:01:32,2024-08-16T10:12:58.492991,24.5,36.5,194.4,6.4,1.09,25
WE02085,Snowstorm,MEDIUM,33.1752,-88.9338,249,2025-03-27T04:51:35,2025-03-30T00:04:52.854638,21.5,28.4,168.1,7.7,1.74,47
WE02086,Tornado,MEDIUM,33.562,-84.694,137,2024-03-06T08:21:08,2024-03-07T01:38:46.587142,14.5,170.7,99.0,6.6,1.89,65
WE02087,Extreme Heat,HIGH,43.6409,-79.5745,339,2025-03-22T19:38:10,2025-03-23T03:56:29.154853,24.9,150.6,196.2,0.0,2.31,172
WE02088,Extreme Wind,LOW,37.5563,-84.5806,55,2024-05-02T18:25:51,2024-05-03T02:54:42.760639,-2.1,124.5,4.9,4.5,1.32,20
WE02089,Extreme Wind,HIGH,34.3304,-89.2788,376,2025-06-22T01:22:03,2025-06-23T12:58:45.638864,37.4,144.8,70.8,0.0,2.51,224
WE02090,Hurricane,LOW,27.959,-101.1896,124,2025-11-18T04:58:36,2025-11-18T18:33:14.909182,-8.7,68.2,124.9,2.0,1.49,22
WE02091,Extreme Wind,MEDIUM,40.8266,-75.0024,200,2025-02-02T08:55:27,2025-02-03T05:21:02.871556,-19.8,34.5,155.9,6.5,1.57,65
WE02092,Tornado,CRITICAL,36.3614,-95.8475,705,2026-01-14T05:22:10,2026-01-16T17:08:40.449086,26.5,86.0,64.3,0.0,3.93,357
WE02093,Tornado,MEDIUM,48.2658,-117.5011,191,2024-11-28T10:00:23,2024-11-29T10:11:11.795733,1.3,107.3,98.4,6.1,1.7,54
WE02094,Hurricane,MEDIUM,33.0737,-108.5706,227,2024-11-09T21:38:28,2024-11-10T20:08:43.724453,-1.3,196.8,47.8,0.0,1.74,33
WE02095,Extreme Wind,HIGH,34.2261,-88.5166,224,2026-04-16T15:38:25,2026-04-17T00:32:29.526547,42.8,9.9,138.8,0.0,2.11,91
WE02096,Ice,MEDIUM,34.19,-105.9575,240,2025-02-25T04:33:37,2025-02-27T08:24:37.676961,-7.8,27.6,21.4,2.4,1.75,71
WE02097,Ice,HIGH,33.3456,-88.3453,219,2026-05-23T01:33:01,2026-05-25T00:35:34.748505,23.6,188.0,194.6,0.0,2.45,111
WE02098,Hurricane,LOW,45.8382,-123.1053,115,2025-02-25T22:46:56,2025-02-26T02:40:26.377542,18.6,104.3,173.2,7.2,1.26,20
WE02099,Extreme Heat,MEDIUM,37.5652,-89.1425,260,2024-08-01T05:54:24,2024-08-01T21:21:08.217941,5.4,46.7,67.2,7.4,1.96,83
WE02100,Thunderstorm,CRITICAL,36.837,-84.0754,588,2024-06-18T16:15:43,2024-06-21T01:11:44.804784,6.5,45.3,27.2,0.0,4.87,305
WE02101,Snowstorm,LOW,35.2895,-91.1209,95,2025-01-06T17:04:55,2025-01-08T04:35:37.397225,26.7,193.2,161.1,9.3,1.4,9
WE02102,Tornado,CRITICAL,28.2907,-84.6568,342,2025-01-11T15:29:27,2025-01-14T00:46:39.870573,44.7,186.9,97.0,0.0,4.57,598
WE02103,Tornado,HIGH,37.2715,-84.5575,381,2024-03-19T20:40:20,2024-03-20T20:56:12.543871,-18.4,125.1,188.0,0.0,2.83,188
WE02104,Hurricane,MEDIUM,29.5031,-91.3855,181,2026-04-04T22:39:42,2026-04-06T08:21:10.359131,29.0,183.9,13.8,1.0,1.88,56
WE02105,Extreme Wind,HIGH,36.9144,-99.1184,430,2024-12-16T13:38:55,2024-12-18T04:45:22.275679,-8.3,115.5,114.3,2.7,2.7,125
WE02106,Heavy Rain,LOW,41.8,-92.1244,112,2024-12-27T16:46:34,2024-12-30T08:46:03.701315,26.0,159.3,70.5,7.5,1.09,22
WE02107,Hurricane,MEDIUM,39.1433,-89.2531,132,2024-03-22T13:00:37,2024-03-23T12:59:33.036951,4.0,23.2,6.5,7.2,1.89,67
WE02108,Ice,LOW,41.9423,-96.0205,97,2024-06-04T15:39:02,2024-06-06T19:18:08.592713,-9.2,124.1,123.3,0.5,1.12,27
WE02109,Thunderstorm,LOW,35.3125,-86.5219,132,2025-10-04T00:59:30,2025-10-06T17:40:24.407882,-7.5,30.9,178.7,3.3,1.26,21
WE02110,Tornado,HIGH,34.8174,-79.8917,458,2025-05-28T02:14:19,2025-05-28T04:41:59.971475,13.4,163.7,104.8,0.0,2.31,90
WE02111,Snowstorm,LOW,43.1905,-95.7645,113,2026-01-03T20:29:39,2026-01-04T08:27:36.627209,4.8,159.5,105.9,7.1,1.37,7
WE02112,Ice,LOW,44.5803,-80.4915,121,2024-06-05T04:35:08,2024-06-07T11:43:51.453862,42.5,33.6,83.7,7.5,1.18,23
WE02113,Heavy Rain,MEDIUM,42.8651,-124.4689,169,2024-08-01T13:08:33,2024-08-03T14:48:05.656120,38.0,26.2,37.1,0.8,1.77,33
WE02114,Snowstorm,MEDIUM,48.019,-116.8207,173,2024-01-09T01:10:41,2024-01-10T00:39:37.995192,32.8,114.4,122.3,4.3,1.89,65
WE02115,Extreme Heat,HIGH,38.8636,-87.9707,446,2026-05-04T22:37:50,2026-05-07T15:17:07.167714,-10.4,100.5,26.3,0.0,2.14,195
WE02116,Hurricane,LOW,37.3981,-80.5494,70,2024-09-02T08:28:12,2024-09-02T14:14:44.104436,-16.1,49.2,174.7,0.5,1.39,13
WE02117,Ice,HIGH,34.0006,-107.2407,331,2025-09-24T02:36:33,2025-09-26T13:03:56.918806,40.0,24.0,53.4,1.6,2.94,238
WE02118,Heavy Rain,MEDIUM,43.0813,-73.9812,239,2026-01-08T23:22:05,2026-01-10T06:22:05.403394,44.4,59.4,146.4,0.0,1.65,36
WE02119,Ice,LOW,35.9336,-108.7799,92,2026-01-11T16:34:15,2026-01-14T03:26:27.930951,-8.3,165.7,50.8,2.1,1.44,29
WE02120,Heavy Rain,HIGH,42.0093,-87.7189,277,2024-11-05T20:15:27,2024-11-06T20:34:01.059463,20.7,142.3,2.7,2.7,2.03,175
WE02121,Extreme Wind,HIGH,30.261,-91.813,257,2025-03-22T05:16:16,2025-03-23T14:11:27.056806,-5.0,56.6,70.3,0.0,2.86,209
WE02122,Hurricane,HIGH,43.4624,-125.409,306,2025-05-13T21:59:59,2025-05-14T14:32:23.304346,-14.2,180.3,91.3,0.0,2.78,184
WE02123,Heavy Rain,HIGH,32.9408,-96.5877,470,2025-03-19T09:03:18,2025-03-19T18:15:02.953421,36.1,54.4,177.5,4.7,2.77,106
WE02124,Tornado,MEDIUM,33.442,-98.3559,231,2024-04-01T21:44:27,2024-04-03T07:42:30.892778,18.5,121.5,12.6,0.0,1.9,59
WE02125,Extreme Heat,MEDIUM,41.3987,-116.8261,239,2024-05-18T23:20:14,2024-05-19T13:38:35.614725,-13.4,173.2,196.8,1.5,1.72,81
WE02126,Extreme Heat,LOW,39.7935,-112.4458,52,2026-06-10T21:14:34,2026-06-12T12:32:24.129483,-12.9,126.6,135.4,6.9,1.03,13
WE02127,Ice,MEDIUM,39.0523,-76.2654,222,2024-12-26T17:47:47,2024-12-27T16:06:06.861391,2.1,82.0,127.9,0.0,1.96,73
WE02128,Fog,CRITICAL,43.1215,-96.276,412,2026-04-11T07:55:22,2026-04-13T21:41:02.955983,20.5,60.3,2.1,0.4,4.1,358
WE02129,Thunderstorm,HIGH,31.4327,-88.1622,469,2024-02-27T22:34:45,2024-02-28T10:23:34.321706,-2.6,154.2,153.1,3.0,2.11,212
WE02130,Tornado,MEDIUM,45.6618,-98.253,132,2024-09-28T22:53:16,2024-10-01T13:45:20.369238,12.1,54.6,122.8,0.5,1.72,58
WE02131,Hurricane,HIGH,33.8414,-87.3068,209,2025-10-11T03:52:52,2025-10-11T16:26:11.518309,20.6,100.5,1.6,2.8,2.4,122
WE02132,Ice,HIGH,42.3454,-76.2082,408,2024-09-30T01:52:40,2024-10-01T15:14:27.398127,4.6,159.4,40.4,4.3,2.55,148
WE02133,Fog,MEDIUM,37.6921,-89.5855,214,2024-02-26T10:50:51,2024-02-26T18:20:56.578357,-12.3,151.3,150.5,0.2,1.6,52
WE02134,Heavy Rain,MEDIUM,42.5492,-71.1958,166,2025-09-08T17:01:49,2025-09-09T06:20:23.170623,35.8,191.4,91.8,7.0,1.94,71
WE02135,Ice,MEDIUM,30.9059,-99.7758,192,2026-02-08T13:15:01,2026-02-08T16:01:50.768209,0.5,95.3,101.2,0.0,1.54,54
WE02136,Heavy Rain,LOW,34.9626,-88.3768,75,2024-10-16T10:12:03,2024-10-17T01:00:41.542004,21.7,43.5,20.3,6.3,1.43,21
WE02137,Hurricane,HIGH,30.6254,-94.8737,476,2025-03-25T16:06:39,2025-03-26T11:06:55.052946,38.6,121.4,105.6,4.3,2.16,139
WE02138,Extreme Wind,CRITICAL,40.2343,-82.7065,521,2024-02-28T04:50:25,2024-02-28T19:27:01.130387,-5.6,76.7,112.6,0.0,4.29,551
WE02139,Extreme Wind,HIGH,36.5903,-92.5852,470,2024-01-15T09:30:18,2024-01-18T01:12:51.421940,-2.0,157.1,149.7,3.7,2.99,174
WE02140,Fog,LOW,38.2915,-75.9617,111,2025-04-08T12:52:04,2025-04-11T11:09:17.640706,18.6,175.0,188.2,0.3,1.35,22
WE02141,Hurricane,HIGH,38.7659,-83.494,489,2026-06-01T07:09:11,2026-06-03T08:17:29.779113,17.3,155.2,106.1,0.0,2.7,166
WE02142,Extreme Wind,MEDIUM,43.0936,-83.0179,241,2024-06-15T16:27:34,2024-06-17T07:17:05.280569,0.8,12.2,27.3,3.2,1.82,51
WE02143,Extreme Heat,LOW,37.1972,-77.8719,95,2025-06-04T11:16:31,2025-06-06T22:48:16.399193,39.8,55.7,96.4,7.6,1.07,23
WE02144,Heavy Rain,HIGH,41.7,-95.5744,375,2025-03-18T01:13:38,2025-03-18T10:25:22.235065,2.1,174.8,151.5,0.6,2.94,166
WE02145,Extreme Wind,LOW,37.4846,-87.1125,51,2025-12-06T19:21:40,2025-12-08T22:54:05.255283,23.2,85.3,29.2,7.7,1.08,18
WE02146,Extreme Heat,MEDIUM,39.2684,-88.4168,201,2026-04-23T23:42:36,2026-04-24T21:59:30.849311,6.8,22.7,149.8,0.0,1.57,42
WE02147,Extreme Wind,LOW,39.4191,-75.0421,65,2026-03-25T12:00:42,2026-03-26T05:28:28.798681,42.4,28.0,138.4,2.9,1.21,27
WE02148,Heavy Rain,HIGH,37.6254,-83.6127,412,2026-02-06T06:23:22,2026-02-07T07:58:59.123368,29.5,149.1,21.6,0.0,2.85,217
WE02149,Thunderstorm,HIGH,38.5755,-122.3323,369,2024-07-27T11:20:11,2024-07-27T18:37:53.681990,11.8,146.9,198.5,1.2,2.55,179
WE02150,Thunderstorm,LOW,42.4767,-86.7028,130,2026-02-22T06:24:39,2026-02-22T22:18:57.479229,26.0,120.0,56.2,0.8,1.23,29
WE02151,Hurricane,LOW,42.5894,-96.3496,97,2025-12-28T01:04:44,2025-12-28T05:41:10.143705,-19.2,154.2,53.8,6.3,1.36,6
WE02152,Snowstorm,LOW,34.4278,-118.3933,60,2025-02-27T20:06:13,2025-02-28T01:58:45.176333,-11.1,3.8,1.9,5.9,1.48,21
WE02153,Extreme Heat,HIGH,44.5645,-79.1329,243,2024-10-26T12:31:47,2024-10-27T02:15:23.238866,16.6,2.2,131.5,0.0,2.94,91
WE02154,Hurricane,CRITICAL,42.9002,-90.2848,566,2024-06-23T23:46:32,2024-06-24T06:47:08.402952,-15.6,64.3,148.1,0.0,4.73,374
WE02155,Hurricane,MEDIUM,30.7197,-83.1673,255,2025-05-28T16:47:48,2025-05-30T20:10:57.670580,10.8,123.1,198.7,6.4,1.76,77
WE02156,Extreme Wind,MEDIUM,30.321,-80.3865,209,2024-09-09T10:13:30,2024-09-10T17:50:16.138549,22.8,174.1,67.8,4.6,1.98,70
WE02157,Tornado,CRITICAL,38.6167,-94.528,349,2025-12-13T21:34:17,2025-12-14T17:03:42.046479,15.9,71.6,110.6,0.1,4.66,408
WE02158,Thunderstorm,LOW,42.4322,-75.4653,90,2025-02-03T15:31:47,2025-02-05T03:30:20.924152,-5.3,94.9,119.2,2.5,1.26,24
WE02159,Tornado,LOW,38.0127,-83.8193,85,2024-10-16T06:00:16,2024-10-17T12:02:06.322758,5.2,64.8,179.5,0.5,1.06,9
WE02160,Fog,LOW,34.4534,-103.9746,104,2024-01-22T21:05:48,2024-01-23T18:41:32.774312,4.6,134.8,25.5,4.9,1.39,18
WE02161,Ice,HIGH,30.5571,-109.3054,315,2025-06-07T16:27:10,2025-06-08T01:02:44.216720,38.2,179.8,188.1,2.7,2.2,102
WE02162,Extreme Heat,MEDIUM,35.2021,-95.7691,167,2025-04-03T07:18:05,2025-04-05T06:16:03.771624,32.6,185.1,28.1,1.2,1.95,38
WE02163,Snowstorm,CRITICAL,36.6248,-86.8657,528,2026-06-01T00:25:05,2026-06-01T14:29:37.131911,17.1,18.7,54.6,0.0,4.25,528
WE02164,Ice,LOW,27.5155,-99.313,102,2024-10-27T01:34:29,2024-10-27T11:32:36.656369,35.9,42.2,130.1,1.0,1.41,17
WE02165,Extreme Wind,MEDIUM,41.7111,-115.1926,151,2024-09-29T14:55:28,2024-10-01T03:07:06.022782,-19.3,12.9,111.0,0.4,1.82,42
WE02166,Heavy Rain,LOW,26.7059,-81.1003,137,2025-09-21T21:46:36,2025-09-24T01:00:36.816658,16.1,141.6,72.5,2.3,1.44,10
WE02167,Extreme Heat,HIGH,31.1822,-119.4685,437,2025-10-26T09:55:58,2025-10-28T10:50:08.684094,5.2,152.3,173.4,1.7,2.74,198
WE02168,Extreme Wind,LOW,45.2379,-72.1608,92,2026-03-11T11:03:19,2026-03-12T09:18:26.339945,17.6,20.6,0.3,8.0,1.32,23
WE02169,Snowstorm,LOW,38.2653,-83.8014,77,2025-05-24T09:59:31,2025-05-27T08:32:09.040631,27.6,11.1,145.3,0.2,1.42,25
WE02170,Snowstorm,CRITICAL,41.2756,-72.8537,694,2024-05-14T17:49:06,2024-05-17T06:04:48.762250,16.1,99.7,67.5,0.0,3.28,574
WE02171,Ice,MEDIUM,37.9951,-96.5628,171,2025-09-14T16:08:47,2025-09-16T15:57:10.725492,-18.8,115.7,84.9,7.2,1.92,60
WE02172,Fog,MEDIUM,28.753,-88.8527,253,2024-05-28T04:12:52,2024-05-29T20:09:14.561545,-11.1,173.7,45.0,5.7,2.0,88
WE02173,Tornado,CRITICAL,37.2651,-79.4333,762,2024-10-14T01:08:32,2024-10-16T08:19:41.481081,-8.2,128.0,29.6,1.3,4.57,599
WE02174,Snowstorm,CRITICAL,34.8734,-116.7232,379,2024-08-06T10:23:26,2024-08-08T15:29:28.749135,11.0,29.1,6.7,0.0,4.99,254
WE02175,Extreme Wind,LOW,40.6075,-70.1199,73,2026-01-11T16:46:44,2026-01-13T21:37:11.129332,29.9,57.1,43.5,3.2,1.15,8
WE02176,Snowstorm,CRITICAL,27.1242,-82.2793,432,2025-05-17T16:44:40,2025-05-19T06:46:35.451124,-7.8,66.0,166.3,1.1,3.77,445
WE02177,Extreme Wind,HIGH,31.2615,-78.7568,223,2025-01-20T07:51:56,2025-01-21T21:48:38.908743,-13.4,116.7,12.7,0.0,2.14,183
WE02178,Heavy Rain,HIGH,37.0705,-90.9262,423,2024-01-11T14:38:43,2024-01-13T20:25:26.665437,20.0,14.2,21.0,0.5,2.3,216
WE02179,Hurricane,LOW,37.5369,-94.5079,84,2025-02-09T02:46:47,2025-02-10T02:21:13.359277,31.2,17.2,28.1,6.1,1.07,9
WE02180,Ice,LOW,41.6363,-96.4814,144,2025-08-18T20:41:23,2025-08-21T15:29:50.412286,24.6,135.5,126.0,6.3,1.17,24
WE02181,Extreme Heat,MEDIUM,35.1817,-93.9471,226,2024-12-31T20:52:07,2025-01-01T08:02:00.932726,-14.7,35.5,91.4,4.7,1.88,43
WE02182,Fog,MEDIUM,34.3696,-111.4966,201,2025-11-24T23:30:26,2025-11-26T11:07:07.298985,-10.2,71.0,16.6,1.6,1.95,75
WE02183,Ice,MEDIUM,45.979,-67.3507,253,2025-02-18T18:16:11,2025-02-19T09:46:51.603573,32.2,119.5,151.5,1.1,1.58,32
WE02184,Tornado,CRITICAL,40.8626,-81.5631,431,2025-05-27T01:19:19,2025-05-28T14:51:26.598911,18.8,175.9,193.0,0.0,4.05,389
WE02185,Hurricane,HIGH,41.7411,-85.7278,248,2025-04-14T01:21:24,2025-04-15T14:39:07.018178,39.8,196.8,110.6,0.0,2.14,138
WE02186,Hurricane,MEDIUM,30.6626,-95.3621,146,2026-06-23T19:42:38,2026-06-24T17:22:40.710362,10.1,31.0,180.0,7.6,1.84,47
WE02187,Extreme Wind,LOW,45.1478,-115.4542,132,2026-06-08T22:24:56,2026-06-10T12:23:52.896842,29.1,114.5,59.5,4.7,1.06,28
WE02188,Heavy Rain,LOW,43.8863,-80.5473,137,2024-01-18T18:21:18,2024-01-20T08:50:06.860925,17.6,171.4,171.3,5.9,1.26,6
WE02189,Fog,LOW,36.5502,-76.8564,66,2025-02-10T07:24:29,2025-02-12T17:36:08.434895,26.8,83.6,64.9,3.7,1.07,28
WE02190,Heavy Rain,LOW,29.4828,-85.7343,72,2025-07-12T13:04:24,2025-07-14T11:37:45.744044,-2.5,49.8,197.5,1.1,1.06,16
WE02191,Fog,HIGH,36.9956,-82.9661,340,2025-01-02T01:59:55,2025-01-02T09:31:48.059441,-5.4,141.8,111.6,0.4,2.95,194
WE02192,Ice,MEDIUM,36.2757,-122.8159,127,2024-04-06T12:09:46,2024-04-07T20:39:26.882627,38.8,136.2,195.6,0.0,1.87,72
WE02193,Snowstorm,LOW,41.7441,-105.5078,134,2024-07-02T15:44:30,2024-07-05T15:27:46.594741,-18.0,124.8,143.5,7.8,1.48,14
WE02194,Hurricane,MEDIUM,35.3973,-84.1904,264,2025-12-23T23:10:58,2025-12-26T10:10:50.136482,42.4,100.7,57.8,3.1,1.53,86
WE02195,Extreme Heat,CRITICAL,37.5228,-117.2993,601,2025-04-21T14:34:10,2025-04-23T08:56:11.747886,-6.8,27.2,15.5,0.0,3.8,294
WE02196,Heavy Rain,LOW,44.1714,-84.9896,71,2024-09-05T02:40:29,2024-09-07T10:45:27.243124,35.2,6.4,50.8,3.4,1.48,8
WE02197,Extreme Heat,MEDIUM,36.5033,-76.8278,273,2025-09-21T19:01:36,2025-09-22T06:18:55.497899,21.6,191.8,190.4,1.8,1.95,63
WE02198,Extreme Heat,MEDIUM,42.8571,-69.6899,258,2026-02-19T15:19:15,2026-02-20T03:00:36.539567,-10.3,72.0,33.7,0.0,1.99,42
WE02199,Tornado,MEDIUM,27.9565,-84.2967,229,2025-04-28T02:05:53,2025-04-28T13:43:42.047237,36.6,106.2,62.9,4.1,1.59,89
WE02200,Snowstorm,LOW,41.132,-96.5279,83,2024-07-01T09:34:34,2024-07-04T08:21:38.305575,-12.4,71.4,195.9,1.6,1.22,29
WE02201,Extreme Heat,MEDIUM,28.3161,-95.9866,296,2025-04-03T07:47:56,2025-04-04T09:49:33.522102,-10.1,24.3,17.7,7.3,1.87,86
WE02202,Fog,HIGH,31.5858,-117.0556,425,2025-07-24T23:01:47,2025-07-25T18:01:05.185047,-9.4,98.5,79.6,1.0,2.66,91
WE02203,Tornado,HIGH,31.1867,-90.7926,246,2024-12-09T01:51:23,2024-12-10T09:16:20.397237,14.4,190.1,173.3,2.8,2.96,110
WE02204,Extreme Heat,HIGH,40.3114,-121.5454,204,2024-12-06T09:42:22,2024-12-07T02:28:43.176789,16.6,109.9,45.7,1.5,2.74,212
WE02205,Thunderstorm,LOW,38.011,-78.2997,114,2024-07-26T11:48:18,2024-07-27T09:02:16.236283,-18.8,74.5,181.3,8.8,1.07,13
WE02206,Fog,HIGH,36.3534,-88.5873,299,2026-01-12T19:54:48,2026-01-14T01:21:11.006639,8.7,55.9,75.1,3.5,2.29,147
WE02207,Thunderstorm,MEDIUM,32.6283,-85.8288,168,2024-08-25T23:10:18,2024-08-26T21:30:54.741740,8.5,89.1,169.8,0.0,1.73,40
WE02208,Extreme Wind,MEDIUM,45.431,-94.084,159,2025-12-07T18:50:03,2025-12-09T13:05:09.267099,44.9,77.9,199.0,4.0,1.98,37
WE02209,Extreme Heat,HIGH,37.5254,-96.7799,247,2025-08-03T09:44:37,2025-08-06T09:38:40.305608,-8.7,174.5,95.3,3.8,2.39,219
WE02210,Extreme Heat,LOW,32.8496,-82.2813,120,2025-10-07T23:50:53,2025-10-09T10:19:09.456390,-15.5,85.1,57.0,4.4,1.23,24
WE02211,Fog,LOW,48.907,-117.1702,59,2026-05-03T04:56:47,2026-05-05T13:36:53.718859,10.5,67.0,59.9,3.4,1.08,22
WE02212,Extreme Wind,MEDIUM,35.184,-125.2669,164,2026-01-01T09:44:34,2026-01-02T08:10:03.381830,27.1,149.0,4.7,0.0,1.72,79
WE02213,Hurricane,MEDIUM,28.6473,-95.5285,279,2026-04-15T00:06:42,2026-04-16T18:13:14.182711,22.0,19.3,154.9,6.4,1.95,42
WE02214,Heavy Rain,MEDIUM,34.404,-116.0704,295,2024-12-05T06:58:31,2024-12-07T07:44:11.414550,11.8,115.3,57.2,1.6,1.59,59
WE02215,Extreme Wind,LOW,38.8236,-78.3187,119,2025-01-19T10:10:47,2025-01-19T16:52:41.649019,33.8,42.1,6.6,6.9,1.04,13
WE02216,Hurricane,CRITICAL,42.5356,-76.2192,425,2024-05-07T04:20:46,2024-05-08T01:00:25.638167,6.7,6.4,77.6,1.4,3.59,579
WE02217,Snowstorm,MEDIUM,32.3057,-112.9777,196,2026-03-27T08:18:29,2026-03-27T19:17:00.240711,19.3,81.9,9.8,2.1,1.81,33
WE02218,Heavy Rain,MEDIUM,44.0922,-87.8268,157,2025-11-24T23:58:18,2025-11-25T09:30:45.408064,-0.2,96.8,16.2,5.8,1.84,66
WE02219,Heavy Rain,MEDIUM,37.4816,-105.2229,295,2026-03-31T11:43:16,2026-04-01T23:43:23.358421,38.9,18.5,133.3,5.3,1.66,86
WE02220,Snowstorm,LOW,33.7039,-91.7586,105,2025-07-16T00:19:03,2025-07-17T02:59:49.919882,11.3,54.0,158.5,7.6,1.15,16
WE02221,Thunderstorm,LOW,39.574,-97.2329,112,2024-05-01T07:52:49,2024-05-01T17:15:07.259304,-9.2,124.0,193.5,8.5,1.05,27
WE02222,Ice,LOW,42.9151,-72.9665,122,2026-05-26T09:44:04,2026-05-27T00:46:19.690741,-13.9,58.3,12.3,6.6,1.38,10
WE02223,Extreme Wind,HIGH,39.0303,-112.454,212,2024-06-23T07:26:49,2024-06-24T11:41:25.294742,32.9,110.6,171.0,1.6,2.26,146
WE02224,Fog,LOW,32.1864,-88.8297,107,2024-04-05T22:30:24,2024-04-07T13:57:05.864801,-18.8,163.0,104.0,3.6,1.34,17
WE02225,Ice,HIGH,42.503,-75.4593,341,2026-04-30T17:50:37,2026-05-03T12:40:58.106832,1.6,2.9,119.0,2.0,2.34,197
WE02226,Heavy Rain,LOW,32.2199,-92.6998,63,2026-02-24T05:55:24,2026-02-26T08:20:54.268137,-18.2,51.2,167.8,2.0,1.13,10
WE02227,Extreme Heat,MEDIUM,36.3985,-116.79,287,2024-11-10T00:57:03,2024-11-10T19:33:29.151618,38.8,76.1,58.6,5.9,1.99,53
WE02228,Hurricane,HIGH,32.3011,-87.2599,472,2026-06-08T15:51:57,2026-06-10T17:24:00.509313,-16.1,18.2,146.7,0.0,2.89,203
WE02229,Thunderstorm,HIGH,42.3229,-82.2126,457,2026-04-13T16:08:27,2026-04-15T16:44:32.685899,8.6,195.2,19.5,1.4,2.16,213
WE02230,Heavy Rain,LOW,39.2974,-83.8062,139,2024-08-20T18:54:06,2024-08-23T07:30:00.201570,7.6,94.5,134.7,0.7,1.32,14
WE02231,Extreme Wind,CRITICAL,39.2177,-75.5371,551,2024-09-12T14:23:23,2024-09-13T00:47:00.313427,-13.7,106.1,162.0,0.0,4.8,466
WE02232,Snowstorm,LOW,39.2929,-73.6256,130,2025-05-24T17:06:43,2025-05-27T14:25:56.631212,19.6,167.2,157.2,2.0,1.27,18
WE02233,Heavy Rain,HIGH,44.1559,-97.3079,412,2026-03-19T07:44:19,2026-03-20T23:10:34.904888,23.1,98.5,101.3,0.7,2.6,190
WE02234,Tornado,MEDIUM,39.1702,-69.5769,205,2025-11-17T09:00:35,2025-11-18T02:15:13.095775,-8.2,28.7,127.8,5.5,1.84,35
WE02235,Extreme Heat,MEDIUM,34.0483,-107.3119,257,2024-06-29T13:44:31,2024-07-02T03:31:38.810468,28.7,190.1,39.7,1.4,1.94,71
WE02236,Thunderstorm,MEDIUM,35.9857,-96.2158,130,2024-11-15T01:55:20,2024-11-16T20:47:29.434103,33.7,5.0,97.5,3.9,1.57,49
WE02237,Extreme Heat,MEDIUM,41.773,-78.8701,120,2026-06-24T21:19:16,2026-06-25T13:17:23.940842,-2.9,103.4,110.5,5.7,1.57,52
WE02238,Extreme Heat,MEDIUM,32.9116,-87.8477,246,2026-01-29T08:49:39,2026-01-31T11:21:40.709612,-19.0,76.1,29.4,0.0,1.88,81
WE02239,Tornado,MEDIUM,34.0601,-83.489,267,2024-05-21T06:33:00,2024-05-22T21:07:17.447279,-3.7,180.9,110.8,1.8,1.66,66
WE02240,Fog,MEDIUM,31.4774,-88.5303,216,2026-03-03T20:10:20,2026-03-06T06:18:32.575561,5.1,29.7,115.1,0.3,1.76,84
WE02241,Thunderstorm,MEDIUM,30.9848,-92.0555,282,2025-11-23T00:47:54,2025-11-24T18:00:21.389285,8.2,77.1,120.3,0.0,1.96,52
WE02242,Extreme Heat,MEDIUM,30.5507,-89.2661,223,2024-03-27T10:15:11,2024-03-29T10:09:19.105428,21.4,75.3,13.7,7.7,1.54,46
WE02243,Snowstorm,CRITICAL,41.7325,-90.6812,360,2025-12-05T09:10:53,2025-12-07T02:39:54.432573,25.6,126.6,142.8,0.0,3.95,410
WE02244,Snowstorm,MEDIUM,35.7624,-94.0177,157,2024-07-23T23:14:29,2024-07-26T02:59:47.876893,-10.0,189.6,30.4,2.8,1.66,84
WE02245,Snowstorm,LOW,44.4501,-84.9862,98,2026-03-08T07:15:59,2026-03-09T23:49:39.094896,25.5,9.1,198.8,5.9,1.25,20
WE02246,Fog,MEDIUM,38.5446,-89.4152,211,2025-10-07T08:09:02,2025-10-08T22:06:36.385645,35.7,128.0,185.9,0.0,1.61,85
WE02247,Ice,LOW,42.0822,-78.3889,112,2025-12-10T14:40:53,2025-12-12T07:58:36.456190,14.4,185.1,183.0,5.7,1.16,27
WE02248,Thunderstorm,MEDIUM,40.552,-120.8378,254,2026-05-26T00:07:58,2026-05-27T16:48:46.188375,35.3,82.0,136.6,0.0,1.79,64
WE02249,Snowstorm,HIGH,32.0768,-92.9786,231,2024-03-30T16:34:59,2024-04-01T17:20:13.893248,14.1,128.2,155.0,0.0,2.27,200
WE02250,Ice,LOW,37.5924,-104.8022,143,2026-05-18T01:28:10,2026-05-18T08:37:16.762169,38.1,22.8,56.7,4.7,1.08,27
WE02251,Fog,CRITICAL,34.9457,-117.6799,574,2025-12-19T06:42:45,2025-12-21T07:51:35.503139,24.0,144.3,59.1,0.0,4.01,507
WE02252,Heavy Rain,HIGH,40.007,-93.7465,372,2025-04-23T17:23:38,2025-04-24T11:57:06.809756,-15.4,27.8,191.6,0.0,2.81,156
WE02253,Extreme Wind,LOW,46.6141,-123.0516,128,2024-02-03T19:39:41,2024-02-06T02:10:45.800111,40.0,100.5,166.1,8.5,1.06,26
WE02254,Extreme Wind,LOW,32.9805,-91.7001,118,2025-09-07T02:02:16,2025-09-08T16:24:21.905659,1.6,187.1,179.0,6.9,1.06,15
WE02255,Snowstorm,LOW,36.698,-118.1544,120,2025-01-30T06:51:09,2025-01-31T22:27:52.082857,4.9,82.3,155.1,4.4,1.5,11
WE02256,Extreme Wind,MEDIUM,31.7185,-87.1978,151,2024-01-05T16:25:29,2024-01-07T08:29:10.905100,26.9,191.6,190.9,0.0,1.81,79
WE02257,Thunderstorm,MEDIUM,40.3687,-81.7936,147,2024-12-04T11:56:58,2024-12-07T04:43:10.137583,-2.1,84.6,143.9,0.0,1.92,85
WE02258,Snowstorm,CRITICAL,33.9951,-86.1272,624,2026-06-17T09:00:24,2026-06-20T04:31:27.563348,38.8,94.4,167.7,0.0,4.25,283
WE02259,Heavy Rain,LOW,30.8548,-92.6817,56,2024-04-23T10:44:17,2024-04-25T13:29:14.206860,5.2,175.1,41.9,5.2,1.18,20
WE02260,Extreme Wind,LOW,31.5108,-92.3848,115,2024-03-11T08:31:34,2024-03-12T12:29:52.477246,39.0,193.9,43.0,4.9,1.02,11
WE02261,Snowstorm,MEDIUM,32.3406,-87.6464,207,2025-10-20T04:35:00,2025-10-20T19:27:19.577342,43.5,129.5,83.4,6.8,1.88,62
WE02262,Extreme Wind,MEDIUM,34.1537,-118.6676,223,2025-06-19T04:58:01,2025-06-21T14:14:49.934147,-7.5,95.5,107.7,1.5,1.87,38
WE02263,Fog,HIGH,38.6391,-82.0345,334,2024-04-09T01:08:30,2024-04-09T16:21:03.001224,34.4,148.5,183.8,3.2,2.3,235
WE02264,Thunderstorm,LOW,39.5173,-77.4253,130,2026-04-20T16:02:15,2026-04-21T03:16:33.374392,0.1,41.1,134.0,0.9,1.01,10
WE02265,Ice,MEDIUM,43.3049,-81.0874,239,2024-04-03T14:29:33,2024-04-05T16:44:54.472022,32.3,99.1,172.6,0.0,1.52,63
WE02266,Extreme Heat,LOW,33.4982,-112.8264,140,2024-04-17T05:13:12,2024-04-17T21:18:16.801077,-9.2,142.1,3.8,5.4,1.19,19
WE02267,Fog,MEDIUM,34.2043,-85.793,182,2026-01-03T08:05:24,2026-01-05T15:47:51.623997,0.7,127.9,8.7,5.7,1.56,64
WE02268,Snowstorm,MEDIUM,36.8065,-84.3533,230,2024-02-19T07:09:42,2024-02-19T21:08:12.532961,13.3,1.8,155.9,0.0,1.97,63
WE02269,Fog,HIGH,38.7563,-77.5363,293,2025-03-21T23:31:02,2025-03-22T05:25:24.017070,1.5,184.0,193.1,0.0,2.55,228
WE02270,Extreme Heat,LOW,42.602,-85.9156,104,2025-09-27T03:39:51,2025-09-27T20:53:58.151120,35.0,169.3,129.5,1.0,1.27,23
WE02271,Thunderstorm,HIGH,23.8449,-82.7126,492,2024-10-06T14:11:24,2024-10-07T07:30:55.335761,-19.3,165.6,100.6,0.5,2.22,130
WE02272,Heavy Rain,MEDIUM,38.6936,-75.2838,229,2024-07-29T09:09:14,2024-07-30T01:45:05.747268,24.1,155.3,154.5,0.0,1.82,62
WE02273,Fog,LOW,31.3176,-93.6734,55,2025-10-15T00:13:44,2025-10-16T19:44:36.300306,18.5,125.8,61.6,4.8,1.08,22
WE02274,Fog,LOW,39.3732,-73.2211,86,2025-08-04T16:54:53,2025-08-05T12:38:58.603627,34.1,197.7,173.1,2.7,1.04,5
WE02275,Fog,HIGH,43.874,-68.3721,275,2025-08-17T03:52:25,2025-08-20T03:28:00.244083,-4.3,28.3,53.5,0.0,2.37,235
WE02276,Extreme Wind,LOW,32.3942,-84.4283,117,2025-11-27T18:40:34,2025-11-29T06:41:31.233689,-17.2,80.2,149.1,2.4,1.11,11
WE02277,Extreme Heat,MEDIUM,37.4118,-92.2602,272,2025-08-09T10:05:02,2025-08-10T05:38:08.726601,28.6,0.5,180.5,3.3,1.68,47
WE02278,Fog,LOW,41.7077,-81.4524,58,2025-08-06T13:04:50,2025-08-08T09:17:55.665330,-2.7,97.0,115.5,1.4,1.42,28
WE02279,Fog,LOW,38.9571,-91.3148,116,2024-05-04T15:56:11,2024-05-06T12:37:22.693538,0.4,149.2,34.8,2.4,1.09,15
WE02280,Ice,MEDIUM,36.4825,-86.0355,154,2026-04-17T18:34:16,2026-04-18T01:33:08.383660,22.0,146.2,90.0,6.8,1.66,51
WE02281,Hurricane,LOW,42.6704,-68.9455,129,2024-07-25T14:13:09,2024-07-26T22:38:09.482504,26.3,25.5,141.8,0.6,1.36,6
WE02282,Fog,MEDIUM,37.7759,-86.9294,133,2025-06-24T05:48:04,2025-06-26T01:48:16.090909,-0.2,103.9,83.9,7.5,1.53,31
WE02283,Fog,MEDIUM,37.9094,-84.4168,172,2024-07-03T06:57:54,2024-07-06T03:18:33.409385,5.7,45.5,132.8,0.0,1.91,75
WE02284,Extreme Wind,LOW,34.8057,-120.6562,125,2024-10-04T05:58:44,2024-10-06T04:21:59.366796,11.0,93.2,82.1,6.7,1.03,20
WE02285,Fog,HIGH,41.2581,-75.098,297,2026-04-14T14:26:53,2026-04-16T15:02:21.328406,-5.4,149.9,48.5,0.0,2.62,188
WE02286,Fog,CRITICAL,48.5227,-123.286,405,2025-09-02T14:17:16,2025-09-03T19:44:09.670677,7.8,47.3,45.8,0.0,3.49,300
WE02287,Tornado,HIGH,39.6373,-94.5737,430,2026-04-01T12:40:44,2026-04-02T20:31:51.807859,-1.6,167.3,190.4,0.0,2.07,103
WE02288,Tornado,LOW,46.5374,-95.0324,142,2024-07-16T19:50:36,2024-07-17T10:11:56.417589,9.8,132.0,189.5,9.3,1.34,15
WE02289,Snowstorm,LOW,38.324,-74.3833,78,2024-12-11T22:29:34,2024-12-14T00:30:37.602476,-19.0,47.1,143.6,9.9,1.05,27
WE02290,Tornado,MEDIUM,36.7873,-79.1087,258,2024-01-06T09:29:37,2024-01-07T11:38:10.436687,8.9,160.2,50.4,0.0,1.61,41
WE02291,Hurricane,MEDIUM,29.3613,-88.489,256,2024-02-05T07:38:03,2024-02-06T18:18:23.061023,30.8,90.9,68.3,0.0,1.62,51
WE02292,Extreme Heat,HIGH,43.0993,-95.3024,488,2025-04-08T11:46:42,2025-04-09T21:24:58.934403,44.8,93.8,187.3,2.7,2.45,230
WE02293,Snowstorm,HIGH,43.7877,-118.715,474,2025-12-20T06:02:11,2025-12-22T21:30:40.568467,38.5,113.7,53.6,0.9,2.46,186
WE02294,Extreme Wind,MEDIUM,29.9198,-112.6483,218,2026-04-25T18:23:36,2026-04-27T22:01:33.642689,7.7,71.0,170.4,0.0,1.56,47
WE02295,Heavy Rain,CRITICAL,42.7918,-113.8319,432,2025-10-20T20:38:20,2025-10-21T14:20:30.758118,3.9,97.6,85.9,0.0,4.77,541
WE02296,Ice,HIGH,42.4669,-92.0745,452,2026-04-06T07:55:20,2026-04-08T02:39:45.842097,11.8,176.2,62.7,0.0,2.72,220
WE02297,Tornado,MEDIUM,43.5164,-71.8845,193,2025-08-12T04:27:05,2025-08-12T13:52:59.603483,-10.1,169.5,94.2,4.6,1.74,56
WE02298,Thunderstorm,MEDIUM,34.8268,-95.8721,219,2024-12-22T18:29:49,2024-12-24T12:49:27.636999,10.5,49.0,61.5,8.0,1.92,84
WE02299,Fog,LOW,42.004,-93.9531,50,2025-01-19T11:55:03,2025-01-21T11:19:11.004489,18.9,155.8,47.3,0.4,1.19,18
WE02300,Extreme Heat,LOW,37.0323,-82.0994,89,2025-12-16T13:21:18,2025-12-18T01:26:37.241517,31.6,127.2,29.3,4.2,1.28,9
WE02301,Hurricane,MEDIUM,31.9841,-98.2336,129,2025-06-21T17:46:13,2025-06-22T23:14:21.396972,-8.7,96.7,65.6,3.6,1.63,48
WE02302,Ice,LOW,34.2367,-92.7557,140,2024-08-28T23:20:38,2024-08-29T18:25:18.625901,23.9,49.1,55.8,3.4,1.46,23
WE02303,Hurricane,HIGH,28.9756,-97.3643,398,2025-03-04T04:58:00,2025-03-06T23:27:45.215996,29.8,33.8,196.0,0.5,2.61,103
WE02304,Heavy Rain,LOW,25.7582,-79.8856,112,2024-10-19T19:03:37,2024-10-21T03:23:40.355105,22.6,156.2,3.0,7.3,1.38,14
WE02305,Extreme Heat,LOW,31.0748,-108.8442,149,2024-06-24T07:09:11,2024-06-26T22:35:30.103385,29.9,173.0,52.3,1.6,1.45,7
WE02306,Hurricane,MEDIUM,39.9486,-85.1726,160,2024-02-20T01:08:54,2024-02-20T05:00:15.621034,0.7,106.6,54.6,1.1,1.87,35
WE02307,Hurricane,CRITICAL,42.3341,-95.7194,711,2025-10-13T06:25:20,2025-10-15T19:40:03.340285,15.9,97.5,20.7,0.0,3.34,444
WE02308,Thunderstorm,MEDIUM,39.9146,-72.4189,290,2024-01-25T07:19:03,2024-01-27T21:08:12.411314,42.0,102.8,128.3,0.0,1.76,50
WE02309,Extreme Wind,HIGH,43.5161,-74.9516,254,2025-01-08T20:41:23,2025-01-10T23:48:36.431224,-18.4,46.5,23.6,1.3,2.36,156
WE02310,Snowstorm,MEDIUM,36.1506,-124.2444,101,2024-11-16T03:16:47,2024-11-18T05:19:17.659910,27.1,0.4,46.9,4.7,1.58,36
WE02311,Tornado,MEDIUM,40.856,-76.265,259,2024-04-14T12:47:12,2024-04-14T21:23:26.590670,13.8,125.8,117.2,0.9,1.93,68
WE02312,Extreme Wind,LOW,42.8668,-80.7826,138,2024-06-05T17:42:07,2024-06-06T09:21:22.048113,13.2,118.4,163.8,1.9,1.34,27
WE02313,Fog,LOW,38.4712,-121.7975,89,2024-02-22T03:48:51,2024-02-25T00:07:27.190936,-10.5,4.8,199.2,5.7,1.47,11
WE02314,Extreme Wind,MEDIUM,40.86,-68.9838,159,2025-11-24T12:31:45,2025-11-27T03:44:52.040099,-14.1,84.7,197.5,0.0,1.54,48
WE02315,Tornado,MEDIUM,29.8675,-81.4729,201,2024-03-16T14:47:05,2024-03-19T00:11:59.271256,-15.5,137.6,94.3,5.8,1.53,56
WE02316,Tornado,HIGH,30.0079,-96.0646,206,2025-01-15T04:21:01,2025-01-15T16:07:08.929262,29.6,61.4,192.2,0.0,2.28,129
WE02317,Fog,MEDIUM,36.4318,-98.1354,175,2024-03-09T17:15:53,2024-03-12T14:45:55.908385,14.6,146.6,21.6,3.3,1.66,51
WE02318,Heavy Rain,MEDIUM,40.4438,-75.9816,255,2025-09-16T21:32:21,2025-09-17T10:56:57.226683,12.5,186.1,171.0,3.6,1.59,41
WE02319,Hurricane,HIGH,39.3907,-75.7109,344,2025-11-12T21:43:11,2025-11-13T09:36:39.551813,10.0,121.1,111.4,3.5,2.24,169
WE02320,Extreme Heat,LOW,32.5827,-87.3988,79,2024-12-30T00:48:05,2025-01-01T15:28:30.504855,12.8,108.5,187.8,9.0,1.32,8
WE02321,Thunderstorm,MEDIUM,36.4741,-120.1936,297,2026-04-18T11:42:15,2026-04-20T02:55:50.605762,22.3,193.4,143.5,0.0,1.54,37
WE02322,Tornado,LOW,39.278,-117.7396,63,2024-12-03T12:22:59,2024-12-05T13:06:43.468673,-18.0,190.6,112.1,8.8,1.0,24
WE02323,Extreme Heat,MEDIUM,47.9524,-109.6015,200,2024-03-28T16:23:10,2024-03-31T08:30:40.686928,5.1,87.1,149.4,6.3,1.58,80
WE02324,Heavy Rain,LOW,50.1323,-116.9412,113,2024-08-05T16:37:58,2024-08-06T01:52:32.850158,30.1,127.2,53.9,6.3,1.03,12
WE02325,Extreme Heat,HIGH,42.7426,-68.5446,237,2026-02-21T18:35:55,2026-02-22T08:41:34.266871,44.7,95.9,108.1,0.0,2.22,133
WE02326,Snowstorm,LOW,28.8149,-96.3436,113,2025-03-25T08:31:23,2025-03-27T02:22:04.238957,37.6,87.0,151.6,2.0,1.41,18
WE02327,Extreme Wind,CRITICAL,35.1672,-82.002,411,2024-12-29T18:10:26,2025-01-01T07:16:31.696299,37.9,127.0,130.5,0.1,3.59,533
WE02328,Hurricane,LOW,40.2525,-77.942,65,2026-06-13T22:57:00,2026-06-14T16:07:02.426545,-6.4,5.2,191.7,4.6,1.4,7
WE02329,Thunderstorm,MEDIUM,33.9954,-82.4129,297,2025-05-10T09:35:29,2025-05-11T06:27:57.366643,6.1,16.7,131.7,7.5,1.82,80
WE02330,Tornado,LOW,48.3325,-97.4014,63,2026-06-16T01:49:17,2026-06-17T08:33:52.697151,24.5,61.3,158.4,5.5,1.4,26
WE02331,Extreme Heat,HIGH,43.9083,-87.883,378,2025-05-13T03:15:43,2025-05-14T04:58:57.530083,-1.5,144.7,121.0,0.0,2.94,214
WE02332,Tornado,LOW,44.2821,-76.5261,73,2025-01-03T00:25:21,2025-01-03T02:51:02.157938,4.3,103.6,178.0,9.1,1.31,16
WE02333,Ice,MEDIUM,37.9037,-106.1247,295,2025-04-13T18:35:36,2025-04-14T19:16:50.512365,40.6,197.0,169.7,5.8,1.96,48
WE02334,Extreme Wind,HIGH,41.2013,-114.5307,343,2024-08-10T13:08:09,2024-08-12T23:36:56.790763,-16.0,34.0,143.0,0.3,2.37,181
WE02335,Snowstorm,LOW,27.7725,-98.2001,94,2026-03-20T17:38:52,2026-03-22T16:02:56.673573,17.7,118.5,161.2,4.3,1.07,18
WE02336,Snowstorm,MEDIUM,40.7868,-96.4091,185,2024-12-09T09:04:14,2024-12-10T06:13:31.479548,31.9,64.3,169.0,0.0,1.66,88
WE02337,Extreme Wind,CRITICAL,35.8302,-76.6193,535,2025-10-04T10:38:31,2025-10-06T08:35:51.720068,-5.1,101.7,103.3,0.0,4.76,485
WE02338,Extreme Wind,LOW,42.5638,-77.4897,88,2025-04-11T19:29:15,2025-04-14T16:06:30.328373,-1.0,115.1,88.4,7.3,1.49,28
WE02339,Hurricane,LOW,36.6264,-83.4908,97,2025-03-03T10:28:54,2025-03-05T15:47:23.287134,-0.3,51.4,74.0,3.8,1.09,6
WE02340,Ice,HIGH,32.621,-82.6975,402,2024-04-04T16:39:55,2024-04-07T08:58:26.265862,27.4,127.7,30.1,1.3,2.86,192
WE02341,Extreme Wind,MEDIUM,35.3979,-87.7462,113,2026-05-14T19:57:20,2026-05-15T04:22:33.172415,12.4,86.0,111.3,2.0,1.57,49
WE02342,Thunderstorm,LOW,42.0473,-86.8694,67,2024-09-29T01:26:18,2024-09-30T02:11:11.879824,-11.7,195.5,27.7,8.2,1.13,15
WE02343,Hurricane,MEDIUM,40.6092,-97.8632,293,2025-10-25T15:11:31,2025-10-26T06:51:02.797323,44.1,8.5,134.7,5.0,1.55,35
WE02344,Fog,MEDIUM,46.1256,-80.5417,212,2026-05-13T11:36:53,2026-05-13T15:18:29.098713,15.8,148.7,13.3,0.0,1.83,71
WE02345,Snowstorm,LOW,32.8461,-96.5,107,2026-02-08T22:04:56,2026-02-11T08:43:28.993654,26.8,187.1,7.3,2.7,1.35,24
WE02346,Snowstorm,LOW,30.7849,-115.0376,79,2024-03-13T19:57:56,2024-03-16T00:39:10.528509,1.5,20.5,41.8,5.4,1.35,27
WE02347,Fog,MEDIUM,28.2659,-85.1465,110,2025-06-19T00:42:55,2025-06-20T00:12:42.385705,1.0,94.6,41.4,0.0,1.95,71
WE02348,Tornado,LOW,45.5175,-95.9677,52,2025-08-15T02:28:28,2025-08-16T11:48:44.255885,27.7,13.0,155.2,4.2,1.35,12
WE02349,Thunderstorm,CRITICAL,40.1105,-84.457,638,2026-03-25T17:24:00,2026-03-26T00:06:05.624756,8.9,178.9,23.4,0.9,4.44,349
WE02350,Heavy Rain,LOW,30.1481,-96.8564,130,2025-05-10T03:16:54,2025-05-12T10:19:18.612643,0.5,42.8,115.2,9.1,1.01,12
WE02351,Tornado,MEDIUM,38.666,-82.1222,271,2025-10-08T17:42:26,2025-10-10T06:15:22.368093,36.1,12.6,174.8,7.0,1.76,60
WE02352,Extreme Heat,CRITICAL,40.2009,-88.7699,564,2025-09-26T05:00:19,2025-09-28T07:09:11.702058,-18.7,131.4,174.1,0.0,4.76,330
WE02353,Thunderstorm,LOW,33.3324,-83.9513,124,2024-08-19T19:14:08,2024-08-20T16:08:12.400793,5.5,120.6,55.3,1.8,1.44,27
WE02354,Hurricane,HIGH,47.5897,-120.0756,476,2025-04-10T20:39:12,2025-04-12T12:00:36.700961,-0.4,194.6,146.6,4.5,2.68,185
WE02355,Extreme Heat,CRITICAL,36.4478,-108.4577,684,2025-08-07T19:27:11,2025-08-09T08:28:33.741370,28.9,124.6,153.9,1.1,4.52,574
WE02356,Fog,HIGH,37.2282,-91.1103,439,2024-10-12T15:30:18,2024-10-12T22:57:18.992874,-10.2,48.7,106.7,0.0,2.94,191
WE02357,Thunderstorm,MEDIUM,41.1202,-98.0514,287,2026-04-15T15:25:09,2026-04-16T13:29:26.794391,27.9,141.9,62.4,0.6,1.73,61
WE02358,Snowstorm,MEDIUM,30.8082,-111.8761,115,2026-01-05T14:03:40,2026-01-06T02:25:53.746765,42.5,29.7,63.4,1.4,1.95,49
WE02359,Fog,CRITICAL,32.2137,-115.4957,309,2025-01-09T07:56:42,2025-01-11T05:09:01.437318,28.6,78.9,172.5,0.0,4.88,586
WE02360,Fog,LOW,27.9625,-96.6444,52,2024-12-16T01:27:13,2024-12-17T23:15:39.934719,-6.5,178.9,60.7,7.6,1.48,14
WE02361,Tornado,LOW,45.5196,-72.4618,130,2025-04-12T04:15:58,2025-04-12T06:27:26.136700,32.7,141.5,165.4,8.6,1.24,11
WE02362,Snowstorm,LOW,41.7751,-92.0768,148,2024-08-12T05:49:23,2024-08-12T21:08:05.695796,-1.8,16.6,91.8,6.4,1.07,11
WE02363,Snowstorm,CRITICAL,44.4672,-73.1619,400,2025-12-20T06:49:44,2025-12-22T11:01:32.840669,24.3,66.9,154.4,0.0,3.63,249
WE02364,Ice,CRITICAL,43.753,-80.1844,715,2024-03-30T12:22:33,2024-03-30T14:37:06.291545,-18.9,153.4,87.0,0.0,4.49,333
WE02365,Hurricane,LOW,43.1693,-108.0441,141,2026-05-23T15:16:04,2026-05-26T13:23:38.640476,-9.3,63.4,153.5,3.1,1.02,10
WE02366,Extreme Wind,LOW,33.9639,-78.718,70,2025-10-03T01:43:54,2025-10-05T20:57:08.457012,-16.5,101.8,82.2,1.8,1.07,21
WE02367,Heavy Rain,CRITICAL,40.6762,-81.0208,383,2025-10-09T00:32:19,2025-10-11T14:13:25.682786,-5.0,168.3,57.4,0.0,4.45,334
WE02368,Thunderstorm,HIGH,27.2659,-84.2344,385,2026-05-15T17:09:22,2026-05-18T03:03:29.123407,-18.9,53.7,195.4,1.3,2.93,160
WE02369,Thunderstorm,LOW,42.0072,-70.6926,143,2026-04-03T07:31:37,2026-04-04T01:34:05.931839,37.0,2.1,13.5,9.3,1.35,29
WE02370,Ice,LOW,34.4544,-122.5651,98,2024-07-27T07:20:24,2024-07-30T00:22:43.779074,13.6,157.9,19.8,2.6,1.42,6
WE02371,Heavy Rain,MEDIUM,43.035,-77.8131,258,2025-08-26T09:18:42,2025-08-26T16:50:07.103191,13.7,74.6,149.4,0.0,1.98,66
WE02372,Tornado,LOW,37.5401,-92.1173,98,2025-01-12T06:25:18,2025-01-12T12:18:22.144306,9.0,34.4,12.8,8.7,1.38,6
WE02373,Thunderstorm,HIGH,33.182,-116.1617,280,2025-01-31T02:55:36,2025-02-01T11:33:24.213087,31.4,181.0,137.5,0.0,2.23,125
WE02374,Snowstorm,LOW,48.2481,-118.7762,135,2024-11-11T20:56:34,2024-11-12T17:51:45.614458,44.4,176.6,3.3,5.6,1.43,9
WE02375,Thunderstorm,MEDIUM,40.4152,-73.3341,252,2025-05-28T01:05:48,2025-05-29T02:34:26.500847,18.6,30.1,70.7,0.3,1.73,75
WE02376,Extreme Wind,MEDIUM,41.4144,-68.6756,177,2024-05-02T19:57:33,2024-05-03T04:36:26.303627,4.2,118.3,109.0,3.4,1.64,75
WE02377,Heavy Rain,LOW,42.9017,-96.0382,60,2025-11-29T17:16:05,2025-12-01T09:46:55.060423,25.8,23.7,189.9,6.0,1.12,28
WE02378,Extreme Wind,LOW,44.0179,-80.643,74,2025-07-30T10:46:18,2025-07-31T06:25:46.467363,20.1,113.8,87.0,2.2,1.3,19
WE02379,Ice,MEDIUM,34.5514,-86.2941,121,2024-05-23T15:18:27,2024-05-25T22:02:22.785391,30.2,138.9,84.9,0.0,1.59,87
WE02380,Snowstorm,MEDIUM,31.4864,-115.7917,299,2026-04-12T01:56:24,2026-04-13T00:53:08.378347,-3.7,33.6,154.5,5.8,1.92,71
WE02381,Tornado,LOW,40.5161,-78.0283,134,2024-10-22T21:40:10,2024-10-24T23:03:40.050399,32.0,24.6,141.8,9.5,1.25,13
WE02382,Extreme Heat,MEDIUM,37.4581,-75.7281,158,2024-03-21T01:25:29,2024-03-22T11:16:00.388497,30.6,64.2,84.3,4.5,1.88,34
WE02383,Extreme Wind,LOW,37.2861,-74.557,112,2025-02-21T00:58:24,2025-02-21T16:16:45.536448,14.5,156.4,119.3,9.7,1.46,15
WE02384,Snowstorm,MEDIUM,38.9429,-112.754,130,2025-08-08T21:50:28,2025-08-11T13:43:27.150034,7.0,73.6,91.1,7.6,1.98,72
WE02385,Extreme Heat,LOW,39.6783,-117.5019,71,2024-03-02T10:26:22,2024-03-04T21:41:24.749785,3.3,22.9,119.4,1.2,1.28,10
WE02386,Thunderstorm,MEDIUM,43.4958,-80.3376,255,2024-04-23T01:35:47,2024-04-25T01:06:30.104317,7.9,86.1,0.9,3.8,1.73,55
WE02387,Hurricane,LOW,40.6933,-98.8405,52,2024-10-19T07:14:09,2024-10-21T01:18:45.610258,17.1,64.4,152.7,6.0,1.05,19
WE02388,Heavy Rain,HIGH,39.4083,-81.2485,266,2026-05-18T03:27:21,2026-05-20T05:45:53.602287,-6.8,91.8,74.6,0.9,2.79,104
WE02389,Extreme Wind,HIGH,29.0349,-105.1929,431,2024-12-03T02:57:44,2024-12-04T02:31:14.734189,3.6,8.6,157.2,0.7,2.69,184
WE02390,Hurricane,MEDIUM,43.7276,-73.6211,140,2026-01-14T17:06:41,2026-01-16T07:38:07.791722,-14.0,197.9,47.2,7.5,1.85,72
WE02391,Snowstorm,MEDIUM,43.8627,-85.1792,175,2024-11-20T11:56:58,2024-11-22T00:05:04.218067,39.0,19.5,120.5,2.8,1.51,81
WE02392,Heavy Rain,HIGH,41.2659,-96.3096,245,2025-06-01T05:48:33,2025-06-03T01:11:35.620780,6.2,13.3,54.0,0.0,2.6,150
WE02393,Extreme Heat,CRITICAL,33.6005,-117.9751,711,2025-04-15T23:40:07,2025-04-17T01:15:49.106925,42.0,88.1,0.3,0.0,4.48,300
WE02394,Thunderstorm,LOW,38.9452,-77.7256,135,2024-01-24T19:40:55,2024-01-25T01:13:48.371746,3.5,4.1,88.7,8.5,1.41,25
WE02395,Thunderstorm,LOW,45.6855,-96.054,84,2024-11-25T00:45:57,2024-11-26T02:47:22.809081,24.2,143.5,195.2,1.0,1.41,23
WE02396,Ice,CRITICAL,37.8087,-85.9711,674,2024-10-22T04:35:48,2024-10-23T11:17:03.171115,-9.9,45.2,45.6,0.0,3.75,563
WE02397,Extreme Heat,HIGH,43.8871,-95.547,248,2024-07-01T05:51:53,2024-07-04T05:23:55.753629,5.8,34.3,65.0,0.5,2.23,230
WE02398,Extreme Heat,LOW,32.495,-119.3009,57,2026-01-13T23:27:51,2026-01-16T18:27:25.107029,0.0,39.2,146.0,8.9,1.46,27
WE02399,Snowstorm,LOW,32.9753,-84.5463,131,2025-01-11T20:31:45,2025-01-14T15:54:07.410350,0.2,148.2,32.2,2.2,1.35,7
WE02400,Extreme Wind,MEDIUM,27.1219,-94.9992,234,2024-11-13T16:48:09,2024-11-14T10:54:27.835285,31.8,95.7,163.4,3.4,1.8,74
WE02401,Tornado,LOW,43.5202,-67.4438,55,2025-09-08T03:30:53,2025-09-10T10:14:27.467506,0.8,176.7,168.2,6.4,1.2,22
WE02402,Tornado,CRITICAL,35.5006,-123.9502,765,2025-01-06T18:54:17,2025-01-09T16:25:10.984468,26.8,118.4,169.8,0.0,3.64,495
WE02403,Extreme Wind,HIGH,30.9427,-85.506,418,2026-05-07T15:00:28,2026-05-10T00:47:19.852430,-7.8,5.2,138.6,0.0,2.73,201
WE02404,Extreme Wind,HIGH,31.1822,-79.5033,298,2025-05-14T14:40:35,2025-05-15T21:29:01.883763,-3.3,188.5,71.9,0.0,2.87,229
WE02405,Extreme Wind,MEDIUM,35.2129,-122.2587,243,2025-03-15T17:12:42,2025-03-17T02:33:20.119657,37.1,18.9,183.5,0.0,1.56,58
WE02406,Thunderstorm,CRITICAL,33.2519,-107.8693,686,2025-08-14T08:05:54,2025-08-16T10:20:09.667084,10.1,72.4,191.5,0.0,3.42,597
WE02407,Extreme Wind,HIGH,33.1031,-87.5208,399,2025-12-25T07:04:37,2025-12-25T11:48:35.014058,-15.9,7.7,55.3,2.5,2.12,109
WE02408,Heavy Rain,MEDIUM,40.1166,-92.2186,123,2026-04-08T23:55:07,2026-04-09T02:23:46.578603,11.0,185.1,185.1,5.5,1.65,71
WE02409,Thunderstorm,MEDIUM,26.7769,-78.9609,228,2025-07-12T02:10:01,2025-07-14T23:34:44.577916,3.7,143.5,100.3,4.3,1.73,60
WE02410,Thunderstorm,MEDIUM,42.7662,-111.3757,114,2025-04-24T02:48:58,2025-04-24T18:08:59.999221,-10.9,148.8,47.1,5.8,1.66,48
WE02411,Heavy Rain,LOW,36.1669,-88.6548,85,2025-02-10T07:43:27,2025-02-10T21:47:50.236706,5.5,197.1,77.0,6.4,1.24,18
WE02412,Hurricane,LOW,29.7927,-96.363,65,2025-07-12T16:31:23,2025-07-14T14:22:42.557146,-13.7,95.8,14.7,6.5,1.17,13
WE02413,Extreme Wind,HIGH,43.2796,-94.9643,258,2026-03-07T15:11:10,2026-03-09T16:37:44.249834,6.3,1.7,180.7,1.7,2.57,199
WE02414,Tornado,MEDIUM,31.3214,-114.7484,274,2026-02-11T11:50:28,2026-02-12T10:28:30.367854,32.8,197.2,144.1,0.2,1.66,56
WE02415,Thunderstorm,LOW,29.9576,-83.7092,99,2025-12-24T21:53:27,2025-12-25T09:59:10.176565,-6.4,7.2,155.2,1.1,1.15,25
WE02416,Ice,MEDIUM,48.1993,-117.9153,130,2024-06-02T04:22:52,2024-06-04T14:02:42.838437,29.8,39.2,92.2,0.0,1.91,30
WE02417,Tornado,MEDIUM,40.4297,-93.9698,154,2025-12-30T07:52:17,2026-01-01T20:22:16.702768,-3.0,37.2,134.4,3.6,1.87,36
WE02418,Extreme Heat,LOW,37.7149,-78.3981,119,2025-05-12T11:09:43,2025-05-15T04:15:16.819211,6.7,77.7,166.2,4.5,1.47,10
WE02419,Snowstorm,MEDIUM,32.7464,-87.4118,250,2024-11-11T13:08:30,2024-11-14T11:37:12.661017,2.7,92.1,42.0,7.6,1.68,31
WE02420,Fog,LOW,35.3544,-85.0312,94,2025-07-29T20:52:52,2025-07-30T12:04:41.843293,-16.0,105.9,108.6,8.8,1.02,28
WE02421,Thunderstorm,MEDIUM,41.9017,-79.3657,198,2025-05-01T02:34:42,2025-05-03T04:00:18.896335,14.3,4.7,178.6,3.3,1.88,31
WE02422,Extreme Wind,LOW,38.9854,-82.4982,60,2025-10-05T00:26:07,2025-10-05T05:52:09.608568,32.5,118.2,12.1,7.5,1.47,25
WE02423,Tornado,CRITICAL,39.0486,-84.8845,350,2024-03-12T00:23:43,2024-03-14T09:25:53.757891,24.0,42.7,125.3,1.9,3.32,401
WE02424,Extreme Heat,MEDIUM,44.0456,-72.5688,186,2026-05-23T20:26:30,2026-05-24T22:50:19.420183,2.5,55.8,175.8,6.7,1.79,40
WE02425,Thunderstorm,CRITICAL,29.6827,-98.3486,496,2024-12-09T17:41:46,2024-12-12T02:44:14.168567,-6.2,64.2,3.0,0.0,3.5,285
WE02426,Hurricane,MEDIUM,42.3469,-114.5544,133,2024-08-14T16:23:35,2024-08-15T17:57:21.895588,-1.8,7.2,122.0,0.0,1.82,50
WE02427,Snowstorm,HIGH,35.205,-112.4984,324,2024-01-26T04:43:18,2024-01-27T01:16:44.630107,21.3,31.5,64.4,0.0,2.37,179
WE02428,Extreme Wind,MEDIUM,34.5428,-83.3231,129,2025-02-09T02:21:48,2025-02-11T08:29:35.527084,-14.3,48.9,51.6,5.2,1.69,85
WE02429,Fog,MEDIUM,32.5798,-86.4035,210,2026-05-09T12:57:00,2026-05-11T20:50:38.360323,12.7,156.9,162.9,5.8,1.86,67
WE02430,Hurricane,LOW,38.6175,-76.8783,131,2026-06-26T06:17:14,2026-06-27T08:24:28.495880,36.6,150.8,24.4,2.6,1.23,17
WE02431,Hurricane,HIGH,41.1848,-68.6517,400,2026-06-18T16:00:47,2026-06-20T09:11:45.098902,-10.9,90.1,198.7,3.4,2.95,108
WE02432,Hurricane,LOW,43.3056,-84.8577,82,2025-10-10T16:26:20,2025-10-11T21:14:15.061782,-15.3,190.9,60.7,5.1,1.08,10
WE02433,Thunderstorm,HIGH,40.3047,-110.7204,376,2025-04-03T13:33:58,2025-04-05T23:37:16.461333,26.4,6.1,17.5,4.2,2.08,180
WE02434,Tornado,HIGH,35.5021,-88.9289,308,2024-08-24T18:18:33,2024-08-25T02:36:51.498952,-3.8,124.8,35.7,2.8,2.19,200
WE02435,Hurricane,HIGH,36.0779,-85.1675,243,2024-10-31T18:33:35,2024-11-03T01:56:26.078400,-13.9,180.8,156.9,3.9,2.32,220
WE02436,Extreme Heat,LOW,41.9155,-78.9552,132,2025-05-27T10:16:09,2025-05-29T06:53:11.594430,-1.6,26.9,47.2,6.3,1.04,14
WE02437,Heavy Rain,HIGH,37.4502,-83.3763,436,2024-12-23T07:42:57,2024-12-25T08:06:02.080430,32.0,98.6,59.7,0.0,2.87,207
WE02438,Extreme Wind,LOW,36.3235,-90.6123,143,2025-08-13T01:27:11,2025-08-15T23:40:25.314380,-8.7,73.2,98.3,8.7,1.46,7
WE02439,Hurricane,LOW,34.7292,-112.2563,87,2026-06-04T03:17:33,2026-06-05T13:32:28.390978,9.7,5.4,140.8,8.0,1.43,21
WE02440,Hurricane,HIGH,40.4157,-94.522,326,2025-01-16T17:28:44,2025-01-18T03:08:07.396624,-5.7,71.2,98.9,0.0,2.63,119
WE02441,Thunderstorm,LOW,40.2707,-120.1796,61,2026-02-14T15:18:30,2026-02-14T19:33:19.132754,6.2,115.5,67.7,1.4,1.29,21
WE02442,Hurricane,LOW,34.0577,-80.1968,96,2026-05-05T09:26:29,2026-05-08T02:41:46.773831,38.4,40.9,163.8,1.1,1.35,10
WE02443,Heavy Rain,MEDIUM,42.3516,-70.5146,120,2025-06-08T09:18:31,2025-06-11T01:40:43.044297,41.3,148.2,168.0,0.0,1.7,87
WE02444,Tornado,MEDIUM,41.3288,-96.2335,267,2025-02-03T17:50:12,2025-02-05T00:02:17.694268,22.9,152.1,33.6,5.0,1.55,36
WE02445,Extreme Heat,HIGH,34.7831,-96.274,340,2026-01-29T01:06:53,2026-01-29T14:23:27.737239,39.1,193.9,94.3,1.6,2.69,182
WE02446,Ice,HIGH,37.7332,-107.3812,495,2026-02-01T02:43:44,2026-02-02T21:20:56.213769,43.6,32.4,9.4,3.5,2.39,216
WE02447,Fog,LOW,48.8347,-115.83,66,2025-12-16T20:57:01,2025-12-18T06:52:37.689851,34.0,30.3,62.3,4.1,1.16,13
WE02448,Heavy Rain,HIGH,41.2598,-76.2816,298,2024-09-18T08:12:17,2024-09-20T06:13:46.922353,41.5,183.7,60.3,4.8,2.21,129
WE02449,Extreme Heat,CRITICAL,29.6139,-97.4482,337,2025-07-01T02:04:45,2025-07-03T04:41:15.560288,20.8,125.4,162.4,0.1,3.49,313
WE02450,Extreme Heat,LOW,38.4705,-123.26,134,2024-09-19T22:40:59,2024-09-22T20:46:08.882752,5.4,106.0,158.0,1.2,1.09,17
WE02451,Extreme Heat,LOW,38.2885,-85.8838,137,2024-08-05T10:01:55,2024-08-06T09:30:01.517834,-9.5,90.8,72.1,3.2,1.26,29
WE02452,Ice,MEDIUM,40.8267,-79.7288,221,2026-04-29T00:43:26,2026-05-01T18:21:43.604066,-0.4,108.5,33.2,0.0,1.51,51
WE02453,Extreme Wind,MEDIUM,42.0903,-75.6732,290,2026-01-28T13:45:07,2026-01-30T02:47:18.670373,19.5,104.0,113.3,7.3,1.8,85
WE02454,Extreme Heat,LOW,38.6398,-110.7093,57,2024-10-12T21:47:53,2024-10-15T09:54:52.100654,-7.1,122.5,137.1,5.3,1.3,13
WE02455,Fog,HIGH,42.7034,-67.3651,243,2026-04-22T04:19:36,2026-04-23T22:04:59.490348,27.3,156.4,114.6,0.4,2.83,208
WE02456,Fog,MEDIUM,36.4354,-104.1927,125,2024-04-01T05:41:22,2024-04-03T06:23:55.180496,27.4,123.8,45.3,5.1,1.6,60
WE02457,Ice,MEDIUM,47.805,-108.8044,254,2026-03-24T22:03:49,2026-03-25T18:54:00.911505,42.7,133.8,114.3,3.4,1.76,52
WE02458,Heavy Rain,LOW,31.6342,-119.924,133,2024-02-22T13:02:27,2024-02-23T17:57:58.253290,4.4,27.7,169.5,2.4,1.13,19
WE02459,Extreme Heat,MEDIUM,43.2101,-91.2561,265,2024-04-25T11:14:18,2024-04-26T08:47:04.068028,6.8,182.7,153.8,5.5,1.78,84
WE02460,Hurricane,HIGH,38.6932,-78.7805,307,2024-03-16T08:44:51,2024-03-16T13:01:20.190209,-17.8,128.6,182.9,1.4,2.89,215
WE02461,Thunderstorm,LOW,39.5461,-93.3375,51,2024-01-10T22:00:22,2024-01-11T02:53:58.784256,4.2,179.9,167.2,1.7,1.14,14
WE02462,Tornado,LOW,37.9855,-81.5418,67,2025-10-02T15:05:47,2025-10-03T12:01:59.767957,4.9,23.5,137.3,0.5,1.38,14
WE02463,Hurricane,MEDIUM,39.0609,-84.4898,119,2024-08-01T14:03:20,2024-08-04T01:39:36.239953,33.1,154.2,116.4,7.4,1.55,33
WE02464,Thunderstorm,HIGH,39.8224,-74.9291,490,2024-12-25T12:27:44,2024-12-25T17:08:06.483901,-10.5,58.2,75.1,1.7,2.18,122
WE02465,Extreme Heat,HIGH,33.1513,-76.7431,313,2024-04-15T14:01:42,2024-04-15T20:48:24.941571,8.7,179.2,195.2,0.0,2.24,199
WE02466,Ice,MEDIUM,41.654,-84.646,275,2024-08-22T14:47:36,2024-08-24T23:12:02.513959,-5.3,22.5,161.8,3.9,1.53,61
WE02467,Fog,MEDIUM,35.8842,-83.8441,215,2024-01-15T04:49:06,2024-01-17T00:34:42.771480,3.3,131.7,42.1,7.8,1.51,79
WE02468,Tornado,LOW,44.9487,-77.9215,73,2024-12-05T18:27:37,2024-12-07T07:18:05.021089,22.2,60.2,188.8,5.8,1.2,17
WE02469,Fog,LOW,40.8898,-107.5534,135,2026-02-24T15:05:23,2026-02-26T22:00:18.715106,20.2,4.0,16.7,6.9,1.17,16
WE02470,Hurricane,MEDIUM,38.985,-122.7096,136,2025-12-09T09:16:20,2025-12-10T14:17:42.187488,29.1,111.8,97.8,4.4,1.82,74
WE02471,Extreme Wind,LOW,39.846,-92.1581,82,2025-08-02T17:55:49,2025-08-05T09:59:10.601814,30.5,113.5,177.7,9.5,1.22,5
WE02472,Extreme Wind,LOW,41.8727,-69.2956,102,2024-04-03T21:44:37,2024-04-04T03:12:13.227206,-0.0,179.0,196.5,7.9,1.34,18
WE02473,Ice,HIGH,45.6798,-95.1474,497,2026-01-20T15:09:23,2026-01-23T10:02:13.530449,-0.2,24.6,91.2,3.0,2.26,101
WE02474,Extreme Wind,HIGH,43.1484,-73.3431,226,2026-01-27T20:31:47,2026-01-28T02:44:48.296669,33.9,67.0,64.1,2.3,2.02,182
WE02475,Fog,LOW,38.8679,-121.2526,51,2024-01-25T10:31:22,2024-01-26T04:29:51.382586,0.8,36.3,118.6,0.3,1.03,29
WE02476,Extreme Heat,MEDIUM,44.44,-79.5699,236,2024-01-11T06:31:35,2024-01-12T08:56:31.833318,-10.5,121.9,92.9,2.7,1.64,64
WE02477,Heavy Rain,MEDIUM,41.5928,-74.1101,297,2026-04-06T18:19:10,2026-04-07T16:35:13.764983,35.8,15.8,73.1,0.4,1.85,30
WE02478,Tornado,HIGH,44.2239,-70.2359,481,2026-05-06T22:45:45,2026-05-09T02:58:52.383436,-14.6,49.8,164.5,2.8,2.06,238
WE02479,Snowstorm,MEDIUM,43.1956,-74.2174,273,2025-09-30T23:48:40,2025-10-03T17:03:43.301880,31.2,61.6,57.0,6.5,1.58,62
WE02480,Fog,MEDIUM,34.6263,-77.0585,130,2024-01-19T09:50:10,2024-01-19T18:39:08.669343,8.9,142.8,7.0,4.5,1.51,69
WE02481,Tornado,MEDIUM,34.2576,-122.2397,186,2024-01-26T23:35:45,2024-01-28T22:54:05.282496,42.1,2.2,195.8,4.0,1.56,34
WE02482,Extreme Heat,CRITICAL,32.2971,-87.1082,739,2026-04-02T10:07:13,2026-04-05T00:03:10.817629,-19.9,114.3,129.9,0.0,3.11,585
WE02483,Ice,LOW,38.9291,-104.6029,143,2025-03-02T19:04:37,2025-03-04T02:48:16.307215,2.6,78.4,1.6,0.0,1.13,29
WE02484,Ice,LOW,36.4628,-120.9367,133,2026-04-12T05:45:50,2026-04-14T02:39:08.213044,39.8,26.5,125.8,6.6,1.12,23
WE02485,Thunderstorm,MEDIUM,35.6417,-120.0157,207,2025-03-21T08:31:24,2025-03-21T19:32:55.993704,15.6,38.8,136.8,3.5,1.59,59
WE02486,Extreme Heat,LOW,41.9172,-85.0177,53,2024-01-27T15:07:20,2024-01-30T00:22:45.823041,16.7,31.1,75.1,4.9,1.26,28
WE02487,Extreme Heat,MEDIUM,50.4392,-119.308,111,2026-02-19T03:58:14,2026-02-21T12:36:09.181794,8.8,77.7,85.9,5.0,1.61,57
WE02488,Extreme Heat,HIGH,44.6336,-74.8349,222,2025-10-30T20:55:57,2025-11-02T11:40:18.706697,26.9,109.5,161.0,0.0,2.52,153
WE02489,Snowstorm,LOW,49.91,-122.4988,98,2024-10-05T11:33:08,2024-10-08T08:37:30.686832,25.4,170.2,49.7,6.8,1.41,21
WE02490,Heavy Rain,LOW,30.9347,-90.3525,56,2024-06-15T05:51:41,2024-06-15T18:29:38.327019,-15.7,120.5,30.1,2.9,1.24,19
WE02491,Extreme Wind,MEDIUM,31.5066,-96.7489,173,2024-05-29T14:50:31,2024-06-01T14:37:10.565412,-12.4,136.7,83.0,5.2,1.85,54
WE02492,Hurricane,LOW,29.1816,-88.9404,143,2026-03-25T14:30:17,2026-03-27T01:23:12.344334,-8.3,129.8,21.6,1.3,1.25,18
WE02493,Heavy Rain,HIGH,38.1605,-84.7236,214,2024-08-19T07:18:02,2024-08-20T15:51:19.517071,-3.0,34.4,34.1,0.0,2.78,177
WE02494,Fog,LOW,27.4956,-94.7908,112,2025-01-09T07:58:09,2025-01-10T14:25:45.479787,-13.0,156.3,46.3,5.0,1.29,24
WE02495,Extreme Heat,HIGH,40.1869,-73.4562,447,2024-10-25T03:44:44,2024-10-27T10:47:24.737962,11.5,167.3,60.0,0.0,2.05,144
WE02496,Thunderstorm,LOW,28.1582,-98.3128,141,2026-03-28T19:42:06,2026-03-30T06:09:26.656429,40.1,102.6,47.4,4.6,1.42,11
WE02497,Ice,MEDIUM,38.0832,-97.4974,254,2025-01-27T02:49:56,2025-01-27T17:05:27.690993,4.1,48.3,40.3,7.3,1.88,54
WE02498,Thunderstorm,MEDIUM,40.0446,-79.049,296,2025-07-04T14:31:19,2025-07-06T19:10:45.665064,-5.4,189.1,161.5,5.5,1.96,35
WE02499,Tornado,MEDIUM,42.8746,-68.3885,261,2025-02-19T06:35:18,2025-02-19T11:37:01.522041,-12.9,187.6,163.2,1.7,1.65,44
WE02500,Hurricane,MEDIUM,38.6135,-80.6104,190,2025-09-08T13:22:16,2025-09-10T19:22:02.646995,-11.4,15.7,32.4,4.8,1.98,87
WE02501,Thunderstorm,HIGH,40.7038,-71.7336,220,2024-05-02T18:03:03,2024-05-03T00:57:02.220907,8.3,82.7,145.6,3.2,2.4,174
WE02502,Hurricane,MEDIUM,34.7228,-110.9372,273,2025-08-02T12:22:15,2025-08-05T07:42:31.203549,19.5,127.1,16.6,4.1,1.66,66
WE02503,Tornado,MEDIUM,37.7387,-121.264,282,2025-09-22T17:47:56,2025-09-24T15:26:37.712800,-13.9,91.4,176.4,7.5,1.64,45
WE02504,Snowstorm,LOW,39.9263,-97.5642,61,2025-12-14T00:40:34,2025-12-15T20:03:49.789299,15.3,182.2,105.5,4.4,1.36,11
WE02505,Extreme Wind,MEDIUM,27.4803,-93.6312,183,2026-05-27T16:48:29,2026-05-30T10:16:30.148368,2.1,154.1,33.2,5.7,1.94,89
WE02506,Snowstorm,MEDIUM,32.6317,-97.895,251,2025-01-12T19:26:50,2025-01-14T12:50:40.846463,14.5,198.0,181.0,2.2,1.94,30
WE02507,Snowstorm,MEDIUM,30.6259,-104.4919,279,2024-12-16T20:34:07,2024-12-17T07:55:36.151571,-10.6,1.9,61.0,6.3,1.96,47
WE02508,Hurricane,LOW,32.2941,-117.4762,58,2025-04-10T23:51:54,2025-04-13T04:16:59.402348,44.6,178.7,137.2,7.8,1.05,7
WE02509,Heavy Rain,LOW,44.9064,-113.6535,116,2024-05-05T05:36:59,2024-05-05T19:43:37.253039,-5.9,5.8,81.6,6.0,1.12,15
WE02510,Ice,LOW,31.756,-85.6624,103,2024-02-19T05:17:02,2024-02-19T14:03:26.337646,30.0,151.1,82.6,6.8,1.16,23
WE02511,Hurricane,MEDIUM,41.0071,-83.2352,207,2024-05-25T05:57:05,2024-05-25T23:10:49.115891,35.8,136.0,37.0,2.1,1.69,56
WE02512,Fog,MEDIUM,32.5754,-88.0436,296,2025-09-21T13:52:12,2025-09-22T23:25:40.641076,37.1,89.1,40.8,4.8,1.54,30
WE02513,Ice,CRITICAL,41.8191,-80.7483,649,2025-08-12T03:59:15,2025-08-13T23:20:53.041597,6.2,139.0,74.1,0.0,4.99,248
WE02514,Heavy Rain,CRITICAL,42.3267,-80.0248,686,2025-08-08T21:54:02,2025-08-10T02:13:12.035624,-18.6,46.5,121.3,0.0,4.64,351
WE02515,Extreme Heat,MEDIUM,42.2672,-76.928,245,2026-05-08T14:12:11,2026-05-10T12:52:14.877039,4.5,165.6,175.1,6.4,1.6,49
WE02516,Tornado,LOW,35.1578,-122.1308,89,2026-01-09T10:45:23,2026-01-10T12:59:31.815994,-18.7,90.1,41.5,9.5,1.01,13
WE02517,Snowstorm,HIGH,34.9401,-95.1974,427,2024-03-28T04:06:59,2024-03-30T10:59:54.166958,12.7,168.8,54.1,0.0,2.31,92
WE02518,Hurricane,MEDIUM,46.2136,-72.6358,171,2024-01-15T16:19:40,2024-01-17T05:07:02.139012,-14.4,13.5,197.7,6.4,1.51,35
WE02519,Hurricane,LOW,36.3668,-84.9474,133,2024-09-23T05:38:34,2024-09-24T01:33:51.156318,-8.4,159.6,33.6,4.6,1.38,21
WE02520,Ice,LOW,45.2998,-122.675,69,2024-05-08T10:45:43,2024-05-09T00:16:17.488207,-18.7,83.6,135.8,5.2,1.41,25
WE02521,Fog,CRITICAL,41.0422,-93.1141,701,2026-02-15T12:04:17,2026-02-17T04:59:56.487995,3.8,156.8,83.7,0.0,3.58,293
WE02522,Extreme Wind,LOW,28.0715,-80.676,60,2025-11-05T01:19:27,2025-11-08T00:35:36.792455,42.6,183.5,146.6,6.9,1.07,14
WE02523,Extreme Wind,HIGH,36.7972,-105.6614,371,2025-05-29T14:39:49,2025-05-31T21:29:01.599239,23.9,149.8,50.9,2.9,2.5,223
WE02524,Heavy Rain,MEDIUM,37.3251,-74.8975,119,2026-05-29T00:39:50,2026-05-30T10:49:29.458480,33.9,37.3,90.2,1.6,1.63,83
WE02525,Hurricane,HIGH,35.6639,-82.2485,397,2024-05-28T03:20:48,2024-05-30T11:34:26.123437,8.6,88.3,6.9,3.5,2.74,123
WE02526,Fog,LOW,37.086,-88.0669,127,2026-03-31T11:12:05,2026-04-01T04:53:07.290863,-12.1,56.6,126.3,8.1,1.05,27
WE02527,Ice,LOW,32.1078,-98.1698,108,2024-03-07T02:26:40,2024-03-09T07:43:12.421244,37.2,175.1,104.9,7.6,1.25,21
WE02528,Thunderstorm,CRITICAL,36.1046,-95.175,649,2024-12-22T22:18:57,2024-12-25T01:17:27.736898,8.8,58.0,192.6,0.0,4.44,278
WE02529,Thunderstorm,MEDIUM,41.7199,-76.9853,167,2024-11-24T10:11:56,2024-11-26T20:43:36.069282,-15.0,119.0,72.6,0.1,1.65,66
WE02530,Tornado,MEDIUM,45.528,-96.9959,155,2026-05-30T11:14:40,2026-06-01T21:12:32.097144,10.5,28.3,146.9,1.5,1.5,70
WE02531,Fog,LOW,30.7452,-100.6264,65,2026-01-08T15:56:08,2026-01-09T20:48:25.289489,29.9,133.6,108.6,7.9,1.06,12
WE02532,Heavy Rain,HIGH,40.6289,-80.7784,470,2025-02-25T03:09:22,2025-02-26T23:54:29.241109,-3.1,69.7,135.6,4.0,2.89,164
WE02533,Tornado,LOW,41.0369,-90.0196,70,2024-03-13T07:57:21,2024-03-15T06:59:51.948524,5.9,97.2,67.2,8.5,1.47,28
WE02534,Extreme Heat,HIGH,39.9477,-79.144,310,2024-04-25T11:53:47,2024-04-26T01:38:34.826042,-6.9,88.7,184.5,0.0,2.25,102
WE02535,Tornado,HIGH,47.168,-94.0105,357,2025-03-11T13:03:48,2025-03-12T08:08:36.501491,-16.9,97.7,84.2,0.0,2.52,203
WE02536,Extreme Wind,LOW,37.3742,-85.3002,122,2026-04-23T13:39:06,2026-04-25T08:42:36.102736,19.3,43.1,101.6,5.7,1.19,29
WE02537,Snowstorm,MEDIUM,39.7852,-69.5882,107,2026-05-25T09:10:13,2026-05-27T10:29:00.193969,17.7,160.3,127.3,5.9,1.64,50
WE02538,Heavy Rain,LOW,36.716,-121.0203,125,2024-02-21T02:40:02,2024-02-23T10:00:26.934623,38.0,70.0,45.4,8.6,1.47,9
WE02539,Tornado,HIGH,33.7287,-111.9859,278,2024-10-05T14:49:13,2024-10-08T14:44:22.791035,37.7,152.1,15.1,0.0,2.6,143
WE02540,Fog,HIGH,34.9589,-109.5553,294,2025-05-03T12:50:21,2025-05-06T09:49:22.077764,-12.4,123.0,155.9,0.0,2.81,142
WE02541,Heavy Rain,MEDIUM,40.5435,-72.2123,124,2024-01-25T07:46:33,2024-01-26T02:05:20.814369,19.5,198.8,81.9,3.5,1.87,36
WE02542,Fog,LOW,28.0005,-91.2615,127,2024-11-17T19:24:51,2024-11-19T04:28:40.313206,43.0,4.7,158.4,1.9,1.15,16
WE02543,Extreme Heat,HIGH,25.5295,-78.2144,268,2024-08-11T23:51:03,2024-08-14T02:23:43.857659,10.3,38.5,103.3,0.0,2.0,144
WE02544,Ice,MEDIUM,37.6397,-95.3583,227,2025-09-10T17:33:06,2025-09-12T04:24:55.409611,28.1,88.5,82.5,5.4,1.96,69
WE02545,Snowstorm,MEDIUM,34.285,-77.6081,291,2024-04-29T12:26:15,2024-04-30T19:06:07.365790,26.5,42.6,79.3,2.3,1.72,72
WE02546,Tornado,HIGH,41.5678,-72.5878,444,2025-04-09T21:51:04,2025-04-10T21:14:23.139484,19.0,18.1,197.6,0.0,2.8,193
WE02547,Tornado,MEDIUM,42.6546,-71.3446,101,2024-09-09T08:35:03,2024-09-10T00:50:24.089173,-6.4,56.7,106.1,1.5,1.88,40
WE02548,Tornado,LOW,32.4999,-105.9514,50,2026-05-26T01:53:08,2026-05-28T03:56:16.548402,6.1,9.1,175.0,7.2,1.11,5
WE02549,Thunderstorm,LOW,39.1844,-76.9356,146,2025-01-08T13:27:11,2025-01-11T08:21:02.236770,21.4,56.0,68.1,7.4,1.16,25
WE02550,Extreme Wind,MEDIUM,30.5602,-98.7136,210,2026-05-30T07:57:18,2026-05-31T05:50:14.099673,13.5,27.8,162.8,3.9,1.68,42
WE02551,Extreme Heat,MEDIUM,26.2403,-83.1955,285,2025-08-27T12:48:35,2025-08-27T17:59:56.944087,14.3,196.4,188.8,3.3,1.88,70
WE02552,Extreme Heat,MEDIUM,40.9137,-86.2291,259,2026-04-19T17:37:41,2026-04-21T20:59:28.100074,-5.8,56.5,31.6,2.1,1.95,89
WE02553,Hurricane,HIGH,39.8997,-78.8885,385,2025-05-30T07:47:05,2025-05-31T23:40:06.073243,43.9,42.1,50.5,0.0,2.75,214
WE02554,Heavy Rain,HIGH,34.1736,-76.6496,367,2025-08-19T06:49:26,2025-08-21T17:47:05.387836,31.6,185.5,24.0,0.5,2.17,133
WE02555,Tornado,CRITICAL,37.3851,-100.2592,731,2024-08-05T09:44:10,2024-08-08T02:02:50.359758,14.3,14.2,108.4,0.0,3.3,267
WE02556,Extreme Wind,LOW,42.7447,-71.4078,96,2024-05-01T19:59:46,2024-05-02T05:30:35.013633,27.0,165.4,63.3,7.5,1.32,14
WE02557,Hurricane,LOW,31.66,-106.7997,122,2026-02-16T22:54:38,2026-02-19T08:01:38.594290,-7.1,89.2,150.7,6.4,1.02,22
WE02558,Hurricane,MEDIUM,38.201,-115.877,297,2025-06-21T06:34:36,2025-06-24T05:26:54.712481,44.6,107.4,198.5,2.3,1.95,35
WE02559,Extreme Heat,MEDIUM,33.1721,-117.0135,122,2024-03-24T09:56:53,2024-03-25T07:49:16.908498,16.5,128.5,171.6,5.0,1.94,34
WE02560,Fog,MEDIUM,36.5707,-108.1528,131,2024-05-31T17:59:24,2024-06-03T09:30:31.459386,39.6,44.2,122.7,0.0,1.89,62
WE02561,Fog,LOW,40.5952,-85.5434,101,2025-11-09T23:49:52,2025-11-10T22:25:19.667349,-11.8,187.3,120.6,1.6,1.45,18
WE02562,Tornado,MEDIUM,29.7825,-113.5512,226,2024-12-26T14:57:20,2024-12-29T02:19:46.762684,6.9,106.4,72.2,0.0,1.63,33
WE02563,Hurricane,HIGH,41.3462,-98.0347,318,2024-04-28T02:09:56,2024-04-29T03:57:47.217621,4.3,34.1,162.4,0.0,2.31,145
WE02564,Fog,MEDIUM,36.2759,-82.8587,259,2025-06-13T02:13:04,2025-06-14T14:20:37.175768,3.2,8.1,145.3,0.5,1.75,52
WE02565,Hurricane,MEDIUM,32.3432,-108.3897,132,2025-09-08T06:09:41,2025-09-10T08:21:17.437329,40.5,113.7,176.7,2.4,1.8,67
WE02566,Snowstorm,HIGH,42.3746,-97.9867,250,2025-05-22T00:12:12,2025-05-23T10:33:33.886757,3.6,163.3,112.5,2.4,2.95,138
WE02567,Hurricane,HIGH,30.6947,-89.6981,299,2024-02-16T00:31:28,2024-02-16T04:14:09.504952,26.0,139.0,29.3,2.6,2.99,183
WE02568,Extreme Wind,MEDIUM,31.036,-87.7772,267,2025-02-28T14:22:12,2025-03-03T07:43:31.962735,-18.4,74.5,128.8,7.6,1.77,53
WE02569,Heavy Rain,MEDIUM,34.1339,-115.0723,217,2025-11-30T21:43:43,2025-12-02T19:44:50.193970,15.5,56.6,29.5,4.4,1.92,62
WE02570,Extreme Heat,MEDIUM,38.4999,-78.353,243,2026-02-01T03:01:21,2026-02-02T09:01:09.554271,-5.4,127.0,87.1,5.4,1.81,42
WE02571,Hurricane,LOW,35.1894,-92.415,101,2024-12-20T09:36:56,2024-12-22T12:19:48.491793,-1.6,33.3,33.4,9.8,1.11,23
WE02572,Snowstorm,MEDIUM,37.7643,-93.496,228,2025-07-06T17:36:10,2025-07-09T06:11:19.542383,28.6,170.1,78.0,6.1,1.53,58
WE02573,Ice,LOW,37.2057,-86.925,86,2026-05-09T02:44:26,2026-05-09T07:55:26.416063,5.5,51.8,171.8,0.8,1.49,12
WE02574,Extreme Wind,CRITICAL,41.3606,-74.4385,692,2025-08-06T04:55:58,2025-08-07T20:20:30.315663,23.4,42.8,17.9,0.0,4.04,324
WE02575,Extreme Heat,MEDIUM,35.3159,-95.1638,276,2025-11-01T20:27:30,2025-11-02T00:24:24.455629,17.1,31.2,28.1,7.0,1.54,55
WE02576,Tornado,HIGH,41.109,-91.8631,316,2024-10-15T12:48:31,2024-10-17T08:13:18.024837,-4.8,6.9,127.3,0.0,2.91,211
WE02577,Fog,MEDIUM,41.0295,-78.0235,126,2026-06-29T03:00:27,2026-06-29T08:15:28.176551,6.5,26.7,129.8,6.7,1.95,49
WE02578,Hurricane,MEDIUM,33.7242,-95.3317,129,2025-08-13T10:08:16,2025-08-14T00:34:01.141526,25.9,188.9,38.6,3.1,1.88,37
WE02579,Hurricane,MEDIUM,37.1661,-82.8331,146,2024-05-13T02:54:29,2024-05-15T09:14:02.521187,-7.5,98.8,39.2,5.8,1.58,88
WE02580,Tornado,LOW,43.7187,-81.009,127,2025-04-03T20:32:42,2025-04-04T19:21:03.198513,33.6,96.1,150.1,8.1,1.29,18
WE02581,Heavy Rain,HIGH,34.5043,-78.6278,207,2025-01-17T20:18:49,2025-01-19T16:53:03.510375,7.0,114.8,105.5,0.0,2.11,93
WE02582,Extreme Heat,LOW,36.2907,-83.9484,53,2024-04-24T04:31:40,2024-04-27T03:41:25.473045,22.7,106.4,38.9,2.4,1.29,10
WE02583,Hurricane,LOW,30.2819,-81.1873,75,2024-05-07T10:35:55,2024-05-08T20:46:57.008526,14.3,55.5,130.4,8.8,1.38,9
WE02584,Heavy Rain,LOW,26.9607,-93.4011,50,2025-02-20T06:43:17,2025-02-22T19:29:06.219404,17.1,168.3,158.3,3.0,1.18,17
WE02585,Ice,LOW,41.01,-75.0142,107,2024-08-27T13:46:27,2024-08-29T17:16:12.650557,13.1,68.1,141.3,7.2,1.09,8
WE02586,Thunderstorm,HIGH,34.6998,-93.907,219,2025-08-13T07:25:35,2025-08-13T09:46:28.500248,8.8,137.8,187.0,4.7,2.79,230
WE02587,Hurricane,LOW,43.8971,-120.5429,109,2024-08-27T15:51:33,2024-08-27T23:50:14.901689,10.2,47.8,62.7,7.8,1.24,25
WE02588,Ice,MEDIUM,37.4637,-94.7427,262,2025-08-28T06:09:36,2025-08-30T08:47:52.802986,32.5,180.7,61.9,0.8,1.54,36
WE02589,Extreme Wind,MEDIUM,42.3591,-95.7015,158,2025-05-06T22:37:12,2025-05-07T12:52:08.036907,23.3,58.7,27.9,1.4,1.57,57
WE02590,Tornado,LOW,31.7285,-81.3652,80,2025-07-14T07:52:45,2025-07-14T11:08:04.959611,39.3,86.6,22.8,7.0,1.21,13
WE02591,Tornado,LOW,40.7838,-84.7265,96,2024-06-14T12:30:22,2024-06-16T02:01:35.153628,8.9,170.3,142.6,8.2,1.2,21
WE02592,Hurricane,CRITICAL,39.1507,-94.1724,768,2024-05-22T04:07:44,2024-05-24T18:40:49.566401,8.2,158.7,118.0,1.0,4.42,425
WE02593,Tornado,MEDIUM,33.4194,-99.84,158,2024-01-09T01:41:30,2024-01-12T01:11:41.061421,7.0,50.6,182.7,4.0,1.51,37
WE02594,Thunderstorm,LOW,34.119,-89.3816,57,2025-04-23T21:02:37,2025-04-26T01:15:56.349040,30.7,161.6,158.6,0.6,1.24,27
WE02595,Extreme Wind,LOW,44.3733,-123.7681,136,2025-11-21T20:57:17,2025-11-24T02:39:29.659942,34.8,29.9,49.1,5.8,1.32,9
WE02596,Extreme Heat,HIGH,40.5733,-82.8821,493,2025-07-13T02:41:48,2025-07-13T12:20:41.087529,23.3,35.2,160.5,0.0,2.19,126
WE02597,Snowstorm,MEDIUM,38.0315,-108.1772,235,2025-02-23T01:37:19,2025-02-23T13:44:57.376270,-4.9,125.8,157.8,3.6,1.65,64
WE02598,Heavy Rain,LOW,31.8895,-119.9279,72,2024-06-07T19:27:48,2024-06-09T17:08:50.670839,18.7,107.6,180.1,1.1,1.37,18
WE02599,Heavy Rain,MEDIUM,40.5489,-96.0638,113,2024-07-24T20:13:09,2024-07-26T12:37:30.109633,39.6,5.8,2.5,0.0,1.75,66
WE02600,Ice,MEDIUM,38.2013,-96.0044,124,2024-05-15T14:40:36,2024-05-16T23:20:15.007023,10.7,42.7,112.9,7.5,1.56,69
WE02601,Extreme Wind,LOW,49.2745,-125.267,66,2024-10-18T02:28:19,2024-10-19T23:45:21.684638,-18.1,44.3,104.9,0.8,1.25,15
WE02602,Heavy Rain,MEDIUM,41.0288,-77.9356,118,2025-10-31T12:04:51,2025-11-02T03:55:44.825091,8.7,80.6,11.4,7.9,1.68,61
WE02603,Fog,LOW,38.8521,-82.4156,87,2025-11-28T06:06:18,2025-11-30T02:19:02.005262,-0.3,156.3,73.5,5.9,1.38,14
WE02604,Extreme Heat,CRITICAL,35.1908,-112.9661,640,2026-05-15T05:54:25,2026-05-16T15:43:19.504098,15.3,41.0,55.3,0.0,3.09,320
WE02605,Hurricane,HIGH,34.8342,-88.7195,204,2026-05-11T18:12:22,2026-05-12T11:14:42.328132,31.9,20.8,103.3,0.0,2.73,238
WE02606,Hurricane,HIGH,44.4983,-73.2725,256,2026-03-07T01:10:46,2026-03-07T07:30:38.417662,2.6,129.2,100.3,0.0,2.98,182
WE02607,Extreme Wind,HIGH,39.5295,-82.4573,388,2025-09-25T20:59:22,2025-09-26T09:24:59.567341,0.1,199.5,115.5,0.0,2.48,182
WE02608,Tornado,LOW,37.2481,-102.288,141,2024-06-09T11:02:22,2024-06-09T20:04:14.310117,17.6,173.9,178.6,6.1,1.03,29
WE02609,Tornado,LOW,37.5843,-117.6469,68,2024-02-10T19:06:53,2024-02-12T14:09:25.195858,2.6,122.3,30.2,2.1,1.13,11
WE02610,Thunderstorm,LOW,27.6907,-100.2575,107,2024-05-19T05:13:57,2024-05-22T01:10:16.218959,-2.5,130.7,165.5,7.4,1.35,29
WE02611,Thunderstorm,MEDIUM,36.8305,-94.5059,288,2025-07-03T18:52:51,2025-07-05T17:55:14.187644,9.9,81.2,30.6,0.0,1.73,71
WE02612,Snowstorm,CRITICAL,38.4079,-76.0095,693,2026-05-10T22:48:43,2026-05-13T19:14:29.452913,1.1,49.8,119.0,0.0,4.19,276
WE02613,Tornado,MEDIUM,42.4,-86.8115,187,2024-05-24T13:41:13,2024-05-27T04:57:31.206577,44.6,49.1,129.3,0.0,1.68,64
WE02614,Heavy Rain,MEDIUM,38.54,-119.821,193,2025-05-18T23:38:21,2025-05-20T14:46:25.664150,22.9,31.7,12.2,3.4,1.81,69
WE02615,Extreme Heat,LOW,37.0049,-122.913,55,2025-08-21T10:42:38,2025-08-21T18:08:47.766805,25.7,81.2,94.8,3.5,1.08,14
WE02616,Extreme Wind,HIGH,30.7287,-95.6845,403,2024-01-20T04:05:29,2024-01-20T13:24:04.951242,-13.3,91.1,101.1,3.3,2.51,234
WE02617,Heavy Rain,LOW,26.9991,-80.2562,93,2025-03-29T08:51:28,2025-03-30T10:37:32.853719,20.7,167.9,71.3,0.0,1.03,27
WE02618,Thunderstorm,MEDIUM,29.5997,-90.421,104,2025-10-04T19:57:27,2025-10-06T23:35:22.373678,5.5,7.2,161.5,4.2,2.0,40
WE02619,Extreme Heat,HIGH,40.1283,-75.91,279,2025-08-25T10:12:55,2025-08-27T02:04:45.918318,-2.6,99.5,96.3,0.0,2.16,140
WE02620,Hurricane,HIGH,40.2927,-71.182,391,2024-05-11T13:49:36,2024-05-14T12:27:10.850340,39.9,172.9,156.9,0.7,2.21,98
WE02621,Thunderstorm,HIGH,36.968,-120.658,436,2026-05-19T05:02:03,2026-05-20T23:11:41.764463,-18.1,140.4,36.5,0.5,2.46,141
WE02622,Tornado,HIGH,43.9953,-76.5414,469,2025-01-12T02:05:49,2025-01-15T00:17:44.477262,40.3,138.7,115.4,0.0,2.0,182
WE02623,Thunderstorm,LOW,41.7852,-94.4695,78,2026-06-07T12:13:49,2026-06-08T15:09:57.159807,4.2,168.1,72.9,5.7,1.29,27
WE02624,Hurricane,HIGH,46.9271,-120.6188,426,2026-03-20T12:11:06,2026-03-21T07:37:42.622227,20.4,81.9,92.1,1.6,2.09,153
WE02625,Hurricane,LOW,31.3119,-84.6667,89,2024-09-20T10:30:34,2024-09-22T13:42:04.552647,-1.1,143.2,197.4,1.8,1.49,29
WE02626,Hurricane,LOW,39.1961,-86.4383,148,2025-08-14T10:43:07,2025-08-16T22:05:45.932669,1.3,159.2,145.6,10.0,1.07,7
WE02627,Hurricane,HIGH,41.6537,-81.7856,235,2024-09-20T07:28:59,2024-09-23T02:17:02.230733,6.7,104.4,196.5,4.8,2.41,221
WE02628,Ice,LOW,38.0202,-88.9304,119,2024-08-03T16:19:57,2024-08-05T06:05:39.960375,5.4,38.2,137.4,0.3,1.09,14
WE02629,Snowstorm,CRITICAL,28.1961,-98.4934,699,2025-02-21T18:01:32,2025-02-23T07:36:38.128769,-9.8,199.4,9.1,0.0,3.07,533
WE02630,Tornado,HIGH,38.2399,-120.7986,357,2025-04-12T18:59:14,2025-04-14T18:37:56.797918,23.2,120.5,92.0,0.0,2.99,163
WE02631,Snowstorm,LOW,29.3006,-104.5488,53,2025-02-20T22:55:50,2025-02-21T13:21:01.367570,21.0,113.9,80.8,2.0,1.16,17
WE02632,Thunderstorm,LOW,37.3744,-90.6478,97,2026-02-05T00:59:35,2026-02-05T14:05:14.700221,-14.1,169.0,49.7,1.8,1.13,26
WE02633,Hurricane,MEDIUM,31.8671,-103.9964,178,2024-08-14T16:50:40,2024-08-16T18:42:40.222694,22.7,20.9,94.7,2.8,1.64,72
WE02634,Hurricane,MEDIUM,31.2841,-109.3899,199,2024-04-08T06:46:13,2024-04-09T23:47:39.501873,20.1,101.9,195.3,6.5,1.77,45
WE02635,Fog,HIGH,32.9682,-89.1655,325,2024-09-16T17:56:37,2024-09-18T08:21:22.434734,32.4,111.8,104.3,0.0,2.15,119
WE02636,Hurricane,LOW,40.4771,-90.9873,138,2025-11-06T05:54:21,2025-11-06T12:28:32.592585,22.5,140.1,79.7,2.5,1.31,10
WE02637,Snowstorm,MEDIUM,46.9827,-124.3143,276,2025-03-04T16:36:15,2025-03-07T08:15:25.780779,6.0,31.5,145.2,7.2,1.81,39
WE02638,Tornado,HIGH,42.7801,-72.8559,263,2025-10-16T03:49:59,2025-10-17T22:20:55.827272,12.0,174.4,164.4,3.1,2.75,179
WE02639,Snowstorm,LOW,32.0269,-88.3565,102,2025-04-10T15:34:26,2025-04-13T05:15:07.908647,-3.8,0.6,26.1,9.4,1.38,9
WE02640,Thunderstorm,LOW,30.513,-112.8193,147,2026-01-22T05:27:06,2026-01-23T12:36:52.143358,38.8,80.1,109.9,0.5,1.18,21
WE02641,Fog,HIGH,48.1102,-117.2544,279,2024-04-29T11:50:10,2024-05-01T12:54:53.556195,26.9,148.2,44.7,0.0,2.06,106
WE02642,Fog,LOW,42.1899,-79.4868,88,2025-07-14T23:42:45,2025-07-17T22:02:40.106720,24.7,6.2,6.7,2.6,1.03,5
WE02643,Extreme Wind,MEDIUM,25.5513,-78.6198,110,2025-01-26T00:02:46,2025-01-28T12:32:57.951424,33.3,103.1,170.1,5.2,1.59,58
WE02644,Thunderstorm,MEDIUM,49.5573,-98.6369,244,2025-01-18T01:32:38,2025-01-18T09:27:24.001851,44.0,128.1,185.0,5.1,1.87,44
WE02645,Heavy Rain,MEDIUM,34.2657,-105.882,110,2026-02-09T04:51:16,2026-02-11T10:56:43.538468,20.7,42.7,98.9,4.3,1.7,48
WE02646,Hurricane,LOW,41.2093,-70.1975,122,2024-10-30T18:33:58,2024-11-02T04:39:10.092865,12.7,94.7,128.5,10.0,1.2,15
WE02647,Hurricane,HIGH,36.7369,-89.5561,434,2025-12-12T06:19:08,2025-12-15T01:54:41.144313,26.2,100.5,126.1,2.1,2.9,204
WE02648,Heavy Rain,LOW,41.3292,-119.3357,101,2024-06-15T04:13:08,2024-06-16T14:52:22.164062,5.3,76.2,101.2,9.3,1.44,26
WE02649,Extreme Heat,HIGH,28.5226,-94.137,318,2024-07-29T11:24:56,2024-08-01T06:55:24.754657,19.3,59.8,101.7,0.0,2.19,106
WE02650,Extreme Wind,LOW,43.0962,-93.2681,54,2025-04-18T06:28:24,2025-04-20T17:26:15.418684,-8.2,149.8,109.1,9.1,1.44,25
WE02651,Ice,LOW,47.3567,-110.374,115,2024-01-11T12:18:20,2024-01-13T17:10:35.245372,2.9,117.4,186.5,3.2,1.41,20
WE02652,Extreme Wind,MEDIUM,39.9579,-121.9673,208,2025-09-06T16:27:58,2025-09-09T04:30:32.951030,-4.0,139.9,17.7,1.9,1.7,67
WE02653,Tornado,LOW,42.7192,-70.0173,55,2025-05-31T01:57:19,2025-06-02T20:02:56.726624,30.2,177.5,140.8,6.3,1.25,16
WE02654,Snowstorm,CRITICAL,27.2212,-84.6905,629,2025-08-13T03:19:26,2025-08-14T21:39:24.841919,-12.4,7.9,16.4,0.0,4.84,334
WE02655,Snowstorm,LOW,35.1152,-109.1083,142,2025-05-26T22:12:20,2025-05-27T06:05:15.181485,-15.3,180.9,25.2,1.8,1.43,24
WE02656,Heavy Rain,LOW,30.512,-85.2933,146,2025-11-14T20:42:00,2025-11-17T07:51:42.969525,42.7,114.7,72.7,1.3,1.44,20
WE02657,Hurricane,LOW,35.8958,-120.0152,69,2025-06-03T23:52:15,2025-06-06T21:51:31.175664,-19.1,131.5,50.2,0.7,1.27,17
WE02658,Fog,HIGH,41.451,-78.2625,277,2025-10-30T22:32:10,2025-10-31T08:31:19.371780,33.7,82.1,166.3,3.4,2.57,239
WE02659,Thunderstorm,CRITICAL,33.5784,-84.7845,444,2024-07-30T11:05:17,2024-07-31T13:14:32.499335,41.5,18.7,41.2,0.0,4.72,276
WE02660,Tornado,LOW,40.6668,-72.0552,63,2025-04-11T17:02:21,2025-04-12T05:04:40.614891,41.6,181.0,81.6,2.0,1.45,5
WE02661,Thunderstorm,MEDIUM,37.0364,-95.7104,260,2025-05-13T03:15:48,2025-05-13T10:53:33.065281,29.1,165.3,191.9,0.9,1.8,44
WE02662,Extreme Wind,MEDIUM,44.1712,-97.978,264,2024-11-08T00:17:10,2024-11-10T21:31:39.869822,-2.0,141.5,21.3,5.0,1.84,55
WE02663,Extreme Heat,HIGH,35.6726,-84.1051,432,2026-01-14T02:46:39,2026-01-15T14:48:19.000733,45.0,187.2,190.1,4.0,2.61,219
WE02664,Thunderstorm,LOW,46.173,-120.0282,106,2025-05-03T01:36:06,2025-05-04T03:16:23.830288,11.0,85.7,156.7,9.0,1.29,25
WE02665,Snowstorm,LOW,33.0264,-86.0314,122,2024-10-02T22:47:50,2024-10-05T08:15:31.679610,25.9,85.5,135.7,2.8,1.07,23
WE02666,Hurricane,MEDIUM,27.9078,-80.6581,147,2025-09-10T15:26:51,2025-09-11T00:21:54.840537,22.8,44.7,37.1,5.2,1.56,35
WE02667,Hurricane,MEDIUM,44.0259,-80.7384,200,2025-05-10T18:18:52,2025-05-12T04:36:22.001487,34.8,17.4,183.7,2.7,1.52,88
WE02668,Snowstorm,MEDIUM,32.7189,-91.9914,131,2025-03-28T17:58:28,2025-03-29T08:58:45.758051,26.4,112.3,190.0,4.7,1.5,86
WE02669,Fog,LOW,32.6508,-115.2082,109,2026-02-01T18:04:45,2026-02-04T09:50:28.948071,45.0,81.0,167.3,2.8,1.03,25
WE02670,Snowstorm,HIGH,44.1115,-95.9911,405,2026-06-13T14:20:08,2026-06-14T14:24:57.131186,19.9,137.0,198.0,0.0,2.05,200
WE02671,Thunderstorm,CRITICAL,31.1478,-100.414,443,2025-01-11T14:13:58,2025-01-13T22:23:21.032239,8.3,83.6,16.8,1.3,4.07,554
WE02672,Extreme Heat,HIGH,34.9014,-123.1502,362,2025-05-21T05:55:10,2025-05-21T19:13:44.601148,-15.2,173.7,30.1,0.0,2.71,113
WE02673,Extreme Heat,LOW,36.1267,-96.4435,109,2025-08-07T04:21:28,2025-08-09T12:59:15.761460,42.3,122.2,52.0,3.1,1.44,19
WE02674,Fog,LOW,36.9747,-108.5672,116,2025-03-11T10:20:48,2025-03-12T11:49:51.320423,24.7,44.0,148.4,2.8,1.02,10
WE02675,Extreme Heat,LOW,32.6571,-88.7752,62,2025-09-02T09:41:00,2025-09-04T04:24:14.477756,32.3,162.7,47.3,5.4,1.29,22
WE02676,Fog,LOW,28.3218,-79.5558,145,2025-07-21T00:45:56,2025-07-23T15:06:43.496698,-3.1,115.0,161.1,9.1,1.43,27
WE02677,Extreme Wind,LOW,37.5455,-82.1924,76,2024-06-25T22:02:44,2024-06-28T19:54:21.280572,28.6,36.1,171.7,8.9,1.07,11
WE02678,Tornado,MEDIUM,40.6317,-72.448,216,2026-05-25T21:52:14,2026-05-27T11:19:34.006205,37.3,170.1,134.3,1.4,1.96,34
WE02679,Extreme Wind,LOW,38.245,-122.2757,145,2024-11-06T09:05:08,2024-11-08T07:02:19.597497,-4.4,192.1,143.1,8.4,1.09,22
WE02680,Thunderstorm,LOW,44.6278,-79.296,66,2026-04-27T14:31:36,2026-04-30T11:38:45.412701,-15.9,142.8,112.1,0.3,1.41,13
WE02681,Tornado,MEDIUM,27.3294,-83.6989,241,2024-10-06T12:10:21,2024-10-06T20:06:56.991709,-1.2,92.2,42.9,0.0,1.99,72
WE02682,Thunderstorm,HIGH,42.5682,-124.8102,282,2026-05-04T13:10:59,2026-05-04T22:34:34.231366,8.4,191.6,92.5,1.5,2.32,99
WE02683,Extreme Wind,CRITICAL,37.3688,-78.7162,554,2024-02-11T19:30:18,2024-02-14T01:07:27.119096,-14.2,66.1,51.5,0.0,4.45,253
WE02684,Thunderstorm,MEDIUM,40.949,-76.6137,136,2025-12-18T02:31:25,2025-12-19T02:43:38.658978,-0.0,57.0,146.1,4.0,1.81,54
WE02685,Extreme Heat,LOW,37.2609,-93.6497,113,2024-11-21T16:15:31,2024-11-22T21:38:42.626989,36.4,44.2,194.2,2.6,1.35,10
WE02686,Snowstorm,MEDIUM,46.5823,-94.0405,109,2025-11-12T02:47:07,2025-11-12T06:12:20.755875,24.5,63.4,19.5,7.9,1.51,59
WE02687,Tornado,LOW,38.0409,-79.6055,147,2025-03-28T13:36:52,2025-03-28T17:37:15.382609,-10.8,161.8,98.0,0.9,1.08,22
WE02688,Fog,MEDIUM,37.8123,-85.1979,282,2024-04-17T10:25:19,2024-04-18T13:59:34.210550,29.4,152.9,110.8,0.0,1.56,45
WE02689,Snowstorm,LOW,45.4318,-89.9454,67,2025-09-27T13:54:14,2025-09-29T04:29:40.090618,13.5,124.0,176.1,1.7,1.12,8
WE02690,Fog,HIGH,49.1048,-95.2114,406,2026-02-14T15:22:23,2026-02-16T18:43:40.994635,-9.7,143.4,163.5,0.0,2.31,111
WE02691,Extreme Wind,LOW,31.1433,-87.6061,102,2024-08-04T04:58:25,2024-08-04T08:50:00.459623,-4.0,2.9,104.8,4.3,1.45,21
WE02692,Hurricane,MEDIUM,47.463,-98.6631,205,2025-04-15T10:25:09,2025-04-17T03:24:46.719204,22.5,83.4,26.3,7.9,1.53,89
WE02693,Heavy Rain,HIGH,41.7741,-107.5182,474,2025-01-10T23:12:11,2025-01-11T08:49:51.249180,22.6,69.9,11.1,0.0,2.51,211
WE02694,Heavy Rain,MEDIUM,42.191,-72.7213,160,2025-01-27T12:39:21,2025-01-28T19:30:44.342958,40.2,10.3,75.5,0.8,1.73,65
WE02695,Snowstorm,CRITICAL,32.6654,-104.3813,397,2024-08-27T10:52:34,2024-08-29T19:25:03.534070,32.7,100.0,56.6,0.0,3.88,506
WE02696,Ice,LOW,39.5664,-73.2041,139,2025-10-19T07:21:12,2025-10-22T00:44:51.176115,5.8,5.4,151.7,8.9,1.39,23
WE02697,Tornado,CRITICAL,32.5597,-116.8303,737,2025-08-08T15:14:11,2025-08-10T00:37:40.661516,7.7,57.0,11.3,1.2,5.0,414
WE02698,Snowstorm,HIGH,32.7544,-88.2324,223,2024-04-24T21:37:12,2024-04-26T22:18:25.190071,31.8,119.3,112.7,1.8,2.12,123
WE02699,Snowstorm,LOW,41.0573,-122.8279,136,2025-11-28T14:25:14,2025-11-30T02:46:19.312896,19.7,116.9,64.9,2.0,1.07,11
WE02700,Thunderstorm,CRITICAL,33.1554,-117.2696,538,2026-01-14T11:09:52,2026-01-15T06:04:08.367682,15.7,83.2,11.1,0.0,4.17,464
WE02701,Extreme Wind,MEDIUM,33.349,-79.37,284,2026-06-23T11:37:49,2026-06-23T14:05:48.374546,41.7,166.0,58.1,7.1,1.9,79
WE02702,Extreme Heat,CRITICAL,30.0898,-118.8564,487,2025-09-14T15:05:49,2025-09-16T08:50:22.152064,-0.2,98.7,86.6,0.0,4.58,266
WE02703,Ice,LOW,30.8033,-85.14,143,2026-04-10T02:39:38,2026-04-12T22:46:32.882092,30.8,7.0,167.5,3.7,1.1,12
WE02704,Snowstorm,LOW,40.1868,-85.9238,101,2026-02-25T23:53:17,2026-02-28T12:05:55.495852,-1.1,3.5,146.9,3.1,1.23,23
WE02705,Hurricane,MEDIUM,35.7274,-118.0591,123,2025-10-11T19:22:48,2025-10-14T16:40:44.751051,3.1,194.6,173.5,5.0,1.62,68
WE02706,Snowstorm,MEDIUM,39.537,-123.0006,137,2026-04-24T12:33:44,2026-04-24T23:30:00.039792,31.9,137.9,53.9,0.0,1.94,66
WE02707,Ice,MEDIUM,43.0341,-112.1644,141,2024-02-27T02:42:16,2024-02-29T11:52:57.012053,20.0,104.3,167.6,0.0,1.54,54
WE02708,Hurricane,MEDIUM,47.5149,-117.8406,180,2025-07-12T12:13:51,2025-07-15T10:50:24.747548,32.9,94.2,66.3,2.8,1.98,46
WE02709,Tornado,MEDIUM,33.7004,-100.5027,209,2026-04-14T01:18:21,2026-04-14T05:17:25.794392,2.6,0.7,196.2,6.2,1.99,87
WE02710,Hurricane,MEDIUM,38.107,-123.318,216,2024-05-12T00:21:22,2024-05-12T14:58:33.904172,0.7,187.5,15.4,1.0,1.67,77
WE02711,Snowstorm,LOW,45.5233,-94.8292,103,2024-06-18T21:35:15,2024-06-20T15:03:52.078130,44.0,104.9,35.8,9.2,1.33,22
WE02712,Snowstorm,HIGH,38.7536,-76.6402,440,2025-01-20T14:43:16,2025-01-22T11:36:34.639893,-18.0,99.4,143.3,2.0,2.44,217
WE02713,Hurricane,MEDIUM,37.2904,-116.9947,188,2025-07-05T11:41:17,2025-07-05T16:18:03.255763,42.9,152.5,24.9,6.2,1.99,56
WE02714,Fog,MEDIUM,39.7556,-80.9517,124,2024-09-15T09:32:54,2024-09-16T14:49:54.439323,43.9,64.4,158.4,2.6,1.65,49
WE02715,Heavy Rain,LOW,39.6209,-120.7874,106,2024-03-09T19:30:01,2024-03-10T01:53:01.795229,13.1,139.7,83.0,0.5,1.09,23
WE02716,Thunderstorm,LOW,38.8916,-89.1408,53,2026-05-24T22:22:27,2026-05-25T01:46:11.689671,40.8,101.8,130.4,1.3,1.21,29
WE02717,Extreme Heat,HIGH,32.1546,-87.1605,432,2025-09-12T18:49:45,2025-09-14T19:21:34.204806,44.8,70.1,60.3,4.1,2.53,116
WE02718,Hurricane,LOW,37.997,-97.4093,148,2025-05-30T02:49:15,2025-06-01T07:23:14.724347,12.1,199.7,182.3,4.2,1.13,13
WE02719,Fog,LOW,29.4536,-83.6608,81,2025-10-30T16:32:45,2025-10-31T06:35:06.221356,-13.0,152.5,192.1,8.6,1.07,27
WE02720,Tornado,HIGH,47.6545,-96.6443,298,2024-06-13T13:53:57,2024-06-15T02:44:43.705976,21.4,80.2,124.2,1.5,2.3,151
WE02721,Extreme Heat,MEDIUM,40.9002,-118.6095,256,2024-01-17T09:14:58,2024-01-17T15:05:09.969947,8.2,37.1,101.5,4.2,1.52,37
WE02722,Snowstorm,MEDIUM,31.8677,-91.3966,102,2024-06-02T04:19:08,2024-06-02T12:30:23.206770,31.8,63.9,54.3,0.0,1.7,80
WE02723,Extreme Wind,LOW,28.9158,-88.7658,89,2025-02-05T22:27:56,2025-02-06T22:21:23.910759,19.5,59.9,17.1,0.5,1.12,17
WE02724,Thunderstorm,MEDIUM,34.162,-86.9304,248,2024-12-10T20:48:00,2024-12-12T13:11:46.100676,-9.1,67.4,30.6,6.2,1.78,58
WE02725,Hurricane,LOW,43.9711,-72.4838,75,2026-03-04T07:23:24,2026-03-06T01:29:56.204003,-10.1,126.3,137.5,4.2,1.49,15
WE02726,Hurricane,LOW,40.7013,-113.2591,68,2026-03-16T22:10:57,2026-03-17T16:58:42.274753,30.5,66.4,74.7,6.7,1.33,22
WE02727,Ice,CRITICAL,40.2069,-83.1662,494,2026-05-16T19:30:08,2026-05-19T18:37:23.831329,4.9,128.0,157.2,0.0,3.84,415
WE02728,Hurricane,LOW,42.0115,-80.1863,114,2026-06-20T19:17:26,2026-06-22T13:44:42.562741,31.3,109.3,157.3,8.5,1.07,22
WE02729,Hurricane,HIGH,43.8631,-122.4483,386,2026-06-12T14:19:48,2026-06-13T05:04:10.857685,-1.0,137.6,134.0,1.8,2.49,172
WE02730,Hurricane,CRITICAL,30.8689,-88.3029,528,2024-12-09T08:39:37,2024-12-11T05:24:47.150827,-15.4,2.9,144.7,0.0,4.37,530
WE02731,Fog,MEDIUM,42.4684,-86.1216,140,2025-11-23T11:49:44,2025-11-25T23:33:51.415078,-3.1,79.6,55.7,6.3,1.53,44
WE02732,Ice,LOW,38.2207,-85.6001,86,2025-08-04T04:11:18,2025-08-04T11:27:29.669073,11.1,86.0,45.3,1.0,1.36,10
WE02733,Heavy Rain,HIGH,43.2408,-81.5306,473,2025-08-30T14:32:19,2025-08-31T21:14:19.963243,11.4,17.9,79.0,0.0,2.26,156
WE02734,Extreme Heat,MEDIUM,33.4256,-82.1193,114,2025-12-20T08:14:51,2025-12-21T00:13:47.917193,4.4,137.4,170.8,0.0,1.76,42
WE02735,Heavy Rain,HIGH,38.3106,-77.5075,408,2026-02-16T10:43:00,2026-02-19T08:24:08.156348,16.9,78.4,165.4,1.3,2.66,161
WE02736,Snowstorm,LOW,33.5105,-82.2507,64,2024-08-22T04:10:42,2024-08-22T11:09:55.379200,-10.1,178.0,44.4,2.1,1.45,9
WE02737,Extreme Heat,LOW,43.4918,-72.9889,139,2025-06-19T21:18:58,2025-06-20T07:31:54.134420,19.5,37.6,67.4,8.3,1.4,8
WE02738,Snowstorm,MEDIUM,35.089,-87.0495,294,2024-02-08T03:45:43,2024-02-11T03:16:28.681197,3.8,40.0,150.5,1.3,1.84,81
WE02739,Thunderstorm,HIGH,37.2119,-99.2823,201,2026-01-19T23:00:38,2026-01-21T14:54:10.586968,11.3,88.3,139.8,3.8,2.54,228
WE02740,Ice,MEDIUM,36.5744,-90.9484,270,2024-06-11T09:52:57,2024-06-12T10:31:38.838373,-5.3,188.9,53.9,6.7,1.66,47
WE02741,Extreme Wind,LOW,41.1341,-73.0836,98,2025-04-03T22:30:41,2025-04-04T12:35:13.751624,15.2,37.3,175.9,9.1,1.07,5
WE02742,Extreme Wind,LOW,42.7166,-77.5912,127,2025-10-08T04:41:16,2025-10-09T00:41:52.205776,23.9,101.3,122.8,7.9,1.32,7
WE02743,Heavy Rain,CRITICAL,39.2327,-109.0728,460,2024-05-13T08:53:56,2024-05-16T07:49:13.439771,11.6,45.0,120.6,0.0,4.28,473
WE02744,Snowstorm,MEDIUM,39.9692,-121.3054,190,2024-06-29T07:22:42,2024-06-30T23:35:01.986105,-1.6,92.0,180.1,0.0,1.73,63
WE02745,Extreme Heat,LOW,32.7796,-89.6018,139,2024-08-08T02:02:00,2024-08-09T05:50:15.653774,1.6,15.6,124.4,5.6,1.04,25
WE02746,Snowstorm,LOW,31.1351,-82.8551,143,2025-06-25T02:38:00,2025-06-27T18:56:18.815849,22.4,200.0,125.1,6.8,1.08,15
WE02747,Hurricane,LOW,32.0707,-104.4961,78,2025-04-29T12:06:53,2025-04-29T21:51:47.984880,31.9,141.2,171.8,4.4,1.35,29
WE02748,Ice,LOW,39.6091,-74.2517,64,2025-06-16T22:27:10,2025-06-17T05:55:51.513686,2.3,172.7,7.4,0.2,1.09,21
WE02749,Tornado,LOW,28.9281,-109.3443,67,2025-12-08T08:01:51,2025-12-09T20:04:16.727217,-16.1,137.9,135.4,9.2,1.12,12
WE02750,Fog,MEDIUM,37.475,-104.0491,112,2024-11-17T08:34:22,2024-11-17T20:13:13.015277,8.1,110.9,169.1,1.1,1.71,33
WE02751,Thunderstorm,LOW,40.7256,-116.8367,82,2026-03-20T12:34:08,2026-03-21T00:44:22.365357,-5.2,135.0,131.6,3.4,1.09,19
WE02752,Snowstorm,LOW,40.7225,-77.681,139,2026-01-20T04:47:10,2026-01-21T04:33:15.461334,23.5,23.5,71.7,2.1,1.33,25
WE02753,Snowstorm,LOW,31.4997,-86.245,76,2025-06-25T01:34:34,2025-06-26T08:45:44.509396,38.6,128.9,132.6,9.8,1.1,28
WE02754,Fog,MEDIUM,47.101,-92.6552,234,2026-01-09T16:37:33,2026-01-10T10:42:51.758974,42.1,70.9,11.1,8.0,1.64,85
WE02755,Fog,LOW,38.2411,-94.2235,125,2024-05-31T15:39:01,2024-06-01T23:05:44.211482,17.2,186.0,179.8,1.5,1.02,22
WE02756,Extreme Heat,MEDIUM,36.0114,-82.6353,140,2025-11-11T16:00:36,2025-11-12T02:04:10.305328,-3.0,180.3,23.2,5.3,2.0,81
WE02757,Extreme Wind,MEDIUM,44.5487,-95.2189,206,2025-12-03T20:27:14,2025-12-05T06:29:29.723808,13.4,67.3,104.0,1.2,1.58,37
WE02758,Hurricane,MEDIUM,31.9127,-112.8834,217,2025-05-10T09:48:25,2025-05-11T08:19:31.623823,16.1,173.9,159.6,4.4,1.74,49
WE02759,Ice,MEDIUM,45.6718,-80.4935,173,2024-04-14T08:26:27,2024-04-14T21:30:02.322739,29.8,198.4,151.7,7.8,1.93,54
WE02760,Ice,HIGH,31.3846,-107.5287,494,2025-04-11T10:39:23,2025-04-12T20:25:05.412987,19.4,47.2,35.1,0.8,2.3,124
WE02761,Tornado,MEDIUM,41.0985,-68.2018,248,2024-03-10T09:54:17,2024-03-11T06:36:27.851465,-13.6,45.7,188.9,0.0,1.85,53
WE02762,Thunderstorm,LOW,27.1131,-99.1514,135,2024-06-27T18:41:23,2024-06-29T00:32:45.947123,4.4,193.0,130.2,2.9,1.48,10
WE02763,Heavy Rain,MEDIUM,43.7772,-74.9393,149,2024-02-05T02:02:02,2024-02-07T09:25:36.292119,1.8,153.4,0.6,2.3,1.68,62
WE02764,Hurricane,CRITICAL,34.3544,-91.53,472,2025-06-16T22:52:22,2025-06-19T01:39:28.619388,-19.2,94.6,128.0,0.0,4.53,362
WE02765,Tornado,LOW,26.3883,-82.0872,56,2024-06-18T21:20:10,2024-06-19T11:15:27.374888,34.0,69.0,176.5,9.3,1.32,15
WE02766,Heavy Rain,CRITICAL,39.3412,-92.3201,633,2024-09-12T07:33:52,2024-09-14T09:32:34.587394,20.3,125.5,2.0,0.0,3.53,299
WE02767,Snowstorm,MEDIUM,40.0319,-97.1689,206,2025-01-13T21:44:01,2025-01-14T07:37:19.020242,21.2,120.1,152.2,0.0,1.91,40
WE02768,Ice,HIGH,40.7037,-79.1104,429,2026-03-12T13:38:49,2026-03-14T12:44:23.034339,36.6,139.0,68.6,1.1,2.95,161
WE02769,Fog,LOW,42.1659,-77.8485,142,2024-09-28T00:05:16,2024-09-30T15:37:50.772063,31.3,141.2,170.7,9.0,1.05,15
WE02770,Ice,MEDIUM,37.8042,-97.869,183,2026-05-07T08:42:25,2026-05-07T11:59:05.324021,32.4,186.8,154.7,0.0,1.86,80
WE02771,Snowstorm,LOW,27.6936,-83.5007,56,2024-09-05T18:17:31,2024-09-06T07:51:29.174545,-18.5,120.0,32.8,2.5,1.06,6
WE02772,Hurricane,CRITICAL,28.0044,-84.2244,305,2025-05-29T04:11:19,2025-05-31T18:51:54.650900,18.4,29.3,105.7,0.0,4.89,486
WE02773,Fog,HIGH,38.3369,-95.742,393,2026-05-19T16:40:54,2026-05-21T23:16:19.728456,-18.6,21.7,187.3,3.5,2.96,169
WE02774,Tornado,MEDIUM,42.4687,-117.3999,160,2025-10-24T08:12:09,2025-10-24T14:56:44.347912,43.7,181.5,17.6,5.2,1.85,47
WE02775,Extreme Wind,MEDIUM,34.8952,-115.301,230,2025-12-18T18:37:39,2025-12-20T12:03:26.655137,4.6,9.7,166.7,3.0,1.73,65
WE02776,Snowstorm,LOW,47.0374,-122.6626,87,2024-12-26T04:12:04,2024-12-27T20:56:00.890845,-10.7,16.3,43.6,8.8,1.15,24
WE02777,Hurricane,MEDIUM,34.2797,-118.0377,224,2025-09-21T05:15:46,2025-09-22T15:18:39.979065,21.4,194.9,81.5,4.6,1.66,37
WE02778,Extreme Wind,HIGH,37.3134,-91.6951,365,2024-10-13T12:51:38,2024-10-13T19:12:59.100974,15.1,119.2,154.2,0.0,2.91,235
WE02779,Hurricane,LOW,39.29,-84.6789,61,2024-10-16T13:00:29,2024-10-16T21:46:21.493617,38.8,13.0,112.1,7.5,1.1,7
WE02780,Heavy Rain,MEDIUM,39.5403,-83.8551,168,2025-11-02T07:08:24,2025-11-03T15:54:15.046661,12.5,27.0,185.4,0.0,1.97,84
WE02781,Snowstorm,LOW,40.6422,-86.4953,140,2025-09-06T12:22:48,2025-09-09T09:58:17.337760,-5.6,28.5,75.1,3.0,1.01,26
WE02782,Extreme Wind,MEDIUM,42.1462,-92.006,241,2024-02-15T08:22:00,2024-02-17T13:07:35.377969,0.2,148.1,130.8,7.6,1.94,38
WE02783,Snowstorm,LOW,37.7893,-96.1819,51,2024-11-02T12:47:17,2024-11-02T23:34:37.349971,-11.8,105.4,91.8,3.3,1.29,22
WE02784,Snowstorm,MEDIUM,39.6384,-92.7032,102,2025-11-29T09:22:16,2025-11-30T15:26:54.897616,-8.3,146.2,137.4,7.7,1.9,81
WE02785,Tornado,LOW,41.8962,-88.6238,106,2025-10-29T06:53:26,2025-10-31T00:26:10.675654,39.3,58.7,96.3,5.0,1.35,5
WE02786,Extreme Heat,LOW,37.1288,-93.8701,137,2025-08-27T00:50:55,2025-08-28T04:44:42.546204,-18.7,141.1,159.3,3.7,1.28,24
WE02787,Thunderstorm,MEDIUM,33.1005,-100.018,242,2024-01-07T21:54:34,2024-01-10T12:36:22.483815,34.0,64.4,49.1,0.0,1.97,88
WE02788,Heavy Rain,MEDIUM,48.0191,-117.8925,261,2024-11-29T16:10:45,2024-11-30T12:04:06.487875,-2.7,164.1,148.8,7.3,1.61,79
WE02789,Tornado,CRITICAL,34.6455,-92.2775,641,2024-11-15T16:12:05,2024-11-18T15:35:42.829843,15.5,80.7,171.2,1.6,4.81,244
WE02790,Snowstorm,LOW,45.154,-97.9773,114,2025-03-08T09:26:50,2025-03-09T23:40:14.170086,16.2,21.0,171.7,8.2,1.44,5
WE02791,Extreme Heat,HIGH,43.1576,-72.6249,210,2024-04-07T04:32:44,2024-04-08T16:54:33.420820,-15.0,104.2,16.4,4.3,2.37,120
WE02792,Extreme Heat,LOW,34.5777,-108.1897,109,2026-06-15T21:05:24,2026-06-16T14:35:45.553409,4.3,154.0,116.8,7.3,1.0,9
WE02793,Heavy Rain,MEDIUM,27.9696,-89.9156,119,2024-06-07T01:35:28,2024-06-09T20:52:40.342036,23.2,176.2,103.3,2.4,1.84,80
WE02794,Heavy Rain,HIGH,31.1319,-88.8347,402,2026-04-14T00:40:23,2026-04-15T02:42:57.731107,38.5,99.2,37.0,3.3,2.25,153
WE02795,Ice,LOW,38.6993,-78.0303,104,2024-10-17T10:22:04,2024-10-19T14:09:55.112369,41.7,132.9,43.5,3.6,1.21,17
WE02796,Heavy Rain,CRITICAL,35.6223,-92.2242,671,2025-07-22T05:45:09,2025-07-24T08:30:41.708454,31.2,107.1,46.4,0.0,4.76,279
WE02797,Thunderstorm,HIGH,47.2432,-114.8882,258,2025-05-21T09:35:54,2025-05-21T16:10:34.350875,26.8,24.2,97.2,0.0,2.37,156
WE02798,Heavy Rain,MEDIUM,47.9034,-114.8183,295,2024-11-02T03:27:41,2024-11-04T02:08:11.716602,31.5,47.6,154.3,0.0,1.93,55
WE02799,Tornado,MEDIUM,38.1926,-86.2372,127,2025-12-11T18:42:58,2025-12-14T14:04:15.329147,2.7,34.1,49.1,1.6,1.69,37
WE02800,Thunderstorm,MEDIUM,28.4119,-94.0791,270,2024-06-26T00:32:57,2024-06-26T23:07:45.486123,15.3,143.4,67.3,0.0,1.74,32
WE02801,Hurricane,CRITICAL,32.4293,-117.2768,624,2025-02-11T13:14:36,2025-02-13T11:56:13.221857,18.3,137.8,81.1,1.0,3.4,307
WE02802,Extreme Heat,HIGH,38.4484,-80.7853,431,2026-01-30T09:17:07,2026-02-01T04:18:51.196258,-11.4,177.9,144.0,1.6,2.94,106
WE02803,Heavy Rain,HIGH,32.4655,-109.4194,373,2026-03-30T18:38:30,2026-03-31T15:25:17.332594,32.3,147.2,7.4,1.3,2.31,118
WE02804,Extreme Wind,HIGH,40.4239,-73.9662,367,2025-05-01T20:33:07,2025-05-02T00:09:04.469880,11.1,100.5,144.4,0.0,2.25,102
WE02805,Hurricane,CRITICAL,41.1035,-88.4647,679,2025-08-26T17:31:18,2025-08-27T06:39:02.896298,15.6,145.3,186.4,0.2,3.24,263
WE02806,Extreme Wind,MEDIUM,39.2833,-85.6808,100,2025-09-01T19:06:04,2025-09-02T05:40:03.289208,13.7,115.6,119.6,1.7,1.56,35
WE02807,Fog,MEDIUM,31.6118,-96.4667,190,2024-06-26T10:52:49,2024-06-29T09:01:05.142546,-13.5,16.2,168.9,3.0,1.71,69
WE02808,Thunderstorm,LOW,41.0426,-98.3782,63,2025-06-24T11:34:14,2025-06-27T06:20:14.041384,16.4,37.7,185.5,4.0,1.21,11
WE02809,Ice,HIGH,42.5144,-72.897,242,2025-06-30T18:56:56,2025-07-02T10:41:14.950317,21.0,198.3,186.0,0.0,2.14,110
WE02810,Snowstorm,LOW,41.9385,-72.2916,75,2025-12-12T06:16:47,2025-12-12T14:01:44.332199,10.5,38.4,23.2,7.7,1.11,11
WE02811,Extreme Wind,HIGH,37.272,-75.6427,260,2024-09-25T00:17:30,2024-09-26T11:08:13.604038,7.6,191.3,105.5,0.0,2.65,94
WE02812,Extreme Heat,CRITICAL,34.7339,-78.5418,712,2025-04-07T01:32:49,2025-04-09T14:43:36.521527,22.4,189.2,131.5,0.0,4.04,549
WE02813,Ice,MEDIUM,30.9277,-86.7144,156,2024-05-11T15:46:56,2024-05-12T17:42:58.330420,13.1,72.7,125.1,6.1,1.92,44
WE02814,Snowstorm,HIGH,40.1356,-88.3451,466,2024-07-27T01:56:05,2024-07-29T09:19:28.502179,42.9,25.5,186.8,0.0,2.17,121
WE02815,Tornado,CRITICAL,30.581,-92.7267,476,2025-05-01T12:24:39,2025-05-03T18:30:32.288246,-9.9,127.4,150.2,0.0,3.13,271
WE02816,Thunderstorm,MEDIUM,28.3667,-80.6,219,2024-07-02T02:12:03,2024-07-04T16:22:59.459009,18.5,31.7,47.7,0.1,1.6,51
WE02817,Thunderstorm,LOW,43.9469,-72.2957,79,2025-01-05T14:38:09,2025-01-06T12:50:19.185275,21.6,42.5,2.0,9.1,1.26,11
WE02818,Heavy Rain,HIGH,30.9951,-82.4096,305,2025-04-19T09:23:30,2025-04-19T22:33:38.199607,31.5,125.4,93.2,2.5,2.45,155
WE02819,Thunderstorm,MEDIUM,30.7674,-83.5691,297,2024-06-30T16:10:16,2024-07-02T19:43:41.682781,13.1,165.3,135.5,3.9,1.5,44
WE02820,Extreme Heat,LOW,28.9755,-104.0676,145,2024-10-11T08:23:39,2024-10-14T04:20:36.920428,20.7,28.9,172.4,5.3,1.13,25
WE02821,Ice,HIGH,35.4883,-86.7173,337,2025-08-02T21:51:32,2025-08-04T00:58:15.330289,-6.4,171.9,112.5,0.0,2.05,151
WE02822,Thunderstorm,HIGH,29.5789,-81.8055,321,2024-08-07T14:13:42,2024-08-08T03:45:44.374633,30.8,31.7,79.7,4.4,2.97,100
WE02823,Thunderstorm,MEDIUM,36.8509,-120.7988,283,2026-03-04T12:55:53,2026-03-06T03:27:06.254234,17.6,88.9,43.8,1.5,1.52,61
WE02824,Heavy Rain,MEDIUM,37.0409,-115.2619,193,2025-08-26T10:57:37,2025-08-27T22:12:51.817008,5.7,24.3,136.5,2.7,1.71,45
WE02825,Fog,LOW,23.0191,-77.8192,53,2025-10-11T17:05:02,2025-10-12T20:55:00.629569,-0.8,190.2,2.6,4.4,1.28,19
WE02826,Fog,MEDIUM,37.6166,-84.8901,121,2024-08-02T04:03:55,2024-08-02T12:54:00.521021,-13.8,151.3,135.2,7.2,1.93,67
WE02827,Thunderstorm,HIGH,37.3993,-94.682,341,2026-06-11T22:19:21,2026-06-13T08:34:33.501484,-4.2,61.0,186.5,0.7,2.89,232
WE02828,Heavy Rain,LOW,33.5079,-81.4952,121,2025-08-19T01:44:39,2025-08-21T18:00:54.952943,29.0,111.6,19.5,5.0,1.04,26
WE02829,Extreme Wind,HIGH,34.5665,-84.6246,402,2025-10-19T04:01:44,2025-10-19T18:48:34.474847,-2.7,172.1,135.3,0.4,2.84,180
WE02830,Tornado,LOW,40.2711,-74.1982,125,2024-10-15T13:23:59,2024-10-16T05:41:48.920012,14.5,127.9,191.7,3.0,1.06,11
WE02831,Hurricane,CRITICAL,41.3831,-68.8121,414,2026-01-26T00:22:50,2026-01-26T12:22:48.279635,18.6,15.5,154.6,0.0,4.97,464
WE02832,Tornado,LOW,37.9232,-96.4951,139,2026-04-14T18:57:04,2026-04-15T06:09:23.168537,7.1,56.8,59.3,7.1,1.38,14
WE02833,Tornado,MEDIUM,41.0325,-73.748,256,2024-09-26T02:39:41,2024-09-26T22:52:31.267665,37.5,168.8,106.9,7.4,1.96,33
WE02834,Extreme Heat,LOW,38.5376,-84.5153,68,2026-05-12T00:38:25,2026-05-14T20:45:21.185121,9.7,144.3,149.8,5.4,1.43,21
WE02835,Tornado,LOW,35.1828,-105.166,89,2024-09-16T05:11:51,2024-09-17T21:11:28.673041,2.7,86.3,96.7,6.9,1.34,21
WE02836,Heavy Rain,CRITICAL,42.631,-90.1915,728,2026-01-30T15:10:40,2026-02-01T21:30:06.063830,-15.6,23.5,34.7,0.0,4.79,451
WE02837,Extreme Wind,HIGH,40.0861,-74.64,350,2025-03-24T16:32:27,2025-03-24T20:43:12.149643,42.4,14.2,184.3,4.8,2.08,114
WE02838,Heavy Rain,LOW,38.4597,-94.6422,107,2024-08-05T22:38:02,2024-08-08T15:48:16.321905,-19.8,46.6,146.4,0.3,1.25,19
WE02839,Snowstorm,MEDIUM,30.3028,-95.8431,210,2024-10-17T15:32:26,2024-10-17T18:46:39.909562,31.5,36.2,61.4,2.7,1.79,41
WE02840,Heavy Rain,LOW,32.3135,-88.3289,69,2025-05-03T16:23:34,2025-05-06T03:37:38.031389,8.8,183.2,29.4,2.8,1.15,17
WE02841,Extreme Heat,CRITICAL,32.5342,-94.1258,514,2025-12-01T14:32:05,2025-12-04T03:20:48.790763,-4.3,41.0,99.5,0.0,3.28,341
WE02842,Ice,MEDIUM,38.4797,-110.2844,184,2024-03-24T06:46:21,2024-03-25T21:15:08.917197,-0.2,33.7,91.5,4.3,1.71,36
WE02843,Heavy Rain,LOW,33.9796,-95.5016,101,2025-07-11T17:57:01,2025-07-13T06:30:48.744937,-4.2,188.3,192.2,6.7,1.27,23
WE02844,Thunderstorm,MEDIUM,41.8814,-76.5479,183,2024-01-15T21:17:47,2024-01-15T23:37:35.215805,-19.5,129.0,191.9,7.6,1.59,32
WE02845,Hurricane,MEDIUM,31.0965,-92.6092,111,2026-01-22T19:31:48,2026-01-25T07:15:06.146715,32.3,40.9,7.4,1.9,1.59,84
WE02846,Fog,MEDIUM,28.8207,-83.6238,200,2024-07-31T02:22:59,2024-07-31T16:49:53.141100,26.0,101.1,160.9,6.5,1.59,75
WE02847,Fog,MEDIUM,32.4393,-95.6487,150,2024-10-30T02:55:02,2024-10-30T21:35:48.761731,3.0,130.8,51.3,7.0,1.54,52
WE02848,Extreme Wind,LOW,38.6497,-75.4176,118,2025-08-19T10:28:34,2025-08-22T05:54:12.385333,2.6,111.0,45.8,2.5,1.06,10
WE02849,Hurricane,CRITICAL,47.6307,-121.8425,405,2026-05-22T09:17:50,2026-05-25T05:04:33.456989,42.4,119.6,108.0,0.0,3.04,413
WE02850,Thunderstorm,LOW,38.489,-120.3187,74,2026-02-24T04:05:42,2026-02-24T16:09:49.820231,34.4,47.6,116.7,5.6,1.48,6
WE02851,Tornado,MEDIUM,28.6023,-88.6687,291,2026-02-07T21:48:48,2026-02-10T15:51:58.465013,-11.0,11.2,187.7,7.6,1.98,68
WE02852,Fog,HIGH,41.2225,-86.4666,438,2025-09-27T13:38:02,2025-09-29T02:57:12.730813,17.9,61.7,155.9,0.0,2.8,157
WE02853,Tornado,LOW,38.3796,-123.587,79,2026-02-02T20:52:10,2026-02-03T10:37:42.322993,-18.5,18.4,107.5,5.2,1.11,11
WE02854,Hurricane,MEDIUM,35.6916,-89.0227,108,2025-10-07T15:49:32,2025-10-10T03:28:15.797844,42.4,127.1,97.6,4.7,1.62,53
WE02855,Snowstorm,LOW,34.8239,-95.8569,131,2025-11-20T11:59:32,2025-11-21T20:23:19.273390,-10.7,191.0,192.2,3.4,1.42,16
WE02856,Extreme Heat,LOW,29.7903,-84.9518,105,2026-01-29T04:02:18,2026-01-30T21:10:43.289005,37.7,3.9,48.7,2.9,1.23,24
WE02857,Heavy Rain,MEDIUM,36.8095,-88.6672,293,2024-09-16T19:39:43,2024-09-17T19:28:43.523998,-7.8,184.7,0.9,5.5,1.64,43
WE02858,Snowstorm,LOW,32.8296,-83.8088,100,2024-05-08T10:11:03,2024-05-10T12:16:53.531478,38.7,171.2,180.5,6.9,1.31,7
WE02859,Fog,LOW,36.1033,-110.976,94,2026-05-28T07:33:28,2026-05-30T12:21:31.817841,10.4,197.3,86.7,2.6,1.4,6
WE02860,Fog,CRITICAL,27.822,-83.4039,435,2024-02-17T22:34:13,2024-02-20T03:19:05.249362,36.4,180.0,193.1,0.0,3.73,303
WE02861,Thunderstorm,LOW,30.8085,-85.009,70,2024-12-08T13:56:09,2024-12-10T00:25:21.538459,-2.7,51.0,123.4,3.7,1.38,6
WE02862,Ice,HIGH,39.1476,-95.6081,477,2025-03-29T17:54:04,2025-04-01T16:25:23.567947,3.0,32.8,87.2,0.0,2.46,125
WE02863,Fog,LOW,36.2947,-87.8489,97,2024-02-20T18:57:40,2024-02-23T13:13:29.468184,23.7,127.3,154.1,4.7,1.3,25
WE02864,Extreme Heat,LOW,34.2206,-116.0024,143,2025-03-02T23:15:34,2025-03-04T10:23:05.923643,-13.4,128.6,70.2,4.0,1.39,18
WE02865,Fog,MEDIUM,33.2255,-93.9741,287,2024-12-15T06:46:12,2024-12-16T01:06:44.610256,4.1,188.7,88.0,4.8,1.78,34
WE02866,Heavy Rain,LOW,40.9515,-81.4142,77,2026-04-15T03:30:07,2026-04-15T11:52:13.371885,41.7,188.9,88.1,0.3,1.14,19
WE02867,Extreme Heat,LOW,33.221,-96.5844,119,2025-03-24T10:24:33,2025-03-25T01:29:31.456909,-7.6,184.8,140.0,7.9,1.34,24
WE02868,Hurricane,MEDIUM,49.0014,-118.5963,244,2024-09-18T07:17:06,2024-09-20T18:42:09.716963,6.8,106.3,4.5,7.6,1.61,64
WE02869,Extreme Heat,LOW,32.8716,-82.6937,134,2025-12-11T10:10:37,2025-12-12T20:12:58.513983,35.0,192.9,74.2,0.4,1.11,12
WE02870,Fog,LOW,30.2754,-94.9371,74,2026-05-28T16:58:39,2026-05-29T12:54:14.015214,11.5,35.4,124.6,7.5,1.12,10
WE02871,Extreme Wind,LOW,34.2135,-91.8687,106,2026-02-08T10:37:11,2026-02-09T19:36:07.631600,-1.9,105.6,29.2,9.2,1.09,10
WE02872,Heavy Rain,CRITICAL,33.6698,-85.2287,764,2026-05-03T23:16:39,2026-05-06T15:04:19.638695,17.5,123.0,35.0,0.0,3.65,581
WE02873,Extreme Heat,LOW,25.1137,-83.1608,141,2026-03-04T12:13:38,2026-03-06T14:55:47.056469,19.3,15.5,41.6,9.1,1.38,9
WE02874,Snowstorm,LOW,39.1345,-81.8829,82,2024-06-24T20:48:42,2024-06-27T04:30:49.313246,-14.7,29.2,25.1,0.4,1.03,22
WE02875,Thunderstorm,MEDIUM,36.321,-120.3252,294,2026-06-08T16:19:39,2026-06-09T12:41:08.944836,-8.2,170.2,69.4,4.7,1.98,30
WE02876,Heavy Rain,HIGH,40.1626,-123.8823,450,2024-06-26T09:55:57,2024-06-27T19:29:41.106371,2.1,33.0,199.9,3.4,2.38,167
WE02877,Thunderstorm,LOW,33.4824,-94.7697,148,2025-02-20T03:37:20,2025-02-20T08:30:56.460334,-18.5,167.6,129.3,4.9,1.48,12
WE02878,Ice,MEDIUM,41.0611,-94.5356,251,2026-04-23T16:27:57,2026-04-24T03:52:43.581420,-8.7,164.5,19.5,0.0,1.5,41
WE02879,Ice,LOW,43.6898,-79.2913,144,2025-07-23T21:35:53,2025-07-26T18:02:19.759421,41.1,58.8,82.7,9.1,1.31,21
WE02880,Hurricane,HIGH,44.7438,-91.3146,314,2026-04-22T00:50:30,2026-04-24T13:18:10.378187,25.9,163.9,145.8,3.2,2.55,200
WE02881,Extreme Wind,MEDIUM,24.9029,-80.8359,179,2024-03-05T15:21:09,2024-03-06T21:29:30.560232,18.4,70.0,61.2,2.3,1.86,49
WE02882,Extreme Wind,LOW,34.03,-84.4663,142,2025-11-16T15:20:19,2025-11-18T07:58:02.158797,42.9,100.0,28.8,6.8,1.29,14
WE02883,Extreme Wind,MEDIUM,34.5565,-106.8818,208,2026-04-28T17:31:35,2026-04-28T19:33:36.252171,20.1,86.4,129.5,6.8,1.83,62
WE02884,Hurricane,MEDIUM,35.0,-86.997,244,2024-12-05T11:50:01,2024-12-06T04:25:56.883886,7.7,73.3,67.3,5.5,1.98,74
WE02885,Heavy Rain,CRITICAL,32.7326,-93.1601,676,2025-10-22T10:54:56,2025-10-25T08:18:58.601954,16.1,167.5,109.6,0.0,3.32,344
WE02886,Fog,HIGH,42.5944,-72.1867,223,2024-06-08T02:21:41,2024-06-10T03:22:05.479916,30.5,118.0,183.5,1.3,2.8,230
WE02887,Snowstorm,MEDIUM,33.366,-93.3314,248,2025-01-19T12:38:52,2025-01-20T02:50:24.927991,11.1,149.7,3.4,1.2,1.74,44
WE02888,Tornado,MEDIUM,38.8237,-113.0346,191,2025-04-07T11:23:36,2025-04-09T00:25:35.306807,-2.5,67.2,73.5,2.1,1.66,36
WE02889,Ice,MEDIUM,36.7631,-91.9004,231,2024-02-20T01:38:10,2024-02-22T20:56:44.436103,40.6,8.3,66.6,8.0,1.74,77
WE02890,Snowstorm,MEDIUM,39.0447,-98.0265,182,2025-11-29T15:14:13,2025-11-30T07:21:15.806660,36.1,179.0,123.4,6.7,1.51,59
WE02891,Extreme Wind,HIGH,41.4974,-114.4721,371,2025-02-12T06:27:42,2025-02-14T04:05:05.128063,-17.2,172.6,2.2,4.7,2.87,98
WE02892,Snowstorm,LOW,38.7974,-91.8527,90,2025-06-25T11:53:29,2025-06-26T21:56:36.673504,33.5,120.2,34.6,2.3,1.3,20
WE02893,Hurricane,MEDIUM,42.9468,-84.5785,259,2024-05-15T02:57:41,2024-05-15T07:48:58.342378,-8.2,11.7,53.2,5.5,1.81,85
WE02894,Thunderstorm,HIGH,39.7124,-95.6126,423,2025-11-13T01:42:44,2025-11-15T12:17:37.295013,30.7,140.6,152.8,1.1,2.41,224
WE02895,Tornado,MEDIUM,30.8909,-83.9257,285,2024-07-01T08:28:05,2024-07-01T13:24:26.195742,30.9,189.2,90.1,7.7,1.68,54
WE02896,Hurricane,HIGH,36.9188,-91.3669,369,2025-01-03T01:59:21,2025-01-04T23:17:22.854289,35.1,101.6,181.1,3.8,2.84,140
WE02897,Ice,MEDIUM,44.2149,-93.6511,102,2024-11-22T00:49:30,2024-11-23T04:26:52.957954,-2.5,38.1,140.0,3.5,1.96,67
WE02898,Extreme Heat,LOW,45.5236,-78.9249,96,2025-06-28T16:27:54,2025-06-30T21:13:27.212715,-6.5,59.3,97.4,5.1,1.35,8
WE02899,Thunderstorm,HIGH,42.4989,-83.2213,284,2025-10-27T03:13:30,2025-10-29T22:54:17.507789,41.8,11.9,15.3,0.0,2.63,193
WE02900,Heavy Rain,HIGH,30.2769,-88.1106,217,2024-09-14T20:14:35,2024-09-17T16:59:46.926535,31.5,176.6,102.2,3.6,2.8,200
WE02901,Hurricane,MEDIUM,35.1099,-108.0599,195,2024-08-04T07:03:20,2024-08-06T08:04:10.870879,-2.0,83.0,195.0,7.1,1.59,88
WE02902,Thunderstorm,LOW,42.1223,-95.6012,126,2024-11-16T23:20:20,2024-11-18T07:08:46.877809,-19.3,176.7,132.6,7.7,1.1,18
WE02903,Thunderstorm,LOW,42.0443,-93.5675,121,2024-11-17T11:23:01,2024-11-20T00:05:23.994308,37.5,180.9,65.1,3.5,1.29,19
WE02904,Tornado,HIGH,33.2252,-92.1408,454,2024-04-02T05:01:13,2024-04-02T17:12:48.607700,15.1,25.9,176.8,4.0,2.25,186
WE02905,Heavy Rain,HIGH,44.1563,-73.6191,490,2026-06-04T13:54:43,2026-06-06T05:42:46.533265,38.3,158.1,41.4,4.7,2.78,236
WE02906,Snowstorm,MEDIUM,41.762,-111.489,268,2025-06-28T23:20:56,2025-06-29T16:51:48.664730,5.9,117.1,61.7,5.8,1.8,36
WE02907,Thunderstorm,LOW,30.5071,-81.5684,108,2026-04-06T20:51:59,2026-04-08T11:11:35.464386,23.2,33.7,4.0,9.1,1.15,10
WE02908,Hurricane,MEDIUM,42.139,-86.4681,240,2025-03-12T15:36:32,2025-03-14T19:47:09.487079,40.5,36.7,86.4,1.4,1.84,80
WE02909,Ice,MEDIUM,43.2618,-83.1413,239,2026-04-16T22:44:50,2026-04-17T07:31:00.196508,-7.5,98.0,178.7,3.9,1.86,42
WE02910,Snowstorm,MEDIUM,43.8067,-109.3985,147,2024-09-18T13:33:47,2024-09-19T16:35:05.604938,16.4,85.6,157.1,0.0,1.63,87
WE02911,Thunderstorm,MEDIUM,42.0424,-74.0245,293,2025-05-17T18:40:52,2025-05-18T06:48:50.090741,-3.0,156.7,141.6,7.0,1.77,42
WE02912,Thunderstorm,HIGH,35.3789,-93.2972,429,2025-03-30T14:12:44,2025-03-31T02:29:17.811771,39.9,79.8,61.0,0.0,2.16,233
WE02913,Snowstorm,LOW,36.3999,-89.6695,131,2025-03-25T11:07:30,2025-03-28T04:10:36.038794,-1.9,39.6,70.5,7.5,1.07,26
WE02914,Snowstorm,MEDIUM,34.6212,-84.855,127,2026-06-08T17:07:48,2026-06-08T20:21:40.430682,33.0,42.9,101.6,2.8,1.61,87
WE02915,Extreme Wind,LOW,30.2353,-92.6133,69,2025-02-19T07:16:18,2025-02-21T10:42:17.308444,36.3,78.9,52.5,8.1,1.05,18
WE02916,Extreme Wind,HIGH,38.1173,-100.1613,497,2026-03-10T02:46:50,2026-03-10T18:45:56.082481,4.1,18.1,92.4,0.0,2.29,163
WE02917,Heavy Rain,MEDIUM,41.6389,-74.2075,282,2024-05-27T22:15:05,2024-05-28T02:29:10.685135,-1.7,149.4,82.8,2.5,1.7,37
WE02918,Hurricane,LOW,43.7249,-91.9019,137,2024-07-29T15:07:14,2024-07-31T07:45:21.312557,33.3,33.1,143.0,9.1,1.3,26
WE02919,Thunderstorm,CRITICAL,25.6621,-82.5988,647,2025-10-01T09:25:09,2025-10-02T03:00:00.386103,21.9,127.7,137.5,0.0,4.33,451
WE02920,Heavy Rain,LOW,42.4772,-91.891,54,2024-04-02T02:20:16,2024-04-04T13:16:03.043963,-15.8,184.1,68.0,7.2,1.03,12
WE02921,Fog,LOW,32.9407,-90.0394,74,2025-03-06T19:22:14,2025-03-08T23:13:49.094347,-17.6,64.7,84.3,4.9,1.0,18
WE02922,Thunderstorm,HIGH,42.2129,-76.4211,227,2024-07-16T02:44:01,2024-07-18T18:43:56.766974,-9.7,153.3,70.4,0.0,2.21,91
WE02923,Tornado,HIGH,37.4678,-74.4753,228,2024-07-25T03:04:25,2024-07-25T20:11:36.117219,27.7,142.1,56.8,2.1,2.68,125
WE02924,Ice,LOW,39.2616,-93.1075,51,2025-01-22T20:38:32,2025-01-25T13:53:15.775552,40.8,157.0,197.2,9.4,1.18,7
WE02925,Thunderstorm,MEDIUM,26.0858,-80.4542,293,2024-08-15T04:21:02,2024-08-17T10:28:08.436208,40.4,144.3,78.3,0.0,1.93,47
WE02926,Ice,MEDIUM,39.7502,-73.8727,230,2025-05-15T08:38:08,2025-05-17T07:41:22.269080,-15.5,93.5,195.0,2.1,1.93,63
WE02927,Fog,HIGH,39.5869,-123.5007,273,2025-01-19T13:30:34,2025-01-21T14:05:54.597435,-12.4,88.8,196.8,2.3,2.0,165
WE02928,Snowstorm,LOW,29.3055,-98.4164,134,2025-09-02T00:56:42,2025-09-04T15:04:40.840007,39.7,5.2,105.4,1.8,1.11,21
WE02929,Heavy Rain,MEDIUM,36.4893,-78.1814,166,2026-01-30T08:20:38,2026-01-30T21:40:49.709172,-7.5,193.6,77.2,8.0,1.78,56
WE02930,Ice,HIGH,41.2173,-72.0149,361,2024-08-08T20:32:33,2024-08-09T03:48:22.818789,-15.2,118.3,166.4,0.0,2.11,147
WE02931,Snowstorm,MEDIUM,43.4739,-71.5784,199,2026-06-15T23:59:02,2026-06-16T07:01:44.375878,-1.1,189.5,21.0,4.8,1.64,88
WE02932,Ice,HIGH,40.6974,-90.4261,376,2025-02-21T10:30:05,2025-02-22T01:51:55.481282,9.4,170.8,187.6,4.3,2.31,97
WE02933,Thunderstorm,HIGH,46.1987,-122.4108,205,2025-10-05T11:25:50,2025-10-06T12:13:23.756143,20.9,51.0,59.2,0.0,2.81,172
WE02934,Snowstorm,HIGH,30.8574,-95.0127,223,2025-08-05T19:26:17,2025-08-07T04:16:36.836086,23.3,4.4,49.8,0.0,2.27,150
WE02935,Extreme Wind,HIGH,45.1633,-125.0758,240,2025-12-03T03:28:22,2025-12-04T22:12:54.327126,44.1,156.1,161.5,0.0,2.4,127
WE02936,Thunderstorm,HIGH,44.3504,-92.3798,453,2024-04-27T07:27:02,2024-04-30T03:45:34.260847,1.4,188.1,42.1,1.5,2.73,184
WE02937,Snowstorm,HIGH,31.5774,-87.359,221,2024-05-24T14:49:30,2024-05-25T03:19:00.348324,2.3,12.4,183.2,0.0,2.36,152
WE02938,Tornado,MEDIUM,48.0381,-117.6041,265,2025-09-17T19:21:55,2025-09-20T01:45:46.246214,-0.4,162.4,78.6,0.0,1.5,48
WE02939,Fog,HIGH,35.9636,-87.4468,333,2026-03-11T23:27:48,2026-03-12T02:45:49.880471,44.6,14.0,32.3,0.0,2.96,119
WE02940,Ice,HIGH,38.0588,-121.0965,401,2025-03-08T05:00:19,2025-03-09T03:57:26.515314,15.7,163.9,68.8,3.2,2.7,226
WE02941,Hurricane,HIGH,26.9971,-84.8468,287,2025-07-27T07:58:14,2025-07-28T02:20:25.566354,-13.0,67.6,99.2,2.6,2.11,132
WE02942,Extreme Wind,HIGH,44.7194,-114.8188,490,2025-12-07T08:16:56,2025-12-07T18:40:50.064613,-16.7,53.2,45.4,0.9,2.16,131
WE02943,Hurricane,MEDIUM,37.1391,-86.3434,200,2026-01-28T03:37:01,2026-01-28T08:04:46.199705,19.0,131.9,157.1,6.9,1.54,60
WE02944,Heavy Rain,MEDIUM,41.3822,-73.0885,232,2025-05-23T10:13:43,2025-05-25T21:06:35.878481,30.2,7.4,151.1,3.5,1.57,59
WE02945,Snowstorm,MEDIUM,31.1211,-96.8554,227,2026-06-23T00:52:31,2026-06-24T05:30:48.593415,3.6,70.9,136.7,0.0,1.67,36
WE02946,Tornado,MEDIUM,41.3959,-87.935,232,2024-01-04T20:12:11,2024-01-06T04:15:15.108464,3.5,192.4,112.9,7.1,1.73,81
WE02947,Snowstorm,HIGH,36.078,-88.0406,243,2024-05-24T16:34:21,2024-05-26T10:49:59.997757,-6.1,105.7,109.7,1.3,2.41,231
WE02948,Extreme Wind,CRITICAL,38.7357,-87.4624,547,2025-12-13T04:13:37,2025-12-15T10:37:41.967649,11.7,163.9,93.2,0.0,3.57,436
WE02949,Hurricane,LOW,37.6452,-89.1885,148,2025-07-10T11:30:40,2025-07-13T03:31:12.807113,-10.0,44.7,183.1,2.1,1.13,24
WE02950,Fog,LOW,27.379,-92.9341,68,2024-04-08T09:08:20,2024-04-08T15:01:32.084044,41.5,158.8,140.2,3.6,1.44,13
WE02951,Extreme Wind,LOW,46.3057,-106.2266,97,2026-04-10T04:47:17,2026-04-11T06:03:48.853784,4.8,183.0,153.6,0.1,1.11,17
WE02952,Ice,LOW,40.0915,-123.5383,149,2025-09-09T19:55:20,2025-09-10T16:07:27.301958,28.8,84.1,24.7,1.7,1.15,24
WE02953,Hurricane,LOW,39.9401,-74.7089,114,2024-12-04T09:17:18,2024-12-05T17:10:32.511054,-17.5,49.4,186.8,7.9,1.37,15
WE02954,Hurricane,LOW,38.7704,-76.5784,147,2025-10-29T10:15:20,2025-10-31T12:23:25.880581,25.8,90.8,27.8,4.6,1.36,21
WE02955,Hurricane,HIGH,40.7031,-84.0946,484,2024-11-25T02:23:42,2024-11-27T14:20:04.471670,37.0,75.7,194.2,0.0,2.41,147
WE02956,Extreme Heat,LOW,41.0062,-75.316,69,2026-02-07T12:18:36,2026-02-07T21:49:15.092762,22.2,102.3,70.5,0.4,1.0,24
WE02957,Tornado,MEDIUM,44.6701,-97.1439,269,2025-02-21T03:46:44,2025-02-22T01:15:44.486447,22.1,193.3,112.1,3.3,1.5,60
WE02958,Snowstorm,LOW,38.6228,-95.1634,74,2025-05-16T13:17:06,2025-05-18T15:16:07.277486,-5.1,132.6,163.2,0.7,1.35,7
WE02959,Thunderstorm,LOW,32.6928,-78.1098,130,2025-03-16T13:06:58,2025-03-18T23:57:10.368476,21.2,94.4,127.2,2.0,1.46,20
WE02960,Tornado,CRITICAL,41.799,-79.804,771,2025-06-08T16:25:29,2025-06-10T09:25:00.105444,-2.9,168.9,177.8,0.3,4.21,422
WE02961,Ice,HIGH,39.7358,-120.7742,210,2026-04-30T05:12:56,2026-05-02T00:40:50.981769,-10.5,23.9,125.0,0.0,2.44,228
WE02962,Extreme Heat,MEDIUM,27.2878,-98.8439,229,2026-06-16T18:55:40,2026-06-17T11:02:18.354715,5.7,114.1,120.8,2.3,1.59,69
WE02963,Heavy Rain,LOW,40.5328,-84.4748,59,2024-07-21T20:54:23,2024-07-24T15:05:35.988386,5.0,143.4,145.7,7.5,1.49,25
WE02964,Thunderstorm,MEDIUM,47.9815,-109.5909,182,2026-05-29T11:18:27,2026-05-31T16:14:51.110736,-7.7,131.4,149.7,7.1,1.93,84
WE02965,Extreme Heat,HIGH,31.9441,-93.4535,381,2026-01-23T22:42:30,2026-01-26T01:29:18.557724,42.1,140.4,105.6,0.9,2.21,192
WE02966,Fog,HIGH,31.6046,-100.3089,466,2025-06-17T23:32:30,2025-06-20T02:38:02.270246,11.3,165.6,137.6,3.6,2.49,225
WE02967,Fog,LOW,38.3576,-84.0678,140,2024-03-16T04:49:41,2024-03-17T02:00:00.396475,-2.1,180.5,125.8,3.4,1.25,19
WE02968,Tornado,MEDIUM,49.4412,-96.2098,282,2024-03-12T08:52:35,2024-03-14T02:35:03.457991,-16.7,6.9,58.7,0.0,1.51,89
WE02969,Extreme Wind,MEDIUM,34.3528,-119.6176,107,2024-06-03T16:24:55,2024-06-05T21:29:17.187853,-2.1,79.6,155.7,4.3,1.97,62
WE02970,Snowstorm,HIGH,34.839,-116.5023,456,2025-12-14T22:27:00,2025-12-16T10:55:16.641605,17.1,137.5,48.1,2.5,2.18,204
WE02971,Extreme Heat,LOW,31.8832,-112.1133,105,2024-01-26T07:00:46,2024-01-28T08:37:19.183650,43.4,54.3,59.3,2.7,1.03,20
WE02972,Thunderstorm,MEDIUM,39.0291,-89.4493,233,2024-07-11T23:53:51,2024-07-14T23:13:05.538154,14.6,131.1,135.8,2.3,1.57,57
WE02973,Extreme Heat,MEDIUM,37.6831,-119.6375,167,2024-09-02T10:03:08,2024-09-03T03:51:39.626979,18.4,15.4,176.8,6.7,1.65,48
WE02974,Thunderstorm,MEDIUM,36.5059,-88.547,128,2025-11-16T12:19:57,2025-11-18T01:13:59.343563,-9.2,142.7,190.5,4.9,1.73,48
WE02975,Fog,HIGH,35.0799,-112.5663,341,2025-12-10T04:13:47,2025-12-11T08:20:18.321202,37.2,71.3,159.0,2.8,2.9,231
WE02976,Ice,LOW,35.6335,-119.4088,65,2024-01-02T01:12:01,2024-01-05T00:07:54.561199,-17.2,146.0,38.0,9.9,1.19,9
WE02977,Heavy Rain,HIGH,30.1629,-84.2572,206,2025-10-26T13:30:50,2025-10-27T13:27:58.778478,-6.9,122.4,8.8,0.0,2.32,185
WE02978,Fog,MEDIUM,40.1931,-74.9601,183,2024-11-10T06:58:09,2024-11-11T21:13:32.971778,43.9,142.5,187.2,6.2,1.88,34
WE02979,Thunderstorm,MEDIUM,42.4313,-92.9291,142,2024-07-23T22:04:34,2024-07-24T23:13:07.587664,23.0,108.9,105.7,0.5,1.94,73
WE02980,Fog,LOW,43.3129,-93.7507,59,2025-04-13T22:21:42,2025-04-16T08:04:28.327410,-3.1,101.6,133.7,4.8,1.25,16
WE02981,Fog,CRITICAL,39.0236,-118.1173,374,2024-09-03T23:06:33,2024-09-05T13:17:42.788966,35.8,77.7,31.4,0.0,4.81,429
WE02982,Thunderstorm,CRITICAL,38.7799,-74.7412,558,2025-03-01T16:11:09,2025-03-04T13:46:54.037078,9.5,131.7,23.7,0.0,4.32,421
WE02983,Heavy Rain,LOW,37.5797,-81.5041,72,2024-05-24T23:58:00,2024-05-27T17:26:27.285953,-13.1,172.9,93.6,2.2,1.41,28
WE02984,Extreme Wind,MEDIUM,44.9208,-116.0174,291,2025-07-13T22:00:18,2025-07-14T10:59:21.055912,-17.6,115.4,176.0,0.0,1.6,30
WE02985,Snowstorm,LOW,35.2367,-124.1538,61,2025-01-23T23:11:20,2025-01-26T14:18:42.624985,25.6,112.4,122.4,7.4,1.4,19
WE02986,Extreme Heat,MEDIUM,40.5947,-80.309,205,2024-05-08T00:51:36,2024-05-10T22:28:38.756411,3.4,172.4,27.1,4.7,1.73,35
WE02987,Snowstorm,MEDIUM,34.0778,-89.5248,218,2025-07-31T15:20:25,2025-08-02T09:58:20.684993,37.3,132.3,103.1,7.4,1.81,71
WE02988,Extreme Wind,HIGH,36.0025,-113.4788,326,2024-09-14T03:13:20,2024-09-15T10:39:35.705637,-17.6,15.0,138.1,4.9,2.21,110
WE02989,Extreme Wind,HIGH,40.4828,-76.3484,227,2024-03-21T10:46:10,2024-03-22T17:34:08.847266,-14.4,74.9,176.2,3.4,2.94,189
WE02990,Hurricane,MEDIUM,46.3295,-115.3031,244,2025-09-07T16:41:04,2025-09-09T14:32:13.352398,9.3,73.1,24.9,4.1,1.71,32
WE02991,Extreme Wind,CRITICAL,35.9433,-111.9775,516,2025-04-19T14:12:36,2025-04-19T18:39:28.496668,44.8,179.2,133.1,0.0,4.57,414
WE02992,Snowstorm,LOW,31.2588,-87.5445,91,2024-12-29T17:30:54,2024-12-30T13:32:48.164907,28.4,102.0,119.8,5.2,1.39,26
WE02993,Extreme Heat,MEDIUM,32.0893,-92.4709,218,2025-10-28T18:53:21,2025-10-30T21:42:56.650915,-1.7,107.7,37.6,3.8,1.92,68
WE02994,Ice,MEDIUM,27.2505,-93.1562,117,2024-05-21T16:09:07,2024-05-23T17:45:34.117206,-3.4,174.5,63.7,0.0,1.93,76
WE02995,Tornado,LOW,36.1331,-108.3169,77,2024-05-27T20:42:17,2024-05-28T12:35:13.848405,19.2,182.4,6.1,1.0,1.38,14
WE02996,Ice,HIGH,34.4908,-115.6275,392,2024-01-02T16:30:01,2024-01-04T11:40:39.198057,-18.2,136.0,122.8,0.0,2.51,211
WE02997,Tornado,MEDIUM,42.5463,-98.7917,127,2024-11-27T12:55:05,2024-11-28T03:27:01.184857,37.3,160.3,33.8,3.3,1.92,43
WE02998,Hurricane,HIGH,34.9057,-88.5572,427,2026-01-10T16:38:33,2026-01-10T23:38:51.979564,43.7,56.7,127.8,1.9,2.4,119
WE02999,Tornado,LOW,41.3283,-85.5793,53,2024-05-01T01:45:58,2024-05-02T17:52:31.677315,-3.1,99.3,95.2,2.4,1.08,12
WE03000,Fog,LOW,44.8792,-121.3166,143,2024-07-25T03:24:24,2024-07-27T08:42:16.398994,34.1,4.4,150.1,2.0,1.32,9
WE03001,Extreme Heat,LOW,36.3293,-97.4425,98,2024-12-17T09:00:23,2024-12-18T12:22:31.570276,37.4,98.3,73.2,4.1,1.47,15
WE03002,Tornado,LOW,38.6417,-77.5682,85,2026-03-17T22:17:07,2026-03-20T05:11:18.784384,8.3,140.5,25.7,0.1,1.38,16
WE03003,Heavy Rain,MEDIUM,32.2097,-106.68,273,2025-11-22T09:17:45,2025-11-24T14:54:03.614529,-19.9,112.6,4.9,4.7,1.73,44
WE03004,Hurricane,HIGH,37.576,-85.3999,360,2024-01-15T10:14:33,2024-01-16T22:39:21.658767,26.2,4.0,106.9,0.8,2.7,195
WE03005,Tornado,LOW,40.4674,-95.1679,145,2024-01-13T12:35:39,2024-01-15T10:01:07.248295,33.3,53.6,175.9,5.3,1.45,29
WE03006,Extreme Heat,MEDIUM,35.9012,-99.319,271,2025-06-17T17:22:21,2025-06-18T00:34:12.564911,31.5,162.0,10.5,0.0,1.89,40
WE03007,Ice,MEDIUM,36.6874,-108.6218,272,2024-07-06T08:03:43,2024-07-07T17:09:12.708259,-3.8,119.5,67.0,5.0,1.79,75
WE03008,Fog,LOW,44.4646,-94.837,65,2025-10-18T01:00:16,2025-10-18T12:21:12.205263,-2.3,26.7,199.6,0.8,1.06,8
WE03009,Ice,LOW,43.6273,-70.0476,98,2024-07-24T07:50:48,2024-07-25T03:50:40.782269,1.0,100.9,198.2,0.6,1.21,7
WE03010,Heavy Rain,MEDIUM,37.7192,-89.7327,274,2026-01-12T01:57:21,2026-01-13T09:41:16.110883,16.5,102.4,48.7,2.3,1.79,53
WE03011,Extreme Wind,MEDIUM,34.2417,-103.7727,290,2024-04-20T00:40:14,2024-04-22T09:42:23.218401,9.5,89.6,156.9,3.8,1.54,62
WE03012,Heavy Rain,MEDIUM,38.388,-121.5148,166,2024-12-21T15:45:28,2024-12-23T15:30:14.406415,-0.8,48.7,12.9,5.1,1.97,66
WE03013,Fog,MEDIUM,34.7742,-110.0013,250,2025-08-18T01:52:55,2025-08-20T03:59:26.296586,26.2,98.3,46.8,0.0,1.95,78
WE03014,Tornado,MEDIUM,30.3825,-99.5596,243,2024-05-18T18:30:14,2024-05-19T10:23:42.040752,31.2,10.0,84.0,0.3,1.64,71
WE03015,Thunderstorm,MEDIUM,29.7065,-97.7048,198,2024-06-08T02:45:42,2024-06-10T08:50:31.827464,-19.4,70.9,10.2,1.6,1.83,51
WE03016,Tornado,MEDIUM,43.9831,-71.2725,282,2024-06-09T07:37:55,2024-06-10T11:59:03.450909,10.5,123.6,73.7,0.0,1.72,46
WE03017,Snowstorm,LOW,44.4492,-74.8967,113,2025-05-01T18:35:23,2025-05-03T17:51:25.073632,0.3,79.3,143.9,0.1,1.09,25
WE03018,Extreme Heat,HIGH,33.8663,-105.566,236,2025-07-24T23:41:34,2025-07-25T18:12:27.949266,-7.0,138.5,168.3,0.0,2.4,115
WE03019,Heavy Rain,HIGH,35.4113,-82.8905,424,2025-04-09T21:02:50,2025-04-11T17:24:11.687084,-18.5,111.9,21.2,2.2,2.41,166
WE03020,Snowstorm,MEDIUM,39.5084,-77.0244,201,2024-08-01T00:33:02,2024-08-02T10:15:28.989253,-19.4,120.1,23.9,6.7,2.0,57
WE03021,Extreme Heat,MEDIUM,32.8041,-114.849,150,2025-08-17T12:52:29,2025-08-18T07:25:17.106286,16.3,6.7,172.2,3.1,1.92,57
WE03022,Tornado,MEDIUM,39.577,-75.0723,154,2024-07-25T20:03:04,2024-07-26T02:19:13.960641,-17.3,69.3,52.9,0.2,1.53,85
WE03023,Heavy Rain,MEDIUM,44.4695,-94.154,243,2024-08-09T21:56:54,2024-08-11T07:36:55.917701,-16.7,153.1,131.0,3.0,1.53,80
WE03024,Fog,MEDIUM,34.6859,-83.3474,254,2024-04-16T06:34:10,2024-04-16T20:07:27.263172,-6.4,160.8,198.5,0.0,1.79,45
WE03025,Extreme Heat,HIGH,31.8469,-120.2397,443,2026-04-04T02:46:55,2026-04-04T16:16:51.203631,7.8,9.8,128.6,0.0,2.83,103
WE03026,Hurricane,LOW,40.1649,-77.0487,116,2026-05-25T01:01:07,2026-05-25T19:18:48.975762,32.1,80.7,107.3,7.2,1.02,20
WE03027,Heavy Rain,HIGH,42.8082,-108.1324,428,2024-01-14T03:57:40,2024-01-16T11:55:51.104499,17.4,114.1,12.7,3.4,2.5,110
WE03028,Tornado,LOW,41.2315,-73.0197,144,2024-09-11T22:42:30,2024-09-14T03:01:23.126689,26.9,123.3,10.1,1.9,1.02,9
WE03029,Fog,CRITICAL,43.1158,-73.0644,666,2025-11-14T16:05:44,2025-11-16T02:02:56.565509,10.7,83.5,34.2,0.0,3.81,477
WE03030,Tornado,LOW,29.831,-83.0407,98,2025-06-29T13:13:37,2025-06-30T11:12:12.585634,21.1,96.7,164.4,3.2,1.07,11
WE03031,Hurricane,LOW,41.1625,-114.9586,80,2024-11-26T23:16:58,2024-11-29T05:37:07.019226,37.3,79.6,116.5,0.2,1.2,13
WE03032,Extreme Heat,MEDIUM,44.5943,-72.468,120,2024-08-23T03:38:11,2024-08-24T09:11:26.095483,40.9,156.0,195.0,3.0,1.89,41
WE03033,Heavy Rain,MEDIUM,44.3773,-122.5335,224,2025-10-01T13:39:26,2025-10-02T23:49:09.560314,7.6,31.3,152.6,0.2,1.78,46
WE03034,Snowstorm,MEDIUM,40.6511,-98.6843,179,2025-11-18T05:15:57,2025-11-19T10:16:02.079456,10.0,48.9,20.0,1.6,1.78,76
WE03035,Snowstorm,LOW,43.4808,-70.4421,120,2024-12-03T11:28:07,2024-12-05T00:28:22.035188,-0.4,64.2,169.9,7.2,1.06,24
WE03036,Snowstorm,LOW,31.4305,-83.5939,124,2024-05-14T15:57:50,2024-05-17T13:50:57.972180,38.8,129.0,188.4,1.4,1.2,6
WE03037,Snowstorm,MEDIUM,42.9294,-94.107,282,2024-06-05T01:36:39,2024-06-07T04:41:37.471705,15.6,171.2,97.3,0.0,1.68,64
WE03038,Heavy Rain,MEDIUM,37.639,-85.6801,249,2024-08-05T12:04:05,2024-08-07T09:12:31.460516,-5.1,189.3,75.6,7.9,1.99,61
WE03039,Extreme Heat,LOW,42.9533,-67.9763,76,2024-07-10T07:38:02,2024-07-10T14:43:49.188922,-4.2,199.2,197.0,0.8,1.03,24
WE03040,Extreme Wind,HIGH,45.002,-87.553,298,2025-08-19T13:44:50,2025-08-19T16:43:08.794898,1.4,16.9,119.4,4.3,2.47,131
WE03041,Fog,LOW,46.4421,-95.6242,119,2025-06-30T02:11:54,2025-07-02T03:16:42.104810,-14.5,118.8,78.4,9.4,1.07,28
WE03042,Snowstorm,MEDIUM,43.6827,-76.6674,283,2025-10-29T00:46:21,2025-10-29T21:05:31.877549,5.3,63.5,178.2,5.5,1.83,58
WE03043,Heavy Rain,CRITICAL,37.3454,-123.2205,425,2025-05-03T13:32:47,2025-05-03T17:20:03.559931,11.1,142.3,46.5,1.9,3.12,426
WE03044,Thunderstorm,MEDIUM,36.2985,-91.4395,209,2024-08-05T05:14:50,2024-08-07T07:34:02.045884,17.4,164.6,66.9,7.3,1.85,82
WE03045,Extreme Wind,LOW,41.3766,-73.6175,128,2025-01-19T22:08:44,2025-01-20T20:30:18.622325,6.6,101.7,127.4,4.0,1.08,5
WE03046,Extreme Heat,LOW,42.5261,-94.2274,120,2025-03-06T06:06:09,2025-03-08T16:04:58.032817,-2.2,114.6,178.2,2.8,1.08,7
WE03047,Thunderstorm,MEDIUM,41.7315,-118.2697,117,2024-05-10T21:01:11,2024-05-13T05:44:40.343100,12.9,9.9,61.4,3.0,1.6,46
WE03048,Tornado,MEDIUM,39.696,-74.8725,218,2025-01-20T12:20:14,2025-01-22T21:52:30.772264,26.9,127.9,157.1,0.4,1.83,69
WE03049,Ice,MEDIUM,41.3914,-92.2121,275,2026-05-09T16:07:18,2026-05-10T05:07:52.042243,33.2,75.1,130.3,2.7,1.62,37
WE03050,Fog,HIGH,47.8009,-95.6354,254,2025-03-18T14:37:03,2025-03-18T16:48:24.090386,4.2,192.0,89.7,0.2,2.59,222
WE03051,Ice,LOW,43.0042,-75.8642,80,2024-02-11T16:05:10,2024-02-12T01:38:05.118206,44.0,130.7,145.1,6.9,1.45,11
WE03052,Fog,MEDIUM,35.7686,-91.5111,264,2025-04-13T14:18:08,2025-04-15T21:26:32.095141,-2.1,116.5,52.4,1.3,1.88,65
WE03053,Tornado,HIGH,40.1355,-120.7064,302,2024-11-15T03:34:17,2024-11-17T08:09:24.302379,43.1,113.1,124.9,1.0,2.41,124
WE03054,Tornado,MEDIUM,48.2262,-121.6278,120,2026-03-15T07:05:11,2026-03-17T19:26:09.685696,-6.0,22.0,181.3,0.9,1.99,77
WE03055,Extreme Heat,LOW,44.1099,-106.9931,132,2026-03-02T12:22:41,2026-03-04T17:00:50.160653,32.1,106.5,124.4,2.5,1.38,24
WE03056,Snowstorm,MEDIUM,35.2203,-92.4371,296,2024-10-20T01:15:07,2024-10-21T17:36:48.579163,32.2,28.3,89.3,4.0,1.79,48
WE03057,Ice,MEDIUM,48.6634,-118.2275,144,2025-08-31T13:32:11,2025-09-02T05:05:29.432564,-18.6,11.2,184.5,2.6,1.83,30
WE03058,Hurricane,CRITICAL,35.1111,-83.6439,379,2025-04-04T02:36:22,2025-04-06T14:24:40.372278,32.7,184.2,133.1,0.0,4.15,551
WE03059,Tornado,MEDIUM,36.4973,-78.6602,298,2024-03-25T18:29:04,2024-03-28T05:34:06.508021,-4.8,127.0,83.0,6.8,1.59,88
WE03060,Snowstorm,LOW,26.5124,-99.9054,88,2025-01-06T19:16:55,2025-01-07T05:46:46.594773,-2.5,51.6,40.7,9.5,1.47,24
WE03061,Extreme Heat,LOW,37.5362,-91.4371,53,2026-02-07T18:45:05,2026-02-09T22:18:16.277208,-11.6,145.8,18.0,3.9,1.07,5
WE03062,Hurricane,HIGH,37.7286,-75.9601,243,2025-08-22T10:51:25,2025-08-25T10:28:53.571529,-16.1,120.3,61.1,2.0,2.88,170
WE03063,Snowstorm,HIGH,38.7111,-76.5606,453,2024-06-24T03:23:18,2024-06-25T13:20:23.394242,-16.8,60.3,95.5,0.0,2.43,206
WE03064,Fog,CRITICAL,43.4943,-122.7858,528,2025-01-09T12:10:45,2025-01-11T13:55:35.245898,36.7,64.4,0.8,0.0,3.54,578
WE03065,Extreme Heat,LOW,29.5126,-92.1116,138,2026-02-15T01:47:13,2026-02-15T15:14:20.144480,11.9,145.0,112.2,9.9,1.01,20
WE03066,Fog,LOW,32.4334,-117.1857,110,2024-04-20T07:31:09,2024-04-21T08:27:05.522514,34.3,181.7,108.7,1.5,1.3,18
WE03067,Thunderstorm,MEDIUM,38.2629,-94.3853,104,2026-03-31T15:56:53,2026-04-02T23:15:54.264979,-4.4,91.1,122.2,2.6,1.88,77
WE03068,Heavy Rain,MEDIUM,47.3211,-125.1273,113,2024-01-19T17:53:26,2024-01-22T05:33:29.381840,22.4,0.6,188.1,6.5,1.63,50
WE03069,Extreme Wind,MEDIUM,37.4656,-74.7054,212,2025-07-14T22:43:00,2025-07-15T08:26:46.632469,-14.4,189.7,5.7,2.4,1.93,34
WE03070,Extreme Heat,CRITICAL,45.4493,-118.6773,468,2025-05-06T14:57:20,2025-05-09T09:11:27.401536,2.6,75.8,108.5,0.0,4.33,263
WE03071,Tornado,HIGH,31.8949,-118.247,321,2024-07-24T00:40:42,2024-07-26T07:23:09.460733,5.9,11.1,41.0,4.4,2.04,214
WE03072,Thunderstorm,LOW,37.1638,-86.2565,100,2025-08-23T22:22:30,2025-08-24T02:33:58.365167,34.5,26.3,142.2,3.2,1.44,14
WE03073,Thunderstorm,MEDIUM,39.1435,-99.3528,287,2026-06-01T22:45:24,2026-06-03T00:19:56.584101,29.0,109.2,69.7,5.6,1.79,47
WE03074,Extreme Wind,LOW,35.5741,-76.3409,111,2025-10-15T18:55:47,2025-10-15T22:51:18.817723,-12.9,128.1,136.9,7.8,1.23,10
WE03075,Extreme Heat,LOW,43.8968,-91.5974,97,2025-07-21T15:33:50,2025-07-23T00:20:39.511974,-8.3,126.1,121.4,6.8,1.14,27
WE03076,Thunderstorm,CRITICAL,40.8158,-80.1183,340,2026-04-28T17:38:10,2026-04-29T09:58:43.022412,17.3,147.8,180.5,0.0,4.04,527
WE03077,Extreme Heat,CRITICAL,40.7325,-70.691,536,2024-09-25T09:20:38,2024-09-25T12:34:23.313374,-0.8,4.5,14.9,0.0,4.31,448
WE03078,Extreme Heat,MEDIUM,39.313,-72.2656,229,2026-01-01T16:41:52,2026-01-02T01:49:51.707170,11.2,153.4,186.4,3.3,1.99,80
WE03079,Snowstorm,MEDIUM,38.6,-95.0758,276,2024-04-23T09:19:59,2024-04-25T11:26:55.547560,-19.4,175.4,72.7,0.0,1.99,61
WE03080,Extreme Heat,MEDIUM,34.4632,-83.6376,295,2024-01-26T22:13:33,2024-01-27T13:44:53.132255,8.2,34.4,121.5,7.2,1.78,67
WE03081,Extreme Heat,MEDIUM,37.79,-99.6128,236,2024-04-14T21:47:48,2024-04-15T01:14:24.341493,19.5,182.6,63.5,0.8,1.51,48
WE03082,Thunderstorm,MEDIUM,29.0366,-83.9985,294,2024-01-22T10:15:22,2024-01-25T02:23:06.191853,-9.3,23.2,26.2,7.8,1.64,69
WE03083,Snowstorm,LOW,39.8268,-83.1759,101,2025-02-11T06:58:32,2025-02-12T07:01:07.133250,7.4,44.4,70.0,1.4,1.1,15
WE03084,Thunderstorm,HIGH,40.4115,-87.944,230,2024-12-01T03:28:47,2024-12-01T17:11:48.378412,7.6,59.9,198.6,0.0,2.21,107
WE03085,Extreme Wind,CRITICAL,41.3421,-68.7936,352,2024-03-02T20:51:10,2024-03-04T22:55:06.673801,35.7,113.1,161.7,0.0,3.1,518
WE03086,Fog,HIGH,38.123,-97.9096,256,2024-04-03T22:26:32,2024-04-05T17:31:47.960233,9.5,75.0,140.2,0.0,2.49,181
WE03087,Fog,CRITICAL,37.5626,-73.6928,629,2025-09-10T05:35:03,2025-09-11T04:35:04.751567,26.4,94.0,175.2,0.8,3.57,469
WE03088,Fog,LOW,42.6732,-82.4028,111,2026-02-25T23:48:44,2026-02-27T00:08:54.570727,20.7,30.9,117.3,2.3,1.47,5
WE03089,Hurricane,LOW,34.4671,-121.1692,90,2025-03-21T01:02:21,2025-03-23T09:32:07.666218,39.2,137.9,178.3,4.7,1.49,15
WE03090,Hurricane,LOW,39.1564,-71.6269,124,2026-02-17T08:27:33,2026-02-17T17:55:49.609743,6.1,137.9,143.2,4.0,1.32,23
WE03091,Snowstorm,HIGH,39.5735,-83.8556,386,2025-10-07T08:25:38,2025-10-07T22:04:19.856912,26.7,40.4,4.1,0.6,2.89,148
WE03092,Extreme Heat,HIGH,45.6721,-80.6865,462,2025-10-20T00:01:45,2025-10-22T21:42:50.945484,1.2,168.1,99.3,2.7,2.68,179
WE03093,Extreme Wind,LOW,35.5644,-120.133,50,2025-09-16T21:59:20,2025-09-17T11:36:52.458542,29.6,93.9,76.7,4.2,1.44,8
WE03094,Ice,LOW,49.0803,-96.5004,99,2024-05-08T01:07:53,2024-05-10T17:51:46.316013,14.4,81.8,90.1,6.2,1.1,24
WE03095,Snowstorm,LOW,39.3639,-93.7057,87,2026-04-13T12:35:10,2026-04-13T15:29:52.849355,10.4,8.5,7.9,5.2,1.27,23
WE03096,Ice,HIGH,43.0504,-91.7906,308,2026-04-15T05:14:40,2026-04-16T19:13:54.222041,-16.9,6.8,157.8,0.0,2.97,183
WE03097,Fog,MEDIUM,27.6134,-92.4528,197,2024-08-25T04:20:22,2024-08-28T01:39:28.840705,-14.8,117.7,40.5,1.8,1.57,61
WE03098,Extreme Wind,MEDIUM,37.9901,-120.801,148,2025-03-07T00:44:49,2025-03-09T10:36:35.370895,15.1,70.0,112.3,0.0,1.89,79
WE03099,Thunderstorm,HIGH,48.0212,-122.509,287,2024-05-09T20:43:29,2024-05-10T11:15:36.503982,9.1,102.3,193.4,0.9,2.09,119
WE03100,Extreme Heat,MEDIUM,46.4184,-113.9518,191,2025-04-26T10:09:58,2025-04-28T22:38:57.767733,-14.1,175.5,44.9,0.0,1.56,40
WE03101,Extreme Heat,HIGH,41.929,-83.3509,222,2024-05-02T18:08:14,2024-05-03T04:01:30.468052,-17.6,61.9,162.3,0.0,2.19,195
WE03102,Tornado,LOW,36.5524,-120.0091,84,2026-03-05T06:49:14,2026-03-06T01:36:02.797185,-9.2,1.2,118.6,4.6,1.34,8
WE03103,Thunderstorm,LOW,38.4457,-80.8399,78,2024-11-11T15:45:05,2024-11-13T19:40:47.205134,23.9,103.7,90.1,0.7,1.05,25
WE03104,Ice,LOW,32.3749,-107.381,129,2024-08-29T08:52:45,2024-08-30T11:52:56.296081,23.8,61.1,7.6,1.6,1.31,17
WE03105,Extreme Wind,MEDIUM,38.335,-84.8055,194,2026-04-13T06:04:30,2026-04-15T13:32:35.277756,39.2,126.6,193.2,0.0,1.63,44
WE03106,Thunderstorm,MEDIUM,35.7191,-113.3793,204,2025-05-22T14:08:02,2025-05-25T09:28:24.020965,13.0,111.5,8.7,0.0,1.85,50
WE03107,Fog,MEDIUM,31.7955,-95.7351,252,2025-08-29T23:31:34,2025-09-01T20:50:10.967544,30.5,145.9,61.2,3.5,1.99,81
WE03108,Thunderstorm,LOW,41.5551,-82.8069,68,2024-04-12T16:56:56,2024-04-13T17:11:53.771711,22.8,68.8,114.9,7.5,1.22,25
WE03109,Tornado,LOW,43.3895,-81.7278,100,2025-04-26T19:57:24,2025-04-28T07:51:37.272264,1.6,150.5,168.4,8.6,1.44,25
WE03110,Heavy Rain,CRITICAL,39.7083,-122.6958,601,2025-11-10T14:39:42,2025-11-13T11:57:03.036089,-7.1,19.7,17.6,0.0,4.14,339
WE03111,Ice,LOW,36.3417,-97.059,77,2025-01-05T17:02:48,2025-01-08T10:00:46.922208,24.1,69.2,47.1,2.8,1.28,6
WE03112,Thunderstorm,LOW,39.4255,-84.881,54,2024-03-30T22:53:24,2024-03-31T10:15:58.725979,43.3,6.6,126.6,2.1,1.41,10
WE03113,Ice,MEDIUM,37.518,-97.949,234,2025-01-14T18:51:57,2025-01-16T18:01:26.777309,-0.4,14.5,18.0,6.2,1.85,42
WE03114,Ice,HIGH,40.7081,-70.4647,245,2024-05-13T22:14:45,2024-05-14T05:09:11.213737,-17.6,2.5,183.9,1.0,2.88,92
WE03115,Ice,HIGH,42.6989,-72.3663,423,2025-11-05T22:43:20,2025-11-07T14:23:22.641678,26.6,91.2,15.9,4.4,2.2,144
WE03116,Hurricane,HIGH,38.6613,-103.105,457,2024-06-29T04:17:35,2024-06-29T07:02:42.367969,7.5,118.5,75.9,0.0,2.41,110
WE03117,Extreme Heat,LOW,33.2959,-85.0982,83,2025-12-05T06:55:38,2025-12-05T15:15:06.503055,-17.8,71.2,95.8,0.5,1.21,19
WE03118,Tornado,MEDIUM,41.646,-96.6131,210,2024-03-26T11:36:56,2024-03-28T15:03:15.438424,39.9,52.2,170.8,2.6,1.76,89
WE03119,Snowstorm,MEDIUM,32.9305,-92.5149,181,2025-04-25T11:10:09,2025-04-26T12:51:00.069893,27.7,28.9,186.7,1.7,1.72,34
WE03120,Tornado,MEDIUM,31.7596,-92.7929,251,2024-09-29T20:33:14,2024-10-01T01:47:03.853704,-4.8,86.2,70.3,0.0,1.89,82
WE03121,Extreme Wind,CRITICAL,31.6014,-88.6217,539,2024-07-04T13:09:29,2024-07-04T22:54:01.618885,43.1,191.1,17.5,0.0,4.77,587
WE03122,Tornado,HIGH,44.3971,-106.206,431,2024-01-20T16:11:03,2024-01-22T23:38:26.398375,-1.2,16.8,82.3,0.0,2.71,168
WE03123,Fog,LOW,27.6818,-100.3158,64,2024-08-01T03:37:35,2024-08-03T10:31:40.594490,40.7,121.4,136.6,6.5,1.06,27
WE03124,Fog,MEDIUM,42.6388,-91.4513,269,2024-01-18T15:10:52,2024-01-19T20:43:07.117414,42.1,5.9,89.5,3.1,1.57,46
WE03125,Extreme Wind,MEDIUM,43.4215,-69.8687,112,2024-09-11T12:07:23,2024-09-13T12:06:55.810440,-8.5,42.3,31.7,6.4,1.52,36
WE03126,Snowstorm,LOW,36.3753,-85.5383,109,2026-02-10T03:36:55,2026-02-11T00:34:14.182882,-14.7,167.5,140.9,7.6,1.14,26
WE03127,Thunderstorm,MEDIUM,34.1733,-110.4423,110,2025-06-22T14:06:14,2025-06-22T19:17:30.736113,7.8,136.0,60.6,3.5,1.95,89
WE03128,Extreme Heat,LOW,33.4716,-114.9571,129,2026-03-23T11:03:11,2026-03-25T03:31:48.305958,14.3,145.2,148.9,5.7,1.49,24
WE03129,Extreme Wind,MEDIUM,34.5372,-100.4736,257,2026-03-14T11:27:54,2026-03-16T21:13:17.896042,41.5,162.2,187.8,2.2,1.56,52
WE03130,Snowstorm,MEDIUM,33.7301,-121.0326,266,2025-02-06T17:25:38,2025-02-08T09:51:36.639667,-9.7,171.2,36.7,0.0,1.93,86
WE03131,Fog,LOW,34.7495,-92.5643,68,2024-09-16T08:49:48,2024-09-19T07:06:11.740214,24.4,16.2,72.7,7.7,1.03,14
WE03132,Extreme Heat,LOW,40.4509,-120.1015,100,2025-07-31T16:17:50,2025-08-02T16:47:18.391465,0.8,55.2,67.6,4.5,1.25,28
WE03133,Hurricane,MEDIUM,30.7516,-88.2357,175,2024-07-16T04:18:57,2024-07-18T00:21:35.307343,8.4,43.4,125.6,0.0,1.92,55
WE03134,Thunderstorm,MEDIUM,32.2467,-105.6955,123,2025-02-21T12:15:58,2025-02-23T19:56:04.038416,-8.9,6.8,156.8,2.9,1.57,57
WE03135,Extreme Heat,HIGH,37.9391,-112.525,315,2024-07-02T09:28:24,2024-07-03T16:39:49.139657,11.8,142.5,13.3,0.0,2.53,92
WE03136,Tornado,HIGH,40.7959,-80.3992,314,2024-02-15T14:28:49,2024-02-18T04:30:16.849694,16.1,87.1,87.2,1.3,2.76,206
WE03137,Tornado,MEDIUM,35.2857,-103.7958,241,2025-06-04T10:06:58,2025-06-05T03:11:37.594362,1.7,164.6,44.0,1.8,1.75,60
WE03138,Hurricane,MEDIUM,34.3035,-103.6135,228,2025-10-28T22:22:48,2025-10-29T03:54:03.878276,-1.1,58.8,85.4,2.9,1.67,57
WE03139,Extreme Heat,CRITICAL,33.8526,-115.9888,501,2025-02-26T12:10:17,2025-02-28T14:03:35.106018,9.0,46.2,35.7,0.5,4.45,525
WE03140,Hurricane,LOW,48.8923,-123.9128,117,2026-03-24T18:42:02,2026-03-27T02:05:04.561208,19.8,172.5,114.8,7.7,1.21,8
WE03141,Heavy Rain,MEDIUM,38.6074,-94.4998,269,2024-04-09T05:19:13,2024-04-11T02:48:48.895002,3.8,172.2,143.3,1.5,1.8,60
WE03142,Snowstorm,LOW,38.4469,-113.3132,60,2025-02-12T11:28:24,2025-02-15T10:55:06.344610,41.6,195.1,0.8,8.4,1.38,27
WE03143,Ice,MEDIUM,38.133,-95.1683,159,2026-06-14T19:07:57,2026-06-17T08:28:28.491481,-12.5,23.6,87.0,0.0,1.98,67
WE03144,Fog,CRITICAL,42.9941,-91.7323,714,2024-04-29T17:22:44,2024-05-02T13:09:54.423766,-4.5,135.7,170.8,0.0,3.84,563
WE03145,Hurricane,MEDIUM,39.4422,-83.1931,146,2026-02-09T17:43:19,2026-02-12T17:06:18.843579,0.3,157.6,77.6,2.9,1.54,70
WE03146,Ice,MEDIUM,36.9854,-82.228,246,2025-12-08T03:00:11,2025-12-10T00:20:22.817670,29.8,164.0,76.2,1.8,1.86,37
WE03147,Hurricane,MEDIUM,32.9688,-111.1159,161,2026-03-04T11:19:43,2026-03-06T18:06:26.535746,30.6,160.3,62.2,3.1,1.84,86
WE03148,Fog,MEDIUM,40.9508,-93.8383,290,2025-07-13T10:23:31,2025-07-14T16:22:48.974271,28.2,4.0,139.8,6.4,1.77,41
WE03149,Ice,LOW,28.2241,-77.7958,114,2024-03-27T02:55:11,2024-03-28T19:15:46.558925,41.7,1.7,24.5,8.0,1.11,9
WE03150,Extreme Wind,LOW,43.4431,-81.074,65,2026-02-15T02:48:39,2026-02-17T17:02:26.242914,5.6,31.0,43.6,0.4,1.17,28
WE03151,Fog,HIGH,37.7922,-73.7206,360,2026-05-30T15:02:48,2026-05-31T13:46:06.891889,-0.7,132.7,47.6,1.9,2.21,117
WE03152,Tornado,LOW,41.8169,-90.2104,113,2024-09-16T05:47:21,2024-09-17T19:14:53.055140,-12.2,182.6,30.8,0.1,1.38,11
WE03153,Tornado,MEDIUM,41.8304,-96.3736,179,2025-07-25T04:23:38,2025-07-25T20:21:41.642312,11.1,87.1,191.2,0.0,1.76,39
WE03154,Heavy Rain,LOW,38.555,-87.41,127,2024-09-01T08:56:28,2024-09-03T07:20:15.179233,42.1,80.9,37.9,8.9,1.01,17
WE03155,Extreme Wind,LOW,36.0225,-121.8038,131,2025-01-31T07:25:00,2025-02-01T07:02:28.949378,21.0,132.6,190.8,3.5,1.25,28
WE03156,Ice,HIGH,41.4636,-80.2568,441,2024-06-08T20:34:23,2024-06-09T01:16:18.110793,-14.8,194.7,65.5,0.0,2.01,175
WE03157,Fog,MEDIUM,39.682,-74.359,122,2026-06-10T13:00:05,2026-06-12T23:44:42.039565,44.7,193.8,113.1,2.3,1.57,41
WE03158,Tornado,MEDIUM,27.8225,-89.649,114,2024-06-28T03:56:54,2024-06-30T02:05:44.688902,33.4,75.2,171.7,1.0,1.55,80
WE03159,Snowstorm,MEDIUM,41.3092,-82.5663,154,2024-12-20T19:32:02,2024-12-21T12:44:38.813769,21.8,166.5,121.7,6.3,1.93,82
WE03160,Thunderstorm,CRITICAL,43.1076,-72.1217,539,2026-03-01T10:22:00,2026-03-02T04:20:16.499168,42.0,56.3,51.3,0.0,4.58,337
WE03161,Tornado,HIGH,34.9148,-98.7193,263,2024-01-04T23:45:39,2024-01-07T11:01:06.689877,5.5,196.8,177.6,3.1,2.91,209
WE03162,Snowstorm,MEDIUM,41.1385,-73.4176,140,2024-03-09T09:51:07,2024-03-09T23:33:38.191046,27.2,45.0,170.2,6.6,1.89,46
WE03163,Hurricane,HIGH,44.6306,-67.659,484,2024-01-20T02:07:57,2024-01-20T13:45:13.564511,30.7,114.9,106.9,1.7,2.08,203
WE03164,Hurricane,MEDIUM,49.4901,-97.0422,143,2025-01-14T21:32:20,2025-01-15T17:13:51.560420,-11.2,87.6,21.5,1.8,1.8,83
WE03165,Tornado,MEDIUM,39.6544,-112.3042,108,2024-03-12T10:18:56,2024-03-14T17:49:42.171829,-10.5,123.9,120.7,1.9,1.87,65
WE03166,Fog,LOW,36.0183,-113.7012,136,2026-01-02T20:39:31,2026-01-04T15:00:50.212671,-9.3,70.7,166.5,1.8,1.44,21
WE03167,Fog,LOW,40.8506,-75.6381,87,2025-07-19T10:01:38,2025-07-21T16:44:44.032180,18.4,15.2,131.1,4.8,1.05,20
WE03168,Fog,HIGH,38.2995,-117.6484,230,2025-08-17T22:30:34,2025-08-18T00:47:46.891949,37.7,177.5,1.4,0.0,2.27,232
WE03169,Heavy Rain,LOW,43.4875,-110.2224,89,2024-08-21T03:33:43,2024-08-23T00:05:36.746495,2.7,133.6,100.6,5.9,1.46,27
WE03170,Fog,LOW,40.2186,-73.6444,136,2024-10-05T00:08:49,2024-10-05T05:23:51.414560,15.9,129.4,124.3,1.1,1.22,29
WE03171,Fog,MEDIUM,33.4833,-113.0982,117,2024-02-24T22:26:58,2024-02-26T17:08:13.741564,11.8,60.2,43.3,1.8,1.67,72
WE03172,Thunderstorm,LOW,42.53,-72.0278,72,2026-05-08T20:17:35,2026-05-10T20:20:07.990863,7.2,175.0,102.6,2.1,1.37,21
WE03173,Thunderstorm,MEDIUM,41.7849,-69.6368,193,2025-10-13T11:13:15,2025-10-16T06:02:29.024209,13.6,17.8,191.2,3.9,1.6,63
WE03174,Extreme Heat,LOW,33.201,-82.7187,71,2024-12-14T18:32:15,2024-12-16T13:27:12.600295,-15.8,130.9,176.9,8.7,1.46,19
WE03175,Extreme Heat,LOW,35.2121,-106.8244,108,2025-05-14T21:38:55,2025-05-17T03:35:14.737927,44.6,23.6,57.5,6.0,1.0,22
WE03176,Hurricane,CRITICAL,41.5436,-102.4761,408,2025-01-20T15:55:20,2025-01-22T05:28:04.402280,31.1,89.7,121.9,1.6,3.97,409
WE03177,Heavy Rain,MEDIUM,30.2192,-117.2239,255,2025-10-08T15:10:14,2025-10-09T16:18:48.968727,25.0,141.5,30.5,0.7,1.57,45
WE03178,Snowstorm,LOW,40.0686,-92.6137,70,2025-05-12T00:02:47,2025-05-12T16:50:33.081821,27.7,36.4,135.0,3.4,1.16,5
WE03179,Thunderstorm,MEDIUM,41.0764,-77.7281,298,2025-02-25T09:13:46,2025-02-27T09:19:53.582310,13.2,41.0,21.7,6.6,1.93,64
WE03180,Hurricane,MEDIUM,34.3589,-108.6026,129,2024-04-30T23:50:25,2024-05-03T21:06:04.388499,38.7,79.0,27.7,2.8,1.92,65
WE03181,Snowstorm,MEDIUM,40.0139,-78.6669,283,2026-06-06T20:24:18,2026-06-09T13:01:59.474409,-12.3,132.6,39.1,3.9,1.75,88
WE03182,Extreme Wind,LOW,30.8432,-88.358,82,2025-08-02T03:17:45,2025-08-05T00:24:03.052382,-3.6,83.2,159.6,7.2,1.12,25
WE03183,Tornado,MEDIUM,42.505,-113.5842,240,2024-07-04T11:35:21,2024-07-07T01:41:58.316812,14.5,111.6,146.7,6.5,1.61,72
WE03184,Snowstorm,MEDIUM,42.0958,-89.0227,145,2026-02-18T21:26:34,2026-02-21T08:32:17.928094,21.7,30.6,80.7,4.9,1.59,68
WE03185,Fog,MEDIUM,44.466,-70.4286,146,2024-03-22T19:45:36,2024-03-24T06:00:11.836559,25.0,87.5,96.0,4.0,1.62,55
WE03186,Hurricane,LOW,42.7934,-87.1907,57,2024-10-05T14:26:31,2024-10-07T05:02:15.834860,28.9,158.3,78.9,6.7,1.03,25
WE03187,Extreme Heat,LOW,33.0723,-108.6192,106,2024-12-12T16:56:31,2024-12-14T09:23:10.770987,-12.1,110.6,81.9,6.8,1.09,27
WE03188,Heavy Rain,MEDIUM,32.7249,-89.073,209,2026-03-12T05:27:11,2026-03-12T19:30:47.488035,-0.0,124.9,112.2,0.2,1.65,88
WE03189,Thunderstorm,HIGH,41.9864,-105.5765,425,2024-03-12T08:20:31,2024-03-14T20:48:56.998972,22.1,159.3,167.2,0.6,2.75,143
WE03190,Tornado,LOW,38.6231,-84.2313,82,2025-09-14T19:33:42,2025-09-15T04:26:47.460467,-15.7,115.6,76.5,8.2,1.15,20
WE03191,Snowstorm,HIGH,38.2109,-87.2715,229,2024-04-17T01:45:49,2024-04-18T11:42:21.238462,10.1,185.0,39.3,1.7,2.4,239
WE03192,Fog,LOW,40.3115,-76.1612,129,2025-12-23T11:58:03,2025-12-25T16:07:33.820273,20.7,5.4,55.2,1.0,1.09,21
WE03193,Snowstorm,LOW,40.5117,-87.9248,109,2025-03-14T13:09:46,2025-03-16T21:39:59.982999,11.3,181.0,187.1,4.7,1.4,10
WE03194,Tornado,MEDIUM,34.0437,-86.1329,142,2025-04-27T15:39:09,2025-04-27T20:33:16.003995,11.5,74.7,20.6,0.0,1.94,85
WE03195,Tornado,HIGH,35.6153,-120.2569,405,2025-05-23T10:39:46,2025-05-25T12:55:21.881510,4.0,92.7,62.4,0.0,2.27,234
WE03196,Extreme Heat,CRITICAL,39.6297,-99.2868,533,2024-05-14T04:41:08,2024-05-16T20:01:16.519451,14.5,144.2,164.1,0.0,3.46,371
WE03197,Snowstorm,HIGH,44.1357,-69.2094,333,2026-05-09T04:44:30,2026-05-11T19:18:10.648561,37.5,110.7,49.2,0.0,2.22,113
WE03198,Thunderstorm,HIGH,43.574,-73.4521,461,2025-12-10T12:43:54,2025-12-13T08:36:30.527987,16.8,181.8,109.3,0.1,2.37,139
WE03199,Ice,CRITICAL,43.2239,-71.9702,507,2024-01-13T09:06:44,2024-01-14T06:20:17.239976,1.2,106.1,12.1,0.0,4.19,301
WE03200,Extreme Wind,MEDIUM,38.0299,-82.6658,213,2025-07-27T02:18:38,2025-07-27T11:44:38.918586,-8.6,53.0,4.4,7.4,1.97,36
WE03201,Ice,LOW,32.6294,-98.0746,106,2024-11-07T17:33:46,2024-11-09T05:12:33.962058,-2.6,66.3,62.5,6.3,1.24,9
WE03202,Tornado,MEDIUM,32.7623,-82.8413,169,2025-03-28T23:27:10,2025-03-29T14:29:36.255789,42.6,116.1,83.2,3.4,1.87,74
WE03203,Heavy Rain,MEDIUM,36.6245,-88.3973,294,2026-05-25T20:14:19,2026-05-27T06:18:58.224108,-18.4,127.8,66.6,2.5,1.92,36
WE03204,Hurricane,CRITICAL,37.4852,-119.1101,646,2025-04-17T02:33:36,2025-04-18T15:26:12.646506,2.6,83.2,107.6,0.0,3.01,475
WE03205,Thunderstorm,MEDIUM,35.7768,-119.5333,207,2025-01-11T20:11:12,2025-01-12T01:34:38.809564,-19.1,26.6,2.4,5.7,1.61,71
WE03206,Tornado,LOW,39.874,-73.117,60,2025-12-21T16:26:26,2025-12-21T22:06:16.251354,44.7,66.4,118.3,5.7,1.5,26
WE03207,Ice,MEDIUM,39.0575,-76.8483,185,2025-07-26T02:14:09,2025-07-28T11:04:28.390106,5.9,170.1,84.7,0.6,1.78,82
WE03208,Extreme Heat,MEDIUM,41.1878,-79.5672,291,2026-02-05T09:49:08,2026-02-05T20:38:07.691384,18.7,91.7,120.7,0.0,1.79,45
WE03209,Tornado,LOW,41.5988,-74.046,82,2024-10-30T13:52:33,2024-11-02T11:39:37.439329,44.4,100.4,172.2,8.1,1.39,11
WE03210,Tornado,LOW,46.4167,-98.9317,67,2026-04-29T01:12:19,2026-05-01T22:48:44.215527,29.2,147.9,42.0,0.2,1.03,5
WE03211,Hurricane,CRITICAL,42.5105,-81.5799,495,2025-01-15T18:59:32,2025-01-18T00:54:42.894572,-4.5,11.6,12.5,0.0,3.68,371
WE03212,Heavy Rain,MEDIUM,46.6046,-123.1515,219,2024-08-21T21:31:17,2024-08-23T14:21:41.631221,31.4,196.5,112.4,4.8,1.85,64
WE03213,Fog,MEDIUM,35.3773,-86.4818,223,2024-01-10T21:47:04,2024-01-12T00:25:21.036873,-7.0,189.8,189.0,0.9,1.74,69
WE03214,Extreme Heat,LOW,37.603,-74.794,112,2025-09-28T23:15:15,2025-09-30T19:09:49.909932,32.9,199.0,69.8,5.2,1.22,29
WE03215,Snowstorm,MEDIUM,27.3509,-83.6258,130,2024-02-07T03:26:20,2024-02-08T03:46:12.706893,8.1,72.9,194.0,0.0,1.67,72
WE03216,Snowstorm,LOW,46.2539,-95.6292,125,2024-12-27T22:47:07,2024-12-28T07:34:06.944007,-15.9,38.5,111.5,8.1,1.38,11
WE03217,Ice,MEDIUM,29.5625,-88.0864,155,2026-04-21T06:16:06,2026-04-24T05:00:32.684633,-4.3,112.6,53.7,2.5,1.59,74
WE03218,Heavy Rain,MEDIUM,31.885,-113.1065,215,2025-06-22T03:36:41,2025-06-23T12:11:11.548629,28.2,185.6,115.4,6.3,1.84,40
WE03219,Extreme Heat,MEDIUM,31.7132,-109.2421,243,2024-01-15T21:43:14,2024-01-17T08:16:32.015991,-6.5,174.7,109.3,3.9,1.6,55
WE03220,Fog,LOW,45.7886,-87.0147,143,2025-06-04T10:21:10,2025-06-05T22:55:30.273975,44.8,178.6,111.1,7.4,1.22,20
WE03221,Ice,HIGH,30.8358,-92.098,386,2024-01-03T06:30:31,2024-01-05T12:18:02.920214,3.6,35.0,146.7,5.0,2.63,232
WE03222,Tornado,LOW,36.1785,-113.7132,79,2025-08-07T12:32:32,2025-08-08T19:20:14.169823,-3.7,189.3,112.5,6.0,1.48,17
WE03223,Heavy Rain,LOW,37.2637,-118.9848,130,2025-04-22T16:49:39,2025-04-23T21:48:04.549875,13.8,83.0,111.5,7.9,1.4,19
WE03224,Heavy Rain,LOW,39.0134,-96.4657,134,2024-06-10T11:30:01,2024-06-13T05:47:51.365871,8.4,3.2,32.7,2.7,1.04,23
WE03225,Hurricane,HIGH,27.6407,-96.5022,221,2024-11-14T18:12:02,2024-11-17T09:30:57.338833,-14.3,59.0,36.4,0.0,2.73,232
WE03226,Extreme Heat,HIGH,44.0472,-76.2013,382,2026-04-03T00:54:56,2026-04-05T02:16:13.281649,11.9,195.2,173.4,0.0,2.57,170
WE03227,Fog,MEDIUM,33.4317,-117.0327,171,2025-01-04T23:31:53,2025-01-06T02:43:49.534699,9.9,22.4,106.9,3.5,1.93,37
WE03228,Tornado,MEDIUM,37.387,-86.8898,281,2025-10-14T03:52:08,2025-10-15T20:26:28.679449,17.2,50.0,126.4,4.3,1.82,51
WE03229,Fog,MEDIUM,38.2637,-77.5941,145,2026-02-03T08:09:57,2026-02-06T04:08:27.639083,31.1,48.8,98.9,4.7,1.76,61
WE03230,Extreme Wind,MEDIUM,46.9361,-96.4734,253,2024-04-03T01:03:00,2024-04-05T09:43:10.725759,43.1,54.7,27.8,0.0,1.65,77
WE03231,Thunderstorm,HIGH,47.1168,-94.9384,308,2024-08-09T04:04:05,2024-08-09T07:52:59.626652,-6.0,82.2,145.9,0.0,2.48,125
WE03232,Snowstorm,MEDIUM,44.1369,-73.1977,194,2025-03-10T16:38:32,2025-03-13T04:08:34.852446,-12.9,30.5,145.4,5.3,1.77,89
WE03233,Ice,LOW,38.8528,-108.9855,123,2024-05-24T12:17:04,2024-05-26T14:58:39.266157,9.5,5.7,30.9,7.8,1.2,18
WE03234,Extreme Wind,MEDIUM,42.4291,-90.3809,110,2024-03-09T04:43:13,2024-03-10T03:45:05.713312,5.7,168.9,181.1,5.2,2.0,49
WE03235,Fog,LOW,35.48,-84.1347,72,2024-12-25T13:55:22,2024-12-28T13:25:26.201523,-17.2,59.8,50.5,5.8,1.02,9
WE03236,Heavy Rain,HIGH,34.6544,-105.2425,283,2026-03-18T10:01:41,2026-03-19T22:42:46.349335,7.2,155.0,13.2,0.0,2.26,230
WE03237,Snowstorm,MEDIUM,38.8871,-102.3012,158,2025-10-03T15:52:25,2025-10-04T13:26:41.972966,29.4,42.6,18.8,0.0,1.94,65
WE03238,Extreme Heat,CRITICAL,39.3524,-81.92,598,2025-08-01T15:30:26,2025-08-03T16:46:18.606640,28.7,84.4,29.9,0.0,3.97,240
WE03239,Thunderstorm,HIGH,40.2629,-83.087,294,2025-12-13T04:33:14,2025-12-13T10:14:07.549303,-18.2,145.9,167.2,0.0,2.07,171
WE03240,Snowstorm,MEDIUM,24.4403,-79.7623,104,2024-05-11T21:23:29,2024-05-12T19:06:13.257642,9.2,4.4,194.8,7.3,1.9,64
WE03241,Ice,MEDIUM,43.1902,-87.2133,180,2026-06-21T04:41:54,2026-06-21T19:08:43.436591,6.2,150.3,77.6,0.0,1.79,64
WE03242,Thunderstorm,MEDIUM,46.7375,-92.388,293,2024-05-28T11:22:08,2024-05-29T20:30:12.168022,-13.6,141.9,162.3,3.9,1.99,57
WE03243,Hurricane,LOW,44.2436,-85.3277,113,2026-02-24T03:42:46,2026-02-24T08:47:30.274123,33.5,44.5,105.4,1.8,1.23,20
WE03244,Heavy Rain,HIGH,43.0757,-74.6948,237,2024-07-26T09:45:25,2024-07-27T01:10:01.029441,18.9,182.1,98.8,4.1,2.03,91
WE03245,Tornado,HIGH,35.9395,-123.3734,452,2025-09-04T14:28:54,2025-09-05T18:19:06.886723,33.8,168.7,56.6,1.8,2.27,169
WE03246,Tornado,LOW,40.7946,-119.8983,112,2024-04-26T05:52:57,2024-04-27T08:03:10.354393,22.5,113.2,140.9,9.8,1.21,14
WE03247,Hurricane,CRITICAL,35.8339,-88.0979,441,2026-06-01T01:53:28,2026-06-04T00:46:26.466315,44.0,73.9,19.3,0.0,3.06,323
WE03248,Ice,MEDIUM,36.0092,-91.2479,172,2024-04-06T18:04:24,2024-04-07T10:48:23.197672,12.8,68.3,1.6,5.0,1.77,41
WE03249,Thunderstorm,LOW,40.0245,-76.868,59,2025-11-06T17:20:13,2025-11-08T03:32:08.955107,-4.7,162.7,28.1,6.2,1.16,26
WE03250,Tornado,CRITICAL,42.3483,-86.2849,691,2024-07-22T01:09:29,2024-07-24T13:34:50.469936,-19.8,154.6,32.4,0.0,3.7,305
WE03251,Thunderstorm,LOW,36.9295,-91.1068,100,2025-01-02T19:29:24,2025-01-05T15:53:34.167256,10.0,45.2,172.0,7.0,1.45,25
WE03252,Ice,CRITICAL,40.0646,-98.6489,301,2025-03-29T02:28:13,2025-03-30T18:31:27.175619,-6.4,122.0,91.9,1.3,4.98,581
WE03253,Fog,LOW,45.1172,-97.5472,68,2025-02-09T10:26:50,2025-02-11T21:43:34.416862,32.2,18.9,123.5,9.8,1.1,27
WE03254,Tornado,LOW,32.5489,-98.0222,76,2025-05-04T08:23:00,2025-05-04T15:10:40.295080,-2.8,76.2,10.7,1.4,1.48,14
WE03255,Ice,LOW,46.8283,-119.6415,87,2025-09-02T10:20:14,2025-09-03T09:32:14.026879,29.9,17.7,9.4,8.2,1.25,10
WE03256,Fog,LOW,37.126,-88.6942,67,2025-05-21T19:32:24,2025-05-22T22:26:18.287538,24.6,1.6,119.2,6.2,1.22,22
WE03257,Tornado,LOW,34.203,-87.8745,128,2025-05-09T02:03:04,2025-05-12T00:28:12.148433,37.2,32.9,134.2,5.4,1.44,5
WE03258,Hurricane,HIGH,44.9379,-73.1803,274,2025-12-04T08:02:10,2025-12-06T00:56:10.534979,38.7,6.8,155.8,1.5,2.32,164
WE03259,Snowstorm,LOW,44.5544,-92.3833,82,2025-02-26T11:14:59,2025-02-28T05:23:45.935565,5.2,142.6,143.2,6.2,1.3,10
WE03260,Snowstorm,MEDIUM,35.9917,-92.9078,248,2024-12-28T21:39:28,2024-12-31T11:55:07.608715,7.3,117.3,172.6,0.1,1.78,83
WE03261,Snowstorm,HIGH,27.9785,-84.5454,223,2024-04-26T00:32:57,2024-04-26T14:21:57.742878,10.3,156.3,157.8,0.0,2.37,97
WE03262,Heavy Rain,MEDIUM,42.2053,-103.3994,204,2024-11-10T21:40:28,2024-11-11T22:41:42.570618,17.2,48.1,123.0,1.9,1.6,34
WE03263,Heavy Rain,HIGH,37.7183,-84.6964,291,2024-07-30T10:37:02,2024-07-31T14:47:22.007901,44.6,102.9,34.1,0.5,2.28,144
WE03264,Fog,CRITICAL,35.6774,-107.6414,505,2026-06-27T07:29:44,2026-06-27T15:14:15.913515,-7.1,191.1,0.1,0.0,3.69,416
WE03265,Thunderstorm,LOW,29.0167,-99.4589,115,2024-06-18T06:48:06,2024-06-21T04:01:10.375217,-19.6,192.0,75.6,7.8,1.06,24
WE03266,Ice,LOW,35.3332,-84.175,72,2024-08-29T10:07:31,2024-08-30T15:16:56.754298,36.7,79.3,150.2,2.6,1.04,15
WE03267,Thunderstorm,HIGH,43.0398,-87.7446,393,2024-06-13T03:12:23,2024-06-13T20:20:33.950544,25.0,114.2,91.1,0.0,2.31,237
WE03268,Snowstorm,HIGH,39.9244,-71.9282,451,2024-09-12T08:20:36,2024-09-13T11:09:19.058935,-1.6,132.6,153.2,1.1,2.85,239
WE03269,Tornado,MEDIUM,44.6706,-107.0713,272,2025-11-29T09:03:47,2025-11-30T02:26:15.939985,4.1,2.2,62.1,0.0,1.88,68
WE03270,Tornado,MEDIUM,36.3492,-82.7791,219,2025-12-24T23:47:38,2025-12-25T05:19:34.032220,-0.8,120.5,187.2,2.2,1.55,34
WE03271,Ice,HIGH,42.4586,-113.8789,431,2025-05-02T20:00:34,2025-05-03T10:20:32.383682,-15.9,136.3,125.1,0.0,2.12,100
WE03272,Ice,LOW,33.8883,-114.5043,117,2025-09-23T11:53:11,2025-09-26T01:46:30.914039,-10.7,95.8,107.9,1.2,1.04,11
WE03273,Hurricane,LOW,42.6377,-87.8848,56,2024-07-06T13:23:30,2024-07-08T14:26:17.425161,24.4,104.7,142.0,3.9,1.4,15
WE03274,Heavy Rain,LOW,37.1849,-80.6551,135,2026-04-12T12:42:55,2026-04-13T03:29:54.681484,3.0,39.9,144.9,1.1,1.31,7
WE03275,Hurricane,LOW,35.4911,-90.4127,114,2025-07-10T13:55:26,2025-07-13T05:19:59.583083,14.9,28.4,12.5,8.8,1.31,25
WE03276,Thunderstorm,CRITICAL,33.7138,-116.3721,660,2024-11-18T13:14:22,2024-11-20T22:20:03.566469,3.1,8.6,45.5,0.0,4.1,529
WE03277,Extreme Heat,MEDIUM,40.2781,-74.5414,171,2025-12-03T00:41:23,2025-12-03T16:56:14.595386,0.4,41.8,151.6,7.5,1.91,62
WE03278,Tornado,LOW,35.8933,-87.5531,101,2025-04-23T22:32:41,2025-04-26T02:42:12.890809,1.8,71.5,44.3,1.7,1.44,16
WE03279,Ice,MEDIUM,34.9912,-76.1622,254,2025-12-20T18:48:47,2025-12-21T02:52:20.884351,-8.4,182.5,40.9,5.0,1.99,84
WE03280,Extreme Wind,MEDIUM,41.2398,-94.8719,183,2025-02-15T16:12:41,2025-02-18T14:36:01.205725,28.4,109.5,86.1,0.0,1.52,69
WE03281,Thunderstorm,MEDIUM,49.1689,-123.5817,273,2024-07-05T06:42:05,2024-07-06T03:52:49.688921,-3.2,81.0,56.7,1.1,1.56,38
WE03282,Extreme Wind,HIGH,40.5714,-102.0165,210,2024-05-20T11:08:06,2024-05-21T20:45:22.804866,0.0,30.4,55.9,0.0,2.08,207
WE03283,Heavy Rain,LOW,48.0568,-109.0439,98,2024-09-01T20:19:37,2024-09-03T03:09:17.710846,6.7,28.3,64.2,8.9,1.17,7
WE03284,Snowstorm,LOW,45.031,-70.7112,53,2025-04-17T13:57:23,2025-04-19T13:22:10.444745,27.2,153.9,129.8,5.7,1.24,21
WE03285,Extreme Heat,MEDIUM,43.295,-75.7357,192,2024-03-03T15:36:15,2024-03-05T14:45:07.605704,-19.8,165.7,180.8,5.3,1.95,44
WE03286,Heavy Rain,LOW,25.4905,-81.5628,81,2024-11-30T00:33:21,2024-12-01T14:55:21.833684,28.7,91.4,55.5,4.5,1.1,11
WE03287,Hurricane,LOW,36.1958,-116.3838,137,2025-05-24T05:02:00,2025-05-26T01:32:37.008224,-0.3,176.8,89.1,1.9,1.2,28
WE03288,Hurricane,LOW,40.1775,-73.2098,120,2024-08-18T09:54:43,2024-08-18T11:58:35.198482,23.8,190.4,1.5,9.8,1.14,16
WE03289,Heavy Rain,LOW,40.1492,-103.0015,79,2024-05-21T16:39:48,2024-05-22T01:44:18.207034,6.2,162.3,56.9,8.4,1.35,15
WE03290,Hurricane,HIGH,30.8211,-79.0024,271,2025-01-20T14:16:01,2025-01-22T10:35:20.680874,-15.1,81.5,133.2,0.0,2.4,156
WE03291,Hurricane,HIGH,37.5874,-86.0015,266,2025-07-06T15:03:04,2025-07-08T19:49:27.180419,-1.1,131.7,0.6,0.0,2.68,204
WE03292,Fog,CRITICAL,36.5615,-85.1898,342,2025-09-07T13:03:51,2025-09-07T20:45:51.058722,-19.4,5.8,191.1,0.4,4.77,442
WE03293,Extreme Heat,LOW,42.9647,-84.6834,58,2026-03-08T15:09:51,2026-03-10T06:29:14.439359,30.8,147.7,130.0,7.0,1.17,25
WE03294,Thunderstorm,MEDIUM,35.9237,-115.4221,247,2024-03-17T01:00:40,2024-03-19T00:55:36.525236,-13.0,159.3,96.2,7.1,1.75,35
WE03295,Heavy Rain,CRITICAL,33.4485,-82.8452,341,2025-04-09T05:35:21,2025-04-11T04:27:43.886633,8.7,83.9,47.3,0.0,4.72,584
WE03296,Hurricane,MEDIUM,32.5741,-98.1104,111,2025-02-08T03:43:15,2025-02-08T17:02:54.672958,8.3,128.7,130.7,6.2,1.63,39
WE03297,Hurricane,LOW,38.3278,-98.2174,82,2024-09-27T02:15:32,2024-09-28T09:50:21.265841,43.7,37.7,82.1,4.3,1.27,9
WE03298,Hurricane,MEDIUM,42.0789,-110.7489,210,2024-02-18T06:49:27,2024-02-18T14:38:00.320137,31.6,110.1,49.2,1.2,1.63,65
WE03299,Heavy Rain,MEDIUM,40.4711,-79.2877,149,2025-09-20T04:50:05,2025-09-20T11:56:52.168383,2.8,182.3,59.3,1.6,1.96,36
WE03300,Thunderstorm,LOW,47.0749,-123.7345,87,2025-12-03T11:16:53,2025-12-03T22:22:56.454452,-10.6,109.6,100.3,5.7,1.19,28
WE03301,Thunderstorm,MEDIUM,41.3407,-119.7787,154,2026-05-13T15:27:30,2026-05-14T16:28:22.313278,9.7,193.6,29.9,3.4,1.59,31
WE03302,Tornado,MEDIUM,38.7228,-76.8252,248,2026-05-04T13:59:36,2026-05-06T12:19:29.462116,1.5,26.8,198.2,2.8,1.61,41
WE03303,Snowstorm,LOW,33.106,-90.0669,108,2025-01-23T03:10:52,2025-01-25T09:59:52.624791,17.4,24.9,72.5,6.8,1.22,29
WE03304,Hurricane,LOW,38.5203,-125.1991,123,2024-05-27T03:36:51,2024-05-27T12:15:07.135024,37.7,80.3,47.1,8.4,1.33,29
WE03305,Hurricane,HIGH,42.4429,-85.859,450,2025-12-18T18:13:15,2025-12-19T12:49:29.712993,-15.9,148.2,132.8,0.0,2.34,181
WE03306,Extreme Heat,MEDIUM,37.3579,-73.8974,157,2024-06-07T07:22:52,2024-06-09T18:47:23.166451,13.7,148.2,82.9,5.8,1.7,76
WE03307,Snowstorm,HIGH,36.4848,-106.2971,328,2024-08-05T03:51:44,2024-08-06T07:21:04.381763,42.5,114.9,192.6,0.0,2.18,111
WE03308,Snowstorm,LOW,44.4816,-81.8181,89,2024-07-07T16:06:20,2024-07-08T13:40:32.426876,29.3,11.9,186.7,3.9,1.08,27
WE03309,Fog,MEDIUM,45.6815,-86.0549,218,2024-01-19T13:47:11,2024-01-20T10:59:10.372032,6.2,7.8,43.3,0.0,1.84,49
WE03310,Extreme Wind,MEDIUM,40.262,-73.9583,223,2024-04-05T19:11:37,2024-04-06T17:18:31.552047,-11.2,115.9,155.4,0.0,1.85,80
WE03311,Ice,MEDIUM,43.2017,-93.0385,193,2024-12-11T07:30:08,2024-12-12T10:37:50.971594,23.6,20.7,145.7,1.8,1.8,62
WE03312,Fog,HIGH,28.7862,-92.7146,434,2024-07-22T01:25:02,2024-07-23T16:00:37.219074,31.4,158.3,189.1,3.8,2.61,180
WE03313,Snowstorm,HIGH,30.9096,-88.4849,375,2024-11-03T18:56:05,2024-11-04T06:46:38.582919,23.7,45.6,2.7,0.9,2.14,101
WE03314,Ice,MEDIUM,34.3628,-84.4738,257,2025-09-14T06:46:20,2025-09-16T17:15:30.308633,26.9,140.6,136.0,2.6,1.63,54
WE03315,Extreme Heat,CRITICAL,39.55,-98.6057,383,2025-08-01T06:06:12,2025-08-02T05:59:37.651822,28.9,31.3,14.7,1.4,3.59,242
WE03316,Snowstorm,LOW,41.0294,-124.1994,84,2024-05-10T13:13:00,2024-05-13T06:34:38.501103,6.8,193.3,172.1,8.1,1.25,25
WE03317,Hurricane,MEDIUM,29.2717,-100.3533,282,2026-06-23T14:36:17,2026-06-25T15:21:27.623498,31.0,54.6,21.8,5.7,1.68,81
WE03318,Snowstorm,MEDIUM,39.9492,-77.2088,216,2025-02-06T01:31:59,2025-02-07T22:47:38.654089,-17.1,89.8,68.3,0.0,1.67,55
WE03319,Extreme Heat,HIGH,37.2936,-94.2408,354,2024-04-26T11:43:29,2024-04-27T23:59:50.764548,-16.5,19.7,101.6,0.0,2.54,169
WE03320,Tornado,MEDIUM,45.0424,-115.395,284,2024-02-03T20:46:10,2024-02-06T08:04:09.126429,-4.7,60.9,173.4,1.0,1.64,37
WE03321,Extreme Wind,LOW,34.1527,-88.6774,68,2024-04-10T03:41:30,2024-04-12T02:26:52.769792,15.5,26.3,144.6,6.4,1.39,8
WE03322,Hurricane,HIGH,41.8934,-70.0153,318,2024-11-03T04:40:00,2024-11-05T23:03:23.893389,14.2,130.5,87.0,0.0,2.64,158
WE03323,Thunderstorm,HIGH,42.7893,-125.5563,488,2025-11-19T20:19:04,2025-11-22T01:03:47.433615,-13.2,198.9,109.4,0.5,2.77,119
WE03324,Snowstorm,HIGH,37.4938,-76.1892,231,2024-07-19T01:41:49,2024-07-19T09:42:48.413639,-7.2,26.7,144.3,0.0,2.78,145
WE03325,Tornado,MEDIUM,33.7577,-82.9164,164,2024-05-22T21:12:43,2024-05-25T18:35:49.415418,34.2,163.4,53.6,1.2,1.59,64
WE03326,Extreme Heat,MEDIUM,47.9402,-119.6897,131,2025-05-30T01:04:33,2025-06-01T20:42:43.131894,41.2,59.9,172.0,5.0,1.74,50
WE03327,Thunderstorm,MEDIUM,37.982,-95.9706,234,2024-07-09T08:09:44,2024-07-11T06:58:57.357043,10.1,30.1,21.7,0.0,1.68,40
WE03328,Hurricane,LOW,32.6512,-114.2062,80,2024-03-07T07:50:02,2024-03-08T06:42:51.915939,-15.5,80.7,157.1,5.7,1.26,8
WE03329,Extreme Wind,LOW,37.7186,-79.0302,122,2025-12-17T03:08:11,2025-12-18T11:31:21.170377,26.3,65.7,34.7,7.4,1.09,15
WE03330,Tornado,MEDIUM,29.2718,-78.8484,250,2024-03-19T15:54:37,2024-03-20T08:36:16.137929,34.5,66.2,186.7,2.5,1.84,88
WE03331,Hurricane,LOW,40.3706,-84.5066,105,2024-09-17T23:05:29,2024-09-19T17:09:29.461645,10.5,166.6,17.1,0.1,1.16,22
WE03332,Snowstorm,MEDIUM,42.3873,-78.4693,174,2026-06-10T11:57:13,2026-06-11T19:52:43.726489,-18.2,168.5,27.8,0.0,1.56,77
WE03333,Heavy Rain,MEDIUM,26.1165,-83.6804,199,2025-11-03T21:14:24,2025-11-06T05:13:51.624839,-11.6,4.7,85.9,2.0,1.59,53
WE03334,Heavy Rain,LOW,40.3699,-125.1307,67,2025-09-05T14:37:06,2025-09-07T09:03:21.764747,12.9,27.3,142.1,8.3,1.28,17
WE03335,Extreme Wind,CRITICAL,34.2869,-99.9623,746,2026-02-09T16:55:57,2026-02-11T04:48:52.196931,18.3,52.4,68.1,0.0,4.7,340
WE03336,Tornado,LOW,27.8812,-94.6259,101,2024-02-15T19:10:46,2024-02-16T03:15:03.606932,30.4,75.3,132.5,3.3,1.33,27
WE03337,Hurricane,HIGH,33.9383,-85.7055,394,2025-08-17T13:11:15,2025-08-20T01:43:53.247315,-18.8,137.9,52.7,0.0,2.87,122
WE03338,Thunderstorm,CRITICAL,32.5243,-115.8117,523,2025-10-24T19:11:15,2025-10-25T00:35:06.172562,-15.1,51.7,198.5,0.0,3.3,456
WE03339,Ice,MEDIUM,38.9164,-73.6359,243,2024-09-25T10:43:11,2024-09-26T09:27:21.107117,28.3,26.5,138.1,0.0,1.84,44
WE03340,Ice,HIGH,33.7948,-85.6426,416,2025-07-03T19:57:39,2025-07-05T09:21:16.338986,11.0,109.5,174.3,0.0,2.46,205
WE03341,Extreme Wind,CRITICAL,45.2225,-116.4656,384,2024-11-29T13:11:47,2024-11-30T23:31:50.161603,38.3,77.3,92.7,0.0,3.11,566
WE03342,Hurricane,CRITICAL,34.5976,-98.0038,462,2024-10-17T17:29:57,2024-10-18T05:09:52.452259,22.4,97.5,80.8,0.3,4.41,481
WE03343,Hurricane,LOW,35.6574,-82.4854,65,2025-03-03T04:03:48,2025-03-03T20:17:18.044960,-10.2,49.2,121.7,9.6,1.06,12
WE03344,Ice,HIGH,33.7035,-113.7353,483,2025-03-10T17:44:02,2025-03-10T21:35:58.554080,-14.1,156.1,43.2,2.5,2.83,233
WE03345,Extreme Heat,CRITICAL,42.8524,-71.2215,457,2025-11-23T20:30:40,2025-11-24T02:20:23.006220,26.0,17.1,21.8,0.0,4.96,494
WE03346,Snowstorm,HIGH,44.4178,-69.8851,350,2024-08-18T21:22:50,2024-08-20T06:36:36.453106,-6.4,133.6,197.4,0.0,2.8,159
WE03347,Extreme Wind,HIGH,30.0351,-95.325,288,2024-02-23T19:49:29,2024-02-26T04:55:07.567904,24.7,98.3,116.4,0.0,2.32,151
WE03348,Ice,HIGH,45.29,-68.827,318,2025-01-16T19:31:14,2025-01-18T07:57:48.452582,-9.3,5.6,87.7,0.6,2.14,134
WE03349,Thunderstorm,HIGH,41.2728,-84.0019,278,2025-04-03T10:19:04,2025-04-05T07:03:18.008178,-18.8,172.7,158.2,0.3,2.2,209
WE03350,Tornado,CRITICAL,41.0266,-68.9587,554,2026-02-14T00:01:38,2026-02-15T04:57:54.880087,18.3,174.7,146.9,0.0,4.03,493
WE03351,Ice,CRITICAL,42.2558,-88.7248,322,2025-10-02T00:10:57,2025-10-04T09:55:46.479662,-7.9,65.4,122.8,0.0,3.74,571
WE03352,Hurricane,CRITICAL,30.8491,-88.579,709,2026-05-05T11:09:41,2026-05-06T09:00:27.801025,-11.6,30.7,161.4,0.0,3.74,260
WE03353,Ice,MEDIUM,39.2832,-80.5719,153,2026-01-14T03:34:03,2026-01-16T14:20:52.230328,27.3,98.5,172.5,5.7,1.93,72
WE03354,Hurricane,MEDIUM,32.3096,-107.9456,129,2024-04-04T17:27:52,2024-04-06T01:08:09.363687,-1.5,70.8,0.4,1.3,1.89,72
WE03355,Thunderstorm,MEDIUM,40.923,-69.2269,204,2024-05-16T06:29:47,2024-05-16T13:46:50.527842,32.7,121.3,20.9,0.0,1.91,77
WE03356,Extreme Wind,LOW,34.7719,-86.5668,69,2025-03-10T14:48:17,2025-03-13T14:29:59.705626,18.9,195.9,184.8,5.8,1.4,22
WE03357,Fog,HIGH,37.012,-92.9625,251,2025-08-17T23:50:40,2025-08-18T04:25:11.758843,-18.9,150.4,41.2,2.1,2.52,153
WE03358,Hurricane,MEDIUM,33.5582,-85.5124,150,2024-08-01T04:31:46,2024-08-01T21:27:49.022484,-8.8,148.1,89.3,7.8,1.69,41
WE03359,Hurricane,MEDIUM,36.7267,-117.9125,202,2025-10-13T06:12:25,2025-10-14T08:00:28.183522,38.0,58.5,31.3,6.6,1.98,56
WE03360,Snowstorm,LOW,38.6979,-112.2434,69,2024-11-05T20:19:33,2024-11-06T11:35:10.641311,-11.4,115.1,110.9,1.9,1.47,16
WE03361,Extreme Wind,LOW,39.4449,-96.2124,67,2026-03-27T19:46:08,2026-03-29T00:42:01.538105,3.9,0.7,0.8,8.6,1.17,19
WE03362,Ice,MEDIUM,45.6567,-96.1683,244,2025-01-22T00:54:05,2025-01-24T10:44:43.630895,24.3,57.9,174.5,2.1,1.92,31
WE03363,Thunderstorm,MEDIUM,45.4001,-78.1245,106,2026-04-24T12:59:24,2026-04-27T11:26:18.399088,20.7,133.9,111.4,4.7,1.77,82
WE03364,Fog,LOW,47.0855,-98.7982,73,2024-01-31T08:07:49,2024-02-01T18:45:14.652351,-17.6,71.9,70.3,9.2,1.24,24
WE03365,Tornado,MEDIUM,38.6768,-74.9659,141,2025-08-17T04:33:43,2025-08-18T23:50:59.668682,-17.4,133.2,45.9,0.0,1.82,37
WE03366,Extreme Heat,CRITICAL,36.0098,-76.2595,745,2025-07-11T20:40:11,2025-07-14T11:43:18.607640,-9.9,140.7,25.8,0.0,4.57,287
WE03367,Heavy Rain,CRITICAL,32.3307,-92.0545,570,2026-01-15T03:55:55,2026-01-17T22:21:03.099415,38.8,39.8,13.1,0.0,3.4,498
WE03368,Fog,LOW,42.6419,-73.911,90,2026-04-25T21:05:42,2026-04-27T13:51:28.119455,-9.1,104.1,80.0,3.0,1.16,9
WE03369,Extreme Heat,MEDIUM,41.7989,-81.2795,101,2026-01-22T22:09:39,2026-01-24T20:13:23.150956,27.1,174.5,4.0,7.6,1.6,47
WE03370,Snowstorm,LOW,37.3154,-84.6201,93,2025-06-18T10:31:17,2025-06-19T12:44:24.233693,1.1,19.4,161.1,4.6,1.24,7
WE03371,Extreme Heat,LOW,35.2368,-87.9795,75,2026-05-28T17:00:07,2026-05-29T05:19:33.887162,-1.0,8.9,144.0,4.5,1.21,20
WE03372,Hurricane,MEDIUM,42.354,-80.4626,116,2026-02-19T10:34:41,2026-02-21T07:08:20.638473,23.1,35.0,83.9,5.6,1.5,76
WE03373,Hurricane,HIGH,44.0666,-73.1523,283,2025-05-14T14:16:54,2025-05-15T09:49:24.920891,-6.5,105.2,133.6,0.0,2.26,147
WE03374,Snowstorm,MEDIUM,43.3677,-76.2479,116,2025-08-26T07:54:12,2025-08-27T01:02:56.544093,6.0,47.4,198.1,7.4,1.94,57
WE03375,Fog,MEDIUM,26.4833,-82.3338,162,2025-02-24T02:34:23,2025-02-27T01:43:00.854090,16.2,32.7,51.2,5.7,1.5,41
WE03376,Snowstorm,MEDIUM,28.398,-98.4563,271,2024-10-06T08:01:18,2024-10-09T04:30:29.160180,16.7,30.5,59.3,0.0,1.58,42
WE03377,Extreme Wind,LOW,44.4562,-76.2388,141,2024-02-10T11:41:52,2024-02-11T08:13:28.130270,-12.9,112.8,135.3,6.5,1.03,11
WE03378,Extreme Wind,MEDIUM,32.0803,-93.6686,251,2025-05-10T08:37:02,2025-05-10T13:24:56.918645,11.7,95.6,4.1,0.0,1.54,71
WE03379,Tornado,LOW,36.7785,-78.7509,81,2024-12-06T05:39:52,2024-12-08T15:35:50.191155,29.1,31.3,89.1,7.7,1.22,8
WE03380,Heavy Rain,CRITICAL,40.5465,-96.829,329,2024-02-15T12:30:43,2024-02-18T09:39:13.985587,41.4,83.2,47.5,0.0,3.25,360
WE03381,Snowstorm,MEDIUM,39.9194,-85.6289,109,2025-03-12T09:55:44,2025-03-12T18:57:36.220985,-6.7,189.2,93.8,6.3,1.91,88
WE03382,Thunderstorm,LOW,43.2779,-98.643,76,2024-04-01T00:26:21,2024-04-03T05:36:05.128066,4.0,9.2,165.7,2.6,1.48,6
WE03383,Thunderstorm,LOW,41.3201,-80.5499,127,2026-01-02T17:40:06,2026-01-04T19:00:07.509044,42.9,185.4,83.7,9.1,1.15,12
WE03384,Tornado,MEDIUM,38.8807,-85.6937,287,2026-04-02T10:39:59,2026-04-03T14:55:33.864137,40.7,28.2,108.0,6.4,1.97,83
WE03385,Heavy Rain,MEDIUM,46.4698,-118.6284,156,2025-07-09T06:03:50,2025-07-11T15:49:40.481312,-11.0,199.5,177.2,2.3,1.55,59
WE03386,Hurricane,HIGH,32.8227,-82.0421,293,2026-06-26T04:41:05,2026-06-28T14:24:14.257063,-4.4,142.6,134.8,2.4,2.28,161
WE03387,Fog,MEDIUM,46.5293,-98.1274,249,2024-12-27T14:00:03,2024-12-28T04:20:57.501669,31.2,28.5,150.7,0.6,1.74,80
WE03388,Extreme Heat,LOW,39.8476,-78.4863,73,2024-09-04T23:14:39,2024-09-05T05:29:57.200726,-2.4,197.0,194.9,5.3,1.2,9
WE03389,Fog,MEDIUM,44.3458,-85.3379,203,2024-06-04T13:16:43,2024-06-06T20:16:10.516815,12.5,39.4,89.7,1.7,1.97,40
WE03390,Hurricane,CRITICAL,29.9219,-87.499,435,2025-01-20T00:46:50,2025-01-22T04:49:04.815661,-9.9,17.9,0.6,0.7,4.33,362
WE03391,Tornado,LOW,34.4573,-86.058,65,2025-01-09T14:49:40,2025-01-10T08:35:51.084065,7.5,173.7,35.0,3.7,1.2,17
WE03392,Tornado,LOW,28.9297,-99.5118,146,2025-02-18T00:50:48,2025-02-18T19:34:46.150871,6.3,103.6,196.7,5.9,1.31,23
WE03393,Snowstorm,MEDIUM,37.0162,-96.0163,171,2026-04-09T01:23:20,2026-04-09T06:35:58.889891,-2.2,5.9,142.3,1.2,1.66,36
WE03394,Hurricane,LOW,37.6908,-83.0924,104,2024-03-27T20:25:32,2024-03-29T17:40:01.497433,0.6,129.5,175.6,3.2,1.23,25
WE03395,Tornado,LOW,38.5037,-95.1127,52,2024-12-06T20:15:24,2024-12-09T05:11:24.744256,-8.7,48.6,177.1,8.1,1.29,9
WE03396,Tornado,LOW,46.2496,-117.6046,118,2026-06-13T07:21:26,2026-06-15T09:46:54.595221,29.6,63.2,78.8,1.9,1.07,7
WE03397,Fog,MEDIUM,43.4377,-82.3187,236,2025-08-26T09:26:28,2025-08-26T12:20:50.248540,4.6,2.0,143.5,0.0,1.82,83
WE03398,Heavy Rain,MEDIUM,32.2754,-85.1121,257,2025-07-05T04:04:31,2025-07-05T07:13:03.269799,17.4,134.1,28.7,1.7,1.69,53
WE03399,Fog,CRITICAL,43.4048,-74.1298,680,2024-09-26T20:27:14,2024-09-28T13:22:00.041184,13.1,1.9,189.8,0.0,3.83,456
WE03400,Ice,LOW,41.6359,-74.0506,131,2024-09-30T13:29:51,2024-10-03T10:26:38.944154,40.7,10.2,171.1,3.7,1.22,22
WE03401,Fog,MEDIUM,46.6016,-116.1854,224,2025-01-02T11:15:55,2025-01-04T20:25:52.541312,0.9,189.1,54.3,0.2,1.98,56
WE03402,Tornado,LOW,48.931,-95.0632,148,2025-05-09T00:03:43,2025-05-11T21:20:14.521646,-18.2,193.5,162.3,9.1,1.3,28
WE03403,Tornado,MEDIUM,42.5173,-121.6594,243,2025-07-11T08:24:16,2025-07-12T09:15:28.225021,13.0,59.1,84.3,6.0,1.54,88
WE03404,Heavy Rain,LOW,34.8547,-92.5464,70,2024-02-13T19:37:01,2024-02-14T18:38:31.950214,-4.4,107.1,101.1,5.8,1.43,14
WE03405,Snowstorm,HIGH,49.2722,-99.6153,259,2025-06-30T07:39:38,2025-07-02T02:54:30.482862,20.6,40.6,20.8,4.9,2.95,227
WE03406,Ice,LOW,33.5972,-82.1653,112,2026-05-31T19:34:36,2026-06-03T08:34:55.490241,39.6,53.1,70.8,6.4,1.25,8
WE03407,Extreme Wind,LOW,25.6936,-84.6533,120,2026-05-25T12:46:22,2026-05-27T09:56:31.730066,7.9,168.1,159.9,2.4,1.18,6
WE03408,Tornado,MEDIUM,37.5959,-105.6128,260,2024-08-08T17:57:26,2024-08-11T17:38:06.293577,19.4,9.7,31.8,0.2,1.84,39
WE03409,Fog,HIGH,36.9005,-123.2435,382,2026-05-24T18:13:15,2026-05-27T07:42:41.839824,3.1,177.5,110.2,0.0,2.79,204
WE03410,Snowstorm,MEDIUM,42.5287,-73.1994,190,2024-10-19T09:51:34,2024-10-19T17:30:32.695910,32.0,150.6,61.7,0.5,1.63,36
WE03411,Snowstorm,HIGH,36.8473,-78.9256,205,2026-02-03T15:32:32,2026-02-06T04:39:55.391544,29.3,61.8,175.9,0.0,2.18,93
WE03412,Thunderstorm,HIGH,30.4034,-89.0876,306,2026-04-22T03:52:12,2026-04-22T13:35:06.567915,6.7,13.3,41.4,0.0,2.66,128
WE03413,Hurricane,MEDIUM,36.2336,-84.9307,117,2025-04-25T02:20:01,2025-04-26T12:30:35.167415,-9.1,194.6,41.3,5.3,1.58,60
WE03414,Fog,LOW,36.1955,-94.1275,59,2024-09-29T17:13:50,2024-09-29T23:38:11.392583,19.7,164.1,137.8,9.9,1.07,17
WE03415,Extreme Heat,MEDIUM,34.0645,-80.6426,182,2026-01-31T20:47:42,2026-02-01T14:47:06.946467,2.3,63.2,104.8,8.0,1.78,79
WE03416,Thunderstorm,LOW,44.3177,-87.4623,81,2024-02-28T23:23:27,2024-03-02T21:27:50.260133,-16.7,138.2,71.2,4.1,1.42,18
WE03417,Tornado,MEDIUM,27.2563,-81.0498,162,2024-05-20T05:02:20,2024-05-21T09:51:39.057689,-7.3,139.9,54.5,0.0,1.67,56
WE03418,Thunderstorm,CRITICAL,38.9296,-82.6137,629,2024-03-28T06:05:38,2024-03-29T00:41:43.987217,8.8,97.3,196.7,0.0,4.09,456
WE03419,Extreme Wind,CRITICAL,35.5612,-85.9583,573,2024-12-27T08:49:38,2024-12-29T05:16:09.514226,15.6,1.4,149.6,0.0,4.97,364
WE03420,Ice,HIGH,32.1965,-84.2834,307,2024-12-05T21:47:19,2024-12-08T01:30:38.990554,-13.6,57.5,195.3,0.0,2.31,149
WE03421,Extreme Heat,CRITICAL,36.2462,-95.4499,495,2024-01-31T22:58:09,2024-02-01T15:32:54.828431,-7.8,26.8,72.4,0.0,4.37,349
WE03422,Fog,MEDIUM,38.8285,-97.9307,141,2026-03-28T19:25:23,2026-03-30T08:38:11.295187,-18.9,71.7,109.5,6.6,1.98,55
WE03423,Hurricane,HIGH,36.4864,-94.5153,407,2026-01-12T12:43:16,2026-01-13T21:27:20.454819,41.9,121.8,154.5,0.0,2.76,126
WE03424,Ice,MEDIUM,36.9132,-77.1972,111,2024-01-02T01:28:57,2024-01-04T02:07:25.375124,11.9,123.7,181.0,3.4,1.83,44
WE03425,Ice,HIGH,31.6347,-118.7294,238,2025-05-30T07:56:22,2025-05-31T11:30:05.196490,4.0,25.7,186.6,0.0,2.67,220
WE03426,Fog,MEDIUM,37.3297,-80.0677,141,2024-11-08T23:08:11,2024-11-11T14:05:41.125044,30.2,152.4,150.2,3.3,1.6,30
WE03427,Ice,LOW,37.7825,-106.3052,54,2024-07-21T17:00:10,2024-07-24T08:50:28.876942,20.7,119.2,158.2,7.4,1.34,13
WE03428,Fog,MEDIUM,37.1852,-77.838,221,2025-06-13T08:25:04,2025-06-13T22:49:42.762471,0.4,168.9,88.6,3.9,1.8,87
WE03429,Heavy Rain,CRITICAL,34.6994,-89.1378,518,2024-10-02T16:11:00,2024-10-03T11:20:17.804789,13.0,64.9,150.5,0.0,4.46,293
WE03430,Ice,LOW,40.8301,-124.407,69,2025-05-17T16:15:55,2025-05-19T01:06:36.290039,-14.7,166.5,5.9,8.0,1.12,18
WE03431,Thunderstorm,HIGH,33.2789,-81.433,402,2024-04-02T12:24:26,2024-04-03T15:09:41.590289,34.2,125.9,21.7,0.0,2.67,209
WE03432,Snowstorm,MEDIUM,35.7092,-87.3249,238,2024-02-04T00:58:19,2024-02-04T18:03:49.107643,2.0,80.0,112.3,3.6,1.86,75
WE03433,Extreme Wind,LOW,38.0868,-89.0414,121,2024-08-17T11:06:11,2024-08-18T23:55:55.014953,-9.5,57.5,68.6,3.4,1.08,11
WE03434,Extreme Heat,MEDIUM,48.4101,-118.7521,102,2024-08-08T01:11:38,2024-08-10T18:41:28.889690,-12.6,134.1,56.9,0.0,1.86,42
WE03435,Extreme Wind,HIGH,32.9688,-107.1824,368,2024-06-21T07:25:09,2024-06-22T18:12:00.991246,20.0,160.9,168.2,3.4,2.98,117
WE03436,Extreme Heat,MEDIUM,33.1694,-86.7528,279,2026-03-28T13:41:42,2026-03-31T06:38:52.229162,5.9,168.1,20.3,4.5,1.51,31
WE03437,Snowstorm,HIGH,46.8656,-123.8828,310,2025-07-20T20:04:46,2025-07-22T01:00:58.677852,-3.1,161.9,129.6,3.9,3.0,146
WE03438,Tornado,MEDIUM,31.7664,-112.0795,244,2024-04-22T16:10:27,2024-04-23T20:28:56.535908,33.2,101.8,159.0,0.3,1.96,69
WE03439,Hurricane,LOW,40.9328,-71.0461,98,2025-08-03T08:28:25,2025-08-05T07:43:48.555851,4.2,107.6,166.4,2.4,1.32,9
WE03440,Ice,CRITICAL,34.9017,-112.8793,329,2025-09-06T12:52:17,2025-09-06T20:05:11.053227,-14.8,15.7,181.7,0.0,4.56,263
WE03441,Hurricane,CRITICAL,35.8136,-117.3039,470,2024-06-05T22:45:08,2024-06-06T18:50:55.766449,27.7,173.9,103.3,0.0,4.7,524
WE03442,Fog,HIGH,30.9121,-81.8755,366,2025-06-06T19:54:22,2025-06-09T17:35:05.751984,-13.3,139.9,121.7,3.8,2.18,157
WE03443,Extreme Heat,MEDIUM,38.2696,-116.815,290,2025-04-13T18:37:13,2025-04-14T12:39:10.515437,0.3,67.9,5.0,5.2,1.62,69
WE03444,Heavy Rain,HIGH,29.397,-96.7205,253,2025-05-16T03:31:09,2025-05-16T23:10:26.735143,-7.6,131.5,171.2,2.8,2.1,180
WE03445,Extreme Heat,HIGH,37.9083,-83.2668,385,2024-07-30T23:17:12,2024-08-02T09:24:20.471323,-13.2,47.3,114.6,0.0,2.44,176
WE03446,Fog,HIGH,36.6961,-84.9716,454,2024-09-01T16:10:13,2024-09-04T05:57:59.421071,-10.5,189.9,84.2,0.0,2.84,128
WE03447,Extreme Heat,HIGH,44.1457,-92.2668,429,2025-11-09T15:38:01,2025-11-11T15:25:24.757509,-1.4,10.5,38.3,0.0,2.03,124
WE03448,Hurricane,CRITICAL,45.8339,-89.2424,603,2026-01-26T20:07:59,2026-01-27T19:32:50.718409,20.2,77.0,112.5,1.5,4.59,577
WE03449,Hurricane,HIGH,41.7782,-69.688,407,2025-05-07T21:10:56,2025-05-08T09:03:54.196017,19.1,174.8,5.5,2.4,2.49,119
WE03450,Extreme Heat,MEDIUM,31.8089,-90.9307,123,2024-09-27T14:44:46,2024-09-28T09:40:53.543784,39.3,52.7,105.2,6.3,1.97,67
WE03451,Hurricane,LOW,44.7599,-71.5953,124,2026-05-23T00:01:57,2026-05-25T06:16:35.851909,22.2,49.7,99.4,7.6,1.24,8
WE03452,Snowstorm,MEDIUM,35.7921,-122.9845,262,2025-07-08T07:25:14,2025-07-09T01:50:51.054303,29.3,89.4,49.5,0.0,1.6,71
WE03453,Extreme Wind,MEDIUM,35.0864,-84.5968,176,2024-12-12T18:53:11,2024-12-14T05:22:50.092202,-9.3,112.8,179.0,6.1,1.66,42
WE03454,Extreme Wind,LOW,40.8675,-86.1047,138,2024-09-29T09:34:57,2024-09-30T14:18:22.426676,-17.7,156.1,178.2,2.0,1.07,15
WE03455,Heavy Rain,CRITICAL,32.299,-96.038,568,2025-08-10T19:10:55,2025-08-12T00:09:59.715079,1.8,97.7,116.4,1.2,3.31,476
WE03456,Hurricane,MEDIUM,42.7416,-109.3445,208,2025-04-21T15:11:56,2025-04-22T01:05:31.892848,-17.8,81.9,100.1,4.6,1.51,67
WE03457,Ice,HIGH,43.4576,-90.8839,252,2025-04-02T12:23:58,2025-04-05T02:48:54.314200,-13.7,134.3,120.9,0.0,2.98,203
WE03458,Hurricane,MEDIUM,32.1038,-90.2231,136,2024-07-16T19:53:28,2024-07-17T05:56:24.326477,13.0,64.7,178.3,3.8,1.74,76
WE03459,Heavy Rain,MEDIUM,42.0635,-109.6455,178,2024-10-03T01:26:42,2024-10-03T21:25:06.828989,-6.6,28.2,175.0,0.0,1.93,41
WE03460,Fog,MEDIUM,36.8025,-99.1059,255,2024-01-03T19:01:50,2024-01-04T06:03:34.863305,-12.8,15.5,145.7,4.6,1.62,75
WE03461,Hurricane,HIGH,32.9421,-119.9374,348,2026-06-08T20:49:44,2026-06-09T12:51:45.299438,43.5,7.9,189.0,4.9,2.62,184
WE03462,Snowstorm,MEDIUM,29.566,-90.4031,277,2025-08-31T07:57:33,2025-09-01T06:30:46.042580,41.3,193.6,5.0,2.3,1.54,41
WE03463,Snowstorm,LOW,31.5092,-85.9076,50,2026-05-31T13:17:26,2026-06-01T22:35:55.878682,-19.1,128.4,168.3,4.3,1.48,27
WE03464,Thunderstorm,LOW,33.6169,-84.4723,102,2024-02-20T07:18:58,2024-02-21T17:10:55.828388,-14.5,9.0,60.4,5.4,1.48,8
WE03465,Hurricane,CRITICAL,47.4934,-107.2965,481,2024-10-09T20:29:59,2024-10-12T13:59:09.871110,36.7,113.0,79.0,1.3,3.32,320
WE03466,Extreme Wind,MEDIUM,38.6661,-98.1449,236,2025-05-09T07:59:10,2025-05-11T23:38:23.554590,-19.1,167.8,171.2,4.7,1.7,61
WE03467,Extreme Wind,HIGH,40.0519,-84.5349,416,2024-12-09T03:34:18,2024-12-09T07:11:58.250466,5.0,160.2,141.6,2.0,2.27,175
WE03468,Snowstorm,LOW,41.4336,-76.6532,82,2026-05-28T13:14:29,2026-05-30T06:46:15.653069,9.4,9.4,172.9,1.9,1.4,24
WE03469,Extreme Heat,MEDIUM,34.1002,-118.0406,170,2024-06-10T17:30:38,2024-06-13T16:58:02.007044,7.2,59.6,23.0,5.9,1.89,47
WE03470,Extreme Heat,LOW,41.1124,-90.6371,87,2026-02-09T19:07:11,2026-02-12T10:33:20.877255,15.3,145.2,173.1,0.3,1.02,25
WE03471,Heavy Rain,MEDIUM,43.3716,-79.4015,288,2024-08-06T11:33:53,2024-08-08T00:14:24.560387,30.8,110.5,65.4,0.4,1.78,49
WE03472,Ice,MEDIUM,40.2767,-74.9904,280,2025-05-29T10:51:13,2025-06-01T00:30:08.345833,5.9,138.5,128.4,7.3,1.98,47
WE03473,Hurricane,LOW,32.7465,-83.5055,116,2024-04-30T20:50:30,2024-05-02T16:45:01.145117,32.5,138.9,123.4,8.9,1.29,18
WE03474,Thunderstorm,HIGH,38.7501,-96.8836,454,2025-01-04T17:07:52,2025-01-06T10:20:57.257560,28.8,51.9,163.5,0.0,2.59,141
WE03475,Hurricane,MEDIUM,33.4787,-92.9142,251,2025-06-22T18:01:06,2025-06-23T13:04:06.058155,18.1,117.4,111.2,1.0,1.84,84
WE03476,Fog,LOW,40.0137,-95.7757,126,2025-05-11T08:31:11,2025-05-12T14:17:51.332979,-11.9,38.5,0.8,2.1,1.37,12
WE03477,Fog,HIGH,45.777,-94.3525,478,2024-09-17T19:17:47,2024-09-20T11:08:59.717427,21.2,33.1,10.7,0.0,2.5,155
WE03478,Hurricane,LOW,39.6316,-68.9014,142,2024-05-17T19:56:43,2024-05-20T16:41:46.717401,11.9,81.5,131.2,3.9,1.1,16
WE03479,Hurricane,MEDIUM,37.9512,-110.7724,229,2025-06-05T13:38:50,2025-06-07T17:06:51.729154,31.4,149.2,76.9,1.2,1.56,65
WE03480,Ice,LOW,33.2049,-82.5622,107,2025-11-24T19:34:15,2025-11-25T08:55:55.648161,-16.5,76.5,184.5,6.4,1.04,14
WE03481,Thunderstorm,HIGH,35.9672,-93.8303,452,2024-01-18T16:51:34,2024-01-19T18:21:10.964142,-14.8,154.5,150.6,0.0,2.34,101
WE03482,Snowstorm,HIGH,42.6693,-81.8116,292,2025-02-15T23:50:11,2025-02-17T02:26:09.555916,-14.9,143.5,18.3,0.1,2.41,161
WE03483,Tornado,MEDIUM,41.5972,-82.6219,142,2024-11-21T17:35:48,2024-11-23T09:01:35.570522,27.4,119.9,176.1,0.4,1.91,58
WE03484,Heavy Rain,LOW,33.2377,-88.4305,137,2025-01-22T15:33:27,2025-01-22T22:27:24.986762,28.2,116.2,109.1,8.6,1.21,16
WE03485,Extreme Heat,LOW,31.9187,-87.3926,61,2024-04-15T07:34:21,2024-04-16T02:31:24.082549,35.0,173.8,148.7,5.0,1.02,5
WE03486,Ice,MEDIUM,36.3531,-98.9136,207,2025-06-28T10:53:05,2025-06-30T05:23:40.215841,3.2,94.0,167.3,1.3,1.92,86
WE03487,Fog,MEDIUM,42.7394,-93.0484,217,2025-02-02T16:54:05,2025-02-04T16:35:36.962155,-17.4,18.7,13.0,1.9,1.97,57
WE03488,Extreme Wind,CRITICAL,43.611,-117.8796,600,2024-06-16T19:49:18,2024-06-17T03:28:04.382753,33.2,42.9,5.2,0.0,4.1,546
WE03489,Snowstorm,CRITICAL,46.0695,-118.9716,658,2024-01-02T23:45:54,2024-01-05T20:07:17.568969,39.9,99.6,141.6,0.0,4.9,374
WE03490,Fog,MEDIUM,41.1301,-71.4228,107,2024-03-15T19:04:02,2024-03-17T01:02:46.765626,34.0,83.8,70.5,2.0,1.87,70
WE03491,Snowstorm,HIGH,33.3487,-88.9623,478,2025-08-22T12:46:40,2025-08-25T07:28:23.205391,30.3,91.3,20.3,0.3,2.73,122
WE03492,Thunderstorm,LOW,35.1998,-122.5109,142,2025-11-11T18:01:51,2025-11-14T09:58:14.773882,12.0,147.2,85.2,0.5,1.02,8
WE03493,Hurricane,HIGH,36.0908,-94.4636,330,2025-10-13T21:48:22,2025-10-14T07:18:14.096861,15.9,93.2,123.5,0.0,2.08,118
WE03494,Thunderstorm,HIGH,41.6618,-103.6092,344,2024-09-15T09:32:47,2024-09-17T08:53:21.631628,17.0,174.0,30.5,0.0,2.09,146
WE03495,Ice,HIGH,38.2089,-72.7584,262,2025-10-05T03:45:11,2025-10-05T15:27:50.248462,35.8,95.8,127.6,4.6,2.26,155
WE03496,Thunderstorm,HIGH,40.7281,-85.7144,487,2026-02-04T23:25:44,2026-02-05T23:04:42.820148,-0.7,143.3,190.1,0.0,2.9,161
WE03497,Extreme Heat,MEDIUM,34.7535,-95.0108,186,2025-08-11T07:25:41,2025-08-13T19:24:08.482940,6.5,43.3,186.2,1.0,1.94,48
WE03498,Fog,HIGH,29.9054,-79.9873,208,2025-06-29T14:50:49,2025-06-30T17:44:55.948060,-7.5,180.7,146.6,1.3,2.81,235
WE03499,Snowstorm,MEDIUM,35.5199,-87.5581,156,2026-04-28T05:14:56,2026-05-01T01:25:19.473079,38.1,50.1,10.5,0.0,1.52,81
WE03500,Ice,MEDIUM,35.428,-90.6278,116,2025-08-06T01:58:18,2025-08-06T20:14:01.553972,23.6,33.2,136.4,0.0,1.92,73
WE03501,Thunderstorm,LOW,29.7669,-84.6306,65,2024-06-06T13:31:50,2024-06-06T18:36:33.679104,3.9,174.0,12.3,3.9,1.41,24
WE03502,Heavy Rain,MEDIUM,34.3446,-90.1659,149,2026-01-14T20:39:17,2026-01-17T04:01:02.304077,3.0,44.9,95.2,0.0,1.79,42
WE03503,Extreme Heat,HIGH,35.8851,-95.1791,488,2026-06-16T23:28:14,2026-06-18T11:21:34.153356,30.2,59.3,26.6,0.0,2.79,155
WE03504,Heavy Rain,LOW,48.8702,-120.0556,123,2024-12-16T10:20:01,2024-12-16T13:53:08.014234,-10.5,41.4,127.2,2.0,1.34,14
WE03505,Heavy Rain,LOW,33.6065,-94.8121,63,2024-09-09T16:16:27,2024-09-11T17:36:15.167990,8.7,131.6,155.2,8.1,1.41,26
WE03506,Extreme Wind,LOW,43.4137,-78.6954,106,2025-12-02T01:12:52,2025-12-04T05:29:19.285272,19.3,58.9,85.1,8.4,1.01,20
WE03507,Ice,CRITICAL,31.0883,-87.9721,779,2024-04-24T12:05:06,2024-04-26T09:50:14.366806,33.7,184.2,5.5,0.0,3.09,543
WE03508,Extreme Heat,LOW,41.904,-82.328,94,2024-02-21T21:43:08,2024-02-22T08:29:04.931986,28.5,43.2,161.3,0.4,1.28,9
WE03509,Extreme Heat,MEDIUM,43.2125,-78.1589,274,2025-04-03T02:59:24,2025-04-03T06:18:28.644990,12.4,130.8,153.9,3.0,1.7,77
WE03510,Thunderstorm,LOW,34.0556,-93.0043,57,2024-02-01T04:33:43,2024-02-03T17:21:58.810283,26.2,111.4,24.9,2.0,1.19,26
WE03511,Ice,MEDIUM,42.8482,-123.4671,243,2025-05-10T02:37:39,2025-05-11T12:59:37.670587,14.2,28.4,114.7,0.0,1.65,72
WE03512,Hurricane,CRITICAL,38.2825,-96.775,642,2025-02-09T15:32:47,2025-02-11T23:21:28.188323,39.3,13.7,148.5,0.1,3.06,467
WE03513,Tornado,LOW,42.0143,-77.3872,143,2024-06-11T16:25:58,2024-06-13T23:48:50.254716,4.8,84.8,102.0,7.7,1.18,26
WE03514,Fog,CRITICAL,31.942,-84.5554,380,2024-04-25T06:23:29,2024-04-25T12:45:30.548755,16.5,156.2,85.7,1.3,4.3,514
WE03515,Extreme Heat,LOW,40.3468,-75.4018,101,2025-06-14T23:32:00,2025-06-15T11:45:00.283264,41.3,105.9,153.9,4.0,1.4,8
WE03516,Heavy Rain,LOW,31.5497,-112.4088,104,2024-09-21T05:58:53,2024-09-21T12:51:18.932307,28.3,183.6,137.1,2.3,1.13,25
WE03517,Tornado,MEDIUM,42.9935,-77.8836,295,2025-08-06T06:05:04,2025-08-07T14:50:47.115794,23.9,183.0,146.7,3.8,1.88,59
WE03518,Tornado,LOW,43.3867,-105.7192,60,2024-09-06T22:57:15,2024-09-09T07:55:25.269191,-19.2,140.2,126.7,0.0,1.18,6
WE03519,Tornado,MEDIUM,36.4791,-92.6548,124,2024-04-26T12:17:34,2024-04-27T07:14:13.075092,22.7,99.5,4.4,0.0,1.55,57
WE03520,Ice,LOW,36.6389,-93.3688,75,2026-04-29T19:21:45,2026-04-30T18:04:38.847099,18.0,112.6,73.8,4.0,1.11,27
WE03521,Extreme Wind,HIGH,36.2147,-91.2779,396,2024-05-24T15:11:39,2024-05-26T21:53:03.049681,43.8,172.6,93.5,4.1,2.46,123
WE03522,Extreme Wind,LOW,47.7329,-91.55,74,2025-06-08T23:42:39,2025-06-09T09:53:32.430610,32.3,5.2,11.5,2.0,1.25,24
WE03523,Tornado,HIGH,40.0794,-85.4457,251,2026-01-19T21:43:54,2026-01-22T10:32:18.467208,35.8,189.3,66.0,1.9,2.12,163
WE03524,Extreme Heat,LOW,33.2741,-77.0464,129,2024-02-18T03:30:37,2024-02-19T15:06:49.021877,28.7,141.5,185.1,5.2,1.2,15
WE03525,Extreme Wind,LOW,43.57,-108.9614,139,2025-11-01T00:53:57,2025-11-02T19:11:22.059868,-10.3,83.9,40.6,3.0,1.38,17
WE03526,Hurricane,LOW,35.7132,-85.9732,58,2024-09-13T07:32:28,2024-09-14T08:48:10.535420,41.8,163.9,39.1,9.7,1.11,29
WE03527,Extreme Wind,LOW,41.7198,-79.0046,99,2025-11-05T12:09:49,2025-11-06T10:03:24.001532,-15.8,14.4,30.1,2.2,1.37,13
WE03528,Thunderstorm,MEDIUM,34.6596,-114.9142,244,2024-09-01T01:15:12,2024-09-01T23:35:00.464447,-9.6,150.6,140.7,3.6,1.83,48
WE03529,Fog,HIGH,37.5231,-80.7076,474,2024-03-24T04:42:10,2024-03-26T06:33:14.012726,-18.1,84.6,163.3,0.0,2.36,224
WE03530,Hurricane,LOW,30.5232,-104.8202,74,2024-06-06T07:09:53,2024-06-08T12:58:16.865887,4.9,94.1,58.2,6.0,1.21,27
WE03531,Extreme Heat,MEDIUM,39.7734,-71.3048,117,2025-05-29T08:06:02,2025-05-31T09:23:04.039842,26.2,188.0,174.5,1.8,1.51,71
WE03532,Snowstorm,LOW,33.4751,-85.1749,53,2024-11-15T07:28:37,2024-11-16T08:53:51.657740,6.4,65.9,163.7,2.6,1.49,22
WE03533,Hurricane,LOW,46.2652,-118.9606,91,2024-10-22T03:07:35,2024-10-23T23:59:09.839250,24.9,191.9,90.0,5.3,1.45,8
WE03534,Extreme Heat,MEDIUM,33.0065,-100.3815,172,2025-09-27T19:03:33,2025-09-29T06:59:53.619010,39.4,185.5,31.6,2.6,1.78,74
WE03535,Heavy Rain,LOW,36.9173,-94.4261,107,2026-05-10T18:48:31,2026-05-13T04:08:51.272691,-15.3,44.7,28.5,9.4,1.13,15
WE03536,Fog,MEDIUM,38.8671,-76.8029,215,2026-04-19T01:20:08,2026-04-19T20:41:00.066353,-12.7,121.7,47.9,1.1,1.88,41
WE03537,Extreme Heat,MEDIUM,44.3646,-81.4743,173,2025-02-16T01:47:14,2025-02-17T16:37:40.067589,-7.8,31.2,106.9,7.1,1.67,44
WE03538,Snowstorm,LOW,45.074,-124.1767,96,2025-03-13T07:56:27,2025-03-16T05:20:39.803906,-7.7,6.8,81.3,0.5,1.34,11
WE03539,Fog,LOW,35.8314,-88.0239,59,2025-04-06T23:53:59,2025-04-09T22:46:17.694260,-1.9,165.9,186.7,4.8,1.11,6
WE03540,Snowstorm,MEDIUM,35.3712,-90.715,283,2025-01-04T00:26:31,2025-01-04T05:25:39.090986,6.9,115.0,197.8,5.2,1.53,46
WE03541,Hurricane,HIGH,46.0592,-124.2417,430,2024-05-29T00:00:17,2024-05-29T17:13:34.535482,-16.9,188.5,129.9,3.1,2.81,124
WE03542,Tornado,LOW,30.655,-92.7052,61,2024-03-18T02:32:36,2024-03-18T09:11:07.223340,10.7,121.6,78.2,2.4,1.44,12
WE03543,Tornado,LOW,30.1789,-92.5141,102,2025-09-02T08:27:22,2025-09-03T20:25:28.674104,5.3,122.3,167.7,0.6,1.35,22
WE03544,Thunderstorm,MEDIUM,38.6462,-94.1322,148,2026-06-07T05:07:24,2026-06-09T06:32:49.295035,25.3,66.0,59.4,0.0,1.96,71
WE03545,Snowstorm,MEDIUM,37.7291,-92.8774,262,2026-05-03T20:54:29,2026-05-04T09:43:39.551337,21.8,2.8,58.1,5.7,1.5,48
WE03546,Fog,HIGH,41.1587,-88.1787,438,2026-02-01T15:52:42,2026-02-04T15:38:43.738833,-18.9,2.0,87.7,0.8,2.94,103
WE03547,Snowstorm,MEDIUM,43.8045,-84.2082,296,2024-08-26T14:14:52,2024-08-27T11:49:56.507595,38.7,102.1,122.7,6.7,1.51,49
WE03548,Heavy Rain,CRITICAL,42.7069,-113.8696,386,2024-03-25T16:05:17,2024-03-26T03:22:34.135407,21.6,94.2,91.9,0.0,3.39,412
WE03549,Hurricane,HIGH,42.506,-78.8776,403,2025-07-14T12:40:38,2025-07-16T00:30:10.338046,36.6,153.1,89.0,0.0,2.25,149
WE03550,Extreme Wind,MEDIUM,29.3479,-81.5343,154,2024-01-06T22:15:17,2024-01-08T20:52:57.600818,13.6,78.6,193.1,6.2,1.88,52
WE03551,Snowstorm,LOW,45.2364,-99.0749,113,2025-10-26T06:18:20,2025-10-27T22:09:12.604662,42.0,136.3,141.0,3.4,1.25,24
WE03552,Snowstorm,LOW,39.1283,-116.3137,67,2024-05-16T03:01:19,2024-05-18T14:18:25.389880,16.2,88.7,145.4,3.3,1.36,6
WE03553,Heavy Rain,CRITICAL,43.0196,-76.6548,607,2025-04-02T13:35:57,2025-04-02T23:16:59.583707,-8.3,65.4,127.8,0.0,3.96,255
WE03554,Heavy Rain,CRITICAL,36.1754,-86.1724,653,2026-01-16T03:56:26,2026-01-16T07:53:11.315175,-2.7,94.8,37.3,0.0,3.03,539
WE03555,Thunderstorm,HIGH,28.2615,-80.3969,269,2024-11-06T04:24:58,2024-11-07T12:00:48.581341,25.5,160.0,153.3,1.7,2.38,164
WE03556,Extreme Heat,MEDIUM,30.8185,-97.4664,110,2024-05-30T15:56:01,2024-06-01T16:36:23.074274,-4.0,55.9,160.5,0.0,1.82,75
WE03557,Extreme Heat,LOW,41.2127,-76.8745,143,2024-02-09T23:29:46,2024-02-11T13:46:25.198506,38.0,143.7,134.3,7.9,1.36,23
WE03558,Hurricane,MEDIUM,34.6594,-95.3654,292,2024-11-17T11:45:59,2024-11-19T08:17:04.492027,41.0,131.2,117.9,6.8,1.73,71
WE03559,Ice,HIGH,31.0822,-86.2647,294,2024-09-22T09:05:08,2024-09-23T02:56:09.428256,-5.6,188.2,129.3,0.0,2.96,178
WE03560,Heavy Rain,LOW,41.1731,-79.8021,112,2025-03-29T07:31:11,2025-03-31T15:34:24.057187,32.0,47.6,79.2,7.3,1.22,28
WE03561,Thunderstorm,MEDIUM,45.1583,-69.8974,139,2024-05-07T06:47:56,2024-05-07T21:08:49.360291,-0.2,172.8,79.6,1.5,1.52,51
WE03562,Extreme Heat,CRITICAL,46.4838,-97.6868,720,2026-01-05T15:59:36,2026-01-07T11:25:07.702873,15.2,51.2,37.4,0.9,4.32,380
WE03563,Tornado,MEDIUM,35.3203,-99.9784,124,2024-06-28T10:29:05,2024-06-30T04:41:41.415294,-1.8,25.4,20.9,4.5,1.53,32
WE03564,Extreme Heat,MEDIUM,50.2138,-117.9746,236,2025-04-24T00:14:52,2025-04-26T04:52:08.617255,39.1,160.4,86.2,4.2,1.5,48
WE03565,Fog,MEDIUM,31.9812,-84.379,274,2025-09-09T10:39:24,2025-09-11T05:26:41.399700,8.2,137.4,39.0,2.1,1.61,53
WE03566,Snowstorm,LOW,35.464,-91.1298,104,2026-01-01T14:04:54,2026-01-01T23:04:35.354597,21.7,102.8,143.0,2.4,1.11,15
WE03567,Extreme Heat,HIGH,34.5213,-82.3903,478,2026-01-29T18:51:02,2026-02-01T04:56:03.617244,-9.9,137.6,46.7,2.7,2.57,168
WE03568,Extreme Heat,HIGH,44.708,-85.8294,262,2025-02-15T16:04:48,2025-02-17T11:24:31.127653,-0.7,167.8,115.2,4.5,2.43,222
WE03569,Ice,MEDIUM,37.3914,-120.3082,218,2024-05-21T13:49:44,2024-05-23T16:25:50.760730,21.2,119.8,110.7,5.2,1.8,86
WE03570,Heavy Rain,LOW,44.1037,-85.8332,147,2026-04-25T06:29:19,2026-04-28T05:32:28.202091,-19.5,86.0,122.4,9.6,1.29,26
WE03571,Snowstorm,LOW,46.3836,-98.1028,104,2025-08-25T00:03:29,2025-08-26T23:44:03.564157,-13.2,99.9,136.3,2.5,1.43,27
WE03572,Heavy Rain,LOW,33.2764,-106.836,61,2024-10-14T04:52:17,2024-10-14T22:25:44.275500,20.3,113.0,62.0,1.2,1.17,7
WE03573,Snowstorm,LOW,45.4475,-93.8637,114,2025-07-30T08:38:51,2025-08-01T14:29:10.363304,34.4,32.8,64.9,0.0,1.49,18
WE03574,Heavy Rain,LOW,38.4124,-96.191,80,2025-08-15T13:18:26,2025-08-18T10:25:29.868923,18.3,123.5,80.6,1.0,1.24,19
WE03575,Heavy Rain,MEDIUM,44.0449,-91.846,128,2025-07-27T20:17:32,2025-07-30T17:24:41.562957,13.6,112.0,21.3,3.4,1.65,55
WE03576,Hurricane,MEDIUM,37.4104,-76.1765,193,2024-10-16T20:18:58,2024-10-19T19:52:32.347145,-13.7,74.2,36.8,4.1,1.74,44
WE03577,Hurricane,CRITICAL,43.5821,-85.2646,429,2025-11-23T11:42:24,2025-11-25T16:14:56.337765,14.5,134.2,180.2,0.0,4.09,519
WE03578,Heavy Rain,HIGH,37.0415,-85.9894,237,2024-03-10T07:26:22,2024-03-12T05:46:00.976597,30.7,154.8,155.7,0.0,2.82,134
WE03579,Extreme Wind,LOW,44.1385,-71.1833,139,2025-02-13T00:23:06,2025-02-13T09:43:57.199114,23.2,79.3,14.2,4.4,1.45,26
WE03580,Extreme Heat,LOW,37.1574,-95.1751,74,2025-11-14T02:42:40,2025-11-16T04:40:24.281496,-6.2,101.0,47.4,4.9,1.0,28
WE03581,Tornado,MEDIUM,41.0565,-85.8811,278,2025-12-23T10:37:02,2025-12-24T13:59:28.062537,-16.6,147.6,15.5,4.7,1.69,83
WE03582,Snowstorm,LOW,47.9988,-109.0375,89,2025-02-13T04:17:38,2025-02-13T07:43:08.315055,41.8,132.0,168.9,8.1,1.24,19
WE03583,Hurricane,LOW,44.5619,-78.4132,130,2024-12-17T10:55:24,2024-12-17T18:37:53.803187,44.6,186.8,50.0,5.1,1.46,12
WE03584,Heavy Rain,MEDIUM,37.6959,-79.5041,133,2025-02-21T04:43:00,2025-02-23T10:15:00.772762,21.0,176.1,16.8,7.0,1.57,56
WE03585,Hurricane,MEDIUM,44.199,-96.4509,198,2026-05-26T12:38:15,2026-05-29T05:23:04.625557,22.0,110.2,72.0,6.0,1.7,83
WE03586,Heavy Rain,MEDIUM,35.8359,-83.9112,150,2024-04-05T18:04:56,2024-04-07T01:39:03.184602,3.8,22.1,80.8,0.0,1.58,48
WE03587,Fog,LOW,43.7368,-87.6854,142,2024-08-22T18:33:35,2024-08-25T03:44:07.005272,43.5,152.9,189.7,9.5,1.03,21
WE03588,Extreme Heat,LOW,29.9522,-111.566,98,2024-05-30T05:20:06,2024-05-30T20:17:46.412653,-6.3,72.0,16.3,9.0,1.26,9
WE03589,Heavy Rain,MEDIUM,26.7733,-80.5442,124,2024-05-13T03:24:00,2024-05-15T18:10:39.158765,34.6,52.0,183.9,1.7,1.59,75
WE03590,Hurricane,MEDIUM,27.4093,-83.4388,283,2025-06-18T01:28:18,2025-06-18T22:26:29.188360,13.9,154.1,31.1,5.7,1.77,41
WE03591,Extreme Wind,HIGH,45.5984,-98.0054,320,2026-04-21T02:40:55,2026-04-22T06:49:12.302229,34.2,177.8,57.9,1.4,2.05,200
WE03592,Thunderstorm,MEDIUM,41.1269,-95.3239,267,2025-10-05T02:32:27,2025-10-05T23:06:20.489885,-18.3,90.9,45.6,0.4,1.85,86
WE03593,Ice,LOW,43.5231,-115.8464,125,2024-12-19T10:17:25,2024-12-20T01:33:22.670038,24.8,142.2,131.0,6.3,1.21,15
WE03594,Extreme Wind,MEDIUM,38.7541,-76.3833,179,2026-05-09T23:46:30,2026-05-10T05:16:58.989663,12.1,151.4,177.4,4.0,1.76,48
WE03595,Fog,HIGH,49.9208,-121.2772,244,2024-04-04T17:38:19,2024-04-07T03:10:20.710116,23.3,186.5,136.7,1.5,2.15,107
WE03596,Thunderstorm,LOW,31.5119,-109.902,53,2025-08-24T08:21:40,2025-08-25T16:09:47.629521,39.0,171.7,95.9,0.1,1.34,26
WE03597,Tornado,LOW,38.373,-83.3367,83,2026-03-22T19:16:45,2026-03-25T07:38:56.270897,9.7,72.0,100.9,3.5,1.23,15
WE03598,Thunderstorm,MEDIUM,40.0425,-74.0398,289,2025-10-12T07:44:05,2025-10-13T06:53:33.374402,-18.9,134.4,82.9,6.7,1.68,87
WE03599,Snowstorm,LOW,30.0893,-97.0465,100,2026-04-11T21:25:27,2026-04-12T05:52:00.640987,-1.0,21.1,124.7,5.5,1.4,25
WE03600,Ice,MEDIUM,45.4136,-90.5838,160,2026-01-07T14:44:10,2026-01-07T19:04:41.584811,-18.3,133.7,47.8,0.0,1.74,67
WE03601,Extreme Wind,LOW,27.1029,-83.6282,90,2026-06-08T16:20:10,2026-06-10T01:49:18.424184,-8.2,187.0,115.1,1.4,1.31,25
WE03602,Heavy Rain,MEDIUM,39.2201,-124.0255,180,2025-01-01T01:22:16,2025-01-01T10:42:20.419860,-3.3,62.0,44.4,5.0,1.89,64
WE03603,Hurricane,LOW,38.5303,-88.9406,91,2026-01-09T20:20:41,2026-01-11T13:30:59.735292,30.1,182.9,60.0,7.8,1.21,28
WE03604,Extreme Wind,MEDIUM,33.5344,-88.1152,179,2025-04-09T06:00:51,2025-04-12T04:42:24.708890,19.5,26.2,194.8,0.0,1.76,64
WE03605,Extreme Heat,LOW,42.0784,-92.209,138,2024-05-02T15:39:27,2024-05-04T04:56:31.175427,-0.5,134.3,57.6,2.5,1.03,8
WE03606,Extreme Wind,LOW,25.8623,-84.0359,93,2025-09-05T07:22:24,2025-09-07T19:06:09.262964,3.2,117.2,47.3,9.2,1.29,22
WE03607,Extreme Wind,HIGH,33.1218,-118.4576,397,2024-02-23T22:46:19,2024-02-26T21:10:28.729331,-3.1,138.2,189.0,2.9,2.62,190
WE03608,Thunderstorm,CRITICAL,39.9757,-73.6876,574,2026-02-18T23:41:58,2026-02-20T23:44:01.542171,5.3,36.4,79.2,0.0,4.96,309
WE03609,Heavy Rain,HIGH,41.0016,-76.4979,365,2026-06-06T08:37:21,2026-06-08T07:36:32.271855,5.7,151.9,192.2,0.0,2.7,160
WE03610,Thunderstorm,MEDIUM,28.8414,-94.9335,238,2026-03-13T20:20:56,2026-03-15T23:34:06.513560,-10.9,41.5,129.3,0.0,1.91,87
WE03611,Thunderstorm,LOW,34.965,-84.6777,142,2026-06-06T18:31:12,2026-06-07T14:19:46.924026,33.4,184.8,169.2,6.0,1.27,11
WE03612,Fog,MEDIUM,39.3824,-114.769,124,2024-08-17T01:14:49,2024-08-19T11:14:23.871364,16.3,87.1,15.0,5.9,1.67,68
WE03613,Tornado,LOW,48.7584,-120.3978,148,2024-07-05T20:25:59,2024-07-06T22:36:42.424537,18.9,158.5,129.8,5.8,1.25,9
WE03614,Ice,LOW,45.0494,-86.6956,57,2025-11-28T13:24:53,2025-12-01T03:03:34.800282,1.3,99.5,124.1,2.7,1.5,8
WE03615,Extreme Wind,LOW,38.7934,-98.5134,112,2024-09-25T13:23:42,2024-09-27T15:58:25.273177,39.2,185.7,128.6,9.7,1.09,21
WE03616,Fog,LOW,33.4049,-103.9442,138,2024-09-16T16:21:17,2024-09-18T11:13:58.359100,0.6,3.1,178.6,4.2,1.03,11
WE03617,Ice,HIGH,34.0188,-113.1656,393,2024-11-25T03:50:15,2024-11-25T21:46:06.033043,18.0,28.0,2.2,2.7,2.95,108
WE03618,Thunderstorm,HIGH,35.4673,-89.479,366,2024-10-26T09:20:57,2024-10-29T02:30:04.259201,-3.0,82.3,72.7,2.0,2.19,142
WE03619,Fog,HIGH,40.0094,-81.9263,386,2024-07-15T00:33:18,2024-07-16T09:22:08.583121,-0.2,27.5,77.5,0.0,2.4,99
WE03620,Extreme Wind,LOW,35.7915,-121.6847,66,2024-03-07T07:04:22,2024-03-07T14:58:06.631455,-16.5,142.6,39.2,0.7,1.01,15
WE03621,Hurricane,MEDIUM,40.3975,-109.0273,144,2025-10-19T16:33:37,2025-10-21T23:05:26.756710,14.9,118.5,86.6,2.3,1.7,57
WE03622,Ice,LOW,42.7623,-71.1788,147,2024-05-01T17:47:24,2024-05-04T03:52:30.894041,0.9,29.6,166.5,3.6,1.15,9
WE03623,Thunderstorm,LOW,34.338,-91.8163,92,2025-11-07T08:38:12,2025-11-08T11:34:50.619217,1.6,63.8,140.2,3.2,1.39,17
WE03624,Ice,LOW,43.8065,-93.1671,54,2024-11-09T16:05:46,2024-11-11T18:05:32.277310,3.6,65.4,76.2,3.0,1.09,26
WE03625,Thunderstorm,MEDIUM,34.175,-113.9516,107,2024-08-17T17:18:02,2024-08-19T12:34:49.434049,21.2,107.6,195.4,4.6,1.76,42
WE03626,Extreme Heat,LOW,40.8905,-109.1388,145,2025-02-04T14:42:01,2025-02-07T00:34:52.063484,17.8,123.5,79.0,8.2,1.38,13
WE03627,Tornado,LOW,28.3402,-81.9004,64,2025-05-11T17:07:29,2025-05-13T07:41:10.548563,37.4,191.5,190.6,6.2,1.46,27
WE03628,Heavy Rain,CRITICAL,38.7952,-83.5078,388,2024-04-14T02:23:12,2024-04-16T10:47:20.372391,-19.7,30.9,194.5,0.0,4.13,563
WE03629,Extreme Wind,LOW,37.4599,-80.6162,116,2024-05-15T04:37:05,2024-05-16T14:59:10.579999,2.4,112.0,138.9,6.2,1.45,9
WE03630,Tornado,MEDIUM,36.4037,-124.0735,106,2025-08-25T21:23:06,2025-08-26T21:04:52.693186,-0.2,105.0,56.3,3.5,1.62,79
WE03631,Extreme Heat,HIGH,33.4453,-86.1717,453,2026-05-14T06:45:39,2026-05-16T14:50:55.277257,17.2,115.7,79.2,0.0,2.22,219
WE03632,Tornado,LOW,28.2496,-78.338,107,2025-09-09T06:28:04,2025-09-09T13:53:57.943197,18.6,7.1,56.2,0.8,1.04,28
WE03633,Fog,HIGH,39.0438,-81.784,369,2026-05-07T14:04:19,2026-05-10T10:46:39.347947,18.9,176.7,145.2,0.6,2.7,121
WE03634,Hurricane,LOW,36.0525,-90.7687,63,2025-05-21T14:53:18,2025-05-23T16:59:55.973642,-7.2,166.8,175.4,1.0,1.18,22
WE03635,Heavy Rain,LOW,30.8396,-92.8861,57,2025-03-05T01:30:46,2025-03-07T02:54:28.350850,31.6,30.1,121.7,3.7,1.41,21
WE03636,Extreme Wind,LOW,40.146,-82.5716,131,2026-03-18T07:22:46,2026-03-19T06:57:27.671739,22.1,198.3,88.8,8.0,1.04,20
WE03637,Tornado,HIGH,40.357,-83.328,392,2025-12-12T17:20:15,2025-12-13T11:59:28.378945,-14.3,65.4,35.6,3.6,2.64,101
WE03638,Thunderstorm,MEDIUM,43.0656,-72.1217,178,2024-01-20T04:57:20,2024-01-22T19:32:42.795962,41.0,195.0,19.5,4.4,1.81,88
WE03639,Extreme Wind,CRITICAL,33.1214,-85.6601,592,2026-03-22T18:31:25,2026-03-23T17:48:48.935983,-13.4,179.1,195.3,0.0,4.66,383
WE03640,Snowstorm,CRITICAL,36.7798,-116.4255,559,2025-10-13T19:35:31,2025-10-16T09:08:39.046572,7.7,28.5,99.7,0.0,3.3,495
WE03641,Fog,CRITICAL,44.1134,-71.6097,653,2024-06-23T19:00:23,2024-06-25T07:45:45.895812,-5.5,29.1,160.6,0.9,3.7,551
WE03642,Ice,MEDIUM,28.6171,-88.9475,299,2025-10-05T19:31:57,2025-10-06T23:37:12.355725,-9.0,174.4,119.5,1.0,1.74,48
WE03643,Hurricane,LOW,33.2338,-83.4785,56,2024-08-20T11:04:12,2024-08-21T00:29:07.932571,26.8,64.4,164.2,4.1,1.18,5
WE03644,Snowstorm,LOW,43.6941,-112.1055,136,2024-08-18T05:17:12,2024-08-18T11:10:03.928107,12.2,114.0,160.7,7.4,1.33,23
WE03645,Extreme Wind,HIGH,29.6758,-82.645,449,2026-05-30T04:09:09,2026-05-31T10:44:11.845471,5.3,36.1,111.3,3.6,2.69,134
WE03646,Hurricane,MEDIUM,31.3555,-78.832,209,2026-06-24T03:46:34,2026-06-25T22:42:14.113901,30.9,141.4,130.8,0.0,1.98,42
WE03647,Heavy Rain,LOW,38.7206,-85.1007,100,2024-06-04T15:52:32,2024-06-06T07:50:23.393270,7.3,54.2,73.7,3.8,1.32,13
WE03648,Extreme Heat,MEDIUM,33.0444,-79.8805,166,2024-06-13T02:21:05,2024-06-15T15:41:06.562458,-11.7,40.8,68.6,1.2,1.53,55
WE03649,Fog,LOW,36.2305,-81.1731,61,2026-05-24T02:22:15,2026-05-25T21:02:43.460055,-11.0,95.6,119.0,8.5,1.39,25
WE03650,Hurricane,LOW,42.1462,-76.0167,107,2024-06-05T21:11:47,2024-06-07T11:49:57.211649,10.9,85.8,148.2,6.6,1.46,6
WE03651,Ice,HIGH,39.6619,-73.442,375,2025-03-20T10:18:52,2025-03-20T23:20:55.330686,44.8,85.9,141.9,0.0,2.55,180
WE03652,Extreme Wind,LOW,23.6126,-81.6778,107,2026-04-12T01:51:48,2026-04-13T07:28:33.131417,18.3,114.6,125.0,3.1,1.1,28
WE03653,Fog,LOW,43.4876,-121.833,89,2025-06-18T04:22:19,2025-06-18T23:35:24.439927,33.7,24.0,49.5,7.4,1.03,20
WE03654,Ice,LOW,43.6372,-78.5241,76,2025-09-30T07:05:27,2025-10-01T12:01:38.727899,12.4,8.5,4.9,5.2,1.15,10
WE03655,Ice,LOW,35.9634,-87.4215,139,2025-02-14T07:43:38,2025-02-16T19:57:07.225522,8.8,59.4,151.2,6.9,1.12,13
WE03656,Snowstorm,MEDIUM,42.2337,-68.5089,296,2025-08-18T00:53:44,2025-08-19T13:42:22.691273,5.3,17.4,27.5,4.2,1.8,88
WE03657,Extreme Heat,LOW,45.4694,-75.3899,50,2026-01-24T07:54:47,2026-01-25T15:50:46.012346,43.9,68.8,62.4,0.8,1.1,21
WE03658,Heavy Rain,LOW,45.1918,-69.2384,74,2026-06-07T14:34:19,2026-06-09T23:26:57.993189,21.1,8.4,179.4,2.7,1.12,8
WE03659,Thunderstorm,HIGH,41.8257,-76.3915,403,2026-01-04T20:27:22,2026-01-05T11:53:48.828302,10.8,12.6,72.1,0.0,2.92,163
WE03660,Hurricane,MEDIUM,27.7501,-100.2134,202,2024-02-28T04:49:17,2024-02-29T07:34:08.849292,-19.1,163.8,105.5,1.7,1.68,83
WE03661,Thunderstorm,LOW,39.6845,-74.7901,64,2024-09-24T12:04:16,2024-09-24T23:59:10.170006,-19.6,181.6,115.3,3.3,1.49,16
WE03662,Tornado,MEDIUM,38.2801,-95.1261,254,2025-03-03T20:11:00,2025-03-06T06:32:19.110835,30.9,197.3,88.2,7.5,1.95,87
WE03663,Fog,MEDIUM,39.5967,-83.5935,208,2025-09-17T23:57:29,2025-09-19T13:32:07.522643,37.5,133.5,6.3,7.1,1.95,54
WE03664,Thunderstorm,MEDIUM,40.8201,-87.4187,257,2024-08-11T11:12:58,2024-08-11T14:24:06.282251,36.3,138.7,7.3,7.1,1.53,30
WE03665,Snowstorm,LOW,32.0709,-96.4657,64,2025-09-16T01:12:12,2025-09-18T07:06:05.182745,25.5,136.8,154.2,6.9,1.08,7
WE03666,Ice,HIGH,43.3029,-125.0305,414,2024-03-01T05:55:03,2024-03-02T22:52:08.238462,5.0,187.6,62.9,0.0,2.09,162
WE03667,Extreme Heat,HIGH,45.8655,-85.7625,362,2025-09-06T20:13:22,2025-09-07T16:29:43.370164,0.1,183.7,101.0,3.4,2.16,206
WE03668,Thunderstorm,LOW,36.164,-124.1387,131,2025-05-29T22:59:41,2025-05-30T18:39:37.562923,42.7,4.4,176.6,9.8,1.11,26
WE03669,Thunderstorm,LOW,41.9684,-74.8257,136,2025-01-04T01:35:53,2025-01-06T22:29:30.106813,-17.0,77.3,125.1,9.5,1.12,26
WE03670,Heavy Rain,LOW,33.6507,-88.868,127,2024-03-17T13:42:02,2024-03-20T06:01:15.174630,-9.7,44.7,130.2,7.8,1.23,9
WE03671,Tornado,CRITICAL,37.2275,-83.1599,561,2026-01-08T05:25:05,2026-01-08T12:15:07.474563,-9.9,24.9,72.7,0.0,3.29,577
WE03672,Snowstorm,LOW,30.6357,-83.3204,97,2025-02-21T05:33:01,2025-02-22T04:43:05.985557,-17.2,64.8,59.2,0.0,1.23,9
WE03673,Extreme Heat,LOW,33.484,-78.0127,57,2025-08-01T13:35:44,2025-08-03T20:52:59.696391,20.4,3.1,172.1,6.1,1.16,28
WE03674,Extreme Wind,CRITICAL,40.3956,-86.3225,555,2024-02-01T10:20:12,2024-02-04T01:07:29.725514,28.8,174.9,69.0,0.0,3.65,581
WE03675,Snowstorm,MEDIUM,41.7005,-83.7063,115,2025-06-08T20:33:37,2025-06-09T14:04:47.891372,20.4,56.4,70.1,0.0,1.64,76
WE03676,Heavy Rain,MEDIUM,34.8845,-92.6115,118,2025-04-15T18:42:27,2025-04-16T12:14:37.004656,19.6,143.0,10.7,4.2,1.67,61
WE03677,Hurricane,MEDIUM,34.8814,-81.629,113,2025-04-28T01:01:48,2025-04-28T15:25:41.602841,18.8,0.1,1.6,0.9,1.66,63
WE03678,Hurricane,MEDIUM,49.1045,-119.657,159,2025-03-11T12:04:50,2025-03-14T06:19:46.743826,31.1,198.9,113.6,2.7,1.79,82
WE03679,Tornado,LOW,36.3224,-87.1019,121,2026-02-02T16:53:33,2026-02-05T15:01:51.153987,40.3,151.8,55.7,7.8,1.36,17
WE03680,Heavy Rain,LOW,30.0229,-90.858,106,2024-06-01T13:48:34,2024-06-04T12:38:20.124643,12.5,73.3,199.4,1.3,1.21,6
WE03681,Hurricane,HIGH,30.1443,-78.8682,209,2024-12-20T02:52:06,2024-12-20T06:37:40.533446,20.9,54.8,51.5,0.0,2.11,96
WE03682,Heavy Rain,MEDIUM,48.4096,-121.1402,263,2024-07-27T18:15:19,2024-07-30T05:02:06.983733,20.9,27.3,108.4,7.6,1.87,53
WE03683,Extreme Wind,MEDIUM,35.1009,-95.358,139,2025-04-11T18:43:22,2025-04-12T10:01:11.953690,35.8,48.4,102.5,0.0,1.99,39
WE03684,Hurricane,HIGH,39.8782,-85.102,366,2025-11-19T08:21:39,2025-11-19T18:03:32.478422,1.8,195.2,156.3,4.2,2.38,101
WE03685,Heavy Rain,HIGH,41.2309,-93.2142,457,2025-05-13T10:50:16,2025-05-13T23:50:45.264613,36.7,0.5,59.9,2.7,2.89,221
WE03686,Heavy Rain,LOW,33.4998,-87.8837,145,2025-02-22T12:42:17,2025-02-23T23:10:54.808855,-11.2,4.8,79.7,2.4,1.39,19
WE03687,Fog,HIGH,40.8577,-75.901,228,2025-10-09T10:24:48,2025-10-10T06:16:18.407833,7.5,117.4,18.4,3.6,2.86,204
WE03688,Thunderstorm,CRITICAL,42.5214,-78.4662,338,2024-05-18T16:51:18,2024-05-20T18:09:53.972787,15.4,71.5,56.5,0.0,3.53,484
WE03689,Thunderstorm,MEDIUM,48.4685,-119.3626,145,2024-10-18T22:45:01,2024-10-20T11:17:45.299137,34.6,114.1,74.0,7.0,1.96,43
WE03690,Thunderstorm,LOW,43.7834,-71.0969,78,2025-11-17T04:23:18,2025-11-17T18:33:04.073036,20.9,176.4,127.8,0.9,1.34,7
WE03691,Extreme Heat,HIGH,37.3134,-92.5971,442,2024-11-24T09:12:32,2024-11-27T01:29:22.748751,30.2,49.1,42.8,0.0,2.24,203
WE03692,Snowstorm,CRITICAL,35.7065,-89.9743,307,2025-09-24T12:24:40,2025-09-26T10:43:24.504226,4.4,14.5,136.7,1.2,3.42,446
WE03693,Heavy Rain,LOW,35.3898,-84.3348,78,2026-01-22T13:59:24,2026-01-24T13:40:49.826479,4.4,114.5,131.1,3.6,1.4,26
WE03694,Hurricane,CRITICAL,45.1514,-69.5875,488,2026-03-13T08:34:06,2026-03-13T23:13:19.029930,24.3,197.7,132.5,0.0,3.13,386
WE03695,Heavy Rain,HIGH,26.5835,-84.1389,332,2025-08-03T20:22:58,2025-08-05T01:13:48.143718,8.8,58.9,36.3,3.8,2.73,112
WE03696,Thunderstorm,HIGH,35.8174,-81.7891,482,2024-03-28T07:30:17,2024-03-28T15:30:05.862061,-17.7,174.9,22.7,1.7,2.91,113
WE03697,Hurricane,LOW,34.5948,-91.0437,100,2026-03-11T10:38:48,2026-03-12T02:25:51.199101,18.2,52.4,39.0,4.7,1.13,22
WE03698,Fog,HIGH,41.1835,-110.9074,423,2024-09-03T22:55:20,2024-09-05T17:21:37.211349,40.5,142.9,53.2,0.0,2.81,166
WE03699,Hurricane,LOW,43.104,-69.4334,129,2024-04-11T22:22:40,2024-04-12T16:07:25.422458,37.0,82.2,172.8,2.3,1.18,17
WE03700,Fog,HIGH,42.0231,-94.5605,460,2025-04-28T07:30:34,2025-04-30T02:02:28.894845,6.1,96.0,137.3,2.5,2.25,99
WE03701,Ice,LOW,39.0374,-78.2145,68,2026-02-26T06:41:50,2026-02-26T16:37:39.164759,-2.2,87.1,182.6,3.0,1.14,13
WE03702,Snowstorm,HIGH,33.0365,-83.6726,372,2025-09-18T15:17:17,2025-09-20T16:57:17.659934,27.3,86.4,19.0,0.0,2.03,203
WE03703,Thunderstorm,CRITICAL,45.5451,-120.6981,549,2024-07-29T17:23:30,2024-07-30T01:33:15.925738,15.5,43.1,109.0,0.0,3.77,432
WE03704,Extreme Wind,MEDIUM,30.1084,-98.7483,221,2026-03-25T10:48:24,2026-03-26T03:01:14.999983,19.2,15.6,143.0,2.7,1.97,77
WE03705,Extreme Wind,LOW,38.2409,-85.4609,85,2026-06-02T09:38:24,2026-06-02T22:35:45.842104,5.0,92.9,51.6,7.2,1.31,13
WE03706,Fog,MEDIUM,43.3706,-80.2323,198,2024-02-14T23:15:56,2024-02-17T06:45:15.983062,-3.9,133.9,91.9,7.0,1.56,30
WE03707,Thunderstorm,LOW,45.2951,-73.7925,63,2024-09-26T21:23:53,2024-09-29T11:34:42.369056,-2.2,20.6,30.3,6.9,1.45,20
WE03708,Ice,HIGH,45.4566,-114.0405,348,2024-10-26T10:44:31,2024-10-26T18:16:42.649896,1.8,196.6,172.9,0.0,2.86,117
WE03709,Extreme Heat,MEDIUM,28.689,-82.0396,243,2024-11-07T19:38:11,2024-11-10T03:39:16.747755,5.2,119.7,109.4,4.8,1.7,30
WE03710,Snowstorm,LOW,41.4177,-67.7618,115,2024-03-30T12:30:34,2024-04-01T13:25:48.745578,16.0,75.7,69.9,7.0,1.09,29
WE03711,Ice,MEDIUM,29.0725,-108.8784,103,2025-01-22T13:40:16,2025-01-24T08:59:55.774657,18.0,7.7,32.6,2.7,1.55,85
WE03712,Snowstorm,MEDIUM,36.7071,-80.9212,123,2024-02-21T08:58:40,2024-02-22T01:15:26.215899,36.1,65.8,68.1,4.6,1.62,66
WE03713,Snowstorm,LOW,36.293,-95.0575,56,2025-12-10T01:38:23,2025-12-12T23:23:02.988698,23.7,58.3,99.0,7.8,1.15,12
WE03714,Hurricane,LOW,37.7968,-119.5338,106,2024-03-19T12:59:11,2024-03-21T13:56:46.464224,8.2,51.0,28.5,0.2,1.34,6
WE03715,Extreme Heat,HIGH,36.2997,-92.3159,366,2025-07-13T19:45:24,2025-07-15T01:09:15.084590,14.0,76.0,42.2,0.0,2.22,141
WE03716,Ice,MEDIUM,30.6111,-109.4734,114,2024-11-05T07:21:01,2024-11-06T20:35:09.006986,9.9,38.4,62.1,5.4,1.53,53
WE03717,Extreme Heat,MEDIUM,37.4668,-84.3166,249,2025-03-01T14:37:17,2025-03-04T04:39:55.772908,-5.0,39.5,114.5,5.3,1.72,83
WE03718,Heavy Rain,LOW,26.4088,-81.3758,65,2025-07-26T05:09:18,2025-07-26T18:37:23.576364,-2.6,160.8,24.0,6.4,1.28,11
WE03719,Fog,MEDIUM,33.6882,-81.2646,124,2025-12-22T03:19:07,2025-12-23T18:12:35.293152,41.0,109.9,193.6,2.2,1.65,35
WE03720,Tornado,HIGH,39.0363,-85.8106,265,2026-02-23T16:28:34,2026-02-26T14:05:10.982994,-7.8,131.5,70.0,0.0,2.12,200
WE03721,Thunderstorm,LOW,40.4915,-76.3544,134,2025-09-08T15:04:50,2025-09-09T16:03:00.187630,22.7,199.3,83.8,0.3,1.19,22
WE03722,Ice,MEDIUM,43.8129,-82.7964,189,2024-07-11T10:18:53,2024-07-12T02:22:29.132605,30.4,16.2,169.7,0.0,1.81,55
WE03723,Snowstorm,MEDIUM,42.211,-73.9131,187,2024-02-17T11:28:42,2024-02-18T07:30:29.841253,-5.7,20.7,186.9,0.0,1.96,62
WE03724,Fog,MEDIUM,35.3691,-95.6994,281,2025-01-10T20:06:21,2025-01-10T23:48:28.402637,13.4,148.9,55.5,1.2,1.55,30
WE03725,Extreme Heat,LOW,36.4545,-120.6426,52,2025-08-01T14:34:02,2025-08-01T17:37:52.300920,-17.6,91.7,164.6,4.2,1.03,5
WE03726,Fog,LOW,48.4099,-110.5455,60,2026-01-29T07:17:25,2026-01-30T20:37:52.363930,10.1,3.1,53.6,9.3,1.47,29
WE03727,Extreme Heat,LOW,39.7016,-125.2126,128,2025-11-23T23:56:29,2025-11-24T19:22:06.258778,6.5,133.4,117.4,3.5,1.26,20
WE03728,Fog,LOW,48.0785,-107.9117,92,2024-10-02T20:47:59,2024-10-05T13:32:13.875841,20.4,178.3,22.9,7.0,1.26,8
WE03729,Extreme Heat,MEDIUM,43.5576,-71.2666,296,2026-01-07T05:42:36,2026-01-08T18:24:55.436412,8.9,5.0,16.4,0.0,1.93,46
WE03730,Fog,LOW,37.6985,-103.5221,148,2026-05-06T11:12:39,2026-05-07T22:45:16.098150,27.2,84.8,141.2,2.9,1.22,23
WE03731,Heavy Rain,LOW,35.0382,-116.4432,95,2025-06-27T07:59:39,2025-06-28T19:55:16.210812,12.3,143.8,182.3,2.1,1.01,23
WE03732,Snowstorm,CRITICAL,36.1556,-119.5757,363,2025-06-18T18:31:59,2025-06-20T08:52:44.844879,-0.9,144.6,127.4,0.0,3.14,566
WE03733,Fog,HIGH,35.7802,-80.1816,281,2024-09-11T00:13:45,2024-09-12T03:33:16.357543,8.0,162.2,119.8,0.0,2.29,146
WE03734,Hurricane,MEDIUM,45.5333,-95.2175,221,2025-02-05T19:32:27,2025-02-08T01:12:21.185948,-3.6,160.3,153.8,3.6,1.9,57
WE03735,Thunderstorm,CRITICAL,36.3276,-114.1357,743,2024-05-20T10:03:18,2024-05-22T04:55:36.125700,30.7,185.6,114.0,0.0,4.26,529
WE03736,Extreme Heat,MEDIUM,38.8187,-97.6227,177,2025-03-18T20:09:24,2025-03-21T03:13:55.178904,42.0,180.2,32.7,0.5,1.51,54
WE03737,Tornado,LOW,33.8819,-121.0199,122,2024-02-12T15:25:42,2024-02-14T19:13:07.939706,15.0,67.7,153.5,4.6,1.21,22
WE03738,Thunderstorm,CRITICAL,42.2528,-78.6974,653,2025-08-23T12:12:46,2025-08-25T02:35:14.052943,33.0,63.5,49.3,0.3,4.45,278
WE03739,Hurricane,MEDIUM,42.3583,-69.5376,223,2024-03-18T03:07:30,2024-03-20T16:12:20.680503,14.1,167.3,177.4,0.7,1.53,80
WE03740,Tornado,MEDIUM,44.853,-67.5773,151,2024-09-10T01:37:41,2024-09-12T14:08:35.867572,15.1,34.5,124.9,0.0,1.91,33
WE03741,Extreme Wind,MEDIUM,42.7098,-94.7893,240,2026-06-07T23:19:36,2026-06-10T02:42:22.963930,25.7,181.8,127.9,2.4,1.75,48
WE03742,Extreme Wind,CRITICAL,40.2725,-72.1647,521,2024-11-28T22:22:33,2024-12-01T05:11:26.010133,9.7,162.6,155.3,0.0,3.76,587
WE03743,Fog,MEDIUM,27.3632,-88.2366,173,2024-12-09T20:33:58,2024-12-11T11:57:06.018766,-12.2,166.6,22.4,7.5,1.55,50
WE03744,Extreme Heat,LOW,42.0049,-83.0063,110,2024-12-15T16:47:06,2024-12-17T22:12:50.822756,2.7,135.7,120.2,2.8,1.01,17
WE03745,Tornado,LOW,31.9576,-90.8529,94,2024-11-17T03:29:23,2024-11-18T08:16:48.629201,36.5,35.1,189.9,0.7,1.16,14
WE03746,Ice,CRITICAL,41.5155,-75.2506,467,2025-02-22T00:09:46,2025-02-23T01:43:42.452901,30.1,155.1,77.9,0.0,3.35,373
WE03747,Heavy Rain,HIGH,38.8351,-86.3929,457,2025-09-28T03:32:05,2025-09-30T09:40:25.385336,-7.0,161.4,97.9,2.8,2.97,223
WE03748,Heavy Rain,LOW,32.9464,-107.603,52,2026-03-08T08:30:41,2026-03-08T19:13:18.009667,-3.1,175.9,39.7,4.5,1.15,8
WE03749,Extreme Heat,HIGH,27.5388,-84.0077,488,2024-02-01T03:36:21,2024-02-03T13:56:05.948129,26.6,44.0,42.1,5.0,2.54,223
WE03750,Hurricane,MEDIUM,41.264,-86.3318,267,2024-01-14T19:44:27,2024-01-17T07:11:18.117296,26.4,118.9,125.3,4.6,1.99,58
WE03751,Hurricane,LOW,39.6732,-95.6063,137,2026-01-06T11:37:29,2026-01-08T23:09:47.586003,-6.5,58.5,152.9,8.3,1.08,11
WE03752,Ice,CRITICAL,27.0389,-97.7101,524,2024-07-24T13:01:36,2024-07-27T08:27:24.779521,43.8,34.4,77.5,0.0,3.06,452
WE03753,Extreme Heat,HIGH,41.2836,-121.4313,426,2024-09-26T01:23:18,2024-09-26T11:45:45.376586,-17.7,37.5,54.5,0.0,2.8,198
WE03754,Fog,CRITICAL,41.4089,-93.5207,575,2024-01-14T03:33:02,2024-01-16T14:29:36.761904,16.2,159.8,22.7,0.0,4.47,451
WE03755,Hurricane,LOW,45.724,-70.16,55,2024-12-13T14:45:05,2024-12-16T08:43:15.049630,-13.1,61.3,35.8,0.6,1.23,10
WE03756,Snowstorm,LOW,39.7169,-91.6035,59,2025-01-27T01:47:51,2025-01-29T21:28:04.639999,-2.3,147.6,85.1,7.7,1.12,11
WE03757,Snowstorm,LOW,41.3436,-106.2541,69,2025-04-19T12:21:46,2025-04-20T20:36:19.632041,44.2,101.8,99.4,0.6,1.42,26
WE03758,Tornado,HIGH,47.5518,-110.1552,295,2025-03-03T18:51:24,2025-03-04T16:24:27.889336,36.8,160.8,3.7,0.0,2.45,228
WE03759,Extreme Heat,LOW,37.791,-74.3718,130,2025-10-20T08:39:45,2025-10-21T01:04:02.838985,37.1,87.3,65.1,6.7,1.45,19
WE03760,Extreme Heat,LOW,41.2167,-72.6693,69,2025-08-07T20:01:19,2025-08-08T07:30:58.974601,42.7,73.5,180.0,1.6,1.47,10
WE03761,Extreme Heat,HIGH,36.6934,-109.205,323,2025-06-25T16:49:16,2025-06-27T00:36:14.955005,31.1,181.1,176.9,0.1,2.19,204
WE03762,Extreme Wind,LOW,43.0047,-74.1277,107,2025-12-14T00:41:11,2025-12-14T12:25:33.756100,-2.3,134.1,56.5,1.7,1.02,6
WE03763,Hurricane,MEDIUM,37.6227,-95.8164,266,2025-01-26T11:11:34,2025-01-26T18:04:54.921894,3.9,185.5,172.4,0.1,1.57,88
WE03764,Ice,MEDIUM,46.9416,-106.7117,147,2024-12-04T23:25:23,2024-12-05T10:53:20.809218,-16.2,122.4,26.8,0.4,1.51,53
WE03765,Ice,CRITICAL,31.582,-116.6414,668,2025-12-25T23:45:47,2025-12-28T06:16:19.524707,35.0,167.5,71.0,0.0,4.7,319
WE03766,Heavy Rain,LOW,33.2815,-104.3012,52,2025-04-14T08:47:07,2025-04-15T19:35:20.224802,-10.6,73.3,152.8,4.5,1.16,11
WE03767,Extreme Wind,LOW,33.5518,-110.3779,143,2026-03-19T18:47:15,2026-03-21T18:18:04.128315,43.1,190.2,26.7,0.8,1.12,12
WE03768,Tornado,MEDIUM,34.8548,-96.2059,276,2025-09-08T22:55:11,2025-09-11T03:17:30.271111,-17.4,14.2,192.8,7.9,1.72,83
WE03769,Heavy Rain,CRITICAL,33.0558,-84.2183,370,2026-06-26T23:15:38,2026-06-27T11:34:26.011509,-11.7,152.1,40.7,0.0,4.36,485
WE03770,Hurricane,LOW,40.3321,-71.975,53,2024-06-07T22:28:18,2024-06-08T05:20:41.142816,0.6,154.0,70.5,2.4,1.35,12
WE03771,Ice,MEDIUM,37.8306,-72.26,223,2024-01-12T09:56:14,2024-01-14T03:14:41.514180,41.3,84.8,23.2,3.4,1.97,57
WE03772,Ice,MEDIUM,41.6238,-71.0289,200,2026-03-05T14:36:48,2026-03-06T20:50:03.406573,16.9,63.4,35.9,7.5,1.83,52
WE03773,Heavy Rain,HIGH,26.4542,-79.7277,441,2025-08-04T08:17:48,2025-08-06T08:35:10.848017,-9.5,130.1,22.7,0.0,2.67,91
WE03774,Fog,MEDIUM,37.8084,-75.4364,109,2026-05-22T04:38:18,2026-05-24T00:03:03.648679,-5.6,26.8,79.6,7.2,1.73,39
WE03775,Ice,MEDIUM,38.1869,-82.64,290,2025-03-15T02:57:28,2025-03-15T19:19:18.342824,20.0,28.5,179.7,0.0,1.92,77
WE03776,Snowstorm,MEDIUM,42.6542,-69.5293,173,2025-04-08T15:59:20,2025-04-09T20:04:00.070873,5.3,3.2,14.0,7.0,1.76,73
WE03777,Hurricane,LOW,41.6932,-70.9126,84,2024-06-16T22:25:44,2024-06-18T13:51:37.739197,3.6,116.7,66.8,9.2,1.09,16
WE03778,Fog,MEDIUM,27.7213,-80.7784,180,2026-01-18T08:30:36,2026-01-21T00:02:12.272809,30.6,5.5,49.0,5.7,1.73,86
WE03779,Snowstorm,LOW,34.5599,-113.3661,80,2024-04-09T04:01:04,2024-04-11T19:53:57.524901,24.8,87.8,40.5,2.6,1.21,28
WE03780,Fog,MEDIUM,30.3378,-100.3512,268,2025-06-06T09:33:47,2025-06-06T18:54:41.855877,1.5,76.6,23.2,2.9,1.78,34
WE03781,Ice,LOW,45.7523,-75.3765,113,2025-03-05T12:02:33,2025-03-07T05:57:37.610424,-10.7,162.9,145.5,5.0,1.38,27
WE03782,Tornado,LOW,38.2857,-123.1619,70,2025-05-20T01:59:18,2025-05-23T01:00:20.955919,-6.5,138.0,122.6,2.3,1.34,17
WE03783,Ice,MEDIUM,46.2006,-120.4206,275,2025-03-06T03:01:06,2025-03-06T06:17:02.766245,0.0,112.2,23.0,1.6,1.56,67
WE03784,Extreme Heat,MEDIUM,43.7818,-84.4119,298,2025-02-09T16:15:44,2025-02-09T20:58:52.472613,22.3,71.9,97.7,4.5,1.95,54
WE03785,Heavy Rain,HIGH,29.3859,-81.8004,445,2025-04-09T03:44:24,2025-04-12T01:06:23.944862,13.6,167.4,105.6,0.1,2.78,230
WE03786,Thunderstorm,MEDIUM,35.6318,-115.5415,150,2024-10-19T14:34:22,2024-10-20T09:22:01.130854,2.4,41.5,97.6,0.1,1.98,34
WE03787,Snowstorm,MEDIUM,43.0594,-73.8933,145,2024-08-20T21:46:09,2024-08-21T19:29:06.541340,-1.2,122.6,164.9,0.0,1.74,47
WE03788,Tornado,LOW,34.9345,-91.1566,72,2026-03-14T14:06:09,2026-03-17T10:30:09.900023,32.8,53.1,54.1,8.7,1.3,16
WE03789,Fog,MEDIUM,39.0182,-74.607,246,2025-01-08T07:06:38,2025-01-10T22:54:12.505363,-6.7,33.1,53.6,7.7,1.7,65
WE03790,Thunderstorm,HIGH,42.6101,-72.719,359,2024-03-29T04:42:47,2024-03-31T11:00:48.950688,3.1,56.4,36.9,0.6,2.07,98
WE03791,Extreme Wind,HIGH,40.8411,-75.0222,470,2025-09-19T17:52:52,2025-09-20T06:12:30.385439,17.5,13.1,188.1,2.0,2.93,90
WE03792,Thunderstorm,HIGH,28.6837,-91.1214,499,2025-05-11T11:01:11,2025-05-11T14:37:14.105822,24.2,189.7,137.5,0.5,2.43,106
WE03793,Extreme Heat,MEDIUM,28.3417,-99.3387,149,2024-08-05T08:57:00,2024-08-05T19:43:14.702372,-7.9,90.0,121.7,2.9,1.51,80
WE03794,Tornado,MEDIUM,27.4736,-82.3509,299,2024-02-09T13:02:28,2024-02-11T19:47:16.570959,11.8,181.7,158.6,1.6,1.67,46
WE03795,Ice,LOW,49.9724,-120.1005,82,2026-02-11T15:24:10,2026-02-12T20:19:48.783061,-9.2,19.6,181.7,2.9,1.16,10
WE03796,Fog,HIGH,31.4622,-79.2201,418,2025-04-04T04:56:22,2025-04-05T08:50:10.553618,17.0,1.5,51.1,1.3,2.06,188
WE03797,Hurricane,CRITICAL,37.8386,-87.567,629,2025-02-07T00:06:44,2025-02-09T14:45:28.983161,9.6,155.0,11.5,0.0,3.26,586
WE03798,Thunderstorm,LOW,42.8368,-75.4706,139,2025-10-12T05:15:35,2025-10-13T18:25:35.580723,-17.4,60.1,12.4,7.2,1.42,6
WE03799,Hurricane,HIGH,39.9069,-80.607,410,2025-09-20T12:32:24,2025-09-21T02:41:32.878634,41.6,61.7,6.7,0.0,2.54,131
WE03800,Heavy Rain,MEDIUM,40.0923,-84.6181,283,2025-08-26T03:56:17,2025-08-26T17:12:21.096239,-4.1,41.7,66.3,2.7,1.91,82
WE03801,Extreme Heat,MEDIUM,35.0655,-108.4769,124,2024-02-24T20:47:16,2024-02-25T22:28:32.162715,18.4,178.5,49.3,0.0,1.84,64
WE03802,Heavy Rain,LOW,37.8776,-80.1304,67,2026-06-24T16:41:56,2026-06-27T09:45:00.849567,-16.6,31.6,159.8,4.7,1.4,19
WE03803,Heavy Rain,CRITICAL,37.7258,-89.8364,640,2026-06-07T15:17:15,2026-06-09T17:47:56.411114,38.0,1.2,96.4,0.0,3.05,504
WE03804,Thunderstorm,HIGH,40.0461,-119.6639,355,2024-10-22T00:33:01,2024-10-23T14:26:45.879406,-11.2,37.6,171.0,1.9,2.99,215
WE03805,Tornado,MEDIUM,39.0445,-81.733,147,2025-06-17T02:11:41,2025-06-20T00:53:27.592360,-4.8,46.5,130.6,3.2,1.57,73
WE03806,Ice,CRITICAL,31.9673,-95.5613,562,2024-12-11T10:18:02,2024-12-14T08:17:50.144261,26.1,173.7,199.8,0.0,4.35,391
WE03807,Ice,LOW,41.2507,-87.5768,143,2026-04-10T12:38:28,2026-04-11T05:40:45.391013,-12.8,196.8,155.1,1.4,1.11,14
WE03808,Heavy Rain,LOW,26.4753,-95.5037,107,2026-01-09T00:41:37,2026-01-11T21:32:02.586617,-3.2,26.6,36.5,0.3,1.22,7
WE03809,Extreme Wind,CRITICAL,28.0515,-82.4598,351,2025-07-10T21:44:30,2025-07-11T17:19:12.668211,40.2,177.3,118.7,0.0,4.16,467
WE03810,Tornado,HIGH,41.1165,-112.0894,329,2026-02-27T02:04:07,2026-03-01T02:00:14.305647,25.6,33.7,147.3,3.7,2.02,198
WE03811,Heavy Rain,MEDIUM,37.9678,-82.3896,156,2025-04-11T08:04:27,2025-04-12T17:39:39.682665,39.1,77.6,181.4,6.2,1.71,43
WE03812,Ice,MEDIUM,34.7401,-98.3201,111,2024-09-21T01:33:43,2024-09-23T12:26:12.708493,32.1,182.4,104.3,1.8,1.97,89
WE03813,Fog,LOW,33.2591,-83.6952,59,2026-05-17T04:59:44,2026-05-17T11:15:55.804168,29.5,29.0,86.3,6.5,1.06,27
WE03814,Extreme Heat,HIGH,42.0075,-75.0414,293,2024-10-08T09:14:03,2024-10-09T12:50:13.697772,22.7,110.3,170.8,3.9,2.49,112
WE03815,Fog,LOW,38.9288,-84.1112,74,2025-04-01T09:03:48,2025-04-01T16:05:13.298364,29.2,194.9,129.5,6.8,1.03,17
WE03816,Extreme Heat,MEDIUM,41.3334,-84.1945,199,2024-05-31T14:54:21,2024-06-01T00:44:36.254432,37.0,100.1,187.7,0.0,1.94,42
WE03817,Snowstorm,MEDIUM,38.7301,-84.2045,156,2026-01-01T07:58:59,2026-01-02T08:18:11.016693,-4.8,51.0,85.7,7.8,1.73,67
WE03818,Extreme Wind,MEDIUM,34.0127,-96.9494,205,2024-07-17T18:06:11,2024-07-18T22:36:20.339985,2.2,157.0,40.0,0.9,1.75,38
WE03819,Heavy Rain,MEDIUM,44.9797,-95.4055,223,2025-02-05T19:14:23,2025-02-07T23:28:27.686153,23.7,74.7,8.9,0.0,1.71,83
WE03820,Thunderstorm,LOW,42.6094,-76.2218,79,2026-05-18T10:12:38,2026-05-20T12:36:44.103855,19.7,66.1,1.2,2.6,1.2,24
WE03821,Thunderstorm,LOW,49.2639,-123.6729,50,2024-10-11T09:16:58,2024-10-12T20:56:48.897750,3.6,123.8,77.8,9.5,1.13,29
WE03822,Tornado,CRITICAL,41.5432,-77.9474,303,2025-06-05T09:17:06,2025-06-05T19:01:47.926791,32.6,48.1,42.1,0.0,3.21,389
WE03823,Snowstorm,MEDIUM,28.816,-96.4558,131,2024-05-18T17:20:19,2024-05-20T17:33:35.527256,10.2,70.7,58.4,4.0,1.89,30
WE03824,Snowstorm,MEDIUM,39.1063,-118.5334,222,2024-12-11T06:12:41,2024-12-12T14:53:20.645966,36.5,139.1,73.5,2.2,1.53,68
WE03825,Ice,HIGH,32.6868,-95.353,400,2025-07-05T21:55:30,2025-07-06T15:45:51.156864,17.9,191.6,180.6,0.0,2.13,108
WE03826,Extreme Wind,LOW,43.2032,-72.213,104,2024-12-12T22:16:06,2024-12-15T13:47:37.353339,30.7,8.6,146.5,7.0,1.49,6
WE03827,Fog,LOW,30.5973,-90.3339,146,2025-04-22T00:58:07,2025-04-22T07:01:07.312757,-1.9,87.0,167.6,9.4,1.16,26
WE03828,Extreme Heat,LOW,43.6192,-80.1198,122,2025-10-15T04:21:12,2025-10-15T18:50:20.014468,11.2,68.0,96.9,9.1,1.0,24
WE03829,Ice,LOW,34.1015,-113.4343,110,2025-05-29T16:23:53,2025-06-01T15:20:50.021186,18.7,199.9,19.3,4.3,1.05,14
WE03830,Thunderstorm,HIGH,43.4391,-72.2587,457,2025-07-31T09:19:31,2025-08-02T15:47:27.626094,-6.5,129.1,40.5,0.0,2.33,118
WE03831,Fog,MEDIUM,36.6825,-84.6011,157,2025-02-08T18:21:08,2025-02-10T11:45:38.204738,8.1,55.0,190.7,1.0,1.72,62
WE03832,Thunderstorm,CRITICAL,46.0053,-76.7888,697,2026-06-28T15:39:28,2026-06-29T10:25:35.873212,15.5,150.7,199.8,0.0,3.16,241
WE03833,Thunderstorm,MEDIUM,36.144,-88.5973,269,2025-04-01T19:01:13,2025-04-04T01:04:04.244512,-13.9,138.8,131.2,0.0,1.76,68
WE03834,Snowstorm,MEDIUM,41.8801,-70.5074,221,2025-12-21T10:14:57,2025-12-22T03:33:45.242026,32.3,135.6,47.2,6.4,1.78,58
WE03835,Tornado,MEDIUM,37.3865,-95.6694,272,2024-07-01T23:12:41,2024-07-02T05:14:04.872443,15.1,152.4,81.0,0.0,1.92,44
WE03836,Hurricane,MEDIUM,29.7912,-87.8007,174,2025-12-31T22:52:29,2026-01-02T10:51:02.359549,12.7,185.7,182.5,0.0,1.67,53
WE03837,Heavy Rain,LOW,38.4106,-114.6128,112,2024-03-24T09:13:18,2024-03-27T06:10:29.261160,24.9,150.0,43.4,3.4,1.49,21
WE03838,Ice,HIGH,31.484,-90.9629,374,2026-06-25T13:14:19,2026-06-28T10:48:55.820546,44.1,83.3,117.4,0.0,2.44,132
WE03839,Heavy Rain,HIGH,37.008,-77.4758,319,2026-06-20T11:38:26,2026-06-23T11:02:59.068213,25.4,116.7,100.7,0.0,2.43,226
WE03840,Snowstorm,LOW,41.7944,-95.8325,74,2024-04-20T15:06:54,2024-04-21T07:01:06.030425,2.9,72.7,90.0,1.0,1.41,27
WE03841,Fog,CRITICAL,46.947,-124.9082,371,2026-01-03T13:37:32,2026-01-06T03:05:52.100530,-13.6,64.0,123.9,0.0,3.34,580
WE03842,Extreme Heat,LOW,31.378,-108.1289,142,2024-10-29T05:07:07,2024-10-30T11:32:30.691543,12.9,191.4,88.9,1.3,1.29,6
WE03843,Hurricane,MEDIUM,27.5477,-95.9514,288,2026-02-16T11:08:56,2026-02-18T06:25:09.950351,-10.6,145.6,57.7,4.3,1.63,45
WE03844,Heavy Rain,MEDIUM,24.6705,-80.0502,152,2024-07-05T03:03:42,2024-07-07T10:55:56.314648,3.6,97.6,8.5,6.5,1.72,58
WE03845,Extreme Heat,LOW,43.4685,-69.5531,112,2025-08-15T21:39:35,2025-08-17T05:02:50.364926,43.8,171.8,71.4,5.7,1.04,29
WE03846,Snowstorm,LOW,38.9863,-92.7412,57,2026-04-03T01:48:40,2026-04-05T00:50:17.613054,14.6,132.9,8.9,2.3,1.42,19
WE03847,Tornado,CRITICAL,47.4737,-92.6332,678,2025-04-08T11:30:31,2025-04-08T21:27:54.789755,35.4,16.8,51.5,1.4,3.15,436
WE03848,Tornado,CRITICAL,32.3903,-110.0444,748,2025-10-03T17:45:17,2025-10-05T15:34:26.281147,30.0,31.2,24.3,0.0,4.72,350
WE03849,Extreme Wind,HIGH,33.8019,-81.4318,233,2024-03-24T23:34:34,2024-03-27T19:25:29.434699,-13.3,16.2,166.1,3.9,2.35,178
WE03850,Snowstorm,HIGH,48.4384,-121.3043,459,2024-08-22T05:25:41,2024-08-24T21:59:20.284391,6.0,27.9,65.9,4.8,2.23,157
WE03851,Fog,MEDIUM,40.2303,-103.8416,128,2024-08-01T09:20:52,2024-08-02T07:15:56.492517,22.1,149.3,113.8,0.0,1.97,67
WE03852,Extreme Heat,MEDIUM,43.4124,-76.5908,144,2024-11-07T03:35:53,2024-11-08T02:15:52.637996,-6.0,44.1,142.4,1.2,1.8,62
WE03853,Thunderstorm,CRITICAL,40.1977,-89.5138,595,2025-06-16T07:39:33,2025-06-17T22:57:57.582913,9.9,188.7,23.7,0.0,3.05,320
WE03854,Ice,MEDIUM,36.515,-115.3699,119,2025-09-27T15:46:39,2025-09-30T03:32:02.401736,36.7,53.7,194.9,0.0,1.67,34
WE03855,Extreme Wind,LOW,34.2899,-82.7275,148,2026-06-03T12:54:15,2026-06-04T22:55:21.646441,-8.4,188.8,166.0,2.4,1.36,22
WE03856,Thunderstorm,HIGH,47.895,-123.4087,272,2025-12-11T19:29:58,2025-12-12T13:52:06.653175,28.4,28.2,137.5,0.0,2.35,97
WE03857,Extreme Heat,MEDIUM,43.916,-98.5142,236,2024-08-10T11:47:00,2024-08-11T12:18:13.757588,-19.9,74.2,91.5,0.0,1.82,46
WE03858,Tornado,HIGH,36.0867,-84.6067,422,2025-05-06T11:37:48,2025-05-09T00:33:44.855017,-0.3,196.9,165.7,0.0,2.05,216
WE03859,Hurricane,LOW,34.5319,-93.4098,114,2024-10-07T04:11:15,2024-10-07T10:57:23.096606,6.6,58.8,185.2,6.6,1.2,13
WE03860,Ice,LOW,34.2693,-89.2966,81,2024-05-05T12:52:11,2024-05-06T09:45:59.118656,31.1,81.8,114.0,5.3,1.47,14
WE03861,Tornado,MEDIUM,44.6859,-73.5504,253,2026-01-27T10:19:53,2026-01-29T02:23:07.543978,5.5,1.3,25.5,6.8,1.99,50
WE03862,Extreme Heat,HIGH,38.936,-75.5828,336,2025-05-31T17:19:28,2025-06-02T00:33:25.006808,27.7,3.5,96.8,0.0,2.08,164
WE03863,Fog,LOW,42.9792,-86.6777,68,2024-10-01T16:29:11,2024-10-04T09:23:43.465186,-2.6,83.3,25.5,1.4,1.12,24
WE03864,Extreme Heat,MEDIUM,37.0859,-87.5427,293,2025-05-01T20:55:24,2025-05-03T19:39:56.479140,24.0,169.5,93.1,7.7,1.59,38
WE03865,Snowstorm,HIGH,37.6314,-88.9275,473,2024-03-31T02:54:12,2024-04-02T02:59:07.015089,-15.4,11.9,71.6,2.9,2.71,150
WE03866,Extreme Wind,MEDIUM,36.3835,-104.3059,142,2024-01-08T07:43:55,2024-01-09T20:32:22.355475,28.0,54.5,122.2,3.5,1.86,30
WE03867,Extreme Heat,HIGH,39.4436,-122.9806,364,2025-12-03T05:45:57,2025-12-04T23:03:08.835665,38.4,121.0,135.9,0.0,2.82,210
WE03868,Heavy Rain,MEDIUM,49.5892,-120.311,228,2025-02-28T21:51:28,2025-03-03T03:37:30.502359,2.7,94.6,109.9,1.9,1.84,38
WE03869,Extreme Heat,CRITICAL,39.0979,-115.0499,378,2024-11-21T06:20:25,2024-11-23T03:51:47.341432,24.6,89.5,100.5,1.3,3.55,562
WE03870,Extreme Wind,HIGH,36.4073,-93.2434,429,2024-09-18T22:04:41,2024-09-20T14:11:51.142456,27.6,165.2,124.9,0.0,2.25,224
WE03871,Hurricane,MEDIUM,40.2401,-94.3002,122,2026-06-14T05:14:06,2026-06-16T20:23:56.962985,-8.6,57.8,183.9,7.5,1.73,31
WE03872,Hurricane,CRITICAL,30.6068,-99.8553,731,2024-09-03T02:53:21,2024-09-03T09:10:06.262591,-7.7,91.6,97.6,0.0,4.79,513
WE03873,Snowstorm,HIGH,41.5158,-75.6641,314,2026-01-30T12:45:24,2026-02-01T15:08:07.101700,4.2,176.5,166.0,0.0,2.81,172
WE03874,Ice,LOW,46.1641,-91.5564,124,2024-05-16T18:25:09,2024-05-17T08:23:15.965563,10.6,108.6,167.2,7.5,1.07,15
WE03875,Ice,MEDIUM,41.9765,-86.1715,115,2024-07-20T00:36:13,2024-07-22T05:03:30.723520,-10.0,73.3,162.3,3.2,1.96,35
WE03876,Hurricane,LOW,31.3396,-96.3231,103,2025-11-04T17:56:00,2025-11-07T04:11:39.574180,24.2,15.7,12.7,0.8,1.29,27
WE03877,Thunderstorm,HIGH,43.3243,-87.3026,472,2025-10-29T01:33:17,2025-10-31T01:34:54.834501,-18.3,7.6,50.8,2.0,2.75,124
WE03878,Extreme Wind,LOW,46.0346,-92.982,58,2025-09-18T15:35:56,2025-09-20T16:42:20.137913,3.6,16.4,14.5,3.8,1.02,29
WE03879,Ice,CRITICAL,30.2328,-108.4385,565,2025-10-28T11:13:40,2025-10-30T23:18:00.489368,32.3,40.5,71.4,0.0,3.08,355
WE03880,Heavy Rain,MEDIUM,37.6252,-81.5116,250,2026-01-11T14:46:20,2026-01-12T18:20:03.438912,3.3,1.1,186.3,1.5,1.53,32
WE03881,Tornado,LOW,43.1271,-70.8537,78,2025-08-18T11:04:19,2025-08-19T09:26:56.119259,31.4,93.2,124.5,5.1,1.25,19
WE03882,Tornado,LOW,36.3553,-84.229,62,2024-01-08T06:04:41,2024-01-08T17:04:37.416212,15.3,158.6,48.6,0.9,1.31,17
WE03883,Snowstorm,MEDIUM,38.023,-105.3499,146,2024-02-28T14:30:06,2024-03-02T09:45:30.981343,10.8,133.7,19.0,0.0,1.66,65
WE03884,Heavy Rain,LOW,32.2942,-107.2543,90,2026-04-09T04:51:28,2026-04-11T07:49:16.558564,42.3,178.2,45.4,5.1,1.41,28
WE03885,Extreme Wind,LOW,45.1907,-70.3595,80,2024-11-05T18:42:07,2024-11-07T13:06:01.443002,29.2,158.4,46.3,4.5,1.2,29
WE03886,Tornado,MEDIUM,36.3931,-85.4089,254,2025-08-02T14:13:42,2025-08-03T15:41:54.872496,22.8,110.6,0.1,4.7,1.58,54
WE03887,Fog,CRITICAL,37.4688,-78.362,524,2024-01-22T20:49:58,2024-01-25T17:23:41.431316,12.0,111.6,83.1,0.0,4.95,348
WE03888,Extreme Wind,MEDIUM,42.257,-76.11,285,2025-05-15T12:58:34,2025-05-16T11:44:11.178980,-5.5,185.2,39.4,0.7,1.54,75
WE03889,Snowstorm,HIGH,36.3702,-97.2918,279,2026-04-04T22:22:28,2026-04-06T17:54:41.797117,41.4,88.3,111.7,0.0,2.16,158
WE03890,Extreme Heat,HIGH,41.2792,-111.7665,264,2024-10-23T01:12:53,2024-10-24T11:09:40.552854,6.3,14.4,143.3,3.9,2.63,146
WE03891,Tornado,HIGH,30.116,-111.5428,401,2024-01-28T19:57:41,2024-01-30T03:25:00.895951,-3.8,195.1,167.2,1.3,2.68,149
WE03892,Tornado,MEDIUM,34.8619,-91.3669,108,2024-01-07T09:44:51,2024-01-07T18:11:51.128623,19.8,134.5,17.6,7.6,1.83,89
WE03893,Snowstorm,LOW,38.0399,-124.374,148,2025-01-21T12:47:54,2025-01-21T21:08:08.923024,-1.6,20.1,137.1,2.9,1.24,8
WE03894,Thunderstorm,LOW,33.493,-116.9254,77,2024-12-17T11:47:49,2024-12-17T21:16:03.354000,-0.7,5.9,111.5,4.3,1.45,13
WE03895,Fog,MEDIUM,32.2082,-92.1259,202,2025-06-18T22:17:24,2025-06-20T02:32:26.838613,-12.6,25.9,85.6,3.3,1.59,44
WE03896,Fog,LOW,35.3284,-81.645,145,2025-04-29T19:38:34,2025-04-30T01:30:22.712163,32.0,1.5,27.5,5.7,1.12,15
WE03897,Tornado,HIGH,40.2641,-77.1964,347,2024-07-19T06:53:19,2024-07-19T18:09:19.926390,43.4,119.5,170.5,0.0,2.64,169
WE03898,Tornado,LOW,39.2655,-83.476,62,2024-06-08T13:14:24,2024-06-10T04:51:30.770242,29.9,14.9,54.1,4.7,1.15,15
WE03899,Fog,LOW,38.0802,-100.1557,73,2025-08-18T19:47:53,2025-08-21T03:29:29.974404,-14.4,48.7,97.3,4.9,1.36,26
WE03900,Extreme Wind,LOW,41.8053,-80.9077,55,2026-02-20T21:44:38,2026-02-21T20:55:11.130385,-0.1,151.6,99.4,6.7,1.07,29
WE03901,Tornado,CRITICAL,34.0132,-92.6025,716,2025-04-20T12:47:52,2025-04-21T08:50:21.918085,31.4,191.8,187.2,0.3,3.55,268
WE03902,Thunderstorm,LOW,41.3405,-78.2093,97,2024-09-16T10:57:50,2024-09-17T23:12:10.011016,-4.4,95.8,68.7,8.1,1.08,25
WE03903,Heavy Rain,LOW,32.3933,-79.6034,146,2024-04-11T10:04:35,2024-04-12T12:07:59.338713,-5.2,84.4,2.5,6.0,1.41,15
WE03904,Snowstorm,HIGH,45.9628,-93.5696,440,2024-03-12T00:30:13,2024-03-14T00:19:04.880128,-15.4,145.3,88.9,0.0,2.94,120
WE03905,Extreme Heat,MEDIUM,35.6694,-81.555,105,2025-04-08T05:47:08,2025-04-10T18:16:38.567483,39.5,147.9,35.5,4.8,1.53,44
WE03906,Extreme Wind,LOW,35.9266,-83.2393,101,2025-03-27T18:50:45,2025-03-28T22:19:41.057956,11.5,190.3,167.1,0.3,1.15,16
WE03907,Hurricane,HIGH,31.1021,-79.0111,410,2025-12-09T06:09:53,2025-12-12T05:19:31.052664,7.7,82.4,21.6,0.0,2.81,149
WE03908,Ice,LOW,37.9502,-83.2901,90,2026-03-19T05:45:28,2026-03-20T21:33:42.879612,24.8,67.3,121.9,2.1,1.46,17
WE03909,Heavy Rain,MEDIUM,36.6803,-117.2581,110,2026-03-25T04:31:19,2026-03-25T19:51:32.369056,14.2,130.0,92.1,0.0,1.93,42
WE03910,Extreme Wind,MEDIUM,28.6987,-81.6268,159,2025-06-08T19:24:26,2025-06-11T10:16:19.446822,-4.9,87.5,33.7,7.6,1.61,87
WE03911,Snowstorm,MEDIUM,48.9325,-116.4342,169,2025-11-04T16:12:41,2025-11-06T10:26:03.497839,39.5,71.8,103.4,0.1,1.6,63
WE03912,Ice,MEDIUM,43.5107,-85.1667,164,2024-07-26T20:01:53,2024-07-27T09:04:35.034074,4.4,3.0,92.1,7.3,1.59,80
WE03913,Extreme Wind,MEDIUM,42.7301,-73.5836,133,2025-06-16T10:00:22,2025-06-18T13:35:29.666282,-3.4,123.4,95.3,0.3,1.98,89
WE03914,Ice,MEDIUM,37.9927,-76.4111,137,2026-01-31T11:11:09,2026-02-02T17:05:13.719775,-8.7,70.5,110.9,0.0,1.77,68
WE03915,Fog,MEDIUM,33.3986,-106.5492,165,2025-07-12T01:50:37,2025-07-14T09:36:37.470956,4.7,30.0,11.0,1.3,1.83,76
WE03916,Fog,MEDIUM,39.3597,-99.7735,279,2024-10-19T17:01:54,2024-10-21T10:59:30.687570,-13.5,119.7,109.8,2.9,1.66,39
WE03917,Snowstorm,MEDIUM,43.8414,-82.606,267,2024-09-13T03:18:09,2024-09-14T12:31:57.961517,4.2,11.7,90.1,6.6,1.86,75
WE03918,Heavy Rain,MEDIUM,42.0689,-76.8271,231,2025-09-18T15:31:50,2025-09-20T12:50:44.799178,3.5,196.2,93.5,1.8,1.73,88
WE03919,Tornado,LOW,39.6235,-86.9858,136,2024-01-30T17:01:18,2024-02-01T18:46:57.411741,1.5,199.5,140.9,4.5,1.5,21
WE03920,Extreme Heat,MEDIUM,34.7057,-114.0259,257,2024-12-20T20:03:03,2024-12-23T11:02:25.743670,-17.6,106.5,11.3,5.0,1.95,74
WE03921,Thunderstorm,MEDIUM,38.2268,-80.796,268,2024-12-14T11:18:23,2024-12-15T04:51:08.032423,17.7,179.6,96.8,2.2,1.66,73
WE03922,Extreme Heat,MEDIUM,44.911,-67.934,172,2024-07-22T19:42:21,2024-07-25T03:32:07.706602,-17.7,4.3,105.3,0.0,1.73,32
WE03923,Ice,LOW,33.4177,-83.4757,84,2024-11-24T01:44:32,2024-11-25T01:01:52.982991,44.4,64.4,93.6,0.4,1.06,13
WE03924,Thunderstorm,LOW,30.3444,-115.6556,127,2024-02-04T00:59:09,2024-02-04T05:05:15.406004,1.9,44.9,74.5,3.0,1.09,9
WE03925,Ice,MEDIUM,29.2678,-108.9927,234,2026-02-22T22:06:09,2026-02-23T01:34:00.754914,19.6,18.2,156.4,0.0,1.83,72
WE03926,Tornado,HIGH,39.5916,-93.7761,228,2024-09-19T12:12:28,2024-09-20T02:34:11.452261,38.4,136.3,29.6,0.0,2.99,140
WE03927,Fog,LOW,44.1992,-81.6399,91,2024-07-10T07:48:41,2024-07-11T09:49:17.710102,37.4,139.9,174.3,1.1,1.19,16
WE03928,Heavy Rain,HIGH,35.2003,-94.3803,472,2025-07-23T11:31:11,2025-07-24T19:40:41.758158,23.2,4.6,36.6,0.0,2.27,168
WE03929,Extreme Heat,CRITICAL,40.7577,-69.4965,399,2024-02-28T01:00:34,2024-02-29T14:18:50.132520,18.6,181.4,91.2,0.0,4.55,368
WE03930,Snowstorm,HIGH,36.9725,-98.3009,257,2025-08-05T20:11:15,2025-08-08T13:29:08.979399,42.9,111.9,192.5,0.0,2.04,215
WE03931,Extreme Wind,LOW,30.2597,-98.2966,62,2025-02-01T08:30:41,2025-02-03T09:54:12.449282,25.0,134.3,127.6,5.3,1.42,23
WE03932,Hurricane,CRITICAL,42.2399,-94.1576,374,2026-04-10T16:18:26,2026-04-11T18:06:46.388392,-10.9,41.8,89.4,1.6,3.48,355
WE03933,Hurricane,MEDIUM,43.6102,-72.7557,160,2024-03-16T11:27:11,2024-03-18T16:56:14.375581,28.6,189.3,112.8,4.2,1.62,48
WE03934,Fog,LOW,36.3851,-77.5424,104,2024-03-15T12:05:32,2024-03-15T20:29:47.475365,43.9,126.7,56.1,7.7,1.19,27
WE03935,Extreme Heat,LOW,40.2536,-85.2632,55,2024-06-16T22:45:41,2024-06-17T13:31:03.948453,32.9,141.5,179.5,1.5,1.16,20
WE03936,Tornado,HIGH,38.2913,-92.5038,387,2024-01-31T16:01:35,2024-02-03T07:11:59.624738,-10.1,123.8,29.5,2.6,2.97,183
WE03937,Extreme Wind,LOW,45.1754,-118.1765,142,2024-03-15T22:19:59,2024-03-17T03:05:54.245701,-19.4,32.0,187.1,9.5,1.07,5
WE03938,Tornado,LOW,31.5287,-88.9461,133,2024-06-28T20:57:27,2024-06-29T03:36:54.932483,42.6,139.1,110.8,7.8,1.29,13
WE03939,Heavy Rain,HIGH,45.9205,-96.8229,312,2025-10-09T10:31:09,2025-10-09T21:56:46.161206,-18.1,145.8,173.8,0.0,2.37,224
WE03940,Ice,HIGH,36.9884,-96.8149,360,2025-11-21T05:14:14,2025-11-24T01:41:20.991929,36.9,3.1,15.0,0.0,2.63,209
WE03941,Fog,HIGH,40.0868,-71.2907,223,2025-08-13T16:53:16,2025-08-16T06:11:46.514939,10.1,11.2,15.0,3.0,2.5,122
WE03942,Extreme Wind,HIGH,37.6981,-82.6977,255,2024-07-10T23:57:28,2024-07-12T12:32:41.699763,43.6,160.3,191.9,1.7,2.62,208
WE03943,Snowstorm,MEDIUM,31.6851,-115.777,252,2026-04-30T04:09:58,2026-04-30T10:37:13.592861,-0.6,94.3,61.9,3.6,1.56,62
WE03944,Snowstorm,MEDIUM,42.2326,-90.0882,139,2025-01-27T14:45:59,2025-01-28T03:33:02.716958,10.2,103.1,49.7,7.0,1.65,79
WE03945,Fog,LOW,36.6131,-106.9718,93,2026-01-06T22:46:38,2026-01-08T11:43:27.548588,43.7,17.4,83.3,3.4,1.25,12
WE03946,Thunderstorm,LOW,39.6031,-109.7261,138,2024-08-25T20:59:31,2024-08-28T14:47:01.243036,25.6,184.3,42.9,5.9,1.35,17
WE03947,Snowstorm,HIGH,35.011,-88.9589,233,2024-11-15T05:24:20,2024-11-17T03:30:34.415799,28.6,129.7,108.2,0.0,2.99,215
WE03948,Heavy Rain,LOW,40.7245,-76.4851,100,2024-01-15T10:53:55,2024-01-17T02:58:32.804036,-18.1,14.7,127.3,3.4,1.36,22
WE03949,Ice,LOW,46.7258,-121.6331,103,2025-04-12T18:26:06,2025-04-15T12:16:02.888360,-10.3,146.5,118.6,1.1,1.18,26
WE03950,Ice,CRITICAL,37.9432,-85.4234,380,2025-10-15T19:13:30,2025-10-17T12:23:48.940596,8.4,98.5,1.2,0.0,3.81,406
WE03951,Extreme Wind,HIGH,37.751,-81.0399,371,2024-06-05T20:48:05,2024-06-06T09:47:26.000394,-7.3,199.7,38.9,0.7,2.31,93
WE03952,Tornado,MEDIUM,40.7193,-97.0245,213,2026-03-19T06:32:03,2026-03-21T15:09:02.445680,9.6,175.8,17.7,2.7,1.96,66
WE03953,Tornado,MEDIUM,47.8131,-122.9743,212,2025-02-23T09:28:39,2025-02-23T22:50:23.602002,40.2,175.0,7.2,4.5,1.55,87
WE03954,Thunderstorm,LOW,39.7683,-85.313,140,2024-08-01T01:49:36,2024-08-03T23:24:17.099325,33.7,119.8,17.1,0.3,1.13,15
WE03955,Fog,LOW,45.0604,-70.5383,57,2025-10-12T14:57:20,2025-10-14T04:30:00.531488,-0.8,58.0,51.9,3.6,1.15,22
WE03956,Ice,CRITICAL,39.1939,-105.9944,339,2024-06-11T23:29:10,2024-06-14T06:52:41.479058,23.5,135.8,104.0,0.0,3.56,436
WE03957,Extreme Wind,MEDIUM,30.8043,-85.9479,255,2026-03-05T17:15:47,2026-03-06T07:18:27.938170,37.5,43.6,160.1,2.4,1.74,57
WE03958,Hurricane,MEDIUM,39.3582,-107.3374,251,2024-07-01T21:27:46,2024-07-04T10:18:26.390154,9.5,187.4,176.6,3.8,1.78,59
WE03959,Extreme Heat,LOW,31.0563,-97.7144,95,2025-03-15T04:04:20,2025-03-17T08:41:12.746037,16.7,115.7,76.3,7.7,1.34,6
WE03960,Fog,HIGH,36.6267,-112.2662,255,2024-06-26T02:41:45,2024-06-26T10:54:47.814599,42.1,114.8,170.5,3.7,2.62,173
WE03961,Fog,HIGH,48.9592,-117.4913,303,2024-06-14T01:47:53,2024-06-14T12:05:31.821758,-11.7,193.7,56.8,2.8,2.26,184
WE03962,Thunderstorm,MEDIUM,45.8685,-89.9653,198,2026-02-12T05:03:26,2026-02-12T22:59:31.240016,-12.3,177.2,134.8,0.7,1.67,48
WE03963,Heavy Rain,LOW,40.8449,-87.1204,119,2024-11-04T14:05:03,2024-11-06T16:01:34.569983,-16.3,108.9,115.8,9.2,1.26,18
WE03964,Thunderstorm,CRITICAL,36.0034,-117.6313,389,2024-11-06T07:11:48,2024-11-08T13:45:52.148811,33.5,71.9,171.3,1.8,4.8,440
WE03965,Snowstorm,CRITICAL,31.8403,-97.9007,554,2025-02-12T13:07:25,2025-02-12T16:22:55.624812,39.3,154.2,187.0,0.0,4.07,442
WE03966,Extreme Heat,LOW,49.0791,-115.3118,74,2026-03-23T16:18:01,2026-03-25T04:55:54.899474,8.9,84.9,0.5,9.2,1.26,8
WE03967,Heavy Rain,MEDIUM,37.2328,-95.3461,225,2024-11-09T06:55:17,2024-11-10T23:06:44.716108,-15.3,27.9,134.7,0.0,1.95,44
WE03968,Snowstorm,MEDIUM,44.3498,-118.5865,141,2025-07-10T00:17:35,2025-07-10T04:30:49.095811,40.2,113.0,43.0,3.8,1.6,55
WE03969,Tornado,HIGH,23.135,-77.2409,430,2025-09-28T12:49:10,2025-10-01T05:34:10.285434,-8.2,167.4,23.9,0.0,2.49,105
WE03970,Extreme Wind,MEDIUM,41.5109,-75.2024,245,2025-04-03T19:29:27,2025-04-06T07:04:58.724694,-5.0,39.6,151.2,0.0,1.99,64
WE03971,Fog,HIGH,40.2664,-75.1548,279,2024-09-06T03:09:40,2024-09-07T05:23:44.259937,35.0,60.4,1.8,0.1,2.76,221
WE03972,Extreme Wind,LOW,26.9973,-83.8872,124,2024-03-02T05:09:04,2024-03-03T17:38:11.733472,9.9,7.2,156.4,9.8,1.33,24
WE03973,Snowstorm,MEDIUM,33.1121,-91.2747,138,2026-05-01T12:05:39,2026-05-01T23:16:46.470380,24.3,85.9,104.6,0.8,1.95,34
WE03974,Fog,MEDIUM,31.369,-79.4799,279,2026-02-10T01:26:41,2026-02-12T17:57:17.877016,17.3,124.0,80.1,6.3,1.63,72
WE03975,Extreme Heat,LOW,33.3482,-108.861,63,2024-11-18T15:23:34,2024-11-19T08:36:28.261518,27.4,58.8,29.5,4.3,1.42,24
WE03976,Extreme Wind,LOW,31.1009,-121.1012,78,2026-01-16T16:27:02,2026-01-19T07:22:19.076070,26.9,179.1,151.4,4.1,1.14,21
WE03977,Ice,LOW,29.9703,-94.2827,86,2025-05-28T13:47:46,2025-05-29T05:27:57.797158,20.6,19.8,199.0,0.8,1.24,22
WE03978,Thunderstorm,MEDIUM,29.3485,-91.3319,240,2024-12-30T06:59:24,2024-12-31T02:29:18.299841,-2.0,69.9,111.6,0.0,1.62,76
WE03979,Extreme Wind,MEDIUM,41.7915,-72.8095,192,2024-01-05T06:04:48,2024-01-05T17:10:54.400765,-3.1,29.3,197.8,0.0,1.7,63
WE03980,Snowstorm,CRITICAL,36.5839,-83.9747,735,2024-01-20T19:19:55,2024-01-22T12:09:31.725688,-2.2,184.5,11.5,0.0,3.61,387
WE03981,Fog,MEDIUM,47.511,-98.3707,195,2024-05-18T06:15:58,2024-05-18T19:16:36.670776,1.1,88.5,59.8,6.3,1.63,50
WE03982,Tornado,MEDIUM,43.5868,-67.8753,159,2024-06-20T13:09:46,2024-06-21T08:52:41.663327,11.0,150.1,101.8,7.6,1.88,44
WE03983,Hurricane,MEDIUM,26.8735,-94.9235,271,2026-06-10T21:57:59,2026-06-13T04:42:41.542060,17.5,133.9,92.7,7.4,1.88,51
WE03984,Ice,CRITICAL,37.8131,-77.3686,399,2026-02-06T13:32:00,2026-02-07T19:03:05.921704,21.9,125.6,117.2,0.0,3.58,529
WE03985,Heavy Rain,LOW,36.7851,-83.7772,106,2024-08-19T16:30:34,2024-08-20T03:34:26.856892,-18.4,70.4,164.5,4.4,1.26,18
WE03986,Fog,HIGH,42.6131,-72.448,381,2024-05-19T22:31:31,2024-05-20T03:20:18.814146,-16.2,41.2,31.0,2.4,2.76,239
WE03987,Extreme Heat,MEDIUM,48.4217,-110.2393,100,2026-03-05T21:45:29,2026-03-07T19:37:18.530747,14.5,84.2,160.1,1.2,1.78,33
WE03988,Extreme Heat,LOW,35.0482,-88.6392,62,2024-04-26T14:00:00,2024-04-28T10:08:07.417258,36.5,132.7,79.8,6.4,1.0,27
WE03989,Ice,MEDIUM,40.8523,-81.5674,213,2024-06-06T08:22:57,2024-06-08T23:50:17.663164,17.0,57.2,111.1,0.0,1.66,50
WE03990,Hurricane,LOW,40.2526,-77.585,125,2025-02-01T12:20:56,2025-02-02T15:18:44.992027,19.7,22.9,90.0,1.3,1.45,8
WE03991,Fog,HIGH,41.528,-91.8058,208,2024-12-25T02:16:48,2024-12-26T06:38:22.165967,36.1,45.9,114.2,0.1,2.76,116
WE03992,Heavy Rain,CRITICAL,42.81,-69.8025,525,2025-12-10T12:55:12,2025-12-10T17:27:43.658771,0.4,139.7,26.2,0.0,4.34,505
WE03993,Ice,LOW,40.7217,-71.2255,103,2025-04-04T20:30:24,2025-04-05T04:52:22.886637,27.7,0.9,66.6,0.9,1.08,23
WE03994,Ice,MEDIUM,32.4701,-85.1172,242,2025-02-14T07:17:40,2025-02-16T13:26:04.216939,29.8,30.7,54.6,0.0,1.61,30
WE03995,Extreme Wind,HIGH,35.4476,-95.2169,388,2025-12-22T05:30:52,2025-12-22T16:27:59.146803,24.4,22.8,99.8,0.0,2.34,159
WE03996,Heavy Rain,MEDIUM,35.888,-118.6176,248,2024-03-18T19:07:30,2024-03-19T12:01:10.676576,32.3,62.4,14.0,0.0,1.76,74
WE03997,Ice,CRITICAL,28.0428,-90.786,321,2024-06-04T01:08:45,2024-06-06T10:34:57.210856,7.9,190.6,77.0,0.0,3.85,324
WE03998,Ice,LOW,38.923,-83.8539,87,2024-09-28T09:21:19,2024-09-29T05:50:11.765546,-12.2,168.5,185.8,7.5,1.15,14
WE03999,Snowstorm,MEDIUM,41.8871,-83.5565,209,2024-03-02T06:35:53,2024-03-03T02:22:22.484570,-6.8,106.0,140.3,7.7,1.88,79
WE04000,Thunderstorm,LOW,41.8671,-86.2562,96,2025-03-27T09:07:46,2025-03-29T05:02:49.506678,-11.1,31.7,18.1,8.2,1.21,11
